"age_band","pfpr_pct","reference_pfpr_pct","log_hazard_ratio","standard_error","lower_95","upper_95","central_95_support","pfpr_p025","pfpr_p975","fit_signature"
"<1",0.0164865959077473,20,0.0309781751513938,0.0146346147140519,0.00229433031185205,0.0596620199909356,FALSE,1.76782403096607,67.5343293391306,"83a8890c9bd54b31ca0a35c09670b06c2135cbfd5512632ef57454e326b2680b"
"<1",0.25334245061511,20,0.0306105595152262,0.0144599719784507,0.00226901443746269,0.0589521045929896,FALSE,1.76782403096607,67.5343293391306,"83a8890c9bd54b31ca0a35c09670b06c2135cbfd5512632ef57454e326b2680b"
"<1",0.490198305322473,20,0.0302429442541569,0.014285335161561,0.00224368733749735,0.0582422011708164,FALSE,1.76782403096607,67.5343293391306,"83a8890c9bd54b31ca0a35c09670b06c2135cbfd5512632ef57454e326b2680b"
"<1",0.727054160029836,20,0.0298753297432843,0.0141107054222257,0.002218347115722,0.0575323123708467,FALSE,1.76782403096607,67.5343293391306,"83a8890c9bd54b31ca0a35c09670b06c2135cbfd5512632ef57454e326b2680b"
"<1",0.963910014737199,20,0.029507716357707,0.0139360839104264,0.00219299189327131,0.0568224408221427,FALSE,1.76782403096607,67.5343293391306,"83a8890c9bd54b31ca0a35c09670b06c2135cbfd5512632ef57454e326b2680b"
"<1",1.20076586944456,20,0.0291401044725231,0.0137614717668059,0.00216761980958358,0.0561125891354626,FALSE,1.76782403096607,67.5343293391306,"83a8890c9bd54b31ca0a35c09670b06c2135cbfd5512632ef57454e326b2680b"
"<1",1.43762172415192,20,0.0287724944628312,0.013586870122191,0.00214222902333681,0.0554027599023255,FALSE,1.76782403096607,67.5343293391306,"83a8890c9bd54b31ca0a35c09670b06c2135cbfd5512632ef57454e326b2680b"
"<1",1.67447757885929,20,0.0284048867037295,0.0134122800971141,0.0021168177133858,0.0546929556940732,FALSE,1.76782403096607,67.5343293391306,"83a8890c9bd54b31ca0a35c09670b06c2135cbfd5512632ef57454e326b2680b"
"<1",1.76782403096607,20,0.0282600107655608,0.0133434764542076,0.00210679691531397,0.0544132246158076,TRUE,1.76782403096607,67.5343293391306,"83a8890c9bd54b31ca0a35c09670b06c2135cbfd5512632ef57454e326b2680b"
"<1",1.91133343356665,20,0.0280372815703165,0.0132377028013347,0.00209138407970049,0.0539831790609326,TRUE,1.76782403096607,67.5343293391306,"83a8890c9bd54b31ca0a35c09670b06c2135cbfd5512632ef57454e326b2680b"
"<1",2.14818928827401,20,0.0276696794376906,0.0130631393333598,0.00206592634430532,0.0532734325310759,TRUE,1.76782403096607,67.5343293391306,"83a8890c9bd54b31ca0a35c09670b06c2135cbfd5512632ef57454e326b2680b"
"<1",2.38504514298138,20,0.0273020806809501,0.0128885907799644,0.00204044275221989,0.0525637186096803,TRUE,1.76782403096607,67.5343293391306,"83a8890c9bd54b31ca0a35c09670b06c2135cbfd5512632ef57454e326b2680b"
"<1",2.62190099768874,20,0.0269344856751934,0.0127140582157105,0.00201493157240076,0.0518540397779861,TRUE,1.76782403096607,67.5343293391306,"83a8890c9bd54b31ca0a35c09670b06c2135cbfd5512632ef57454e326b2680b"
"<1",2.8587568523961,20,0.026566894795519,0.0125395427024666,0.00198939109868447,0.0511443984923534,TRUE,1.76782403096607,67.5343293391306,"83a8890c9bd54b31ca0a35c09670b06c2135cbfd5512632ef57454e326b2680b"
"<1",3.09561270710346,20,0.026199308417025,0.0123650452889251,0.0019638196507319,0.0504347971833182,TRUE,1.76782403096607,67.5343293391306,"83a8890c9bd54b31ca0a35c09670b06c2135cbfd5512632ef57454e326b2680b"
"<1",3.33246856181083,20,0.0258317269148101,0.0121905670101206,0.00193821557497381,0.0497252382546465,TRUE,1.76782403096607,67.5343293391306,"83a8890c9bd54b31ca0a35c09670b06c2135cbfd5512632ef57454e326b2680b"
"<1",3.56932441651819,20,0.0254641506639725,0.0120161088869464,0.00191257724555769,0.0490157240823874,TRUE,1.76782403096607,67.5343293391306,"83a8890c9bd54b31ca0a35c09670b06c2135cbfd5512632ef57454e326b2680b"
"<1",3.80618027122555,20,0.0250965800396107,0.0118416719256708,0.001886903065296,0.0483062570139254,TRUE,1.76782403096607,67.5343293391306,"83a8890c9bd54b31ca0a35c09670b06c2135cbfd5512632ef57454e326b2680b"
"<1",4.04303612593292,20,0.0247290154168229,0.0116672571174527,0.00186119146661562,0.0475968393670303,TRUE,1.76782403096607,67.5343293391306,"83a8890c9bd54b31ca0a35c09670b06c2135cbfd5512632ef57454e326b2680b"
"<1",4.27989198064028,20,0.0243614571707077,0.0114928654378566,0.00183544091250878,0.0468874734289065,TRUE,1.76782403096607,67.5343293391306,"83a8890c9bd54b31ca0a35c09670b06c2135cbfd5512632ef57454e326b2680b"
"<1",4.51674783534764,20,0.0239939056763633,0.0113184978463663,0.00180964989748525,0.0461781614552413,TRUE,1.76782403096607,67.5343293391306,"83a8890c9bd54b31ca0a35c09670b06c2135cbfd5512632ef57454e326b2680b"
"<1",4.753603690055,20,0.0236263613088882,0.0111441552858991,0.00178381694852593,0.0454689056692504,TRUE,1.76782403096607,67.5343293391306,"83a8890c9bd54b31ca0a35c09670b06c2135cbfd5512632ef57454e326b2680b"
"<1",4.99045954476237,20,0.0232588244433807,0.0109698386823178,0.00175794062603788,0.0447597082607235,TRUE,1.76782403096607,67.5343293391306,"83a8890c9bd54b31ca0a35c09670b06c2135cbfd5512632ef57454e326b2680b"
"<1",5.22731539946973,20,0.0228912954549392,0.0107955489439431,0.00173201952481069,0.0440505713850677,TRUE,1.76782403096607,67.5343293391306,"83a8890c9bd54b31ca0a35c09670b06c2135cbfd5512632ef57454e326b2680b"
"<1",5.46417125417709,20,0.0225237747186621,0.0106212869610652,0.00170605227497427,0.04334149716235,TRUE,1.76782403096607,67.5343293391306,"83a8890c9bd54b31ca0a35c09670b06c2135cbfd5512632ef57454e326b2680b"
"<1",5.70102710888446,20,0.0221562626096478,0.0104470536054539,0.0016800375429581,0.0426324876763376,TRUE,1.76782403096607,67.5343293391306,"83a8890c9bd54b31ca0a35c09670b06c2135cbfd5512632ef57454e326b2680b"
"<1",5.93788296359182,20,0.0217887595029947,0.0102728497298688,0.00165397403245182,0.0419235449735375,TRUE,1.76782403096607,67.5343293391306,"83a8890c9bd54b31ca0a35c09670b06c2135cbfd5512632ef57454e326b2680b"
"<1",6.17473881829918,20,0.0214212657738011,0.0100986761675682,0.00162786048536738,0.0412146710622348,TRUE,1.76782403096607,67.5343293391306,"83a8890c9bd54b31ca0a35c09670b06c2135cbfd5512632ef57454e326b2680b"
"<1",6.41159467300655,20,0.0210537817971654,0.00992453373181787,0.00160169568280241,0.0405058679115285,TRUE,1.76782403096607,67.5343293391306,"83a8890c9bd54b31ca0a35c09670b06c2135cbfd5512632ef57454e326b2680b"
"<1",6.64845052771391,20,0.0206863079481861,0.00975042321539838,0.00157547844600528,0.0397971374503669,TRUE,1.76782403096607,67.5343293391306,"83a8890c9bd54b31ca0a35c09670b06c2135cbfd5512632ef57454e326b2680b"
"<1",6.88530638242127,20,0.0203188446019614,0.00957634539011229,0.00154920763734134,0.0390884815665815,TRUE,1.76782403096607,67.5343293391306,"83a8890c9bd54b31ca0a35c09670b06c2135cbfd5512632ef57454e326b2680b"
"<1",7.12216223712863,20,0.0199513921335898,0.00940230100629034,0.00152288216126079,0.0383799021059189,TRUE,1.76782403096607,67.5343293391306,"83a8890c9bd54b31ca0a35c09670b06c2135cbfd5512632ef57454e326b2680b"
"<1",7.359018091836,20,0.0195839509181697,0.00922829079229688,0.00149650096526783,0.0376714008710716,TRUE,1.76782403096607,67.5343293391306,"83a8890c9bd54b31ca0a35c09670b06c2135cbfd5512632ef57454e326b2680b"
"<1",7.59587394654336,20,0.0192165213307994,0.00905431545403474,0.00147006304089131,0.0369629796207075,TRUE,1.76782403096607,67.5343293391306,"83a8890c9bd54b31ca0a35c09670b06c2135cbfd5512632ef57454e326b2680b"
"<1",7.83272980125072,20,0.0188491037465773,0.00888037567444927,0.00144356742465676,0.0362546400684979,TRUE,1.76782403096607,67.5343293391306,"83a8890c9bd54b31ca0a35c09670b06c2135cbfd5512632ef57454e326b2680b"
"<1",8.06958565595808,20,0.0184816985406018,0.00870647211303165,0.00141701319905981,0.0355463838821439,TRUE,1.76782403096607,67.5343293391306,"83a8890c9bd54b31ca0a35c09670b06c2135cbfd5512632ef57454e326b2680b"
"<1",8.30644151066545,20,0.0181143060879713,0.0085326054053216,0.001390399493541,0.0348382126824017,TRUE,1.76782403096607,67.5343293391306,"83a8890c9bd54b31ca0a35c09670b06c2135cbfd5512632ef57454e326b2680b"
"<1",8.54329736537281,20,0.0177469267637842,0.00835877616240929,0.001363725485462,0.0341301280421064,TRUE,1.76782403096607,67.5343293391306,"83a8890c9bd54b31ca0a35c09670b06c2135cbfd5512632ef57454e326b2680b"
"<1",8.78015322008017,20,0.0173795609431388,0.00818498497043658,0.00133699040108311,0.0334221314851945,TRUE,1.76782403096607,67.5343293391306,"83a8890c9bd54b31ca0a35c09670b06c2135cbfd5512632ef57454e326b2680b"
"<1",9.01700907478754,20,0.0170122090011336,0.00801123239009764,0.00131019351654218,0.0327142244857249,TRUE,1.76782403096607,67.5343293391306,"83a8890c9bd54b31ca0a35c09670b06c2135cbfd5512632ef57454e326b2680b"
"<1",9.2538649294949,20,0.0166448713128668,0.00783751895613879,0.00128333415883477,0.0320064084668988,TRUE,1.76782403096607,67.5343293391306,"83a8890c9bd54b31ca0a35c09670b06c2135cbfd5512632ef57454e326b2680b"
"<1",9.49072078420226,20,0.0162775482534369,0.00766384517685778,0.00125641170679568,0.0312986848000782,TRUE,1.76782403096607,67.5343293391306,"83a8890c9bd54b31ca0a35c09670b06c2135cbfd5512632ef57454e326b2680b"
"<1",9.72757663890962,20,0.0159102401979423,0.00749021153360236,0.0012294255920817,0.030591054803803,TRUE,1.76782403096607,67.5343293391306,"83a8890c9bd54b31ca0a35c09670b06c2135cbfd5512632ef57454e326b2680b"
"<1",9.96443249361699,20,0.0155429475214814,0.00731661848026827,0.00120237530015559,0.0298835197428072,TRUE,1.76782403096607,67.5343293391306,"83a8890c9bd54b31ca0a35c09670b06c2135cbfd5512632ef57454e326b2680b"
"<1",10.2012883483244,20,0.0151756705991525,0.00714306644279652,0.00117526037127132,0.0291760808270337,TRUE,1.76782403096607,67.5343293391306,"83a8890c9bd54b31ca0a35c09670b06c2135cbfd5512632ef57454e326b2680b"
"<1",10.4381442030317,20,0.014808409806054,0.00696955581867017,0.00114808040146046,0.0284687392106475,TRUE,1.76782403096607,67.5343293391306,"83a8890c9bd54b31ca0a35c09670b06c2135cbfd5512632ef57454e326b2680b"
"<1",10.6750000577391,20,0.0144411655172843,0.0067960869764105,0.00112083504351973,0.0277614959910489,TRUE,1.76782403096607,67.5343293391306,"83a8890c9bd54b31ca0a35c09670b06c2135cbfd5512632ef57454e326b2680b"
"<1",10.9118559124464,20,0.0140739381079418,0.00662266025507255,0.00109352400799962,0.027054352207884,TRUE,1.76782403096607,67.5343293391306,"83a8890c9bd54b31ca0a35c09670b06c2135cbfd5512632ef57454e326b2680b"
"<1",11.1487117671538,20,0.0137067279531249,0.00644927596374018,0.00106614706419411,0.0263473088420556,TRUE,1.76782403096607,67.5343293391306,"83a8890c9bd54b31ca0a35c09670b06c2135cbfd5512632ef57454e326b2680b"
"<1",11.3855676218612,20,0.0133395354279319,0.00627593438102061,0.00103870404113146,0.0256403668147323,TRUE,1.76782403096607,67.5343293391306,"83a8890c9bd54b31ca0a35c09670b06c2135cbfd5512632ef57454e326b2680b"
"<1",11.6224234765685,20,0.0129723609074612,0.00610263575453843,0.00101119482856588,0.0249335269863565,TRUE,1.76782403096607,67.5343293391306,"83a8890c9bd54b31ca0a35c09670b06c2135cbfd5512632ef57454e326b2680b"
"<1",11.8592793312759,20,0.0126052047668112,0.00592938030042909,0.000983619377970209,0.0242267901556522,TRUE,1.76782403096607,67.5343293391306,"83a8890c9bd54b31ca0a35c09670b06c2135cbfd5512632ef57454e326b2680b"
"<1",12.0961351859833,20,0.0122380673810804,0.00575616820283209,0.000955977703529466,0.0235201570586313,TRUE,1.76782403096607,67.5343293391306,"83a8890c9bd54b31ca0a35c09670b06c2135cbfd5512632ef57454e326b2680b"
"<1",12.3329910406906,20,0.011870949125367,0.00558299961338354,0.000928269883135213,0.0228136283675987,TRUE,1.76782403096607,67.5343293391306,"83a8890c9bd54b31ca0a35c09670b06c2135cbfd5512632ef57454e326b2680b"
"<1",12.569846895398,20,0.0115038503747694,0.00540987465070852,0.000900496059380708,0.0221072046901581,TRUE,1.76782403096607,67.5343293391306,"83a8890c9bd54b31ca0a35c09670b06c2135cbfd5512632ef57454e326b2680b"
"<1",12.8067027501053,20,0.0111367715043861,0.00523679339991292,0.000872656440556764,0.0214008865682154,TRUE,1.76782403096607,67.5343293391306,"83a8890c9bd54b31ca0a35c09670b06c2135cbfd5512632ef57454e326b2680b"
"<1",13.0435586048127,20,0.0107697128893154,0.00506375591207507,0.000844751301648277,0.0206946744769825,TRUE,1.76782403096607,67.5343293391306,"83a8890c9bd54b31ca0a35c09670b06c2135cbfd5512632ef57454e326b2680b"
"<1",13.2804144595201,20,0.0104026749046557,0.00489076220373693,0.000816780985331323,0.0199885688239801,TRUE,1.76782403096607,67.5343293391306,"83a8890c9bd54b31ca0a35c09670b06c2135cbfd5512632ef57454e326b2680b"
"<1",13.5172703142274,20,0.0100356579255054,0.0047178122563952,0.000788745902970798,0.01928256994804,TRUE,1.76782403096607,67.5343293391306,"83a8890c9bd54b31ca0a35c09670b06c2135cbfd5512632ef57454e326b2680b"
"<1",13.7541261689348,20,0.00966866232696285,0.00454490601599202,0.000760646535618489,0.0185766781183072,TRUE,1.76782403096607,67.5343293391306,"83a8890c9bd54b31ca0a35c09670b06c2135cbfd5512632ef57454e326b2680b"
"<1",13.9909820236422,20,0.00930168848412644,0.00437204339240556,0.000732483435011536,0.0178708935332413,TRUE,1.76782403096607,67.5343293391306,"83a8890c9bd54b31ca0a35c09670b06c2135cbfd5512632ef57454e326b2680b"
"<1",14.2278378783495,20,0.00893473677209456,0.0041992242589405,0.00070425722457119,0.0171652163196179,TRUE,1.76782403096607,67.5343293391306,"83a8890c9bd54b31ca0a35c09670b06c2135cbfd5512632ef57454e326b2680b"
"<1",14.4646937330569,20,0.00856780756596559,0.00402644845181828,0.000675968600401752,0.0164596465315294,TRUE,1.76782403096607,67.5343293391306,"83a8890c9bd54b31ca0a35c09670b06c2135cbfd5512632ef57454e326b2680b"
"<1",14.7015495877642,20,0.0082009012408379,0.00385371576966744,0.000647618332289711,0.0157541841493861,TRUE,1.76782403096607,67.5343293391306,"83a8890c9bd54b31ca0a35c09670b06c2135cbfd5512632ef57454e326b2680b"
"<1",14.9384054424716,20,0.0078340181718099,0.0036810259730138,0.000619207264702849,0.0150488290789169,TRUE,1.76782403096607,67.5343293391306,"83a8890c9bd54b31ca0a35c09670b06c2135cbfd5512632ef57454e326b2680b"
"<1",15.175261297179,20,0.00746715873397993,0.00350837878377072,0.000590736317789328,0.0143435811501705,TRUE,1.76782403096607,67.5343293391306,"83a8890c9bd54b31ca0a35c09670b06c2135cbfd5512632ef57454e326b2680b"
"<1",15.4121171518863,20,0.00710032330244641,0.00333577388472949,0.000562206488376606,0.0136384401165162,TRUE,1.76782403096607,67.5343293391306,"83a8890c9bd54b31ca0a35c09670b06c2135cbfd5512632ef57454e326b2680b"
"<1",15.6489730065937,20,0.00673351225230771,0.00316321091904981,0.000533618850970084,0.0129334056536453,TRUE,1.76782403096607,67.5343293391306,"83a8890c9bd54b31ca0a35c09670b06c2135cbfd5512632ef57454e326b2680b"
"<1",15.8858288613011,20,0.00636672595866221,0.00299068948975043,0.000504974558751362,0.0122284773585731,TRUE,1.76782403096607,67.5343293391306,"83a8890c9bd54b31ca0a35c09670b06c2135cbfd5512632ef57454e326b2680b"
"<1",16.1226847160084,20,0.00599996479660828,0.00281820915920016,0.000476274844575975,0.0115236547486406,TRUE,1.76782403096607,67.5343293391306,"83a8890c9bd54b31ca0a35c09670b06c2135cbfd5512632ef57454e326b2680b"
"<1",16.3595405707158,20,0.00563322914124433,0.00264576944860912,0.000447521021970446,0.0108189372605182,TRUE,1.76782403096607,67.5343293391306,"83a8890c9bd54b31ca0a35c09670b06c2135cbfd5512632ef57454e326b2680b"
"<1",16.5963964254231,20,0.00526651936766871,0.00247336983752053,0.000418714486128484,0.0101143242492089,TRUE,1.76782403096607,67.5343293391306,"83a8890c9bd54b31ca0a35c09670b06c2135cbfd5512632ef57454e326b2680b"
"<1",16.8332522801305,20,0.00489983585097982,0.00230100976330292,0.00038985671490609,0.00940981498705355,TRUE,1.76782403096607,67.5343293391306,"83a8890c9bd54b31ca0a35c09670b06c2135cbfd5512632ef57454e326b2680b"
"<1",17.0701081348379,20,0.00453317896627604,0.00212868862064325,0.000360949269815265,0.00870540866273682,TRUE,1.76782403096607,67.5343293391306,"83a8890c9bd54b31ca0a35c09670b06c2135cbfd5512632ef57454e326b2680b"
"<1",17.3069639895452,20,0.00416654908865575,0.00195640576104077,0.000331993797015846,0.00800110438029564,TRUE,1.76782403096607,67.5343293391306,"83a8890c9bd54b31ca0a35c09670b06c2135cbfd5512632ef57454e326b2680b"
"<1",17.5438198442526,20,0.00379994659321733,0.00178416049230231,0.000302992028304804,0.00729690115812985,TRUE,1.76782403096607,67.5343293391306,"83a8890c9bd54b31ca0a35c09670b06c2135cbfd5512632ef57454e326b2680b"
"<1",17.78067569896,20,0.00343337185505915,0.0016119520780395,0.000273945782101726,0.00659279792801658,TRUE,1.76782403096607,67.5343293391306,"83a8890c9bd54b31ca0a35c09670b06c2135cbfd5512632ef57454e326b2680b"
"<1",18.0175315536673,20,0.00306682524927963,0.00143977973716906,0.000244856964428272,0.005888793534131,TRUE,1.76782403096607,67.5343293391306,"83a8890c9bd54b31ca0a35c09670b06c2135cbfd5512632ef57454e326b2680b"
"<1",18.2543874083747,20,0.00270030715097711,0.00126764264341844,0.00021572756987697,0.00518488673207726,TRUE,1.76782403096607,67.5343293391306,"83a8890c9bd54b31ca0a35c09670b06c2135cbfd5512632ef57454e326b2680b"
"<1",18.491243263082,20,0.00233381793525,0.00109553992484224,0.000186559682559212,0.00448107618794079,TRUE,1.76782403096607,67.5343293391306,"83a8890c9bd54b31ca0a35c09670b06c2135cbfd5512632ef57454e326b2680b"
"<1",18.7280991177894,20,0.00196735797719666,0.000923470663361944,0.000157355477007247,0.00377736047738607,TRUE,1.76782403096607,67.5343293391306,"83a8890c9bd54b31ca0a35c09670b06c2135cbfd5512632ef57454e326b2680b"
"<1",18.9649549724968,20,0.0016009276519155,0.000751433894365425,0.000128117218959262,0.00307373808487173,TRUE,1.76782403096607,67.5343293391306,"83a8890c9bd54b31ca0a35c09670b06c2135cbfd5512632ef57454e326b2680b"
"<1",19.2018108272041,20,0.0012345273243951,0.000579428606475839,9.88472557024577e-05,0.00237020739308775,TRUE,1.76782403096607,67.5343293391306,"83a8890c9bd54b31ca0a35c09670b06c2135cbfd5512632ef57454e326b2680b"
"<1",19.4386666819115,20,0.000868157008206272,0.00040745375377222,6.95476508127215e-05,0.00166676636559982,TRUE,1.76782403096607,67.5343293391306,"83a8890c9bd54b31ca0a35c09670b06c2135cbfd5512632ef57454e326b2680b"
"<1",19.6755225366189,20,0.000501816283121264,0.000235508316416049,4.02199829458086e-05,0.00096341258329672,TRUE,1.76782403096607,67.5343293391306,"83a8890c9bd54b31ca0a35c09670b06c2135cbfd5512632ef57454e326b2680b"
"<1",19.9123783913262,20,0.000135504702097095,6.35913300811178e-05,1.08656951381039e-05,0.000260143709056086,TRUE,1.76782403096607,67.5343293391306,"83a8890c9bd54b31ca0a35c09670b06c2135cbfd5512632ef57454e326b2680b"
"<1",20,20,0,0,0,0,TRUE,1.76782403096607,67.5343293391306,"83a8890c9bd54b31ca0a35c09670b06c2135cbfd5512632ef57454e326b2680b"
"<1",20.1492342460336,20,-0.000230778181909287,0.000108298114375657,-0.000443042486085574,-1.85138777329992e-05,TRUE,1.76782403096607,67.5343293391306,"83a8890c9bd54b31ca0a35c09670b06c2135cbfd5512632ef57454e326b2680b"
"<1",20.386090100741,20,-0.000597032815940876,0.000280160872125164,-0.0011461481253062,-4.79175065755552e-05,TRUE,1.76782403096607,67.5343293391306,"83a8890c9bd54b31ca0a35c09670b06c2135cbfd5512632ef57454e326b2680b"
"<1",20.6229459554483,20,-0.000963259647040713,0.000451997745579091,-0.00184917522837573,-7.73440657056943e-05,TRUE,1.76782403096607,67.5343293391306,"83a8890c9bd54b31ca0a35c09670b06c2135cbfd5512632ef57454e326b2680b"
"<1",20.8598018101557,20,-0.00132945912225179,0.000623809485604684,-0.00255212571403697,-0.000106792530466612,TRUE,1.76782403096607,67.5343293391306,"83a8890c9bd54b31ca0a35c09670b06c2135cbfd5512632ef57454e326b2680b"
"<1",21.096657664863,20,-0.00169563168861715,0.000795596792741319,-0.00325500140239014,-0.000136261974844168,TRUE,1.76782403096607,67.5343293391306,"83a8890c9bd54b31ca0a35c09670b06c2135cbfd5512632ef57454e326b2680b"
"<1",21.3335135195704,20,-0.0020617777931798,0.000967360318418643,-0.00395780401728034,-0.000165751569079255,TRUE,1.76782403096607,67.5343293391306,"83a8890c9bd54b31ca0a35c09670b06c2135cbfd5512632ef57454e326b2680b"
"<1",21.5703693742778,20,-0.00242789788298275,0.00113910066617631,-0.00466053518868831,-0.000195260577277183,TRUE,1.76782403096607,67.5343293391306,"83a8890c9bd54b31ca0a35c09670b06c2135cbfd5512632ef57454e326b2680b"
"<1",21.8072252289851,20,-0.00279399240506903,0.00131081839288511,-0.00536319645512385,-0.00022478835501421,TRUE,1.76782403096607,67.5343293391306,"83a8890c9bd54b31ca0a35c09670b06c2135cbfd5512632ef57454e326b2680b"
"<1",22.0440810836925,20,-0.00316006180648166,0.0014825140099695,-0.00606578926602189,-0.000254334346941438,TRUE,1.76782403096607,67.5343293391306,"83a8890c9bd54b31ca0a35c09670b06c2135cbfd5512632ef57454e326b2680b"
"<1",22.2809369383999,20,-0.00352610653426365,0.00165418798463135,-0.0067683149841411,-0.000283898084386204,TRUE,1.76782403096607,67.5343293391306,"83a8890c9bd54b31ca0a35c09670b06c2135cbfd5512632ef57454e326b2680b"
"<1",22.5177927931072,20,-0.00389212703545803,0.00182584074107493,-0.0074707748879649,-0.000313479182951167,TRUE,1.76782403096607,67.5343293391306,"83a8890c9bd54b31ca0a35c09670b06c2135cbfd5512632ef57454e326b2680b"
"<1",22.7546486478146,20,-0.0042581237571078,0.00199747266173297,-0.00817317017410442,-0.000343077340111189,TRUE,1.76782403096607,67.5343293391306,"83a8890c9bd54b31ca0a35c09670b06c2135cbfd5512632ef57454e326b2680b"
"<1",22.991504502522,20,-0.00462409714625601,0.00216908408849379,-0.00887550195970384,-0.000372692332808184,TRUE,1.76782403096607,67.5343293391306,"83a8890c9bd54b31ca0a35c09670b06c2135cbfd5512632ef57454e326b2680b"
"<1",23.2283603572293,20,-0.00499004764994565,0.00234067532392938,-0.00957777128484723,-0.000402324015044058,TRUE,1.76782403096607,67.5343293391306,"83a8890c9bd54b31ca0a35c09670b06c2135cbfd5512632ef57454e326b2680b"
"<1",23.4652162119367,20,-0.00535597571521975,0.00251224663252443,-0.0102799791149676,-0.000431972315471868,TRUE,1.76782403096607,67.5343293391306,"83a8890c9bd54b31ca0a35c09670b06c2135cbfd5512632ef57454e326b2680b"
"<1",23.702072066644,20,-0.00572188178912131,0.00268379824190613,-0.0109821263432573,-0.000461637234985296,TRUE,1.76782403096607,67.5343293391306,"83a8890c9bd54b31ca0a35c09670b06c2135cbfd5512632ef57454e326b2680b"
"<1",23.9389279213514,20,-0.00608776631869338,0.0028553303440749,-0.0116842137930802,-0.00049131884430658,TRUE,1.76782403096607,67.5343293391306,"83a8890c9bd54b31ca0a35c09670b06c2135cbfd5512632ef57454e326b2680b"
"<1",24.1757837760588,20,-0.00645362975097895,0.00302684309663571,-0.0123862422203849,-0.000521017281572961,TRUE,1.76782403096607,67.5343293391306,"83a8890c9bd54b31ca0a35c09670b06c2135cbfd5512632ef57454e326b2680b"
"<1",24.4126396307661,20,-0.00681947253302106,0.00319833662403024,-0.0130882123161203,-0.000550732749921783,TRUE,1.76782403096607,67.5343293391306,"83a8890c9bd54b31ca0a35c09670b06c2135cbfd5512632ef57454e326b2680b"
"<1",24.6494954854735,20,-0.00718529511186273,0.0033698110187696,-0.0137901247086512,-0.000580465515074302,TRUE,1.76782403096607,67.5343293391306,"83a8890c9bd54b31ca0a35c09670b06c2135cbfd5512632ef57454e326b2680b"
"<1",24.8863513401809,20,-0.00755109793454695,0.00354126634266769,-0.0144919799661756,-0.00061021590291828,TRUE,1.76782403096607,67.5343293391306,"83a8890c9bd54b31ca0a35c09670b06c2135cbfd5512632ef57454e326b2680b"
"<1",25.1232071948882,20,-0.00791688144811676,0.00371270262807515,-0.015193778599144,-0.000639984297089473,TRUE,1.76782403096607,67.5343293391306,"83a8890c9bd54b31ca0a35c09670b06c2135cbfd5512632ef57454e326b2680b"
"<1",25.3600630495956,20,-0.00828264609961519,0.00388411987911385,-0.0158955210626783,-0.000669771136552033,TRUE,1.76782403096607,67.5343293391306,"83a8890c9bd54b31ca0a35c09670b06c2135cbfd5512632ef57454e326b2680b"
"<1",25.5969189043029,20,-0.00864839233608523,0.00405551807291189,-0.0165972077589925,-0.000699576913177917,TRUE,1.76782403096607,67.5343293391306,"83a8890c9bd54b31ca0a35c09670b06c2135cbfd5512632ef57454e326b2680b"
"<1",25.8337747590103,20,-0.00901412060456992,0.00422689716083907,-0.0172988390398145,-0.000729402169325348,TRUE,1.76782403096607,67.5343293391306,"83a8890c9bd54b31ca0a35c09670b06c2135cbfd5512632ef57454e326b2680b"
"<1",26.0706306137177,20,-0.00937983135211226,0.00439825706974281,-0.0180004152088082,-0.000759247495416358,TRUE,1.76782403096607,67.5343293391306,"83a8890c9bd54b31ca0a35c09670b06c2135cbfd5512632ef57454e326b2680b"
"<1",26.307486468425,20,-0.00974552502575528,0.00456959770318459,-0.0187019365239971,-0.000789113527513492,TRUE,1.76782403096607,67.5343293391306,"83a8890c9bd54b31ca0a35c09670b06c2135cbfd5512632ef57454e326b2680b"
"<1",26.5443423231324,20,-0.010111202072542,0.0047409189426767,-0.0194034032001883,-0.000819000944895678,TRUE,1.76782403096607,67.5343293391306,"83a8890c9bd54b31ca0a35c09670b06c2135cbfd5512632ef57454e326b2680b"
"<1",26.7811981778398,20,-0.0104768629395155,0.00491222064891947,-0.0201048154113976,-0.000848910467633298,TRUE,1.76782403096607,67.5343293391306,"83a8890c9bd54b31ca0a35c09670b06c2135cbfd5512632ef57454e326b2680b"
"<1",27.0180540325471,20,-0.0108425080737186,0.00508350266303884,-0.0208061732932747,-0.000878842854162508,TRUE,1.76782403096607,67.5343293391306,"83a8890c9bd54b31ca0a35c09670b06c2135cbfd5512632ef57454e326b2680b"
"<1",27.2549098872545,20,-0.0112081379221946,0.00525476480782435,-0.0215074769455303,-0.000908798898858832,TRUE,1.76782403096607,67.5343293391306,"83a8890c9bd54b31ca0a35c09670b06c2135cbfd5512632ef57454e326b2680b"
"<1",27.4917657419618,20,-0.0115737529319863,0.00542600688896749,-0.0222087264343625,-0.00093877942960998,TRUE,1.76782403096607,67.5343293391306,"83a8890c9bd54b31ca0a35c09670b06c2135cbfd5512632ef57454e326b2680b"
"<1",27.7286215966692,20,-0.0119393535501368,0.00559722869630038,-0.0229099217948855,-0.00096878530538801,TRUE,1.76782403096607,67.5343293391306,"83a8890c9bd54b31ca0a35c09670b06c2135cbfd5512632ef57454e326b2680b"
"<1",27.9654774513766,20,-0.012304940223689,0.00576843000503485,-0.0236110630335573,-0.000998817413820748,TRUE,1.76782403096607,67.5343293391306,"83a8890c9bd54b31ca0a35c09670b06c2135cbfd5512632ef57454e326b2680b"
"<1",28.2023333060839,20,-0.0126705133996862,0.00593961057700185,-0.0243121501306098,-0.00102887666876255,TRUE,1.76782403096607,67.5343293391306,"83a8890c9bd54b31ca0a35c09670b06c2135cbfd5512632ef57454e326b2680b"
"<1",28.4391891607913,20,-0.0130360735251712,0.00611077016189123,-0.025013183042478,-0.00105896400786434,TRUE,1.76782403096607,67.5343293391306,"83a8890c9bd54b31ca0a35c09670b06c2135cbfd5512632ef57454e326b2680b"
"<1",28.6760450154987,20,-0.013401621047187,0.00628190849849187,-0.0257141617042311,-0.00108908039014294,TRUE,1.76782403096607,67.5343293391306,"83a8890c9bd54b31ca0a35c09670b06c2135cbfd5512632ef57454e326b2680b"
"<1",28.912900870206,20,-0.0137671564127767,0.00645302531593213,-0.0264150860320037,-0.00111922679354974,TRUE,1.76782403096607,67.5343293391306,"83a8890c9bd54b31ca0a35c09670b06c2135cbfd5512632ef57454e326b2680b"
"<1",29.1497567249134,20,-0.0141326800689833,0.00662412033492077,-0.0271159559254281,-0.00114940421253863,TRUE,1.76782403096607,67.5343293391306,"83a8890c9bd54b31ca0a35c09670b06c2135cbfd5512632ef57454e326b2680b"
"<1",29.3866125796207,20,-0.0144981924628499,0.00679519326898809,-0.0278167712700665,-0.00117961365563323,TRUE,1.76782403096607,67.5343293391306,"83a8890c9bd54b31ca0a35c09670b06c2135cbfd5512632ef57454e326b2680b"
"<1",29.6234684343281,20,-0.0148636940414194,0.00696624382572757,-0.0285175319398454,-0.00120985614299332,TRUE,1.76782403096607,67.5343293391306,"83a8890c9bd54b31ca0a35c09670b06c2135cbfd5512632ef57454e326b2680b"
"<1",29.8603242890355,20,-0.0152291852517348,0.00713727170803784,-0.029218237799489,-0.00124013270398064,TRUE,1.76782403096607,67.5343293391306,"83a8890c9bd54b31ca0a35c09670b06c2135cbfd5512632ef57454e326b2680b"
"<1",30.0971801437428,20,-0.0155946665408392,0.007308276615365,-0.0299188887069546,-0.00127044437472381,TRUE,1.76782403096607,67.5343293391306,"83a8890c9bd54b31ca0a35c09670b06c2135cbfd5512632ef57454e326b2680b"
"<1",30.3340359984502,20,-0.0159601383557756,0.00747925824494547,-0.0306194845158687,-0.00130079219568251,TRUE,1.76782403096607,67.5343293391306,"83a8890c9bd54b31ca0a35c09670b06c2135cbfd5512632ef57454e326b2680b"
"<1",30.5708918531576,20,-0.016325601143587,0.00765021629304907,-0.0313200250779632,-0.00133117720921085,TRUE,1.76782403096607,67.5343293391306,"83a8890c9bd54b31ca0a35c09670b06c2135cbfd5512632ef57454e326b2680b"
"<1",30.8077477078649,20,-0.0166910553513165,0.00782115045622274,-0.0320205102455131,-0.00136160045711993,TRUE,1.76782403096607,67.5343293391306,"83a8890c9bd54b31ca0a35c09670b06c2135cbfd5512632ef57454e326b2680b"
"<1",31.0446035625723,20,-0.017056501426007,0.00799206043253445,-0.0327209398737745,-0.00139206297823946,TRUE,1.76782403096607,67.5343293391306,"83a8890c9bd54b31ca0a35c09670b06c2135cbfd5512632ef57454e326b2680b"
"<1",31.2814594172796,20,-0.0174219398147016,0.00816294592281785,-0.0334213138234246,-0.00142256580597859,TRUE,1.76782403096607,67.5343293391306,"83a8890c9bd54b31ca0a35c09670b06c2135cbfd5512632ef57454e326b2680b"
"<1",31.518315271987,20,-0.0177873709644432,0.00833380663191707,-0.0341216319630007,-0.00145310996588577,TRUE,1.76782403096607,67.5343293391306,"83a8890c9bd54b31ca0a35c09670b06c2135cbfd5512632ef57454e326b2680b"
"<1",31.7551711266944,20,-0.018152795322275,0.00850464226993228,-0.0348218941713423,-0.00148369647320772,TRUE,1.76782403096607,67.5343293391306,"83a8890c9bd54b31ca0a35c09670b06c2135cbfd5512632ef57454e326b2680b"
"<1",31.9920269814017,20,-0.0185182133352399,0.00867545255346555,-0.0355221003400324,-0.00151432633044739,TRUE,1.76782403096607,67.5343293391306,"83a8890c9bd54b31ca0a35c09670b06c2135cbfd5512632ef57454e326b2680b"
"<1",32.2288828361091,20,-0.0188836254503809,0.00884623720686731,-0.0362222503758408,-0.00154500052492098,TRUE,1.76782403096607,67.5343293391306,"83a8890c9bd54b31ca0a35c09670b06c2135cbfd5512632ef57454e326b2680b"
"<1",32.4657386908165,20,-0.0192490321147411,0.00901699596348327,-0.0369223442031683,-0.00157572002631389,TRUE,1.76782403096607,67.5343293391306,"83a8890c9bd54b31ca0a35c09670b06c2135cbfd5512632ef57454e326b2680b"
"<1",32.7025945455238,20,-0.0196144337753635,0.00918772856690195,-0.0376223817664913,-0.00160648578423565,TRUE,1.76782403096607,67.5343293391306,"83a8890c9bd54b31ca0a35c09670b06c2135cbfd5512632ef57454e326b2680b"
"<1",32.9394504002312,20,-0.019979830879291,0.00935843477220268,-0.0383223630328083,-0.00163729872577378,TRUE,1.76782403096607,67.5343293391306,"83a8890c9bd54b31ca0a35c09670b06c2135cbfd5512632ef57454e326b2680b"
"<1",33.1763062549386,20,-0.0203452238735668,0.0095291143472042,-0.039022287994087,-0.00166815975304656,TRUE,1.76782403096607,67.5343293391306,"83a8890c9bd54b31ca0a35c09670b06c2135cbfd5512632ef57454e326b2680b"
"<1",33.4131621096459,20,-0.0207106132052338,0.00969976707371385,-0.039722156669713,-0.00169906974075467,TRUE,1.76782403096607,67.5343293391306,"83a8890c9bd54b31ca0a35c09670b06c2135cbfd5512632ef57454e326b2680b"
"<1",33.6500179643533,20,-0.0210759993213351,0.00987039274877727,-0.0404219691089385,-0.00173002953373165,TRUE,1.76782403096607,67.5343293391306,"83a8890c9bd54b31ca0a35c09670b06c2135cbfd5512632ef57454e326b2680b"
"<1",33.8868738190606,20,-0.0214413826689136,0.0100409911859288,-0.041121725393334,-0.00176103994449325,TRUE,1.76782403096607,67.5343293391306,"83a8890c9bd54b31ca0a35c09670b06c2135cbfd5512632ef57454e326b2680b"
"<1",34.123729673768,20,-0.0218067636950125,0.0102115622164423,-0.0418214256392394,-0.00179210175078555,TRUE,1.76782403096607,67.5343293391306,"83a8890c9bd54b31ca0a35c09670b06c2135cbfd5512632ef57454e326b2680b"
"<1",34.3605855284754,20,-0.0221721428466746,0.010382105690583,-0.0425210700002173,-0.00182321569313192,TRUE,1.76782403096607,67.5343293391306,"83a8890c9bd54b31ca0a35c09670b06c2135cbfd5512632ef57454e326b2680b"
"<1",34.5974413831827,20,-0.0225375205709431,0.0105526214788594,-0.0432206586695075,-0.00185438247237864,TRUE,1.76782403096607,67.5343293391306,"83a8890c9bd54b31ca0a35c09670b06c2135cbfd5512632ef57454e326b2680b"
"<1",34.8342972378901,20,-0.0229028973148609,0.0107231094732762,-0.0439201918824823,-0.00188560274723947,TRUE,1.76782403096607,67.5343293391306,"83a8890c9bd54b31ca0a35c09670b06c2135cbfd5512632ef57454e326b2680b"
"<1",35.0711530925975,20,-0.0232682735254711,0.0108935695885879,-0.0446196699191034,-0.00191687713183876,TRUE,1.76782403096607,67.5343293391306,"83a8890c9bd54b31ca0a35c09670b06c2135cbfd5512632ef57454e326b2680b"
"<1",35.3080089473048,20,-0.0236336496498166,0.0110640017635526,-0.0453190931063798,-0.00194820619325346,TRUE,1.76782403096607,67.5343293391306,"83a8890c9bd54b31ca0a35c09670b06c2135cbfd5512632ef57454e326b2680b"
"<1",35.5448648020122,20,-0.0239990261349406,0.0112344059621871,-0.0460184618208274,-0.00197959044905379,TRUE,1.76782403096607,67.5343293391306,"83a8890c9bd54b31ca0a35c09670b06c2135cbfd5512632ef57454e326b2680b"
"<1",35.7817206567195,20,-0.024364403427886,0.0114047821750221,-0.0467177764909293,-0.00201103036484268,TRUE,1.76782403096607,67.5343293391306,"83a8890c9bd54b31ca0a35c09670b06c2135cbfd5512632ef57454e326b2680b"
"<1",36.0185765114269,20,-0.0247297819756958,0.0115751304203581,-0.0474170375995977,-0.00204252635179384,TRUE,1.76782403096607,67.5343293391306,"83a8890c9bd54b31ca0a35c09670b06c2135cbfd5512632ef57454e326b2680b"
"<1",36.2554323661343,20,-0.0250951622254131,0.0117454507455226,-0.0481162456866374,-0.00207407876418874,TRUE,1.76782403096607,67.5343293391306,"83a8890c9bd54b31ca0a35c09670b06c2135cbfd5512632ef57454e326b2680b"
"<1",36.4922882208416,20,-0.0254605446240808,0.0119157432281269,-0.0488154013512095,-0.00210568789695217,TRUE,1.76782403096607,67.5343293391306,"83a8890c9bd54b31ca0a35c09670b06c2135cbfd5512632ef57454e326b2680b"
"<1",36.729144075549,20,-0.0258259296187421,0.0120860079773242,-0.0495145052542975,-0.00213735398318666,TRUE,1.76782403096607,67.5343293391306,"83a8890c9bd54b31ca0a35c09670b06c2135cbfd5512632ef57454e326b2680b"
"<1",36.9659999302564,20,-0.0261913176564398,0.0122562451350685,-0.050213558121174,-0.00216907719170563,TRUE,1.76782403096607,67.5343293391306,"83a8890c9bd54b31ca0a35c09670b06c2135cbfd5512632ef57454e326b2680b"
"<1",37.2028557849637,20,-0.0265567091842171,0.0124264548773734,-0.0509125607438689,-0.00220085762456533,TRUE,1.76782403096607,67.5343293391306,"83a8890c9bd54b31ca0a35c09670b06c2135cbfd5512632ef57454e326b2680b"
"<1",37.4397116396711,20,-0.0269221046491169,0.0125966374155721,-0.0516115139836383,-0.00223269531459564,TRUE,1.76782403096607,67.5343293391306,"83a8890c9bd54b31ca0a35c09670b06c2135cbfd5512632ef57454e326b2680b"
"<1",37.6765674943785,20,-0.0272875044981824,0.0127667929975779,-0.0523104187734351,-0.00226459022292964,TRUE,1.76782403096607,67.5343293391306,"83a8890c9bd54b31ca0a35c09670b06c2135cbfd5512632ef57454e326b2680b"
"<1",37.9134233490858,20,-0.0276529091784563,0.012936921909145,-0.0530092761203805,-0.00229654223653221,TRUE,1.76782403096607,67.5343293391306,"83a8890c9bd54b31ca0a35c09670b06c2135cbfd5512632ef57454e326b2680b"
"<1",38.1502792037932,20,-0.0280183191369819,0.0131070244751299,-0.0537080871082365,-0.00232855116572739,TRUE,1.76782403096607,67.5343293391306,"83a8890c9bd54b31ca0a35c09670b06c2135cbfd5512632ef57454e326b2680b"
"<1",38.3871350585005,20,-0.0283837348123693,0.0132771010764485,-0.0544068529222083,-0.00236061670253028,TRUE,1.76782403096607,67.5343293391306,"83a8890c9bd54b31ca0a35c09670b06c2135cbfd5512632ef57454e326b2680b"
"<1",38.6239909132079,20,-0.0287491563791612,0.0134471526198501,-0.0551055755140673,-0.00239273724425509,TRUE,1.76782403096607,67.5343293391306,"83a8890c9bd54b31ca0a35c09670b06c2135cbfd5512632ef57454e326b2680b"
"<1",38.8608467679153,20,-0.0291145837017754,0.0136171805895461,-0.0558042576572859,-0.002424909746265,TRUE,1.76782403096607,67.5343293391306,"83a8890c9bd54b31ca0a35c09670b06c2135cbfd5512632ef57454e326b2680b"
"<1",39.0977026226226,20,-0.0294800166269108,0.013787186484807,-0.0565029021371324,-0.00245713111668914,TRUE,1.76782403096607,67.5343293391306,"83a8890c9bd54b31ca0a35c09670b06c2135cbfd5512632ef57454e326b2680b"
"<1",39.33455847733,20,-0.0298454550012659,0.0139571717843399,-0.0572015116985721,-0.00248939830395964,TRUE,1.76782403096607,67.5343293391306,"83a8890c9bd54b31ca0a35c09670b06c2135cbfd5512632ef57454e326b2680b"
"<1",39.5714143320374,20,-0.0302108986715395,0.014127137944297,-0.0579000890423616,-0.00252170830071742,TRUE,1.76782403096607,67.5343293391306,"83a8890c9bd54b31ca0a35c09670b06c2135cbfd5512632ef57454e326b2680b"
"<1",39.8082701867447,20,-0.0305763474844304,0.0142970863964933,-0.0585986368215573,-0.00255405814730351,TRUE,1.76782403096607,67.5343293391306,"83a8890c9bd54b31ca0a35c09670b06c2135cbfd5512632ef57454e326b2680b"
"<1",40,20,-0.0308721742432818,0.0144346440766778,-0.0591640766335702,-0.00258027185299335,TRUE,1.76782403096607,67.5343293391306,"83a8890c9bd54b31ca0a35c09670b06c2135cbfd5512632ef57454e326b2680b"
"<1",40.0451260414521,20,-0.0309418012866372,0.01446701854682,-0.0592971576384043,-0.00258644493487011,TRUE,1.76782403096607,67.5343293391306,"83a8890c9bd54b31ca0a35c09670b06c2135cbfd5512632ef57454e326b2680b"
"<1",40.2819818961594,20,-0.0313072599248587,0.014636935773835,-0.0599956540415754,-0.00261886580814209,TRUE,1.76782403096607,67.5343293391306,"83a8890c9bd54b31ca0a35c09670b06c2135cbfd5512632ef57454e326b2680b"
"<1",40.5188377508668,20,-0.0316727232457937,0.0148068394275187,-0.0606941285237304,-0.00265131796785695,TRUE,1.76782403096607,67.5343293391306,"83a8890c9bd54b31ca0a35c09670b06c2135cbfd5512632ef57454e326b2680b"
"<1",40.7556936055742,20,-0.0320381910961407,0.0149767308281796,-0.0613925835193727,-0.00268379867290876,TRUE,1.76782403096607,67.5343293391306,"83a8890c9bd54b31ca0a35c09670b06c2135cbfd5512632ef57454e326b2680b"
"<1",40.9925494602815,20,-0.0324036633225986,0.0151466112654998,-0.0620910214029783,-0.00271630524221893,TRUE,1.76782403096607,67.5343293391306,"83a8890c9bd54b31ca0a35c09670b06c2135cbfd5512632ef57454e326b2680b"
"<1",41.2294053149889,20,-0.0327691397718661,0.0153164819977096,-0.062789444487377,-0.00274883505635519,TRUE,1.76782403096607,67.5343293391306,"83a8890c9bd54b31ca0a35c09670b06c2135cbfd5512632ef57454e326b2680b"
"<1",41.4662611696963,20,-0.0331346202906419,0.0154863442508797,-0.063487855022366,-0.00278138555891775,TRUE,1.76782403096607,67.5343293391306,"83a8890c9bd54b31ca0a35c09670b06c2135cbfd5512632ef57454e326b2680b"
"<1",41.7031170244036,20,-0.0335001047256247,0.0156561992183237,-0.0641862551935391,-0.00281395425771023,TRUE,1.76782403096607,67.5343293391306,"83a8890c9bd54b31ca0a35c09670b06c2135cbfd5512632ef57454e326b2680b"
"<1",41.939972879111,20,-0.0338655929235132,0.015826048060103,-0.064884647121315,-0.00284653872571138,TRUE,1.76782403096607,67.5343293391306,"83a8890c9bd54b31ca0a35c09670b06c2135cbfd5512632ef57454e326b2680b"
"<1",42.1768287338183,20,-0.0342310847310062,0.0159958919026244,-0.0655830328601501,-0.00287913660186229,TRUE,1.76782403096607,67.5343293391306,"83a8890c9bd54b31ca0a35c09670b06c2135cbfd5512632ef57454e326b2680b"
"<1",42.4136845885257,20,-0.0345965799948024,0.0161657318383265,-0.0662814143979224,-0.00291174559168235,TRUE,1.76782403096607,67.5343293391306,"83a8890c9bd54b31ca0a35c09670b06c2135cbfd5512632ef57454e326b2680b"
"<1",42.6505404432331,20,-0.0349620785616005,0.0163355689254459,-0.0669797936554745,-0.00294436346772645,TRUE,1.76782403096607,67.5343293391306,"83a8890c9bd54b31ca0a35c09670b06c2135cbfd5512632ef57454e326b2680b"
"<1",42.8873962979404,20,-0.0353275802780992,0.0165054041878595,-0.0676781724863038,-0.00297698806989458,TRUE,1.76782403096607,67.5343293391306,"83a8890c9bd54b31ca0a35c09670b06c2135cbfd5512632ef57454e326b2680b"
"<1",43.1242521526478,20,-0.0356930849909973,0.0166752386149964,-0.0683765526763903,-0.00300961730560428,TRUE,1.76782403096607,67.5343293391306,"83a8890c9bd54b31ca0a35c09670b06c2135cbfd5512632ef57454e326b2680b"
"<1",43.3611080073552,20,-0.0360585925469935,0.0168450731618153,-0.0690749359441515,-0.00304224914983538,TRUE,1.76782403096607,67.5343293391306,"83a8890c9bd54b31ca0a35c09670b06c2135cbfd5512632ef57454e326b2680b"
"<1",43.5979638620625,20,-0.0364241027927864,0.0170149087488421,-0.0697733239405168,-0.00307488164505598,TRUE,1.76782403096607,67.5343293391306,"83a8890c9bd54b31ca0a35c09670b06c2135cbfd5512632ef57454e326b2680b"
"<1",43.8348197167699,20,-0.0367896155750749,0.0171847462622639,-0.0704717182491122,-0.00310751290103757,TRUE,1.76782403096607,67.5343293391306,"83a8890c9bd54b31ca0a35c09670b06c2135cbfd5512632ef57454e326b2680b"
"<1",44.0716755714773,20,-0.0371551307405576,0.0173545865540769,-0.0711701203865484,-0.00314014109456685,TRUE,1.76782403096607,67.5343293391306,"83a8890c9bd54b31ca0a35c09670b06c2135cbfd5512632ef57454e326b2680b"
"<1",44.3085314261846,20,-0.0375206481359333,0.0175244304422817,-0.0718685318028054,-0.00317276446906117,TRUE,1.76782403096607,67.5343293391306,"83a8890c9bd54b31ca0a35c09670b06c2135cbfd5512632ef57454e326b2680b"
"<1",44.545387280892,20,-0.0378861676079007,0.0176942787111259,-0.0725669538817074,-0.00320538133409395,TRUE,1.76782403096607,67.5343293391306,"83a8890c9bd54b31ca0a35c09670b06c2135cbfd5512632ef57454e326b2680b"
"<1",44.7822431355993,20,-0.0382516890031585,0.0178641321113891,-0.0732653879414812,-0.00323799006483579,TRUE,1.76782403096607,67.5343293391306,"83a8890c9bd54b31ca0a35c09670b06c2135cbfd5512632ef57454e326b2680b"
"<1",45.0190989903067,20,-0.0386172121684054,0.0180339913607084,-0.0739638352353938,-0.00327058910141705,TRUE,1.76782403096607,67.5343293391306,"83a8890c9bd54b31ca0a35c09670b06c2135cbfd5512632ef57454e326b2680b"
"<1",45.2559548450141,20,-0.0389827369503402,0.0182038571439406,-0.0746622969524638,-0.00330317694821664,TRUE,1.76782403096607,67.5343293391306,"83a8890c9bd54b31ca0a35c09670b06c2135cbfd5512632ef57454e326b2680b"
"<1",45.4928106997214,20,-0.0393482631956616,0.0183737301135611,-0.0753607742182413,-0.00333575217308188,TRUE,1.76782403096607,67.5343293391306,"83a8890c9bd54b31ca0a35c09670b06c2135cbfd5512632ef57454e326b2680b"
"<1",45.7296665544288,20,-0.0397137907510682,0.0185436108900941,-0.0760592680956527,-0.00336831340648374,TRUE,1.76782403096607,67.5343293391306,"83a8890c9bd54b31ca0a35c09670b06c2135cbfd5512632ef57454e326b2680b"
"<1",45.9665224091362,20,-0.0400793194632589,0.0187135000625753,-0.0767577795859064,-0.00340085934061145,TRUE,1.76782403096607,67.5343293391306,"83a8890c9bd54b31ca0a35c09670b06c2135cbfd5512632ef57454e326b2680b"
"<1",46.2033782638435,20,-0.0404448491789324,0.0188833981890419,-0.0774563096294545,-0.00343338872841027,TRUE,1.76782403096607,67.5343293391306,"83a8890c9bd54b31ca0a35c09670b06c2135cbfd5512632ef57454e326b2680b"
"<1",46.4402341185509,20,-0.0408103797447873,0.0190533057970517,-0.0781548591070087,-0.00346590038256592,TRUE,1.76782403096607,67.5343293391306,"83a8890c9bd54b31ca0a35c09670b06c2135cbfd5512632ef57454e326b2680b"
"<1",46.6770899732582,20,-0.0411759110075224,0.0192232233842263,-0.0788534288406059,-0.00349839317443891,TRUE,1.76782403096607,67.5343293391306,"83a8890c9bd54b31ca0a35c09670b06c2135cbfd5512632ef57454e326b2680b"
"<1",46.9139458279656,20,-0.0415414428138364,0.0193931514188187,-0.0795520195947211,-0.00353086603295177,TRUE,1.76782403096607,67.5343293391306,"83a8890c9bd54b31ca0a35c09670b06c2135cbfd5512632ef57454e326b2680b"
"<1",47.150801682673,20,-0.0419069750104281,0.0195630903403041,-0.0802506320774241,-0.00356331794343206,TRUE,1.76782403096607,67.5343293391306,"83a8890c9bd54b31ca0a35c09670b06c2135cbfd5512632ef57454e326b2680b"
"<1",47.3876575373803,20,-0.0422725074439961,0.0197330405599911,-0.0809492669415786,-0.00359574794641362,TRUE,1.76782403096607,67.5343293391306,"83a8890c9bd54b31ca0a35c09670b06c2135cbfd5512632ef57454e326b2680b"
"<1",47.6245133920877,20,-0.0426380399612392,0.0199030024616532,-0.0816479247860794,-0.00362815513639894,TRUE,1.76782403096607,67.5343293391306,"83a8890c9bd54b31ca0a35c09670b06c2135cbfd5512632ef57454e326b2680b"
"<1",47.8613692467951,20,-0.0430035724088561,0.0200729764021795,-0.0823466061571279,-0.00366053866058434,TRUE,1.76782403096607,67.5343293391306,"83a8890c9bd54b31ca0a35c09670b06c2135cbfd5512632ef57454e326b2680b"
"<1",48.0982251015024,20,-0.0433691046335455,0.0202429627122423,-0.0830453115495405,-0.0036928977175506,TRUE,1.76782403096607,67.5343293391306,"83a8890c9bd54b31ca0a35c09670b06c2135cbfd5512632ef57454e326b2680b"
"<1",48.3350809562098,20,-0.0437346364820062,0.0204129616969823,-0.0837440414080915,-0.00372523155592092,TRUE,1.76782403096607,67.5343293391306,"83a8890c9bd54b31ca0a35c09670b06c2135cbfd5512632ef57454e326b2680b"
"<1",48.5719368109171,20,-0.0441001678009369,0.0205829736367087,-0.0844427961288859,-0.00375753947298782,TRUE,1.76782403096607,67.5343293391306,"83a8890c9bd54b31ca0a35c09670b06c2135cbfd5512632ef57454e326b2680b"
"<1",48.8087926656245,20,-0.0444656984370362,0.0207529987876147,-0.0851415760607611,-0.00378982081331131,TRUE,1.76782403096607,67.5343293391306,"83a8890c9bd54b31ca0a35c09670b06c2135cbfd5512632ef57454e326b2680b"
"<1",49.0456485203319,20,-0.044831228237003,0.020923037382507,-0.0858403815067167,-0.00382207496728926,TRUE,1.76782403096607,67.5343293391306,"83a8890c9bd54b31ca0a35c09670b06c2135cbfd5512632ef57454e326b2680b"
"<1",49.2825043750392,20,-0.0451967570475359,0.0210930896315478,-0.0865392127253697,-0.00385430136970213,TRUE,1.76782403096607,67.5343293391306,"83a8890c9bd54b31ca0a35c09670b06c2135cbfd5512632ef57454e326b2680b"
"<1",49.5193602297466,20,-0.0455622847153337,0.0212631557230104,-0.0872380699324341,-0.00388649949823323,TRUE,1.76782403096607,67.5343293391306,"83a8890c9bd54b31ca0a35c09670b06c2135cbfd5512632ef57454e326b2680b"
"<1",49.756216084454,20,-0.045927811087095,0.0214332358240455,-0.0879369533022242,-0.00391866887196586,TRUE,1.76782403096607,67.5343293391306,"83a8890c9bd54b31ca0a35c09670b06c2135cbfd5512632ef57454e326b2680b"
"<1",49.9930719391613,20,-0.0462933360095187,0.0216033300814592,-0.0886358629691787,-0.00395080904985869,TRUE,1.76782403096607,67.5343293391306,"83a8890c9bd54b31ca0a35c09670b06c2135cbfd5512632ef57454e326b2680b"
"<1",50.2299277938687,20,-0.0466588593293034,0.0217734386225015,-0.0893347990294063,-0.00398291962920051,TRUE,1.76782403096607,67.5343293391306,"83a8890c9bd54b31ca0a35c09670b06c2135cbfd5512632ef57454e326b2680b"
"<1",50.466783648576,20,-0.0470243808931478,0.0219435615556644,-0.09003376154225,-0.00401500024404566,TRUE,1.76782403096607,67.5343293391306,"83a8890c9bd54b31ca0a35c09670b06c2135cbfd5512632ef57454e326b2680b"
"<1",50.7036395032834,20,-0.0473899005477508,0.0221136989714898,-0.0907327505318708,-0.00404705056363081,TRUE,1.76782403096607,67.5343293391306,"83a8890c9bd54b31ca0a35c09670b06c2135cbfd5512632ef57454e326b2680b"
"<1",50.9404953579908,20,-0.0477554181398109,0.0222838509433859,-0.0914317659888472,-0.00407907029077462,TRUE,1.76782403096607,67.5343293391306,"83a8890c9bd54b31ca0a35c09670b06c2135cbfd5512632ef57454e326b2680b"
"<1",51.1773512126981,20,-0.048120933516027,0.0224540175284522,-0.0921308078717932,-0.00411105916026069,TRUE,1.76782403096607,67.5343293391306,"83a8890c9bd54b31ca0a35c09670b06c2135cbfd5512632ef57454e326b2680b"
"<1",51.4142070674055,20,-0.0484864465230976,0.0226241987683125,-0.0928298761089902,-0.00414301693720514,TRUE,1.76782403096607,67.5343293391306,"83a8890c9bd54b31ca0a35c09670b06c2135cbfd5512632ef57454e326b2680b"
"<1",51.6510629221129,20,-0.0488519570077217,0.0227943946899553,-0.0935289706000341,-0.00417494341540929,TRUE,1.76782403096607,67.5343293391306,"83a8890c9bd54b31ca0a35c09670b06c2135cbfd5512632ef57454e326b2680b"
"<1",51.8879187768202,20,-0.0492174648165978,0.0229646053065813,-0.0942280912174972,-0.00420683841569847,TRUE,1.76782403096607,67.5343293391306,"83a8890c9bd54b31ca0a35c09670b06c2135cbfd5512632ef57454e326b2680b"
"<1",52.1247746315276,20,-0.0495829697964248,0.0231348306184578,-0.094927237808602,-0.00423870178424756,TRUE,1.76782403096607,67.5343293391306,"83a8890c9bd54b31ca0a35c09670b06c2135cbfd5512632ef57454e326b2680b"
"<1",52.361630486235,20,-0.0499484717939013,0.0233050706137792,-0.0956264101969085,-0.00427053339089407,TRUE,1.76782403096607,67.5343293391306,"83a8890c9bd54b31ca0a35c09670b06c2135cbfd5512632ef57454e326b2680b"
"<1",52.5984863409423,20,-0.050313970655726,0.023475325269534,-0.0963256081840128,-0.0043023331274393,TRUE,1.76782403096607,67.5343293391306,"83a8890c9bd54b31ca0a35c09670b06c2135cbfd5512632ef57454e326b2680b"
"<1",52.8353421956497,20,-0.0506794662285977,0.0236455945523773,-0.0970248315512572,-0.00433410090593827,TRUE,1.76782403096607,67.5343293391306,"83a8890c9bd54b31ca0a35c09670b06c2135cbfd5512632ef57454e326b2680b"
"<1",53.072198050357,20,-0.0510449583592152,0.0238158784195083,-0.0977240800614513,-0.00436583665697898,TRUE,1.76782403096607,67.5343293391306,"83a8890c9bd54b31ca0a35c09670b06c2135cbfd5512632ef57454e326b2680b"
"<1",53.3090539050644,20,-0.051410446894277,0.0239861768195538,-0.0984233534606024,-0.00439754032795162,TRUE,1.76782403096607,67.5343293391306,"83a8890c9bd54b31ca0a35c09670b06c2135cbfd5512632ef57454e326b2680b"
"<1",53.5459097597718,20,-0.051775931680482,0.0241564896934561,-0.0991226514796559,-0.00442921188130812,TRUE,1.76782403096607,67.5343293391306,"83a8890c9bd54b31ca0a35c09670b06c2135cbfd5512632ef57454e326b2680b"
"<1",53.7827656144791,20,-0.0521414125645289,0.0243268169753654,-0.099821973836245,-0.00446085129281268,TRUE,1.76782403096607,67.5343293391306,"83a8890c9bd54b31ca0a35c09670b06c2135cbfd5512632ef57454e326b2680b"
"<1",54.0196214691865,20,-0.0525068893931163,0.0244971585935371,-0.100521320236449,-0.00449245854978363,TRUE,1.76782403096607,67.5343293391306,"83a8890c9bd54b31ca0a35c09670b06c2135cbfd5512632ef57454e326b2680b"
"<1",54.2564773238939,20,-0.0528723620129431,0.0246675144712327,-0.101220690376559,-0.00452403364932705,TRUE,1.76782403096607,67.5343293391306,"83a8890c9bd54b31ca0a35c09670b06c2135cbfd5512632ef57454e326b2680b"
"<1",54.4933331786012,20,-0.0532378302707079,0.0248378845276251,-0.101920083944853,-0.00455557659656279,TRUE,1.76782403096607,67.5343293391306,"83a8890c9bd54b31ca0a35c09670b06c2135cbfd5512632ef57454e326b2680b"
"<1",54.7301890333086,20,-0.0536032940131094,0.0250082686787074,-0.102619500623376,-0.0045870874028429,TRUE,1.76782403096607,67.5343293391306,"83a8890c9bd54b31ca0a35c09670b06c2135cbfd5512632ef57454e326b2680b"
"<1",54.9670448880159,20,-0.0539687530868465,0.0251786668382057,-0.10331894008973,-0.00461856608396326,TRUE,1.76782403096607,67.5343293391306,"83a8890c9bd54b31ca0a35c09670b06c2135cbfd5512632ef57454e326b2680b"
"<1",55.2039007427233,20,-0.0543342073386177,0.0253490789184946,-0.104018402018867,-0.00465001265836835,TRUE,1.76782403096607,67.5343293391306,"83a8890c9bd54b31ca0a35c09670b06c2135cbfd5512632ef57454e326b2680b"
"<1",55.4407565974307,20,-0.0546996566151219,0.0255195048315164,-0.104717886084894,-0.00468142714534986,TRUE,1.76782403096607,67.5343293391306,"83a8890c9bd54b31ca0a35c09670b06c2135cbfd5512632ef57454e326b2680b"
"<1",55.677612452138,20,-0.0550651007630577,0.0256899444897033,-0.105417391962876,-0.00471280956323921,TRUE,1.76782403096607,67.5343293391306,"83a8890c9bd54b31ca0a35c09670b06c2135cbfd5512632ef57454e326b2680b"
"<1",55.9144683068454,20,-0.0554305396291239,0.0258603978069028,-0.106116919330653,-0.00474415992759439,TRUE,1.76782403096607,67.5343293391306,"83a8890c9bd54b31ca0a35c09670b06c2135cbfd5512632ef57454e326b2680b"
"<1",56.1513241615528,20,-0.0557959730600192,0.026030864699305,-0.106816467870657,-0.00477547824938131,TRUE,1.76782403096607,67.5343293391306,"83a8890c9bd54b31ca0a35c09670b06c2135cbfd5512632ef57454e326b2680b"
"<1",56.3881800162601,20,-0.0561614009024423,0.0262013450863736,-0.107516037271735,-0.00480676453315015,TRUE,1.76782403096607,67.5343293391306,"83a8890c9bd54b31ca0a35c09670b06c2135cbfd5512632ef57454e326b2680b"
"<1",56.6250358709675,20,-0.056526823003092,0.0263718388917783,-0.108215627230977,-0.00483801877520652,TRUE,1.76782403096607,67.5343293391306,"83a8890c9bd54b31ca0a35c09670b06c2135cbfd5512632ef57454e326b2680b"
"<1",56.8618917256748,20,-0.0568922392086669,0.0265423460443309,-0.108915237455555,-0.00486924096177825,TRUE,1.76782403096607,67.5343293391306,"83a8890c9bd54b31ca0a35c09670b06c2135cbfd5512632ef57454e326b2680b"
"<1",57.0987475803822,20,-0.0572576493658658,0.0267128664789226,-0.109614867664554,-0.00490043106717755,TRUE,1.76782403096607,67.5343293391306,"83a8890c9bd54b31ca0a35c09670b06c2135cbfd5512632ef57454e326b2680b"
"<1",57.3356034350896,20,-0.0576230533213874,0.0268834001374635,-0.110314517590816,-0.00493158905195897,TRUE,1.76782403096607,67.5343293391306,"83a8890c9bd54b31ca0a35c09670b06c2135cbfd5512632ef57454e326b2680b"
"<1",57.5724592897969,20,-0.0579884509219364,0.0270539469698324,-0.111014186982808,-0.00496271486106481,TRUE,1.76782403096607,67.5343293391306,"83a8890c9bd54b31ca0a35c09670b06c2135cbfd5512632ef57454e326b2680b"
"<1",57.8093151445043,20,-0.058353842052518,0.0272245069824234,-0.111713875738068,-0.00499380836696803,TRUE,1.76782403096607,67.5343293391306,"83a8890c9bd54b31ca0a35c09670b06c2135cbfd5512632ef57454e326b2680b"
"<1",58.0461709992117,20,-0.0587192267273111,0.0273950803537297,-0.112413584220621,-0.00502486923400087,TRUE,1.76782403096607,67.5343293391306,"83a8890c9bd54b31ca0a35c09670b06c2135cbfd5512632ef57454e326b2680b"
"<1",58.283026853919,20,-0.059084604987699,0.0275656673102473,-0.113113312915784,-0.00505589705961428,TRUE,1.76782403096607,67.5343293391306,"83a8890c9bd54b31ca0a35c09670b06c2135cbfd5512632ef57454e326b2680b"
"<1",58.5198827086264,20,-0.0594499768750649,0.0277362680921184,-0.113813062335617,-0.00508689141451287,TRUE,1.76782403096607,67.5343293391306,"83a8890c9bd54b31ca0a35c09670b06c2135cbfd5512632ef57454e326b2680b"
"<1",58.7567385633337,20,-0.0598153424307922,0.0279068829522249,-0.114512833017153,-0.00511785184443147,TRUE,1.76782403096607,67.5343293391306,"83a8890c9bd54b31ca0a35c09670b06c2135cbfd5512632ef57454e326b2680b"
"<1",58.9935944180411,20,-0.060180701696264,0.028077512155318,-0.115212625520687,-0.00514877787184081,TRUE,1.76782403096607,67.5343293391306,"83a8890c9bd54b31ca0a35c09670b06c2135cbfd5512632ef57454e326b2680b"
"<1",59.2304502727485,20,-0.0605460547128637,0.0282481559771826,-0.115912440428142,-0.00517966899758574,TRUE,1.76782403096607,67.5343293391306,"83a8890c9bd54b31ca0a35c09670b06c2135cbfd5512632ef57454e326b2680b"
"<1",59.4673061274558,20,-0.0609114015219745,0.0284188147038348,-0.116612278341491,-0.00521052470245833,TRUE,1.76782403096607,67.5343293391306,"83a8890c9bd54b31ca0a35c09670b06c2135cbfd5512632ef57454e326b2680b"
"<1",59.7041619821632,20,-0.0612767421649796,0.0285894886307503,-0.11731213988125,-0.00524134444870902,TRUE,1.76782403096607,67.5343293391306,"83a8890c9bd54b31ca0a35c09670b06c2135cbfd5512632ef57454e326b2680b"
"<1",59.9410178368706,20,-0.0616420766832624,0.0287601780621247,-0.118012025685027,-0.00527212768149792,TRUE,1.76782403096607,67.5343293391306,"83a8890c9bd54b31ca0a35c09670b06c2135cbfd5512632ef57454e326b2680b"
"<1",60.1778736915779,20,-0.062007405118206,0.0289308833101616,-0.118711936406123,-0.00530287383028924,TRUE,1.76782403096607,67.5343293391306,"83a8890c9bd54b31ca0a35c09670b06c2135cbfd5512632ef57454e326b2680b"
"<1",60.4147295462853,20,-0.0623727275111937,0.0291016046943893,-0.119411872712197,-0.00533358231019065,TRUE,1.76782403096607,67.5343293391306,"83a8890c9bd54b31ca0a35c09670b06c2135cbfd5512632ef57454e326b2680b"
"<1",60.6515854009927,20,-0.0627380439036089,0.0292723425410044,-0.120111835283977,-0.00536425252324025,TRUE,1.76782403096607,67.5343293391306,"83a8890c9bd54b31ca0a35c09670b06c2135cbfd5512632ef57454e326b2680b"
"<1",60.8884412557,20,-0.0631033543368346,0.0294430971822407,-0.120811824814026,-0.00539488385964287,TRUE,1.76782403096607,67.5343293391306,"83a8890c9bd54b31ca0a35c09670b06c2135cbfd5512632ef57454e326b2680b"
"<1",61.1252971104074,20,-0.0634686588522543,0.0296138689557633,-0.12151184200555,-0.00542547569895823,TRUE,1.76782403096607,67.5343293391306,"83a8890c9bd54b31ca0a35c09670b06c2135cbfd5512632ef57454e326b2680b"
"<1",61.3621529651147,20,-0.0638339574912512,0.0297846582040862,-0.12221188757126,-0.00545602741124229,TRUE,1.76782403096607,67.5343293391306,"83a8890c9bd54b31ca0a35c09670b06c2135cbfd5512632ef57454e326b2680b"
"<1",61.5990088198221,20,-0.0641992502952085,0.0299554652740125,-0.122911962232273,-0.0054865383581441,TRUE,1.76782403096607,67.5343293391306,"83a8890c9bd54b31ca0a35c09670b06c2135cbfd5512632ef57454e326b2680b"
"<1",61.8358646745295,20,-0.0645645373055095,0.0301262905160967,-0.123612066717059,-0.00551700789395987,TRUE,1.76782403096607,67.5343293391306,"83a8890c9bd54b31ca0a35c09670b06c2135cbfd5512632ef57454e326b2680b"
"<1",62.0727205292368,20,-0.0649298185635374,0.0302971342841285,-0.124312201760429,-0.00554743536664551,TRUE,1.76782403096607,67.5343293391306,"83a8890c9bd54b31ca0a35c09670b06c2135cbfd5512632ef57454e326b2680b"
"<1",62.3095763839442,20,-0.0652950941106755,0.0304679969346355,-0.125012368102561,-0.00557782011878993,TRUE,1.76782403096607,67.5343293391306,"83a8890c9bd54b31ca0a35c09670b06c2135cbfd5512632ef57454e326b2680b"
"<1",62.5464322386516,20,-0.0656603639883071,0.0306388788264067,-0.125712566488064,-0.00560816148854998,TRUE,1.76782403096607,67.5343293391306,"83a8890c9bd54b31ca0a35c09670b06c2135cbfd5512632ef57454e326b2680b"
"<1",62.7832880933589,20,-0.0660256282378155,0.0308097803200339,-0.126412797665082,-0.00563845881054902,TRUE,1.76782403096607,67.5343293391306,"83a8890c9bd54b31ca0a35c09670b06c2135cbfd5512632ef57454e326b2680b"
"<1",63.0201439480663,20,-0.0663908869005838,0.0309807017774713,-0.127113062384428,-0.00566871141674005,TRUE,1.76782403096607,67.5343293391306,"83a8890c9bd54b31ca0a35c09670b06c2135cbfd5512632ef57454e326b2680b"
"<1",63.2569998027736,20,-0.0667561400179953,0.0311516435616123,-0.127813361398755,-0.00569891863723531,TRUE,1.76782403096607,67.5343293391306,"83a8890c9bd54b31ca0a35c09670b06c2135cbfd5512632ef57454e326b2680b"
"<1",63.493855657481,20,-0.0671213876314334,0.0313226060358829,-0.128513695461764,-0.00572907980110297,TRUE,1.76782403096607,67.5343293391306,"83a8890c9bd54b31ca0a35c09670b06c2135cbfd5512632ef57454e326b2680b"
"<1",63.7307115121884,20,-0.0674866297822812,0.0314935895638513,-0.12921406532743,-0.00575919423713271,TRUE,1.76782403096607,67.5343293391306,"83a8890c9bd54b31ca0a35c09670b06c2135cbfd5512632ef57454e326b2680b"
"<1",63.9675673668957,20,-0.0678518665119221,0.0316645945088526,-0.129914471749273,-0.00578926127457097,TRUE,1.76782403096607,67.5343293391306,"83a8890c9bd54b31ca0a35c09670b06c2135cbfd5512632ef57454e326b2680b"
"<1",64.2044232216031,20,-0.0682170978617392,0.0318356212336285,-0.130614915479651,-0.00581928024382736,TRUE,1.76782403096607,67.5343293391306,"83a8890c9bd54b31ca0a35c09670b06c2135cbfd5512632ef57454e326b2680b"
"<1",64.4412790763105,20,-0.0685823238731158,0.0320066700999811,-0.131315397269079,-0.00584925047715285,TRUE,1.76782403096607,67.5343293391306,"83a8890c9bd54b31ca0a35c09670b06c2135cbfd5512632ef57454e326b2680b"
"<1",64.6781349310178,20,-0.0689475445874353,0.0321777414684409,-0.132015917865579,-0.00587917130929123,TRUE,1.76782403096607,67.5343293391306,"83a8890c9bd54b31ca0a35c09670b06c2135cbfd5512632ef57454e326b2680b"
"<1",64.9149907857252,20,-0.0693127600460809,0.0323488356979472,-0.132716478014057,-0.00590904207810443,TRUE,1.76782403096607,67.5343293391306,"83a8890c9bd54b31ca0a35c09670b06c2135cbfd5512632ef57454e326b2680b"
"<1",65.1518466404326,20,-0.0696779702904357,0.0325199531455422,-0.133417078455698,-0.0059388621251731,TRUE,1.76782403096607,67.5343293391306,"83a8890c9bd54b31ca0a35c09670b06c2135cbfd5512632ef57454e326b2680b"
"<1",65.3887024951399,20,-0.0700431753618831,0.0326910941660767,-0.134117719927394,-0.00596863079637271,TRUE,1.76782403096607,67.5343293391306,"83a8890c9bd54b31ca0a35c09670b06c2135cbfd5512632ef57454e326b2680b"
"<1",65.6255583498473,20,-0.0704083753018064,0.0328622591119283,-0.134818403161186,-0.00599834744242687,TRUE,1.76782403096607,67.5343293391306,"83a8890c9bd54b31ca0a35c09670b06c2135cbfd5512632ef57454e326b2680b"
"<1",65.8624142045546,20,-0.0707735701515887,0.0330334483327301,-0.13551912888374,-0.00602801141943778,TRUE,1.76782403096607,67.5343293391306,"83a8890c9bd54b31ca0a35c09670b06c2135cbfd5512632ef57454e326b2680b"
"<1",66.099270059262,20,-0.0711387599526135,0.0332046621751112,-0.136219897815832,-0.00605762208939542,TRUE,1.76782403096607,67.5343293391306,"83a8890c9bd54b31ca0a35c09670b06c2135cbfd5512632ef57454e326b2680b"
"<1",66.3361259139694,20,-0.0715039447462638,0.0333759009824479,-0.136920710671862,-0.00608717882066585,TRUE,1.76782403096607,67.5343293391306,"83a8890c9bd54b31ca0a35c09670b06c2135cbfd5512632ef57454e326b2680b"
"<1",66.5729817686767,20,-0.071869124573923,0.0335471650946244,-0.137621568159387,-0.0061166809884592,TRUE,1.76782403096607,67.5343293391306,"83a8890c9bd54b31ca0a35c09670b06c2135cbfd5512632ef57454e326b2680b"
"<1",66.8098376233841,20,-0.0722342994769743,0.033718454847804,-0.13832247097867,-0.00614612797527853,TRUE,1.76782403096607,67.5343293391306,"83a8890c9bd54b31ca0a35c09670b06c2135cbfd5512632ef57454e326b2680b"
"<1",67.0466934780915,20,-0.0725994694968011,0.0338897705742098,-0.139023419822252,-0.00617551917134983,TRUE,1.76782403096607,67.5343293391306,"83a8890c9bd54b31ca0a35c09670b06c2135cbfd5512632ef57454e326b2680b"
"<1",67.2835493327988,20,-0.0729646346747865,0.0340611126019146,-0.139724415374539,-0.00620485397503392,TRUE,1.76782403096607,67.5343293391306,"83a8890c9bd54b31ca0a35c09670b06c2135cbfd5512632ef57454e326b2680b"
"<1",67.5204051875062,20,-0.0733297950523138,0.0342324812546391,-0.140425458311406,-0.00623413179322105,TRUE,1.76782403096607,67.5343293391306,"83a8890c9bd54b31ca0a35c09670b06c2135cbfd5512632ef57454e326b2680b"
"<1",67.5343293391306,20,-0.0733512617510941,0.034242556416133,-0.140466672326715,-0.00623585117547351,TRUE,1.76782403096607,67.5343293391306,"83a8890c9bd54b31ca0a35c09670b06c2135cbfd5512632ef57454e326b2680b"
"<1",67.7572610422135,20,-0.0736949506707663,0.0344038768515601,-0.141126549299824,-0.00626335204170841,FALSE,1.76782403096607,67.5343293391306,"83a8890c9bd54b31ca0a35c09670b06c2135cbfd5512632ef57454e326b2680b"
"<1",67.9941168969209,20,-0.0740601015715272,0.0345752997071253,-0.141827688997493,-0.00629251414556169,FALSE,1.76782403096607,67.5343293391306,"83a8890c9bd54b31ca0a35c09670b06c2135cbfd5512632ef57454e326b2680b"
"<1",68.2309727516283,20,-0.0744252477959798,0.0347467501308771,-0.142528878052499,-0.00632161753946059,FALSE,1.76782403096607,67.5343293391306,"83a8890c9bd54b31ca0a35c09670b06c2135cbfd5512632ef57454e326b2680b"
"<1",68.4678286063356,20,-0.0747903893855073,0.0349182284272846,-0.143230117102985,-0.00635066166802942,FALSE,1.76782403096607,67.5343293391306,"83a8890c9bd54b31ca0a35c09670b06c2135cbfd5512632ef57454e326b2680b"
"<1",68.704684461043,20,-0.0751555263814931,0.0350897348955818,-0.143931406776833,-0.0063796459861528,FALSE,1.76782403096607,67.5343293391306,"83a8890c9bd54b31ca0a35c09670b06c2135cbfd5512632ef57454e326b2680b"
"<1",68.9415403157504,20,-0.0755206588253203,0.0352612698296138,-0.144632747691363,-0.00640856995927734,FALSE,1.76782403096607,67.5343293391306,"83a8890c9bd54b31ca0a35c09670b06c2135cbfd5512632ef57454e326b2680b"
"<1",69.1783961704577,20,-0.0758857867583722,0.0354328335176902,-0.145334140453045,-0.00643743306369954,FALSE,1.76782403096607,67.5343293391306,"83a8890c9bd54b31ca0a35c09670b06c2135cbfd5512632ef57454e326b2680b"
"<1",69.4152520251651,20,-0.0762509102220322,0.0356044262424448,-0.146035585657224,-0.00646623478684037,FALSE,1.76782403096607,67.5343293391306,"83a8890c9bd54b31ca0a35c09670b06c2135cbfd5512632ef57454e326b2680b"
"<1",69.6521078798724,20,-0.0766160292576834,0.0357760482807021,-0.14673708388786,-0.00649497462750721,FALSE,1.76782403096607,67.5343293391306,"83a8890c9bd54b31ca0a35c09670b06c2135cbfd5512632ef57454e326b2680b"
"<1",69.8889637345798,20,-0.0769811439067091,0.03594769990335,-0.147438635717275,-0.00652365209614308,FALSE,1.76782403096607,67.5343293391306,"83a8890c9bd54b31ca0a35c09670b06c2135cbfd5512632ef57454e326b2680b"
"<1",70.1258195892872,20,-0.0773462542104925,0.0361193813752185,-0.148140241705921,-0.00655226671506431,FALSE,1.76782403096607,67.5343293391306,"83a8890c9bd54b31ca0a35c09670b06c2135cbfd5512632ef57454e326b2680b"
"<1",70.3626754439945,20,-0.077711360210417,0.0362910929549648,-0.148841902402148,-0.0065808180186861,FALSE,1.76782403096607,67.5343293391306,"83a8890c9bd54b31ca0a35c09670b06c2135cbfd5512632ef57454e326b2680b"
"<1",70.5995312987019,20,-0.0780764619478658,0.0364628348949635,-0.149543618341994,-0.00660930555373739,FALSE,1.76782403096607,67.5343293391306,"83a8890c9bd54b31ca0a35c09670b06c2135cbfd5512632ef57454e326b2680b"
"<1",70.8363871534093,20,-0.0784415594642221,0.036634607441203,-0.15024539004898,-0.00663772887946427,FALSE,1.76782403096607,67.5343293391306,"83a8890c9bd54b31ca0a35c09670b06c2135cbfd5512632ef57454e326b2680b"
"<1",71.0732430081166,20,-0.0788066528008693,0.0368064108331866,-0.150947218033915,-0.00666608756782353,FALSE,1.76782403096607,67.5343293391306,"83a8890c9bd54b31ca0a35c09670b06c2135cbfd5512632ef57454e326b2680b"
"<1",71.310098862824,20,-0.0791717419991904,0.0369782453038393,-0.151649102794715,-0.00669438120366532,FALSE,1.76782403096607,67.5343293391306,"83a8890c9bd54b31ca0a35c09670b06c2135cbfd5512632ef57454e326b2680b"
"<1",71.5469547175313,20,-0.0795368271005689,0.0371501110794196,-0.152351044816231,-0.00672260938490657,FALSE,1.76782403096607,67.5343293391306,"83a8890c9bd54b31ca0a35c09670b06c2135cbfd5512632ef57454e326b2680b"
"<1",71.7838105722387,20,-0.079901908146388,0.0373220083794355,-0.153053044570082,-0.00675077172269449,FALSE,1.76782403096607,67.5343293391306,"83a8890c9bd54b31ca0a35c09670b06c2135cbfd5512632ef57454e326b2680b"
"<1",72.0206664269461,20,-0.0802669851780309,0.0374939374165663,-0.153755102514501,-0.00677886784156098,FALSE,1.76782403096607,67.5343293391306,"83a8890c9bd54b31ca0a35c09670b06c2135cbfd5512632ef57454e326b2680b"
"<1",72.2575222816534,20,-0.080632058236881,0.0376658983965883,-0.154457219094194,-0.00680689737956794,FALSE,1.76782403096607,67.5343293391306,"83a8890c9bd54b31ca0a35c09670b06c2135cbfd5512632ef57454e326b2680b"
"<1",72.4943781363608,20,-0.0809971273643214,0.0378378915183047,-0.155159394740199,-0.00683485998844409,FALSE,1.76782403096607,67.5343293391306,"83a8890c9bd54b31ca0a35c09670b06c2135cbfd5512632ef57454e326b2680b"
"<1",72.7312339910682,20,-0.0813621926017354,0.0380099169734807,-0.155861629869757,-0.00686275533371324,FALSE,1.76782403096607,67.5343293391306,"83a8890c9bd54b31ca0a35c09670b06c2135cbfd5512632ef57454e326b2680b"
"<1",72.9680898457755,20,-0.0817272539905062,0.0381819749467815,-0.156563924886198,-0.0068905830948145,FALSE,1.76782403096607,67.5343293391306,"83a8890c9bd54b31ca0a35c09670b06c2135cbfd5512632ef57454e326b2680b"
"<1",73.2049457004829,20,-0.0820923115720173,0.0383540656157157,-0.15726628017882,-0.00691834296521449,FALSE,1.76782403096607,67.5343293391306,"83a8890c9bd54b31ca0a35c09670b06c2135cbfd5512632ef57454e326b2680b"
"<1",73.4418015551903,20,-0.0824573653876517,0.0385261891505815,-0.157968696122791,-0.00694603465251196,FALSE,1.76782403096607,67.5343293391306,"83a8890c9bd54b31ca0a35c09670b06c2135cbfd5512632ef57454e326b2680b"
"<1",73.6786574098976,20,-0.0828224154787928,0.0386983457144172,-0.15867117307905,-0.00697365787853506,FALSE,1.76782403096607,67.5343293391306,"83a8890c9bd54b31ca0a35c09670b06c2135cbfd5512632ef57454e326b2680b"
"<1",73.915513264605,20,-0.0831874618868237,0.0388705354629554,-0.159373711394216,-0.00700121237943124,FALSE,1.76782403096607,67.5343293391306,"83a8890c9bd54b31ca0a35c09670b06c2135cbfd5512632ef57454e326b2680b"
"<1",74.1523691193123,20,-0.0835525046531279,0.0390427585445804,-0.160076311400505,-0.00702869790575039,FALSE,1.76782403096607,67.5343293391306,"83a8890c9bd54b31ca0a35c09670b06c2135cbfd5512632ef57454e326b2680b"
"<1",74.3892249740197,20,-0.0839175438190885,0.0392150151002896,-0.160778973415656,-0.00705611422252098,FALSE,1.76782403096607,67.5343293391306,"83a8890c9bd54b31ca0a35c09670b06c2135cbfd5512632ef57454e326b2680b"
"<1",74.6260808287271,20,-0.0842825794260888,0.0393873052636576,-0.161481697742858,-0.00708346110931983,FALSE,1.76782403096607,67.5343293391306,"83a8890c9bd54b31ca0a35c09670b06c2135cbfd5512632ef57454e326b2680b"
"<1",74.8629366834344,20,-0.084647611515512,0.0395596291608044,-0.162184484670689,-0.00711073836033542,FALSE,1.76782403096607,67.5343293391306,"83a8890c9bd54b31ca0a35c09670b06c2135cbfd5512632ef57454e326b2680b"
"<1",75.0997925381418,20,-0.0850126401287415,0.0397319869103655,-0.162887334473058,-0.00713794578442511,FALSE,1.76782403096607,67.5343293391306,"83a8890c9bd54b31ca0a35c09670b06c2135cbfd5512632ef57454e326b2680b"
"<1",75.3366483928492,20,-0.0853776653071605,0.0399043786234665,-0.163590247409155,-0.00716508320516618,FALSE,1.76782403096607,67.5343293391306,"83a8890c9bd54b31ca0a35c09670b06c2135cbfd5512632ef57454e326b2680b"
"<1",75.5735042475565,20,-0.0857426870921521,0.0400768044036994,-0.164293223723403,-0.00719215046090131,FALSE,1.76782403096607,67.5343293391306,"83a8890c9bd54b31ca0a35c09670b06c2135cbfd5512632ef57454e326b2680b"
"<1",75.8103601022639,20,-0.0861077055250998,0.0402492643471028,-0.164996263645421,-0.00721914740477828,FALSE,1.76782403096607,67.5343293391306,"83a8890c9bd54b31ca0a35c09670b06c2135cbfd5512632ef57454e326b2680b"
"<1",76.0472159569712,20,-0.0864727206473867,0.0404217585421442,-0.165699367389989,-0.00724607390478416,FALSE,1.76782403096607,67.5343293391306,"83a8890c9bd54b31ca0a35c09670b06c2135cbfd5512632ef57454e326b2680b"
"<1",76.2840718116786,20,-0.0868377325003961,0.040594287069705,-0.166402535157018,-0.00727292984377424,FALSE,1.76782403096607,67.5343293391306,"83a8890c9bd54b31ca0a35c09670b06c2135cbfd5512632ef57454e326b2680b"
"<1",76.520927666386,20,-0.0872027411255113,0.0407668500030691,-0.167105767131527,-0.0072997151194959,FALSE,1.76782403096607,67.5343293391306,"83a8890c9bd54b31ca0a35c09670b06c2135cbfd5512632ef57454e326b2680b"
"<1",76.7577835210933,20,-0.0875677465641155,0.0409394474079124,-0.167809063483624,-0.00732642964460727,FALSE,1.76782403096607,67.5343293391306,"83a8890c9bd54b31ca0a35c09670b06c2135cbfd5512632ef57454e326b2680b"
"<1",76.9946393758007,20,-0.087932748857592,0.0411120793422963,-0.168512424368493,-0.00735307334669119,FALSE,1.76782403096607,67.5343293391306,"83a8890c9bd54b31ca0a35c09670b06c2135cbfd5512632ef57454e326b2680b"
"<1",77.2314952305081,20,-0.0882977480473241,0.0412847458566631,-0.169215849926384,-0.00737964616826438,FALSE,1.76782403096607,67.5343293391306,"83a8890c9bd54b31ca0a35c09670b06c2135cbfd5512632ef57454e326b2680b"
"<1",77.4683510852154,20,-0.0886627441746949,0.0414574469938331,-0.169919340282608,-0.00740614806678204,FALSE,1.76782403096607,67.5343293391306,"83a8890c9bd54b31ca0a35c09670b06c2135cbfd5512632ef57454e326b2680b"
"<1",77.7052069399228,20,-0.0890277372810878,0.041630182789005,-0.170622895547538,-0.00743257901463802,FALSE,1.76782403096607,67.5343293391306,"83a8890c9bd54b31ca0a35c09670b06c2135cbfd5512632ef57454e326b2680b"
"<1",77.9420627946301,20,-0.0893927274078861,0.0418029532697579,-0.171326515816611,-0.00745893899916066,FALSE,1.76782403096607,67.5343293391306,"83a8890c9bd54b31ca0a35c09670b06c2135cbfd5512632ef57454e326b2680b"
"<1",78.1789186493375,20,-0.0897577145964729,0.0419757584560554,-0.172030201170341,-0.00748522802260436,FALSE,1.76782403096607,67.5343293391306,"83a8890c9bd54b31ca0a35c09670b06c2135cbfd5512632ef57454e326b2680b"
"<1",78.4157745040449,20,-0.0901226988882315,0.0421485983602522,-0.172733951674326,-0.00751144610213722,FALSE,1.76782403096607,67.5343293391306,"83a8890c9bd54b31ca0a35c09670b06c2135cbfd5512632ef57454e326b2680b"
"<1",78.6526303587522,20,-0.0904876803245453,0.0423214729871024,-0.173437767379266,-0.00753759326982456,FALSE,1.76782403096607,67.5343293391306,"83a8890c9bd54b31ca0a35c09670b06c2135cbfd5512632ef57454e326b2680b"
"<1",78.8894862134596,20,-0.0908526589467975,0.0424943823337698,-0.174141648320986,-0.00756366957260869,FALSE,1.76782403096607,67.5343293391306,"83a8890c9bd54b31ca0a35c09670b06c2135cbfd5512632ef57454e326b2680b"
"<1",79.126342068167,20,-0.0912176347963712,0.0426673263898399,-0.174845594520458,-0.00758967507228496,FALSE,1.76782403096607,67.5343293391306,"83a8890c9bd54b31ca0a35c09670b06c2135cbfd5512632ef57454e326b2680b"
"<1",79.3631979228743,20,-0.0915826079146499,0.0428403051373346,-0.175549605983826,-0.00761560984547405,FALSE,1.76782403096607,67.5343293391306,"83a8890c9bd54b31ca0a35c09670b06c2135cbfd5512632ef57454e326b2680b"
"<1",79.6000537775817,20,-0.0919475783430167,0.0430133185507275,-0.176253682702442,-0.00764147398359086,FALSE,1.76782403096607,67.5343293391306,"83a8890c9bd54b31ca0a35c09670b06c2135cbfd5512632ef57454e326b2680b"
"<1",79.836909632289,20,-0.0923125461228549,0.0431863665969617,-0.1769578246529,-0.00766726759280988,FALSE,1.76782403096607,67.5343293391306,"83a8890c9bd54b31ca0a35c09670b06c2135cbfd5512632ef57454e326b2680b"
"<1",80.0737654869964,20,-0.0926775112955477,0.0433594492354696,-0.177662031797068,-0.00769299079402738,FALSE,1.76782403096607,67.5343293391306,"83a8890c9bd54b31ca0a35c09670b06c2135cbfd5512632ef57454e326b2680b"
"<1",80.3106213417038,20,-0.0930424739024785,0.0435325664181931,-0.178366304082137,-0.00771864372282002,FALSE,1.76782403096607,67.5343293391306,"83a8890c9bd54b31ca0a35c09670b06c2135cbfd5512632ef57454e326b2680b"
"<1",80.5474771964111,20,-0.0934074339850304,0.0437057180896069,-0.17907064144066,-0.00774422652940082,FALSE,1.76782403096607,67.5343293391306,"83a8890c9bd54b31ca0a35c09670b06c2135cbfd5512632ef57454e326b2680b"
"<1",80.7843330511185,20,-0.0937723915845868,0.0438789041867425,-0.179775043790602,-0.00776973937857156,FALSE,1.76782403096607,67.5343293391306,"83a8890c9bd54b31ca0a35c09670b06c2135cbfd5512632ef57454e326b2680b"
"<1",81.0211889058259,20,-0.0941373467425309,0.0440521246392134,-0.180479511035389,-0.00779518244967253,FALSE,1.76782403096607,67.5343293391306,"83a8890c9bd54b31ca0a35c09670b06c2135cbfd5512632ef57454e326b2680b"
"<1",81.2580447605332,20,-0.0945022995002459,0.0442253793692432,-0.181184043063963,-0.00782055593652926,FALSE,1.76782403096607,67.5343293391306,"83a8890c9bd54b31ca0a35c09670b06c2135cbfd5512632ef57454e326b2680b"
"<1",81.4949006152406,20,-0.0948672498991151,0.0443986682916932,-0.181888639750834,-0.0078458600473965,FALSE,1.76782403096607,67.5343293391306,"83a8890c9bd54b31ca0a35c09670b06c2135cbfd5512632ef57454e326b2680b"
"<1",81.731756469948,20,-0.0952321979805219,0.0445719913140931,-0.182593300956144,-0.00787109500489937,FALSE,1.76782403096607,67.5343293391306,"83a8890c9bd54b31ca0a35c09670b06c2135cbfd5512632ef57454e326b2680b"
"<1",81.9686123246553,20,-0.0955971437858493,0.0447453483366721,-0.183298026525727,-0.00789626104597198,FALSE,1.76782403096607,67.5343293391306,"83a8890c9bd54b31ca0a35c09670b06c2135cbfd5512632ef57454e326b2680b"
"<1",82.2054681793627,20,-0.0959620873564808,0.0449187392523915,-0.184002816291168,-0.00792135842179337,FALSE,1.76782403096607,67.5343293391306,"83a8890c9bd54b31ca0a35c09670b06c2135cbfd5512632ef57454e326b2680b"
"<1",82.44232403407,20,-0.0963270287337995,0.0450921639469788,-0.184707670069878,-0.00794638739772094,FALSE,1.76782403096607,67.5343293391306,"83a8890c9bd54b31ca0a35c09670b06c2135cbfd5512632ef57454e326b2680b"
"<1",82.6791798887774,20,-0.0966919679591887,0.0452656222989628,-0.185412587665156,-0.00797134825322154,FALSE,1.76782403096607,67.5343293391306,"83a8890c9bd54b31ca0a35c09670b06c2135cbfd5512632ef57454e326b2680b"
"<1",82.9160357434848,20,-0.0970569050740317,0.04543911417971,-0.186117568866263,-0.00799624128180008,FALSE,1.76782403096607,67.5343293391306,"83a8890c9bd54b31ca0a35c09670b06c2135cbfd5512632ef57454e326b2680b"
"<1",83.1528915981921,20,-0.0974218401197117,0.0456126394534622,-0.186822613448498,-0.0080210667909258,FALSE,1.76782403096607,67.5343293391306,"83a8890c9bd54b31ca0a35c09670b06c2135cbfd5512632ef57454e326b2680b"
"<1",83.3897474528995,20,-0.097786773137612,0.0457861979773753,-0.187527721173267,-0.00804582510195649,FALSE,1.76782403096607,67.5343293391306,"83a8890c9bd54b31ca0a35c09670b06c2135cbfd5512632ef57454e326b2680b"
"<1",83.6266033076069,20,-0.0981517041691159,0.045959789601559,-0.188232891788172,-0.00807051655006023,FALSE,1.76782403096607,67.5343293391306,"83a8890c9bd54b31ca0a35c09670b06c2135cbfd5512632ef57454e326b2680b"
"<1",83.8634591623142,20,-0.0985166332556066,0.046133414169118,-0.188938125027078,-0.00809514148413533,FALSE,1.76782403096607,67.5343293391306,"83a8890c9bd54b31ca0a35c09670b06c2135cbfd5512632ef57454e326b2680b"
"<1",84.1003150170216,20,-0.0988815604384673,0.0463070715161936,-0.189643420610207,-0.00811970026672791,FALSE,1.76782403096607,67.5343293391306,"83a8890c9bd54b31ca0a35c09670b06c2135cbfd5512632ef57454e326b2680b"
"<1",84.3371708717289,20,-0.0992464857590814,0.046480761472007,-0.190348778244215,-0.00814419327394772,FALSE,1.76782403096607,67.5343293391306,"83a8890c9bd54b31ca0a35c09670b06c2135cbfd5512632ef57454e326b2680b"
"<1",84.5740267264363,20,-0.099611409258832,0.0466544838589032,-0.191054197622282,-0.00816862089538181,FALSE,1.76782403096607,67.5343293391306,"83a8890c9bd54b31ca0a35c09670b06c2135cbfd5512632ef57454e326b2680b"
"<1",84.8108825811437,20,-0.0999763309791025,0.0468282384923959,-0.191759678424199,-0.00819298353400649,FALSE,1.76782403096607,67.5343293391306,"83a8890c9bd54b31ca0a35c09670b06c2135cbfd5512632ef57454e326b2680b"
"<1",85.047738435851,20,-0.100341250961276,0.0470020251812138,-0.192465220316455,-0.00821728160609717,FALSE,1.76782403096607,67.5343293391306,"83a8890c9bd54b31ca0a35c09670b06c2135cbfd5512632ef57454e326b2680b"
"<1",85.2845942905584,20,-0.100706169246736,0.0471758437273466,-0.193170822952335,-0.00824151554113672,FALSE,1.76782403096607,67.5343293391306,"83a8890c9bd54b31ca0a35c09670b06c2135cbfd5512632ef57454e326b2680b"
"<1",85.5214501452658,20,-0.101071085876866,0.0473496939260938,-0.193876485972009,-0.00826568578172192,FALSE,1.76782403096607,67.5343293391306,"83a8890c9bd54b31ca0a35c09670b06c2135cbfd5512632ef57454e326b2680b"
"<1",85.7583059999731,20,-0.101436000893048,0.0475235755661123,-0.194582209002628,-0.00828979278346813,FALSE,1.76782403096607,67.5343293391306,"83a8890c9bd54b31ca0a35c09670b06c2135cbfd5512632ef57454e326b2680b"
"<1",85.9951618546805,20,-0.101800914336667,0.0476974884294665,-0.195287991658421,-0.00831383701491253,FALSE,1.76782403096607,67.5343293391306,"83a8890c9bd54b31ca0a35c09670b06c2135cbfd5512632ef57454e326b2680b"
"<1",86.2320177093878,20,-0.102165826249105,0.0478714322916782,-0.195993833540794,-0.00833781895741549,FALSE,1.76782403096607,67.5343293391306,"83a8890c9bd54b31ca0a35c09670b06c2135cbfd5512632ef57454e326b2680b"
"<1",86.4688735640952,20,-0.102530736671746,0.048045406921778,-0.19669973423843,-0.00836173910506068,FALSE,1.76782403096607,67.5343293391306,"83a8890c9bd54b31ca0a35c09670b06c2135cbfd5512632ef57454e326b2680b"
"<1",86.7057294188026,20,-0.102895645645972,0.0482194120823565,-0.197405693327391,-0.00838559796455333,FALSE,1.76782403096607,67.5343293391306,"83a8890c9bd54b31ca0a35c09670b06c2135cbfd5512632ef57454e326b2680b"
"<1",86.9425852735099,20,-0.103260553213168,0.0483934475296177,-0.198111710371219,-0.00840939605511731,FALSE,1.76782403096607,67.5343293391306,"83a8890c9bd54b31ca0a35c09670b06c2135cbfd5512632ef57454e326b2680b"
"<1",87.1794411282173,20,-0.103625459414716,0.0485675130134315,-0.198817784921042,-0.00843313390839052,FALSE,1.76782403096607,67.5343293391306,"83a8890c9bd54b31ca0a35c09670b06c2135cbfd5512632ef57454e326b2680b"
"<1",87.4162969829247,20,-0.103990364292,0.0487416082773883,-0.199523916515681,-0.00845681206831911,FALSE,1.76782403096607,67.5343293391306,"83a8890c9bd54b31ca0a35c09670b06c2135cbfd5512632ef57454e326b2680b"
"<1",87.653152837632,20,-0.104355267886403,0.0489157330588535,-0.200230104681756,-0.00848043109105015,FALSE,1.76782403096607,67.5343293391306,"83a8890c9bd54b31ca0a35c09670b06c2135cbfd5512632ef57454e326b2680b"
"<1",87.8900086923394,20,-0.104720170239308,0.049089887089023,-0.200936348933793,-0.00850399154482309,FALSE,1.76782403096607,67.5343293391306,"83a8890c9bd54b31ca0a35c09670b06c2135cbfd5512632ef57454e326b2680b"
"<1",88.1268645470468,20,-0.105085071392099,0.049264070092979,-0.201642648774338,-0.0085274940098599,FALSE,1.76782403096607,67.5343293391306,"83a8890c9bd54b31ca0a35c09670b06c2135cbfd5512632ef57454e326b2680b"
"<1",88.3637204017541,20,-0.105449971386158,0.049438281789747,-0.202349003694062,-0.00855093907825401,FALSE,1.76782403096607,67.5343293391306,"83a8890c9bd54b31ca0a35c09670b06c2135cbfd5512632ef57454e326b2680b"
"<1",88.6005762564615,20,-0.105814870262869,0.0496125218923528,-0.203055413171881,-0.00857432735385784,FALSE,1.76782403096607,67.5343293391306,"83a8890c9bd54b31ca0a35c09670b06c2135cbfd5512632ef57454e326b2680b"
"<1",88.8374321111688,20,-0.106179768063616,0.0497867901078809,-0.203761876675063,-0.00859765945216946,FALSE,1.76782403096607,67.5343293391306,"83a8890c9bd54b31ca0a35c09670b06c2135cbfd5512632ef57454e326b2680b"
"<1",89.0742879658762,20,-0.106544664829781,0.0499610861375323,-0.204468393659344,-0.00862093600021788,FALSE,1.76782403096607,67.5343293391306,"83a8890c9bd54b31ca0a35c09670b06c2135cbfd5512632ef57454e326b2680b"
"<1",89.3111438205836,20,-0.106909560602748,0.0501354096766841,-0.205174963569049,-0.00864415763644716,FALSE,1.76782403096607,67.5343293391306,"83a8890c9bd54b31ca0a35c09670b06c2135cbfd5512632ef57454e326b2680b"
"<1",89.5479996752909,20,-0.1072744554239,0.050309760414949,-0.2058815858372,-0.00866732501059975,FALSE,1.76782403096607,67.5343293391306,"83a8890c9bd54b31ca0a35c09670b06c2135cbfd5512632ef57454e326b2680b"
"<1",89.7848555299983,20,-0.10763934933462,0.0504841380362356,-0.206588259885642,-0.00869043878359836,FALSE,1.76782403096607,67.5343293391306,"83a8890c9bd54b31ca0a35c09670b06c2135cbfd5512632ef57454e326b2680b"
"<1",90.0217113847057,20,-0.108004242376292,0.0506585422188085,-0.207294985125156,-0.00871349962742719,FALSE,1.76782403096607,67.5343293391306,"83a8890c9bd54b31ca0a35c09670b06c2135cbfd5512632ef57454e326b2680b"
"<1",90.258567239413,20,-0.108369134590298,0.0508329726353503,-0.208001760955585,-0.00873650822501183,FALSE,1.76782403096607,67.5343293391306,"83a8890c9bd54b31ca0a35c09670b06c2135cbfd5512632ef57454e326b2680b"
"<1",90.4954230941204,20,-0.108734026018023,0.0510074289530228,-0.208708586765948,-0.00875946527009847,FALSE,1.76782403096607,67.5343293391306,"83a8890c9bd54b31ca0a35c09670b06c2135cbfd5512632ef57454e326b2680b"
"<1",90.7322789488277,20,-0.109098916700849,0.0511819108335292,-0.209415461934566,-0.00878237146713187,FALSE,1.76782403096607,67.5343293391306,"83a8890c9bd54b31ca0a35c09670b06c2135cbfd5512632ef57454e326b2680b"
"<1",90.9691348035351,20,-0.10946380668016,0.0513564179331769,-0.210122385829186,-0.0088052275311328,FALSE,1.76782403096607,67.5343293391306,"83a8890c9bd54b31ca0a35c09670b06c2135cbfd5512632ef57454e326b2680b"
"<1",91.2059906582425,20,-0.109828695997338,0.0515309499029408,-0.210829357807102,-0.00882803418757414,FALSE,1.76782403096607,67.5343293391306,"83a8890c9bd54b31ca0a35c09670b06c2135cbfd5512632ef57454e326b2680b"
"<1",91.4428465129498,20,-0.110193584693768,0.0517055063885261,-0.211536377215279,-0.00885079217225643,FALSE,1.76782403096607,67.5343293391306,"83a8890c9bd54b31ca0a35c09670b06c2135cbfd5512632ef57454e326b2680b"
"<1",91.6797023676572,20,-0.110558472810831,0.0518800870304331,-0.21224344339048,-0.0088735022311825,FALSE,1.76782403096607,67.5343293391306,"83a8890c9bd54b31ca0a35c09670b06c2135cbfd5512632ef57454e326b2680b"
"<1",91.9165582223646,20,-0.110923360389913,0.0520546914640213,-0.212950555659395,-0.00889616512043118,FALSE,1.76782403096607,67.5343293391306,"83a8890c9bd54b31ca0a35c09670b06c2135cbfd5512632ef57454e326b2680b"
"<1",92.1534140770719,20,-0.111288247472395,0.052229319319574,-0.21365771333876,-0.00891878160603035,FALSE,1.76782403096607,67.5343293391306,"83a8890c9bd54b31ca0a35c09670b06c2135cbfd5512632ef57454e326b2680b"
"<1",92.3902699317793,20,-0.111653134099662,0.0524039702223637,-0.214364915735495,-0.00894135246382913,FALSE,1.76782403096607,67.5343293391306,"83a8890c9bd54b31ca0a35c09670b06c2135cbfd5512632ef57454e326b2680b"
"<1",92.6271257864866,20,-0.112018020313096,0.0525786437927176,-0.215072162146822,-0.00896387847936933,FALSE,1.76782403096607,67.5343293391306,"83a8890c9bd54b31ca0a35c09670b06c2135cbfd5512632ef57454e326b2680b"
"<1",92.863981641194,20,-0.11238290615408,0.0527533396460838,-0.215779451860405,-0.00898636044775622,FALSE,1.76782403096607,67.5343293391306,"83a8890c9bd54b31ca0a35c09670b06c2135cbfd5512632ef57454e326b2680b"
"<1",93.1008374959014,20,-0.112747791663999,0.0529280573930973,-0.21648678415447,-0.0090087991735284,FALSE,1.76782403096607,67.5343293391306,"83a8890c9bd54b31ca0a35c09670b06c2135cbfd5512632ef57454e326b2680b"
"<1",93.3376933506087,20,-0.113112676884235,0.0531027966396467,-0.217194158297942,-0.00903119547052729,FALSE,1.76782403096607,67.5343293391306,"83a8890c9bd54b31ca0a35c09670b06c2135cbfd5512632ef57454e326b2680b"
"<1",93.5745492053161,20,-0.113477561856171,0.0532775569869414,-0.217901573550576,-0.00905355016176575,FALSE,1.76782403096607,67.5343293391306,"83a8890c9bd54b31ca0a35c09670b06c2135cbfd5512632ef57454e326b2680b"
"<1",93.8114050600235,20,-0.113842446621191,0.0534523380315791,-0.218609029163086,-0.00907586407929585,FALSE,1.76782403096607,67.5343293391306,"83a8890c9bd54b31ca0a35c09670b06c2135cbfd5512632ef57454e326b2680b"
"<1",94.0482609147308,20,-0.114207331220678,0.0536271393656128,-0.219316524377279,-0.00909813806407657,FALSE,1.76782403096607,67.5343293391306,"83a8890c9bd54b31ca0a35c09670b06c2135cbfd5512632ef57454e326b2680b"
"<1",94.2851167694382,20,-0.114572215696015,0.0538019605766196,-0.220024058426189,-0.00912037296584031,FALSE,1.76782403096607,67.5343293391306,"83a8890c9bd54b31ca0a35c09670b06c2135cbfd5512632ef57454e326b2680b"
"<1",94.5219726241455,20,-0.114937100088585,0.0539768012477685,-0.220731630534212,-0.00914256964295904,FALSE,1.76782403096607,67.5343293391306,"83a8890c9bd54b31ca0a35c09670b06c2135cbfd5512632ef57454e326b2680b"
"<1",94.7588284788529,20,-0.115301984439773,0.0541516609578891,-0.221439239917235,-0.00916472896230992,FALSE,1.76782403096607,67.5343293391306,"83a8890c9bd54b31ca0a35c09670b06c2135cbfd5512632ef57454e326b2680b"
"1-5",0.0164865959077473,20,-0.0212594756894979,0.0185638931894002,-0.0576447063407223,0.0151257549617265,FALSE,1.76768905979204,67.3804721618428,"83a8890c9bd54b31ca0a35c09670b06c2135cbfd5512632ef57454e326b2680b"
"1-5",0.25334245061511,20,-0.0210074427626556,0.0183436295392359,-0.056960956659558,0.0149460711342467,FALSE,1.76768905979204,67.3804721618428,"83a8890c9bd54b31ca0a35c09670b06c2135cbfd5512632ef57454e326b2680b"
"1-5",0.490198305322473,20,-0.0207554098810401,0.0181233670653601,-0.0562772093291459,0.0147663895670658,FALSE,1.76768905979204,67.3804721618428,"83a8890c9bd54b31ca0a35c09670b06c2135cbfd5512632ef57454e326b2680b"
"1-5",0.727054160029836,20,-0.0205033770898778,0.017903105996577,-0.0555934648431687,0.014586710663413,FALSE,1.76768905979204,67.3804721618428,"83a8890c9bd54b31ca0a35c09670b06c2135cbfd5512632ef57454e326b2680b"
"1-5",0.963910014737199,20,-0.0202513444343957,0.0176828465599094,-0.0549097236918182,0.0144070348230267,FALSE,1.76768905979204,67.3804721618428,"83a8890c9bd54b31ca0a35c09670b06c2135cbfd5512632ef57454e326b2680b"
"1-5",1.20076586944456,20,-0.0199993119598203,0.0174625889805045,-0.0542259863616091,0.0142273624419685,FALSE,1.76768905979204,67.3804721618428,"83a8890c9bd54b31ca0a35c09670b06c2135cbfd5512632ef57454e326b2680b"
"1-5",1.43762172415192,20,-0.0197472797113784,0.0172423334815389,-0.0535422533351947,0.014047693912438,FALSE,1.76768905979204,67.3804721618428,"83a8890c9bd54b31ca0a35c09670b06c2135cbfd5512632ef57454e326b2680b"
"1-5",1.67447757885929,20,-0.0194952477342965,0.0170220802841243,-0.0528585250911802,0.0138680296225871,FALSE,1.76768905979204,67.3804721618428,"83a8890c9bd54b31ca0a35c09670b06c2135cbfd5512632ef57454e326b2680b"
"1-5",1.76768905979204,20,-0.0193960639759397,0.0169354032378881,-0.0525894543222004,0.013797326370321,TRUE,1.76768905979204,67.3804721618428,"83a8890c9bd54b31ca0a35c09670b06c2135cbfd5512632ef57454e326b2680b"
"1-5",1.91133343356665,20,-0.0192432160738015,0.0168018296072124,-0.0521748021039379,0.0136883699563348,TRUE,1.76768905979204,67.3804721618428,"83a8890c9bd54b31ca0a35c09670b06c2135cbfd5512632ef57454e326b2680b"
"1-5",2.14818928827401,20,-0.01899118477512,0.0165815816675006,-0.0514910848434213,0.0135087152931812,TRUE,1.76768905979204,67.3804721618428,"83a8890c9bd54b31ca0a35c09670b06c2135cbfd5512632ef57454e326b2680b"
"1-5",2.38504514298138,20,-0.0187391538834788,0.0163613366793373,-0.0508073737749798,0.0133290660080223,TRUE,1.76768905979204,67.3804721618428,"83a8890c9bd54b31ca0a35c09670b06c2135cbfd5512632ef57454e326b2680b"
"1-5",2.62190099768874,20,-0.0184871234441043,0.0161410948546267,-0.0501236693591728,0.0131494224709641,TRUE,1.76768905979204,67.3804721618428,"83a8890c9bd54b31ca0a35c09670b06c2135cbfd5512632ef57454e326b2680b"
"1-5",2.8587568523961,20,-0.0182350935022235,0.0159208564027349,-0.0494399720515839,0.0129697850471369,TRUE,1.76768905979204,67.3804721618428,"83a8890c9bd54b31ca0a35c09670b06c2135cbfd5512632ef57454e326b2680b"
"1-5",3.09561270710346,20,-0.0179830641030629,0.0157006215303942,-0.0487562823026356,0.0127901540965097,TRUE,1.76768905979204,67.3804721618428,"83a8890c9bd54b31ca0a35c09670b06c2135cbfd5512632ef57454e326b2680b"
"1-5",3.33246856181083,20,-0.0177310352918493,0.0154803904416092,-0.0480726005574033,0.0126105299737046,TRUE,1.76768905979204,67.3804721618428,"83a8890c9bd54b31ca0a35c09670b06c2135cbfd5512632ef57454e326b2680b"
"1-5",3.56932441651819,20,-0.0174790071138093,0.0152601633375612,-0.0473889272554293,0.0124309130278106,TRUE,1.76768905979204,67.3804721618428,"83a8890c9bd54b31ca0a35c09670b06c2135cbfd5512632ef57454e326b2680b"
"1-5",3.80618027122555,20,-0.0172269796141697,0.0150399404165142,-0.0467052628305374,0.0122513036021981,TRUE,1.76768905979204,67.3804721618428,"83a8890c9bd54b31ca0a35c09670b06c2135cbfd5512632ef57454e326b2680b"
"1-5",4.04303612593292,20,-0.016974952838157,0.0148197218737193,-0.0460216077106468,0.0120717020343327,TRUE,1.76768905979204,67.3804721618428,"83a8890c9bd54b31ca0a35c09670b06c2135cbfd5512632ef57454e326b2680b"
"1-5",4.27989198064028,20,-0.0167229268309981,0.0145995079013203,-0.0453379623175859,0.0118921086555897,TRUE,1.76768905979204,67.3804721618428,"83a8890c9bd54b31ca0a35c09670b06c2135cbfd5512632ef57454e326b2680b"
"1-5",4.51674783534764,20,-0.0164709016379196,0.0143792986882589,-0.044654327066907,0.0117125237910678,TRUE,1.76768905979204,67.3804721618428,"83a8890c9bd54b31ca0a35c09670b06c2135cbfd5512632ef57454e326b2680b"
"1-5",4.753603690055,20,-0.0162188773041481,0.0141590944201793,-0.0439707023676995,0.0115329477594033,TRUE,1.76768905979204,67.3804721618428,"83a8890c9bd54b31ca0a35c09670b06c2135cbfd5512632ef57454e326b2680b"
"1-5",4.99045954476237,20,-0.0159668538749104,0.0139388952793337,-0.0432870886224045,0.0113533808725837,TRUE,1.76768905979204,67.3804721618428,"83a8890c9bd54b31ca0a35c09670b06c2135cbfd5512632ef57454e326b2680b"
"1-5",5.22731539946973,20,-0.0157148313954332,0.0137187014444874,-0.0426034862266285,0.0111738234357621,TRUE,1.76768905979204,67.3804721618428,"83a8890c9bd54b31ca0a35c09670b06c2135cbfd5512632ef57454e326b2680b"
"1-5",5.46417125417709,20,-0.0154628099109431,0.0134985130908235,-0.0419198955689571,0.0109942757470709,TRUE,1.76768905979204,67.3804721618428,"83a8890c9bd54b31ca0a35c09670b06c2135cbfd5512632ef57454e326b2680b"
"1-5",5.70102710888446,20,-0.0152107894666669,0.013278330389848,-0.041236317030769,0.0108147380974352,TRUE,1.76768905979204,67.3804721618428,"83a8890c9bd54b31ca0a35c09670b06c2135cbfd5512632ef57454e326b2680b"
"1-5",5.93788296359182,20,-0.0149587701078312,0.0130581535092952,-0.0405527509860497,0.0106352107703873,TRUE,1.76768905979204,67.3804721618428,"83a8890c9bd54b31ca0a35c09670b06c2135cbfd5512632ef57454e326b2680b"
"1-5",6.17473881829918,20,-0.0147067518796627,0.012837982613032,-0.0398691978012053,0.01045569404188,TRUE,1.76768905979204,67.3804721618428,"83a8890c9bd54b31ca0a35c09670b06c2135cbfd5512632ef57454e326b2680b"
"1-5",6.41159467300655,20,-0.0144547348273881,0.0126178178609634,-0.0391856578348763,0.0102761881801001,TRUE,1.76768905979204,67.3804721618428,"83a8890c9bd54b31ca0a35c09670b06c2135cbfd5512632ef57454e326b2680b"
"1-5",6.64845052771391,20,-0.0142027189962341,0.0123976594089371,-0.0385021314377509,0.0100966934452827,TRUE,1.76768905979204,67.3804721618428,"83a8890c9bd54b31ca0a35c09670b06c2135cbfd5512632ef57454e326b2680b"
"1-5",6.88530638242127,20,-0.0139507044314273,0.0121775074086487,-0.0378186189523788,0.00991721008952421,TRUE,1.76768905979204,67.3804721618428,"83a8890c9bd54b31ca0a35c09670b06c2135cbfd5512632ef57454e326b2680b"
"1-5",7.12216223712863,20,-0.0136986911781946,0.0119573620075463,-0.0371351207129852,0.0097377383565961,TRUE,1.76768905979204,67.3804721618428,"83a8890c9bd54b31ca0a35c09670b06c2135cbfd5512632ef57454e326b2680b"
"1-5",7.359018091836,20,-0.0134466792817624,0.0117372233487352,-0.0364516370452834,0.00955827848175853,TRUE,1.76768905979204,67.3804721618428,"83a8890c9bd54b31ca0a35c09670b06c2135cbfd5512632ef57454e326b2680b"
"1-5",7.59587394654336,20,-0.0131946687873577,0.0115170915708834,-0.0357681682662891,0.00937883069157375,TRUE,1.76768905979204,67.3804721618428,"83a8890c9bd54b31ca0a35c09670b06c2135cbfd5512632ef57454e326b2680b"
"1-5",7.83272980125072,20,-0.012942659740207,0.0112969668081258,-0.0350847146841334,0.00919939520371951,TRUE,1.76768905979204,67.3804721618428,"83a8890c9bd54b31ca0a35c09670b06c2135cbfd5512632ef57454e326b2680b"
"1-5",8.06958565595808,20,-0.012690652185537,0.0110768491899691,-0.0344012765978764,0.00901997222680248,TRUE,1.76768905979204,67.3804721618428,"83a8890c9bd54b31ca0a35c09670b06c2135cbfd5512632ef57454e326b2680b"
"1-5",8.30644151066545,20,-0.0124386461685744,0.0108567388411969,-0.0337178542973203,0.00884056196017161,TRUE,1.76768905979204,67.3804721618428,"83a8890c9bd54b31ca0a35c09670b06c2135cbfd5512632ef57454e326b2680b"
"1-5",8.54329736537281,20,-0.0121866417345459,0.0106366358817741,-0.0330344480628231,0.00866116459373141,TRUE,1.76768905979204,67.3804721618428,"83a8890c9bd54b31ca0a35c09670b06c2135cbfd5512632ef57454e326b2680b"
"1-5",8.78015322008017,20,-0.0119346389286781,0.0104165404267517,-0.0323510581651116,0.00848178030775527,TRUE,1.76768905979204,67.3804721618428,"83a8890c9bd54b31ca0a35c09670b06c2135cbfd5512632ef57454e326b2680b"
"1-5",9.01700907478754,20,-0.0116826377961979,0.0101964525861717,-0.0316676848650945,0.00830240927269865,TRUE,1.76768905979204,67.3804721618428,"83a8890c9bd54b31ca0a35c09670b06c2135cbfd5512632ef57454e326b2680b"
"1-5",9.2538649294949,20,-0.0114306383823318,0.00997637246497149,-0.030984328413676,0.00812305164901227,TRUE,1.76768905979204,67.3804721618428,"83a8890c9bd54b31ca0a35c09670b06c2135cbfd5512632ef57454e326b2680b"
"1-5",9.49072078420226,20,-0.0111786407323066,0.00975630016288873,-0.0303009890515685,0.00794370758695529,TRUE,1.76768905979204,67.3804721618428,"83a8890c9bd54b31ca0a35c09670b06c2135cbfd5512632ef57454e326b2680b"
"1-5",9.72757663890962,20,-0.0109266448913489,0.00953623577436599,-0.0296176670091063,0.0077643772264084,TRUE,1.76768905979204,67.3804721618428,"83a8890c9bd54b31ca0a35c09670b06c2135cbfd5512632ef57454e326b2680b"
"1-5",9.96443249361699,20,-0.0106746509046855,0.00931617938845532,-0.0289343625060579,0.00758506069668692,TRUE,1.76768905979204,67.3804721618428,"83a8890c9bd54b31ca0a35c09670b06c2135cbfd5512632ef57454e326b2680b"
"1-5",10.2012883483244,20,-0.010422658817543,0.00909613108872286,-0.0282510757514398,0.00740575811635383,TRUE,1.76768905979204,67.3804721618428,"83a8890c9bd54b31ca0a35c09670b06c2135cbfd5512632ef57454e326b2680b"
"1-5",10.4381442030317,20,-0.0101706686751481,0.00887609095315348,-0.0275678069433289,0.00722646959303276,TRUE,1.76768905979204,67.3804721618428,"83a8890c9bd54b31ca0a35c09670b06c2135cbfd5512632ef57454e326b2680b"
"1-5",10.6750000577391,20,-0.00991868052272744,0.00865605905405533,-0.0268845562686759,0.007047195223221,TRUE,1.76768905979204,67.3804721618428,"83a8890c9bd54b31ca0a35c09670b06c2135cbfd5512632ef57454e326b2680b"
"1-5",10.9118559124464,20,-0.0096666944055078,0.00843603545796438,-0.026201323903118,0.00686793509210239,TRUE,1.76768905979204,67.3804721618428,"83a8890c9bd54b31ca0a35c09670b06c2135cbfd5512632ef57454e326b2680b"
"1-5",11.1487117671538,20,-0.00941471036871584,0.00821602022554904,-0.0255181100107919,0.00668868927336028,TRUE,1.76768905979204,67.3804721618428,"83a8890c9bd54b31ca0a35c09670b06c2135cbfd5512632ef57454e326b2680b"
"1-5",11.3855676218612,20,-0.00916272845757823,0.0079960134115146,-0.0248349147441468,0.00650945782899038,TRUE,1.76768905979204,67.3804721618428,"83a8890c9bd54b31ca0a35c09670b06c2135cbfd5512632ef57454e326b2680b"
"1-5",11.6224234765685,20,-0.00891074871732168,0.00777601506450781,-0.024151738243757,0.00633024080911363,TRUE,1.76768905979204,67.3804721618428,"83a8890c9bd54b31ca0a35c09670b06c2135cbfd5512632ef57454e326b2680b"
"1-5",11.8592793312759,20,-0.00865877119317286,0.00755602522702134,-0.0234685806381347,0.00615103825178898,TRUE,1.76768905979204,67.3804721618428,"83a8890c9bd54b31ca0a35c09670b06c2135cbfd5512632ef57454e326b2680b"
"1-5",12.0961351859833,20,-0.00840679593035848,0.00733604393529832,-0.0227854420435432,0.00597185018282623,TRUE,1.76768905979204,67.3804721618428,"83a8890c9bd54b31ca0a35c09670b06c2135cbfd5512632ef57454e326b2680b"
"1-5",12.3329910406906,20,-0.0081548229741052,0.00711607121923672,-0.0221023225638092,0.00579267661559878,TRUE,1.76768905979204,67.3804721618428,"83a8890c9bd54b31ca0a35c09670b06c2135cbfd5512632ef57454e326b2680b"
"1-5",12.569846895398,20,-0.00790285236963973,0.00689610710229393,-0.0214192222901358,0.00561351755085638,TRUE,1.76768905979204,67.3804721618428,"83a8890c9bd54b31ca0a35c09670b06c2135cbfd5512632ef57454e326b2680b"
"1-5",12.8067027501053,20,-0.00765088416218875,0.00667615160139114,-0.0207361413009154,0.00543437297653789,TRUE,1.76768905979204,67.3804721618428,"83a8890c9bd54b31ca0a35c09670b06c2135cbfd5512632ef57454e326b2680b"
"1-5",13.0435586048127,20,-0.00739891839697896,0.00645620472681781,-0.0200530796615419,0.00525524286758394,TRUE,1.76768905979204,67.3804721618428,"83a8890c9bd54b31ca0a35c09670b06c2135cbfd5512632ef57454e326b2680b"
"1-5",13.2804144595201,20,-0.00714695511923703,0.00623626648213606,-0.0193700374242237,0.00507612718574965,TRUE,1.76768905979204,67.3804721618428,"83a8890c9bd54b31ca0a35c09670b06c2135cbfd5512632ef57454e326b2680b"
"1-5",13.5172703142274,20,-0.00689499437418967,0.0060163368640852,-0.0186870146277967,0.00489702587941733,TRUE,1.76768905979204,67.3804721618428,"83a8890c9bd54b31ca0a35c09670b06c2135cbfd5512632ef57454e326b2680b"
"1-5",13.7541261689348,20,-0.00664303620706355,0.00579641586248605,-0.0180040112975362,0.00471793888340911,TRUE,1.76768905979204,67.3804721618428,"83a8890c9bd54b31ca0a35c09670b06c2135cbfd5512632ef57454e326b2680b"
"1-5",13.9909820236422,20,-0.00639108066308536,0.0055765034601454,-0.0173210274449703,0.00453886611879961,TRUE,1.76768905979204,67.3804721618428,"83a8890c9bd54b31ca0a35c09670b06c2135cbfd5512632ef57454e326b2680b"
"1-5",14.2278378783495,20,-0.0061391277874818,0.00535659963276042,-0.0166380630676922,0.00435980749272862,TRUE,1.76768905979204,67.3804721618428,"83a8890c9bd54b31ca0a35c09670b06c2135cbfd5512632ef57454e326b2680b"
"1-5",14.4646937330569,20,-0.00588717762547955,0.00513670434882309,-0.0159551181491728,0.0041807628982137,TRUE,1.76768905979204,67.3804721618428,"83a8890c9bd54b31ca0a35c09670b06c2135cbfd5512632ef57454e326b2680b"
"1-5",14.7015495877642,20,-0.0056352302223053,0.00491681756952457,-0.0152721926585735,0.00400173221396285,TRUE,1.76768905979204,67.3804721618428,"83a8890c9bd54b31ca0a35c09670b06c2135cbfd5512632ef57454e326b2680b"
"1-5",14.9384054424716,20,-0.00538328562318575,0.00469693924865966,-0.0145892865505587,0.00382271530418718,TRUE,1.76768905979204,67.3804721618428,"83a8890c9bd54b31ca0a35c09670b06c2135cbfd5512632ef57454e326b2680b"
"1-5",15.175261297179,20,-0.00513134387334757,0.00447706933253116,-0.0139063997651086,0.0036437120184135,TRUE,1.76768905979204,67.3804721618428,"83a8890c9bd54b31ca0a35c09670b06c2135cbfd5512632ef57454e326b2680b"
"1-5",15.4121171518863,20,-0.00487940501801746,0.00425720775985435,-0.013223532227332,0.00346472219129707,TRUE,1.76768905979204,67.3804721618428,"83a8890c9bd54b31ca0a35c09670b06c2135cbfd5512632ef57454e326b2680b"
"1-5",15.6489730065937,20,-0.0046274691024221,0.00403735446166138,-0.0125406838472784,0.00328574564243421,TRUE,1.76768905979204,67.3804721618428,"83a8890c9bd54b31ca0a35c09670b06c2135cbfd5512632ef57454e326b2680b"
"1-5",15.8858288613011,20,-0.00437553617178819,0.00381750936120574,-0.0118578545197514,0.00310678217617506,TRUE,1.76768905979204,67.3804721618428,"83a8890c9bd54b31ca0a35c09670b06c2135cbfd5512632ef57454e326b2680b"
"1-5",16.1226847160084,20,-0.0041236062713424,0.00359767237386667,-0.0111750441241211,0.00292783158143627,TRUE,1.76768905979204,67.3804721618428,"83a8890c9bd54b31ca0a35c09670b06c2135cbfd5512632ef57454e326b2680b"
"1-5",16.3595405707158,20,-0.00387167944631145,0.00337784340705372,-0.0104922525241367,0.00274889363151385,TRUE,1.76768905979204,67.3804721618428,"83a8890c9bd54b31ca0a35c09670b06c2135cbfd5512632ef57454e326b2680b"
"1-5",16.5963964254231,20,-0.003619755741922,0.00315802236011119,-0.00980947956773993,0.00256996808389594,TRUE,1.76768905979204,67.3804721618428,"83a8890c9bd54b31ca0a35c09670b06c2135cbfd5512632ef57454e326b2680b"
"1-5",16.8332522801305,20,-0.00336783520340074,0.00293820912422272,-0.00912672508687727,0.00239105468007579,TRUE,1.76768905979204,67.3804721618428,"83a8890c9bd54b31ca0a35c09670b06c2135cbfd5512632ef57454e326b2680b"
"1-5",17.0701081348379,20,-0.00311591787597438,0.00271840358231593,-0.00844398889731361,0.00221215314536485,TRUE,1.76768905979204,67.3804721618428,"83a8890c9bd54b31ca0a35c09670b06c2135cbfd5512632ef57454e326b2680b"
"1-5",17.3069639895452,20,-0.00286400380486958,0.00249860560896712,-0.00776127079844514,0.00203326318870598,TRUE,1.76768905979204,67.3804721618428,"83a8890c9bd54b31ca0a35c09670b06c2135cbfd5512632ef57454e326b2680b"
"1-5",17.5438198442526,20,-0.00261209303531305,0.00227881507030617,-0.00707857057311316,0.00185438450248705,TRUE,1.76768905979204,67.3804721618428,"83a8890c9bd54b31ca0a35c09670b06c2135cbfd5512632ef57454e326b2680b"
"1-5",17.78067569896,20,-0.00236018561253147,0.0020590318239217,-0.00639588798741801,0.00167551676235507,TRUE,1.76768905979204,67.3804721618428,"83a8890c9bd54b31ca0a35c09670b06c2135cbfd5512632ef57454e326b2680b"
"1-5",18.0175315536673,20,-0.00210828158175154,0.00183925571876673,-0.00571322279053433,0.00149665962703124,TRUE,1.76768905979204,67.3804721618428,"83a8890c9bd54b31ca0a35c09670b06c2135cbfd5512632ef57454e326b2680b"
"1-5",18.2543874083747,20,-0.00185638098819993,0.00161948659506517,-0.00503057471452767,0.0013178127381278,TRUE,1.76768905979204,67.3804721618428,"83a8890c9bd54b31ca0a35c09670b06c2135cbfd5512632ef57454e326b2680b"
"1-5",18.491243263082,20,-0.00160448387710335,0.00139972428422046,-0.00434794347417545,0.00113897571996875,TRUE,1.76768905979204,67.3804721618428,"83a8890c9bd54b31ca0a35c09670b06c2135cbfd5512632ef57454e326b2680b"
"1-5",18.7280991177894,20,-0.00135259029368846,0.00117996860872831,-0.00366532876679595,0.000960148179419036,TRUE,1.76768905979204,67.3804721618428,"83a8890c9bd54b31ca0a35c09670b06c2135cbfd5512632ef57454e326b2680b"
"1-5",18.9649549724968,20,-0.00110070028318198,0.000960219382101145,-0.00298273027210022,0.000781329705736267,TRUE,1.76768905979204,67.3804721618428,"83a8890c9bd54b31ca0a35c09670b06c2135cbfd5512632ef57454e326b2680b"
"1-5",19.2018108272041,20,-0.000848813890812233,0.000740476408838618,-0.00230014765213592,0.000602519870511457,TRUE,1.76768905979204,67.3804721618428,"83a8890c9bd54b31ca0a35c09670b06c2135cbfd5512632ef57454e326b2680b"
"1-5",19.4386666819115,20,-0.000596931161865467,0.000520739487260857,-0.00161758055689675,0.000423718233165813,TRUE,1.76768905979204,67.3804721618428,"83a8890c9bd54b31ca0a35c09670b06c2135cbfd5512632ef57454e326b2680b"
"1-5",19.6755225366189,20,-0.000345052141699306,0.00030100842138342,-0.00093502864761081,0.000244924364212198,TRUE,1.76768905979204,67.3804721618428,"83a8890c9bd54b31ca0a35c09670b06c2135cbfd5512632ef57454e326b2680b"
"1-5",19.9123783913262,20,-9.31768756758399e-05,8.12830260750062e-05,-0.000252491606782852,6.61378554311722e-05,TRUE,1.76768905979204,67.3804721618428,"83a8890c9bd54b31ca0a35c09670b06c2135cbfd5512632ef57454e326b2680b"
"1-5",20,20,0,0,0,0,TRUE,1.76768905979204,67.3804721618428,"83a8890c9bd54b31ca0a35c09670b06c2135cbfd5512632ef57454e326b2680b"
"1-5",20.1492342460336,20,0.000158694590842887,0.000138436873047893,-0.000112641680330984,0.000430030862016758,TRUE,1.76768905979204,67.3804721618428,"83a8890c9bd54b31ca0a35c09670b06c2135cbfd5512632ef57454e326b2680b"
"1-5",20.386090100741,20,0.000410562212494793,0.000358151439860835,-0.000291414609632442,0.00111253903462203,TRUE,1.76768905979204,67.3804721618428,"83a8890c9bd54b31ca0a35c09670b06c2135cbfd5512632ef57454e326b2680b"
"1-5",20.6229459554483,20,0.000662425943917828,0.000577860827971453,-0.00047018127890622,0.00179503316674188,TRUE,1.76768905979204,67.3804721618428,"83a8890c9bd54b31ca0a35c09670b06c2135cbfd5512632ef57454e326b2680b"
"1-5",20.8598018101557,20,0.00091428573974991,0.000797565180959441,-0.000648942014930595,0.00247751349443041,TRUE,1.76768905979204,67.3804721618428,"83a8890c9bd54b31ca0a35c09670b06c2135cbfd5512632ef57454e326b2680b"
"1-5",21.096657664863,20,0.00116614155462899,0.00101726463261668,-0.000827697125299701,0.00315998023455767,TRUE,1.76768905979204,67.3804721618428,"83a8890c9bd54b31ca0a35c09670b06c2135cbfd5512632ef57454e326b2680b"
"1-5",21.3335135195704,20,0.00141799334319298,0.00123695930718731,-0.00100644689889414,0.00384243358528011,TRUE,1.76768905979204,67.3804721618428,"83a8890c9bd54b31ca0a35c09670b06c2135cbfd5512632ef57454e326b2680b"
"1-5",21.5703693742778,20,0.00166984106007983,0.00145664931960796,-0.00118519160635177,0.00452487372651144,TRUE,1.76768905979204,67.3804721618428,"83a8890c9bd54b31ca0a35c09670b06c2135cbfd5512632ef57454e326b2680b"
"1-5",21.8072252289851,20,0.00192168465992748,0.00167633477574793,-0.00136393150053847,0.00520730082039342,TRUE,1.76768905979204,67.3804721618428,"83a8890c9bd54b31ca0a35c09670b06c2135cbfd5512632ef57454e326b2680b"
"1-5",22.0440810836925,20,0.00217352409737385,0.00189601577264946,-0.0015426668170191,0.0058897150117668,TRUE,1.76768905979204,67.3804721618428,"83a8890c9bd54b31ca0a35c09670b06c2135cbfd5512632ef57454e326b2680b"
"1-5",22.2809369383999,20,0.00242535932705688,0.00211569239876801,-0.00172139777452842,0.00657211642864219,TRUE,1.76768905979204,67.3804721618428,"83a8890c9bd54b31ca0a35c09670b06c2135cbfd5512632ef57454e326b2680b"
"1-5",22.5177927931072,20,0.00267719030361451,0.00233536473421262,-0.00190012457544222,0.00725450518267125,TRUE,1.76768905979204,67.3804721618428,"83a8890c9bd54b31ca0a35c09670b06c2135cbfd5512632ef57454e326b2680b"
"1-5",22.7546486478146,20,0.00292901698168467,0.00255503285098623,-0.00207884740624834,0.00793688136961767,TRUE,1.76768905979204,67.3804721618428,"83a8890c9bd54b31ca0a35c09670b06c2135cbfd5512632ef57454e326b2680b"
"1-5",22.991504502522,20,0.0031808393159053,0.00277469681322612,-0.00225756643801789,0.00861924506982848,TRUE,1.76768905979204,67.3804721618428,"83a8890c9bd54b31ca0a35c09670b06c2135cbfd5512632ef57454e326b2680b"
"1-5",23.2283603572293,20,0.00343265726091431,0.00299435667744428,-0.00243628182687647,0.00930159634870509,TRUE,1.76768905979204,67.3804721618428,"83a8890c9bd54b31ca0a35c09670b06c2135cbfd5512632ef57454e326b2680b"
"1-5",23.4652162119367,20,0.00368447077134967,0.00321401249276792,-0.00261499371447546,0.0099839352571748,TRUE,1.76768905979204,67.3804721618428,"83a8890c9bd54b31ca0a35c09670b06c2135cbfd5512632ef57454e326b2680b"
"1-5",23.702072066644,20,0.00393627980184928,0.0034336643011799,-0.00279370222846333,0.0106662618321619,TRUE,1.76768905979204,67.3804721618428,"83a8890c9bd54b31ca0a35c09670b06c2135cbfd5512632ef57454e326b2680b"
"1-5",23.9389279213514,20,0.0041880843070511,0.00365331213775926,-0.00297240748295704,0.0113485760970592,TRUE,1.76768905979204,67.3804721618428,"83a8890c9bd54b31ca0a35c09670b06c2135cbfd5512632ef57454e326b2680b"
"1-5",24.1757837760588,20,0.00443988424159305,0.00387295603092168,-0.00315110957901345,0.0120308780621996,TRUE,1.76768905979204,67.3804721618428,"83a8890c9bd54b31ca0a35c09670b06c2135cbfd5512632ef57454e326b2680b"
"1-5",24.4126396307661,20,0.00469167956011308,0.00409259600266013,-0.00332980860510078,0.0127131677253269,TRUE,1.76768905979204,67.3804721618428,"83a8890c9bd54b31ca0a35c09670b06c2135cbfd5512632ef57454e326b2680b"
"1-5",24.6494954854735,20,0.00494347021724911,0.00431223206878532,-0.00350850463757012,0.0133954450720683,TRUE,1.76768905979204,67.3804721618428,"83a8890c9bd54b31ca0a35c09670b06c2135cbfd5512632ef57454e326b2680b"
"1-5",24.8863513401809,20,0.00519525616763908,0.00453186423916635,-0.00368719774112696,0.0140777100764051,TRUE,1.76768905979204,67.3804721618428,"83a8890c9bd54b31ca0a35c09670b06c2135cbfd5512632ef57454e326b2680b"
"1-5",25.1232071948882,20,0.00544703736592092,0.00475149251797126,-0.00386588796930275,0.0147599627011446,TRUE,1.76768905979204,67.3804721618428,"83a8890c9bd54b31ca0a35c09670b06c2135cbfd5512632ef57454e326b2680b"
"1-5",25.3600630495956,20,0.00569881376673257,0.00497111690390772,-0.00404457536492655,0.0154422028983917,TRUE,1.76768905979204,67.3804721618428,"83a8890c9bd54b31ca0a35c09670b06c2135cbfd5512632ef57454e326b2680b"
"1-5",25.5969189043029,20,0.00595058532471196,0.00519073739046355,-0.00422325996059659,0.0161244306100205,TRUE,1.76768905979204,67.3804721618428,"83a8890c9bd54b31ca0a35c09670b06c2135cbfd5512632ef57454e326b2680b"
"1-5",25.8337747590103,20,0.00620235199449703,0.00541035396614746,-0.004401941779152,0.0168066457681461,TRUE,1.76768905979204,67.3804721618428,"83a8890c9bd54b31ca0a35c09670b06c2135cbfd5512632ef57454e326b2680b"
"1-5",26.0706306137177,20,0.0064541137307257,0.00562996661472966,-0.00458062083414443,0.0174888482955958,TRUE,1.76768905979204,67.3804721618428,"83a8890c9bd54b31ca0a35c09670b06c2135cbfd5512632ef57454e326b2680b"
"1-5",26.307486468425,20,0.00670587048803592,0.00584957531548254,-0.00475929713030985,0.0181710381063817,TRUE,1.76768905979204,67.3804721618428,"83a8890c9bd54b31ca0a35c09670b06c2135cbfd5512632ef57454e326b2680b"
"1-5",26.5443423231324,20,0.00695762222106563,0.00606918004342134,-0.00493797066404021,0.0188532151061715,TRUE,1.76768905979204,67.3804721618428,"83a8890c9bd54b31ca0a35c09670b06c2135cbfd5512632ef57454e326b2680b"
"1-5",26.7811981778398,20,0.00720936888445275,0.0062887807695449,-0.00511664142385527,0.0195353791927608,TRUE,1.76768905979204,67.3804721618428,"83a8890c9bd54b31ca0a35c09670b06c2135cbfd5512632ef57454e326b2680b"
"1-5",27.0180540325471,20,0.0074611104328352,0.00650837746107629,-0.00529530939087432,0.0202175302565447,TRUE,1.76768905979204,67.3804721618428,"83a8890c9bd54b31ca0a35c09670b06c2135cbfd5512632ef57454e326b2680b"
"1-5",27.2549098872545,20,0.00771284682085095,0.00672797008170358,-0.00547397453928807,0.02089966818099,TRUE,1.76768905979204,67.3804721618428,"83a8890c9bd54b31ca0a35c09670b06c2135cbfd5512632ef57454e326b2680b"
"1-5",27.4917657419618,20,0.00796457800313791,0.00694755859182057,-0.0056526368368304,0.0215817928431062,TRUE,1.76768905979204,67.3804721618428,"83a8890c9bd54b31ca0a35c09670b06c2135cbfd5512632ef57454e326b2680b"
"1-5",27.7286215966692,20,0.00821630393433402,0.00716714294876751,-0.00583129624525029,0.0222639041139183,TRUE,1.76768905979204,67.3804721618428,"83a8890c9bd54b31ca0a35c09670b06c2135cbfd5512632ef57454e326b2680b"
"1-5",27.9654774513766,20,0.00846802456907722,0.00738672310707187,-0.00600995272078365,0.0229460018589381,TRUE,1.76768905979204,67.3804721618428,"83a8890c9bd54b31ca0a35c09670b06c2135cbfd5512632ef57454e326b2680b"
"1-5",28.2023333060839,20,0.00871973986200544,0.00760629901868911,-0.00618860621462521,0.0236280859386361,TRUE,1.76768905979204,67.3804721618428,"83a8890c9bd54b31ca0a35c09670b06c2135cbfd5512632ef57454e326b2680b"
"1-5",28.4391891607913,20,0.00897144976775661,0.00782587063324342,-0.00636725667340049,0.0243101562089137,TRUE,1.76768905979204,67.3804721618428,"83a8890c9bd54b31ca0a35c09670b06c2135cbfd5512632ef57454e326b2680b"
"1-5",28.6760450154987,20,0.00922315424096867,0.00804543789826856,-0.00654590403963771,0.0249922125215751,TRUE,1.76768905979204,67.3804721618428,"83a8890c9bd54b31ca0a35c09670b06c2135cbfd5512632ef57454e326b2680b"
"1-5",28.912900870206,20,0.00947485323627955,0.00826500075944861,-0.00672454825223973,0.0256742547247988,TRUE,1.76768905979204,67.3804721618428,"83a8890c9bd54b31ca0a35c09670b06c2135cbfd5512632ef57454e326b2680b"
"1-5",29.1497567249134,20,0.0097265467083272,0.00848455916085882,-0.00690318924695609,0.0263562826636105,TRUE,1.76768905979204,67.3804721618428,"83a8890c9bd54b31ca0a35c09670b06c2135cbfd5512632ef57454e326b2680b"
"1-5",29.3866125796207,20,0.00997823461174953,0.00870411304520637,-0.00708182695685497,0.027038296180354,TRUE,1.76768905979204,67.3804721618428,"83a8890c9bd54b31ca0a35c09670b06c2135cbfd5512632ef57454e326b2680b"
"1-5",29.6234684343281,20,0.0102299169011845,0.00892366235407129,-0.00726046131279523,0.0277202951151642,TRUE,1.76768905979204,67.3804721618428,"83a8890c9bd54b31ca0a35c09670b06c2135cbfd5512632ef57454e326b2680b"
"1-5",29.8603242890355,20,0.01048159353127,0.0091432070281472,-0.00743909224389851,0.0284022793064385,TRUE,1.76768905979204,67.3804721618428,"83a8890c9bd54b31ca0a35c09670b06c2135cbfd5512632ef57454e326b2680b"
"1-5",30.0971801437428,20,0.010733264456644,0.00936274700748227,-0.00761771967802124,0.0290842485913093,TRUE,1.76768905979204,67.3804721618428,"83a8890c9bd54b31ca0a35c09670b06c2135cbfd5512632ef57454e326b2680b"
"1-5",30.3340359984502,20,0.0109849296319445,0.00958228223172001,-0.00779634354222676,0.0297662028061157,TRUE,1.76768905979204,67.3804721618428,"83a8890c9bd54b31ca0a35c09670b06c2135cbfd5512632ef57454e326b2680b"
"1-5",30.5708918531576,20,0.0112365890118093,0.00980181264034018,-0.0079749637632575,0.030448141786876,TRUE,1.76768905979204,67.3804721618428,"83a8890c9bd54b31ca0a35c09670b06c2135cbfd5512632ef57454e326b2680b"
"1-5",30.8077477078649,20,0.0114882425508764,0.0100213381728997,-0.00815358026800706,0.0311300653697598,TRUE,1.76768905979204,67.3804721618428,"83a8890c9bd54b31ca0a35c09670b06c2135cbfd5512632ef57454e326b2680b"
"1-5",31.0446035625723,20,0.0117398902037837,0.0102408587692735,-0.00833219298399245,0.0318119733915598,TRUE,1.76768905979204,67.3804721618428,"83a8890c9bd54b31ca0a35c09670b06c2135cbfd5512632ef57454e326b2680b"
"1-5",31.2814594172796,20,0.0119915319251692,0.0104603743698956,-0.00851080183982625,0.0324938656901646,TRUE,1.76768905979204,67.3804721618428,"83a8890c9bd54b31ca0a35c09670b06c2135cbfd5512632ef57454e326b2680b"
"1-5",31.518315271987,20,0.0122431676696708,0.0106798849159998,-0.00868940676568886,0.0331757421050305,TRUE,1.76768905979204,67.3804721618428,"83a8890c9bd54b31ca0a35c09670b06c2135cbfd5512632ef57454e326b2680b"
"1-5",31.7551711266944,20,0.0124947973919264,0.0108993903498608,-0.00886800769380082,0.0338576024776537,TRUE,1.76768905979204,67.3804721618428,"83a8890c9bd54b31ca0a35c09670b06c2135cbfd5512632ef57454e326b2680b"
"1-5",31.9920269814017,20,0.012746421046574,0.0111188906150352,-0.00904660455889498,0.0345394466520431,TRUE,1.76768905979204,67.3804721618428,"83a8890c9bd54b31ca0a35c09670b06c2135cbfd5512632ef57454e326b2680b"
"1-5",32.2288828361091,20,0.0129980385882516,0.0113383856566023,-0.00922519729868896,0.0352212744751921,TRUE,1.76768905979204,67.3804721618428,"83a8890c9bd54b31ca0a35c09670b06c2135cbfd5512632ef57454e326b2680b"
"1-5",32.4657386908165,20,0.0132496499715969,0.0115578754214053,-0.00940378585435741,0.0359030857975512,TRUE,1.76768905979204,67.3804721618428,"83a8890c9bd54b31ca0a35c09670b06c2135cbfd5512632ef57454e326b2680b"
"1-5",32.7025945455238,20,0.013501255151248,0.0117773598582921,-0.00958237017100447,0.0365848804735005,TRUE,1.76768905979204,67.3804721618428,"83a8890c9bd54b31ca0a35c09670b06c2135cbfd5512632ef57454e326b2680b"
"1-5",32.9394504002312,20,0.0137528540818429,0.0119968389183566,-0.0097609501981361,0.0372666583618218,TRUE,1.76768905979204,67.3804721618428,"83a8890c9bd54b31ca0a35c09670b06c2135cbfd5512632ef57454e326b2680b"
"1-5",33.1763062549386,20,0.0140044467180193,0.0122163125551796,-0.00993952589013265,0.0379484193261713,TRUE,1.76768905979204,67.3804721618428,"83a8890c9bd54b31ca0a35c09670b06c2135cbfd5512632ef57454e326b2680b"
"1-5",33.4131621096459,20,0.0142560330144154,0.0124357807250697,-0.0101180972067213,0.038630163235552,TRUE,1.76768905979204,67.3804721618428,"83a8890c9bd54b31ca0a35c09670b06c2135cbfd5512632ef57454e326b2680b"
"1-5",33.6500179643533,20,0.0145076129256689,0.0126552433873048,-0.0102966641134484,0.0393118899647862,TRUE,1.76768905979204,67.3804721618428,"83a8890c9bd54b31ca0a35c09670b06c2135cbfd5512632ef57454e326b2680b"
"1-5",33.8868738190606,20,0.0147591864064179,0.0128747005043727,-0.0104752265821525,0.0399935993949883,TRUE,1.76768905979204,67.3804721618428,"83a8890c9bd54b31ca0a35c09670b06c2135cbfd5512632ef57454e326b2680b"
"1-5",34.123729673768,20,0.0150107534113003,0.0130941520422126,-0.0106537845914364,0.040675291414037,TRUE,1.76768905979204,67.3804721618428,"83a8890c9bd54b31ca0a35c09670b06c2135cbfd5512632ef57454e326b2680b"
"1-5",34.3605855284754,20,0.015262313894954,0.0133135979704562,-0.0108323381271402,0.0413569659170481,TRUE,1.76768905979204,67.3804721618428,"83a8890c9bd54b31ca0a35c09670b06c2135cbfd5512632ef57454e326b2680b"
"1-5",34.5974413831827,20,0.0155138678120169,0.0135330382626686,-0.0110108871828136,0.0420386228068475,TRUE,1.76768905979204,67.3804721618428,"83a8890c9bd54b31ca0a35c09670b06c2135cbfd5512632ef57454e326b2680b"
"1-5",34.8342972378901,20,0.0157654151171271,0.0137524728965899,-0.0111894317601891,0.0427202619944432,TRUE,1.76768905979204,67.3804721618428,"83a8890c9bd54b31ca0a35c09670b06c2135cbfd5512632ef57454e326b2680b"
"1-5",35.0711530925975,20,0.0160169557649223,0.0139719018543758,-0.0113679718696543,0.0434018833994989,TRUE,1.76768905979204,67.3804721618428,"83a8890c9bd54b31ca0a35c09670b06c2135cbfd5512632ef57454e326b2680b"
"1-5",35.3080089473048,20,0.0162684897100406,0.0141913251228395,-0.0115465075307249,0.044083486950806,TRUE,1.76768905979204,67.3804721618428,"83a8890c9bd54b31ca0a35c09670b06c2135cbfd5512632ef57454e326b2680b"
"1-5",35.5448648020122,20,0.0165200169071199,0.0144107426936924,-0.0117250387725173,0.044765072586757,TRUE,1.76768905979204,67.3804721618428,"83a8890c9bd54b31ca0a35c09670b06c2135cbfd5512632ef57454e326b2680b"
"1-5",35.7817206567195,20,0.016771537310798,0.0146301545637857,-0.0119035656342219,0.045446640255818,TRUE,1.76768905979204,67.3804721618428,"83a8890c9bd54b31ca0a35c09670b06c2135cbfd5512632ef57454e326b2680b"
"1-5",36.0185765114269,20,0.0170230508757131,0.0148495607353514,-0.0120820881655756,0.0461281899170018,TRUE,1.76768905979204,67.3804721618428,"83a8890c9bd54b31ca0a35c09670b06c2135cbfd5512632ef57454e326b2680b"
"1-5",36.2554323661343,20,0.0172745575565029,0.0150689612162438,-0.012260606427335,0.0468097215403409,TRUE,1.76768905979204,67.3804721618428,"83a8890c9bd54b31ca0a35c09670b06c2135cbfd5512632ef57454e326b2680b"
"1-5",36.4922882208416,20,0.0175260573078055,0.0152883560201809,-0.0124391204917491,0.0474912351073601,TRUE,1.76768905979204,67.3804721618428,"83a8890c9bd54b31ca0a35c09670b06c2135cbfd5512632ef57454e326b2680b"
"1-5",36.729144075549,20,0.0177775500842587,0.0155077451669853,-0.0126176304430326,0.0481727306115499,TRUE,1.76768905979204,67.3804721618428,"83a8890c9bd54b31ca0a35c09670b06c2135cbfd5512632ef57454e326b2680b"
"1-5",36.9659999302564,20,0.0180290358405005,0.0157271286828261,-0.0127961363778387,0.0488542080588397,TRUE,1.76768905979204,67.3804721618428,"83a8890c9bd54b31ca0a35c09670b06c2135cbfd5512632ef57454e326b2680b"
"1-5",37.2028557849637,20,0.0182805145311688,0.0159465066004599,-0.0129746384057325,0.0495356674680701,TRUE,1.76768905979204,67.3804721618428,"83a8890c9bd54b31ca0a35c09670b06c2135cbfd5512632ef57454e326b2680b"
"1-5",37.4397116396711,20,0.0185319861109016,0.0161658789594722,-0.0131531366496639,0.0502171088714671,TRUE,1.76768905979204,67.3804721618428,"83a8890c9bd54b31ca0a35c09670b06c2135cbfd5512632ef57454e326b2680b"
"1-5",37.6765674943785,20,0.0187834505343368,0.0163852458065192,-0.0133316312464407,0.0508985323151143,TRUE,1.76768905979204,67.3804721618428,"83a8890c9bd54b31ca0a35c09670b06c2135cbfd5512632ef57454e326b2680b"
"1-5",37.9134233490858,20,0.0190349077561123,0.0166046071955686,-0.0135101223472022,0.0515799378594268,TRUE,1.76768905979204,67.3804721618428,"83a8890c9bd54b31ca0a35c09670b06c2135cbfd5512632ef57454e326b2680b"
"1-5",38.1502792037932,20,0.0192863577308661,0.0168239631881418,-0.0136886101178919,0.052261325579624,TRUE,1.76768905979204,67.3804721618428,"83a8890c9bd54b31ca0a35c09670b06c2135cbfd5512632ef57454e326b2680b"
"1-5",38.3871350585005,20,0.0195378004139271,0.0170433138566727,-0.0138670947451514,0.0529426955730056,TRUE,1.76768905979204,67.3804721618428,"83a8890c9bd54b31ca0a35c09670b06c2135cbfd5512632ef57454e326b2680b"
"1-5",38.6239909132079,20,0.0197892357822635,0.0172626593778594,-0.014045576598341,0.053624048162868,TRUE,1.76768905979204,67.3804721618428,"83a8890c9bd54b31ca0a35c09670b06c2135cbfd5512632ef57454e326b2680b"
"1-5",38.8608467679153,20,0.020040663838257,0.0174820000430589,-0.0142240562461385,0.0543053839226526,TRUE,1.76768905979204,67.3804721618428,"83a8890c9bd54b31ca0a35c09670b06c2135cbfd5512632ef57454e326b2680b"
"1-5",39.0977026226226,20,0.0202920845857413,0.0177013361466311,-0.0144025342616556,0.0549867034331381,TRUE,1.76768905979204,67.3804721618428,"83a8890c9bd54b31ca0a35c09670b06c2135cbfd5512632ef57454e326b2680b"
"1-5",39.33455847733,20,0.0205434980285499,0.0179206679788769,-0.0145810112100488,0.0556680072671486,TRUE,1.76768905979204,67.3804721618428,"83a8890c9bd54b31ca0a35c09670b06c2135cbfd5512632ef57454e326b2680b"
"1-5",39.5714143320374,20,0.0207949041705165,0.0181399958256557,-0.0147594876477686,0.0563492959888016,TRUE,1.76768905979204,67.3804721618428,"83a8890c9bd54b31ca0a35c09670b06c2135cbfd5512632ef57454e326b2680b"
"1-5",39.8082701867447,20,0.0210463030154749,0.018359319968043,-0.0149379641218895,0.0570305701528392,TRUE,1.76768905979204,67.3804721618428,"83a8890c9bd54b31ca0a35c09670b06c2135cbfd5512632ef57454e326b2680b"
"1-5",40,20,0.0212497997308058,0.0185368557068367,-0.0150824374545942,0.0575820369162058,TRUE,1.76768905979204,67.3804721618428,"83a8890c9bd54b31ca0a35c09670b06c2135cbfd5512632ef57454e326b2680b"
"1-5",40.0451260414521,20,0.0212976945672585,0.0185786406820266,-0.0151164411695137,0.0577118303040307,TRUE,1.76768905979204,67.3804721618428,"83a8890c9bd54b31ca0a35c09670b06c2135cbfd5512632ef57454e326b2680b"
"1-5",40.2819818961594,20,0.0215490788297011,0.0187979582382369,-0.0152949193172432,0.0583930769766454,TRUE,1.76768905979204,67.3804721618428,"83a8890c9bd54b31ca0a35c09670b06c2135cbfd5512632ef57454e326b2680b"
"1-5",40.5188377508668,20,0.0218004558066364,0.0190172729017091,-0.0154733990807135,0.0590743106939862,TRUE,1.76768905979204,67.3804721618428,"83a8890c9bd54b31ca0a35c09670b06c2135cbfd5512632ef57454e326b2680b"
"1-5",40.7556936055742,20,0.0220518255018979,0.0192365849316755,-0.0156518809641862,0.0597555319679819,TRUE,1.76768905979204,67.3804721618428,"83a8890c9bd54b31ca0a35c09670b06c2135cbfd5512632ef57454e326b2680b"
"1-5",40.9925494602815,20,0.0223031879193193,0.0194558945813838,-0.0158303654601929,0.0604367412988316,TRUE,1.76768905979204,67.3804721618428,"83a8890c9bd54b31ca0a35c09670b06c2135cbfd5512632ef57454e326b2680b"
"1-5",41.2294053149889,20,0.0225545430627343,0.0196752020979408,-0.0160088530492296,0.0611179391746983,TRUE,1.76768905979204,67.3804721618428,"83a8890c9bd54b31ca0a35c09670b06c2135cbfd5512632ef57454e326b2680b"
"1-5",41.4662611696963,20,0.0228058909359766,0.0198945077221793,-0.0161873441994949,0.0617991260714481,TRUE,1.76768905979204,67.3804721618428,"83a8890c9bd54b31ca0a35c09670b06c2135cbfd5512632ef57454e326b2680b"
"1-5",41.7031170244036,20,0.0230572315428797,0.0201138116885459,-0.0163658393666703,0.0624803024524297,TRUE,1.76768905979204,67.3804721618428,"83a8890c9bd54b31ca0a35c09670b06c2135cbfd5512632ef57454e326b2680b"
"1-5",41.939972879111,20,0.0233085648872774,0.0203331142250085,-0.0165443389937392,0.0631614687682939,TRUE,1.76768905979204,67.3804721618428,"83a8890c9bd54b31ca0a35c09670b06c2135cbfd5512632ef57454e326b2680b"
"1-5",42.1768287338183,20,0.0235598909730032,0.0205524155529819,-0.0167228435108413,0.0638426254568477,TRUE,1.76768905979204,67.3804721618428,"83a8890c9bd54b31ca0a35c09670b06c2135cbfd5512632ef57454e326b2680b"
"1-5",42.4136845885257,20,0.0238112098038908,0.0207717158872709,-0.01690135333516,0.0645237729429417,TRUE,1.76768905979204,67.3804721618428,"83a8890c9bd54b31ca0a35c09670b06c2135cbfd5512632ef57454e326b2680b"
"1-5",42.6505404432331,20,0.024062521383774,0.0209910154360277,-0.0170798688708403,0.0652049116383883,TRUE,1.76768905979204,67.3804721618428,"83a8890c9bd54b31ca0a35c09670b06c2135cbfd5512632ef57454e326b2680b"
"1-5",42.8873962979404,20,0.0243138257164862,0.0212103144007254,-0.0172583905089354,0.0658860419419079,TRUE,1.76768905979204,67.3804721618428,"83a8890c9bd54b31ca0a35c09670b06c2135cbfd5512632ef57454e326b2680b"
"1-5",43.1242521526478,20,0.0245651228058613,0.0214296129761432,-0.0174369186273795,0.066567164239102,TRUE,1.76768905979204,67.3804721618428,"83a8890c9bd54b31ca0a35c09670b06c2135cbfd5512632ef57454e326b2680b"
"1-5",43.3611080073552,20,0.0248164126557328,0.021648911350366,-0.0176154535909846,0.0672482789024501,TRUE,1.76768905979204,67.3804721618428,"83a8890c9bd54b31ca0a35c09670b06c2135cbfd5512632ef57454e326b2680b"
"1-5",43.5979638620625,20,0.0250676952699343,0.0218682097047936,-0.0177939957514611,0.0679293862913297,TRUE,1.76768905979204,67.3804721618428,"83a8890c9bd54b31ca0a35c09670b06c2135cbfd5512632ef57454e326b2680b"
"1-5",43.8348197167699,20,0.0253189706522996,0.0220875082141624,-0.0179725454474588,0.0686104867520579,TRUE,1.76768905979204,67.3804721618428,"83a8890c9bd54b31ca0a35c09670b06c2135cbfd5512632ef57454e326b2680b"
"1-5",44.0716755714773,20,0.0255702388066622,0.0223068070465764,-0.0181511030046275,0.069291580617952,TRUE,1.76768905979204,67.3804721618428,"83a8890c9bd54b31ca0a35c09670b06c2135cbfd5512632ef57454e326b2680b"
"1-5",44.3085314261846,20,0.0258214997368559,0.0225261063635475,-0.0183296687356971,0.069972668209409,TRUE,1.76768905979204,67.3804721618428,"83a8890c9bd54b31ca0a35c09670b06c2135cbfd5512632ef57454e326b2680b"
"1-5",44.545387280892,20,0.0260727534467143,0.0227454063200447,-0.0185082429405733,0.0706537498340019,TRUE,1.76768905979204,67.3804721618428,"83a8890c9bd54b31ca0a35c09670b06c2135cbfd5512632ef57454e326b2680b"
"1-5",44.7822431355993,20,0.026323999940071,0.0229647070645519,-0.0186868259064507,0.0713348257865926,TRUE,1.76768905979204,67.3804721618428,"83a8890c9bd54b31ca0a35c09670b06c2135cbfd5512632ef57454e326b2680b"
"1-5",45.0190989903067,20,0.0265752392207596,0.0231840087391324,-0.0188654179079398,0.0720158963494591,TRUE,1.76768905979204,67.3804721618428,"83a8890c9bd54b31ca0a35c09670b06c2135cbfd5512632ef57454e326b2680b"
"1-5",45.2559548450141,20,0.026826471292614,0.0234033114795016,-0.0190440192072092,0.0726969617924371,TRUE,1.76768905979204,67.3804721618428,"83a8890c9bd54b31ca0a35c09670b06c2135cbfd5512632ef57454e326b2680b"
"1-5",45.4928106997214,20,0.0270776961594675,0.0236226154151055,-0.0192226300541392,0.0733780223730743,TRUE,1.76768905979204,67.3804721618428,"83a8890c9bd54b31ca0a35c09670b06c2135cbfd5512632ef57454e326b2680b"
"1-5",45.7296665544288,20,0.027328913825154,0.0238419206692059,-0.0194012506864894,0.0740590783367975,TRUE,1.76768905979204,67.3804721618428,"83a8890c9bd54b31ca0a35c09670b06c2135cbfd5512632ef57454e326b2680b"
"1-5",45.9665224091362,20,0.0275801242935071,0.0240612273589712,-0.0195798813300764,0.0747401299170907,TRUE,1.76768905979204,67.3804721618428,"83a8890c9bd54b31ca0a35c09670b06c2135cbfd5512632ef57454e326b2680b"
"1-5",46.2033782638435,20,0.0278313275683605,0.0242805355955732,-0.0197585221989629,0.0754211773356839,TRUE,1.76768905979204,67.3804721618428,"83a8890c9bd54b31ca0a35c09670b06c2135cbfd5512632ef57454e326b2680b"
"1-5",46.4402341185509,20,0.0280825236535477,0.0244998454842881,-0.0199371734956569,0.0761022208027523,TRUE,1.76768905979204,67.3804721618428,"83a8890c9bd54b31ca0a35c09670b06c2135cbfd5512632ef57454e326b2680b"
"1-5",46.6770899732582,20,0.0283337125529024,0.0247191571246032,-0.0201158354113199,0.0767832605171247,TRUE,1.76768905979204,67.3804721618428,"83a8890c9bd54b31ca0a35c09670b06c2135cbfd5512632ef57454e326b2680b"
"1-5",46.9139458279656,20,0.0285848942702583,0.0249384706103279,-0.0202945081259844,0.077464296666501,TRUE,1.76768905979204,67.3804721618428,"83a8890c9bd54b31ca0a35c09670b06c2135cbfd5512632ef57454e326b2680b"
"1-5",47.150801682673,20,0.0288360688094491,0.0251577860297084,-0.0204731918087793,0.0781453294276774,TRUE,1.76768905979204,67.3804721618428,"83a8890c9bd54b31ca0a35c09670b06c2135cbfd5512632ef57454e326b2680b"
"1-5",47.3876575373803,20,0.0290872361743083,0.025377103465547,-0.0206518866181639,0.0788263589667805,TRUE,1.76768905979204,67.3804721618428,"83a8890c9bd54b31ca0a35c09670b06c2135cbfd5512632ef57454e326b2680b"
"1-5",47.6245133920877,20,0.0293383963686697,0.0255964229953253,-0.020830592702168,0.0795073854395073,TRUE,1.76768905979204,67.3804721618428,"83a8890c9bd54b31ca0a35c09670b06c2135cbfd5512632ef57454e326b2680b"
"1-5",47.8613692467951,20,0.0295895493963668,0.0258157446913301,-0.0210093101986402,0.0801884089913738,TRUE,1.76768905979204,67.3804721618428,"83a8890c9bd54b31ca0a35c09670b06c2135cbfd5512632ef57454e326b2680b"
"1-5",48.0982251015024,20,0.0298406952612334,0.0260350686207832,-0.0211880392355018,0.0808694297579685,TRUE,1.76768905979204,67.3804721618428,"83a8890c9bd54b31ca0a35c09670b06c2135cbfd5512632ef57454e326b2680b"
"1-5",48.3350809562098,20,0.030091833967103,0.0262543948459746,-0.0213667799310072,0.0815504478652132,TRUE,1.76768905979204,67.3804721618428,"83a8890c9bd54b31ca0a35c09670b06c2135cbfd5512632ef57454e326b2680b"
"1-5",48.5719368109171,20,0.0303429655178094,0.0264737234243978,-0.0215455323940102,0.0822314634296291,TRUE,1.76768905979204,67.3804721618428,"83a8890c9bd54b31ca0a35c09670b06c2135cbfd5512632ef57454e326b2680b"
"1-5",48.8087926656245,20,0.0305940899171862,0.0266930544088886,-0.0217242967242356,0.0829124765586079,TRUE,1.76768905979204,67.3804721618428,"83a8890c9bd54b31ca0a35c09670b06c2135cbfd5512632ef57454e326b2680b"
"1-5",49.0456485203319,20,0.030845207169067,0.0269123878477665,-0.0219030730125553,0.0835934873506893,TRUE,1.76768905979204,67.3804721618428,"83a8890c9bd54b31ca0a35c09670b06c2135cbfd5512632ef57454e326b2680b"
"1-5",49.2825043750392,20,0.0310963172772855,0.0271317237849777,-0.0220818613412708,0.0842744958958418,TRUE,1.76768905979204,67.3804721618428,"83a8890c9bd54b31ca0a35c09670b06c2135cbfd5512632ef57454e326b2680b"
"1-5",49.5193602297466,20,0.0313474202456753,0.0273510622602418,-0.0222606617843986,0.0849555022757492,TRUE,1.76768905979204,67.3804721618428,"83a8890c9bd54b31ca0a35c09670b06c2135cbfd5512632ef57454e326b2680b"
"1-5",49.756216084454,20,0.0315985160780701,0.0275704033091994,-0.0224394744079607,0.0856365065641009,TRUE,1.76768905979204,67.3804721618428,"83a8890c9bd54b31ca0a35c09670b06c2135cbfd5512632ef57454e326b2680b"
"1-5",49.9930719391613,20,0.0318496047783035,0.0277897469635627,-0.0226182992702794,0.0863175088268865,TRUE,1.76768905979204,67.3804721618428,"83a8890c9bd54b31ca0a35c09670b06c2135cbfd5512632ef57454e326b2680b"
"1-5",50.2299277938687,20,0.0321006863502093,0.0280090932512677,-0.0227971364222755,0.086998509122694,TRUE,1.76768905979204,67.3804721618428,"83a8890c9bd54b31ca0a35c09670b06c2135cbfd5512632ef57454e326b2680b"
"1-5",50.466783648576,20,0.0323517607976209,0.0282284421966281,-0.0229759859077701,0.0876795075030119,TRUE,1.76768905979204,67.3804721618428,"83a8890c9bd54b31ca0a35c09670b06c2135cbfd5512632ef57454e326b2680b"
"1-5",50.7036395032834,20,0.0326028281243722,0.0284477938204911,-0.0231548477637903,0.0883605040125347,TRUE,1.76768905979204,67.3804721618428,"83a8890c9bd54b31ca0a35c09670b06c2135cbfd5512632ef57454e326b2680b"
"1-5",50.9404953579908,20,0.0328538883342966,0.0286671481403952,-0.0233337220208779,0.0890414986894711,TRUE,1.76768905979204,67.3804721618428,"83a8890c9bd54b31ca0a35c09670b06c2135cbfd5512632ef57454e326b2680b"
"1-5",51.1773512126981,20,0.033104941431228,0.028886505170729,-0.0235126087034008,0.0897224915658568,TRUE,1.76768905979204,67.3804721618428,"83a8890c9bd54b31ca0a35c09670b06c2135cbfd5512632ef57454e326b2680b"
"1-5",51.4142070674055,20,0.0333559874189999,0.0291058649228919,-0.0236915078298683,0.090403482667868,TRUE,1.76768905979204,67.3804721618428,"83a8890c9bd54b31ca0a35c09670b06c2135cbfd5512632ef57454e326b2680b"
"1-5",51.6510629221129,20,0.033607026301446,0.0293252274054561,-0.0238704194132479,0.0910844720161399,TRUE,1.76768905979204,67.3804721618428,"83a8890c9bd54b31ca0a35c09670b06c2135cbfd5512632ef57454e326b2680b"
"1-5",51.8879187768202,20,0.0338580580823999,0.0295445926243297,-0.0240493434612862,0.091765459626086,TRUE,1.76768905979204,67.3804721618428,"83a8890c9bd54b31ca0a35c09670b06c2135cbfd5512632ef57454e326b2680b"
"1-5",52.1247746315276,20,0.0341090827656953,0.0297639605829215,-0.0242282799768308,0.0924464455082213,TRUE,1.76768905979204,67.3804721618428,"83a8890c9bd54b31ca0a35c09670b06c2135cbfd5512632ef57454e326b2680b"
"1-5",52.361630486235,20,0.0343601003551658,0.0299833312823067,-0.0244072289581553,0.093127429668487,TRUE,1.76768905979204,67.3804721618428,"83a8890c9bd54b31ca0a35c09670b06c2135cbfd5512632ef57454e326b2680b"
"1-5",52.5984863409423,20,0.0346111108546452,0.030202704721394,-0.0245861903992871,0.0938084121085774,TRUE,1.76768905979204,67.3804721618428,"83a8890c9bd54b31ca0a35c09670b06c2135cbfd5512632ef57454e326b2680b"
"1-5",52.8353421956497,20,0.0348621142679669,0.0304220808970933,-0.024765164290336,0.0944893928262698,TRUE,1.76768905979204,67.3804721618428,"83a8890c9bd54b31ca0a35c09670b06c2135cbfd5512632ef57454e326b2680b"
"1-5",53.072198050357,20,0.0351131105989647,0.0306414598044851,-0.024944150617826,0.0951703718157555,TRUE,1.76768905979204,67.3804721618428,"83a8890c9bd54b31ca0a35c09670b06c2135cbfd5512632ef57454e326b2680b"
"1-5",53.3090539050644,20,0.0353640998514723,0.0308608414369901,-0.0251231493650283,0.0958513490679729,TRUE,1.76768905979204,67.3804721618428,"83a8890c9bd54b31ca0a35c09670b06c2135cbfd5512632ef57454e326b2680b"
"1-5",53.5459097597718,20,0.0356150820293233,0.0310802257865407,-0.0253021605122965,0.0965323245709431,TRUE,1.76768905979204,67.3804721618428,"83a8890c9bd54b31ca0a35c09670b06c2135cbfd5512632ef57454e326b2680b"
"1-5",53.7827656144791,20,0.0358660571363513,0.0312996128437524,-0.0254811840374035,0.0972132983101061,TRUE,1.76768905979204,67.3804721618428,"83a8890c9bd54b31ca0a35c09670b06c2135cbfd5512632ef57454e326b2680b"
"1-5",54.0196214691865,20,0.03611702517639,0.0315190025980967,-0.0256602199158796,0.0978942702686596,TRUE,1.76768905979204,67.3804721618428,"83a8890c9bd54b31ca0a35c09670b06c2135cbfd5512632ef57454e326b2680b"
"1-5",54.2564773238939,20,0.036367986153273,0.0317383950380745,-0.025839268121353,0.0985752404278991,TRUE,1.76768905979204,67.3804721618428,"83a8890c9bd54b31ca0a35c09670b06c2135cbfd5512632ef57454e326b2680b"
"1-5",54.4933331786012,20,0.036618940070834,0.0319577901513903,-0.026018328625891,0.0992562087675591,TRUE,1.76768905979204,67.3804721618428,"83a8890c9bd54b31ca0a35c09670b06c2135cbfd5512632ef57454e326b2680b"
"1-5",54.7301890333086,20,0.0368698869329067,0.0321771879251274,-0.026197401400343,0.0999371752661564,TRUE,1.76768905979204,67.3804721618428,"83a8890c9bd54b31ca0a35c09670b06c2135cbfd5512632ef57454e326b2680b"
"1-5",54.9670448880159,20,0.0371208267433246,0.0323965883459232,-0.0263764864146849,0.100618139901334,TRUE,1.76768905979204,67.3804721618428,"83a8890c9bd54b31ca0a35c09670b06c2135cbfd5512632ef57454e326b2680b"
"1-5",55.2039007427233,20,0.0373717595059215,0.0326159914001459,-0.0265555836383644,0.101299102650207,TRUE,1.76768905979204,67.3804721618428,"83a8890c9bd54b31ca0a35c09670b06c2135cbfd5512632ef57454e326b2680b"
"1-5",55.4407565974307,20,0.037622685224531,0.032835397074071,-0.0267346930406482,0.10198006348971,TRUE,1.76768905979204,67.3804721618428,"83a8890c9bd54b31ca0a35c09670b06c2135cbfd5512632ef57454e326b2680b"
"1-5",55.677612452138,20,0.0378736039029867,0.0330548053540593,-0.0269138145909696,0.102661022396943,TRUE,1.76768905979204,67.3804721618428,"83a8890c9bd54b31ca0a35c09670b06c2135cbfd5512632ef57454e326b2680b"
"1-5",55.9144683068454,20,0.0381245155451223,0.0332742162267348,-0.027092948259278,0.103341979349522,TRUE,1.76768905979204,67.3804721618428,"83a8890c9bd54b31ca0a35c09670b06c2135cbfd5512632ef57454e326b2680b"
"1-5",56.1513241615528,20,0.0383754201547714,0.0334936296791632,-0.0272720940163885,0.104022934325931,TRUE,1.76768905979204,67.3804721618428,"83a8890c9bd54b31ca0a35c09670b06c2135cbfd5512632ef57454e326b2680b"
"1-5",56.3881800162601,20,0.0386263177357677,0.0337130456990312,-0.0274512518343335,0.104703887305869,TRUE,1.76768905979204,67.3804721618428,"83a8890c9bd54b31ca0a35c09670b06c2135cbfd5512632ef57454e326b2680b"
"1-5",56.6250358709675,20,0.0388772082919449,0.0339324642748263,-0.0276304216867148,0.105384838270604,TRUE,1.76768905979204,67.3804721618428,"83a8890c9bd54b31ca0a35c09670b06c2135cbfd5512632ef57454e326b2680b"
"1-5",56.8618917256748,20,0.0391280918271365,0.0341518853960168,-0.0278096035490564,0.106065787203329,TRUE,1.76768905979204,67.3804721618428,"83a8890c9bd54b31ca0a35c09670b06c2135cbfd5512632ef57454e326b2680b"
"1-5",57.0987475803822,20,0.0393789683451763,0.0343713090532321,-0.0279887973991586,0.106746734089511,TRUE,1.76768905979204,67.3804721618428,"83a8890c9bd54b31ca0a35c09670b06c2135cbfd5512632ef57454e326b2680b"
"1-5",57.3356034350896,20,0.0396298378498979,0.0345907352384442,-0.0281680032174529,0.107427678917249,TRUE,1.76768905979204,67.3804721618428,"83a8890c9bd54b31ca0a35c09670b06c2135cbfd5512632ef57454e326b2680b"
"1-5",57.5724592897969,20,0.0398807003451361,0.0348101639451504,-0.0283472209873586,0.108108621677631,TRUE,1.76768905979204,67.3804721618428,"83a8890c9bd54b31ca0a35c09670b06c2135cbfd5512632ef57454e326b2680b"
"1-5",57.8093151445043,20,0.0401315558427474,0.0350295951771669,-0.0285264507044996,0.108789562389994,TRUE,1.76768905979204,67.3804721618428,"83a8890c9bd54b31ca0a35c09670b06c2135cbfd5512632ef57454e326b2680b"
"1-5",58.0461709992117,20,0.0403824043816414,0.0352490289695756,-0.0287056923987268,0.10947050116201,TRUE,1.76768905979204,67.3804721618428,"83a8890c9bd54b31ca0a35c09670b06c2135cbfd5512632ef57454e326b2680b"
"1-5",58.283026853919,20,0.0406332460064251,0.0354684653663104,-0.0288849461115432,0.110151438124393,TRUE,1.76768905979204,67.3804721618428,"83a8890c9bd54b31ca0a35c09670b06c2135cbfd5512632ef57454e326b2680b"
"1-5",58.5198827086264,20,0.0408840807617059,0.0356879044139354,-0.0290642118896075,0.110832373413019,TRUE,1.76768905979204,67.3804721618428,"83a8890c9bd54b31ca0a35c09670b06c2135cbfd5512632ef57454e326b2680b"
"1-5",58.7567385633337,20,0.0411349086920908,0.035907346161471,-0.0292434897843924,0.111513307168574,TRUE,1.76768905979204,67.3804721618428,"83a8890c9bd54b31ca0a35c09670b06c2135cbfd5512632ef57454e326b2680b"
"1-5",58.9935944180411,20,0.041385729842187,0.0361267906602259,-0.0294227798518556,0.11219423953623,TRUE,1.76768905979204,67.3804721618428,"83a8890c9bd54b31ca0a35c09670b06c2135cbfd5512632ef57454e326b2680b"
"1-5",59.2304502727485,20,0.0416365442566018,0.0363462379636362,-0.0296020821521252,0.112875170665329,TRUE,1.76768905979204,67.3804721618428,"83a8890c9bd54b31ca0a35c09670b06c2135cbfd5512632ef57454e326b2680b"
"1-5",59.4673061274558,20,0.0418873519799421,0.0365656881271114,-0.0297813967491962,0.11355610070908,TRUE,1.76768905979204,67.3804721618428,"83a8890c9bd54b31ca0a35c09670b06c2135cbfd5512632ef57454e326b2680b"
"1-5",59.7041619821632,20,0.0421381530568153,0.0367851412078852,-0.0299607237106398,0.11423702982427,TRUE,1.76768905979204,67.3804721618428,"83a8890c9bd54b31ca0a35c09670b06c2135cbfd5512632ef57454e326b2680b"
"1-5",59.9410178368706,20,0.0423889475318284,0.0370045972648739,-0.0301400631073245,0.114917958170981,TRUE,1.76768905979204,67.3804721618428,"83a8890c9bd54b31ca0a35c09670b06c2135cbfd5512632ef57454e326b2680b"
"1-5",60.1778736915779,20,0.0426397354495887,0.0372240563585387,-0.0303194150131472,0.115598885912325,TRUE,1.76768905979204,67.3804721618428,"83a8890c9bd54b31ca0a35c09670b06c2135cbfd5512632ef57454e326b2680b"
"1-5",60.4147295462853,20,0.0428905168547032,0.0374435185507547,-0.0304987795047759,0.116279813214182,TRUE,1.76768905979204,67.3804721618428,"83a8890c9bd54b31ca0a35c09670b06c2135cbfd5512632ef57454e326b2680b"
"1-5",60.6515854009927,20,0.0431412917917793,0.0376629839046843,-0.0306781566614019,0.11696074024496,TRUE,1.76768905979204,67.3804721618428,"83a8890c9bd54b31ca0a35c09670b06c2135cbfd5512632ef57454e326b2680b"
"1-5",60.8884412557,20,0.0433920603054239,0.0378824524846561,-0.0308575465645021,0.11764166717535,TRUE,1.76768905979204,67.3804721618428,"83a8890c9bd54b31ca0a35c09670b06c2135cbfd5512632ef57454e326b2680b"
"1-5",61.1252971104074,20,0.0436428224402443,0.0381019243560482,-0.0310369492976101,0.118322594178099,TRUE,1.76768905979204,67.3804721618428,"83a8890c9bd54b31ca0a35c09670b06c2135cbfd5512632ef57454e326b2680b"
"1-5",61.3621529651147,20,0.0438935782408476,0.038321399585176,-0.0312163649460973,0.119003521427793,TRUE,1.76768905979204,67.3804721618428,"83a8890c9bd54b31ca0a35c09670b06c2135cbfd5512632ef57454e326b2680b"
"1-5",61.5990088198221,20,0.0441443277518411,0.0385408782391849,-0.0313957935969612,0.119684449100643,TRUE,1.76768905979204,67.3804721618428,"83a8890c9bd54b31ca0a35c09670b06c2135cbfd5512632ef57454e326b2680b"
"1-5",61.8358646745295,20,0.0443950710178318,0.0387603603859466,-0.0315752353386236,0.120365377374287,TRUE,1.76768905979204,67.3804721618428,"83a8890c9bd54b31ca0a35c09670b06c2135cbfd5512632ef57454e326b2680b"
"1-5",62.0727205292368,20,0.044645808083427,0.0389798460939602,-0.0317546902607349,0.121046306427589,TRUE,1.76768905979204,67.3804721618428,"83a8890c9bd54b31ca0a35c09670b06c2135cbfd5512632ef57454e326b2680b"
"1-5",62.3095763839442,20,0.0448965389932337,0.0391993354322559,-0.0319341584539879,0.121727236440455,TRUE,1.76768905979204,67.3804721618428,"83a8890c9bd54b31ca0a35c09670b06c2135cbfd5512632ef57454e326b2680b"
"1-5",62.5464322386516,20,0.0451472637918592,0.0394188284703044,-0.0321136400099374,0.122408167593656,TRUE,1.76768905979204,67.3804721618428,"83a8890c9bd54b31ca0a35c09670b06c2135cbfd5512632ef57454e326b2680b"
"1-5",62.7832880933589,20,0.0453979825239106,0.0396383252779278,-0.0322931350208278,0.123089100068649,TRUE,1.76768905979204,67.3804721618428,"83a8890c9bd54b31ca0a35c09670b06c2135cbfd5512632ef57454e326b2680b"
"1-5",63.0201439480663,20,0.0456486952339951,0.0398578259252154,-0.032472643579427,0.123770034047417,TRUE,1.76768905979204,67.3804721618428,"83a8890c9bd54b31ca0a35c09670b06c2135cbfd5512632ef57454e326b2680b"
"1-5",63.2569998027736,20,0.0458994019667199,0.0400773304824424,-0.0326521657788672,0.124450969712307,TRUE,1.76768905979204,67.3804721618428,"83a8890c9bd54b31ca0a35c09670b06c2135cbfd5512632ef57454e326b2680b"
"1-5",63.493855657481,20,0.046150102766692,0.0402968390199916,-0.0328317017124914,0.125131907245875,TRUE,1.76768905979204,67.3804721618428,"83a8890c9bd54b31ca0a35c09670b06c2135cbfd5512632ef57454e326b2680b"
"1-5",63.7307115121884,20,0.0464007976785187,0.0405163516082784,-0.033011251473707,0.125812846830744,TRUE,1.76768905979204,67.3804721618428,"83a8890c9bd54b31ca0a35c09670b06c2135cbfd5512632ef57454e326b2680b"
"1-5",63.9675673668957,20,0.0466514867468071,0.0407358683176788,-0.0331908151558433,0.126493788649458,TRUE,1.76768905979204,67.3804721618428,"83a8890c9bd54b31ca0a35c09670b06c2135cbfd5512632ef57454e326b2680b"
"1-5",64.2044232216031,20,0.0469021700161645,0.0409553892184601,-0.0333703928520173,0.127174732884346,TRUE,1.76768905979204,67.3804721618428,"83a8890c9bd54b31ca0a35c09670b06c2135cbfd5512632ef57454e326b2680b"
"1-5",64.4412790763105,20,0.0471528475311978,0.0411749143807141,-0.0335499846550018,0.127855679717397,TRUE,1.76768905979204,67.3804721618428,"83a8890c9bd54b31ca0a35c09670b06c2135cbfd5512632ef57454e326b2680b"
"1-5",64.6781349310178,20,0.0474035193365144,0.0413944438742939,-0.0337295906571015,0.12853662933013,TRUE,1.76768905979204,67.3804721618428,"83a8890c9bd54b31ca0a35c09670b06c2135cbfd5512632ef57454e326b2680b"
"1-5",64.9149907857252,20,0.0476541854767214,0.0416139777687519,-0.0339092109500322,0.129217581903475,TRUE,1.76768905979204,67.3804721618428,"83a8890c9bd54b31ca0a35c09670b06c2135cbfd5512632ef57454e326b2680b"
"1-5",65.1518466404326,20,0.0479048459964259,0.0418335161332814,-0.0340888456248056,0.129898537617658,TRUE,1.76768905979204,67.3804721618428,"83a8890c9bd54b31ca0a35c09670b06c2135cbfd5512632ef57454e326b2680b"
"1-5",65.3887024951399,20,0.0481555009402351,0.04205305903666,-0.0342684947716185,0.130579496652089,TRUE,1.76768905979204,67.3804721618428,"83a8890c9bd54b31ca0a35c09670b06c2135cbfd5512632ef57454e326b2680b"
"1-5",65.6255583498473,20,0.0484061503527562,0.0422726065471953,-0.0344481584797467,0.131260459185259,TRUE,1.76768905979204,67.3804721618428,"83a8890c9bd54b31ca0a35c09670b06c2135cbfd5512632ef57454e326b2680b"
"1-5",65.8624142045546,20,0.0486567942785963,0.042492158732673,-0.0346278368374428,0.131941425394635,TRUE,1.76768905979204,67.3804721618428,"83a8890c9bd54b31ca0a35c09670b06c2135cbfd5512632ef57454e326b2680b"
"1-5",66.099270059262,20,0.0489074327623626,0.0427117156603068,-0.0348075299318387,0.132622395456564,TRUE,1.76768905979204,67.3804721618428,"83a8890c9bd54b31ca0a35c09670b06c2135cbfd5512632ef57454e326b2680b"
"1-5",66.3361259139694,20,0.0491580658486623,0.0429312773966907,-0.0349872378488514,0.133303369546176,TRUE,1.76768905979204,67.3804721618428,"83a8890c9bd54b31ca0a35c09670b06c2135cbfd5512632ef57454e326b2680b"
"1-5",66.5729817686767,20,0.0494086935821024,0.0431508440077531,-0.0351669606730936,0.133984347837298,TRUE,1.76768905979204,67.3804721618428,"83a8890c9bd54b31ca0a35c09670b06c2135cbfd5512632ef57454e326b2680b"
"1-5",66.8098376233841,20,0.0496593160072903,0.0433704155587127,-0.0353466984877866,0.134665330502367,TRUE,1.76768905979204,67.3804721618428,"83a8890c9bd54b31ca0a35c09670b06c2135cbfd5512632ef57454e326b2680b"
"1-5",67.0466934780915,20,0.049909933168833,0.0435899921140366,-0.0355264513746788,0.135346317712345,TRUE,1.76768905979204,67.3804721618428,"83a8890c9bd54b31ca0a35c09670b06c2135cbfd5512632ef57454e326b2680b"
"1-5",67.2835493327988,20,0.0501605451113376,0.0438095737373995,-0.0357062194139653,0.136027309636641,TRUE,1.76768905979204,67.3804721618428,"83a8890c9bd54b31ca0a35c09670b06c2135cbfd5512632ef57454e326b2680b"
"1-5",67.3804721618428,20,0.0502630955191248,0.0438994293237404,-0.0357797859554063,0.136305976993656,TRUE,1.76768905979204,67.3804721618428,"83a8890c9bd54b31ca0a35c09670b06c2135cbfd5512632ef57454e326b2680b"
"1-5",67.5204051875062,20,0.0504111518794115,0.0440291604916453,-0.0358860026842132,0.136708306443036,FALSE,1.76768905979204,67.3804721618428,"83a8890c9bd54b31ca0a35c09670b06c2135cbfd5512632ef57454e326b2680b"
"1-5",67.7572610422135,20,0.0506617535176617,0.0442487524387499,-0.0360658012622881,0.137389308297611,FALSE,1.76768905979204,67.3804721618428,"83a8890c9bd54b31ca0a35c09670b06c2135cbfd5512632ef57454e326b2680b"
"1-5",67.9941168969209,20,0.0509123500706953,0.0444683496397859,-0.0362456152232851,0.138070315364676,FALSE,1.76768905979204,67.3804721618428,"83a8890c9bd54b31ca0a35c09670b06c2135cbfd5512632ef57454e326b2680b"
"1-5",68.2309727516283,20,0.0511629415831196,0.0446879521548886,-0.0364254446404621,0.138751327806701,FALSE,1.76768905979204,67.3804721618428,"83a8890c9bd54b31ca0a35c09670b06c2135cbfd5512632ef57454e326b2680b"
"1-5",68.4678286063356,20,0.0514135280995417,0.0449075600432236,-0.0366052895851764,0.13943234578426,FALSE,1.76768905979204,67.3804721618428,"83a8890c9bd54b31ca0a35c09670b06c2135cbfd5512632ef57454e326b2680b"
"1-5",68.704684461043,20,0.0516641096645688,0.0451271733629555,-0.0367851501268239,0.140113369455962,FALSE,1.76768905979204,67.3804721618428,"83a8890c9bd54b31ca0a35c09670b06c2135cbfd5512632ef57454e326b2680b"
"1-5",68.9415403157504,20,0.0519146863228081,0.0453467921712188,-0.0369650263327808,0.140794398978397,FALSE,1.76768905979204,67.3804721618428,"83a8890c9bd54b31ca0a35c09670b06c2135cbfd5512632ef57454e326b2680b"
"1-5",69.1783961704577,20,0.0521652581188666,0.0455664165240894,-0.0371449182683485,0.141475434506082,FALSE,1.76768905979204,67.3804721618428,"83a8890c9bd54b31ca0a35c09670b06c2135cbfd5512632ef57454e326b2680b"
"1-5",69.4152520251651,20,0.0524158250973516,0.0457860464765572,-0.0373248259967005,0.142156476191404,FALSE,1.76768905979204,67.3804721618428,"83a8890c9bd54b31ca0a35c09670b06c2135cbfd5512632ef57454e326b2680b"
"1-5",69.6521078798724,20,0.0526663873028703,0.0460056820825012,-0.0375047495788321,0.142837524184573,FALSE,1.76768905979204,67.3804721618428,"83a8890c9bd54b31ca0a35c09670b06c2135cbfd5512632ef57454e326b2680b"
"1-5",69.8889637345798,20,0.0529169447800297,0.0462253233946642,-0.0376846890735121,0.143518578633571,FALSE,1.76768905979204,67.3804721618428,"83a8890c9bd54b31ca0a35c09670b06c2135cbfd5512632ef57454e326b2680b"
"1-5",70.1258195892872,20,0.053167497573437,0.0464449704646297,-0.0378646445372371,0.144199639684111,FALSE,1.76768905979204,67.3804721618428,"83a8890c9bd54b31ca0a35c09670b06c2135cbfd5512632ef57454e326b2680b"
"1-5",70.3626754439945,20,0.0534180457276995,0.0466646233427999,-0.0380446160241883,0.144880707479587,FALSE,1.76768905979204,67.3804721618428,"83a8890c9bd54b31ca0a35c09670b06c2135cbfd5512632ef57454e326b2680b"
"1-5",70.5995312987019,20,0.0536685892874243,0.0468842820783743,-0.0382246035861893,0.145561782161038,FALSE,1.76768905979204,67.3804721618428,"83a8890c9bd54b31ca0a35c09670b06c2135cbfd5512632ef57454e326b2680b"
"1-5",70.8363871534093,20,0.0539191282972185,0.0471039467193295,-0.0384046072726674,0.146242863867104,FALSE,1.76768905979204,67.3804721618428,"83a8890c9bd54b31ca0a35c09670b06c2135cbfd5512632ef57454e326b2680b"
"1-5",71.0732430081166,20,0.0541696628016893,0.0473236173124007,-0.038584627130616,0.146923952733995,FALSE,1.76768905979204,67.3804721618428,"83a8890c9bd54b31ca0a35c09670b06c2135cbfd5512632ef57454e326b2680b"
"1-5",71.310098862824,20,0.0544201928454438,0.0475432939030628,-0.0387646632045592,0.147605048895447,FALSE,1.76768905979204,67.3804721618428,"83a8890c9bd54b31ca0a35c09670b06c2135cbfd5512632ef57454e326b2680b"
"1-5",71.5469547175313,20,0.0546707184730893,0.0477629765355141,-0.0389447155365184,0.148286152482697,FALSE,1.76768905979204,67.3804721618428,"83a8890c9bd54b31ca0a35c09670b06c2135cbfd5512632ef57454e326b2680b"
"1-5",71.7838105722387,20,0.0549212397292329,0.0479826652526596,-0.03912478416598,0.148967263624446,FALSE,1.76768905979204,67.3804721618428,"83a8890c9bd54b31ca0a35c09670b06c2135cbfd5512632ef57454e326b2680b"
"1-5",72.0206664269461,20,0.0551717566584817,0.048202360096096,-0.0393048691298665,0.14964838244683,FALSE,1.76768905979204,67.3804721618428,"83a8890c9bd54b31ca0a35c09670b06c2135cbfd5512632ef57454e326b2680b"
"1-5",72.2575222816534,20,0.0554222693054429,0.048422061106097,-0.0394849704625072,0.150329509073393,FALSE,1.76768905979204,67.3804721618428,"83a8890c9bd54b31ca0a35c09670b06c2135cbfd5512632ef57454e326b2680b"
"1-5",72.4943781363608,20,0.0556727777147237,0.0486417683216,-0.0396650881956122,0.15101064362506,FALSE,1.76768905979204,67.3804721618428,"83a8890c9bd54b31ca0a35c09670b06c2135cbfd5512632ef57454e326b2680b"
"1-5",72.7312339910682,20,0.0559232819309312,0.0488614817801931,-0.0398452223582473,0.15169178622011,FALSE,1.76768905979204,67.3804721618428,"83a8890c9bd54b31ca0a35c09670b06c2135cbfd5512632ef57454e326b2680b"
"1-5",72.9680898457755,20,0.0561737819986727,0.0490812015181036,-0.0400253729768104,0.152372936974156,FALSE,1.76768905979204,67.3804721618428,"83a8890c9bd54b31ca0a35c09670b06c2135cbfd5512632ef57454e326b2680b"
"1-5",73.2049457004829,20,0.0564242779625552,0.0493009275701862,-0.0402055400750097,0.15305409600012,FALSE,1.76768905979204,67.3804721618428,"83a8890c9bd54b31ca0a35c09670b06c2135cbfd5512632ef57454e326b2680b"
"1-5",73.4418015551903,20,0.0566747698671859,0.0495206599699128,-0.0403857236738431,0.153735263408215,FALSE,1.76768905979204,67.3804721618428,"83a8890c9bd54b31ca0a35c09670b06c2135cbfd5512632ef57454e326b2680b"
"1-5",73.6786574098976,20,0.056925257757172,0.0497403987493629,-0.0405659237915793,0.154416439305923,FALSE,1.76768905979204,67.3804721618428,"83a8890c9bd54b31ca0a35c09670b06c2135cbfd5512632ef57454e326b2680b"
"1-5",73.915513264605,20,0.0571757416771206,0.0499601439392145,-0.0407461404437397,0.155097623797981,FALSE,1.76768905979204,67.3804721618428,"83a8890c9bd54b31ca0a35c09670b06c2135cbfd5512632ef57454e326b2680b"
"1-5",74.1523691193123,20,0.057426221671639,0.0501798955687355,-0.0409263736430825,0.155778816986361,FALSE,1.76768905979204,67.3804721618428,"83a8890c9bd54b31ca0a35c09670b06c2135cbfd5512632ef57454e326b2680b"
"1-5",74.3892249740197,20,0.0576766977853342,0.0503996536657762,-0.0411066233995871,0.156460018970256,FALSE,1.76768905979204,67.3804721618428,"83a8890c9bd54b31ca0a35c09670b06c2135cbfd5512632ef57454e326b2680b"
"1-5",74.6260808287271,20,0.0579271700628135,0.0506194182567624,-0.0412868897204408,0.157141229846068,FALSE,1.76768905979204,67.3804721618428,"83a8890c9bd54b31ca0a35c09670b06c2135cbfd5512632ef57454e326b2680b"
"1-5",74.8629366834344,20,0.058177638548684,0.0508391893666885,-0.0414671726100254,0.157822449707393,FALSE,1.76768905979204,67.3804721618428,"83a8890c9bd54b31ca0a35c09670b06c2135cbfd5512632ef57454e326b2680b"
"1-5",75.0997925381418,20,0.0584281032875528,0.0510589670191119,-0.0416474720699066,0.158503678645012,FALSE,1.76768905979204,67.3804721618428,"83a8890c9bd54b31ca0a35c09670b06c2135cbfd5512632ef57454e326b2680b"
"1-5",75.3366483928492,20,0.0586785643240272,0.0512787512361479,-0.0418277880988227,0.159184916746877,FALSE,1.76768905979204,67.3804721618428,"83a8890c9bd54b31ca0a35c09670b06c2135cbfd5512632ef57454e326b2680b"
"1-5",75.5735042475565,20,0.0589290217027142,0.0514985420384646,-0.0420081206926763,0.159866164098105,FALSE,1.76768905979204,67.3804721618428,"83a8890c9bd54b31ca0a35c09670b06c2135cbfd5512632ef57454e326b2680b"
"1-5",75.8103601022639,20,0.0591794754682211,0.0517183394452788,-0.0421884698445254,0.160547420780968,FALSE,1.76768905979204,67.3804721618428,"83a8890c9bd54b31ca0a35c09670b06c2135cbfd5512632ef57454e326b2680b"
"1-5",76.0472159569712,20,0.059429925665155,0.0519381434743528,-0.0423688355445765,0.161228686874887,FALSE,1.76768905979204,67.3804721618428,"83a8890c9bd54b31ca0a35c09670b06c2135cbfd5512632ef57454e326b2680b"
"1-5",76.2840718116786,20,0.0596803723381231,0.0521579541419907,-0.0425492177801787,0.161909962456425,FALSE,1.76768905979204,67.3804721618428,"83a8890c9bd54b31ca0a35c09670b06c2135cbfd5512632ef57454e326b2680b"
"1-5",76.520927666386,20,0.0599308155317325,0.0523777714630361,-0.0427296165358182,0.162591247599283,FALSE,1.76768905979204,67.3804721618428,"83a8890c9bd54b31ca0a35c09670b06c2135cbfd5512632ef57454e326b2680b"
"1-5",76.7577835210933,20,0.0601812552905904,0.0525975954508697,-0.0429100317931143,0.163272542374295,FALSE,1.76768905979204,67.3804721618428,"83a8890c9bd54b31ca0a35c09670b06c2135cbfd5512632ef57454e326b2680b"
"1-5",76.9946393758007,20,0.0604316916593039,0.0528174261174081,-0.0430904635308159,0.163953846849424,FALSE,1.76768905979204,67.3804721618428,"83a8890c9bd54b31ca0a35c09670b06c2135cbfd5512632ef57454e326b2680b"
"1-5",77.2314952305081,20,0.0606821246824803,0.053037263473102,-0.0432709117247996,0.16463516108976,FALSE,1.76768905979204,67.3804721618428,"83a8890c9bd54b31ca0a35c09670b06c2135cbfd5512632ef57454e326b2680b"
"1-5",77.4683510852154,20,0.0609325544047267,0.0532571075269359,-0.0434513763480676,0.165316485157521,FALSE,1.76768905979204,67.3804721618428,"83a8890c9bd54b31ca0a35c09670b06c2135cbfd5512632ef57454e326b2680b"
"1-5",77.7052069399228,20,0.0611829808706502,0.0534769582864273,-0.0436318573707474,0.165997819112048,FALSE,1.76768905979204,67.3804721618428,"83a8890c9bd54b31ca0a35c09670b06c2135cbfd5512632ef57454e326b2680b"
"1-5",77.9420627946301,20,0.061433404124858,0.0536968157576275,-0.0438123547600919,0.166679163009808,FALSE,1.76768905979204,67.3804721618428,"83a8890c9bd54b31ca0a35c09670b06c2135cbfd5512632ef57454e326b2680b"
"1-5",78.1789186493375,20,0.0616838242119573,0.0539166799451211,-0.04399286848048,0.167360516904395,FALSE,1.76768905979204,67.3804721618428,"83a8890c9bd54b31ca0a35c09670b06c2135cbfd5512632ef57454e326b2680b"
"1-5",78.4157745040449,20,0.0619342411765552,0.0541365508520277,-0.0441733984934191,0.16804188084653,FALSE,1.76768905979204,67.3804721618428,"83a8890c9bd54b31ca0a35c09670b06c2135cbfd5512632ef57454e326b2680b"
"1-5",78.6526303587522,20,0.062184655063259,0.0543564284800028,-0.0443539447575466,0.168723254884065,FALSE,1.76768905979204,67.3804721618428,"83a8890c9bd54b31ca0a35c09670b06c2135cbfd5512632ef57454e326b2680b"
"1-5",78.8894862134596,20,0.0624350659166756,0.0545763128292396,-0.0445345072286339,0.169404639061985,FALSE,1.76768905979204,67.3804721618428,"83a8890c9bd54b31ca0a35c09670b06c2135cbfd5512632ef57454e326b2680b"
"1-5",79.126342068167,20,0.0626854737814124,0.0547962038984706,-0.0447150858595899,0.170086033422415,FALSE,1.76768905979204,67.3804721618428,"83a8890c9bd54b31ca0a35c09670b06c2135cbfd5512632ef57454e326b2680b"
"1-5",79.3631979228743,20,0.0629358787020765,0.0550161016849705,-0.0448956806004656,0.170767438004619,FALSE,1.76768905979204,67.3804721618428,"83a8890c9bd54b31ca0a35c09670b06c2135cbfd5512632ef57454e326b2680b"
"1-5",79.6000537775817,20,0.063186280723275,0.0552360061845585,-0.0450762913984596,0.17144885284501,FALSE,1.76768905979204,67.3804721618428,"83a8890c9bd54b31ca0a35c09670b06c2135cbfd5512632ef57454e326b2680b"
"1-5",79.836909632289,20,0.0634366798896152,0.0554559173916016,-0.045256918197924,0.172130277977154,FALSE,1.76768905979204,67.3804721618428,"83a8890c9bd54b31ca0a35c09670b06c2135cbfd5512632ef57454e326b2680b"
"1-5",80.0737654869964,20,0.0636870762457041,0.0556758352990177,-0.0454375609403707,0.172811713431779,FALSE,1.76768905979204,67.3804721618428,"83a8890c9bd54b31ca0a35c09670b06c2135cbfd5512632ef57454e326b2680b"
"1-5",80.3106213417038,20,0.0639374698361489,0.0558957598982794,-0.0456182195644787,0.173493159236777,FALSE,1.76768905979204,67.3804721618428,"83a8890c9bd54b31ca0a35c09670b06c2135cbfd5512632ef57454e326b2680b"
"1-5",80.5474771964111,20,0.0641878607055568,0.0561156911794179,-0.0457988940061023,0.174174615417216,FALSE,1.76768905979204,67.3804721618428,"83a8890c9bd54b31ca0a35c09670b06c2135cbfd5512632ef57454e326b2680b"
"1-5",80.7843330511185,20,0.064438248898535,0.0563356291310274,-0.0459795841982786,0.174856081995349,FALSE,1.76768905979204,67.3804721618428,"83a8890c9bd54b31ca0a35c09670b06c2135cbfd5512632ef57454e326b2680b"
"1-5",81.0211889058259,20,0.0646886344596906,0.0565555737402694,-0.0461602900712373,0.175537558990619,FALSE,1.76768905979204,67.3804721618428,"83a8890c9bd54b31ca0a35c09670b06c2135cbfd5512632ef57454e326b2680b"
"1-5",81.2580447605332,20,0.0649390174336308,0.0567755249928778,-0.0463410115524097,0.176219046419671,FALSE,1.76768905979204,67.3804721618428,"83a8890c9bd54b31ca0a35c09670b06c2135cbfd5512632ef57454e326b2680b"
"1-5",81.4949006152406,20,0.0651893978649628,0.0569954828731641,-0.0465217485664389,0.176900544296364,FALSE,1.76768905979204,67.3804721618428,"83a8890c9bd54b31ca0a35c09670b06c2135cbfd5512632ef57454e326b2680b"
"1-5",81.731756469948,20,0.0654397757982936,0.0572154473640223,-0.04670250103519,0.177582052631777,FALSE,1.76768905979204,67.3804721618428,"83a8890c9bd54b31ca0a35c09670b06c2135cbfd5512632ef57454e326b2680b"
"1-5",81.9686123246553,20,0.0656901512782305,0.0574354184469349,-0.0468832688777619,0.178263571434223,FALSE,1.76768905979204,67.3804721618428,"83a8890c9bd54b31ca0a35c09670b06c2135cbfd5512632ef57454e326b2680b"
"1-5",82.2054681793627,20,0.0659405243493807,0.0576553961019789,-0.047064052010498,0.178945100709259,FALSE,1.76768905979204,67.3804721618428,"83a8890c9bd54b31ca0a35c09670b06c2135cbfd5512632ef57454e326b2680b"
"1-5",82.44232403407,20,0.0661908950563512,0.0578753803078317,-0.0472448503469989,0.179626640459701,FALSE,1.76768905979204,67.3804721618428,"83a8890c9bd54b31ca0a35c09670b06c2135cbfd5512632ef57454e326b2680b"
"1-5",82.6791798887774,20,0.0664412634437493,0.0580953710417773,-0.0474256637981343,0.180308190685633,FALSE,1.76768905979204,67.3804721618428,"83a8890c9bd54b31ca0a35c09670b06c2135cbfd5512632ef57454e326b2680b"
"1-5",82.9160357434848,20,0.0666916295561821,0.0583153682797136,-0.0476064922720566,0.180989751384421,FALSE,1.76768905979204,67.3804721618428,"83a8890c9bd54b31ca0a35c09670b06c2135cbfd5512632ef57454e326b2680b"
"1-5",83.1528915981921,20,0.0669419934382568,0.0585353719961585,-0.0477873356742138,0.181671322550727,FALSE,1.76768905979204,67.3804721618428,"83a8890c9bd54b31ca0a35c09670b06c2135cbfd5512632ef57454e326b2680b"
"1-5",83.3897474528995,20,0.0671923551345805,0.0587553821642572,-0.0479681939073635,0.182352904176525,FALSE,1.76768905979204,67.3804721618428,"83a8890c9bd54b31ca0a35c09670b06c2135cbfd5512632ef57454e326b2680b"
"1-5",83.6266033076069,20,0.0674427146897605,0.0589753987557897,-0.0481490668715873,0.183034496251108,FALSE,1.76768905979204,67.3804721618428,"83a8890c9bd54b31ca0a35c09670b06c2135cbfd5512632ef57454e326b2680b"
"1-5",83.8634591623142,20,0.0676930721484038,0.0591954217411781,-0.0483299544643052,0.183716098761113,FALSE,1.76768905979204,67.3804721618428,"83a8890c9bd54b31ca0a35c09670b06c2135cbfd5512632ef57454e326b2680b"
"1-5",84.1003150170216,20,0.0679434275551176,0.0594154510894942,-0.0485108565802909,0.184397711690526,FALSE,1.76768905979204,67.3804721618428,"83a8890c9bd54b31ca0a35c09670b06c2135cbfd5512632ef57454e326b2680b"
"1-5",84.3371708717289,20,0.0681937809545092,0.0596354867684675,-0.0486917731116871,0.185079335020705,FALSE,1.76768905979204,67.3804721618428,"83a8890c9bd54b31ca0a35c09670b06c2135cbfd5512632ef57454e326b2680b"
"1-5",84.5740267264363,20,0.0684441323911855,0.0598555287444933,-0.0488727039480213,0.185760968730392,FALSE,1.76768905979204,67.3804721618428,"83a8890c9bd54b31ca0a35c09670b06c2135cbfd5512632ef57454e326b2680b"
"1-5",84.8108825811437,20,0.068694481909754,0.060075576982641,-0.0490536489762223,0.18644261279573,FALSE,1.76768905979204,67.3804721618428,"83a8890c9bd54b31ca0a35c09670b06c2135cbfd5512632ef57454e326b2680b"
"1-5",85.047738435851,20,0.0689448295548215,0.0602956314466622,-0.0492346080806364,0.18712426719028,FALSE,1.76768905979204,67.3804721618428,"83a8890c9bd54b31ca0a35c09670b06c2135cbfd5512632ef57454e326b2680b"
"1-5",85.2845942905584,20,0.0691951753709955,0.060515692099,-0.0494155811430445,0.187805931885035,FALSE,1.76768905979204,67.3804721618428,"83a8890c9bd54b31ca0a35c09670b06c2135cbfd5512632ef57454e326b2680b"
"1-5",85.5214501452658,20,0.0694455194028829,0.0607357589007971,-0.0495965680426795,0.188487606848445,FALSE,1.76768905979204,67.3804721618428,"83a8890c9bd54b31ca0a35c09670b06c2135cbfd5512632ef57454e326b2680b"
"1-5",85.7583059999731,20,0.069695861695091,0.0609558318119053,-0.0497775686562433,0.189169292046425,FALSE,1.76768905979204,67.3804721618428,"83a8890c9bd54b31ca0a35c09670b06c2135cbfd5512632ef57454e326b2680b"
"1-5",85.9951618546805,20,0.0699462022922269,0.0611759107908942,-0.0499585828579257,0.18985098744238,FALSE,1.76768905979204,67.3804721618428,"83a8890c9bd54b31ca0a35c09670b06c2135cbfd5512632ef57454e326b2680b"
"1-5",86.2320177093878,20,0.0701965412388979,0.0613959957950609,-0.0501396105194215,0.190532692997217,FALSE,1.76768905979204,67.3804721618428,"83a8890c9bd54b31ca0a35c09670b06c2135cbfd5512632ef57454e326b2680b"
"1-5",86.4688735640952,20,0.070446878579711,0.0616160867804393,-0.0503206515099501,0.191214408669372,FALSE,1.76768905979204,67.3804721618428,"83a8890c9bd54b31ca0a35c09670b06c2135cbfd5512632ef57454e326b2680b"
"1-5",86.7057294188026,20,0.0706972143592734,0.0618361837018096,-0.0505017056962734,0.19189613441482,FALSE,1.76768905979204,67.3804721618428,"83a8890c9bd54b31ca0a35c09670b06c2135cbfd5512632ef57454e326b2680b"
"1-5",86.9425852735099,20,0.0709475486221922,0.0620562865127081,-0.0506827729427157,0.1925778701871,FALSE,1.76768905979204,67.3804721618428,"83a8890c9bd54b31ca0a35c09670b06c2135cbfd5512632ef57454e326b2680b"
"1-5",87.1794411282173,20,0.0711978814130747,0.0622763951654374,-0.0508638531111827,0.193259615937332,FALSE,1.76768905979204,67.3804721618428,"83a8890c9bd54b31ca0a35c09670b06c2135cbfd5512632ef57454e326b2680b"
"1-5",87.4162969829247,20,0.0714482127765281,0.0624965096110761,-0.0510449460611811,0.193941371614237,FALSE,1.76768905979204,67.3804721618428,"83a8890c9bd54b31ca0a35c09670b06c2135cbfd5512632ef57454e326b2680b"
"1-5",87.653152837632,20,0.0716985427571593,0.062716629799489,-0.051226051649839,0.194623137164158,FALSE,1.76768905979204,67.3804721618428,"83a8890c9bd54b31ca0a35c09670b06c2135cbfd5512632ef57454e326b2680b"
"1-5",87.8900086923394,20,0.0719488713995757,0.0629367556793375,-0.0514071697319258,0.195304912531077,FALSE,1.76768905979204,67.3804721618428,"83a8890c9bd54b31ca0a35c09670b06c2135cbfd5512632ef57454e326b2680b"
"1-5",88.1268645470468,20,0.0721991987483845,0.0631568871980904,-0.0515883001598727,0.195986697656642,FALSE,1.76768905979204,67.3804721618428,"83a8890c9bd54b31ca0a35c09670b06c2135cbfd5512632ef57454e326b2680b"
"1-5",88.3637204017541,20,0.0724495248481926,0.0633770243020337,-0.0517694427837935,0.196668492480179,FALSE,1.76768905979204,67.3804721618428,"83a8890c9bd54b31ca0a35c09670b06c2135cbfd5512632ef57454e326b2680b"
"1-5",88.6005762564615,20,0.0726998497436074,0.0635971669362823,-0.0519505974515058,0.197350296938721,FALSE,1.76768905979204,67.3804721618428,"83a8890c9bd54b31ca0a35c09670b06c2135cbfd5512632ef57454e326b2680b"
"1-5",88.8374321111688,20,0.072950173479236,0.0638173150447897,-0.0521317640085519,0.198032110967024,FALSE,1.76768905979204,67.3804721618428,"83a8890c9bd54b31ca0a35c09670b06c2135cbfd5512632ef57454e326b2680b"
"1-5",89.0742879658762,20,0.0732004960996854,0.06403746857036,-0.0523129422982202,0.198713934497591,FALSE,1.76768905979204,67.3804721618428,"83a8890c9bd54b31ca0a35c09670b06c2135cbfd5512632ef57454e326b2680b"
"1-5",89.3111438205836,20,0.073450817649563,0.0642576274546584,-0.0524941321615675,0.199395767460694,FALSE,1.76768905979204,67.3804721618428,"83a8890c9bd54b31ca0a35c09670b06c2135cbfd5512632ef57454e326b2680b"
"1-5",89.5479996752909,20,0.0737011381734759,0.0644777916382224,-0.05267533343744,0.200077609784392,FALSE,1.76768905979204,67.3804721618428,"83a8890c9bd54b31ca0a35c09670b06c2135cbfd5512632ef57454e326b2680b"
"1-5",89.7848555299983,20,0.0739514577160312,0.0646979610604732,-0.0528565459624964,0.200759461394559,FALSE,1.76768905979204,67.3804721618428,"83a8890c9bd54b31ca0a35c09670b06c2135cbfd5512632ef57454e326b2680b"
"1-5",90.0217113847057,20,0.0742017763218361,0.0649181356597272,-0.0530377695712293,0.201441322214901,FALSE,1.76768905979204,67.3804721618428,"83a8890c9bd54b31ca0a35c09670b06c2135cbfd5512632ef57454e326b2680b"
"1-5",90.258567239413,20,0.0744520940354977,0.0651383153732072,-0.0532190040959885,0.202123192166984,FALSE,1.76768905979204,67.3804721618428,"83a8890c9bd54b31ca0a35c09670b06c2135cbfd5512632ef57454e326b2680b"
"1-5",90.4954230941204,20,0.0747024109016232,0.0653585001370544,-0.0534002493670034,0.20280507117025,FALSE,1.76768905979204,67.3804721618428,"83a8890c9bd54b31ca0a35c09670b06c2135cbfd5512632ef57454e326b2680b"
"1-5",90.7322789488277,20,0.0749527269648199,0.0655786898863396,-0.0535815052124058,0.203486959142046,FALSE,1.76768905979204,67.3804721618428,"83a8890c9bd54b31ca0a35c09670b06c2135cbfd5512632ef57454e326b2680b"
"1-5",90.9691348035351,20,0.0752030422696947,0.0657988845550757,-0.0537627714582535,0.204168855997643,FALSE,1.76768905979204,67.3804721618428,"83a8890c9bd54b31ca0a35c09670b06c2135cbfd5512632ef57454e326b2680b"
"1-5",91.2059906582425,20,0.075453356860855,0.0660190840762288,-0.0539440479285533,0.204850761650263,FALSE,1.76768905979204,67.3804721618428,"83a8890c9bd54b31ca0a35c09670b06c2135cbfd5512632ef57454e326b2680b"
"1-5",91.4428465129498,20,0.0757036707829078,0.0662392883817307,-0.0541253344452844,0.2055326760111,FALSE,1.76768905979204,67.3804721618428,"83a8890c9bd54b31ca0a35c09670b06c2135cbfd5512632ef57454e326b2680b"
"1-5",91.6797023676572,20,0.0759539840804604,0.0664594974024911,-0.0543066308284223,0.206214598989343,FALSE,1.76768905979204,67.3804721618428,"83a8890c9bd54b31ca0a35c09670b06c2135cbfd5512632ef57454e326b2680b"
"1-5",91.9165582223646,20,0.0762042967981198,0.0666797110684094,-0.0544879368959626,0.206896530492202,FALSE,1.76768905979204,67.3804721618428,"83a8890c9bd54b31ca0a35c09670b06c2135cbfd5512632ef57454e326b2680b"
"1-5",92.1534140770719,20,0.0764546089804933,0.066899929308387,-0.0546692524639452,0.207578470424932,FALSE,1.76768905979204,67.3804721618428,"83a8890c9bd54b31ca0a35c09670b06c2135cbfd5512632ef57454e326b2680b"
"1-5",92.3902699317793,20,0.076704920672188,0.0671201520503399,-0.0548505773464782,0.208260418690854,FALSE,1.76768905979204,67.3804721618428,"83a8890c9bd54b31ca0a35c09670b06c2135cbfd5512632ef57454e326b2680b"
"1-5",92.6271257864866,20,0.0769552319178111,0.0673403792212109,-0.0550319113557623,0.208942375191385,FALSE,1.76768905979204,67.3804721618428,"83a8890c9bd54b31ca0a35c09670b06c2135cbfd5512632ef57454e326b2680b"
"1-5",92.863981641194,20,0.0772055427619697,0.0675606107469823,-0.0552132543021155,0.209624339826055,FALSE,1.76768905979204,67.3804721618428,"83a8890c9bd54b31ca0a35c09670b06c2135cbfd5512632ef57454e326b2680b"
"1-5",93.1008374959014,20,0.0774558532492711,0.0677808465526882,-0.0553946059939978,0.21030631249254,FALSE,1.76768905979204,67.3804721618428,"83a8890c9bd54b31ca0a35c09670b06c2135cbfd5512632ef57454e326b2680b"
"1-5",93.3376933506087,20,0.0777061634243223,0.0680010865624275,-0.0555759662380356,0.21098829308668,FALSE,1.76768905979204,67.3804721618428,"83a8890c9bd54b31ca0a35c09670b06c2135cbfd5512632ef57454e326b2680b"
"1-5",93.5745492053161,20,0.0779564733317305,0.0682213306993764,-0.0557573348390473,0.211670281502508,FALSE,1.76768905979204,67.3804721618428,"83a8890c9bd54b31ca0a35c09670b06c2135cbfd5512632ef57454e326b2680b"
"1-5",93.8114050600235,20,0.0782067830161029,0.0684415788858014,-0.0559387116000679,0.212352277632274,FALSE,1.76768905979204,67.3804721618428,"83a8890c9bd54b31ca0a35c09670b06c2135cbfd5512632ef57454e326b2680b"
"1-5",94.0482609147308,20,0.0784570925220466,0.068661831043072,-0.0561200963223745,0.213034281366468,FALSE,1.76768905979204,67.3804721618428,"83a8890c9bd54b31ca0a35c09670b06c2135cbfd5512632ef57454e326b2680b"
"1-5",94.2851167694382,20,0.0787074018941689,0.0688820870916737,-0.0563014888055116,0.213716292593849,FALSE,1.76768905979204,67.3804721618428,"83a8890c9bd54b31ca0a35c09670b06c2135cbfd5512632ef57454e326b2680b"
"1-5",94.5219726241455,20,0.0789577111770768,0.0691023469512212,-0.0564828888473168,0.21439831120147,FALSE,1.76768905979204,67.3804721618428,"83a8890c9bd54b31ca0a35c09670b06c2135cbfd5512632ef57454e326b2680b"
"1-5",94.7588284788529,20,0.0792080204153776,0.0693226105404713,-0.0566642962439462,0.215080337074701,FALSE,1.76768905979204,67.3804721618428,"83a8890c9bd54b31ca0a35c09670b06c2135cbfd5512632ef57454e326b2680b"
"6-11",0.0164865959077473,20,-0.239854187783799,0.049578228073276,-0.33702751480742,-0.142680860760178,FALSE,1.75228032887322,67.0775337306141,"83a8890c9bd54b31ca0a35c09670b06c2135cbfd5512632ef57454e326b2680b"
"6-11",0.25334245061511,20,-0.236652156488985,0.0488294961355486,-0.33235796891466,-0.14094634406331,FALSE,1.75228032887322,67.0775337306141,"83a8890c9bd54b31ca0a35c09670b06c2135cbfd5512632ef57454e326b2680b"
"6-11",0.490198305322473,20,-0.233450428007942,0.0480812832095101,-0.327689743098582,-0.139211112917302,FALSE,1.75228032887322,67.0775337306141,"83a8890c9bd54b31ca0a35c09670b06c2135cbfd5512632ef57454e326b2680b"
"6-11",0.727054160029836,20,-0.230249305154439,0.0473337415046854,-0.323023438503622,-0.137475171805255,FALSE,1.75228032887322,67.0775337306141,"83a8890c9bd54b31ca0a35c09670b06c2135cbfd5512632ef57454e326b2680b"
"6-11",0.963910014737199,20,-0.227049090742246,0.0465870229287868,-0.318359655682668,-0.135738525801823,FALSE,1.75228032887322,67.0775337306141,"83a8890c9bd54b31ca0a35c09670b06c2135cbfd5512632ef57454e326b2680b"
"6-11",1.20076586944456,20,-0.223850087585133,0.0458412790554825,-0.313698994533878,-0.134001180636387,FALSE,1.75228032887322,67.0775337306141,"83a8890c9bd54b31ca0a35c09670b06c2135cbfd5512632ef57454e326b2680b"
"6-11",1.43762172415192,20,-0.22065259849687,0.0450966610909141,-0.309042054235062,-0.132263142758678,FALSE,1.75228032887322,67.0775337306141,"83a8890c9bd54b31ca0a35c09670b06c2135cbfd5512632ef57454e326b2680b"
"6-11",1.67447757885929,20,-0.217456926291228,0.0443533198388711,-0.304389433175415,-0.13052441940704,FALSE,1.75228032887322,67.0775337306141,"83a8890c9bd54b31ca0a35c09670b06c2135cbfd5512632ef57454e326b2680b"
"6-11",1.75228032887322,20,-0.216407655021993,0.0441094500854584,-0.302862177189491,-0.129953132854495,TRUE,1.75228032887322,67.0775337306141,"83a8890c9bd54b31ca0a35c09670b06c2135cbfd5512632ef57454e326b2680b"
"6-11",1.91133343356665,20,-0.214263373781976,0.0436114056645264,-0.299741728884448,-0.128785018679504,TRUE,1.75228032887322,67.0775337306141,"83a8890c9bd54b31ca0a35c09670b06c2135cbfd5512632ef57454e326b2680b"
"6-11",2.14818928827401,20,-0.211072243782884,0.0428710684566316,-0.295099537957882,-0.127044949607886,TRUE,1.75228032887322,67.0775337306141,"83a8890c9bd54b31ca0a35c09670b06c2135cbfd5512632ef57454e326b2680b"
"6-11",2.38504514298138,20,-0.207883839107723,0.042132457588063,-0.290463455980327,-0.125304222235119,TRUE,1.75228032887322,67.0775337306141,"83a8890c9bd54b31ca0a35c09670b06c2135cbfd5512632ef57454e326b2680b"
"6-11",2.62190099768874,20,-0.204698462570262,0.0413957218746067,-0.285834077444492,-0.123562847696033,TRUE,1.75228032887322,67.0775337306141,"83a8890c9bd54b31ca0a35c09670b06c2135cbfd5512632ef57454e326b2680b"
"6-11",2.8587568523961,20,-0.201516416984272,0.0406610095318598,-0.281211995666718,-0.121820838301827,TRUE,1.75228032887322,67.0775337306141,"83a8890c9bd54b31ca0a35c09670b06c2135cbfd5512632ef57454e326b2680b"
"6-11",3.09561270710346,20,-0.198338005163523,0.0399284681301227,-0.276597802698564,-0.120078207628482,TRUE,1.75228032887322,67.0775337306141,"83a8890c9bd54b31ca0a35c09670b06c2135cbfd5512632ef57454e326b2680b"
"6-11",3.33246856181083,20,-0.195163529921784,0.0391982445471466,-0.271992089234192,-0.118334970609377,TRUE,1.75228032887322,67.0775337306141,"83a8890c9bd54b31ca0a35c09670b06c2135cbfd5512632ef57454e326b2680b"
"6-11",3.56932441651819,20,-0.191993294072826,0.0384704849185925,-0.267395444513268,-0.116591143632385,TRUE,1.75228032887322,67.0775337306141,"83a8890c9bd54b31ca0a35c09670b06c2135cbfd5512632ef57454e326b2680b"
"6-11",3.80618027122555,20,-0.188827600430419,0.0377453345860535,-0.262808456219084,-0.114846744641754,TRUE,1.75228032887322,67.0775337306141,"83a8890c9bd54b31ca0a35c09670b06c2135cbfd5512632ef57454e326b2680b"
"6-11",4.04303612593292,20,-0.185666751808333,0.0370229380424766,-0.258231710371587,-0.113101793245079,TRUE,1.75228032887322,67.0775337306141,"83a8890c9bd54b31ca0a35c09670b06c2135cbfd5512632ef57454e326b2680b"
"6-11",4.27989198064028,20,-0.182511051020337,0.0363034388748177,-0.25366579121498,-0.111356310825694,TRUE,1.75228032887322,67.0775337306141,"83a8890c9bd54b31ca0a35c09670b06c2135cbfd5512632ef57454e326b2680b"
"6-11",4.51674783534764,20,-0.179360800880203,0.0355869797037497,-0.249111281099552,-0.109610320660853,TRUE,1.75228032887322,67.0775337306141,"83a8890c9bd54b31ca0a35c09670b06c2135cbfd5512632ef57454e326b2680b"
"6-11",4.753603690055,20,-0.176216304201699,0.0348737021202326,-0.244568760357355,-0.107863848046043,TRUE,1.75228032887322,67.0775337306141,"83a8890c9bd54b31ca0a35c09670b06c2135cbfd5512632ef57454e326b2680b"
"6-11",4.99045954476237,20,-0.173077863798596,0.0341637466187469,-0.24003880717134,-0.106116920425853,TRUE,1.75228032887322,67.0775337306141,"83a8890c9bd54b31ca0a35c09670b06c2135cbfd5512632ef57454e326b2680b"
"6-11",5.22731539946973,20,-0.169945782484665,0.0334572525269768,-0.23552199743754,-0.10436956753179,TRUE,1.75228032887322,67.0775337306141,"83a8890c9bd54b31ca0a35c09670b06c2135cbfd5512632ef57454e326b2680b"
"6-11",5.46417125417709,20,-0.166820363073675,0.0327543579317186,-0.231018904619843,-0.102621821527506,TRUE,1.75228032887322,67.0775337306141,"83a8890c9bd54b31ca0a35c09670b06c2135cbfd5512632ef57454e326b2680b"
"6-11",5.70102710888446,20,-0.163701908379395,0.0320551996007776,-0.22653009959692,-0.100873717161871,TRUE,1.75228032887322,67.0775337306141,"83a8890c9bd54b31ca0a35c09670b06c2135cbfd5512632ef57454e326b2680b"
"6-11",5.93788296359182,20,-0.160590721215598,0.0313599129006025,-0.222056150500778,-0.0991252919304167,TRUE,1.75228032887322,67.0775337306141,"83a8890c9bd54b31ca0a35c09670b06c2135cbfd5512632ef57454e326b2680b"
"6-11",6.17473881829918,20,-0.157487104396051,0.0306686317093933,-0.217597622546462,-0.0973765862456401,TRUE,1.75228032887322,67.0775337306141,"83a8890c9bd54b31ca0a35c09670b06c2135cbfd5512632ef57454e326b2680b"
"6-11",6.41159467300655,20,-0.154391360734526,0.029981488325403,-0.213155077852315,-0.0956276436167358,TRUE,1.75228032887322,67.0775337306141,"83a8890c9bd54b31ca0a35c09670b06c2135cbfd5512632ef57454e326b2680b"
"6-11",6.64845052771391,20,-0.151303793044792,0.0292986133701396,-0.208729075250265,-0.0938785108393182,TRUE,1.75228032887322,67.0775337306141,"83a8890c9bd54b31ca0a35c09670b06c2135cbfd5512632ef57454e326b2680b"
"6-11",6.88530638242127,20,-0.148224704140619,0.0286201356861593,-0.204320170085492,-0.092129238195747,TRUE,1.75228032887322,67.0775337306141,"83a8890c9bd54b31ca0a35c09670b06c2135cbfd5512632ef57454e326b2680b"
"6-11",7.12216223712863,20,-0.145154396835778,0.027946182229125,-0.199928914004863,-0.0903798796666934,TRUE,1.75228032887322,67.0775337306141,"83a8890c9bd54b31ca0a35c09670b06c2135cbfd5512632ef57454e326b2680b"
"6-11",7.359018091836,20,-0.142093173944039,0.0272768779537881,-0.195555854733464,-0.0886304931546144,TRUE,1.75228032887322,67.0775337306141,"83a8890c9bd54b31ca0a35c09670b06c2135cbfd5512632ef57454e326b2680b"
"6-11",7.59587394654336,20,-0.139041338279171,0.0266123456935368,-0.191201535838503,-0.0868811407198391,TRUE,1.75228032887322,67.0775337306141,"83a8890c9bd54b31ca0a35c09670b06c2135cbfd5512632ef57454e326b2680b"
"6-11",7.83272980125072,20,-0.135999192654945,0.025952706033134,-0.186866496479888,-0.0851318888300024,TRUE,1.75228032887322,67.0775337306141,"83a8890c9bd54b31ca0a35c09670b06c2135cbfd5512632ef57454e326b2680b"
"6-11",8.06958565595808,20,-0.132967039885131,0.0252980771742541,-0.182551271146669,-0.0833828086235926,TRUE,1.75228032887322,67.0775337306141,"83a8890c9bd54b31ca0a35c09670b06c2135cbfd5512632ef57454e326b2680b"
"6-11",8.30644151066545,20,-0.129945182783498,0.024648574793409,-0.17825638937858,-0.0816339761884163,TRUE,1.75228032887322,67.0775337306141,"83a8890c9bd54b31ca0a35c09670b06c2135cbfd5512632ef57454e326b2680b"
"6-11",8.54329736537281,20,-0.126933924163817,0.0240043118918383,-0.17398237547182,-0.0798854728558141,TRUE,1.75228032887322,67.0775337306141,"83a8890c9bd54b31ca0a35c09670b06c2135cbfd5512632ef57454e326b2680b"
"6-11",8.78015322008017,20,-0.123933566839858,0.0233653986369223,-0.169729748168226,-0.0781373855114904,TRUE,1.75228032887322,67.0775337306141,"83a8890c9bd54b31ca0a35c09670b06c2135cbfd5512632ef57454e326b2680b"
"6-11",9.01700907478754,20,-0.120944413625391,0.0227319421946608,-0.165499020326926,-0.0763898069238558,TRUE,1.75228032887322,67.0775337306141,"83a8890c9bd54b31ca0a35c09670b06c2135cbfd5512632ef57454e326b2680b"
"6-11",9.2538649294949,20,-0.117966767334186,0.0221040465527462,-0.161290698577568,-0.0746428360908034,TRUE,1.75228032887322,67.0775337306141,"83a8890c9bd54b31ca0a35c09670b06c2135cbfd5512632ef57454e326b2680b"
"6-11",9.49072078420226,20,-0.115000930780013,0.0214818123337465,-0.157105282954156,-0.0728965786058696,TRUE,1.75228032887322,67.0775337306141,"83a8890c9bd54b31ca0a35c09670b06c2135cbfd5512632ef57454e326b2680b"
"6-11",9.72757663890962,20,-0.112047206776642,0.0208653365979047,-0.152943266508535,-0.0711511470447485,TRUE,1.75228032887322,67.0775337306141,"83a8890c9bd54b31ca0a35c09670b06c2135cbfd5512632ef57454e326b2680b"
"6-11",9.96443249361699,20,-0.109105898137843,0.020254712635047,-0.148805134902535,-0.0694066613731506,TRUE,1.75228032887322,67.0775337306141,"83a8890c9bd54b31ca0a35c09670b06c2135cbfd5512632ef57454e326b2680b"
"6-11",10.2012883483244,20,-0.106177307677386,0.0196500297450928,-0.144691365977768,-0.0676632493770042,TRUE,1.75228032887322,67.0775337306141,"83a8890c9bd54b31ca0a35c09670b06c2135cbfd5512632ef57454e326b2680b"
"6-11",10.4381442030317,20,-0.103261738209041,0.0190513730066508,-0.140602429302077,-0.0659210471160058,TRUE,1.75228032887322,67.0775337306141,"83a8890c9bd54b31ca0a35c09670b06c2135cbfd5512632ef57454e326b2680b"
"6-11",10.6750000577391,20,-0.100359492546579,0.0184588230331914,-0.136538785691634,-0.0641801994015242,TRUE,1.75228032887322,67.0775337306141,"83a8890c9bd54b31ca0a35c09670b06c2135cbfd5512632ef57454e326b2680b"
"6-11",10.9118559124464,20,-0.0974708735037693,0.0178724557162878,-0.132500886707693,-0.0624408602998452,TRUE,1.75228032887322,67.0775337306141,"83a8890c9bd54b31ca0a35c09670b06c2135cbfd5512632ef57454e326b2680b"
"6-11",11.1487117671538,20,-0.0945961838943817,0.0172923419554352,-0.128489174127035,-0.0607031936617287,TRUE,1.75228032887322,67.0775337306141,"83a8890c9bd54b31ca0a35c09670b06c2135cbfd5512632ef57454e326b2680b"
"6-11",11.3855676218612,20,-0.0917357265321866,0.0167185473739704,-0.124504079385168,-0.0589673736792046,TRUE,1.75228032887322,67.0775337306141,"83a8890c9bd54b31ca0a35c09670b06c2135cbfd5512632ef57454e326b2680b"
"6-11",11.6224234765685,20,-0.0888898042309539,0.0161511320206455,-0.120546022991419,-0.0572335854704888,TRUE,1.75228032887322,67.0775337306141,"83a8890c9bd54b31ca0a35c09670b06c2135cbfd5512632ef57454e326b2680b"
"6-11",11.8592793312759,20,-0.0860587198044538,0.0155901500564431,-0.116615413915082,-0.0555020256938253,TRUE,1.75228032887322,67.0775337306141,"83a8890c9bd54b31ca0a35c09670b06c2135cbfd5512632ef57454e326b2680b"
"6-11",12.0961351859833,20,-0.0832427760664563,0.0150356494262654,-0.112712648941936,-0.0537729031909761,TRUE,1.75228032887322,67.0775337306141,"83a8890c9bd54b31ca0a35c09670b06c2135cbfd5512632ef57454e326b2680b"
"6-11",12.3329910406906,20,-0.0804422758307313,0.0144876715151881,-0.1088381120005,-0.0520464396609627,TRUE,1.75228032887322,67.0775337306141,"83a8890c9bd54b31ca0a35c09670b06c2135cbfd5512632ef57454e326b2680b"
"6-11",12.569846895398,20,-0.0776575219110491,0.0139462507890408,-0.104992173457569,-0.0503228703645291,TRUE,1.75228032887322,67.0775337306141,"83a8890c9bd54b31ca0a35c09670b06c2135cbfd5512632ef57454e326b2680b"
"6-11",12.8067027501053,20,-0.0748888171211796,0.0134114144191605,-0.101175189382734,-0.0486024448596251,TRUE,1.75228032887322,67.0775337306141,"83a8890c9bd54b31ca0a35c09670b06c2135cbfd5512632ef57454e326b2680b"
"6-11",13.0435586048127,20,-0.072136464274893,0.0128831818912647,-0.0973875007817718,-0.0468854277680141,TRUE,1.75228032887322,67.0775337306141,"83a8890c9bd54b31ca0a35c09670b06c2135cbfd5512632ef57454e326b2680b"
"6-11",13.2804144595201,20,-0.0694007661859591,0.0123615645985146,-0.0936294327990478,-0.0451720995728704,TRUE,1.75228032887322,67.0775337306141,"83a8890c9bd54b31ca0a35c09670b06c2135cbfd5512632ef57454e326b2680b"
"6-11",13.5172703142274,20,-0.0666820256681481,0.0118465654189721,-0.0899012938893335,-0.0434627574469628,TRUE,1.75228032887322,67.0775337306141,"83a8890c9bd54b31ca0a35c09670b06c2135cbfd5512632ef57454e326b2680b"
"6-11",13.7541261689348,20,-0.0639805455352301,0.0113381782778199,-0.0862033749597572,-0.0417577161107031,TRUE,1.75228032887322,67.0775337306141,"83a8890c9bd54b31ca0a35c09670b06c2135cbfd5512632ef57454e326b2680b"
"6-11",13.9909820236422,20,-0.0612966286009751,0.0108363876948945,-0.0825359484829683,-0.0400573087189819,TRUE,1.75228032887322,67.0775337306141,"83a8890c9bd54b31ca0a35c09670b06c2135cbfd5512632ef57454e326b2680b"
"6-11",14.2278378783495,20,-0.0586305776791532,0.01034116831829,-0.0788992675830016,-0.0383618877753047,TRUE,1.75228032887322,67.0775337306141,"83a8890c9bd54b31ca0a35c09670b06c2135cbfd5512632ef57454e326b2680b"
"6-11",14.4646937330569,20,-0.0559826955835343,0.00985248444502439,-0.0752935650957821,-0.0366718260712865,TRUE,1.75228032887322,67.0775337306141,"83a8890c9bd54b31ca0a35c09670b06c2135cbfd5512632ef57454e326b2680b"
"6-11",14.7015495877642,20,-0.0533532851278886,0.00937028953001771,-0.0717190526067233,-0.0349875176490538,TRUE,1.75228032887322,67.0775337306141,"83a8890c9bd54b31ca0a35c09670b06c2135cbfd5512632ef57454e326b2680b"
"6-11",14.9384054424716,20,-0.0507426491259861,0.00889452568491956,-0.0681759194684284,-0.0333093787835437,TRUE,1.75228032887322,67.0775337306141,"83a8890c9bd54b31ca0a35c09670b06c2135cbfd5512632ef57454e326b2680b"
"6-11",15.175261297179,20,-0.0481510903915968,0.00842512316863451,-0.0646643318021204,-0.0316378489810731,TRUE,1.75228032887322,67.0775337306141,"83a8890c9bd54b31ca0a35c09670b06c2135cbfd5512632ef57454e326b2680b"
"6-11",15.4121171518863,20,-0.0455789117384908,0.00796199987173418,-0.0611844314870898,-0.0299733919898919,TRUE,1.75228032887322,67.0775337306141,"83a8890c9bd54b31ca0a35c09670b06c2135cbfd5512632ef57454e326b2680b"
"6-11",15.6489730065937,20,-0.0430264159804382,0.00750506079730748,-0.0577363351431609,-0.0283164968177156,TRUE,1.75228032887322,67.0775337306141,"83a8890c9bd54b31ca0a35c09670b06c2135cbfd5512632ef57454e326b2680b"
"6-11",15.8858288613011,20,-0.0404939059312091,0.00705419754118713,-0.0543201331119359,-0.0266676787504823,TRUE,1.75228032887322,67.0775337306141,"83a8890c9bd54b31ca0a35c09670b06c2135cbfd5512632ef57454e326b2680b"
"6-11",16.1226847160084,20,-0.0379816844045733,0.00660928777489459,-0.0509358884433667,-0.0250274803657799,TRUE,1.75228032887322,67.0775337306141,"83a8890c9bd54b31ca0a35c09670b06c2135cbfd5512632ef57454e326b2680b"
"6-11",16.3595405707158,20,-0.0354900542143012,0.00617019473506611,-0.0475836358950307,-0.0233964725335716,TRUE,1.75228032887322,67.0775337306141,"83a8890c9bd54b31ca0a35c09670b06c2135cbfd5512632ef57454e326b2680b"
"6-11",16.5963964254231,20,-0.0330193181741625,0.00573676672355008,-0.0442633809523207,-0.0217752553960044,TRUE,1.75228032887322,67.0775337306141,"83a8890c9bd54b31ca0a35c09670b06c2135cbfd5512632ef57454e326b2680b"
"6-11",16.8332522801305,20,-0.0305697790979275,0.00530883662279859,-0.0409750988786127,-0.0201644593172423,TRUE,1.75228032887322,67.0775337306141,"83a8890c9bd54b31ca0a35c09670b06c2135cbfd5512632ef57454e326b2680b"
"6-11",17.0701081348379,20,-0.0281417397993661,0.00488622143160321,-0.0377187338053084,-0.0185647457934239,TRUE,1.75228032887322,67.0775337306141,"83a8890c9bd54b31ca0a35c09670b06c2135cbfd5512632ef57454e326b2680b"
"6-11",17.3069639895452,20,-0.0257355030922485,0.00446872182664374,-0.0344941978724702,-0.0169768083120268,TRUE,1.75228032887322,67.0775337306141,"83a8890c9bd54b31ca0a35c09670b06c2135cbfd5512632ef57454e326b2680b"
"6-11",17.5438198442526,20,-0.0233513717903446,0.00405612175572539,-0.0313013704315664,-0.0154013731491229,TRUE,1.75228032887322,67.0775337306141,"83a8890c9bd54b31ca0a35c09670b06c2135cbfd5512632ef57454e326b2680b"
"6-11",17.78067569896,20,-0.0209896487074245,0.00364818806898299,-0.0281400973226312,-0.0138392000922179,TRUE,1.75228032887322,67.0775337306141,"83a8890c9bd54b31ca0a35c09670b06c2135cbfd5512632ef57454e326b2680b"
"6-11",18.0175315536673,20,-0.0186506366572584,0.00324467019476665,-0.0250101902390011,-0.0122910830755158,TRUE,1.75228032887322,67.0775337306141,"83a8890c9bd54b31ca0a35c09670b06c2135cbfd5512632ef57454e326b2680b"
"6-11",18.2543874083747,20,-0.0163346384536162,0.0028452998675013,-0.0219114261939187,-0.0107578507133136,TRUE,1.75228032887322,67.0775337306141,"83a8890c9bd54b31ca0a35c09670b06c2135cbfd5512632ef57454e326b2680b"
"6-11",18.491243263082,20,-0.0140419569102679,0.00244979091586048,-0.0188435471053544,-0.00924036671518138,TRUE,1.75228032887322,67.0775337306141,"83a8890c9bd54b31ca0a35c09670b06c2135cbfd5512632ef57454e326b2680b"
"6-11",18.7280991177894,20,-0.0117728948409836,0.00205783912214125,-0.0158062595203805,-0.0077395301615868,TRUE,1.75228032887322,67.0775337306141,"83a8890c9bd54b31ca0a35c09670b06c2135cbfd5512632ef57454e326b2680b"
"6-11",18.9649549724968,20,-0.00952775505953353,0.00166912217143854,-0.0127992345155531,-0.006256275603514,TRUE,1.75228032887322,67.0775337306141,"83a8890c9bd54b31ca0a35c09670b06c2135cbfd5512632ef57454e326b2680b"
"6-11",19.2018108272041,20,-0.00730683378352463,0.0012832999788844,-0.00982210174213806,-0.00479156582491121,TRUE,1.75228032887322,67.0775337306141,"83a8890c9bd54b31ca0a35c09670b06c2135cbfd5512632ef57454e326b2680b"
"6-11",19.4386666819115,20,-0.00511019794626281,0.000900027203333183,-0.00687425126479584,-0.00334614462772977,TRUE,1.75228032887322,67.0775337306141,"83a8890c9bd54b31ca0a35c09670b06c2135cbfd5512632ef57454e326b2680b"
"6-11",19.6755225366189,20,-0.00293763144711186,0.0005189754693199,-0.00395482336697886,-0.00192043952724486,TRUE,1.75228032887322,67.0775337306141,"83a8890c9bd54b31ca0a35c09670b06c2135cbfd5512632ef57454e326b2680b"
"6-11",19.9123783913262,20,-0.000788900689657114,0.00013983372916582,-0.00106297479882212,-0.000514826580492106,TRUE,1.75228032887322,67.0775337306141,"83a8890c9bd54b31ca0a35c09670b06c2135cbfd5512632ef57454e326b2680b"
"6-11",20,20,0,0,0,0,TRUE,1.75228032887322,67.0775337306141,"83a8890c9bd54b31ca0a35c09670b06c2135cbfd5512632ef57454e326b2680b"
"6-11",20.1492342460336,20,0.00133622792251647,0.000237691884987319,0.00087035182794133,0.00180210401709162,TRUE,1.75228032887322,67.0775337306141,"83a8890c9bd54b31ca0a35c09670b06c2135cbfd5512632ef57454e326b2680b"
"6-11",20.386090100741,20,0.00343798798582366,0.00061387791080772,0.00223478728064052,0.00464118869100679,TRUE,1.75228032887322,67.0775337306141,"83a8890c9bd54b31ca0a35c09670b06c2135cbfd5512632ef57454e326b2680b"
"6-11",20.6229459554483,20,0.00551661309667941,0.000988983469029751,0.0035782054973811,0.00745502069597772,TRUE,1.75228032887322,67.0775337306141,"83a8890c9bd54b31ca0a35c09670b06c2135cbfd5512632ef57454e326b2680b"
"6-11",20.8598018101557,20,0.00757233685149849,0.0013632502381591,0.00490036638470665,0.0102443073182903,TRUE,1.75228032887322,67.0775337306141,"83a8890c9bd54b31ca0a35c09670b06c2135cbfd5512632ef57454e326b2680b"
"6-11",21.096657664863,20,0.00960539284669589,0.00173690248796772,0.00620106397027916,0.0130097217231126,TRUE,1.75228032887322,67.0775337306141,"83a8890c9bd54b31ca0a35c09670b06c2135cbfd5512632ef57454e326b2680b"
"6-11",21.3335135195704,20,0.0116160146786864,0.00211014716870921,0.00748012622801632,0.0157519031293564,TRUE,1.75228032887322,67.0775337306141,"83a8890c9bd54b31ca0a35c09670b06c2135cbfd5512632ef57454e326b2680b"
"6-11",21.5703693742778,20,0.0136044359438849,0.00248317405265124,0.00873741480068843,0.0184714570870813,TRUE,1.75228032887322,67.0775337306141,"83a8890c9bd54b31ca0a35c09670b06c2135cbfd5512632ef57454e326b2680b"
"6-11",21.8072252289851,20,0.0155708902387062,0.00285615592426057,0.00997282462715553,0.021168955850257,TRUE,1.75228032887322,67.0775337306141,"83a8890c9bd54b31ca0a35c09670b06c2135cbfd5512632ef57454e326b2680b"
"6-11",22.0440810836925,20,0.0175156111595654,0.0032292488151885,0.0111862834817959,0.0238449388373349,TRUE,1.75228032887322,67.0775337306141,"83a8890c9bd54b31ca0a35c09670b06c2135cbfd5512632ef57454e326b2680b"
"6-11",22.2809369383999,20,0.0194388323028772,0.00360259228008496,0.0123777514339106,0.0264999131718437,TRUE,1.75228032887322,67.0775337306141,"83a8890c9bd54b31ca0a35c09670b06c2135cbfd5512632ef57454e326b2680b"
"6-11",22.5177927931072,20,0.0213407872650564,0.00397630970921365,0.0135472202349977,0.0291343542951152,TRUE,1.75228032887322,67.0775337306141,"83a8890c9bd54b31ca0a35c09670b06c2135cbfd5512632ef57454e326b2680b"
"6-11",22.7546486478146,20,0.0232217096425181,0.00435050867384331,0.0146947126417852,0.031748706643251,TRUE,1.75228032887322,67.0775337306141,"83a8890c9bd54b31ca0a35c09670b06c2135cbfd5512632ef57454e326b2680b"
"6-11",22.991504502522,20,0.025081833031677,0.00472528130044475,0.0158202816828053,0.0343433843805487,TRUE,1.75228032887322,67.0775337306141,"83a8890c9bd54b31ca0a35c09670b06c2135cbfd5512632ef57454e326b2680b"
"6-11",23.2283603572293,20,0.026921391028948,0.00510070466982261,0.0169240098760957,0.0369187721818003,TRUE,1.75228032887322,67.0775337306141,"83a8890c9bd54b31ca0a35c09670b06c2135cbfd5512632ef57454e326b2680b"
"6-11",23.4652162119367,20,0.0287406172307461,0.0054768412374501,0.0180060084053439,0.0394752260561482,TRUE,1.75228032887322,67.0775337306141,"83a8890c9bd54b31ca0a35c09670b06c2135cbfd5512632ef57454e326b2680b"
"6-11",23.702072066644,20,0.0305397452334859,0.00585373927144386,0.0190664162614559,0.0420130742055158,TRUE,1.75228032887322,67.0775337306141,"83a8890c9bd54b31ca0a35c09670b06c2135cbfd5512632ef57454e326b2680b"
"6-11",23.9389279213514,20,0.0323190086335825,0.00623143330481317,0.0201053993561487,0.0445326179110163,TRUE,1.75228032887322,67.0775337306141,"83a8890c9bd54b31ca0a35c09670b06c2135cbfd5512632ef57454e326b2680b"
"6-11",24.1757837760588,20,0.0340786410274507,0.00660994459883106,0.0211231496137419,0.0470341324411596,TRUE,1.75228032887322,67.0775337306141,"83a8890c9bd54b31ca0a35c09670b06c2135cbfd5512632ef57454e326b2680b"
"6-11",24.4126396307661,20,0.0358188760115055,0.0069892816146049,0.0221198840468799,0.0495178679761311,TRUE,1.75228032887322,67.0775337306141,"83a8890c9bd54b31ca0a35c09670b06c2135cbfd5512632ef57454e326b2680b"
"6-11",24.6494954854735,20,0.0375399471821616,0.0073694404901598,0.0230958438214484,0.0519840505428748,TRUE,1.75228032887322,67.0775337306141,"83a8890c9bd54b31ca0a35c09670b06c2135cbfd5512632ef57454e326b2680b"
"6-11",24.8863513401809,20,0.0392420881358339,0.00775040552059005,0.0240512933154774,0.0544328829561904,TRUE,1.75228032887322,67.0775337306141,"83a8890c9bd54b31ca0a35c09670b06c2135cbfd5512632ef57454e326b2680b"
"6-11",25.1232071948882,20,0.0409255324689373,0.00813214963907446,0.0249865191763514,0.0568645457615232,TRUE,1.75228032887322,67.0775337306141,"83a8890c9bd54b31ca0a35c09670b06c2135cbfd5512632ef57454e326b2680b"
"6-11",25.3600630495956,20,0.0425905137778868,0.00851463489678929,0.0259018293801798,0.0592791981755938,TRUE,1.75228032887322,67.0775337306141,"83a8890c9bd54b31ca0a35c09670b06c2135cbfd5512632ef57454e326b2680b"
"6-11",25.5969189043029,20,0.044237265659097,0.00889781293998394,0.0267975522967285,0.0616769790214655,TRUE,1.75228032887322,67.0775337306141,"83a8890c9bd54b31ca0a35c09670b06c2135cbfd5512632ef57454e326b2680b"
"6-11",25.8337747590103,20,0.045866021708983,0.00928162548270798,0.0276740357628754,0.0640580076550907,TRUE,1.75228032887322,67.0775337306141,"83a8890c9bd54b31ca0a35c09670b06c2135cbfd5512632ef57454e326b2680b"
"6-11",26.0706306137177,20,0.0474770155239596,0.00966600477389083,0.0285316461671336,0.0664223848807857,TRUE,1.75228032887322,67.0775337306141,"83a8890c9bd54b31ca0a35c09670b06c2135cbfd5512632ef57454e326b2680b"
"6-11",26.307486468425,20,0.0490704807004417,0.0100508740576773,0.0293707675473941,0.0687701938534893,TRUE,1.75228032887322,67.0775337306141,"83a8890c9bd54b31ca0a35c09670b06c2135cbfd5512632ef57454e326b2680b"
"6-11",26.5443423231324,20,0.0506466508348441,0.0104361480261113,0.030191800703666,0.0711015009660222,TRUE,1.75228032887322,67.0775337306141,"83a8890c9bd54b31ca0a35c09670b06c2135cbfd5512632ef57454e326b2680b"
"6-11",26.7811981778398,20,0.0522057595235818,0.0108217332634359,0.0309951623272474,0.0734163567199162,TRUE,1.75228032887322,67.0775337306141,"83a8890c9bd54b31ca0a35c09670b06c2135cbfd5512632ef57454e326b2680b"
"6-11",27.0180540325471,20,0.0537480403630696,0.011207528681443,0.0317812841474413,0.0757147965786979,TRUE,1.75228032887322,67.0775337306141,"83a8890c9bd54b31ca0a35c09670b06c2135cbfd5512632ef57454e326b2680b"
"6-11",27.2549098872545,20,0.0552737269497223,0.0115934259454529,0.0325506120966346,0.0779968418028099,TRUE,1.75228032887322,67.0775337306141,"83a8890c9bd54b31ca0a35c09670b06c2135cbfd5512632ef57454e326b2680b"
"6-11",27.4917657419618,20,0.0567830528799548,0.0119793098906448,0.0333036054942911,0.0802625002656185,TRUE,1.75228032887322,67.0775337306141,"83a8890c9bd54b31ca0a35c09670b06c2135cbfd5512632ef57454e326b2680b"
"6-11",27.7286215966692,20,0.0582762517501821,0.0123650589285818,0.0340407362501618,0.0825117672502024,TRUE,1.75228032887322,67.0775337306141,"83a8890c9bd54b31ca0a35c09670b06c2135cbfd5512632ef57454e326b2680b"
"6-11",27.9654774513766,20,0.059753557156819,0.0127505454438883,0.034762488086798,0.0847446262268399,TRUE,1.75228032887322,67.0775337306141,"83a8890c9bd54b31ca0a35c09670b06c2135cbfd5512632ef57454e326b2680b"
"6-11",28.2023333060839,20,0.0612152026962803,0.0131356361811381,0.0354693557812496,0.086961049611311,TRUE,1.75228032887322,67.0775337306141,"83a8890c9bd54b31ca0a35c09670b06c2135cbfd5512632ef57454e326b2680b"
"6-11",28.4391891607913,20,0.062661421964981,0.0135201926221056,0.0361618444256539,0.089160999504308,TRUE,1.75228032887322,67.0775337306141,"83a8890c9bd54b31ca0a35c09670b06c2135cbfd5512632ef57454e326b2680b"
"6-11",28.6760450154987,20,0.0640924485593359,0.0139040713536103,0.0368404687062597,0.091344428412412,TRUE,1.75228032887322,67.0775337306141,"83a8890c9bd54b31ca0a35c09670b06c2135cbfd5512632ef57454e326b2680b"
"6-11",28.912900870206,20,0.0655085160757598,0.0142871244262608,0.0375057522002886,0.093511279951231,TRUE,1.75228032887322,67.0775337306141,"83a8890c9bd54b31ca0a35c09670b06c2135cbfd5512632ef57454e326b2680b"
"6-11",29.1497567249134,20,0.0669098581106678,0.0146691997044684,0.0381582266899097,0.0956614895314259,TRUE,1.75228032887322,67.0775337306141,"83a8890c9bd54b31ca0a35c09670b06c2135cbfd5512632ef57454e326b2680b"
"6-11",29.3866125796207,20,0.0682967082604745,0.0150501412081559,0.0387984314924889,0.0977949850284601,TRUE,1.75228032887322,67.0775337306141,"83a8890c9bd54b31ca0a35c09670b06c2135cbfd5512632ef57454e326b2680b"
"6-11",29.6234684343281,20,0.069669300121595,0.0154297894466411,0.0394269128061785,0.0999116874370115,TRUE,1.75228032887322,67.0775337306141,"83a8890c9bd54b31ca0a35c09670b06c2135cbfd5512632ef57454e326b2680b"
"6-11",29.8603242890355,20,0.071027867290444,0.0158079817452176,0.0400442230698176,0.10201151151107,TRUE,1.75228032887322,67.0775337306141,"83a8890c9bd54b31ca0a35c09670b06c2135cbfd5512632ef57454e326b2680b"
"6-11",30.0971801437428,20,0.0723726433634365,0.016184552564997,0.0406509203360423,0.104094366390831,TRUE,1.75228032887322,67.0775337306141,"83a8890c9bd54b31ca0a35c09670b06c2135cbfd5512632ef57454e326b2680b"
"6-11",30.3340359984502,20,0.0737038619369873,0.0165593338166126,0.0412475676564267,0.106160156217548,TRUE,1.75228032887322,67.0775337306141,"83a8890c9bd54b31ca0a35c09670b06c2135cbfd5512632ef57454e326b2680b"
"6-11",30.5708918531576,20,0.0750217566075113,0.0169321551684162,0.0418347324774156,0.108208780737607,TRUE,1.75228032887322,67.0775337306141,"83a8890c9bd54b31ca0a35c09670b06c2135cbfd5512632ef57454e326b2680b"
"6-11",30.8077477078649,20,0.0763265609714234,0.0173028443498321,0.0424129860457524,0.110240135897094,TRUE,1.75228032887322,67.0775337306141,"83a8890c9bd54b31ca0a35c09670b06c2135cbfd5512632ef57454e326b2680b"
"6-11",31.0446035625723,20,0.0776185086251384,0.0176712274505571,0.0429829028220464,0.11225411442823,TRUE,1.75228032887322,67.0775337306141,"83a8890c9bd54b31ca0a35c09670b06c2135cbfd5512632ef57454e326b2680b"
"6-11",31.2814594172796,20,0.0788978331650713,0.0180371292163222,0.0435450599010797,0.114250606429063,TRUE,1.75228032887322,67.0775337306141,"83a8890c9bd54b31ca0a35c09670b06c2135cbfd5512632ef57454e326b2680b"
"6-11",31.518315271987,20,0.0801647681876368,0.0184003733419578,0.0441000364373994,0.116229499937874,TRUE,1.75228032887322,67.0775337306141,"83a8890c9bd54b31ca0a35c09670b06c2135cbfd5512632ef57454e326b2680b"
"6-11",31.7551711266944,20,0.0814195472892499,0.0187607827625258,0.0446484130746994,0.1181906815038,TRUE,1.75228032887322,67.0775337306141,"83a8890c9bd54b31ca0a35c09670b06c2135cbfd5512632ef57454e326b2680b"
"6-11",31.9920269814017,20,0.0826624040663254,0.0191181799433076,0.0451907713774426,0.120134036755208,TRUE,1.75228032887322,67.0775337306141,"83a8890c9bd54b31ca0a35c09670b06c2135cbfd5512632ef57454e326b2680b"
"6-11",32.2288828361091,20,0.0838935721152783,0.0194723871694611,0.0457276932631345,0.122059450967422,TRUE,1.75228032887322,67.0775337306141,"83a8890c9bd54b31ca0a35c09670b06c2135cbfd5512632ef57454e326b2680b"
"6-11",32.4657386908165,20,0.0851132850325233,0.0198232268361834,0.0462597604336037,0.123966809631443,TRUE,1.75228032887322,67.0775337306141,"83a8890c9bd54b31ca0a35c09670b06c2135cbfd5512632ef57454e326b2680b"
"6-11",32.7025945455238,20,0.0863217764144754,0.0201705217402433,0.0467875538035986,0.125855999025352,TRUE,1.75228032887322,67.0775337306141,"83a8890c9bd54b31ca0a35c09670b06c2135cbfd5512632ef57454e326b2680b"
"6-11",32.9394504002312,20,0.0875192798575494,0.0205140953737728,0.0473116529249548,0.127726906790144,TRUE,1.75228032887322,67.0775337306141,"83a8890c9bd54b31ca0a35c09670b06c2135cbfd5512632ef57454e326b2680b"
"6-11",33.1763062549386,20,0.0887060289581603,0.0208537722212398,0.0478326354045302,0.12957942251179,TRUE,1.75228032887322,67.0775337306141,"83a8890c9bd54b31ca0a35c09670b06c2135cbfd5512632ef57454e326b2680b"
"6-11",33.4131621096459,20,0.0898822573127228,0.0211893780605493,0.0483510763140461,0.131413438311399,TRUE,1.75228032887322,67.0775337306141,"83a8890c9bd54b31ca0a35c09670b06c2135cbfd5512632ef57454e326b2680b"
"6-11",33.6500179643533,20,0.0910481985176518,0.0215207402692593,0.0488675475899037,0.1332288494454,TRUE,1.75228032887322,67.0775337306141,"83a8890c9bd54b31ca0a35c09670b06c2135cbfd5512632ef57454e326b2680b"
"6-11",33.8868738190606,20,0.0922040861693623,0.0218476881369299,0.0493826174209797,0.135025554917745,TRUE,1.75228032887322,67.0775337306141,"83a8890c9bd54b31ca0a35c09670b06c2135cbfd5512632ef57454e326b2680b"
"6-11",34.123729673768,20,0.0933501538642691,0.0221700531846657,0.0498968496223244,0.136803458106214,TRUE,1.75228032887322,67.0775337306141,"83a8890c9bd54b31ca0a35c09670b06c2135cbfd5512632ef57454e326b2680b"
"6-11",34.3605855284754,20,0.0944866351987871,0.0224876694929489,0.0504108029926072,0.138562467404967,TRUE,1.75228032887322,67.0775337306141,"83a8890c9bd54b31ca0a35c09670b06c2135cbfd5512632ef57454e326b2680b"
"6-11",34.5974413831827,20,0.0956137637693311,0.0228003740389124,0.0509250306530629,0.140302496885599,TRUE,1.75228032887322,67.0775337306141,"83a8890c9bd54b31ca0a35c09670b06c2135cbfd5512632ef57454e326b2680b"
"6-11",34.8342972378901,20,0.096731773172316,0.0231080070442428,0.0514400793656002,0.142023466979032,TRUE,1.75228032887322,67.0775337306141,"83a8890c9bd54b31ca0a35c09670b06c2135cbfd5512632ef57454e326b2680b"
"6-11",35.0711530925975,20,0.0978408970041567,0.0234104123349625,0.0519564888276302,0.143725305180683,TRUE,1.75228032887322,67.0775337306141,"83a8890c9bd54b31ca0a35c09670b06c2135cbfd5512632ef57454e326b2680b"
"6-11",35.3080089473048,20,0.0989413688612681,0.0237074377143902,0.0524747909410634,0.145407946781473,TRUE,1.75228032887322,67.0775337306141,"83a8890c9bd54b31ca0a35c09670b06c2135cbfd5512632ef57454e326b2680b"
"6-11",35.5448648020122,20,0.100033422340065,0.0239989353506415,0.0529955090528077,0.147071335627322,TRUE,1.75228032887322,67.0775337306141,"83a8890c9bd54b31ca0a35c09670b06c2135cbfd5512632ef57454e326b2680b"
"6-11",35.7817206567195,20,0.101117291036962,0.0242847621800947,0.0535191571639767,0.148715424909948,TRUE,1.75228032887322,67.0775337306141,"83a8890c9bd54b31ca0a35c09670b06c2135cbfd5512632ef57454e326b2680b"
"6-11",36.0185765114269,20,0.102193208548375,0.0245647803283111,0.0540462391048852,0.150340177991865,TRUE,1.75228032887322,67.0775337306141,"83a8890c9bd54b31ca0a35c09670b06c2135cbfd5512632ef57454e326b2680b"
"6-11",36.2554323661343,20,0.103261408470718,0.0248388575499721,0.0545772476727724,0.151945569268663,TRUE,1.75228032887322,67.0775337306141,"83a8890c9bd54b31ca0a35c09670b06c2135cbfd5512632ef57454e326b2680b"
"6-11",36.4922882208416,20,0.104322124400406,0.0251068676894687,0.0551126637290469,0.153531585071764,TRUE,1.75228032887322,67.0775337306141,"83a8890c9bd54b31ca0a35c09670b06c2135cbfd5512632ef57454e326b2680b"
"6-11",36.729144075549,20,0.105375589933853,0.0253686911638537,0.0556529552527001,0.155098224615006,TRUE,1.75228032887322,67.0775337306141,"83a8890c9bd54b31ca0a35c09670b06c2135cbfd5512632ef57454e326b2680b"
"6-11",36.9659999302564,20,0.106422038667476,0.0256242154699492,0.0561985763463754,0.156645500988576,TRUE,1.75228032887322,67.0775337306141,"83a8890c9bd54b31ca0a35c09670b06c2135cbfd5512632ef57454e326b2680b"
"6-11",37.2028557849637,20,0.107461704197688,0.0258733357174811,0.056749966191425,0.158173442203951,TRUE,1.75228032887322,67.0775337306141,"83a8890c9bd54b31ca0a35c09670b06c2135cbfd5512632ef57454e326b2680b"
"6-11",37.4397116396711,20,0.108494820120905,0.0261159551901954,0.0573075479481217,0.159682092293688,TRUE,1.75228032887322,67.0775337306141,"83a8890c9bd54b31ca0a35c09670b06c2135cbfd5512632ef57454e326b2680b"
"6-11",37.6765674943785,20,0.109521620033541,0.0263519859369934,0.0578717275970336,0.161171512470048,TRUE,1.75228032887322,67.0775337306141,"83a8890c9bd54b31ca0a35c09670b06c2135cbfd5512632ef57454e326b2680b"
"6-11",37.9134233490858,20,0.110542337532011,0.0265813493952058,0.0584428927174078,0.162641782346614,TRUE,1.75228032887322,67.0775337306141,"83a8890c9bd54b31ca0a35c09670b06c2135cbfd5512632ef57454e326b2680b"
"6-11",38.1502792037932,20,0.111557206212731,0.0268039770482013,0.0590214111982561,0.164093001227205,TRUE,1.75228032887322,67.0775337306141,"83a8890c9bd54b31ca0a35c09670b06c2135cbfd5512632ef57454e326b2680b"
"6-11",38.3871350585005,20,0.112566456596139,0.0270198157486396,0.0596076177288058,0.165525295463473,TRUE,1.75228032887322,67.0775337306141,"83a8890c9bd54b31ca0a35c09670b06c2135cbfd5512632ef57454e326b2680b"
"6-11",38.6239909132079,20,0.11357022288134,0.0272289674818137,0.060201446616985,0.166938999145695,TRUE,1.75228032887322,67.0775337306141,"83a8890c9bd54b31ca0a35c09670b06c2135cbfd5512632ef57454e326b2680b"
"6-11",38.8608467679153,20,0.114568526146105,0.0274317089458375,0.0608023766122631,0.168334675679946,TRUE,1.75228032887322,67.0775337306141,"83a8890c9bd54b31ca0a35c09670b06c2135cbfd5512632ef57454e326b2680b"
"6-11",39.0977026226226,20,0.115561381004986,0.0276283277826224,0.0614098585510457,0.169712903458926,TRUE,1.75228032887322,67.0775337306141,"83a8890c9bd54b31ca0a35c09670b06c2135cbfd5512632ef57454e326b2680b"
"6-11",39.33455847733,20,0.116548802072534,0.027819112232573,0.0620233420966915,0.171074262048378,TRUE,1.75228032887322,67.0775337306141,"83a8890c9bd54b31ca0a35c09670b06c2135cbfd5512632ef57454e326b2680b"
"6-11",39.5714143320374,20,0.117530803963303,0.0280043506123658,0.0626422767630659,0.17241933116354,TRUE,1.75228032887322,67.0775337306141,"83a8890c9bd54b31ca0a35c09670b06c2135cbfd5512632ef57454e326b2680b"
"6-11",39.8082701867447,20,0.118507401291842,0.0281843308127396,0.0632661128988727,0.173748689684812,TRUE,1.75228032887322,67.0775337306141,"83a8890c9bd54b31ca0a35c09670b06c2135cbfd5512632ef57454e326b2680b"
"6-11",40,20,0.119293988106673,0.0283263669336442,0.0637743089167303,0.174813667296616,TRUE,1.75228032887322,67.0775337306141,"83a8890c9bd54b31ca0a35c09670b06c2135cbfd5512632ef57454e326b2680b"
"6-11",40.0451260414521,20,0.119478608672705,0.0283593398132982,0.0638943026386404,0.175062914706769,TRUE,1.75228032887322,67.0775337306141,"83a8890c9bd54b31ca0a35c09670b06c2135cbfd5512632ef57454e326b2680b"
"6-11",40.2819818961594,20,0.120444440720442,0.0285296632118559,0.0645263008252043,0.176362580615679,TRUE,1.75228032887322,67.0775337306141,"83a8890c9bd54b31ca0a35c09670b06c2135cbfd5512632ef57454e326b2680b"
"6-11",40.5188377508668,20,0.121404912049605,0.0286955847663262,0.065161565907606,0.177648258191605,TRUE,1.75228032887322,67.0775337306141,"83a8890c9bd54b31ca0a35c09670b06c2135cbfd5512632ef57454e326b2680b"
"6-11",40.7556936055742,20,0.122360037274747,0.0288573859475644,0.0657995608175203,0.178920513731973,TRUE,1.75228032887322,67.0775337306141,"83a8890c9bd54b31ca0a35c09670b06c2135cbfd5512632ef57454e326b2680b"
"6-11",40.9925494602815,20,0.123309831010417,0.0290153455019497,0.066439753826596,0.180179908194239,TRUE,1.75228032887322,67.0775337306141,"83a8890c9bd54b31ca0a35c09670b06c2135cbfd5512632ef57454e326b2680b"
"6-11",41.2294053149889,20,0.12425430787117,0.0291697390228198,0.067081619386443,0.181426996355897,TRUE,1.75228032887322,67.0775337306141,"83a8890c9bd54b31ca0a35c09670b06c2135cbfd5512632ef57454e326b2680b"
"6-11",41.4662611696963,20,0.125193482471555,0.0293208385301697,0.0677246389524226,0.182662325990688,TRUE,1.75228032887322,67.0775337306141,"83a8890c9bd54b31ca0a35c09670b06c2135cbfd5512632ef57454e326b2680b"
"6-11",41.7031170244036,20,0.126127369426125,0.0294689120582941,0.0683683017918688,0.183886437060382,TRUE,1.75228032887322,67.0775337306141,"83a8890c9bd54b31ca0a35c09670b06c2135cbfd5512632ef57454e326b2680b"
"6-11",41.939972879111,20,0.127055983349432,0.0296142232512932,0.0690121057768971,0.185099860921966,TRUE,1.75228032887322,67.0775337306141,"83a8890c9bd54b31ca0a35c09670b06c2135cbfd5512632ef57454e326b2680b"
"6-11",42.1768287338183,20,0.127979338856026,0.0297570309665769,0.0696555581615358,0.186303119550517,TRUE,1.75228032887322,67.0775337306141,"83a8890c9bd54b31ca0a35c09670b06c2135cbfd5512632ef57454e326b2680b"
"6-11",42.4136845885257,20,0.128897450560461,0.0298975888866992,0.0702981763425306,0.187496724778391,TRUE,1.75228032887322,67.0775337306141,"83a8890c9bd54b31ca0a35c09670b06c2135cbfd5512632ef57454e326b2680b"
"6-11",42.6505404432331,20,0.129810333077287,0.0300361451400245,0.0709394886028388,0.188681177551735,TRUE,1.75228032887322,67.0775337306141,"83a8890c9bd54b31ca0a35c09670b06c2135cbfd5512632ef57454e326b2680b"
"6-11",42.8873962979404,20,0.130718001021056,0.0301729419308823,0.0715790348365266,0.189856967205585,TRUE,1.75228032887322,67.0775337306141,"83a8890c9bd54b31ca0a35c09670b06c2135cbfd5512632ef57454e326b2680b"
"6-11",43.1242521526478,20,0.13162046900632,0.0303082151799979,0.0722163672535242,0.191024570759116,TRUE,1.75228032887322,67.0775337306141,"83a8890c9bd54b31ca0a35c09670b06c2135cbfd5512632ef57454e326b2680b"
"6-11",43.3611080073552,20,0.132517751647631,0.0304421941761027,0.0728510510624693,0.192184452232792,TRUE,1.75228032887322,67.0775337306141,"83a8890c9bd54b31ca0a35c09670b06c2135cbfd5512632ef57454e326b2680b"
"6-11",43.5979638620625,20,0.13340986355954,0.0305751012397221,0.0734826651296842,0.193337061989395,TRUE,1.75228032887322,67.0775337306141,"83a8890c9bd54b31ca0a35c09670b06c2135cbfd5512632ef57454e326b2680b"
"6-11",43.8348197167699,20,0.134296819356598,0.030707151400214,0.0741108026121789,0.194482836101018,TRUE,1.75228032887322,67.0775337306141,"83a8890c9bd54b31ca0a35c09670b06c2135cbfd5512632ef57454e326b2680b"
"6-11",44.0716755714773,20,0.135178633653359,0.030838552087192,0.0747350715624626,0.195622195744255,TRUE,1.75228032887322,67.0775337306141,"83a8890c9bd54b31ca0a35c09670b06c2135cbfd5512632ef57454e326b2680b"
"6-11",44.3085314261846,20,0.136055321064373,0.0309695028375038,0.0753550955028653,0.19675554662588,TRUE,1.75228032887322,67.0775337306141,"83a8890c9bd54b31ca0a35c09670b06c2135cbfd5512632ef57454e326b2680b"
"6-11",44.545387280892,20,0.136926896204192,0.0311001950189591,0.0759705139670316,0.197883278441351,TRUE,1.75228032887322,67.0775337306141,"83a8890c9bd54b31ca0a35c09670b06c2135cbfd5512632ef57454e326b2680b"
"6-11",44.7822431355993,20,0.137793373687367,0.0312308115720042,0.0765809830062389,0.199005764368495,TRUE,1.75228032887322,67.0775337306141,"83a8890c9bd54b31ca0a35c09670b06c2135cbfd5512632ef57454e326b2680b"
"6-11",45.0190989903067,20,0.138654768128451,0.0313615267705245,0.0771861756582231,0.200123360598679,TRUE,1.75228032887322,67.0775337306141,"83a8890c9bd54b31ca0a35c09670b06c2135cbfd5512632ef57454e326b2680b"
"6-11",45.2559548450141,20,0.139511094141995,0.0314925060029295,0.0777857823762534,0.201236405907737,TRUE,1.75228032887322,67.0775337306141,"83a8890c9bd54b31ca0a35c09670b06c2135cbfd5512632ef57454e326b2680b"
"6-11",45.4928106997214,20,0.140362366342551,0.0316239055746232,0.0783795114162896,0.202345221268813,TRUE,1.75228032887322,67.0775337306141,"83a8890c9bd54b31ca0a35c09670b06c2135cbfd5512632ef57454e326b2680b"
"6-11",45.7296665544288,20,0.14120859934467,0.0317558725329023,0.0789670891801819,0.203450109509159,TRUE,1.75228032887322,67.0775337306141,"83a8890c9bd54b31ca0a35c09670b06c2135cbfd5512632ef57454e326b2680b"
"6-11",45.9665224091362,20,0.142049807762905,0.0318885445152477,0.0795482605130194,0.204551355012791,TRUE,1.75228032887322,67.0775337306141,"83a8890c9bd54b31ca0a35c09670b06c2135cbfd5512632ef57454e326b2680b"
"6-11",46.2033782638435,20,0.142886006211806,0.0320220496218832,0.0801227889529153,0.205649223470698,TRUE,1.75228032887322,67.0775337306141,"83a8890c9bd54b31ca0a35c09670b06c2135cbfd5512632ef57454e326b2680b"
"6-11",46.4402341185509,20,0.143717209305926,0.0321565063133745,0.0806904569317124,0.20674396168014,TRUE,1.75228032887322,67.0775337306141,"83a8890c9bd54b31ca0a35c09670b06c2135cbfd5512632ef57454e326b2680b"
"6-11",46.6770899732582,20,0.144543431659817,0.0322920233339282,0.0812510659253173,0.207835797394316,TRUE,1.75228032887322,67.0775337306141,"83a8890c9bd54b31ca0a35c09670b06c2135cbfd5512632ef57454e326b2680b"
"6-11",46.9139458279656,20,0.145364687888029,0.0324286996609304,0.0818044365526053,0.208924939223452,TRUE,1.75228032887322,67.0775337306141,"83a8890c9bd54b31ca0a35c09670b06c2135cbfd5512632ef57454e326b2680b"
"6-11",47.150801682673,20,0.146180992605115,0.0325666244811353,0.0823504086220894,0.21001157658814,TRUE,1.75228032887322,67.0775337306141,"83a8890c9bd54b31ca0a35c09670b06c2135cbfd5512632ef57454e326b2680b"
"6-11",47.3876575373803,20,0.146992360425626,0.0327058771937833,0.0828888411258104,0.211095879725441,TRUE,1.75228032887322,67.0775337306141,"83a8890c9bd54b31ca0a35c09670b06c2135cbfd5512632ef57454e326b2680b"
"6-11",47.6245133920877,20,0.147798805964114,0.0328465274407903,0.0834196121801648,0.212177999748063,TRUE,1.75228032887322,67.0775337306141,"83a8890c9bd54b31ca0a35c09670b06c2135cbfd5512632ef57454e326b2680b"
"6-11",47.8613692467951,20,0.148600343835131,0.0329886351640139,0.0839426189136633,0.213258068756598,TRUE,1.75228032887322,67.0775337306141,"83a8890c9bd54b31ca0a35c09670b06c2135cbfd5512632ef57454e326b2680b"
"6-11",48.0982251015024,20,0.149396988653228,0.0331322506894662,0.0844577773018742,0.214336200004582,TRUE,1.75228032887322,67.0775337306141,"83a8890c9bd54b31ca0a35c09670b06c2135cbfd5512632ef57454e326b2680b"
"6-11",48.3350809562098,20,0.150188755032957,0.0332774148382081,0.0849650219500693,0.215412488115845,TRUE,1.75228032887322,67.0775337306141,"83a8890c9bd54b31ca0a35c09670b06c2135cbfd5512632ef57454e326b2680b"
"6-11",48.5719368109171,20,0.15097565758887,0.0334241590635335,0.0854643058243447,0.216487009353396,TRUE,1.75228032887322,67.0775337306141,"83a8890c9bd54b31ca0a35c09670b06c2135cbfd5512632ef57454e326b2680b"
"6-11",48.8087926656245,20,0.151757710935519,0.0335725056139248,0.0859555999322261,0.217559821938811,TRUE,1.75228032887322,67.0775337306141,"83a8890c9bd54b31ca0a35c09670b06c2135cbfd5512632ef57454e326b2680b"
"6-11",49.0456485203319,20,0.152534929687454,0.0337224677211514,0.0864388929539977,0.218630966420911,TRUE,1.75228032887322,67.0775337306141,"83a8890c9bd54b31ca0a35c09670b06c2135cbfd5512632ef57454e326b2680b"
"6-11",49.2825043750392,20,0.153307328459229,0.0338740498127707,0.0869141908261985,0.21970046609226,TRUE,1.75228032887322,67.0775337306141,"83a8890c9bd54b31ca0a35c09670b06c2135cbfd5512632ef57454e326b2680b"
"6-11",49.5193602297466,20,0.154074921865394,0.0340272477482011,0.08738151627892,0.220768327451868,TRUE,1.75228032887322,67.0775337306141,"83a8890c9bd54b31ca0a35c09670b06c2135cbfd5512632ef57454e326b2680b"
"6-11",49.756216084454,20,0.154837724520502,0.0341820490774488,0.0878409083287019,0.221834540712301,TRUE,1.75228032887322,67.0775337306141,"83a8890c9bd54b31ca0a35c09670b06c2135cbfd5512632ef57454e326b2680b"
"6-11",49.9930719391613,20,0.155595751039103,0.0343384333214974,0.0882924217289679,0.222899080349238,TRUE,1.75228032887322,67.0775337306141,"83a8890c9bd54b31ca0a35c09670b06c2135cbfd5512632ef57454e326b2680b"
"6-11",50.2299277938687,20,0.15634901603575,0.0344963722733126,0.088736126380057,0.223961905691442,TRUE,1.75228032887322,67.0775337306141,"83a8890c9bd54b31ca0a35c09670b06c2135cbfd5512632ef57454e326b2680b"
"6-11",50.466783648576,20,0.157097534124994,0.0346558303183648,0.0891721067009989,0.225022961548989,TRUE,1.75228032887322,67.0775337306141,"83a8890c9bd54b31ca0a35c09670b06c2135cbfd5512632ef57454e326b2680b"
"6-11",50.7036395032834,20,0.157841319921387,0.0348167647735408,0.089600460965247,0.226082178877527,TRUE,1.75228032887322,67.0775337306141,"83a8890c9bd54b31ca0a35c09670b06c2135cbfd5512632ef57454e326b2680b"
"6-11",50.9404953579908,20,0.158580388039481,0.0349791262432951,0.0900213006026225,0.227139475476339,TRUE,1.75228032887322,67.0775337306141,"83a8890c9bd54b31ca0a35c09670b06c2135cbfd5512632ef57454e326b2680b"
"6-11",51.1773512126981,20,0.159314753093827,0.0351428589918825,0.0904347494697375,0.228194756717917,TRUE,1.75228032887322,67.0775337306141,"83a8890c9bd54b31ca0a35c09670b06c2135cbfd5512632ef57454e326b2680b"
"6-11",51.4142070674055,20,0.160044429698977,0.0353079013305224,0.0908409430911536,0.229247916306801,TRUE,1.75228032887322,67.0775337306141,"83a8890c9bd54b31ca0a35c09670b06c2135cbfd5512632ef57454e326b2680b"
"6-11",51.6510629221129,20,0.160769432469484,0.0354741860183581,0.0912400278735016,0.230298837065465,TRUE,1.75228032887322,67.0775337306141,"83a8890c9bd54b31ca0a35c09670b06c2135cbfd5512632ef57454e326b2680b"
"6-11",51.8879187768202,20,0.161489776019897,0.0356416406761051,0.091632160294731,0.231347391745063,TRUE,1.75228032887322,67.0775337306141,"83a8890c9bd54b31ca0a35c09670b06c2135cbfd5512632ef57454e326b2680b"
"6-11",52.1247746315276,20,0.16220547496477,0.0358101882113205,0.0920175060705816,0.232393443858958,TRUE,1.75228032887322,67.0775337306141,"83a8890c9bd54b31ca0a35c09670b06c2135cbfd5512632ef57454e326b2680b"
"6-11",52.361630486235,20,0.162916543918653,0.0359797472542729,0.0923962393002784,0.233436848537028,TRUE,1.75228032887322,67.0775337306141,"83a8890c9bd54b31ca0a35c09670b06c2135cbfd5512632ef57454e326b2680b"
"6-11",52.5984863409423,20,0.163622997496099,0.0361502326034494,0.0927685415933384,0.23447745339886,TRUE,1.75228032887322,67.0775337306141,"83a8890c9bd54b31ca0a35c09670b06c2135cbfd5512632ef57454e326b2680b"
"6-11",52.8353421956497,20,0.16432485031166,0.0363215556797992,0.0931346011792531,0.235515099444066,TRUE,1.75228032887322,67.0775337306141,"83a8890c9bd54b31ca0a35c09670b06c2135cbfd5512632ef57454e326b2680b"
"6-11",53.072198050357,20,0.165022116979886,0.0364936249888825,0.0934946120016758,0.236549621958095,TRUE,1.75228032887322,67.0775337306141,"83a8890c9bd54b31ca0a35c09670b06c2135cbfd5512632ef57454e326b2680b"
"6-11",53.3090539050644,20,0.165714812115329,0.0366663465901713,0.0938487727985935,0.237580851432065,TRUE,1.75228032887322,67.0775337306141,"83a8890c9bd54b31ca0a35c09670b06c2135cbfd5512632ef57454e326b2680b"
"6-11",53.5459097597718,20,0.166402950332542,0.0368396245728234,0.0941972861698084,0.238608614495276,TRUE,1.75228032887322,67.0775337306141,"83a8890c9bd54b31ca0a35c09670b06c2135cbfd5512632ef57454e326b2680b"
"6-11",53.7827656144791,20,0.167086546246076,0.0370133615373366,0.0945403576328967,0.239632734859256,TRUE,1.75228032887322,67.0775337306141,"83a8890c9bd54b31ca0a35c09670b06c2135cbfd5512632ef57454e326b2680b"
"6-11",54.0196214691865,20,0.167765614470483,0.0371874590825712,0.0948781946686436,0.240653034272323,TRUE,1.75228032887322,67.0775337306141,"83a8890c9bd54b31ca0a35c09670b06c2135cbfd5512632ef57454e326b2680b"
"6-11",54.2564773238939,20,0.168440169620314,0.0373618182977158,0.0952110057567911,0.241669333483837,TRUE,1.75228032887322,67.0775337306141,"83a8890c9bd54b31ca0a35c09670b06c2135cbfd5512632ef57454e326b2680b"
"6-11",54.4933331786012,20,0.169110226310121,0.0375363402588534,0.0955389994027686,0.242681453217474,TRUE,1.75228032887322,67.0775337306141,"83a8890c9bd54b31ca0a35c09670b06c2135cbfd5512632ef57454e326b2680b"
"6-11",54.7301890333086,20,0.169775799154456,0.0377109265298695,0.0958623831559119,0.243689215153,TRUE,1.75228032887322,67.0775337306141,"83a8890c9bd54b31ca0a35c09670b06c2135cbfd5512632ef57454e326b2680b"
"6-11",54.9670448880159,20,0.17043690276787,0.0378854796675263,0.0961813626195187,0.244692442916222,TRUE,1.75228032887322,67.0775337306141,"83a8890c9bd54b31ca0a35c09670b06c2135cbfd5512632ef57454e326b2680b"
"6-11",55.2039007427233,20,0.171093551764916,0.0380599037306034,0.096496140452933,0.245690963076898,TRUE,1.75228032887322,67.0775337306141,"83a8890c9bd54b31ca0a35c09670b06c2135cbfd5512632ef57454e326b2680b"
"6-11",55.4407565974307,20,0.171745760760144,0.0382341047930816,0.0968069153657041,0.246684606154584,TRUE,1.75228032887322,67.0775337306141,"83a8890c9bd54b31ca0a35c09670b06c2135cbfd5512632ef57454e326b2680b"
"6-11",55.677612452138,20,0.172393544368107,0.0384079914614177,0.0971138811037279,0.247673207632485,TRUE,1.75228032887322,67.0775337306141,"83a8890c9bd54b31ca0a35c09670b06c2135cbfd5512632ef57454e326b2680b"
"6-11",55.9144683068454,20,0.173036917203356,0.0385814753960239,0.0974172254271488,0.248656608979562,TRUE,1.75228032887322,67.0775337306141,"83a8890c9bd54b31ca0a35c09670b06c2135cbfd5512632ef57454e326b2680b"
"6-11",56.1513241615528,20,0.173675893880442,0.0387544718371231,0.0977171290796812,0.249634658681204,TRUE,1.75228032887322,67.0775337306141,"83a8890c9bd54b31ca0a35c09670b06c2135cbfd5512632ef57454e326b2680b"
"6-11",56.3881800162601,20,0.174310489013919,0.03892690013521,0.0980137647489073,0.25060721327893,TRUE,1.75228032887322,67.0775337306141,"83a8890c9bd54b31ca0a35c09670b06c2135cbfd5512632ef57454e326b2680b"
"6-11",56.6250358709675,20,0.174940717218337,0.0390986842863898,0.0983072960170126,0.25157413841966,TRUE,1.75228032887322,67.0775337306141,"83a8890c9bd54b31ca0a35c09670b06c2135cbfd5512632ef57454e326b2680b"
"6-11",56.8618917256748,20,0.175566593108247,0.0392697534729099,0.0985978763013436,0.252535309915151,TRUE,1.75228032887322,67.0775337306141,"83a8890c9bd54b31ca0a35c09670b06c2135cbfd5512632ef57454e326b2680b"
"6-11",57.0987475803822,20,0.176188131298202,0.0394400426092295,0.0988856477841126,0.253490614812292,TRUE,1.75228032887322,67.0775337306141,"83a8890c9bd54b31ca0a35c09670b06c2135cbfd5512632ef57454e326b2680b"
"6-11",57.3356034350896,20,0.176805346402754,0.0396094928939946,0.0991707403305248,0.254439952474983,TRUE,1.75228032887322,67.0775337306141,"83a8890c9bd54b31ca0a35c09670b06c2135cbfd5512632ef57454e326b2680b"
"6-11",57.5724592897969,20,0.177418253036848,0.0397780523709573,0.0994532703897715,0.255383235683924,TRUE,1.75228032887322,67.0775337306141,"83a8890c9bd54b31ca0a35c09670b06c2135cbfd5512632ef57454e326b2680b"
"6-11",57.8093151445043,20,0.178026868319848,0.0399456934550784,0.0997333091478941,0.256320427491801,TRUE,1.75228032887322,67.0775337306141,"83a8890c9bd54b31ca0a35c09670b06c2135cbfd5512632ef57454e326b2680b"
"6-11",58.0461709992117,20,0.178631217817673,0.0401124542543884,0.100010807479072,0.257251628156274,TRUE,1.75228032887322,67.0775337306141,"83a8890c9bd54b31ca0a35c09670b06c2135cbfd5512632ef57454e326b2680b"
"6-11",58.283026853919,20,0.179231328875101,0.0402783942940185,0.100285676058825,0.258176981691377,TRUE,1.75228032887322,67.0775337306141,"83a8890c9bd54b31ca0a35c09670b06c2135cbfd5512632ef57454e326b2680b"
"6-11",58.5198827086264,20,0.179827228836908,0.0404435821982198,0.100557807728397,0.259096649945419,TRUE,1.75228032887322,67.0775337306141,"83a8890c9bd54b31ca0a35c09670b06c2135cbfd5512632ef57454e326b2680b"
"6-11",58.7567385633337,20,0.180418945047871,0.0406080952962447,0.100827078267232,0.260010811828511,TRUE,1.75228032887322,67.0775337306141,"83a8890c9bd54b31ca0a35c09670b06c2135cbfd5512632ef57454e326b2680b"
"6-11",58.9935944180411,20,0.181006504852767,0.0407720192403527,0.101093347141676,0.260919662563858,TRUE,1.75228032887322,67.0775337306141,"83a8890c9bd54b31ca0a35c09670b06c2135cbfd5512632ef57454e326b2680b"
"6-11",59.2304502727485,20,0.181589935596372,0.040935447634896,0.101356458231976,0.261823412960768,TRUE,1.75228032887322,67.0775337306141,"83a8890c9bd54b31ca0a35c09670b06c2135cbfd5512632ef57454e326b2680b"
"6-11",59.4673061274558,20,0.182169264623464,0.0410984816754651,0.101616240539552,0.262722288707375,TRUE,1.75228032887322,67.0775337306141,"83a8890c9bd54b31ca0a35c09670b06c2135cbfd5512632ef57454e326b2680b"
"6-11",59.7041619821632,20,0.182744519278818,0.0412612297970973,0.101872508876507,0.263616529681129,TRUE,1.75228032887322,67.0775337306141,"83a8890c9bd54b31ca0a35c09670b06c2135cbfd5512632ef57454e326b2680b"
"6-11",59.9410178368706,20,0.183315726907212,0.0414238073305868,0.102125064539262,0.264506389275162,TRUE,1.75228032887322,67.0775337306141,"83a8890c9bd54b31ca0a35c09670b06c2135cbfd5512632ef57454e326b2680b"
"6-11",60.1778736915779,20,0.183882914853423,0.0415863361659724,0.102373695968117,0.265392133738729,TRUE,1.75228032887322,67.0775337306141,"83a8890c9bd54b31ca0a35c09670b06c2135cbfd5512632ef57454e326b2680b"
"6-11",60.4147295462853,20,0.184446110462227,0.0417489444223166,0.102618179394486,0.266274041529967,TRUE,1.75228032887322,67.0775337306141,"83a8890c9bd54b31ca0a35c09670b06c2135cbfd5512632ef57454e326b2680b"
"6-11",60.6515854009927,20,0.1850053410784,0.0419117661229405,0.102858279477437,0.267152402679364,TRUE,1.75228032887322,67.0775337306141,"83a8890c9bd54b31ca0a35c09670b06c2135cbfd5512632ef57454e326b2680b"
"6-11",60.8884412557,20,0.185560634046721,0.0420749408753208,0.103093749931092,0.26802751816235,TRUE,1.75228032887322,67.0775337306141,"83a8890c9bd54b31ca0a35c09670b06c2135cbfd5512632ef57454e326b2680b"
"6-11",61.1252971104074,20,0.186112016711965,0.0422386135549129,0.103324334144336,0.268899699279595,TRUE,1.75228032887322,67.0775337306141,"83a8890c9bd54b31ca0a35c09670b06c2135cbfd5512632ef57454e326b2680b"
"6-11",61.3621529651147,20,0.18665951641891,0.0424029339922114,0.103549765794175,0.269769267043644,TRUE,1.75228032887322,67.0775337306141,"83a8890c9bd54b31ca0a35c09670b06c2135cbfd5512632ef57454e326b2680b"
"6-11",61.5990088198221,20,0.187203160512331,0.0425680566624215,0.103769769453985,0.270636551570677,TRUE,1.75228032887322,67.0775337306141,"83a8890c9bd54b31ca0a35c09670b06c2135cbfd5512632ef57454e326b2680b"
"6-11",61.8358646745295,20,0.187742976337006,0.0427341403771691,0.103984061197755,0.271501891476258,TRUE,1.75228032887322,67.0775337306141,"83a8890c9bd54b31ca0a35c09670b06c2135cbfd5512632ef57454e326b2680b"
"6-11",62.0727205292368,20,0.188278991237712,0.0429013479777394,0.104192349201343,0.272365633274082,TRUE,1.75228032887322,67.0775337306141,"83a8890c9bd54b31ca0a35c09670b06c2135cbfd5512632ef57454e326b2680b"
"6-11",62.3095763839442,20,0.188811232559225,0.0430698460293959,0.104394334341609,0.273228130776841,TRUE,1.75228032887322,67.0775337306141,"83a8890c9bd54b31ca0a35c09670b06c2135cbfd5512632ef57454e326b2680b"
"6-11",62.5464322386516,20,0.189339727646323,0.0432398045163952,0.104589710794188,0.274089744498457,TRUE,1.75228032887322,67.0775337306141,"83a8890c9bd54b31ca0a35c09670b06c2135cbfd5512632ef57454e326b2680b"
"6-11",62.7832880933589,20,0.189864503843781,0.0434113965373783,0.104778166630519,0.274950841057042,TRUE,1.75228032887322,67.0775337306141,"83a8890c9bd54b31ca0a35c09670b06c2135cbfd5512632ef57454e326b2680b"
"6-11",63.0201439480663,20,0.190385588496376,0.0435847980008841,0.104959384414644,0.275811792578109,TRUE,1.75228032887322,67.0775337306141,"83a8890c9bd54b31ca0a35c09670b06c2135cbfd5512632ef57454e326b2680b"
"6-11",63.2569998027736,20,0.190903008948886,0.0437601873207989,0.105133041800121,0.276672976097652,TRUE,1.75228032887322,67.0775337306141,"83a8890c9bd54b31ca0a35c09670b06c2135cbfd5512632ef57454e326b2680b"
"6-11",63.493855657481,20,0.191416792546088,0.0439377451116217,0.105298812127309,0.277534772964866,TRUE,1.75228032887322,67.0775337306141,"83a8890c9bd54b31ca0a35c09670b06c2135cbfd5512632ef57454e326b2680b"
"6-11",63.7307115121884,20,0.191926966632757,0.0441176538834946,0.105456365021107,0.278397568244406,TRUE,1.75228032887322,67.0775337306141,"83a8890c9bd54b31ca0a35c09670b06c2135cbfd5512632ef57454e326b2680b"
"6-11",63.9675673668957,20,0.19243355855367,0.044300097737011,0.105605366989128,0.279261750118212,TRUE,1.75228032887322,67.0775337306141,"83a8890c9bd54b31ca0a35c09670b06c2135cbfd5512632ef57454e326b2680b"
"6-11",64.2044232216031,20,0.192936595653605,0.0444852620578862,0.105745482020148,0.280127709287062,TRUE,1.75228032887322,67.0775337306141,"83a8890c9bd54b31ca0a35c09670b06c2135cbfd5512632ef57454e326b2680b"
"6-11",64.4412790763105,20,0.193436105277338,0.0446733332116354,0.105876372182533,0.280995838372144,TRUE,1.75228032887322,67.0775337306141,"83a8890c9bd54b31ca0a35c09670b06c2135cbfd5512632ef57454e326b2680b"
"6-11",64.6781349310178,20,0.193932114769646,0.0448644982384726,0.10599769822224,0.281866531317053,TRUE,1.75228032887322,67.0775337306141,"83a8890c9bd54b31ca0a35c09670b06c2135cbfd5512632ef57454e326b2680b"
"6-11",64.9149907857252,20,0.194424651475306,0.0450589445487034,0.106109120159847,0.282740182790765,TRUE,1.75228032887322,67.0775337306141,"83a8890c9bd54b31ca0a35c09670b06c2135cbfd5512632ef57454e326b2680b"
"6-11",65.1518466404326,20,0.194913742739094,0.0452568596189471,0.106210297885958,0.283617187592231,TRUE,1.75228032887322,67.0775337306141,"83a8890c9bd54b31ca0a35c09670b06c2135cbfd5512632ef57454e326b2680b"
"6-11",65.3887024951399,20,0.195399415905788,0.0454584306895773,0.106300891754216,0.284497940057359,TRUE,1.75228032887322,67.0775337306141,"83a8890c9bd54b31ca0a35c09670b06c2135cbfd5512632ef57454e326b2680b"
"6-11",65.6255583498473,20,0.195881698320163,0.0456638444638297,0.106380563171057,0.285382833469269,TRUE,1.75228032887322,67.0775337306141,"83a8890c9bd54b31ca0a35c09670b06c2135cbfd5512632ef57454e326b2680b"
"6-11",65.8624142045546,20,0.196360617326997,0.0458732868090697,0.10644897518122,0.286272259472773,TRUE,1.75228032887322,67.0775337306141,"83a8890c9bd54b31ca0a35c09670b06c2135cbfd5512632ef57454e326b2680b"
"6-11",66.099270059262,20,0.196836200271066,0.0460869424607618,0.106505793047973,0.287166607494159,TRUE,1.75228032887322,67.0775337306141,"83a8890c9bd54b31ca0a35c09670b06c2135cbfd5512632ef57454e326b2680b"
"6-11",66.3361259139694,20,0.197308474497148,0.0463049947297246,0.106550684826888,0.288066264167408,TRUE,1.75228032887322,67.0775337306141,"83a8890c9bd54b31ca0a35c09670b06c2135cbfd5512632ef57454e326b2680b"
"6-11",66.5729817686767,20,0.197777467350019,0.0465276252132874,0.106583321931975,0.288971612768062,TRUE,1.75228032887322,67.0775337306141,"83a8890c9bd54b31ca0a35c09670b06c2135cbfd5512632ef57454e326b2680b"
"6-11",66.8098376233841,20,0.198243206174455,0.0467550135109992,0.106603379692896,0.289883032656013,TRUE,1.75228032887322,67.0775337306141,"83a8890c9bd54b31ca0a35c09670b06c2135cbfd5512632ef57454e326b2680b"
"6-11",67.0466934780915,20,0.198705718315234,0.0469873369455604,0.106610537901935,0.290800898728532,TRUE,1.75228032887322,67.0775337306141,"83a8890c9bd54b31ca0a35c09670b06c2135cbfd5512632ef57454e326b2680b"
"6-11",67.0775337306141,20,0.198765704568065,0.0470179593372284,0.106610504267097,0.290920904869032,TRUE,1.75228032887322,67.0775337306141,"83a8890c9bd54b31ca0a35c09670b06c2135cbfd5512632ef57454e326b2680b"
"6-11",67.2835493327988,20,0.199165031117132,0.0472247702896702,0.106604481349378,0.291725580884885,FALSE,1.75228032887322,67.0775337306141,"83a8890c9bd54b31ca0a35c09670b06c2135cbfd5512632ef57454e326b2680b"
"6-11",67.5204051875062,20,0.199621171924926,0.0474674854994906,0.106584900345924,0.292657443503927,FALSE,1.75228032887322,67.0775337306141,"83a8890c9bd54b31ca0a35c09670b06c2135cbfd5512632ef57454e326b2680b"
"6-11",67.7572610422135,20,0.200074168083393,0.047715651455434,0.106551491230742,0.293596844936043,FALSE,1.75228032887322,67.0775337306141,"83a8890c9bd54b31ca0a35c09670b06c2135cbfd5512632ef57454e326b2680b"
"6-11",67.9941168969209,20,0.200524046937309,0.0479694337109796,0.106503956863789,0.294544137010829,FALSE,1.75228032887322,67.0775337306141,"83a8890c9bd54b31ca0a35c09670b06c2135cbfd5512632ef57454e326b2680b"
"6-11",68.2309727516283,20,0.200970835831452,0.048228994250214,0.106442007101032,0.295499664561871,FALSE,1.75228032887322,67.0775337306141,"83a8890c9bd54b31ca0a35c09670b06c2135cbfd5512632ef57454e326b2680b"
"6-11",68.4678286063356,20,0.201414562110597,0.0484944912547746,0.106365359251239,0.296463764969955,FALSE,1.75228032887322,67.0775337306141,"83a8890c9bd54b31ca0a35c09670b06c2135cbfd5512632ef57454e326b2680b"
"6-11",68.704684461043,20,0.201855253119523,0.0487660788808547,0.106273738513047,0.297436767725998,FALSE,1.75228032887322,67.0775337306141,"83a8890c9bd54b31ca0a35c09670b06c2135cbfd5512632ef57454e326b2680b"
"6-11",68.9415403157504,20,0.202292936203005,0.0490439070468956,0.10616687839109,0.29841899401492,FALSE,1.75228032887322,67.0775337306141,"83a8890c9bd54b31ca0a35c09670b06c2135cbfd5512632ef57454e326b2680b"
"6-11",69.1783961704577,20,0.20272763870582,0.0493281212325583,0.106044521090006,0.299410756321634,FALSE,1.75228032887322,67.0775337306141,"83a8890c9bd54b31ca0a35c09670b06c2135cbfd5512632ef57454e326b2680b"
"6-11",69.4152520251651,20,0.203159387972746,0.0496188622895262,0.105906417885274,0.300412358060217,FALSE,1.75228032887322,67.0775337306141,"83a8890c9bd54b31ca0a35c09670b06c2135cbfd5512632ef57454e326b2680b"
"6-11",69.6521078798724,20,0.203588211348558,0.0499162662646395,0.105752329469864,0.301424093227251,FALSE,1.75228032887322,67.0775337306141,"83a8890c9bd54b31ca0a35c09670b06c2135cbfd5512632ef57454e326b2680b"
"6-11",69.8889637345798,20,0.204014136178034,0.0502204642358144,0.105582026275838,0.30244624608023,FALSE,1.75228032887322,67.0775337306141,"83a8890c9bd54b31ca0a35c09670b06c2135cbfd5512632ef57454e326b2680b"
"6-11",70.1258195892872,20,0.20443718980595,0.0505315821611399,0.105395288770116,0.303479090841784,FALSE,1.75228032887322,67.0775337306141,"83a8890c9bd54b31ca0a35c09670b06c2135cbfd5512632ef57454e326b2680b"
"6-11",70.3626754439945,20,0.204857399577083,0.0508497407414878,0.105191907723767,0.304522891430399,FALSE,1.75228032887322,67.0775337306141,"83a8890c9bd54b31ca0a35c09670b06c2135cbfd5512632ef57454e326b2680b"
"6-11",70.5995312987019,20,0.20527479283621,0.0511750552969049,0.104971684454277,0.305577901218144,FALSE,1.75228032887322,67.0775337306141,"83a8890c9bd54b31ca0a35c09670b06c2135cbfd5512632ef57454e326b2680b"
"6-11",70.8363871534093,20,0.205689396928108,0.0515076356569922,0.104734431040404,0.306644362815813,FALSE,1.75228032887322,67.0775337306141,"83a8890c9bd54b31ca0a35c09670b06c2135cbfd5512632ef57454e326b2680b"
"6-11",71.0732430081166,20,0.206101239197554,0.0518475860654089,0.104479970509352,0.307722507885755,FALSE,1.75228032887322,67.0775337306141,"83a8890c9bd54b31ca0a35c09670b06c2135cbfd5512632ef57454e326b2680b"
"6-11",71.310098862824,20,0.206510346989323,0.0521950050985677,0.10420813699613,0.308812556982516,FALSE,1.75228032887322,67.0775337306141,"83a8890c9bd54b31ca0a35c09670b06c2135cbfd5512632ef57454e326b2680b"
"6-11",71.5469547175313,20,0.206916747648193,0.0525499855985217,0.10391877587509,0.309914719421296,FALSE,1.75228032887322,67.0775337306141,"83a8890c9bd54b31ca0a35c09670b06c2135cbfd5512632ef57454e326b2680b"
"6-11",71.7838105722387,20,0.207320468518941,0.0529126146199723,0.103611743863795,0.311029193174087,FALSE,1.75228032887322,67.0775337306141,"83a8890c9bd54b31ca0a35c09670b06c2135cbfd5512632ef57454e326b2680b"
"6-11",72.0206664269461,20,0.207721536946343,0.0532829733912621,0.10328690909947,0.312156164793217,FALSE,1.75228032887322,67.0775337306141,"83a8890c9bd54b31ca0a35c09670b06c2135cbfd5512632ef57454e326b2680b"
"6-11",72.2575222816534,20,0.208119980275177,0.0536611372891511,0.102944151188441,0.313295809361913,FALSE,1.75228032887322,67.0775337306141,"83a8890c9bd54b31ca0a35c09670b06c2135cbfd5512632ef57454e326b2680b"
"6-11",72.4943781363608,20,0.208515825850218,0.0540471758271096,0.102583361229083,0.314448290471353,FALSE,1.75228032887322,67.0775337306141,"83a8890c9bd54b31ca0a35c09670b06c2135cbfd5512632ef57454e326b2680b"
"6-11",72.7312339910682,20,0.208909101016244,0.0544411526568035,0.102204441808909,0.315613760223579,FALSE,1.75228032887322,67.0775337306141,"83a8890c9bd54b31ca0a35c09670b06c2135cbfd5512632ef57454e326b2680b"
"6-11",72.9680898457755,20,0.209299833118032,0.0548431255823909,0.101807306976546,0.316792359259518,FALSE,1.75228032887322,67.0775337306141,"83a8890c9bd54b31ca0a35c09670b06c2135cbfd5512632ef57454e326b2680b"
"6-11",73.2049457004829,20,0.209688049500358,0.0552531465871959,0.101391882189454,0.317984216811262,FALSE,1.75228032887322,67.0775337306141,"83a8890c9bd54b31ca0a35c09670b06c2135cbfd5512632ef57454e326b2680b"
"6-11",73.4418015551903,20,0.210073777507998,0.0556712618722787,0.100958104238332,0.319189450777665,FALSE,1.75228032887322,67.0775337306141,"83a8890c9bd54b31ca0a35c09670b06c2135cbfd5512632ef57454e326b2680b"
"6-11",73.6786574098976,20,0.210457044485731,0.0560975119063765,0.100505921149233,0.320408167822229,FALSE,1.75228032887322,67.0775337306141,"83a8890c9bd54b31ca0a35c09670b06c2135cbfd5512632ef57454e326b2680b"
"6-11",73.915513264605,20,0.210837877778332,0.0565319314866546,0.100035292064489,0.321640463492175,FALSE,1.75228032887322,67.0775337306141,"83a8890c9bd54b31ca0a35c09670b06c2135cbfd5512632ef57454e326b2680b"
"6-11",74.1523691193123,20,0.211216304730578,0.0569745498096704,0.0995461871036242,0.322886422357532,FALSE,1.75228032887322,67.0775337306141,"83a8890c9bd54b31ca0a35c09670b06c2135cbfd5512632ef57454e326b2680b"
"6-11",74.3892249740197,20,0.211592352687246,0.0574253905519301,0.0990385872054633,0.324146118169029,FALSE,1.75228032887322,67.0775337306141,"83a8890c9bd54b31ca0a35c09670b06c2135cbfd5512632ef57454e326b2680b"
"6-11",74.6260808287271,20,0.211966048993113,0.0578844719593912,0.0985124839527067,0.32541961403352,FALSE,1.75228032887322,67.0775337306141,"83a8890c9bd54b31ca0a35c09670b06c2135cbfd5512632ef57454e326b2680b"
"6-11",74.8629366834344,20,0.212337420992956,0.0583518069452498,0.0979678793802663,0.326706962605645,FALSE,1.75228032887322,67.0775337306141,"83a8890c9bd54b31ca0a35c09670b06c2135cbfd5512632ef57454e326b2680b"
"6-11",75.0997925381418,20,0.212706496031551,0.058827403195341,0.0974047857686824,0.328008206294419,FALSE,1.75228032887322,67.0775337306141,"83a8890c9bd54b31ca0a35c09670b06c2135cbfd5512632ef57454e326b2680b"
"6-11",75.3366483928492,20,0.213073301453675,0.0593112632804705,0.0968232254239524,0.329323377483397,FALSE,1.75228032887322,67.0775337306141,"83a8890c9bd54b31ca0a35c09670b06c2135cbfd5512632ef57454e326b2680b"
"6-11",75.5735042475565,20,0.213437864604104,0.0598033847749969,0.0962232304451102,0.330652498763098,FALSE,1.75228032887322,67.0775337306141,"83a8890c9bd54b31ca0a35c09670b06c2135cbfd5512632ef57454e326b2680b"
"6-11",75.8103601022639,20,0.213800212827616,0.0603037603809876,0.0956048424808807,0.331995583174352,FALSE,1.75228032887322,67.0775337306141,"83a8890c9bd54b31ca0a35c09670b06c2135cbfd5512632ef57454e326b2680b"
"6-11",76.0472159569712,20,0.214160373468988,0.060812378057274,0.0949681124767308,0.333352634461245,FALSE,1.75228032887322,67.0775337306141,"83a8890c9bd54b31ca0a35c09670b06c2135cbfd5512632ef57454e326b2680b"
"6-11",76.2840718116786,20,0.214518373872995,0.0613292211527493,0.0943131004136069,0.334723647332384,FALSE,1.75228032887322,67.0775337306141,"83a8890c9bd54b31ca0a35c09670b06c2135cbfd5512632ef57454e326b2680b"
"6-11",76.520927666386,20,0.214874241384416,0.0618542685432618,0.0936398750396228,0.336108607729209,FALSE,1.75228032887322,67.0775337306141,"83a8890c9bd54b31ca0a35c09670b06c2135cbfd5512632ef57454e326b2680b"
"6-11",76.7577835210933,20,0.215228003348026,0.0623874947714778,0.0929485135959295,0.337507493100122,FALSE,1.75228032887322,67.0775337306141,"83a8890c9bd54b31ca0a35c09670b06c2135cbfd5512632ef57454e326b2680b"
"6-11",76.9946393758007,20,0.215579687108602,0.0629288701891082,0.0922391015379501,0.338920272679254,FALSE,1.75228032887322,67.0775337306141,"83a8890c9bd54b31ca0a35c09670b06c2135cbfd5512632ef57454e326b2680b"
"6-11",77.2314952305081,20,0.215929320010922,0.0634783611009176,0.0915117322531233,0.34034690776872,FALSE,1.75228032887322,67.0775337306141,"83a8890c9bd54b31ca0a35c09670b06c2135cbfd5512632ef57454e326b2680b"
"6-11",77.4683510852154,20,0.216276929399761,0.0640359299099581,0.0907665067762431,0.341787352023279,FALSE,1.75228032887322,67.0775337306141,"83a8890c9bd54b31ca0a35c09670b06c2135cbfd5512632ef57454e326b2680b"
"6-11",77.7052069399228,20,0.216622542619897,0.0646015352635031,0.0900035335034308,0.343241551736363,FALSE,1.75228032887322,67.0775337306141,"83a8890c9bd54b31ca0a35c09670b06c2135cbfd5512632ef57454e326b2680b"
"6-11",77.9420627946301,20,0.216966187016106,0.0651751321991783,0.0892229279057168,0.344709446126496,FALSE,1.75228032887322,67.0775337306141,"83a8890c9bd54b31ca0a35c09670b06c2135cbfd5512632ef57454e326b2680b"
"6-11",78.1789186493375,20,0.217307889933166,0.0657566722908239,0.088424812243151,0.346190967623181,FALSE,1.75228032887322,67.0775337306141,"83a8890c9bd54b31ca0a35c09670b06c2135cbfd5512632ef57454e326b2680b"
"6-11",78.4157745040449,20,0.217647678715852,0.0663461037936491,0.0876093152802999,0.347686042151404,FALSE,1.75228032887322,67.0775337306141,"83a8890c9bd54b31ca0a35c09670b06c2135cbfd5512632ef57454e326b2680b"
"6-11",78.6526303587522,20,0.217985580708942,0.066943371788274,0.0867765720039251,0.349194589413959,FALSE,1.75228032887322,67.0775337306141,"83a8890c9bd54b31ca0a35c09670b06c2135cbfd5512632ef57454e326b2680b"
"6-11",78.8894862134596,20,0.218321623257213,0.0675484183232829,0.0859267233435782,0.350716523170847,FALSE,1.75228032887322,67.0775337306141,"83a8890c9bd54b31ca0a35c09670b06c2135cbfd5512632ef57454e326b2680b"
"6-11",79.126342068167,20,0.21865583370544,0.068161182555948,0.0850599158957821,0.352251751515098,FALSE,1.75228032887322,67.0775337306141,"83a8890c9bd54b31ca0a35c09670b06c2135cbfd5512632ef57454e326b2680b"
"6-11",79.3631979228743,20,0.218988239398402,0.0687816008908115,0.0841763016524113,0.353800177144392,FALSE,1.75228032887322,67.0775337306141,"83a8890c9bd54b31ca0a35c09670b06c2135cbfd5512632ef57454e326b2680b"
"6-11",79.6000537775817,20,0.219318867680874,0.0694096071158448,0.0832760377338183,0.35536169762793,FALSE,1.75228032887322,67.0775337306141,"83a8890c9bd54b31ca0a35c09670b06c2135cbfd5512632ef57454e326b2680b"
"6-11",79.836909632289,20,0.219647745897634,0.0700451325359352,0.0823592861272009,0.356936205668067,FALSE,1.75228032887322,67.0775337306141,"83a8890c9bd54b31ca0a35c09670b06c2135cbfd5512632ef57454e326b2680b"
"6-11",80.0737654869964,20,0.219974901393458,0.0706881061034782,0.0814262134306405,0.358523589356275,FALSE,1.75228032887322,67.0775337306141,"83a8890c9bd54b31ca0a35c09670b06c2135cbfd5512632ef57454e326b2680b"
"6-11",80.3106213417038,20,0.220300361513123,0.0713384545458819,0.0804769906031941,0.360123732423051,FALSE,1.75228032887322,67.0775337306141,"83a8890c9bd54b31ca0a35c09670b06c2135cbfd5512632ef57454e326b2680b"
"6-11",80.5474771964111,20,0.220624153601405,0.0719961024898169,0.0795117927213641,0.361736514481446,FALSE,1.75228032887322,67.0775337306141,"83a8890c9bd54b31ca0a35c09670b06c2135cbfd5512632ef57454e326b2680b"
"6-11",80.7843330511185,20,0.220946305003082,0.0726609725820713,0.0785307987422225,0.363361811263942,FALSE,1.75228032887322,67.0775337306141,"83a8890c9bd54b31ca0a35c09670b06c2135cbfd5512632ef57454e326b2680b"
"6-11",81.0211889058259,20,0.221266843062931,0.0733329856068939,0.0775341912734186,0.364999494852443,FALSE,1.75228032887322,67.0775337306141,"83a8890c9bd54b31ca0a35c09670b06c2135cbfd5512632ef57454e326b2680b"
"6-11",81.2580447605332,20,0.221585795125727,0.0740120605997318,0.0765221563502527,0.366649433901201,FALSE,1.75228032887322,67.0775337306141,"83a8890c9bd54b31ca0a35c09670b06c2135cbfd5512632ef57454e326b2680b"
"6-11",81.4949006152406,20,0.221903188536248,0.0746981149572915,0.0754948832199569,0.368311493852539,FALSE,1.75228032887322,67.0775337306141,"83a8890c9bd54b31ca0a35c09670b06c2135cbfd5512632ef57454e326b2680b"
"6-11",81.731756469948,20,0.222219050639271,0.0753910645438699,0.0744525641332859,0.369985537145256,FALSE,1.75228032887322,67.0775337306141,"83a8890c9bd54b31ca0a35c09670b06c2135cbfd5512632ef57454e326b2680b"
"6-11",81.9686123246553,20,0.222533408779572,0.0760908237939233,0.073395394143482,0.371671423415661,FALSE,1.75228032887322,67.0775337306141,"83a8890c9bd54b31ca0a35c09670b06c2135cbfd5512632ef57454e326b2680b"
"6-11",82.2054681793627,20,0.222846290301928,0.0767973058108578,0.0723235709126462,0.373369009691209,FALSE,1.75228032887322,67.0775337306141,"83a8890c9bd54b31ca0a35c09670b06c2135cbfd5512632ef57454e326b2680b"
"6-11",82.44232403407,20,0.223157722551115,0.0775104224620405,0.071237294525516,0.375078150576715,FALSE,1.75228032887322,67.0775337306141,"83a8890c9bd54b31ca0a35c09670b06c2135cbfd5512632ef57454e326b2680b"
"6-11",82.6791798887774,20,0.223467732871912,0.0782300844700458,0.0701367673106219,0.376798698433201,FALSE,1.75228032887322,67.0775337306141,"83a8890c9bd54b31ca0a35c09670b06c2135cbfd5512632ef57454e326b2680b"
"6-11",82.9160357434848,20,0.223776348609093,0.0789562015001649,0.0690221936687701,0.378530503549417,FALSE,1.75228032887322,67.0775337306141,"83a8890c9bd54b31ca0a35c09670b06c2135cbfd5512632ef57454e326b2680b"
"6-11",83.1528915981921,20,0.224083597107437,0.0796886822442159,0.0678937799087739,0.3802734143061,FALSE,1.75228032887322,67.0775337306141,"83a8890c9bd54b31ca0a35c09670b06c2135cbfd5512632ef57454e326b2680b"
"6-11",83.3897474528995,20,0.224389505711719,0.0804274345007048,0.0667517340903381,0.382027277333101,FALSE,1.75228032887322,67.0775337306141,"83a8890c9bd54b31ca0a35c09670b06c2135cbfd5512632ef57454e326b2680b"
"6-11",83.6266033076069,20,0.224694101766718,0.081172365251397,0.0655962658739795,0.383791937659456,FALSE,1.75228032887322,67.0775337306141,"83a8890c9bd54b31ca0a35c09670b06c2135cbfd5512632ef57454e326b2680b"
"6-11",83.8634591623142,20,0.224997412617208,0.0819233807343641,0.0644275863778545,0.385567238856562,FALSE,1.75228032887322,67.0775337306141,"83a8890c9bd54b31ca0a35c09670b06c2135cbfd5512632ef57454e326b2680b"
"6-11",84.1003150170216,20,0.225299465607968,0.0826803865135826,0.0632459080413457,0.387353023174589,FALSE,1.75228032887322,67.0775337306141,"83a8890c9bd54b31ca0a35c09670b06c2135cbfd5512632ef57454e326b2680b"
"6-11",84.3371708717289,20,0.225600288083773,0.0834432875451632,0.0620514444952531,0.389149131672293,FALSE,1.75228032887322,67.0775337306141,"83a8890c9bd54b31ca0a35c09670b06c2135cbfd5512632ef57454e326b2680b"
"6-11",84.5740267264363,20,0.225899907389401,0.0842119882402963,0.0608444104384203,0.390955404340382,FALSE,1.75228032887322,67.0775337306141,"83a8890c9bd54b31ca0a35c09670b06c2135cbfd5512632ef57454e326b2680b"
"6-11",84.8108825811437,20,0.226198350869628,0.0849863925250038,0.059625021520621,0.392771680218636,FALSE,1.75228032887322,67.0775337306141,"83a8890c9bd54b31ca0a35c09670b06c2135cbfd5512632ef57454e326b2680b"
"6-11",85.047738435851,20,0.226495645869232,0.0857664038967904,0.0583934942315228,0.394597797506941,FALSE,1.75228032887322,67.0775337306141,"83a8890c9bd54b31ca0a35c09670b06c2135cbfd5512632ef57454e326b2680b"
"6-11",85.2845942905584,20,0.226791819732989,0.0865519254782897,0.0571500457955407,0.396433593670436,FALSE,1.75228032887322,67.0775337306141,"83a8890c9bd54b31ca0a35c09670b06c2135cbfd5512632ef57454e326b2680b"
"6-11",85.5214501452658,20,0.227086899805675,0.0873428600680038,0.0558948940723872,0.398278905538962,FALSE,1.75228032887322,67.0775337306141,"83a8890c9bd54b31ca0a35c09670b06c2135cbfd5512632ef57454e326b2680b"
"6-11",85.7583059999731,20,0.227380913432067,0.0881391101882352,0.0546282574631262,0.400133569401008,FALSE,1.75228032887322,67.0775337306141,"83a8890c9bd54b31ca0a35c09670b06c2135cbfd5512632ef57454e326b2680b"
"6-11",85.9951618546805,20,0.227673887956943,0.088940578130312,0.0533503548215313,0.401997421092354,FALSE,1.75228032887322,67.0775337306141,"83a8890c9bd54b31ca0a35c09670b06c2135cbfd5512632ef57454e326b2680b"
"6-11",86.2320177093878,20,0.227965850725079,0.0897471659972062,0.0520614053705544,0.403870296079603,FALSE,1.75228032887322,67.0775337306141,"83a8890c9bd54b31ca0a35c09670b06c2135cbfd5512632ef57454e326b2680b"
"6-11",86.4688735640952,20,0.228256829081251,0.0905587757436451,0.0507616286237064,0.405752029538795,FALSE,1.75228032887322,67.0775337306141,"83a8890c9bd54b31ca0a35c09670b06c2135cbfd5512632ef57454e326b2680b"
"6-11",86.7057294188026,20,0.228546850370237,0.0913753092138182,0.049451244311153,0.40764245642932,FALSE,1.75228032887322,67.0775337306141,"83a8890c9bd54b31ca0a35c09670b06c2135cbfd5512632ef57454e326b2680b"
"6-11",86.9425852735099,20,0.228835941936813,0.0921966681767744,0.0481304723103348,0.40954141156329,FALSE,1.75228032887322,67.0775337306141,"83a8890c9bd54b31ca0a35c09670b06c2135cbfd5512632ef57454e326b2680b"
"6-11",87.1794411282173,20,0.229124131125756,0.0930227543596117,0.0467995325809166,0.411448729670595,FALSE,1.75228032887322,67.0775337306141,"83a8890c9bd54b31ca0a35c09670b06c2135cbfd5512632ef57454e326b2680b"
"6-11",87.4162969829247,20,0.229411445281842,0.0938534694785523,0.0454586451038797,0.413364245459805,FALSE,1.75228032887322,67.0775337306141,"83a8890c9bd54b31ca0a35c09670b06c2135cbfd5512632ef57454e326b2680b"
"6-11",87.653152837632,20,0.229697911749849,0.0946887152679986,0.0441080298245721,0.415287793675127,FALSE,1.75228032887322,67.0775337306141,"83a8890c9bd54b31ca0a35c09670b06c2135cbfd5512632ef57454e326b2680b"
"6-11",87.8900086923394,20,0.229983557874554,0.0955283935076634,0.0427479065995337,0.417219209149574,FALSE,1.75228032887322,67.0775337306141,"83a8890c9bd54b31ca0a35c09670b06c2135cbfd5512632ef57454e326b2680b"
"6-11",88.1268645470468,20,0.230268411000732,0.0963724060478628,0.0413784951469211,0.419158326854543,FALSE,1.75228032887322,67.0775337306141,"83a8890c9bd54b31ca0a35c09670b06c2135cbfd5512632ef57454e326b2680b"
"6-11",88.3637204017541,20,0.230552498473162,0.097220654833062,0.0400000150003599,0.421104981945963,FALSE,1.75228032887322,67.0775337306141,"83a8890c9bd54b31ca0a35c09670b06c2135cbfd5512632ef57454e326b2680b"
"6-11",88.6005762564615,20,0.230835847636618,0.0980730419237571,0.0386126854660543,0.423059009807182,FALSE,1.75228032887322,67.0775337306141,"83a8890c9bd54b31ca0a35c09670b06c2135cbfd5512632ef57454e326b2680b"
"6-11",88.8374321111688,20,0.231118485835879,0.0989294695167776,0.0372167255829951,0.425020246088763,FALSE,1.75228032887322,67.0775337306141,"83a8890c9bd54b31ca0a35c09670b06c2135cbfd5512632ef57454e326b2680b"
"6-11",89.0742879658762,20,0.231400440415721,0.09978983996409,0.0358123540861048,0.426988526745337,FALSE,1.75228032887322,67.0775337306141,"83a8890c9bd54b31ca0a35c09670b06c2135cbfd5512632ef57454e326b2680b"
"6-11",89.3111438205836,20,0.231681738720921,0.100654055790179,0.03439978937217,0.428963688069672,FALSE,1.75228032887322,67.0775337306141,"83a8890c9bd54b31ca0a35c09670b06c2135cbfd5512632ef57454e326b2680b"
"6-11",89.5479996752909,20,0.231962408096255,0.101522019708083,0.0329792494684123,0.430945566724098,FALSE,1.75228032887322,67.0775337306141,"83a8890c9bd54b31ca0a35c09670b06c2135cbfd5512632ef57454e326b2680b"
"6-11",89.7848555299983,20,0.232242475886501,0.102393634634155,0.0315509520035566,0.432933999769445,FALSE,1.75228032887322,67.0775337306141,"83a8890c9bd54b31ca0a35c09670b06c2135cbfd5512632ef57454e326b2680b"
"6-11",90.0217113847057,20,0.232521969436435,0.103268803701619,0.0301151141812607,0.434928824691609,FALSE,1.75228032887322,67.0775337306141,"83a8890c9bd54b31ca0a35c09670b06c2135cbfd5512632ef57454e326b2680b"
"6-11",90.258567239413,20,0.232800916090833,0.10414743027299,0.028671952755773,0.436929879425894,FALSE,1.75228032887322,67.0775337306141,"83a8890c9bd54b31ca0a35c09670b06c2135cbfd5512632ef57454e326b2680b"
"6-11",90.4954230941204,20,0.233079343194473,0.105029417951418,0.0272216840096945,0.438937002379252,FALSE,1.75228032887322,67.0775337306141,"83a8890c9bd54b31ca0a35c09670b06c2135cbfd5512632ef57454e326b2680b"
"6-11",90.7322789488277,20,0.233357278092132,0.105914670591025,0.025764523733723,0.440950032450541,FALSE,1.75228032887322,67.0775337306141,"83a8890c9bd54b31ca0a35c09670b06c2135cbfd5512632ef57454e326b2680b"
"6-11",90.9691348035351,20,0.233634748128586,0.106803092306287,0.0243006872082636,0.442968809048907,FALSE,1.75228032887322,67.0775337306141,"83a8890c9bd54b31ca0a35c09670b06c2135cbfd5512632ef57454e326b2680b"
"6-11",91.2059906582425,20,0.233911780648611,0.107694587480518,0.0228303891867956,0.444993172110426,FALSE,1.75228032887322,67.0775337306141,"83a8890c9bd54b31ca0a35c09670b06c2135cbfd5512632ef57454e326b2680b"
"6-11",91.4428465129498,20,0.234188402996985,0.108589060773518,0.0213538438808892,0.447022962113081,FALSE,1.75228032887322,67.0775337306141,"83a8890c9bd54b31ca0a35c09670b06c2135cbfd5512632ef57454e326b2680b"
"6-11",91.6797023676572,20,0.234464642518485,0.109486417128426,0.0198712649467706,0.449058020090199,FALSE,1.75228032887322,67.0775337306141,"83a8890c9bd54b31ca0a35c09670b06c2135cbfd5512632ef57454e326b2680b"
"6-11",91.9165582223646,20,0.234740526557886,0.110386561777829,0.0183828654733409,0.451098187642431,FALSE,1.75228032887322,67.0775337306141,"83a8890c9bd54b31ca0a35c09670b06c2135cbfd5512632ef57454e326b2680b"
"6-11",92.1534140770719,20,0.235016082459967,0.11128940024919,0.0168888579715548,0.453143306948379,FALSE,1.75228032887322,67.0775337306141,"83a8890c9bd54b31ca0a35c09670b06c2135cbfd5512632ef57454e326b2680b"
"6-11",92.3902699317793,20,0.235291337569503,0.112194838369607,0.0153894543650725,0.455193220773933,FALSE,1.75228032887322,67.0775337306141,"83a8890c9bd54b31ca0a35c09670b06c2135cbfd5512632ef57454e326b2680b"
"6-11",92.6271257864866,20,0.235566319231271,0.113102782269985,0.0138848659821018,0.457247772480441,FALSE,1.75228032887322,67.0775337306141,"83a8890c9bd54b31ca0a35c09670b06c2135cbfd5512632ef57454e326b2680b"
"6-11",92.863981641194,20,0.235841054790049,0.114013138388621,0.0123753035483519,0.459306806031746,FALSE,1.75228032887322,67.0775337306141,"83a8890c9bd54b31ca0a35c09670b06c2135cbfd5512632ef57454e326b2680b"
"6-11",93.1008374959014,20,0.236115571590613,0.114925813474281,0.0108609771810217,0.461370166000204,FALSE,1.75228032887322,67.0775337306141,"83a8890c9bd54b31ca0a35c09670b06c2135cbfd5512632ef57454e326b2680b"
"6-11",93.3376933506087,20,0.236389896977739,0.115840714588768,0.00934209638375419,0.463437697571724,FALSE,1.75228032887322,67.0775337306141,"83a8890c9bd54b31ca0a35c09670b06c2135cbfd5512632ef57454e326b2680b"
"6-11",93.5745492053161,20,0.236664058296205,0.11675774910904,0.00781887004248649,0.465509246549924,FALSE,1.75228032887322,67.0775337306141,"83a8890c9bd54b31ca0a35c09670b06c2135cbfd5512632ef57454e326b2680b"
"6-11",93.8114050600235,20,0.236938082890787,0.117676824728905,0.00629150642213408,0.46758465935944,FALSE,1.75228032887322,67.0775337306141,"83a8890c9bd54b31ca0a35c09670b06c2135cbfd5512632ef57454e326b2680b"
"6-11",94.0482609147308,20,0.237211998106262,0.118597849460314,0.00476021316404698,0.469663783048477,FALSE,1.75228032887322,67.0775337306141,"83a8890c9bd54b31ca0a35c09670b06c2135cbfd5512632ef57454e326b2680b"
"6-11",94.2851167694382,20,0.237485831287407,0.119520731634299,0.00322519728418078,0.471746465290633,FALSE,1.75228032887322,67.0775337306141,"83a8890c9bd54b31ca0a35c09670b06c2135cbfd5512632ef57454e326b2680b"
"6-11",94.5219726241455,20,0.237759609778998,0.120445379901566,0.00168666517192867,0.473832554386067,FALSE,1.75228032887322,67.0775337306141,"83a8890c9bd54b31ca0a35c09670b06c2135cbfd5512632ef57454e326b2680b"
"6-11",94.7588284788529,20,0.238033360925812,0.12137170323278,0.000144822589563276,0.475921899262061,FALSE,1.75228032887322,67.0775337306141,"83a8890c9bd54b31ca0a35c09670b06c2135cbfd5512632ef57454e326b2680b"
"12-23",0.0164865959077473,20,-0.498111584997637,0.0615767009491545,-0.61880191885798,-0.377421251137294,FALSE,1.74737139843124,66.3280806954508,"83a8890c9bd54b31ca0a35c09670b06c2135cbfd5512632ef57454e326b2680b"
"12-23",0.25334245061511,20,-0.491102167112364,0.0606027107771196,-0.609883480235519,-0.37232085398921,FALSE,1.74737139843124,66.3280806954508,"83a8890c9bd54b31ca0a35c09670b06c2135cbfd5512632ef57454e326b2680b"
"12-23",0.490198305322473,20,-0.484093681350073,0.059629426632135,-0.600967357549057,-0.367220005151088,FALSE,1.74737139843124,66.3280806954508,"83a8890c9bd54b31ca0a35c09670b06c2135cbfd5512632ef57454e326b2680b"
"12-23",0.727054160029836,20,-0.477087059833742,0.0586570769234952,-0.592054930603793,-0.362119189063692,FALSE,1.74737139843124,66.3280806954508,"83a8890c9bd54b31ca0a35c09670b06c2135cbfd5512632ef57454e326b2680b"
"12-23",0.963910014737199,20,-0.470083234686354,0.0576858898053964,-0.583147578704931,-0.357018890667777,FALSE,1.74737139843124,66.3280806954508,"83a8890c9bd54b31ca0a35c09670b06c2135cbfd5512632ef57454e326b2680b"
"12-23",1.20076586944456,20,-0.463083138030888,0.056716093140826,-0.574246680586907,-0.351919595474869,FALSE,1.74737139843124,66.3280806954508,"83a8890c9bd54b31ca0a35c09670b06c2135cbfd5512632ef57454e326b2680b"
"12-23",1.43762172415192,20,-0.456087701990326,0.0557479144638078,-0.565353614339389,-0.346821789641263,FALSE,1.74737139843124,66.3280806954508,"83a8890c9bd54b31ca0a35c09670b06c2135cbfd5512632ef57454e326b2680b"
"12-23",1.67447757885929,20,-0.449097858687648,0.0547815809398634,-0.556469757329781,-0.341725960045516,FALSE,1.74737139843124,66.3280806954508,"83a8890c9bd54b31ca0a35c09670b06c2135cbfd5512632ef57454e326b2680b"
"12-23",1.74737139843124,20,-0.446947961949216,0.0544845923853305,-0.553737763024464,-0.340158160873969,TRUE,1.74737139843124,66.3280806954508,"83a8890c9bd54b31ca0a35c09670b06c2135cbfd5512632ef57454e326b2680b"
"12-23",1.91133343356665,20,-0.442114540245836,0.0538173193245399,-0.547596486121934,-0.336632594369738,TRUE,1.74737139843124,66.3280806954508,"83a8890c9bd54b31ca0a35c09670b06c2135cbfd5512632ef57454e326b2680b"
"12-23",2.14818928827401,20,-0.435138678787868,0.0528553559198413,-0.538735176390757,-0.331542181184979,TRUE,1.74737139843124,66.3280806954508,"83a8890c9bd54b31ca0a35c09670b06c2135cbfd5512632ef57454e326b2680b"
"12-23",2.38504514298138,20,-0.428171206436728,0.051895916528394,-0.52988720283238,-0.326455210041075,TRUE,1.74737139843124,66.3280806954508,"83a8890c9bd54b31ca0a35c09670b06c2135cbfd5512632ef57454e326b2680b"
"12-23",2.62190099768874,20,-0.421213055315394,0.0509392264051582,-0.521053939069504,-0.321372171561284,TRUE,1.74737139843124,66.3280806954508,"83a8890c9bd54b31ca0a35c09670b06c2135cbfd5512632ef57454e326b2680b"
"12-23",2.8587568523961,20,-0.414265157546848,0.0499855102064895,-0.512236757551567,-0.316293557542128,TRUE,1.74737139843124,66.3280806954508,"83a8890c9bd54b31ca0a35c09670b06c2135cbfd5512632ef57454e326b2680b"
"12-23",3.09561270710346,20,-0.40732844525407,0.0490349919363358,-0.503437029449288,-0.311219861058852,TRUE,1.74737139843124,66.3280806954508,"83a8890c9bd54b31ca0a35c09670b06c2135cbfd5512632ef57454e326b2680b"
"12-23",3.33246856181083,20,-0.400403850560042,0.048087894889341,-0.49465612454315,-0.306151576576933,TRUE,1.74737139843124,66.3280806954508,"83a8890c9bd54b31ca0a35c09670b06c2135cbfd5512632ef57454e326b2680b"
"12-23",3.56932441651819,20,-0.393492305587743,0.0471444415906083,-0.485895411105335,-0.301089200070151,TRUE,1.74737139843124,66.3280806954508,"83a8890c9bd54b31ca0a35c09670b06c2135cbfd5512632ef57454e326b2680b"
"12-23",3.80618027122555,20,-0.386594742460155,0.0462048537318588,-0.477156255774599,-0.296033229145712,TRUE,1.74737139843124,66.3280806954508,"83a8890c9bd54b31ca0a35c09670b06c2135cbfd5512632ef57454e326b2680b"
"12-23",4.04303612593292,20,-0.379712093300259,0.0452693521037006,-0.468440023423512,-0.290984163177006,TRUE,1.74737139843124,66.3280806954508,"83a8890c9bd54b31ca0a35c09670b06c2135cbfd5512632ef57454e326b2680b"
"12-23",4.27989198064028,20,-0.372845290231034,0.0443381565236992,-0.459748077017485,-0.285942503444584,TRUE,1.74737139843124,66.3280806954508,"83a8890c9bd54b31ca0a35c09670b06c2135cbfd5512632ef57454e326b2680b"
"12-23",4.51674783534764,20,-0.365995265375462,0.0434114857599217,-0.451081777464909,-0.280908753286016,TRUE,1.74737139843124,66.3280806954508,"83a8890c9bd54b31ca0a35c09670b06c2135cbfd5512632ef57454e326b2680b"
"12-23",4.753603690055,20,-0.359162950856524,0.0424895574495963,-0.442442483457733,-0.275883418255315,TRUE,1.74737139843124,66.3280806954508,"83a8890c9bd54b31ca0a35c09670b06c2135cbfd5512632ef57454e326b2680b"
"12-23",4.99045954476237,20,-0.3523492787972,0.0415725880125062,-0.433831551301712,-0.270867006292687,TRUE,1.74737139843124,66.3280806954508,"83a8890c9bd54b31ca0a35c09670b06c2135cbfd5512632ef57454e326b2680b"
"12-23",5.22731539946973,20,-0.34555518132047,0.0406607925587029,-0.425250334735528,-0.265860027905412,TRUE,1.74737139843124,66.3280806954508,"83a8890c9bd54b31ca0a35c09670b06c2135cbfd5512632ef57454e326b2680b"
"12-23",5.46417125417709,20,-0.338781590549316,0.0397543847900963,-0.416700184737905,-0.260862996360727,TRUE,1.74737139843124,66.3280806954508,"83a8890c9bd54b31ca0a35c09670b06c2135cbfd5512632ef57454e326b2680b"
"12-23",5.70102710888446,20,-0.332029438606718,0.0388535768954427,-0.408182449321786,-0.255876427891651,TRUE,1.74737139843124,66.3280806954508,"83a8890c9bd54b31ca0a35c09670b06c2135cbfd5512632ef57454e326b2680b"
"12-23",5.93788296359182,20,-0.325299657615658,0.0379585794382151,-0.399698473314559,-0.250900841916756,TRUE,1.74737139843124,66.3280806954508,"83a8890c9bd54b31ca0a35c09670b06c2135cbfd5512632ef57454e326b2680b"
"12-23",6.17473881829918,20,-0.318593179699114,0.0370696012368011,-0.391249598123245,-0.245936761274984,TRUE,1.74737139843124,66.3280806954508,"83a8890c9bd54b31ca0a35c09670b06c2135cbfd5512632ef57454e326b2680b"
"12-23",6.41159467300655,20,-0.31191093698007,0.0361868492364337,-0.38283716148348,-0.240984712476659,TRUE,1.74737139843124,66.3280806954508,"83a8890c9bd54b31ca0a35c09670b06c2135cbfd5512632ef57454e326b2680b"
"12-23",6.64845052771391,20,-0.305253861581504,0.0353105283722109,-0.374462497191037,-0.236045225971971,TRUE,1.74737139843124,66.3280806954508,"83a8890c9bd54b31ca0a35c09670b06c2135cbfd5512632ef57454e326b2680b"
"12-23",6.88530638242127,20,-0.298622885626398,0.0344408414225163,-0.36612693481453,-0.231118836438266,TRUE,1.74737139843124,66.3280806954508,"83a8890c9bd54b31ca0a35c09670b06c2135cbfd5512632ef57454e326b2680b"
"12-23",7.12216223712863,20,-0.292018941237732,0.0335779888520994,-0.357831799387847,-0.226206083087618,TRUE,1.74737139843124,66.3280806954508,"83a8890c9bd54b31ca0a35c09670b06c2135cbfd5512632ef57454e326b2680b"
"12-23",7.359018091836,20,-0.285442960538488,0.0327221686440202,-0.349578411080768,-0.221307509996209,TRUE,1.74737139843124,66.3280806954508,"83a8890c9bd54b31ca0a35c09670b06c2135cbfd5512632ef57454e326b2680b"
"12-23",7.59587394654336,20,-0.278895875651646,0.0318735761196052,-0.341368084846072,-0.21642366645722,TRUE,1.74737139843124,66.3280806954508,"83a8890c9bd54b31ca0a35c09670b06c2135cbfd5512632ef57454e326b2680b"
"12-23",7.83272980125072,20,-0.272378618700186,0.0310324037455018,-0.33320213004137,-0.211555107359002,TRUE,1.74737139843124,66.3280806954508,"83a8890c9bd54b31ca0a35c09670b06c2135cbfd5512632ef57454e326b2680b"
"12-23",8.06958565595808,20,-0.265892121807089,0.0301988409268525,-0.32508185002372,-0.206702393590458,TRUE,1.74737139843124,66.3280806954508,"83a8890c9bd54b31ca0a35c09670b06c2135cbfd5512632ef57454e326b2680b"
"12-23",8.30644151066545,20,-0.259437317095337,0.0293730737855443,-0.317008541715004,-0.20186609247567,TRUE,1.74737139843124,66.3280806954508,"83a8890c9bd54b31ca0a35c09670b06c2135cbfd5512632ef57454e326b2680b"
"12-23",8.54329736537281,20,-0.253015136687909,0.028555284922419,-0.30898349513585,-0.197046778239968,TRUE,1.74737139843124,66.3280806954508,"83a8890c9bd54b31ca0a35c09670b06c2135cbfd5512632ef57454e326b2680b"
"12-23",8.78015322008017,20,-0.246626512707787,0.0277456531622558,-0.301007992905808,-0.192245032509765,TRUE,1.74737139843124,66.3280806954508,"83a8890c9bd54b31ca0a35c09670b06c2135cbfd5512632ef57454e326b2680b"
"12-23",9.01700907478754,20,-0.24027237727795,0.0269443532802659,-0.293083309707271,-0.187461444848629,TRUE,1.74737139843124,66.3280806954508,"83a8890c9bd54b31ca0a35c09670b06c2135cbfd5512632ef57454e326b2680b"
"12-23",9.2538649294949,20,-0.233953662521381,0.026151555708759,-0.285210711710549,-0.182696613332213,TRUE,1.74737139843124,66.3280806954508,"83a8890c9bd54b31ca0a35c09670b06c2135cbfd5512632ef57454e326b2680b"
"12-23",9.49072078420226,20,-0.227671300561059,0.0253674262225681,-0.277391455957293,-0.177951145164825,TRUE,1.74737139843124,66.3280806954508,"83a8890c9bd54b31ca0a35c09670b06c2135cbfd5512632ef57454e326b2680b"
"12-23",9.72757663890962,20,-0.221426223519965,0.0245921256017392,-0.269626789699374,-0.173225657340556,TRUE,1.74737139843124,66.3280806954508,"83a8890c9bd54b31ca0a35c09670b06c2135cbfd5512632ef57454e326b2680b"
"12-23",9.96443249361699,20,-0.21521936352108,0.0238258092699198,-0.261917949690123,-0.168520777352038,TRUE,1.74737139843124,66.3280806954508,"83a8890c9bd54b31ca0a35c09670b06c2135cbfd5512632ef57454e326b2680b"
"12-23",10.2012883483244,20,-0.209051652687385,0.0230686269068057,-0.254266161424725,-0.163837143950046,TRUE,1.74737139843124,66.3280806954508,"83a8890c9bd54b31ca0a35c09670b06c2135cbfd5512632ef57454e326b2680b"
"12-23",10.4381442030317,20,-0.202924023141861,0.0223207220329381,-0.246672638326419,-0.159175407957302,TRUE,1.74737139843124,66.3280806954508,"83a8890c9bd54b31ca0a35c09670b06c2135cbfd5512632ef57454e326b2680b"
"12-23",10.6750000577391,20,-0.196837407007487,0.0215822315650843,-0.239138580875052,-0.154536233139922,TRUE,1.74737139843124,66.3280806954508,"83a8890c9bd54b31ca0a35c09670b06c2135cbfd5512632ef57454e326b2680b"
"12-23",10.9118559124464,20,-0.190792736407245,0.0208532853403818,-0.231665175674393,-0.149920297140097,TRUE,1.74737139843124,66.3280806954508,"83a8890c9bd54b31ca0a35c09670b06c2135cbfd5512632ef57454e326b2680b"
"12-23",11.1487117671538,20,-0.184790943464116,0.0201340056073893,-0.224253594454599,-0.145328292473633,TRUE,1.74737139843124,66.3280806954508,"83a8890c9bd54b31ca0a35c09670b06c2135cbfd5512632ef57454e326b2680b"
"12-23",11.3855676218612,20,-0.17883296030108,0.019424506482168,-0.216904993006129,-0.14076092759603,TRUE,1.74737139843124,66.3280806954508,"83a8890c9bd54b31ca0a35c09670b06c2135cbfd5512632ef57454e326b2680b"
"12-23",11.6224234765685,20,-0.172919719041117,0.0187248933675142,-0.209620510041445,-0.136218928040789,TRUE,1.74737139843124,66.3280806954508,"83a8890c9bd54b31ca0a35c09670b06c2135cbfd5512632ef57454e326b2680b"
"12-23",11.8592793312759,20,-0.167052151807209,0.0180352623334935,-0.202401265980857,-0.131703037633562,TRUE,1.74737139843124,66.3280806954508,"83a8890c9bd54b31ca0a35c09670b06c2135cbfd5512632ef57454e326b2680b"
"12-23",12.0961351859833,20,-0.161231190722337,0.0173556994574864,-0.19524836165901,-0.127214019785664,TRUE,1.74737139843124,66.3280806954508,"83a8890c9bd54b31ca0a35c09670b06c2135cbfd5512632ef57454e326b2680b"
"12-23",12.3329910406906,20,-0.15545776790948,0.0166862801220498,-0.188162876948698,-0.122752658870263,TRUE,1.74737139843124,66.3280806954508,"83a8890c9bd54b31ca0a35c09670b06c2135cbfd5512632ef57454e326b2680b"
"12-23",12.569846895398,20,-0.149732815491621,0.0160270682690491,-0.181145869298957,-0.118319761684284,TRUE,1.74737139843124,66.3280806954508,"83a8890c9bd54b31ca0a35c09670b06c2135cbfd5512632ef57454e326b2680b"
"12-23",12.8067027501053,20,-0.144057265591738,0.0153781156087139,-0.174198372184818,-0.113916158998659,TRUE,1.74737139843124,66.3280806954508,"83a8890c9bd54b31ca0a35c09670b06c2135cbfd5512632ef57454e326b2680b"
"12-23",13.0435586048127,20,-0.138432050332814,0.0147394607825324,-0.167321393466578,-0.109542707199051,TRUE,1.74737139843124,66.3280806954508,"83a8890c9bd54b31ca0a35c09670b06c2135cbfd5512632ef57454e326b2680b"
"12-23",13.2804144595201,20,-0.132858101837829,0.0141111284792467,-0.160515913657152,-0.105200290018505,TRUE,1.74737139843124,66.3280806954508,"83a8890c9bd54b31ca0a35c09670b06c2135cbfd5512632ef57454e326b2680b"
"12-23",13.5172703142274,20,-0.127336352229763,0.0134931285036267,-0.153782884096871,-0.100889820362655,TRUE,1.74737139843124,66.3280806954508,"83a8890c9bd54b31ca0a35c09670b06c2135cbfd5512632ef57454e326b2680b"
"12-23",13.7541261689348,20,-0.121867733631598,0.0128854547982304,-0.147123225036129,-0.096612242227066,TRUE,1.74737139843124,66.3280806954508,"83a8890c9bd54b31ca0a35c09670b06c2135cbfd5512632ef57454e326b2680b"
"12-23",13.9909820236422,20,-0.116453178166313,0.0122880844189804,-0.140537823627515,-0.0923685327051112,TRUE,1.74737139843124,66.3280806954508,"83a8890c9bd54b31ca0a35c09670b06c2135cbfd5512632ef57454e326b2680b"
"12-23",14.2278378783495,20,-0.11109361795689,0.0117009764661372,-0.134027531830519,-0.088159704083261,TRUE,1.74737139843124,66.3280806954508,"83a8890c9bd54b31ca0a35c09670b06c2135cbfd5512632ef57454e326b2680b"
"12-23",14.4646937330569,20,-0.105789985126309,0.0111240709731232,-0.127593164233631,-0.0839868060189877,TRUE,1.74737139843124,66.3280806954508,"83a8890c9bd54b31ca0a35c09670b06c2135cbfd5512632ef57454e326b2680b"
"12-23",14.7015495877642,20,-0.100543211797552,0.0105572877566654,-0.121235495800616,-0.0798509277944876,TRUE,1.74737139843124,66.3280806954508,"83a8890c9bd54b31ca0a35c09670b06c2135cbfd5512632ef57454e326b2680b"
"12-23",14.9384054424716,20,-0.095354230093598,0.0100005252328765,-0.114955259550036,-0.0757532006371601,TRUE,1.74737139843124,66.3280806954508,"83a8890c9bd54b31ca0a35c09670b06c2135cbfd5512632ef57454e326b2680b"
"12-23",15.175261297179,20,-0.0902239721374286,0.00945365920519856,-0.108753144179618,-0.0716948000952395,TRUE,1.74737139843124,66.3280806954508,"83a8890c9bd54b31ca0a35c09670b06c2135cbfd5512632ef57454e326b2680b"
"12-23",15.4121171518863,20,-0.0851533700520245,0.0089165416315743,-0.10262979164991,-0.0676769484541389,TRUE,1.74737139843124,66.3280806954508,"83a8890c9bd54b31ca0a35c09670b06c2135cbfd5512632ef57454e326b2680b"
"12-23",15.6489730065937,20,-0.0801433559603663,0.00838899937979297,-0.0965857947447605,-0.063700917175972,TRUE,1.74737139843124,66.3280806954508,"83a8890c9bd54b31ca0a35c09670b06c2135cbfd5512632ef57454e326b2680b"
"12-23",15.8858288613011,20,-0.0751948619854347,0.00787083298165993,-0.0906216946294882,-0.0597680293413813,TRUE,1.74737139843124,66.3280806954508,"83a8890c9bd54b31ca0a35c09670b06c2135cbfd5512632ef57454e326b2680b"
"12-23",16.1226847160084,20,-0.0703088202502103,0.00736181539843764,-0.0847379784311481,-0.0558796620692725,TRUE,1.74737139843124,66.3280806954508,"83a8890c9bd54b31ca0a35c09670b06c2135cbfd5512632ef57454e326b2680b"
"12-23",16.3595405707158,20,-0.0654861628776741,0.00686169081187211,-0.0789350768689434,-0.0520372488864047,TRUE,1.74737139843124,66.3280806954508,"83a8890c9bd54b31ca0a35c09670b06c2135cbfd5512632ef57454e326b2680b"
"12-23",16.5963964254231,20,-0.0607278219908065,0.00637017345700433,-0.073213361966535,-0.048242282015078,TRUE,1.74737139843124,66.3280806954508,"83a8890c9bd54b31ca0a35c09670b06c2135cbfd5512632ef57454e326b2680b"
"12-23",16.8332522801305,20,-0.0560347297125883,0.00588694651482066,-0.0675731448816368,-0.0444963145435398,TRUE,1.74737139843124,66.3280806954508,"83a8890c9bd54b31ca0a35c09670b06c2135cbfd5512632ef57454e326b2680b"
"12-23",17.0701081348379,20,-0.0514078181660003,0.00541166108455156,-0.0620146738917213,-0.0408009624402792,TRUE,1.74737139843124,66.3280806954508,"83a8890c9bd54b31ca0a35c09670b06c2135cbfd5512632ef57454e326b2680b"
"12-23",17.3069639895452,20,-0.046848019474023,0.00494393525701441,-0.0565381325777712,-0.0371579063702747,TRUE,1.74737139843124,66.3280806954508,"83a8890c9bd54b31ca0a35c09670b06c2135cbfd5512632ef57454e326b2680b"
"12-23",17.5438198442526,20,-0.0423562657596373,0.00448335331174037,-0.0511436382506484,-0.0335688932686262,TRUE,1.74737139843124,66.3280806954508,"83a8890c9bd54b31ca0a35c09670b06c2135cbfd5512632ef57454e326b2680b"
"12-23",17.78067569896,20,-0.0379334891458238,0.00402946506166841,-0.0458312406666939,-0.0300357376249537,TRUE,1.74737139843124,66.3280806954508,"83a8890c9bd54b31ca0a35c09670b06c2135cbfd5512632ef57454e326b2680b"
"12-23",18.0175315536673,20,-0.0335806217555634,0.0035817853699256,-0.0406009210806176,-0.0265603224305092,TRUE,1.74737139843124,66.3280806954508,"83a8890c9bd54b31ca0a35c09670b06c2135cbfd5512632ef57454e326b2680b"
"12-23",18.2543874083747,20,-0.0292985957118365,0.00313979386377855,-0.0354525916848424,-0.0231445997388305,TRUE,1.74737139843124,66.3280806954508,"83a8890c9bd54b31ca0a35c09670b06c2135cbfd5512632ef57454e326b2680b"
"12-23",18.491243263082,20,-0.0250883431376241,0.00270293487180118,-0.0303860954863544,-0.0197905907888938,TRUE,1.74737139843124,66.3280806954508,"83a8890c9bd54b31ca0a35c09670b06c2135cbfd5512632ef57454e326b2680b"
"12-23",18.7280991177894,20,-0.0209507961559066,0.00227061761358686,-0.0254012066785369,-0.0165003856332764,TRUE,1.74737139843124,66.3280806954508,"83a8890c9bd54b31ca0a35c09670b06c2135cbfd5512632ef57454e326b2680b"
"12-23",18.9649549724968,20,-0.016886886889665,0.00184221668396182,-0.0204976315902302,-0.0132761421890999,TRUE,1.74737139843124,66.3280806954508,"83a8890c9bd54b31ca0a35c09670b06c2135cbfd5512632ef57454e326b2680b"
"12-23",19.2018108272041,20,-0.0128975270064307,0.0014170736137145,-0.0156749912893111,-0.0101200627235503,TRUE,1.74737139843124,66.3280806954508,"83a8890c9bd54b31ca0a35c09670b06c2135cbfd5512632ef57454e326b2680b"
"12-23",19.4386666819115,20,-0.00898291713711192,0.000994529268058,-0.0109321945025056,-0.00703363977171824,TRUE,1.74737139843124,66.3280806954508,"83a8890c9bd54b31ca0a35c09670b06c2135cbfd5512632ef57454e326b2680b"
"12-23",19.6755225366189,20,-0.0051423801922623,0.000573968892470789,-0.00626735922150504,-0.00401740116301955,TRUE,1.74737139843124,66.3280806954508,"83a8890c9bd54b31ca0a35c09670b06c2135cbfd5512632ef57454e326b2680b"
"12-23",19.9123783913262,20,-0.0013751848260416,0.000154814153630362,-0.00167862056715711,-0.00107174908492609,TRUE,1.74737139843124,66.3280806954508,"83a8890c9bd54b31ca0a35c09670b06c2135cbfd5512632ef57454e326b2680b"
"12-23",20,20,0,0,0,0,TRUE,1.74737139843124,66.3280806954508,"83a8890c9bd54b31ca0a35c09670b06c2135cbfd5512632ef57454e326b2680b"
"12-23",20.1492342460336,20,0.00231940030739104,0.00026347738676253,0.00180298462933648,0.0028358159854456,TRUE,1.74737139843124,66.3280806954508,"83a8890c9bd54b31ca0a35c09670b06c2135cbfd5512632ef57454e326b2680b"
"12-23",20.386090100741,20,0.005942106553876,0.000681411732399875,0.00460653955837225,0.00727767354937976,TRUE,1.74737139843124,66.3280806954508,"83a8890c9bd54b31ca0a35c09670b06c2135cbfd5512632ef57454e326b2680b"
"12-23",20.6229459554483,20,0.00949366525925406,0.00109945813730776,0.00733872731013085,0.0116486032083773,TRUE,1.74737139843124,66.3280806954508,"83a8890c9bd54b31ca0a35c09670b06c2135cbfd5512632ef57454e326b2680b"
"12-23",20.8598018101557,20,0.0129748077693656,0.00151804900522252,0.00999943171912945,0.0159501838196017,TRUE,1.74737139843124,66.3280806954508,"83a8890c9bd54b31ca0a35c09670b06c2135cbfd5512632ef57454e326b2680b"
"12-23",21.096657664863,20,0.0163862654300514,0.00193757999064866,0.01258860864838,0.0201839222117227,TRUE,1.74737139843124,66.3280806954508,"83a8890c9bd54b31ca0a35c09670b06c2135cbfd5512632ef57454e326b2680b"
"12-23",21.3335135195704,20,0.0197287695871518,0.00235841028672931,0.0151062854251623,0.0243512537491412,TRUE,1.74737139843124,66.3280806954508,"83a8890c9bd54b31ca0a35c09670b06c2135cbfd5512632ef57454e326b2680b"
"12-23",21.5703693742778,20,0.0230030515865076,0.00278086308349312,0.0175525599428611,0.0284535432301541,TRUE,1.74737139843124,66.3280806954508,"83a8890c9bd54b31ca0a35c09670b06c2135cbfd5512632ef57454e326b2680b"
"12-23",21.8072252289851,20,0.0262098427739593,0.00320522617900226,0.0199275994631149,0.0324920860848037,TRUE,1.74737139843124,66.3280806954508,"83a8890c9bd54b31ca0a35c09670b06c2135cbfd5512632ef57454e326b2680b"
"12-23",22.0440810836925,20,0.0293498744953475,0.00363175272537981,0.0222316391536031,0.0364681098370919,TRUE,1.74737139843124,66.3280806954508,"83a8890c9bd54b31ca0a35c09670b06c2135cbfd5512632ef57454e326b2680b"
"12-23",22.2809369383999,20,0.0324238780965128,0.00406066209159037,0.0244649803969957,0.0403827757960299,TRUE,1.74737139843124,66.3280806954508,"83a8890c9bd54b31ca0a35c09670b06c2135cbfd5512632ef57454e326b2680b"
"12-23",22.5177927931072,20,0.0354325849232958,0.00449214082512925,0.0266279889060424,0.0442371809405491,TRUE,1.74737139843124,66.3280806954508,"83a8890c9bd54b31ca0a35c09670b06c2135cbfd5512632ef57454e326b2680b"
"12-23",22.7546486478146,20,0.0383767263215369,0.00492634369537971,0.0287210926785927,0.0480323599644812,TRUE,1.74737139843124,66.3280806954508,"83a8890c9bd54b31ca0a35c09670b06c2135cbfd5512632ef57454e326b2680b"
"12-23",22.991504502522,20,0.0412570336370771,0.00536339480226255,0.0307447798246425,0.0517692874495117,TRUE,1.74737139843124,66.3280806954508,"83a8890c9bd54b31ca0a35c09670b06c2135cbfd5512632ef57454e326b2680b"
"12-23",23.2283603572293,20,0.0440742382157566,0.00580338873486586,0.0326995962954195,0.0554488801360936,TRUE,1.74737139843124,66.3280806954508,"83a8890c9bd54b31ca0a35c09670b06c2135cbfd5512632ef57454e326b2680b"
"12-23",23.4652162119367,20,0.0468290714034161,0.00624639176594834,0.0345861435421574,0.0590719992646749,TRUE,1.74737139843124,66.3280806954508,"83a8890c9bd54b31ca0a35c09670b06c2135cbfd5512632ef57454e326b2680b"
"12-23",23.702072066644,20,0.0495222645458961,0.006692443069504,0.0364050761296683,0.062639452962124,TRUE,1.74737139843124,66.3280806954508,"83a8890c9bd54b31ca0a35c09670b06c2135cbfd5512632ef57454e326b2680b"
"12-23",23.9389279213514,20,0.0521545489890375,0.00714155594991668,0.0381570993272008,0.0661519986508741,TRUE,1.74737139843124,66.3280806954508,"83a8890c9bd54b31ca0a35c09670b06c2135cbfd5512632ef57454e326b2680b"
"12-23",24.1757837760588,20,0.0547266560786805,0.00759371907257721,0.0398429666964292,0.0696103454609318,TRUE,1.74737139843124,66.3280806954508,"83a8890c9bd54b31ca0a35c09670b06c2135cbfd5512632ef57454e326b2680b"
"12-23",24.4126396307661,20,0.0572393171606659,0.00804889768715656,0.041463477693839,0.0730151566274927,TRUE,1.74737139843124,66.3280806954508,"83a8890c9bd54b31ca0a35c09670b06c2135cbfd5512632ef57454e326b2680b"
"12-23",24.6494954854735,20,0.0596932635808343,0.00850703483599703,0.0430194753022801,0.0763670518593885,TRUE,1.74737139843124,66.3280806954508,"83a8890c9bd54b31ca0a35c09670b06c2135cbfd5512632ef57454e326b2680b"
"12-23",24.8863513401809,20,0.0620892266850262,0.00896805254128366,0.0445118437041102,0.0796666096659421,TRUE,1.74737139843124,66.3280806954508,"83a8890c9bd54b31ca0a35c09670b06c2135cbfd5512632ef57454e326b2680b"
"12-23",25.1232071948882,20,0.0644279378190821,0.00943185296577482,0.0459415060061634,0.0829143696320007,TRUE,1.74737139843124,66.3280806954508,"83a8890c9bd54b31ca0a35c09670b06c2135cbfd5512632ef57454e326b2680b"
"12-23",25.3600630495956,20,0.0667101283288428,0.00989831954289764,0.0473094220247634,0.0861108346329222,TRUE,1.74737139843124,66.3280806954508,"83a8890c9bd54b31ca0a35c09670b06c2135cbfd5512632ef57454e326b2680b"
"12-23",25.5969189043029,20,0.0689365295601487,0.0103673180729441,0.0486165861371783,0.0892564729831191,TRUE,1.74737139843124,66.3280806954508,"83a8890c9bd54b31ca0a35c09670b06c2135cbfd5512632ef57454e326b2680b"
"12-23",25.8337747590103,20,0.0711078728588406,0.0108386977829385,0.0498640252042811,0.0923517205134001,TRUE,1.74737139843124,66.3280806954508,"83a8890c9bd54b31ca0a35c09670b06c2135cbfd5512632ef57454e326b2680b"
"12-23",26.0706306137177,20,0.0732248895707589,0.0113122923484863,0.0510527965677258,0.095396982573792,TRUE,1.74737139843124,66.3280806954508,"83a8890c9bd54b31ca0a35c09670b06c2135cbfd5512632ef57454e326b2680b"
"12-23",26.307486468425,20,0.0752883110417442,0.0117879208765616,0.0521839861236835,0.0983926359598049,TRUE,1.74737139843124,66.3280806954508,"83a8890c9bd54b31ca0a35c09670b06c2135cbfd5512632ef57454e326b2680b"
"12-23",26.5443423231324,20,0.0772988686176371,0.012265388848755,0.0532587064740774,0.101339030761197,TRUE,1.74737139843124,66.3280806954508,"83a8890c9bd54b31ca0a35c09670b06c2135cbfd5512632ef57454e326b2680b"
"12-23",26.7811981778398,20,0.0792572936442783,0.0127444890249816,0.0542780951553144,0.104236492133242,TRUE,1.74737139843124,66.3280806954508,"83a8890c9bd54b31ca0a35c09670b06c2135cbfd5512632ef57454e326b2680b"
"12-23",27.0180540325471,20,0.0811643174675082,0.0132250023080612,0.0552433129437082,0.107085321991308,TRUE,1.74737139843124,66.3280806954508,"83a8890c9bd54b31ca0a35c09670b06c2135cbfd5512632ef57454e326b2680b"
"12-23",27.2549098872545,20,0.0830206714331675,0.0137066985699214,0.0561555422361216,0.109885800630213,TRUE,1.74737139843124,66.3280806954508,"83a8890c9bd54b31ca0a35c09670b06c2135cbfd5512632ef57454e326b2680b"
"12-23",27.4917657419618,20,0.0848270868870968,0.0141893374404581,0.0570159855037989,0.112638188270395,TRUE,1.74737139843124,66.3280806954508,"83a8890c9bd54b31ca0a35c09670b06c2135cbfd5512632ef57454e326b2680b"
"12-23",27.7286215966692,20,0.0865842951751366,0.0146726690603184,0.0578258638169126,0.115342726533361,TRUE,1.74737139843124,66.3280806954508,"83a8890c9bd54b31ca0a35c09670b06c2135cbfd5512632ef57454e326b2680b"
"12-23",27.9654774513766,20,0.0882930276431275,0.0151564347990513,0.058586415436987,0.117999639849268,TRUE,1.74737139843124,66.3280806954508,"83a8890c9bd54b31ca0a35c09670b06c2135cbfd5512632ef57454e326b2680b"
"12-23",28.2023333060839,20,0.0899540156369103,0.0156403679402197,0.0592988944740796,0.120609136799741,TRUE,1.74737139843124,66.3280806954508,"83a8890c9bd54b31ca0a35c09670b06c2135cbfd5512632ef57454e326b2680b"
"12-23",28.4391891607913,20,0.0915679905023252,0.0161241943351726,0.059964569605387,0.123171411399263,TRUE,1.74737139843124,66.3280806954508,"83a8890c9bd54b31ca0a35c09670b06c2135cbfd5512632ef57454e326b2680b"
"12-23",28.6760450154987,20,0.0931356835852131,0.0166076330272601,0.0605847228517834,0.125686644318643,TRUE,1.74737139843124,66.3280806954508,"83a8890c9bd54b31ca0a35c09670b06c2135cbfd5512632ef57454e326b2680b"
"12-23",28.912900870206,20,0.0946578262314145,0.0170903968483302,0.0611606484086873,0.128155004054142,TRUE,1.74737139843124,66.3280806954508,"83a8890c9bd54b31ca0a35c09670b06c2135cbfd5512632ef57454e326b2680b"
"12-23",29.1497567249134,20,0.09613514978677,0.0175721929893818,0.0616936515275816,0.130576648045958,TRUE,1.74737139843124,66.3280806954508,"83a8890c9bd54b31ca0a35c09670b06c2135cbfd5512632ef57454e326b2680b"
"12-23",29.3866125796207,20,0.09756838559712,0.0180527235472723,0.0621850474444662,0.132951723749774,TRUE,1.74737139843124,66.3280806954508,"83a8890c9bd54b31ca0a35c09670b06c2135cbfd5512632ef57454e326b2680b"
"12-23",29.6234684343281,20,0.0989582650083052,0.0185316860493851,0.0626361603515104,0.1352803696651,TRUE,1.74737139843124,66.3280806954508,"83a8890c9bd54b31ca0a35c09670b06c2135cbfd5512632ef57454e326b2680b"
"12-23",29.8603242890355,20,0.100305519366166,0.0190087739581642,0.0630483224081646,0.137562716324168,TRUE,1.74737139843124,66.3280806954508,"83a8890c9bd54b31ca0a35c09670b06c2135cbfd5512632ef57454e326b2680b"
"12-23",30.0971801437428,20,0.101610880016544,0.0194836771574142,0.0634228727880121,0.139798887245076,TRUE,1.74737139843124,66.3280806954508,"83a8890c9bd54b31ca0a35c09670b06c2135cbfd5512632ef57454e326b2680b"
"12-23",30.3340359984502,20,0.102875078305278,0.0199560824222548,0.0637611567576589,0.141988999852898,TRUE,1.74737139843124,66.3280806954508,"83a8890c9bd54b31ca0a35c09670b06c2135cbfd5512632ef57454e326b2680b"
"12-23",30.5708918531576,20,0.10409884557821,0.0204256738746044,0.0640645247839857,0.144133166372435,TRUE,1.74737139843124,66.3280806954508,"83a8890c9bd54b31ca0a35c09670b06c2135cbfd5512632ef57454e326b2680b"
"12-23",30.8077477078649,20,0.105282913181181,0.0208921334260545,0.0643343316661138,0.146231494696247,TRUE,1.74737139843124,66.3280806954508,"83a8890c9bd54b31ca0a35c09670b06c2135cbfd5512632ef57454e326b2680b"
"12-23",31.0446035625723,20,0.10642801246003,0.0213551412099841,0.0645719356884608,0.148284089231598,TRUE,1.74737139843124,66.3280806954508,"83a8890c9bd54b31ca0a35c09670b06c2135cbfd5512632ef57454e326b2680b"
"12-23",31.2814594172796,20,0.107534874760598,0.0218143760047525,0.0647786977912829,0.150291051729913,TRUE,1.74737139843124,66.3280806954508,"83a8890c9bd54b31ca0a35c09670b06c2135cbfd5512632ef57454e326b2680b"
"12-23",31.518315271987,20,0.108604231428726,0.0222695156498056,0.0649559807551072,0.152252482102345,TRUE,1.74737139843124,66.3280806954508,"83a8890c9bd54b31ca0a35c09670b06c2135cbfd5512632ef57454e326b2680b"
"12-23",31.7551711266944,20,0.109636813810255,0.0227202374565245,0.0651051483954667,0.154168479225043,TRUE,1.74737139843124,66.3280806954508,"83a8890c9bd54b31ca0a35c09670b06c2135cbfd5512632ef57454e326b2680b"
"12-23",31.9920269814017,20,0.110633353251025,0.0231662186156572,0.0652275647643364,0.156039141737713,TRUE,1.74737139843124,66.3280806954508,"83a8890c9bd54b31ca0a35c09670b06c2135cbfd5512632ef57454e326b2680b"
"12-23",32.2288828361091,20,0.111594581096876,0.0236071366031781,0.0653245933546469,0.157864568839105,TRUE,1.74737139843124,66.3280806954508,"83a8890c9bd54b31ca0a35c09670b06c2135cbfd5512632ef57454e326b2680b"
"12-23",32.4657386908165,20,0.11252122869365,0.0240426695864456,0.0653975963042163,0.159644861083083,TRUE,1.74737139843124,66.3280806954508,"83a8890c9bd54b31ca0a35c09670b06c2135cbfd5512632ef57454e326b2680b"
"12-23",32.7025945455238,20,0.113414027387186,0.0244724968325524,0.0654479335953836,0.161380121178989,TRUE,1.74737139843124,66.3280806954508,"83a8890c9bd54b31ca0a35c09670b06c2135cbfd5512632ef57454e326b2680b"
"12-23",32.9394504002312,20,0.114273708523326,0.0248962991208012,0.065476962246556,0.163070454800097,TRUE,1.74737139843124,66.3280806954508,"83a8890c9bd54b31ca0a35c09670b06c2135cbfd5512632ef57454e326b2680b"
"12-23",33.1763062549386,20,0.11510100344791,0.0253137591612861,0.0654860354917895,0.164715971404031,TRUE,1.74737139843124,66.3280806954508,"83a8890c9bd54b31ca0a35c09670b06c2135cbfd5512632ef57454e326b2680b"
"12-23",33.4131621096459,20,0.115896643506779,0.0257245620216176,0.0654765019444084,0.166316785069149,TRUE,1.74737139843124,66.3280806954508,"83a8890c9bd54b31ca0a35c09670b06c2135cbfd5512632ef57454e326b2680b"
"12-23",33.6500179643533,20,0.116661360045773,0.0261283955638987,0.0654497047405311,0.167873015351014,TRUE,1.74737139843124,66.3280806954508,"83a8890c9bd54b31ca0a35c09670b06c2135cbfd5512632ef57454e326b2680b"
"12-23",33.8868738190606,20,0.117395884410732,0.0265249508941432,0.0654069806582116,0.169384788163253,TRUE,1.74737139843124,66.3280806954508,"83a8890c9bd54b31ca0a35c09670b06c2135cbfd5512632ef57454e326b2680b"
"12-23",34.123729673768,20,0.118100947947498,0.0269139228264211,0.0653496592077129,0.170852236687283,TRUE,1.74737139843124,66.3280806954508,"83a8890c9bd54b31ca0a35c09670b06c2135cbfd5512632ef57454e326b2680b"
"12-23",34.3605855284754,20,0.118777282001911,0.0272950103641284,0.0652790616882194,0.172275502315603,TRUE,1.74737139843124,66.3280806954508,"83a8890c9bd54b31ca0a35c09670b06c2135cbfd5512632ef57454e326b2680b"
"12-23",34.5974413831827,20,0.119425617919811,0.0276679172009017,0.065196500206044,0.173654735633579,TRUE,1.74737139843124,66.3280806954508,"83a8890c9bd54b31ca0a35c09670b06c2135cbfd5512632ef57454e326b2680b"
"12-23",34.8342972378901,20,0.12004668704704,0.0280323522438415,0.0651032766491104,0.174990097444969,TRUE,1.74737139843124,66.3280806954508,"83a8890c9bd54b31ca0a35c09670b06c2135cbfd5512632ef57454e326b2680b"
"12-23",35.0711530925975,20,0.120641220729437,0.0283880301618665,0.0650006816121786,0.176281759846695,TRUE,1.74737139843124,66.3280806954508,"83a8890c9bd54b31ca0a35c09670b06c2135cbfd5512632ef57454e326b2680b"
"12-23",35.3080089473048,20,0.121209950312843,0.0287346719621987,0.0648899932669339,0.177529907358753,TRUE,1.74737139843124,66.3280806954508,"83a8890c9bd54b31ca0a35c09670b06c2135cbfd5512632ef57454e326b2680b"
"12-23",35.5448648020122,20,0.1217536071431,0.0290720055981774,0.0647724761706719,0.178734738115527,TRUE,1.74737139843124,66.3280806954508,"83a8890c9bd54b31ca0a35c09670b06c2135cbfd5512632ef57454e326b2680b"
"12-23",35.7817206567195,20,0.122272922566046,0.0293997666118177,0.0646493800068837,0.179896465125209,TRUE,1.74737139843124,66.3280806954508,"83a8890c9bd54b31ca0a35c09670b06c2135cbfd5512632ef57454e326b2680b"
"12-23",36.0185765114269,20,0.122768627927524,0.0297176988147693,0.0645219382505763,0.181015317604472,TRUE,1.74737139843124,66.3280806954508,"83a8890c9bd54b31ca0a35c09670b06c2135cbfd5512632ef57454e326b2680b"
"12-23",36.2554323661343,20,0.123241454573374,0.0300255550115971,0.0643913667506434,0.182091542396104,TRUE,1.74737139843124,66.3280806954508,"83a8890c9bd54b31ca0a35c09670b06c2135cbfd5512632ef57454e326b2680b"
"12-23",36.4922882208416,20,0.123692133849435,0.0303230977695902,0.0642588622210385,0.183125405477832,TRUE,1.74737139843124,66.3280806954508,"83a8890c9bd54b31ca0a35c09670b06c2135cbfd5512632ef57454e326b2680b"
"12-23",36.729144075549,20,0.12412139710155,0.030610100239624,0.0641256006318866,0.184117193571213,TRUE,1.74737139843124,66.3280806954508,"83a8890c9bd54b31ca0a35c09670b06c2135cbfd5512632ef57454e326b2680b"
"12-23",36.9659999302564,20,0.124529975675557,0.0308863470329362,0.0639927354910025,0.185067215860112,TRUE,1.74737139843124,66.3280806954508,"83a8890c9bd54b31ca0a35c09670b06c2135cbfd5512632ef57454e326b2680b"
"12-23",37.2028557849637,20,0.124918600917299,0.0311516351590485,0.0638613960055641,0.185975805829034,TRUE,1.74737139843124,66.3280806954508,"83a8890c9bd54b31ca0a35c09670b06c2135cbfd5512632ef57454e326b2680b"
"12-23",37.4397116396711,20,0.125288004172615,0.0314057750304597,0.0637326851129145,0.186843323232317,TRUE,1.74737139843124,66.3280806954508,"83a8890c9bd54b31ca0a35c09670b06c2135cbfd5512632ef57454e326b2680b"
"12-23",37.6765674943785,20,0.125638916787347,0.0316485915401585,0.0636076773686361,0.187670156206058,TRUE,1.74737139843124,66.3280806954508,"83a8890c9bd54b31ca0a35c09670b06c2135cbfd5512632ef57454e326b2680b"
"12-23",37.9134233490858,20,0.125972070107334,0.0318799252184552,0.0634874166791618,0.188456723535506,TRUE,1.74737139843124,66.3280806954508,"83a8890c9bd54b31ca0a35c09670b06c2135cbfd5512632ef57454e326b2680b"
"12-23",38.1502792037932,20,0.126288195478417,0.0320996334761051,0.0633729138652515,0.189203477091583,TRUE,1.74737139843124,66.3280806954508,"83a8890c9bd54b31ca0a35c09670b06c2135cbfd5512632ef57454e326b2680b"
"12-23",38.3871350585005,20,0.126588019500475,0.032307600198316,0.0632651231117761,0.189910915889175,TRUE,1.74737139843124,66.3280806954508,"83a8890c9bd54b31ca0a35c09670b06c2135cbfd5512632ef57454e326b2680b"
"12-23",38.6239909132079,20,0.126872120157908,0.0325039854621738,0.0631643086520474,0.190579931663769,TRUE,1.74737139843124,66.3280806954508,"83a8890c9bd54b31ca0a35c09670b06c2135cbfd5512632ef57454e326b2680b"
"12-23",38.8608467679153,20,0.127140900898707,0.0326892619866715,0.0630699474048309,0.191211854392583,TRUE,1.74737139843124,66.3280806954508,"83a8890c9bd54b31ca0a35c09670b06c2135cbfd5512632ef57454e326b2680b"
"12-23",39.0977026226226,20,0.127394755198673,0.0328639239025685,0.0629814643496388,0.191808046047707,TRUE,1.74737139843124,66.3280806954508,"83a8890c9bd54b31ca0a35c09670b06c2135cbfd5512632ef57454e326b2680b"
"12-23",39.33455847733,20,0.127634076533608,0.0330284685743273,0.0628982781279264,0.192369874939289,TRUE,1.74737139843124,66.3280806954508,"83a8890c9bd54b31ca0a35c09670b06c2135cbfd5512632ef57454e326b2680b"
"12-23",39.5714143320374,20,0.127859258379312,0.0331833959039743,0.0628198024075228,0.192898714351102,TRUE,1.74737139843124,66.3280806954508,"83a8890c9bd54b31ca0a35c09670b06c2135cbfd5512632ef57454e326b2680b"
"12-23",39.8082701867447,20,0.128070694211588,0.033329207646575,0.0627454472243008,0.193395941198875,TRUE,1.74737139843124,66.3280806954508,"83a8890c9bd54b31ca0a35c09670b06c2135cbfd5512632ef57454e326b2680b"
"12-23",40,20,0.128232049788392,0.0334409081301154,0.062687869853366,0.193776229723418,TRUE,1.74737139843124,66.3280806954508,"83a8890c9bd54b31ca0a35c09670b06c2135cbfd5512632ef57454e326b2680b"
"12-23",40.0451260414521,20,0.128268777506235,0.0334664067315351,0.0626746203124262,0.193862934700044,TRUE,1.74737139843124,66.3280806954508,"83a8890c9bd54b31ca0a35c09670b06c2135cbfd5512632ef57454e326b2680b"
"12-23",40.2819818961594,20,0.128453901739056,0.0335954965847746,0.0626067284328974,0.194301075045214,TRUE,1.74737139843124,66.3280806954508,"83a8890c9bd54b31ca0a35c09670b06c2135cbfd5512632ef57454e326b2680b"
"12-23",40.5188377508668,20,0.128626460385851,0.0337169804475703,0.0625411787086129,0.194711742063088,TRUE,1.74737139843124,66.3280806954508,"83a8890c9bd54b31ca0a35c09670b06c2135cbfd5512632ef57454e326b2680b"
"12-23",40.7556936055742,20,0.128786846922421,0.0338313606885459,0.0624773799728712,0.195096313871971,TRUE,1.74737139843124,66.3280806954508,"83a8890c9bd54b31ca0a35c09670b06c2135cbfd5512632ef57454e326b2680b"
"12-23",40.9925494602815,20,0.128935454824568,0.0339391381059226,0.0624147441369599,0.195456165512177,TRUE,1.74737139843124,66.3280806954508,"83a8890c9bd54b31ca0a35c09670b06c2135cbfd5512632ef57454e326b2680b"
"12-23",41.2294053149889,20,0.129072677568093,0.03404081121774,0.0623526875813229,0.195792667554864,TRUE,1.74737139843124,66.3280806954508,"83a8890c9bd54b31ca0a35c09670b06c2135cbfd5512632ef57454e326b2680b"
"12-23",41.4662611696963,20,0.129198908628798,0.034136875538326,0.0622906325736786,0.196107184683917,TRUE,1.74737139843124,66.3280806954508,"83a8890c9bd54b31ca0a35c09670b06c2135cbfd5512632ef57454e326b2680b"
"12-23",41.7031170244036,20,0.129314541482482,0.0342278228398481,0.0622280087163797,0.196401074248584,TRUE,1.74737139843124,66.3280806954508,"83a8890c9bd54b31ca0a35c09670b06c2135cbfd5512632ef57454e326b2680b"
"12-23",41.939972879111,20,0.129419969604948,0.0343141403983133,0.0621642544242539,0.196675684785642,TRUE,1.74737139843124,66.3280806954508,"83a8890c9bd54b31ca0a35c09670b06c2135cbfd5512632ef57454e326b2680b"
"12-23",42.1768287338183,20,0.129515586471996,0.0343963102239139,0.0620988184331252,0.196932354510868,TRUE,1.74737139843124,66.3280806954508,"83a8890c9bd54b31ca0a35c09670b06c2135cbfd5512632ef57454e326b2680b"
"12-23",42.4136845885257,20,0.129601785559429,0.0344748082761383,0.0620311613381976,0.19717240978066,TRUE,1.74737139843124,66.3280806954508,"83a8890c9bd54b31ca0a35c09670b06c2135cbfd5512632ef57454e326b2680b"
"12-23",42.6505404432331,20,0.129678960343046,0.0345501036645821,0.061960757160465,0.197397163525627,TRUE,1.74737139843124,66.3280806954508,"83a8890c9bd54b31ca0a35c09670b06c2135cbfd5512632ef57454e326b2680b"
"12-23",42.8873962979404,20,0.129747504298649,0.0346226578369031,0.0618870949383192,0.197607913658979,TRUE,1.74737139843124,66.3280806954508,"83a8890c9bd54b31ca0a35c09670b06c2135cbfd5512632ef57454e326b2680b"
"12-23",43.1242521526478,20,0.12980781090204,0.0346929237558666,0.0618096803405413,0.197805941463538,TRUE,1.74737139843124,66.3280806954508,"83a8890c9bd54b31ca0a35c09670b06c2135cbfd5512632ef57454e326b2680b"
"12-23",43.3611080073552,20,0.129860273629019,0.0347613450679169,0.0617280372959018,0.197992509962136,TRUE,1.74737139843124,66.3280806954508,"83a8890c9bd54b31ca0a35c09670b06c2135cbfd5512632ef57454e326b2680b"
"12-23",43.5979638620625,20,0.129905285955388,0.0348283552661835,0.061641709633668,0.198168862277107,TRUE,1.74737139843124,66.3280806954508,"83a8890c9bd54b31ca0a35c09670b06c2135cbfd5512632ef57454e326b2680b"
"12-23",43.8348197167699,20,0.129943241356947,0.0348943768512879,0.0615502627284228,0.198336219985471,TRUE,1.74737139843124,66.3280806954508,"83a8890c9bd54b31ca0a35c09670b06c2135cbfd5512632ef57454e326b2680b"
"12-23",44.0716755714773,20,0.129974533309499,0.0349598204937408,0.0614532851417667,0.198495781477231,TRUE,1.74737139843124,66.3280806954508,"83a8890c9bd54b31ca0a35c09670b06c2135cbfd5512632ef57454e326b2680b"
"12-23",44.3085314261846,20,0.129999555288843,0.0350250842021164,0.061350390252695,0.198648720324991,TRUE,1.74737139843124,66.3280806954508,"83a8890c9bd54b31ca0a35c09670b06c2135cbfd5512632ef57454e326b2680b"
"12-23",44.545387280892,20,0.130018700770782,0.0350905525015452,0.0612412178677537,0.198796183673811,TRUE,1.74737139843124,66.3280806954508,"83a8890c9bd54b31ca0a35c09670b06c2135cbfd5512632ef57454e326b2680b"
"12-23",44.7822431355993,20,0.130032363231117,0.035156595627373,0.0611254358014656,0.198939290660768,TRUE,1.74737139843124,66.3280806954508,"83a8890c9bd54b31ca0a35c09670b06c2135cbfd5512632ef57454e326b2680b"
"12-23",45.0190989903067,20,0.130040936145648,0.0352235687390926,0.0610027414170264,0.199079130874269,TRUE,1.74737139843124,66.3280806954508,"83a8890c9bd54b31ca0a35c09670b06c2135cbfd5512632ef57454e326b2680b"
"12-23",45.2559548450141,20,0.130044812990177,0.0352918111598433,0.0608728631168839,0.19921676286347,TRUE,1.74737139843124,66.3280806954508,"83a8890c9bd54b31ca0a35c09670b06c2135cbfd5512632ef57454e326b2680b"
"12-23",45.4928106997214,20,0.130044387240505,0.0353616456469068,0.0607355617725676,0.199353212708442,TRUE,1.74737139843124,66.3280806954508,"83a8890c9bd54b31ca0a35c09670b06c2135cbfd5512632ef57454e326b2680b"
"12-23",45.7296665544288,20,0.130040052372433,0.0354333776986788,0.0605906320830226,0.199489472661844,TRUE,1.74737139843124,66.3280806954508,"83a8890c9bd54b31ca0a35c09670b06c2135cbfd5512632ef57454e326b2680b"
"12-23",45.9665224091362,20,0.130032201861763,0.0355072949035819,0.0604379038507422,0.199626499872783,TRUE,1.74737139843124,66.3280806954508,"83a8890c9bd54b31ca0a35c09670b06c2135cbfd5512632ef57454e326b2680b"
"12-23",46.2033782638435,20,0.130021229184295,0.0355836663362804,0.0602772431651852,0.199765215203404,TRUE,1.74737139843124,66.3280806954508,"83a8890c9bd54b31ca0a35c09670b06c2135cbfd5512632ef57454e326b2680b"
"12-23",46.4402341185509,20,0.130007527815831,0.035662742006386,0.060108553483314,0.199906502148347,TRUE,1.74737139843124,66.3280806954508,"83a8890c9bd54b31ca0a35c09670b06c2135cbfd5512632ef57454e326b2680b"
"12-23",46.6770899732582,20,0.129991491232171,0.0357447523645808,0.059931776597593,0.20005120586675,TRUE,1.74737139843124,66.3280806954508,"83a8890c9bd54b31ca0a35c09670b06c2135cbfd5512632ef57454e326b2680b"
"12-23",46.9139458279656,20,0.129973512909118,0.0358299078707516,0.0597468934824451,0.200200132335791,TRUE,1.74737139843124,66.3280806954508,"83a8890c9bd54b31ca0a35c09670b06c2135cbfd5512632ef57454e326b2680b"
"12-23",47.150801682673,20,0.129953986322472,0.0359183986283197,0.0595539250109656,0.200354047633979,TRUE,1.74737139843124,66.3280806954508,"83a8890c9bd54b31ca0a35c09670b06c2135cbfd5512632ef57454e326b2680b"
"12-23",47.3876575373803,20,0.129933304948035,0.0360103940884756,0.0593529325346224,0.200513677361447,TRUE,1.74737139843124,66.3280806954508,"83a8890c9bd54b31ca0a35c09670b06c2135cbfd5512632ef57454e326b2680b"
"12-23",47.6245133920877,20,0.129911862261607,0.0361060428274888,0.0591440183197285,0.200679706203485,TRUE,1.74737139843124,66.3280806954508,"83a8890c9bd54b31ca0a35c09670b06c2135cbfd5512632ef57454e326b2680b"
"12-23",47.8613692467951,20,0.129890051738989,0.0362054723996791,0.0589273258356184,0.20085277764236,TRUE,1.74737139843124,66.3280806954508,"83a8890c9bd54b31ca0a35c09670b06c2135cbfd5512632ef57454e326b2680b"
"12-23",48.0982251015024,20,0.129868266855984,0.0363087892680037,0.0587030398906968,0.201033493821271,TRUE,1.74737139843124,66.3280806954508,"83a8890c9bd54b31ca0a35c09670b06c2135cbfd5512632ef57454e326b2680b"
"12-23",48.3350809562098,20,0.129846901088392,0.0364160788135601,0.0584713866138141,0.20122241556297,TRUE,1.74737139843124,66.3280806954508,"83a8890c9bd54b31ca0a35c09670b06c2135cbfd5512632ef57454e326b2680b"
"12-23",48.5719368109171,20,0.129826347912014,0.0365274054246258,0.0582326332797473,0.201420062544281,TRUE,1.74737139843124,66.3280806954508,"83a8890c9bd54b31ca0a35c09670b06c2135cbfd5512632ef57454e326b2680b"
"12-23",48.8087926656245,20,0.129807000802651,0.0366428126651819,0.0579870879788948,0.201626913626408,TRUE,1.74737139843124,66.3280806954508,"83a8890c9bd54b31ca0a35c09670b06c2135cbfd5512632ef57454e326b2680b"
"12-23",49.0456485203319,20,0.129789253236105,0.0367623235221905,0.0577350991326121,0.201843407339599,TRUE,1.74737139843124,66.3280806954508,"83a8890c9bd54b31ca0a35c09670b06c2135cbfd5512632ef57454e326b2680b"
"12-23",49.2825043750392,20,0.129773498688177,0.0368859407302517,0.057477054856884,0.202069942519471,TRUE,1.74737139843124,66.3280806954508,"83a8890c9bd54b31ca0a35c09670b06c2135cbfd5512632ef57454e326b2680b"
"12-23",49.5193602297466,20,0.129760130634668,0.0370136471716445,0.0572133821782451,0.202306879091091,TRUE,1.74737139843124,66.3280806954508,"83a8890c9bd54b31ca0a35c09670b06c2135cbfd5512632ef57454e326b2680b"
"12-23",49.756216084454,20,0.129749542551379,0.037145406349182,0.0569445461069825,0.202554538995776,TRUE,1.74737139843124,66.3280806954508,"83a8890c9bd54b31ca0a35c09670b06c2135cbfd5512632ef57454e326b2680b"
"12-23",49.9930719391613,20,0.129742127914112,0.0372811629287946,0.0566710485736743,0.202813207254549,TRUE,1.74737139843124,66.3280806954508,"83a8890c9bd54b31ca0a35c09670b06c2135cbfd5512632ef57454e326b2680b"
"12-23",50.2299277938687,20,0.129738280198666,0.0374208433482879,0.0563934272360221,0.203083133161311,TRUE,1.74737139843124,66.3280806954508,"83a8890c9bd54b31ca0a35c09670b06c2135cbfd5512632ef57454e326b2680b"
"12-23",50.466783648576,20,0.129738392880845,0.0375643564883401,0.0561122541636982,0.203364531597991,TRUE,1.74737139843124,66.3280806954508,"83a8890c9bd54b31ca0a35c09670b06c2135cbfd5512632ef57454e326b2680b"
"12-23",50.7036395032834,20,0.129742859436448,0.0377115944014749,0.0558281344095573,0.203657584463339,TRUE,1.74737139843124,66.3280806954508,"83a8890c9bd54b31ca0a35c09670b06c2135cbfd5512632ef57454e326b2680b"
"12-23",50.9404953579908,20,0.129752073341277,0.0378624330945113,0.0555417044760353,0.20396244220652,TRUE,1.74737139843124,66.3280806954508,"83a8890c9bd54b31ca0a35c09670b06c2135cbfd5512632ef57454e326b2680b"
"12-23",51.1773512126981,20,0.129766428071134,0.0380167333598198,0.0552536306858871,0.204279225456381,TRUE,1.74737139843124,66.3280806954508,"83a8890c9bd54b31ca0a35c09670b06c2135cbfd5512632ef57454e326b2680b"
"12-23",51.4142070674055,20,0.129786317101819,0.0381743416506285,0.0549646074665869,0.204608026737051,TRUE,1.74737139843124,66.3280806954508,"83a8890c9bd54b31ca0a35c09670b06c2135cbfd5512632ef57454e326b2680b"
"12-23",51.6510629221129,20,0.129812133909133,0.0383350909956055,0.0546753555577464,0.20494891226052,TRUE,1.74737139843124,66.3280806954508,"83a8890c9bd54b31ca0a35c09670b06c2135cbfd5512632ef57454e326b2680b"
"12-23",51.8879187768202,20,0.129844271968878,0.0384988019480011,0.054386620150796,0.20530192378696,TRUE,1.74737139843124,66.3280806954508,"83a8890c9bd54b31ca0a35c09670b06c2135cbfd5512632ef57454e326b2680b"
"12-23",52.1247746315276,20,0.129883124756855,0.0386652835647551,0.0540991689699351,0.205667080543775,TRUE,1.74737139843124,66.3280806954508,"83a8890c9bd54b31ca0a35c09670b06c2135cbfd5512632ef57454e326b2680b"
"12-23",52.361630486235,20,0.129929085748865,0.0388343344111571,0.0538137903029972,0.206044381194733,TRUE,1.74737139843124,66.3280806954508,"83a8890c9bd54b31ca0a35c09670b06c2135cbfd5512632ef57454e326b2680b"
"12-23",52.5984863409423,20,0.129982548420709,0.0390057435868846,0.0535312909904154,0.206433805851003,TRUE,1.74737139843124,66.3280806954508,"83a8890c9bd54b31ca0a35c09670b06c2135cbfd5512632ef57454e326b2680b"
"12-23",52.8353421956497,20,0.130043906248189,0.0391792917695293,0.0532524943799114,0.206835318116466,TRUE,1.74737139843124,66.3280806954508,"83a8890c9bd54b31ca0a35c09670b06c2135cbfd5512632ef57454e326b2680b"
"12-23",53.072198050357,20,0.130113552707105,0.0393547522720417,0.0529782382539031,0.207248867160307,TRUE,1.74737139843124,66.3280806954508,"83a8890c9bd54b31ca0a35c09670b06c2135cbfd5512632ef57454e326b2680b"
"12-23",53.3090539050644,20,0.130191881273259,0.0395318921108856,0.052709372735923,0.207674389810594,TRUE,1.74737139843124,66.3280806954508,"83a8890c9bd54b31ca0a35c09670b06c2135cbfd5512632ef57454e326b2680b"
"12-23",53.5459097597718,20,0.130279285422452,0.0397104730820691,0.0524467581815961,0.208111812663307,TRUE,1.74737139843124,66.3280806954508,"83a8890c9bd54b31ca0a35c09670b06c2135cbfd5512632ef57454e326b2680b"
"12-23",53.7827656144791,20,0.130376158630484,0.0398902528426231,0.0521912630589432,0.208561054202026,TRUE,1.74737139843124,66.3280806954508,"83a8890c9bd54b31ca0a35c09670b06c2135cbfd5512632ef57454e326b2680b"
"12-23",54.0196214691865,20,0.130482894373159,0.0400709859955011,0.0519437618219763,0.209022026924341,TRUE,1.74737139843124,66.3280806954508,"83a8890c9bd54b31ca0a35c09670b06c2135cbfd5512632ef57454e326b2680b"
"12-23",54.2564773238939,20,0.130599886126275,0.0402524251762964,0.0517051327807341,0.209494639471816,TRUE,1.74737139843124,66.3280806954508,"83a8890c9bd54b31ca0a35c09670b06c2135cbfd5512632ef57454e326b2680b"
"12-23",54.4933331786012,20,0.130727527365635,0.040434322140577,0.0514762559701042,0.209978798761166,TRUE,1.74737139843124,66.3280806954508,"83a8890c9bd54b31ca0a35c09670b06c2135cbfd5512632ef57454e326b2680b"
"12-23",54.7301890333086,20,0.13086621156704,0.0406164288510545,0.0512580110189733,0.210474412115107,TRUE,1.74737139843124,66.3280806954508,"83a8890c9bd54b31ca0a35c09670b06c2135cbfd5512632ef57454e326b2680b"
"12-23",54.9670448880159,20,0.131016332206291,0.0407984985641913,0.0510512750204759,0.210981389392106,TRUE,1.74737139843124,66.3280806954508,"83a8890c9bd54b31ca0a35c09670b06c2135cbfd5512632ef57454e326b2680b"
"12-23",55.2039007427233,20,0.131178282759189,0.0409802869162392,0.05085692040336,0.211499645115018,TRUE,1.74737139843124,66.3280806954508,"83a8890c9bd54b31ca0a35c09670b06c2135cbfd5512632ef57454e326b2680b"
"12-23",55.4407565974307,20,0.131352456701535,0.0411615530090606,0.0506758128037765,0.212029100599294,TRUE,1.74737139843124,66.3280806954508,"83a8890c9bd54b31ca0a35c09670b06c2135cbfd5512632ef57454e326b2680b"
"12-23",55.677612452138,20,0.131539247509131,0.041342060496431,0.0505088089361261,0.212569686082136,TRUE,1.74737139843124,66.3280806954508,"83a8890c9bd54b31ca0a35c09670b06c2135cbfd5512632ef57454e326b2680b"
"12-23",55.9144683068454,20,0.131739048657777,0.0415215786718397,0.0503567544609716,0.213121342854583,TRUE,1.74737139843124,66.3280806954508,"83a8890c9bd54b31ca0a35c09670b06c2135cbfd5512632ef57454e326b2680b"
"12-23",56.1513241615528,20,0.131952253623275,0.0416998835590996,0.0502204818474403,0.213684025399111,TRUE,1.74737139843124,66.3280806954508,"83a8890c9bd54b31ca0a35c09670b06c2135cbfd5512632ef57454e326b2680b"
"12-23",56.3881800162601,20,0.132179255881427,0.0418767590073503,0.0501008082270201,0.214257703535833,TRUE,1.74737139843124,66.3280806954508,"83a8890c9bd54b31ca0a35c09670b06c2135cbfd5512632ef57454e326b2680b"
"12-23",56.6250358709675,20,0.132420448908032,0.0420519977922748,0.0499985332351735,0.214842364580891,TRUE,1.74737139843124,66.3280806954508,"83a8890c9bd54b31ca0a35c09670b06c2135cbfd5512632ef57454e326b2680b"
"12-23",56.8618917256748,20,0.132676226178893,0.0422254027255661,0.0499144368367832,0.215438015521002,TRUE,1.74737139843124,66.3280806954508,"83a8890c9bd54b31ca0a35c09670b06c2135cbfd5512632ef57454e326b2680b"
"12-23",57.0987475803822,20,0.13294698116981,0.0423967877748603,0.0498492771310838,0.216044685208536,TRUE,1.74737139843124,66.3280806954508,"83a8890c9bd54b31ca0a35c09670b06c2135cbfd5512632ef57454e326b2680b"
"12-23",57.3356034350896,20,0.133233107356585,0.0425659791965047,0.0498037881314356,0.216662426581734,TRUE,1.74737139843124,66.3280806954508,"83a8890c9bd54b31ca0a35c09670b06c2135cbfd5512632ef57454e326b2680b"
"12-23",57.5724592897969,20,0.133534998199657,0.0427328166883061,0.0497786774905767,0.217291318908736,TRUE,1.74737139843124,66.3280806954508,"83a8890c9bd54b31ca0a35c09670b06c2135cbfd5512632ef57454e326b2680b"
"12-23",57.8093151445043,20,0.133852949539325,0.0428971843906315,0.0497744681336877,0.217931430944963,TRUE,1.74737139843124,66.3280806954508,"83a8890c9bd54b31ca0a35c09670b06c2135cbfd5512632ef57454e326b2680b"
"12-23",58.0461709992117,20,0.134186927976164,0.043059084263946,0.0497911228188299,0.218582733133498,TRUE,1.74737139843124,66.3280806954508,"83a8890c9bd54b31ca0a35c09670b06c2135cbfd5512632ef57454e326b2680b"
"12-23",58.283026853919,20,0.13453683077237,0.0432185590693687,0.0498284549964077,0.219245206548333,TRUE,1.74737139843124,66.3280806954508,"83a8890c9bd54b31ca0a35c09670b06c2135cbfd5512632ef57454e326b2680b"
"12-23",58.5198827086264,20,0.134902555190141,0.0433756707455577,0.0498862405288482,0.219918869851435,TRUE,1.74737139843124,66.3280806954508,"83a8890c9bd54b31ca0a35c09670b06c2135cbfd5512632ef57454e326b2680b"
"12-23",58.7567385633337,20,0.135283998491675,0.0435304996624204,0.0499642191533313,0.220603777830019,TRUE,1.74737139843124,66.3280806954508,"83a8890c9bd54b31ca0a35c09670b06c2135cbfd5512632ef57454e326b2680b"
"12-23",58.9935944180411,20,0.135681057939169,0.0436831439075632,0.0500620958803453,0.221300019997993,TRUE,1.74737139843124,66.3280806954508,"83a8890c9bd54b31ca0a35c09670b06c2135cbfd5512632ef57454e326b2680b"
"12-23",59.2304502727485,20,0.136093630794821,0.0438337186027162,0.0501795423334974,0.222007719256145,TRUE,1.74737139843124,66.3280806954508,"83a8890c9bd54b31ca0a35c09670b06c2135cbfd5512632ef57454e326b2680b"
"12-23",59.4673061274558,20,0.136521614320829,0.0439823552473114,0.0503161980360982,0.222727030605559,TRUE,1.74737139843124,66.3280806954508,"83a8890c9bd54b31ca0a35c09670b06c2135cbfd5512632ef57454e326b2680b"
"12-23",59.7041619821632,20,0.136964905779389,0.0441292010863767,0.0504716716500911,0.223458139908688,TRUE,1.74737139843124,66.3280806954508,"83a8890c9bd54b31ca0a35c09670b06c2135cbfd5512632ef57454e326b2680b"
"12-23",59.9410178368706,20,0.137423402432701,0.0442744184998992,0.0506455421728984,0.224201262692503,TRUE,1.74737139843124,66.3280806954508,"83a8890c9bd54b31ca0a35c09670b06c2135cbfd5512632ef57454e326b2680b"
"12-23",60.1778736915779,20,0.137897001542961,0.0444181844108319,0.0508373600977303,0.224956642988191,TRUE,1.74737139843124,66.3280806954508,"83a8890c9bd54b31ca0a35c09670b06c2135cbfd5512632ef57454e326b2680b"
"12-23",60.4147295462853,20,0.138385600372367,0.0445606897089477,0.0510466485428291,0.225724552201904,TRUE,1.74737139843124,66.3280806954508,"83a8890c9bd54b31ca0a35c09670b06c2135cbfd5512632ef57454e326b2680b"
"12-23",60.6515854009927,20,0.138889096183116,0.0447021386877938,0.0512729043550406,0.226505288011192,TRUE,1.74737139843124,66.3280806954508,"83a8890c9bd54b31ca0a35c09670b06c2135cbfd5512632ef57454e326b2680b"
"12-23",60.8884412557,20,0.139407386237407,0.044842748492059,0.0515155991929717,0.227299173281843,TRUE,1.74737139843124,66.3280806954508,"83a8890c9bd54b31ca0a35c09670b06c2135cbfd5512632ef57454e326b2680b"
"12-23",61.1252971104074,20,0.139940367797437,0.0449827485727434,0.0517741805948603,0.228106555000014,TRUE,1.74737139843124,66.3280806954508,"83a8890c9bd54b31ca0a35c09670b06c2135cbfd5512632ef57454e326b2680b"
"12-23",61.3621529651147,20,0.140487938125404,0.045122380147601,0.0520480730361058,0.228927803214702,TRUE,1.74737139843124,66.3280806954508,"83a8890c9bd54b31ca0a35c09670b06c2135cbfd5512632ef57454e326b2680b"
"12-23",61.5990088198221,20,0.141049994483505,0.0452618956644302,0.0523366789812215,0.229763309985788,TRUE,1.74737139843124,66.3280806954508,"83a8890c9bd54b31ca0a35c09670b06c2135cbfd5512632ef57454e326b2680b"
"12-23",61.8358646745295,20,0.141626434133937,0.045401558264892,0.0526393799347488,0.230613488333126,TRUE,1.74737139843124,66.3280806954508,"83a8890c9bd54b31ca0a35c09670b06c2135cbfd5512632ef57454e326b2680b"
"12-23",62.0727205292368,20,0.142217154338899,0.0455416412466647,0.0529555374954364,0.231478771182362,TRUE,1.74737139843124,66.3280806954508,"83a8890c9bd54b31ca0a35c09670b06c2135cbfd5512632ef57454e326b2680b"
"12-23",62.3095763839442,20,0.142822052360588,0.0456824275218721,0.053284494417719,0.232359610303458,TRUE,1.74737139843124,66.3280806954508,"83a8890c9bd54b31ca0a35c09670b06c2135cbfd5512632ef57454e326b2680b"
"12-23",62.5464322386516,20,0.143441025461202,0.0458242090698797,0.053625575684238,0.233256475238166,TRUE,1.74737139843124,66.3280806954508,"83a8890c9bd54b31ca0a35c09670b06c2135cbfd5512632ef57454e326b2680b"
"12-23",62.7832880933589,20,0.144073970902939,0.0459672863827075,0.0539780895928319,0.234169852213045,TRUE,1.74737139843124,66.3280806954508,"83a8890c9bd54b31ca0a35c09670b06c2135cbfd5512632ef57454e326b2680b"
"12-23",63.0201439480663,20,0.144720785947995,0.0461119679014892,0.054341328861076,0.235100243034914,TRUE,1.74737139843124,66.3280806954508,"83a8890c9bd54b31ca0a35c09670b06c2135cbfd5512632ef57454e326b2680b"
"12-23",63.2569998027736,20,0.145381367858569,0.0462585694425946,0.0547145717510833,0.236048163966054,TRUE,1.74737139843124,66.3280806954508,"83a8890c9bd54b31ca0a35c09670b06c2135cbfd5512632ef57454e326b2680b"
"12-23",63.493855657481,20,0.146055613896858,0.046407413612236,0.0550970832168751,0.23701414457684,TRUE,1.74737139843124,66.3280806954508,"83a8890c9bd54b31ca0a35c09670b06c2135cbfd5512632ef57454e326b2680b"
"12-23",63.7307115121884,20,0.14674342132506,0.0465588292085968,0.0554881160762099,0.237998726573909,TRUE,1.74737139843124,66.3280806954508,"83a8890c9bd54b31ca0a35c09670b06c2135cbfd5512632ef57454e326b2680b"
"12-23",63.9675673668957,20,0.147444687405372,0.0467131506107499,0.0558869122083023,0.239002462602442,TRUE,1.74737139843124,66.3280806954508,"83a8890c9bd54b31ca0a35c09670b06c2135cbfd5512632ef57454e326b2680b"
"12-23",64.2044232216031,20,0.148159309399993,0.0468707171538772,0.0562927037783936,0.240025915021592,TRUE,1.74737139843124,66.3280806954508,"83a8890c9bd54b31ca0a35c09670b06c2135cbfd5512632ef57454e326b2680b"
"12-23",64.4412790763105,20,0.148887184571119,0.0470318724905551,0.056704714489631,0.241069654652607,TRUE,1.74737139843124,66.3280806954508,"83a8890c9bd54b31ca0a35c09670b06c2135cbfd5512632ef57454e326b2680b"
"12-23",64.6781349310178,20,0.149628210180949,0.0471969639381357,0.057122160862203,0.242134259499695,TRUE,1.74737139843124,66.3280806954508,"83a8890c9bd54b31ca0a35c09670b06c2135cbfd5512632ef57454e326b2680b"
"12-23",64.9149907857252,20,0.15038228349168,0.0473663418125242,0.0575442535391325,0.243220313444227,TRUE,1.74737139843124,66.3280806954508,"83a8890c9bd54b31ca0a35c09670b06c2135cbfd5512632ef57454e326b2680b"
"12-23",65.1518466404326,20,0.151149301765509,0.047540358748935,0.0579701986175967,0.244328404913422,TRUE,1.74737139843124,66.3280806954508,"83a8890c9bd54b31ca0a35c09670b06c2135cbfd5512632ef57454e326b2680b"
"12-23",65.3887024951399,20,0.151929162264635,0.04771936901049,0.0583991990040745,0.245459125525195,TRUE,1.74737139843124,66.3280806954508,"83a8890c9bd54b31ca0a35c09670b06c2135cbfd5512632ef57454e326b2680b"
"12-23",65.6255583498473,20,0.152721762251255,0.0479037277858041,0.0588304557910786,0.246613068711431,TRUE,1.74737139843124,66.3280806954508,"83a8890c9bd54b31ca0a35c09670b06c2135cbfd5512632ef57454e326b2680b"
"12-23",65.8624142045546,20,0.153526998987566,0.0480937904769889,0.0592631696526676,0.247790828322464,TRUE,1.74737139843124,66.3280806954508,"83a8890c9bd54b31ca0a35c09670b06c2135cbfd5512632ef57454e326b2680b"
"12-23",66.099270059262,20,0.154344769735766,0.0482899119797781,0.0596965422554012,0.248992997216131,TRUE,1.74737139843124,66.3280806954508,"83a8890c9bd54b31ca0a35c09670b06c2135cbfd5512632ef57454e326b2680b"
"12-23",66.3280806954508,20,0.155146569662326,0.0484854575467318,0.0601150728707314,0.25017806645392,TRUE,1.74737139843124,66.3280806954508,"83a8890c9bd54b31ca0a35c09670b06c2135cbfd5512632ef57454e326b2680b"
"12-23",66.3361259139694,20,0.155174971758054,0.0484924459577445,0.0601297776808743,0.250220165835233,FALSE,1.74737139843124,66.3280806954508,"83a8890c9bd54b31ca0a35c09670b06c2135cbfd5512632ef57454e326b2680b"
"12-23",66.5729817686767,20,0.156017502316625,0.0487017441128338,0.060562083855471,0.251472920777779,FALSE,1.74737139843124,66.3280806954508,"83a8890c9bd54b31ca0a35c09670b06c2135cbfd5512632ef57454e326b2680b"
"12-23",66.8098376233841,20,0.156872258673679,0.0489181554546742,0.0609926739825174,0.25275184336484,FALSE,1.74737139843124,66.3280806954508,"83a8890c9bd54b31ca0a35c09670b06c2135cbfd5512632ef57454e326b2680b"
"12-23",67.0466934780915,20,0.157739138091412,0.0491420255713372,0.0614207679715914,0.254057508211233,FALSE,1.74737139843124,66.3280806954508,"83a8890c9bd54b31ca0a35c09670b06c2135cbfd5512632ef57454e326b2680b"
"12-23",67.2835493327988,20,0.158618037832023,0.0493736959044123,0.0618455938593749,0.255390481804671,FALSE,1.74737139843124,66.3280806954508,"83a8890c9bd54b31ca0a35c09670b06c2135cbfd5512632ef57454e326b2680b"
"12-23",67.5204051875062,20,0.159508855157709,0.0496135030314213,0.0622663892161228,0.256751321099294,FALSE,1.74737139843124,66.3280806954508,"83a8890c9bd54b31ca0a35c09670b06c2135cbfd5512632ef57454e326b2680b"
"12-23",67.7572610422135,20,0.160411487330667,0.0498617779587242,0.0626824025315676,0.258140572129766,FALSE,1.74737139843124,66.3280806954508,"83a8890c9bd54b31ca0a35c09670b06c2135cbfd5512632ef57454e326b2680b"
"12-23",67.9941168969209,20,0.161325831613095,0.0501188454281605,0.0630928945739008,0.25955876865229,FALSE,1.74737139843124,66.3280806954508,"83a8890c9bd54b31ca0a35c09670b06c2135cbfd5512632ef57454e326b2680b"
"12-23",68.2309727516283,20,0.162251785267192,0.050385023240727,0.0634971397153667,0.261006430819017,FALSE,1.74737139843124,66.3280806954508,"83a8890c9bd54b31ca0a35c09670b06c2135cbfd5512632ef57454e326b2680b"
"12-23",68.4678286063356,20,0.163189245555153,0.0506606216006016,0.0638944272179744,0.262484063892333,FALSE,1.74737139843124,66.3280806954508,"83a8890c9bd54b31ca0a35c09670b06c2135cbfd5512632ef57454e326b2680b"
"12-23",68.704684461043,20,0.164138109739178,0.0509459424827994,0.0642840624728916,0.263992157005465,FALSE,1.74737139843124,66.3280806954508,"83a8890c9bd54b31ca0a35c09670b06c2135cbfd5512632ef57454e326b2680b"
"12-23",68.9415403157504,20,0.165098275081464,0.0512412790276747,0.0646653681872217,0.265531181975706,FALSE,1.74737139843124,66.3280806954508,"83a8890c9bd54b31ca0a35c09670b06c2135cbfd5512632ef57454e326b2680b"
"12-23",69.1783961704577,20,0.166069638844208,0.0515469149653687,0.0650376855120853,0.267101592176331,FALSE,1.74737139843124,66.3280806954508,"83a8890c9bd54b31ca0a35c09670b06c2135cbfd5512632ef57454e326b2680b"
"12-23",69.4152520251651,20,0.167052098289608,0.0518631240731502,0.0654003751062335,0.268703821472982,FALSE,1.74737139843124,66.3280806954508,"83a8890c9bd54b31ca0a35c09670b06c2135cbfd5512632ef57454e326b2680b"
"12-23",69.6521078798724,20,0.168045550679862,0.0521901696683998,0.065752818129798,0.270338283229925,FALSE,1.74737139843124,66.3280806954508,"83a8890c9bd54b31ca0a35c09670b06c2135cbfd5512632ef57454e326b2680b"
"12-23",69.8889637345798,20,0.169049893277166,0.0525283041397591,0.0660944171632386,0.272005369391094,FALSE,1.74737139843124,66.3280806954508,"83a8890c9bd54b31ca0a35c09670b06c2135cbfd5512632ef57454e326b2680b"
"12-23",70.1258195892872,20,0.17006502334372,0.0528777685186987,0.0664245970470708,0.273705449640369,FALSE,1.74737139843124,66.3280806954508,"83a8890c9bd54b31ca0a35c09670b06c2135cbfd5512632ef57454e326b2680b"
"12-23",70.3626754439945,20,0.17109083814172,0.0532387920934627,0.0667428056385336,0.275438870644907,FALSE,1.74737139843124,66.3280806954508,"83a8890c9bd54b31ca0a35c09670b06c2135cbfd5512632ef57454e326b2680b"
"12-23",70.5995312987019,20,0.172127234933365,0.0536115920670272,0.0670485144819915,0.277205955384738,FALSE,1.74737139843124,66.3280806954508,"83a8890c9bd54b31ca0a35c09670b06c2135cbfd5512632ef57454e326b2680b"
"12-23",70.8363871534093,20,0.173174110980851,0.0539963732603666,0.0673412193905323,0.27900700257117,FALSE,1.74737139843124,66.3280806954508,"83a8890c9bd54b31ca0a35c09670b06c2135cbfd5512632ef57454e326b2680b"
"12-23",71.0732430081166,20,0.174231363546377,0.0543933278619654,0.0676204409369245,0.280842286155829,FALSE,1.74737139843124,66.3280806954508,"83a8890c9bd54b31ca0a35c09670b06c2135cbfd5512632ef57454e326b2680b"
"12-23",71.310098862824,20,0.175298889892139,0.0548026352241443,0.0678857248528163,0.282712054931462,FALSE,1.74737139843124,66.3280806954508,"83a8890c9bd54b31ca0a35c09670b06c2135cbfd5512632ef57454e326b2680b"
"12-23",71.5469547175313,20,0.176376587280336,0.0552244617064024,0.0681366423357876,0.284616532224885,FALSE,1.74737139843124,66.3280806954508,"83a8890c9bd54b31ca0a35c09670b06c2135cbfd5512632ef57454e326b2680b"
"12-23",71.7838105722387,20,0.177464352973166,0.0556589605656043,0.0683727902645814,0.28655591568175,FALSE,1.74737139843124,66.3280806954508,"83a8890c9bd54b31ca0a35c09670b06c2135cbfd5512632ef57454e326b2680b"
"12-23",72.0206664269461,20,0.178562084232825,0.0561062718924834,0.0685937913235578,0.288530377142093,FALSE,1.74737139843124,66.3280806954508,"83a8890c9bd54b31ca0a35c09670b06c2135cbfd5512632ef57454e326b2680b"
"12-23",72.2575222816534,20,0.179669678321512,0.0565665225935847,0.0687992940380863,0.290540062604938,FALSE,1.74737139843124,66.3280806954508,"83a8890c9bd54b31ca0a35c09670b06c2135cbfd5512632ef57454e326b2680b"
"12-23",72.4943781363608,20,0.180787032501424,0.0570398264174378,0.0689889727232465,0.292585092279602,FALSE,1.74737139843124,66.3280806954508,"83a8890c9bd54b31ca0a35c09670b06c2135cbfd5512632ef57454e326b2680b"
"12-23",72.7312339910682,20,0.181914044034759,0.0575262840234473,0.0691625273488028,0.294665560720716,FALSE,1.74737139843124,66.3280806954508,"83a8890c9bd54b31ca0a35c09670b06c2135cbfd5512632ef57454e326b2680b"
"12-23",72.9680898457755,20,0.183050610183715,0.0580259830917036,0.0693196833239757,0.296781537043454,FALSE,1.74737139843124,66.3280806954508,"83a8890c9bd54b31ca0a35c09670b06c2135cbfd5512632ef57454e326b2680b"
"12-23",73.2049457004829,20,0.184196628210488,0.058538998471666,0.0694601912060231,0.298933065214954,FALSE,1.74737139843124,66.3280806954508,"83a8890c9bd54b31ca0a35c09670b06c2135cbfd5512632ef57454e326b2680b"
"12-23",73.4418015551903,20,0.185351995377277,0.0590653923674498,0.0695838263370758,0.301120164417479,FALSE,1.74737139843124,66.3280806954508,"83a8890c9bd54b31ca0a35c09670b06c2135cbfd5512632ef57454e326b2680b"
"12-23",73.6786574098976,20,0.18651660894628,0.0596052145572643,0.069690388414042,0.303342829478518,FALSE,1.74737139843124,66.3280806954508,"83a8890c9bd54b31ca0a35c09670b06c2135cbfd5512632ef57454e326b2680b"
"12-23",73.915513264605,20,0.187690366179693,0.0601585026443927,0.0697797009966838,0.305601031362703,FALSE,1.74737139843124,66.3280806954508,"83a8890c9bd54b31ca0a35c09670b06c2135cbfd5512632ef57454e326b2680b"
"12-23",74.1523691193123,20,0.188873164339716,0.0607252823369925,0.0698516109592103,0.307894717720221,FALSE,1.74737139843124,66.3280806954508,"83a8890c9bd54b31ca0a35c09670b06c2135cbfd5512632ef57454e326b2680b"
"12-23",74.3892249740197,20,0.190064900688544,0.0613055677539101,0.0699059878908799,0.310223813486208,FALSE,1.74737139843124,66.3280806954508,"83a8890c9bd54b31ca0a35c09670b06c2135cbfd5512632ef57454e326b2680b"
"12-23",74.6260808287271,20,0.191265472488376,0.0618993617536561,0.0699427234512101,0.312588221525542,FALSE,1.74737139843124,66.3280806954508,"83a8890c9bd54b31ca0a35c09670b06c2135cbfd5512632ef57454e326b2680b"
"12-23",74.8629366834344,20,0.192474777001409,0.0625066562836696,0.069961730685417,0.314987823317402,FALSE,1.74737139843124,66.3280806954508,"83a8890c9bd54b31ca0a35c09670b06c2135cbfd5512632ef57454e326b2680b"
"12-23",75.0997925381418,20,0.193692711489842,0.0631274327470187,0.0699629433056856,0.317422479673999,FALSE,1.74737139843124,66.3280806954508,"83a8890c9bd54b31ca0a35c09670b06c2135cbfd5512632ef57454e326b2680b"
"12-23",75.3366483928492,20,0.194919173215872,0.0637616623837211,0.0699463149437782,0.319892031487965,FALSE,1.74737139843124,66.3280806954508,"83a8890c9bd54b31ca0a35c09670b06c2135cbfd5512632ef57454e326b2680b"
"12-23",75.5735042475565,20,0.196154059441695,0.0644093066639417,0.0699118183803696,0.322396300503021,FALSE,1.74737139843124,66.3280806954508,"83a8890c9bd54b31ca0a35c09670b06c2135cbfd5512632ef57454e326b2680b"
"12-23",75.8103601022639,20,0.197397267429511,0.0650703176904114,0.0698594447563047,0.324935090102718,FALSE,1.74737139843124,66.3280806954508,"83a8890c9bd54b31ca0a35c09670b06c2135cbfd5512632ef57454e326b2680b"
"12-23",76.0472159569712,20,0.198648694441517,0.0657446386075242,0.0697892027707693,0.327508186112264,FALSE,1.74737139843124,66.3280806954508,"83a8890c9bd54b31ca0a35c09670b06c2135cbfd5512632ef57454e326b2680b"
"12-23",76.2840718116786,20,0.199908237739909,0.0664322040146937,0.0697011178711095,0.330115357608709,FALSE,1.74737139843124,66.3280806954508,"83a8890c9bd54b31ca0a35c09670b06c2135cbfd5512632ef57454e326b2680b"
"12-23",76.520927666386,20,0.201175794586887,0.067132940381696,0.0695952314387626,0.332756357735011,FALSE,1.74737139843124,66.3280806954508,"83a8890c9bd54b31ca0a35c09670b06c2135cbfd5512632ef57454e326b2680b"
"12-23",76.7577835210933,20,0.202451262244647,0.0678467664638704,0.0694715999754609,0.335430924513833,FALSE,1.74737139843124,66.3280806954508,"83a8890c9bd54b31ca0a35c09670b06c2135cbfd5512632ef57454e326b2680b"
"12-23",76.9946393758007,20,0.203734537975387,0.0685735937152154,0.0693302942935648,0.338138781657209,FALSE,1.74737139843124,66.3280806954508,"83a8890c9bd54b31ca0a35c09670b06c2135cbfd5512632ef57454e326b2680b"
"12-23",77.2314952305081,20,0.205025519041305,0.0693133266975777,0.0691713987140529,0.340879639368557,FALSE,1.74737139843124,66.3280806954508,"83a8890c9bd54b31ca0a35c09670b06c2135cbfd5512632ef57454e326b2680b"
"12-23",77.4683510852154,20,0.206324102704598,0.0700658634842995,0.0689950102753713,0.343653195133825,FALSE,1.74737139843124,66.3280806954508,"83a8890c9bd54b31ca0a35c09670b06c2135cbfd5512632ef57454e326b2680b"
"12-23",77.7052069399228,20,0.207630186227465,0.0708310960568592,0.0688012379560207,0.346459134498909,FALSE,1.74737139843124,66.3280806954508,"83a8890c9bd54b31ca0a35c09670b06c2135cbfd5512632ef57454e326b2680b"
"12-23",77.9420627946301,20,0.208943666872102,0.0716089106932021,0.0685902019134258,0.349297131830778,FALSE,1.74737139843124,66.3280806954508,"83a8890c9bd54b31ca0a35c09670b06c2135cbfd5512632ef57454e326b2680b"
"12-23",78.1789186493375,20,0.210264441900707,0.0723991883466242,0.0683620327413237,0.352166851060091,FALSE,1.74737139843124,66.3280806954508,"83a8890c9bd54b31ca0a35c09670b06c2135cbfd5512632ef57454e326b2680b"
"12-23",78.4157745040449,20,0.211592408575478,0.0732018050142271,0.0681168707475933,0.355067946403363,FALSE,1.74737139843124,66.3280806954508,"83a8890c9bd54b31ca0a35c09670b06c2135cbfd5512632ef57454e326b2680b"
"12-23",78.6526303587522,20,0.212927464158613,0.0740166320941116,0.0678548652541545,0.358000063063072,FALSE,1.74737139843124,66.3280806954508,"83a8890c9bd54b31ca0a35c09670b06c2135cbfd5512632ef57454e326b2680b"
"12-23",78.8894862134596,20,0.214269505912309,0.0748435367306254,0.0675761739202836,0.360962837904335,FALSE,1.74737139843124,66.3280806954508,"83a8890c9bd54b31ca0a35c09670b06c2135cbfd5512632ef57454e326b2680b"
"12-23",79.126342068167,20,0.215618431098764,0.0756823821471102,0.067280962090428,0.3639559001071,FALSE,1.74737139843124,66.3280806954508,"83a8890c9bd54b31ca0a35c09670b06c2135cbfd5512632ef57454e326b2680b"
"12-23",79.3631979228743,20,0.216974136980175,0.0765330279657255,0.0669694021673534,0.366978871792997,FALSE,1.74737139843124,66.3280806954508,"83a8890c9bd54b31ca0a35c09670b06c2135cbfd5512632ef57454e326b2680b"
"12-23",79.6000537775817,20,0.218336520818741,0.0773953305140384,0.0666416730112255,0.370031368626256,FALSE,1.74737139843124,66.3280806954508,"83a8890c9bd54b31ca0a35c09670b06c2135cbfd5512632ef57454e326b2680b"
"12-23",79.836909632289,20,0.219705479876658,0.0782691431181815,0.066297959365022,0.373113000388293,FALSE,1.74737139843124,66.3280806954508,"83a8890c9bd54b31ca0a35c09670b06c2135cbfd5512632ef57454e326b2680b"
"12-23",80.0737654869964,20,0.221080911416124,0.0791543163824759,0.0659384513064713,0.376223371525777,FALSE,1.74737139843124,66.3280806954508,"83a8890c9bd54b31ca0a35c09670b06c2135cbfd5512632ef57454e326b2680b"
"12-23",80.3106213417038,20,0.222462712699337,0.0800506984555068,0.0655633437265439,0.379362081672131,FALSE,1.74737139843124,66.3280806954508,"83a8890c9bd54b31ca0a35c09670b06c2135cbfd5512632ef57454e326b2680b"
"12-23",80.5474771964111,20,0.223850780988495,0.0809581352827198,0.0651728358343646,0.382528726142626,FALSE,1.74737139843124,66.3280806954508,"83a8890c9bd54b31ca0a35c09670b06c2135cbfd5512632ef57454e326b2680b"
"12-23",80.7843330511185,20,0.225245013545795,0.0818764708456726,0.0647671306882772,0.385722896403314,FALSE,1.74737139843124,66.3280806954508,"83a8890c9bd54b31ca0a35c09670b06c2135cbfd5512632ef57454e326b2680b"
"12-23",81.0211889058259,20,0.226645307633435,0.0828055473881466,0.0643464347526681,0.388944180514203,FALSE,1.74737139843124,66.3280806954508,"83a8890c9bd54b31ca0a35c09670b06c2135cbfd5512632ef57454e326b2680b"
"12-23",81.2580447605332,20,0.228051560513613,0.083745205629367,0.0639109574800535,0.392192163547172,FALSE,1.74737139843124,66.3280806954508,"83a8890c9bd54b31ca0a35c09670b06c2135cbfd5512632ef57454e326b2680b"
"12-23",81.4949006152406,20,0.229463669448525,0.0846952849646348,0.063460910917841,0.39546642797921,FALSE,1.74737139843124,66.3280806954508,"83a8890c9bd54b31ca0a35c09670b06c2135cbfd5512632ef57454e326b2680b"
"12-23",81.731756469948,20,0.230881531700371,0.0856556236537075,0.0629965093391039,0.398766554061637,FALSE,1.74737139843124,66.3280806954508,"83a8890c9bd54b31ca0a35c09670b06c2135cbfd5512632ef57454e326b2680b"
"12-23",81.9686123246553,20,0.232305044531346,0.0866260589972988,0.0625179688966406,0.402092120166052,FALSE,1.74737139843124,66.3280806954508,"83a8890c9bd54b31ca0a35c09670b06c2135cbfd5512632ef57454e326b2680b"
"12-23",82.2054681793627,20,0.23373410520365,0.0876064275020956,0.0620255072995425,0.405442703107757,FALSE,1.74737139843124,66.3280806954508,"83a8890c9bd54b31ca0a35c09670b06c2135cbfd5512632ef57454e326b2680b"
"12-23",82.44232403407,20,0.235168610979479,0.0885965650347073,0.0615193435114529,0.408817878447505,FALSE,1.74737139843124,66.3280806954508,"83a8890c9bd54b31ca0a35c09670b06c2135cbfd5512632ef57454e326b2680b"
"12-23",82.6791798887774,20,0.236608459121032,0.089596306964979,0.0609996974696729,0.41221722077239,FALSE,1.74737139843124,66.3280806954508,"83a8890c9bd54b31ca0a35c09670b06c2135cbfd5512632ef57454e326b2680b"
"12-23",82.9160357434848,20,0.238053546890505,0.0906054882991124,0.0604667898242449,0.415640303956765,FALSE,1.74737139843124,66.3280806954508,"83a8890c9bd54b31ca0a35c09670b06c2135cbfd5512632ef57454e326b2680b"
"12-23",83.1528915981921,20,0.239503771550097,0.0916239438030404,0.0599208416961378,0.419086701404056,FALSE,1.74737139843124,66.3280806954508,"83a8890c9bd54b31ca0a35c09670b06c2135cbfd5512632ef57454e326b2680b"
"12-23",83.3897474528995,20,0.240959030362005,0.0926515081165082,0.0593620744536489,0.422555986270361,FALSE,1.74737139843124,66.3280806954508,"83a8890c9bd54b31ca0a35c09670b06c2135cbfd5512632ef57454e326b2680b"
"12-23",83.6266033076069,20,0.242419220588427,0.0936880158583092,0.0587907095061409,0.426047731670713,FALSE,1.74737139843124,66.3280806954508,"83a8890c9bd54b31ca0a35c09670b06c2135cbfd5512632ef57454e326b2680b"
"12-23",83.8634591623142,20,0.24388423949156,0.0947333017231232,0.0582069681142387,0.429561510868882,FALSE,1.74737139843124,66.3280806954508,"83a8890c9bd54b31ca0a35c09670b06c2135cbfd5512632ef57454e326b2680b"
"12-23",84.1003150170216,20,0.245353984333602,0.0957872005703973,0.0576110712156238,0.433096897451581,FALSE,1.74737139843124,66.3280806954508,"83a8890c9bd54b31ca0a35c09670b06c2135cbfd5512632ef57454e326b2680b"
"12-23",84.3371708717289,20,0.246828352376751,0.0968495475057016,0.0570032392655763,0.436653465487926,FALSE,1.74737139843124,66.3280806954508,"83a8890c9bd54b31ca0a35c09670b06c2135cbfd5512632ef57454e326b2680b"
"12-23",84.5740267264363,20,0.248307240883205,0.0979201779549817,0.0563836920914404,0.440230789674969,FALSE,1.74737139843124,66.3280806954508,"83a8890c9bd54b31ca0a35c09670b06c2135cbfd5512632ef57454e326b2680b"
"12-23",84.8108825811437,20,0.24979054711516,0.0989989277321212,0.0557526487602023,0.443828445470117,FALSE,1.74737139843124,66.3280806954508,"83a8890c9bd54b31ca0a35c09670b06c2135cbfd5512632ef57454e326b2680b"
"12-23",85.047738435851,20,0.251278168334814,0.10008563310021,0.0551103274584032,0.447446009211226,FALSE,1.74737139843124,66.3280806954508,"83a8890c9bd54b31ca0a35c09670b06c2135cbfd5512632ef57454e326b2680b"
"12-23",85.2845942905584,20,0.252770001804366,0.101180130826906,0.0544569453836302,0.451083058225103,FALSE,1.74737139843124,66.3280806954508,"83a8890c9bd54b31ca0a35c09670b06c2135cbfd5512632ef57454e326b2680b"
"12-23",85.5214501452658,20,0.254265944786013,0.102282258234264,0.0537927186468561,0.45473917092517,FALSE,1.74737139843124,66.3280806954508,"83a8890c9bd54b31ca0a35c09670b06c2135cbfd5512632ef57454e326b2680b"
"12-23",85.7583059999731,20,0.255765894541952,0.103391853243378,0.0531178621849317,0.458413926898973,FALSE,1.74737139843124,66.3280806954508,"83a8890c9bd54b31ca0a35c09670b06c2135cbfd5512632ef57454e326b2680b"
"12-23",85.9951618546805,20,0.257269748334381,0.104508754414195,0.0524325896825584,0.462106906986204,FALSE,1.74737139843124,66.3280806954508,"83a8890c9bd54b31ca0a35c09670b06c2135cbfd5512632ef57454e326b2680b"
"12-23",86.2320177093878,20,0.258777403425498,0.105632800980815,0.0517371135031011,0.465817693347896,FALSE,1.74737139843124,66.3280806954508,"83a8890c9bd54b31ca0a35c09670b06c2135cbfd5512632ef57454e326b2680b"
"12-23",86.4688735640952,20,0.260288757077501,0.106763832882586,0.0510316446276325,0.469545869527369,FALSE,1.74737139843124,66.3280806954508,"83a8890c9bd54b31ca0a35c09670b06c2135cbfd5512632ef57454e326b2680b"
"12-23",86.7057294188026,20,0.261803706552586,0.107901690791306,0.0503163926016255,0.473291020503546,FALSE,1.74737139843124,66.3280806954508,"83a8890c9bd54b31ca0a35c09670b06c2135cbfd5512632ef57454e326b2680b"
"12-23",86.9425852735099,20,0.263322149112952,0.1090462161348,0.0495915654887438,0.47705273273716,FALSE,1.74737139843124,66.3280806954508,"83a8890c9bd54b31ca0a35c09670b06c2135cbfd5512632ef57454e326b2680b"
"12-23",87.1794411282173,20,0.264843982020796,0.110197251117137,0.0488573698312077,0.480830594210383,FALSE,1.74737139843124,66.3280806954508,"83a8890c9bd54b31ca0a35c09670b06c2135cbfd5512632ef57454e326b2680b"
"12-23",87.4162969829247,20,0.266369102538316,0.111354638735753,0.0481140106162394,0.484624194460392,FALSE,1.74737139843124,66.3280806954508,"83a8890c9bd54b31ca0a35c09670b06c2135cbfd5512632ef57454e326b2680b"
"12-23",87.653152837632,20,0.267897407927709,0.112518222795707,0.0473616912481222,0.488433124607295,FALSE,1.74737139843124,66.3280806954508,"83a8890c9bd54b31ca0a35c09670b06c2135cbfd5512632ef57454e326b2680b"
"12-23",87.8900086923394,20,0.269428795451173,0.113687847921297,0.0466006135254321,0.492256977376914,FALSE,1.74737139843124,66.3280806954508,"83a8890c9bd54b31ca0a35c09670b06c2135cbfd5512632ef57454e326b2680b"
"12-23",88.1268645470468,20,0.270963162370907,0.114863359565244,0.0458309776230282,0.496095347118785,FALSE,1.74737139843124,66.3280806954508,"83a8890c9bd54b31ca0a35c09670b06c2135cbfd5512632ef57454e326b2680b"
"12-23",88.3637204017541,20,0.272500405949106,0.11604460401566,0.0450529820784119,0.4999478298198,FALSE,1.74737139843124,66.3280806954508,"83a8890c9bd54b31ca0a35c09670b06c2135cbfd5512632ef57454e326b2680b"
"12-23",88.6005762564615,20,0.27404042344797,0.11723142840096,0.0442668237820883,0.503814023113851,FALSE,1.74737139843124,66.3280806954508,"83a8890c9bd54b31ca0a35c09670b06c2135cbfd5512632ef57454e326b2680b"
"12-23",88.8374321111688,20,0.275583112129695,0.118423680692911,0.0434726979715895,0.5076935262878,FALSE,1.74737139843124,66.3280806954508,"83a8890c9bd54b31ca0a35c09670b06c2135cbfd5512632ef57454e326b2680b"
"12-23",89.0742879658762,20,0.277128369256479,0.119621209707982,0.0426707982288353,0.511585940284123,FALSE,1.74737139843124,66.3280806954508,"83a8890c9bd54b31ca0a35c09670b06c2135cbfd5512632ef57454e326b2680b"
"12-23",89.3111438205836,20,0.278676092090521,0.120823865107135,0.0418613164805355,0.515490867700506,FALSE,1.74737139843124,66.3280806954508,"83a8890c9bd54b31ca0a35c09670b06c2135cbfd5512632ef57454e326b2680b"
"12-23",89.5479996752909,20,0.280226177894016,0.122031497394217,0.0410444430013511,0.519407912786682,FALSE,1.74737139843124,66.3280806954508,"83a8890c9bd54b31ca0a35c09670b06c2135cbfd5512632ef57454e326b2680b"
"12-23",89.7848555299983,20,0.281778523929164,0.123243957913067,0.0402203664195531,0.523336681438776,FALSE,1.74737139843124,66.3280806954508,"83a8890c9bd54b31ca0a35c09670b06c2135cbfd5512632ef57454e326b2680b"
"12-23",90.0217113847057,20,0.283333027458162,0.124461098843481,0.0393892737249385,0.527276781191386,FALSE,1.74737139843124,66.3280806954508,"83a8890c9bd54b31ca0a35c09670b06c2135cbfd5512632ef57454e326b2680b"
"12-23",90.258567239413,20,0.284889585743207,0.125682773196139,0.038551350278774,0.531227821207641,FALSE,1.74737139843124,66.3280806954508,"83a8890c9bd54b31ca0a35c09670b06c2135cbfd5512632ef57454e326b2680b"
"12-23",90.4954230941204,20,0.286448096046498,0.126908834806601,0.0377067798255603,0.535189412267435,FALSE,1.74737139843124,66.3280806954508,"83a8890c9bd54b31ca0a35c09670b06c2135cbfd5512632ef57454e326b2680b"
"12-23",90.7322789488277,20,0.28800845563023,0.128139138328475,0.0368557445064195,0.539161166754041,FALSE,1.74737139843124,66.3280806954508,"83a8890c9bd54b31ca0a35c09670b06c2135cbfd5512632ef57454e326b2680b"
"12-23",90.9691348035351,20,0.289570561756604,0.129373539225856,0.0359984248739266,0.543142698639281,FALSE,1.74737139843124,66.3280806954508,"83a8890c9bd54b31ca0a35c09670b06c2135cbfd5512632ef57454e326b2680b"
"12-23",91.2059906582425,20,0.291134311687815,0.130611893765101,0.0351349999082172,0.547133623467412,FALSE,1.74737139843124,66.3280806954508,"83a8890c9bd54b31ca0a35c09670b06c2135cbfd5512632ef57454e326b2680b"
"12-23",91.4428465129498,20,0.292699602686061,0.131854059006043,0.0342656470342171,0.551133558337906,FALSE,1.74737139843124,66.3280806954508,"83a8890c9bd54b31ca0a35c09670b06c2135cbfd5512632ef57454e326b2680b"
"12-23",91.6797023676572,20,0.294266332013541,0.1330998927927,0.0333905421398498,0.555142121887233,FALSE,1.74737139843124,66.3280806954508,"83a8890c9bd54b31ca0a35c09670b06c2135cbfd5512632ef57454e326b2680b"
"12-23",91.9165582223646,20,0.295834396932452,0.134349253743551,0.0325098595950916,0.559158934269812,FALSE,1.74737139843124,66.3280806954508,"83a8890c9bd54b31ca0a35c09670b06c2135cbfd5512632ef57454e326b2680b"
"12-23",92.1534140770719,20,0.297403694704991,0.135602001241448,0.0316237722717527,0.563183617138229,FALSE,1.74737139843124,66.3280806954508,"83a8890c9bd54b31ca0a35c09670b06c2135cbfd5512632ef57454e326b2680b"
"12-23",92.3902699317793,20,0.298974122593356,0.136857995423207,0.0307324515638709,0.567215793622841,FALSE,1.74737139843124,66.3280806954508,"83a8890c9bd54b31ca0a35c09670b06c2135cbfd5512632ef57454e326b2680b"
"12-23",92.6271257864866,20,0.300545577859745,0.138117097168942,0.029836067408618,0.571255088310872,FALSE,1.74737139843124,66.3280806954508,"83a8890c9bd54b31ca0a35c09670b06c2135cbfd5512632ef57454e326b2680b"
"12-23",92.863981641194,20,0.302117957766355,0.13937916809119,0.0289347883076226,0.575301127225088,FALSE,1.74737139843124,66.3280806954508,"83a8890c9bd54b31ca0a35c09670b06c2135cbfd5512632ef57454e326b2680b"
"12-23",93.1008374959014,20,0.303691159575384,0.140644070523857,0.0280287813486237,0.579353537802145,FALSE,1.74737139843124,66.3280806954508,"83a8890c9bd54b31ca0a35c09670b06c2135cbfd5512632ef57454e326b2680b"
"12-23",93.3376933506087,20,0.30526508054903,0.141911667511047,0.0271182122273773,0.583411948870683,FALSE,1.74737139843124,66.3280806954508,"83a8890c9bd54b31ca0a35c09670b06c2135cbfd5512632ef57454e326b2680b"
"12-23",93.5745492053161,20,0.30683961794949,0.14318182279579,0.0262032452697411,0.587475990629239,FALSE,1.74737139843124,66.3280806954508,"83a8890c9bd54b31ca0a35c09670b06c2135cbfd5512632ef57454e326b2680b"
"12-23",93.8114050600235,20,0.308414669038962,0.144454400808717,0.0252840434538756,0.591545294624048,FALSE,1.74737139843124,66.3280806954508,"83a8890c9bd54b31ca0a35c09670b06c2135cbfd5512632ef57454e326b2680b"
"12-23",94.0482609147308,20,0.309990131079643,0.145729266656707,0.0243607684324977,0.595619493726789,FALSE,1.74737139843124,66.3280806954508,"83a8890c9bd54b31ca0a35c09670b06c2135cbfd5512632ef57454e326b2680b"
"12-23",94.2851167694382,20,0.311565901333732,0.147006286111529,0.0234335805551353,0.599698222112328,FALSE,1.74737139843124,66.3280806954508,"83a8890c9bd54b31ca0a35c09670b06c2135cbfd5512632ef57454e326b2680b"
"12-23",94.5219726241455,20,0.313141877063425,0.148285325598517,0.0225026388903324,0.603781115236517,FALSE,1.74737139843124,66.3280806954508,"83a8890c9bd54b31ca0a35c09670b06c2135cbfd5512632ef57454e326b2680b"
"12-23",94.7588284788529,20,0.31471795553092,0.149566252185286,0.0215681012477604,0.60786780981408,FALSE,1.74737139843124,66.3280806954508,"83a8890c9bd54b31ca0a35c09670b06c2135cbfd5512632ef57454e326b2680b"
"24-35",0.0164865959077473,20,-0.756938322649707,0.0702988299006572,-0.894724029254996,-0.619152616044419,FALSE,1.74574104390516,66.3446960305032,"83a8890c9bd54b31ca0a35c09670b06c2135cbfd5512632ef57454e326b2680b"
"24-35",0.25334245061511,20,-0.746016322599843,0.0691766859744333,-0.881602627109732,-0.610430018089953,FALSE,1.74574104390516,66.3446960305032,"83a8890c9bd54b31ca0a35c09670b06c2135cbfd5512632ef57454e326b2680b"
"24-35",0.490198305322473,20,-0.735095967007182,0.0680553415673783,-0.868484436479244,-0.601707497535121,FALSE,1.74574104390516,66.3446960305032,"83a8890c9bd54b31ca0a35c09670b06c2135cbfd5512632ef57454e326b2680b"
"24-35",0.727054160029836,20,-0.724178900328929,0.0669350656213264,-0.855371628946729,-0.59298617171113,FALSE,1.74574104390516,66.3446960305032,"83a8890c9bd54b31ca0a35c09670b06c2135cbfd5512632ef57454e326b2680b"
"24-35",0.963910014737199,20,-0.713266767022289,0.0658161268276441,-0.842266375604471,-0.584267158440106,FALSE,1.74574104390516,66.3446960305032,"83a8890c9bd54b31ca0a35c09670b06c2135cbfd5512632ef57454e326b2680b"
"24-35",1.20076586944456,20,-0.702361211544463,0.0646987935888182,-0.829170846978547,-0.575551576110379,FALSE,1.74574104390516,66.3446960305032,"83a8890c9bd54b31ca0a35c09670b06c2135cbfd5512632ef57454e326b2680b"
"24-35",1.43762172415192,20,-0.691463878352657,0.0635833339782554,-0.816087212950038,-0.566840543755277,FALSE,1.74574104390516,66.3446960305032,"83a8890c9bd54b31ca0a35c09670b06c2135cbfd5512632ef57454e326b2680b"
"24-35",1.67447757885929,20,-0.680576411904075,0.0624700156981369,-0.803017642672423,-0.558135181135727,FALSE,1.74574104390516,66.3446960305032,"83a8890c9bd54b31ca0a35c09670b06c2135cbfd5512632ef57454e326b2680b"
"24-35",1.74574104390516,20,-0.677302847997414,0.0621355077846447,-0.799088443255318,-0.555517252739511,TRUE,1.74574104390516,66.3446960305032,"83a8890c9bd54b31ca0a35c09670b06c2135cbfd5512632ef57454e326b2680b"
"24-35",1.91133343356665,20,-0.66970045665592,0.0613591060351587,-0.789964304484831,-0.549436608827009,TRUE,1.74574104390516,66.3446960305032,"83a8890c9bd54b31ca0a35c09670b06c2135cbfd5512632ef57454e326b2680b"
"24-35",2.14818928827401,20,-0.658837657065397,0.0602508718139761,-0.77692936582079,-0.540745948310004,TRUE,1.74574104390516,66.3446960305032,"83a8890c9bd54b31ca0a35c09670b06c2135cbfd5512632ef57454e326b2680b"
"24-35",2.38504514298138,20,-0.647989657589709,0.0591455793481559,-0.763914993112094,-0.532064322067323,TRUE,1.74574104390516,66.3446960305032,"83a8890c9bd54b31ca0a35c09670b06c2135cbfd5512632ef57454e326b2680b"
"24-35",2.62190099768874,20,-0.63715810268606,0.0580434943884274,-0.750923351687377,-0.523392853684742,TRUE,1.74574104390516,66.3446960305032,"83a8890c9bd54b31ca0a35c09670b06c2135cbfd5512632ef57454e326b2680b"
"24-35",2.8587568523961,20,-0.626344636811654,0.0569448820680051,-0.737956605664944,-0.514732667958363,TRUE,1.74574104390516,66.3446960305032,"83a8890c9bd54b31ca0a35c09670b06c2135cbfd5512632ef57454e326b2680b"
"24-35",3.09561270710346,20,-0.615550904423695,0.055850006844739,-0.725016917839383,-0.506084891008006,TRUE,1.74574104390516,66.3446960305032,"83a8890c9bd54b31ca0a35c09670b06c2135cbfd5512632ef57454e326b2680b"
"24-35",3.33246856181083,20,-0.604778549979387,0.0547591324398298,-0.712106449561453,-0.49745065039732,TRUE,1.74574104390516,66.3446960305032,"83a8890c9bd54b31ca0a35c09670b06c2135cbfd5512632ef57454e326b2680b"
"24-35",3.56932441651819,20,-0.594029217935934,0.0536725217728251,-0.699227360610671,-0.488831075261196,TRUE,1.74574104390516,66.3446960305032,"83a8890c9bd54b31ca0a35c09670b06c2135cbfd5512632ef57454e326b2680b"
"24-35",3.80618027122555,20,-0.583304552750539,0.05259043689259,-0.686381809060016,-0.480227296441063,TRUE,1.74574104390516,66.3446960305032,"83a8890c9bd54b31ca0a35c09670b06c2135cbfd5512632ef57454e326b2680b"
"24-35",4.04303612593292,20,-0.572606198880408,0.0515131389039218,-0.673571951132094,-0.471640446628721,TRUE,1.74574104390516,66.3446960305032,"83a8890c9bd54b31ca0a35c09670b06c2135cbfd5512632ef57454e326b2680b"
"24-35",4.27989198064028,20,-0.561935800782742,0.0504408878894511,-0.660799941046066,-0.463071660519418,TRUE,1.74574104390516,66.3446960305032,"83a8890c9bd54b31ca0a35c09670b06c2135cbfd5512632ef57454e326b2680b"
"24-35",4.51674783534764,20,-0.551295002914748,0.0493739428264429,-0.648067930854576,-0.45452207497492,TRUE,1.74574104390516,66.3446960305032,"83a8890c9bd54b31ca0a35c09670b06c2135cbfd5512632ef57454e326b2680b"
"24-35",4.753603690055,20,-0.540685449733628,0.0483125614980811,-0.635378070269867,-0.445992829197389,TRUE,1.74574104390516,66.3446960305032,"83a8890c9bd54b31ca0a35c09670b06c2135cbfd5512632ef57454e326b2680b"
"24-35",4.99045954476237,20,-0.530108785696586,0.0472570003987839,-0.622732506478203,-0.43748506491497,TRUE,1.74574104390516,66.3446960305032,"83a8890c9bd54b31ca0a35c09670b06c2135cbfd5512632ef57454e326b2680b"
"24-35",5.22731539946973,20,-0.519566655260827,0.0462075146330636,-0.610133383941631,-0.428999926580022,TRUE,1.74574104390516,66.3446960305032,"83a8890c9bd54b31ca0a35c09670b06c2135cbfd5512632ef57454e326b2680b"
"24-35",5.46417125417709,20,-0.509060702883553,0.045164357807401,-0.597582844186059,-0.420538561581048,TRUE,1.74574104390516,66.3446960305032,"83a8890c9bd54b31ca0a35c09670b06c2135cbfd5512632ef57454e326b2680b"
"24-35",5.70102710888446,20,-0.49859257302197,0.0441277819145658,-0.585083025574519,-0.412102120469421,TRUE,1.74574104390516,66.3446960305032,"83a8890c9bd54b31ca0a35c09670b06c2135cbfd5512632ef57454e326b2680b"
"24-35",5.93788296359182,20,-0.488163910133281,0.0430980372097641,-0.572636063064419,-0.403691757202144,TRUE,1.74574104390516,66.3446960305032,"83a8890c9bd54b31ca0a35c09670b06c2135cbfd5512632ef57454e326b2680b"
"24-35",6.17473881829918,20,-0.47777635867469,0.0420753720779463,-0.560244087947465,-0.395308629401915,TRUE,1.74574104390516,66.3446960305032,"83a8890c9bd54b31ca0a35c09670b06c2135cbfd5512632ef57454e326b2680b"
"24-35",6.41159467300655,20,-0.467431563103401,0.0410600328915533,-0.547909227570845,-0.386953898635956,TRUE,1.74574104390516,66.3446960305032,"83a8890c9bd54b31ca0a35c09670b06c2135cbfd5512632ef57454e326b2680b"
"24-35",6.64845052771391,20,-0.457131167876617,0.0400522638579211,-0.535633605038143,-0.378628730715092,TRUE,1.74574104390516,66.3446960305032,"83a8890c9bd54b31ca0a35c09670b06c2135cbfd5512632ef57454e326b2680b"
"24-35",6.88530638242127,20,-0.446876817451543,0.0390523068555022,-0.523419338888328,-0.370334296014759,TRUE,1.74574104390516,66.3446960305032,"83a8890c9bd54b31ca0a35c09670b06c2135cbfd5512632ef57454e326b2680b"
"24-35",7.12216223712863,20,-0.436670156285383,0.0380604012579912,-0.511268542751046,-0.362071769819721,TRUE,1.74574104390516,66.3446960305032,"83a8890c9bd54b31ca0a35c09670b06c2135cbfd5512632ef57454e326b2680b"
"24-35",7.359018091836,20,-0.426512828835341,0.0370767837453749,-0.499183324976275,-0.353842332694406,TRUE,1.74574104390516,66.3446960305032,"83a8890c9bd54b31ca0a35c09670b06c2135cbfd5512632ef57454e326b2680b"
"24-35",7.59587394654336,20,-0.416406479558619,0.0361016881008453,-0.487165788236276,-0.345647170880963,TRUE,1.74574104390516,66.3446960305032,"83a8890c9bd54b31ca0a35c09670b06c2135cbfd5512632ef57454e326b2680b"
"24-35",7.83272980125072,20,-0.406352752912424,0.0351353449924347,-0.475218029097596,-0.337487476727252,TRUE,1.74574104390516,66.3446960305032,"83a8890c9bd54b31ca0a35c09670b06c2135cbfd5512632ef57454e326b2680b"
"24-35",8.06958565595808,20,-0.396353293353957,0.0341779817381429,-0.463342137560717,-0.329364449147197,TRUE,1.74574104390516,66.3446960305032,"83a8890c9bd54b31ca0a35c09670b06c2135cbfd5512632ef57454e326b2680b"
"24-35",8.30644151066545,20,-0.386409745340424,0.0332298220532335,-0.451540196564761,-0.321279294116086,TRUE,1.74574104390516,66.3446960305032,"83a8890c9bd54b31ca0a35c09670b06c2135cbfd5512632ef57454e326b2680b"
"24-35",8.54329736537281,20,-0.376523753329028,0.0322910857782798,-0.439814281454456,-0.313233225203599,TRUE,1.74574104390516,66.3446960305032,"83a8890c9bd54b31ca0a35c09670b06c2135cbfd5512632ef57454e326b2680b"
"24-35",8.78015322008017,20,-0.366696961776973,0.0313619885864359,-0.428166459406387,-0.305227464147558,TRUE,1.74574104390516,66.3446960305032,"83a8890c9bd54b31ca0a35c09670b06c2135cbfd5512632ef57454e326b2680b"
"24-35",9.01700907478754,20,-0.356931015141463,0.030442741668302,-0.416598788811334,-0.297263241471591,TRUE,1.74574104390516,66.3446960305032,"83a8890c9bd54b31ca0a35c09670b06c2135cbfd5512632ef57454e326b2680b"
"24-35",9.2538649294949,20,-0.347227557879701,0.029533551392641,-0.405113318609278,-0.289341797150125,TRUE,1.74574104390516,66.3446960305032,"83a8890c9bd54b31ca0a35c09670b06c2135cbfd5512632ef57454e326b2680b"
"24-35",9.49072078420226,20,-0.337588234448893,0.0286346189410878,-0.393712087573425,-0.281464381324361,TRUE,1.74574104390516,66.3446960305032,"83a8890c9bd54b31ca0a35c09670b06c2135cbfd5512632ef57454e326b2680b"
"24-35",9.72757663890962,20,-0.328014689306241,0.0277461399148758,-0.382397123539398,-0.273632255073084,TRUE,1.74574104390516,66.3446960305032,"83a8890c9bd54b31ca0a35c09670b06c2135cbfd5512632ef57454e326b2680b"
"24-35",9.96443249361699,20,-0.31850856690895,0.0268683039114858,-0.371170442575462,-0.265846691242438,TRUE,1.74574104390516,66.3446960305032,"83a8890c9bd54b31ca0a35c09670b06c2135cbfd5512632ef57454e326b2680b"
"24-35",10.2012883483244,20,-0.309071511714224,0.026001294069004,-0.360034048089471,-0.258108975338976,TRUE,1.74574104390516,66.3446960305032,"83a8890c9bd54b31ca0a35c09670b06c2135cbfd5512632ef57454e326b2680b"
"24-35",10.4381442030317,20,-0.299705168179265,0.0251452865758626,-0.348989929867956,-0.250420406490575,TRUE,1.74574104390516,66.3446960305032,"83a8890c9bd54b31ca0a35c09670b06c2135cbfd5512632ef57454e326b2680b"
"24-35",10.6750000577391,20,-0.29041118076128,0.0243004501435239,-0.338040063042587,-0.242782298479973,TRUE,1.74574104390516,66.3446960305032,"83a8890c9bd54b31ca0a35c09670b06c2135cbfd5512632ef57454e326b2680b"
"24-35",10.9118559124464,20,-0.28119119391747,0.0234669454395706,-0.327186406979029,-0.235195980855912,TRUE,1.74574104390516,66.3446960305032,"83a8890c9bd54b31ca0a35c09670b06c2135cbfd5512632ef57454e326b2680b"
"24-35",11.1487117671538,20,-0.272046852105041,0.0226449244785755,-0.316430904083049,-0.227662800127033,TRUE,1.74574104390516,66.3446960305032,"83a8890c9bd54b31ca0a35c09670b06c2135cbfd5512632ef57454e326b2680b"
"24-35",11.3855676218612,20,-0.262979799781196,0.0218345299680552,-0.305775478518584,-0.220184121043808,TRUE,1.74574104390516,66.3446960305032,"83a8890c9bd54b31ca0a35c09670b06c2135cbfd5512632ef57454e326b2680b"
"24-35",11.6224234765685,20,-0.253991681403139,0.0210358946067663,-0.295222034832401,-0.212761327973878,TRUE,1.74574104390516,66.3446960305032,"83a8890c9bd54b31ca0a35c09670b06c2135cbfd5512632ef57454e326b2680b"
"24-35",11.8592793312759,20,-0.245084141428074,0.0202491403325877,-0.284772456479946,-0.205395826376202,TRUE,1.74574104390516,66.3446960305032,"83a8890c9bd54b31ca0a35c09670b06c2135cbfd5512632ef57454e326b2680b"
"24-35",12.0961351859833,20,-0.236258824313206,0.0194743775172575,-0.27442860424703,-0.198089044379381,TRUE,1.74574104390516,66.3446960305032,"83a8890c9bd54b31ca0a35c09670b06c2135cbfd5512632ef57454e326b2680b"
"24-35",12.3329910406906,20,-0.227517374515736,0.0187117041053056,-0.264192314562135,-0.190842434469337,TRUE,1.74574104390516,66.3446960305032,"83a8890c9bd54b31ca0a35c09670b06c2135cbfd5512632ef57454e326b2680b"
"24-35",12.569846895398,20,-0.218861436492871,0.0179612046946591,-0.254065397694403,-0.183657475291339,TRUE,1.74574104390516,66.3446960305032,"83a8890c9bd54b31ca0a35c09670b06c2135cbfd5512632ef57454e326b2680b"
"24-35",12.8067027501053,20,-0.210292654701813,0.0172229495565977,-0.244049635832745,-0.176535673570881,TRUE,1.74574104390516,66.3446960305032,"83a8890c9bd54b31ca0a35c09670b06c2135cbfd5512632ef57454e326b2680b"
"24-35",13.0435586048127,20,-0.201812673599767,0.0164969935930369,-0.234146781042119,-0.169478566157414,TRUE,1.74574104390516,66.3446960305032,"83a8890c9bd54b31ca0a35c09670b06c2135cbfd5512632ef57454e326b2680b"
"24-35",13.2804144595201,20,-0.193423137643936,0.0157833752295014,-0.224358553093759,-0.162487722194113,TRUE,1.74574104390516,66.3446960305032,"83a8890c9bd54b31ca0a35c09670b06c2135cbfd5512632ef57454e326b2680b"
"24-35",13.5172703142274,20,-0.185125691291525,0.0150821152426728,-0.214686637167163,-0.155564745415886,TRUE,1.74574104390516,66.3446960305032,"83a8890c9bd54b31ca0a35c09670b06c2135cbfd5512632ef57454e326b2680b"
"24-35",13.7541261689348,20,-0.176921978999737,0.0143932155220395,-0.205132681422934,-0.148711276576539,TRUE,1.74574104390516,66.3446960305032,"83a8890c9bd54b31ca0a35c09670b06c2135cbfd5512632ef57454e326b2680b"
"24-35",13.9909820236422,20,-0.168813645225776,0.0137166577659853,-0.195698294447107,-0.141928996004445,TRUE,1.74574104390516,66.3446960305032,"83a8890c9bd54b31ca0a35c09670b06c2135cbfd5512632ef57454e326b2680b"
"24-35",14.2278378783495,20,-0.160802334426846,0.0130524021136332,-0.186385042569567,-0.135219626284125,TRUE,1.74574104390516,66.3446960305032,"83a8890c9bd54b31ca0a35c09670b06c2135cbfd5512632ef57454e326b2680b"
"24-35",14.4646937330569,20,-0.152889691060152,0.0124003857149322,-0.177194447061419,-0.128584935058885,TRUE,1.74574104390516,66.3446960305032,"83a8890c9bd54b31ca0a35c09670b06c2135cbfd5512632ef57454e326b2680b"
"24-35",14.7015495877642,20,-0.145077359582896,0.0117605212428599,-0.168127981218902,-0.122026737946891,TRUE,1.74574104390516,66.3446960305032,"83a8890c9bd54b31ca0a35c09670b06c2135cbfd5512632ef57454e326b2680b"
"24-35",14.9384054424716,20,-0.137366984452284,0.011132695353218,-0.159187067344591,-0.115546901559977,TRUE,1.74574104390516,66.3446960305032,"83a8890c9bd54b31ca0a35c09670b06c2135cbfd5512632ef57454e326b2680b"
"24-35",15.175261297179,20,-0.129760210125518,0.0105167670993382,-0.150373073640221,-0.109147346610815,TRUE,1.74574104390516,66.3446960305032,"83a8890c9bd54b31ca0a35c09670b06c2135cbfd5512632ef57454e326b2680b"
"24-35",15.4121171518863,20,-0.122258681059803,0.00991256631108841,-0.141687311029536,-0.10283005109007,TRUE,1.74574104390516,66.3446960305032,"83a8890c9bd54b31ca0a35c09670b06c2135cbfd5512632ef57454e326b2680b"
"24-35",15.6489730065937,20,-0.114864041712343,0.00931989194987417,-0.133131029934096,-0.0965970534905893,TRUE,1.74574104390516,66.3446960305032,"83a8890c9bd54b31ca0a35c09670b06c2135cbfd5512632ef57454e326b2680b"
"24-35",15.8858288613011,20,-0.107577936540341,0.00873851045384441,-0.124705417029876,-0.090450456050806,TRUE,1.74574104390516,66.3446960305032,"83a8890c9bd54b31ca0a35c09670b06c2135cbfd5512632ef57454e326b2680b"
"24-35",16.1226847160084,20,-0.100402010001002,0.00816815409020901,-0.116411592017811,-0.084392427984192,TRUE,1.74574104390516,66.3446960305032,"83a8890c9bd54b31ca0a35c09670b06c2135cbfd5512632ef57454e326b2680b"
"24-35",16.3595405707158,20,-0.093337906551529,0.00760851933440555,-0.108250604446964,-0.0784252086560941,TRUE,1.74574104390516,66.3446960305032,"83a8890c9bd54b31ca0a35c09670b06c2135cbfd5512632ef57454e326b2680b"
"24-35",16.5963964254231,20,-0.0863872706491266,0.00705926529875319,-0.100223430634683,-0.0725511106635703,TRUE,1.74574104390516,66.3446960305032,"83a8890c9bd54b31ca0a35c09670b06c2135cbfd5512632ef57454e326b2680b"
"24-35",16.8332522801305,20,-0.0795517467509983,0.00652001223611635,-0.0923309707337863,-0.0667725227682103,TRUE,1.74574104390516,66.3446960305032,"83a8890c9bd54b31ca0a35c09670b06c2135cbfd5512632ef57454e326b2680b"
"24-35",17.0701081348379,20,-0.0728329793143484,0.00599034014686512,-0.084574046002204,-0.0610919126264927,TRUE,1.74574104390516,66.3446960305032,"83a8890c9bd54b31ca0a35c09670b06c2135cbfd5512632ef57454e326b2680b"
"24-35",17.3069639895452,20,-0.0662326127963804,0.00546978751994482,-0.0769533963354722,-0.0555118292572885,TRUE,1.74574104390516,66.3446960305032,"83a8890c9bd54b31ca0a35c09670b06c2135cbfd5512632ef57454e326b2680b"
"24-35",17.5438198442526,20,-0.0597522916542985,0.00495785024102586,-0.0694696781267092,-0.0500349051818878,TRUE,1.74574104390516,66.3446960305032,"83a8890c9bd54b31ca0a35c09670b06c2135cbfd5512632ef57454e326b2680b"
"24-35",17.78067569896,20,-0.0533936603453065,0.00445398070238156,-0.0621234625219743,-0.0446638581686386,TRUE,1.74574104390516,66.3446960305032,"83a8890c9bd54b31ca0a35c09670b06c2135cbfd5512632ef57454e326b2680b"
"24-35",18.0175315536673,20,-0.0471583633266085,0.0039575871502818,-0.0549152341411608,-0.0394014925120561,TRUE,1.74574104390516,66.3446960305032,"83a8890c9bd54b31ca0a35c09670b06c2135cbfd5512632ef57454e326b2680b"
"24-35",18.2543874083747,20,-0.041048045055408,0.00346803330641615,-0.0478453903359837,-0.0342506997748324,TRUE,1.74574104390516,66.3446960305032,"83a8890c9bd54b31ca0a35c09670b06c2135cbfd5512632ef57454e326b2680b"
"24-35",18.491243263082,20,-0.0350643499889095,0.00298463830082841,-0.0409142410585332,-0.0292144589192858,TRUE,1.74574104390516,66.3446960305032,"83a8890c9bd54b31ca0a35c09670b06c2135cbfd5512632ef57454e326b2680b"
"24-35",18.7280991177894,20,-0.0292089225843164,0.00250667695741281,-0.0341220094208455,-0.0242958357477873,TRUE,1.74574104390516,66.3446960305032,"83a8890c9bd54b31ca0a35c09670b06c2135cbfd5512632ef57454e326b2680b"
"24-35",18.9649549724968,20,-0.0234834072988329,0.00203338048788778,-0.027468833055093,-0.0194979815425729,TRUE,1.74574104390516,66.3446960305032,"83a8890c9bd54b31ca0a35c09670b06c2135cbfd5512632ef57454e326b2680b"
"24-35",19.2018108272041,20,-0.0178894099239917,0.00156393850756112,-0.0209547293988115,-0.0148240904491719,TRUE,1.74574104390516,66.3446960305032,"83a8890c9bd54b31ca0a35c09670b06c2135cbfd5512632ef57454e326b2680b"
"24-35",19.4386666819115,20,-0.012427192222745,0.00109753737853805,-0.0145783654846796,-0.0102760189608105,TRUE,1.74574104390516,66.3446960305032,"83a8890c9bd54b31ca0a35c09670b06c2135cbfd5512632ef57454e326b2680b"
"24-35",19.6755225366189,20,-0.00709535685751102,0.000633415721297656,-0.00833685167125442,-0.00585386204376761,TRUE,1.74574104390516,66.3446960305032,"83a8890c9bd54b31ca0a35c09670b06c2135cbfd5512632ef57454e326b2680b"
"24-35",19.9123783913262,20,-0.00189240393319941,0.000170857111686237,-0.00222728387210444,-0.00155752399429439,TRUE,1.74574104390516,66.3446960305032,"83a8890c9bd54b31ca0a35c09670b06c2135cbfd5512632ef57454e326b2680b"
"24-35",20,20,0,0,0,0,TRUE,1.74574104390516,66.3446960305032,"83a8890c9bd54b31ca0a35c09670b06c2135cbfd5512632ef57454e326b2680b"
"24-35",20.1492342460336,20,0.00318316644528084,0.000290810221928022,0.00261317841030192,0.00375315448025976,TRUE,1.74574104390516,66.3446960305032,"83a8890c9bd54b31ca0a35c09670b06c2135cbfd5512632ef57454e326b2680b"
"24-35",20.386090100741,20,0.00813285417302011,0.000752212571421798,0.00665851753303339,0.00960719081300684,TRUE,1.74574104390516,66.3446960305032,"83a8890c9bd54b31ca0a35c09670b06c2135cbfd5512632ef57454e326b2680b"
"24-35",20.6229459554483,20,0.0129581591451093,0.00121393023588158,0.0105788558827814,0.0153374624074372,TRUE,1.74574104390516,66.3446960305032,"83a8890c9bd54b31ca0a35c09670b06c2135cbfd5512632ef57454e326b2680b"
"24-35",20.8598018101557,20,0.0176605812566388,0.00167649730936047,0.0143746465302923,0.0209465159829854,TRUE,1.74574104390516,66.3446960305032,"83a8890c9bd54b31ca0a35c09670b06c2135cbfd5512632ef57454e326b2680b"
"24-35",21.096657664863,20,0.0222416204026996,0.00214040175175872,0.0180464329692525,0.0264368078361467,TRUE,1.74574104390516,66.3446960305032,"83a8890c9bd54b31ca0a35c09670b06c2135cbfd5512632ef57454e326b2680b"
"24-35",21.3335135195704,20,0.026702776478382,0.00260608572176437,0.0215948484637239,0.0318107044930402,TRUE,1.74574104390516,66.3446960305032,"83a8890c9bd54b31ca0a35c09670b06c2135cbfd5512632ef57454e326b2680b"
"24-35",21.5703693742778,20,0.0310455493787769,0.00307394614827333,0.0250206149281612,0.0370704838293926,TRUE,1.74574104390516,66.3446960305032,"83a8890c9bd54b31ca0a35c09670b06c2135cbfd5512632ef57454e326b2680b"
"24-35",21.8072252289851,20,0.035271438998975,0.00354433551503886,0.0283245413894988,0.0422183366084511,TRUE,1.74574104390516,66.3446960305032,"83a8890c9bd54b31ca0a35c09670b06c2135cbfd5512632ef57454e326b2680b"
"24-35",22.0440810836925,20,0.0393819452340668,0.00401756283242246,0.0315075220825188,0.0472563683856148,TRUE,1.74574104390516,66.3446960305032,"83a8890c9bd54b31ca0a35c09670b06c2135cbfd5512632ef57454e326b2680b"
"24-35",22.2809369383999,20,0.043378567979143,0.00449389476994852,0.0345705342300439,0.0521866017282421,TRUE,1.74574104390516,66.3446960305032,"83a8890c9bd54b31ca0a35c09670b06c2135cbfd5512632ef57454e326b2680b"
"24-35",22.5177927931072,20,0.0472628071292943,0.00497355692380918,0.0375146355586283,0.0570109786999603,TRUE,1.74574104390516,66.3446960305032,"83a8890c9bd54b31ca0a35c09670b06c2135cbfd5512632ef57454e326b2680b"
"24-35",22.7546486478146,20,0.0510361625796113,0.00545673519441815,0.0403409615985518,0.0617313635606709,TRUE,1.74574104390516,66.3446960305032,"83a8890c9bd54b31ca0a35c09670b06c2135cbfd5512632ef57454e326b2680b"
"24-35",22.991504502522,20,0.054700134225185,0.00594357725047007,0.0430507228142636,0.0663495456361063,TRUE,1.74574104390516,66.3446960305032,"83a8890c9bd54b31ca0a35c09670b06c2135cbfd5512632ef57454e326b2680b"
"24-35",23.2283603572293,20,0.0582562219611055,0.00643419405762032,0.0456452016081697,0.0708672423140413,TRUE,1.74574104390516,66.3446960305032,"83a8890c9bd54b31ca0a35c09670b06c2135cbfd5512632ef57454e326b2680b"
"24-35",23.4652162119367,20,0.0617059256824639,0.00692866145176846,0.0481257492369978,0.0752861021279301,TRUE,1.74574104390516,66.3446960305032,"83a8890c9bd54b31ca0a35c09670b06c2135cbfd5512632ef57454e326b2680b"
"24-35",23.702072066644,20,0.0650507452843505,0.00742702173891883,0.0504937826760696,0.0796077078926314,TRUE,1.74574104390516,66.3446960305032,"83a8890c9bd54b31ca0a35c09670b06c2135cbfd5512632ef57454e326b2680b"
"24-35",23.9389279213514,20,0.0682921806618564,0.00792928530563489,0.052750781462812,0.0838335798609008,TRUE,1.74574104390516,66.3446960305032,"83a8890c9bd54b31ca0a35c09670b06c2135cbfd5512632ef57454e326b2680b"
"24-35",24.1757837760588,20,0.0714317317100719,0.00843543222613592,0.0548982845468455,0.0879651788732983,TRUE,1.74574104390516,66.3446960305032,"83a8890c9bd54b31ca0a35c09670b06c2135cbfd5512632ef57454e326b2680b"
"24-35",24.4126396307661,20,0.0744708983240878,0.00894541385406029,0.0569378871701296,0.092003909478046,TRUE,1.74574104390516,66.3446960305032,"83a8890c9bd54b31ca0a35c09670b06c2135cbfd5512632ef57454e326b2680b"
"24-35",24.6494954854735,20,0.0774111803989949,0.00945915438879846,0.0588712377969499,0.0959511230010399,TRUE,1.74574104390516,66.3446960305032,"83a8890c9bd54b31ca0a35c09670b06c2135cbfd5512632ef57454e326b2680b"
"24-35",24.8863513401809,20,0.0802540778298836,0.00997655240805686,0.0607000351100922,0.0998081205496751,TRUE,1.74574104390516,66.3446960305032,"83a8890c9bd54b31ca0a35c09670b06c2135cbfd5512632ef57454e326b2680b"
"24-35",25.1232071948882,20,0.0830010905118446,0.0104974823599316,0.0624260250863787,0.10357615593731,TRUE,1.74574104390516,66.3446960305032,"83a8890c9bd54b31ca0a35c09670b06c2135cbfd5512632ef57454e326b2680b"
"24-35",25.3600630495956,20,0.0856537183399689,0.0110217960092383,0.0640509981618619,0.107256438518076,TRUE,1.74574104390516,66.3446960305032,"83a8890c9bd54b31ca0a35c09670b06c2135cbfd5512632ef57454e326b2680b"
"24-35",25.5969189043029,20,0.0882134612093467,0.0115493238341594,0.0655767864943943,0.110850135924299,TRUE,1.74574104390516,66.3446960305032,"83a8890c9bd54b31ca0a35c09670b06c2135cbfd5512632ef57454e326b2680b"
"24-35",25.8337747590103,20,0.090681819015069,0.0120798763704307,0.0670052613290249,0.114358376701113,TRUE,1.74574104390516,66.3446960305032,"83a8890c9bd54b31ca0a35c09670b06c2135cbfd5512632ef57454e326b2680b"
"24-35",26.0706306137177,20,0.0930602916522263,0.0126132455013041,0.0683383304696702,0.117782252834782,TRUE,1.74574104390516,66.3446960305032,"83a8890c9bd54b31ca0a35c09670b06c2135cbfd5512632ef57454e326b2680b"
"24-35",26.307486468425,20,0.0953503790159092,0.0131492056923984,0.0695779358588084,0.12112282217301,TRUE,1.74574104390516,66.3446960305032,"83a8890c9bd54b31ca0a35c09670b06c2135cbfd5512632ef57454e326b2680b"
"24-35",26.5443423231324,20,0.0975535810012085,0.0136875151712933,0.0707260512654737,0.124381110736943,TRUE,1.74574104390516,66.3446960305032,"83a8890c9bd54b31ca0a35c09670b06c2135cbfd5512632ef57454e326b2680b"
"24-35",26.7811981778398,20,0.0996713975032149,0.0142279170523517,0.0717846800806056,0.127558114925824,TRUE,1.74574104390516,66.3446960305032,"83a8890c9bd54b31ca0a35c09670b06c2135cbfd5512632ef57454e326b2680b"
"24-35",27.0180540325471,20,0.101705328417019,0.0147701404077709,0.0727558532177881,0.13065480361625,TRUE,1.74574104390516,66.3446960305032,"83a8890c9bd54b31ca0a35c09670b06c2135cbfd5512632ef57454e326b2680b"
"24-35",27.2549098872545,20,0.103656873637711,0.0153139012862894,0.0736416271165841,0.133672120158839,TRUE,1.74574104390516,66.3446960305032,"83a8890c9bd54b31ca0a35c09670b06c2135cbfd5512632ef57454e326b2680b"
"24-35",27.4917657419618,20,0.105527533060383,0.0158589036813162,0.0744440818450028,0.136610984275762,TRUE,1.74574104390516,66.3446960305032,"83a8890c9bd54b31ca0a35c09670b06c2135cbfd5512632ef57454e326b2680b"
"24-35",27.7286215966692,20,0.107318806580124,0.0164048404505139,0.0751653192971165,0.139472293863131,TRUE,1.74574104390516,66.3446960305032,"83a8890c9bd54b31ca0a35c09670b06c2135cbfd5512632ef57454e326b2680b"
"24-35",27.9654774513766,20,0.109032194092025,0.0169513941890729,0.0758074614814422,0.142256926702608,TRUE,1.74574104390516,66.3446960305032,"83a8890c9bd54b31ca0a35c09670b06c2135cbfd5512632ef57454e326b2680b"
"24-35",28.2023333060839,20,0.110669195491178,0.0174982380590639,0.0763726488954124,0.144965742086943,TRUE,1.74574104390516,66.3446960305032,"83a8890c9bd54b31ca0a35c09670b06c2135cbfd5512632ef57454e326b2680b"
"24-35",28.4391891607913,20,0.112231310672672,0.0180450365773601,0.0768630389810458,0.147599582364297,TRUE,1.74574104390516,66.3446960305032,"83a8890c9bd54b31ca0a35c09670b06c2135cbfd5512632ef57454e326b2680b"
"24-35",28.6760450154987,20,0.113720039531598,0.0185914463646907,0.0772808046568042,0.150159274406392,TRUE,1.74574104390516,66.3446960305032,"83a8890c9bd54b31ca0a35c09670b06c2135cbfd5512632ef57454e326b2680b"
"24-35",28.912900870206,20,0.115136881963047,0.0191371168584244,0.0776281329205356,0.152645631005559,TRUE,1.74574104390516,66.3446960305032,"83a8890c9bd54b31ca0a35c09670b06c2135cbfd5512632ef57454e326b2680b"
"24-35",29.1497567249134,20,0.11648333786211,0.0196816909916962,0.0779072235183859,0.155059452205835,TRUE,1.74574104390516,66.3446960305032,"83a8890c9bd54b31ca0a35c09670b06c2135cbfd5512632ef57454e326b2680b"
"24-35",29.3866125796207,20,0.117760907123878,0.0202248058414874,0.0781202876745624,0.157401526573193,TRUE,1.74574104390516,66.3446960305032,"83a8890c9bd54b31ca0a35c09670b06c2135cbfd5512632ef57454e326b2680b"
"24-35",29.6234684343281,20,0.11897108964344,0.0207660932482486,0.0782695468768729,0.159672632410007,TRUE,1.74574104390516,66.3446960305032,"83a8890c9bd54b31ca0a35c09670b06c2135cbfd5512632ef57454e326b2680b"
"24-35",29.8603242890355,20,0.120115385315888,0.0213051804096294,0.0783572317130143,0.161873538918762,TRUE,1.74574104390516,66.3446960305032,"83a8890c9bd54b31ca0a35c09670b06c2135cbfd5512632ef57454e326b2680b"
"24-35",30.0971801437428,20,0.121195294036312,0.021841690450844,0.0783855807526579,0.164005007319967,TRUE,1.74574104390516,66.3446960305032,"83a8890c9bd54b31ca0a35c09670b06c2135cbfd5512632ef57454e326b2680b"
"24-35",30.3340359984502,20,0.122212315699803,0.0223752429741617,0.0783568394704464,0.16606779192916,TRUE,1.74574104390516,66.3446960305032,"83a8890c9bd54b31ca0a35c09670b06c2135cbfd5512632ef57454e326b2680b"
"24-35",30.5708918531576,20,0.123167950201452,0.0229054545899781,0.0782732592050951,0.168062641197809,TRUE,1.74574104390516,66.3446960305032,"83a8890c9bd54b31ca0a35c09670b06c2135cbfd5512632ef57454e326b2680b"
"24-35",30.8077477078649,20,0.124063697436349,0.0234319394318816,0.0781370961498615,0.169990298722837,TRUE,1.74574104390516,66.3446960305032,"83a8890c9bd54b31ca0a35c09670b06c2135cbfd5512632ef57454e326b2680b"
"24-35",31.0446035625723,20,0.124901057299585,0.023954309658099,0.0779506103697112,0.17185150422946,TRUE,1.74574104390516,66.3446960305032,"83a8890c9bd54b31ca0a35c09670b06c2135cbfd5512632ef57454e326b2680b"
"24-35",31.2814594172796,20,0.125681529686251,0.0244721759416782,0.0777160648405618,0.17364699453194,TRUE,1.74574104390516,66.3446960305032,"83a8890c9bd54b31ca0a35c09670b06c2135cbfd5512632ef57454e326b2680b"
"24-35",31.518315271987,20,0.126406614491437,0.0249851479517397,0.0774357245060272,0.175377504476847,TRUE,1.74574104390516,66.3446960305032,"83a8890c9bd54b31ca0a35c09670b06c2135cbfd5512632ef57454e326b2680b"
"24-35",31.7551711266944,20,0.127077811610234,0.0254928348281234,0.077111855347112,0.177043767873356,TRUE,1.74574104390516,66.3446960305032,"83a8890c9bd54b31ca0a35c09670b06c2135cbfd5512632ef57454e326b2680b"
"24-35",31.9920269814017,20,0.127696620937732,0.0259948456517475,0.0767467234603071,0.178646518415157,TRUE,1.74574104390516,66.3446960305032,"83a8890c9bd54b31ca0a35c09670b06c2135cbfd5512632ef57454e326b2680b"
"24-35",32.2288828361091,20,0.128264542369023,0.0264907899130065,0.0763425941395303,0.180186490598516,TRUE,1.74574104390516,66.3446960305032,"83a8890c9bd54b31ca0a35c09670b06c2135cbfd5512632ef57454e326b2680b"
"24-35",32.4657386908165,20,0.128783075799197,0.0269802779805528,0.0759017309573133,0.18166442064108,TRUE,1.74574104390516,66.3446960305032,"83a8890c9bd54b31ca0a35c09670b06c2135cbfd5512632ef57454e326b2680b"
"24-35",32.7025945455238,20,0.129253721123344,0.0274629215728385,0.0754263948405805,0.183081047406107,TRUE,1.74574104390516,66.3446960305032,"83a8890c9bd54b31ca0a35c09670b06c2135cbfd5512632ef57454e326b2680b"
"24-35",32.9394504002312,20,0.129677978236555,0.0279383342348367,0.0749188431362754,0.184437113336835,TRUE,1.74574104390516,66.3446960305032,"83a8890c9bd54b31ca0a35c09670b06c2135cbfd5512632ef57454e326b2680b"
"24-35",33.1763062549386,20,0.130057347033922,0.0284061318224214,0.074381328661976,0.185733365405868,TRUE,1.74574104390516,66.3446960305032,"83a8890c9bd54b31ca0a35c09670b06c2135cbfd5512632ef57454e326b2680b"
"24-35",33.4131621096459,20,0.130393327410534,0.0288659329969594,0.0738160987364935,0.186970556084574,TRUE,1.74574104390516,66.3446960305032,"83a8890c9bd54b31ca0a35c09670b06c2135cbfd5512632ef57454e326b2680b"
"24-35",33.6500179643533,20,0.130687419261482,0.0293173597327597,0.0732253941852732,0.188149444337691,TRUE,1.74574104390516,66.3446960305032,"83a8890c9bd54b31ca0a35c09670b06c2135cbfd5512632ef57454e326b2680b"
"24-35",33.8868738190606,20,0.130941122481857,0.0297600378401316,0.0726114483151994,0.189270796648515,TRUE,1.74574104390516,66.3446960305032,"83a8890c9bd54b31ca0a35c09670b06c2135cbfd5512632ef57454e326b2680b"
"24-35",34.123729673768,20,0.13115593696675,0.0301935975069348,0.0719764858531578,0.190335388080342,TRUE,1.74574104390516,66.3446960305032,"83a8890c9bd54b31ca0a35c09670b06c2135cbfd5512632ef57454e326b2680b"
"24-35",34.3605855284754,20,0.131333362611251,0.0306176738616495,0.0713227218424179,0.191344003380084,TRUE,1.74574104390516,66.3446960305032,"83a8890c9bd54b31ca0a35c09670b06c2135cbfd5512632ef57454e326b2680b"
"24-35",34.5974413831827,20,0.131474899310451,0.0310319075611666,0.0706523604905641,0.192297438130337,TRUE,1.74574104390516,66.3446960305032,"83a8890c9bd54b31ca0a35c09670b06c2135cbfd5512632ef57454e326b2680b"
"24-35",34.8342972378901,20,0.13158204695944,0.0314359454066916,0.0699675939623245,0.193196499956556,TRUE,1.74574104390516,66.3446960305032,"83a8890c9bd54b31ca0a35c09670b06c2135cbfd5512632ef57454e326b2680b"
"24-35",35.0711530925975,20,0.13165630545331,0.0318294409913733,0.0692706011102179,0.194042009796401,TRUE,1.74574104390516,66.3446960305032,"83a8890c9bd54b31ca0a35c09670b06c2135cbfd5512632ef57454e326b2680b"
"24-35",35.3080089473048,20,0.13169917468715,0.0322120553835164,0.0685635461354578,0.194834803238842,TRUE,1.74574104390516,66.3446960305032,"83a8890c9bd54b31ca0a35c09670b06c2135cbfd5512632ef57454e326b2680b"
"24-35",35.5448648020122,20,0.131712154556052,0.0325834578495098,0.0678485771710129,0.195575731941091,TRUE,1.74574104390516,66.3446960305032,"83a8890c9bd54b31ca0a35c09670b06c2135cbfd5512632ef57454e326b2680b"
"24-35",35.7817206567195,20,0.131696744955106,0.0329433266209089,0.0671278247781247,0.196265665132088,TRUE,1.74574104390516,66.3446960305032,"83a8890c9bd54b31ca0a35c09670b06c2135cbfd5512632ef57454e326b2680b"
"24-35",36.0185765114269,20,0.131654445779403,0.0332913497104505,0.0664034003469203,0.196905491211886,TRUE,1.74574104390516,66.3446960305032,"83a8890c9bd54b31ca0a35c09670b06c2135cbfd5512632ef57454e326b2680b"
"24-35",36.2554323661343,20,0.131586756924034,0.0336272257821498,0.0656773943910203,0.197496119457047,TRUE,1.74574104390516,66.3446960305032,"83a8890c9bd54b31ca0a35c09670b06c2135cbfd5512632ef57454e326b2680b"
"24-35",36.4922882208416,20,0.131495178284089,0.0339506650810464,0.0649518747252377,0.19803848184294,TRUE,1.74574104390516,66.3446960305032,"83a8890c9bd54b31ca0a35c09670b06c2135cbfd5512632ef57454e326b2680b"
"24-35",36.729144075549,20,0.131381209754658,0.0342613904286123,0.064228884514578,0.198533534994738,TRUE,1.74574104390516,66.3446960305032,"83a8890c9bd54b31ca0a35c09670b06c2135cbfd5512632ef57454e326b2680b"
"24-35",36.9659999302564,20,0.131246351230833,0.0345591382903344,0.063510440181778,0.198982262279889,TRUE,1.74574104390516,66.3446960305032,"83a8890c9bd54b31ca0a35c09670b06c2135cbfd5512632ef57454e326b2680b"
"24-35",37.2028557849637,20,0.131092102607705,0.0348436599225179,0.0627985291595695,0.19938567605584,TRUE,1.74574104390516,66.3446960305032,"83a8890c9bd54b31ca0a35c09670b06c2135cbfd5512632ef57454e326b2680b"
"24-35",37.4397116396711,20,0.130919963780363,0.0351147226059461,0.0620951074727085,0.199744820088017,TRUE,1.74574104390516,66.3446960305032,"83a8890c9bd54b31ca0a35c09670b06c2135cbfd5512632ef57454e326b2680b"
"24-35",37.6765674943785,20,0.130731434643898,0.0353721109746571,0.0614020971335705,0.200060772154226,TRUE,1.74574104390516,66.3446960305032,"83a8890c9bd54b31ca0a35c09670b06c2135cbfd5512632ef57454e326b2680b"
"24-35",37.9134233490858,20,0.130528015093402,0.035615628448783,0.0607213833337876,0.200334646853017,TRUE,1.74574104390516,66.3446960305032,"83a8890c9bd54b31ca0a35c09670b06c2135cbfd5512632ef57454e326b2680b"
"24-35",38.1502792037932,20,0.130311205023965,0.0358450987811178,0.0600548114129741,0.200567598634956,TRUE,1.74574104390516,66.3446960305032,"83a8890c9bd54b31ca0a35c09670b06c2135cbfd5512632ef57454e326b2680b"
"24-35",38.3871350585005,20,0.130082487335383,0.0360603777841635,0.0594041468784222,0.200760827792343,TRUE,1.74574104390516,66.3446960305032,"83a8890c9bd54b31ca0a35c09670b06c2135cbfd5512632ef57454e326b2680b"
"24-35",38.6239909132079,20,0.12984281273534,0.0362616575750521,0.0587699638882374,0.200915661582442,TRUE,1.74574104390516,66.3446960305032,"83a8890c9bd54b31ca0a35c09670b06c2135cbfd5512632ef57454e326b2680b"
"24-35",38.8608467679153,20,0.129592506916537,0.0364495113242953,0.0581514647209179,0.201033549112155,TRUE,1.74574104390516,66.3446960305032,"83a8890c9bd54b31ca0a35c09670b06c2135cbfd5512632ef57454e326b2680b"
"24-35",39.0977026226226,20,0.129331859861256,0.0366245387783683,0.0575477638556542,0.201115955866858,TRUE,1.74574104390516,66.3446960305032,"83a8890c9bd54b31ca0a35c09670b06c2135cbfd5512632ef57454e326b2680b"
"24-35",39.33455847733,20,0.129061161551781,0.0367873441934402,0.0569579669326379,0.201164356170924,TRUE,1.74574104390516,66.3446960305032,"83a8890c9bd54b31ca0a35c09670b06c2135cbfd5512632ef57454e326b2680b"
"24-35",39.5714143320374,20,0.128780701970393,0.0369385355516559,0.056381172289147,0.201180231651638,TRUE,1.74574104390516,66.3446960305032,"83a8890c9bd54b31ca0a35c09670b06c2135cbfd5512632ef57454e326b2680b"
"24-35",39.8082701867447,20,0.128490771099374,0.0370787237862886,0.0558164724782484,0.2011650697205,TRUE,1.74574104390516,66.3446960305032,"83a8890c9bd54b31ca0a35c09670b06c2135cbfd5512632ef57454e326b2680b"
"24-35",40,20,0.128249340602973,0.0371845653270254,0.0553675925620029,0.201131088643943,TRUE,1.74574104390516,66.3446960305032,"83a8890c9bd54b31ca0a35c09670b06c2135cbfd5512632ef57454e326b2680b"
"24-35",40.0451260414521,20,0.128191658921007,0.03720852200837,0.0552629557846022,0.201120362057413,TRUE,1.74574104390516,66.3446960305032,"83a8890c9bd54b31ca0a35c09670b06c2135cbfd5512632ef57454e326b2680b"
"24-35",40.2819818961594,20,0.127883655417575,0.0373285447283681,0.0547197077499737,0.201047603085177,TRUE,1.74574104390516,66.3446960305032,"83a8890c9bd54b31ca0a35c09670b06c2135cbfd5512632ef57454e326b2680b"
"24-35",40.5188377508668,20,0.12756705057136,0.0374394070673493,0.0541858127193552,0.200948288423364,TRUE,1.74574104390516,66.3446960305032,"83a8890c9bd54b31ca0a35c09670b06c2135cbfd5512632ef57454e326b2680b"
"24-35",40.7556936055742,20,0.127242134364643,0.0375417239528581,0.0536603554170416,0.200823913312245,TRUE,1.74574104390516,66.3446960305032,"83a8890c9bd54b31ca0a35c09670b06c2135cbfd5512632ef57454e326b2680b"
"24-35",40.9925494602815,20,0.126909196779709,0.0376361092954917,0.0531424225605447,0.200675970998872,TRUE,1.74574104390516,66.3446960305032,"83a8890c9bd54b31ca0a35c09670b06c2135cbfd5512632ef57454e326b2680b"
"24-35",41.2294053149889,20,0.126568527798837,0.0377231751428576,0.0526311045188365,0.200505951078838,TRUE,1.74574104390516,66.3446960305032,"83a8890c9bd54b31ca0a35c09670b06c2135cbfd5512632ef57454e326b2680b"
"24-35",41.4662611696963,20,0.126220417404312,0.037803530808293,0.0521254970200581,0.200315337788567,TRUE,1.74574104390516,66.3446960305032,"83a8890c9bd54b31ca0a35c09670b06c2135cbfd5512632ef57454e326b2680b"
"24-35",41.7031170244036,20,0.125865155578416,0.0378777819724088,0.0516247029124948,0.200105608244337,TRUE,1.74574104390516,66.3446960305032,"83a8890c9bd54b31ca0a35c09670b06c2135cbfd5512632ef57454e326b2680b"
"24-35",41.939972879111,20,0.125503032303431,0.0379465297561972,0.0511278339812841,0.199878230625577,TRUE,1.74574104390516,66.3446960305032,"83a8890c9bd54b31ca0a35c09670b06c2135cbfd5512632ef57454e326b2680b"
"24-35",42.1768287338183,20,0.125134337561638,0.0380103697651331,0.0506340128219774,0.199634662301299,TRUE,1.74574104390516,66.3446960305032,"83a8890c9bd54b31ca0a35c09670b06c2135cbfd5512632ef57454e326b2680b"
"24-35",42.4136845885257,20,0.124759361335322,0.03806989110439,0.0501423747707173,0.199376347899926,TRUE,1.74574104390516,66.3446960305032,"83a8890c9bd54b31ca0a35c09670b06c2135cbfd5512632ef57454e326b2680b"
"24-35",42.6505404432331,20,0.124378393606763,0.0381256753659995,0.0496520698894041,0.199104717324122,TRUE,1.74574104390516,66.3446960305032,"83a8890c9bd54b31ca0a35c09670b06c2135cbfd5512632ef57454e326b2680b"
"24-35",42.8873962979404,20,0.123991724358245,0.0381782955894968,0.0491622650028311,0.198821183713658,TRUE,1.74574104390516,66.3446960305032,"83a8890c9bd54b31ca0a35c09670b06c2135cbfd5512632ef57454e326b2680b"
"24-35",43.1242521526478,20,0.123599643572049,0.0382283151983191,0.0486721457833438,0.198527141360754,TRUE,1.74574104390516,66.3446960305032,"83a8890c9bd54b31ca0a35c09670b06c2135cbfd5512632ef57454e326b2680b"
"24-35",43.3611080073552,20,0.123202441230459,0.0382762869149477,0.0481809188771612,0.198223963583756,TRUE,1.74574104390516,66.3446960305032,"83a8890c9bd54b31ca0a35c09670b06c2135cbfd5512632ef57454e326b2680b"
"24-35",43.5979638620625,20,0.122800407315756,0.0383227516585097,0.0476878140650765,0.197913000566435,TRUE,1.74574104390516,66.3446960305032,"83a8890c9bd54b31ca0a35c09670b06c2135cbfd5512632ef57454e326b2680b"
"24-35",43.8348197167699,20,0.122393831810222,0.0383682374292634,0.047192086448866,0.197595577171579,TRUE,1.74574104390516,66.3446960305032,"83a8890c9bd54b31ca0a35c09670b06c2135cbfd5512632ef57454e326b2680b"
"24-35",44.0716755714773,20,0.121983004696141,0.0384132581850836,0.0466930186533773,0.197272990738905,TRUE,1.74574104390516,66.3446960305032,"83a8890c9bd54b31ca0a35c09670b06c2135cbfd5512632ef57454e326b2680b"
"24-35",44.3085314261846,20,0.121568215955794,0.0384583127157203,0.0461899230329826,0.196946508878606,TRUE,1.74574104390516,66.3446960305032,"83a8890c9bd54b31ca0a35c09670b06c2135cbfd5512632ef57454e326b2680b"
"24-35",44.545387280892,20,0.121149755571465,0.0385038835212175,0.0456821438698785,0.196617367273051,TRUE,1.74574104390516,66.3446960305032,"83a8890c9bd54b31ca0a35c09670b06c2135cbfd5512632ef57454e326b2680b"
"24-35",44.7822431355993,20,0.120727913525434,0.038550435701435,0.0451690595506217,0.196286767500247,TRUE,1.74574104390516,66.3446960305032,"83a8890c9bd54b31ca0a35c09670b06c2135cbfd5512632ef57454e326b2680b"
"24-35",45.0190989903067,20,0.120302979799985,0.0385984158641048,0.0446500847063399,0.195955874893631,TRUE,1.74574104390516,66.3446960305032,"83a8890c9bd54b31ca0a35c09670b06c2135cbfd5512632ef57454e326b2680b"
"24-35",45.2559548450141,20,0.1198752443774,0.0386482510592531,0.0441246723012644,0.195625816453536,TRUE,1.74574104390516,66.3446960305032,"83a8890c9bd54b31ca0a35c09670b06c2135cbfd5512632ef57454e326b2680b"
"24-35",45.4928106997214,20,0.119444997239962,0.0387003477481289,0.043592315653629,0.195297678826294,TRUE,1.74574104390516,66.3446960305032,"83a8890c9bd54b31ca0a35c09670b06c2135cbfd5512632ef57454e326b2680b"
"24-35",45.7296665544288,20,0.119012528369952,0.0387550908149785,0.0430525503725938,0.19497250636731,TRUE,1.74574104390516,66.3446960305032,"83a8890c9bd54b31ca0a35c09670b06c2135cbfd5512632ef57454e326b2680b"
"24-35",45.9665224091362,20,0.118578127749653,0.0388128426300872,0.0425049561946819,0.194651299304624,TRUE,1.74574104390516,66.3446960305032,"83a8890c9bd54b31ca0a35c09670b06c2135cbfd5512632ef57454e326b2680b"
"24-35",46.2033782638435,20,0.118142085361347,0.0388739421724673,0.0419491587033114,0.194335012019383,TRUE,1.74574104390516,66.3446960305032,"83a8890c9bd54b31ca0a35c09670b06c2135cbfd5512632ef57454e326b2680b"
"24-35",46.4402341185509,20,0.117704691187318,0.0389387042203964,0.0413848309153407,0.194024551459294,TRUE,1.74574104390516,66.3446960305032,"83a8890c9bd54b31ca0a35c09670b06c2135cbfd5512632ef57454e326b2680b"
"24-35",46.6770899732582,20,0.117266235209846,0.0390074186177042,0.0408116947191458,0.193720775700546,TRUE,1.74574104390516,66.3446960305032,"83a8890c9bd54b31ca0a35c09670b06c2135cbfd5512632ef57454e326b2680b"
"24-35",46.9139458279656,20,0.116827007411215,0.0390803496232648,0.0402295221496159,0.193424492672814,TRUE,1.74574104390516,66.3446960305032,"83a8890c9bd54b31ca0a35c09670b06c2135cbfd5512632ef57454e326b2680b"
"24-35",47.150801682673,20,0.116387297773707,0.0391577353505824,0.0396381364865651,0.193136459060848,TRUE,1.74574104390516,66.3446960305032,"83a8890c9bd54b31ca0a35c09670b06c2135cbfd5512632ef57454e326b2680b"
"24-35",47.3876575373803,20,0.115947396279604,0.0392397873036704,0.0390374131644095,0.192857379394798,TRUE,1.74574104390516,66.3446960305032,"83a8890c9bd54b31ca0a35c09670b06c2135cbfd5512632ef57454e326b2680b"
"24-35",47.6245133920877,20,0.115507592911188,0.0393266900146202,0.0384272804825324,0.192587905339844,TRUE,1.74574104390516,66.3446960305032,"83a8890c9bd54b31ca0a35c09670b06c2135cbfd5512632ef57454e326b2680b"
"24-35",47.8613692467951,20,0.115068177650743,0.0394186007873591,0.0378077201075187,0.192328635193966,TRUE,1.74574104390516,66.3446960305032,"83a8890c9bd54b31ca0a35c09670b06c2135cbfd5512632ef57454e326b2680b"
"24-35",48.0982251015024,20,0.114629440480549,0.0395156495511206,0.0371787673603528,0.192080113600746,TRUE,1.74574104390516,66.3446960305032,"83a8890c9bd54b31ca0a35c09670b06c2135cbfd5512632ef57454e326b2680b"
"24-35",48.3350809562098,20,0.114191671382891,0.0396179388261098,0.0365405112837155,0.191842831482066,TRUE,1.74574104390516,66.3446960305032,"83a8890c9bd54b31ca0a35c09670b06c2135cbfd5512632ef57454e326b2680b"
"24-35",48.5719368109171,20,0.113755160340049,0.0397255438027682,0.0358930944866235,0.191617226193475,TRUE,1.74574104390516,66.3446960305032,"83a8890c9bd54b31ca0a35c09670b06c2135cbfd5512632ef57454e326b2680b"
"24-35",48.8087926656245,20,0.113320197334307,0.0398385125349478,0.0352367127658091,0.191403681902805,TRUE,1.74574104390516,66.3446960305032,"83a8890c9bd54b31ca0a35c09670b06c2135cbfd5512632ef57454e326b2680b"
"24-35",49.0456485203319,20,0.112887072347946,0.0399568662462103,0.0345716145053741,0.191202530190519,TRUE,1.74574104390516,66.3446960305032,"83a8890c9bd54b31ca0a35c09670b06c2135cbfd5512632ef57454e326b2680b"
"24-35",49.2825043750392,20,0.11245607536325,0.0400805997474059,0.0338980998583345,0.191014050868166,TRUE,1.74574104390516,66.3446960305032,"83a8890c9bd54b31ca0a35c09670b06c2135cbfd5512632ef57454e326b2680b"
"24-35",49.5193602297466,20,0.1120274963625,0.0402096819626689,0.0332165197156693,0.190838473009331,TRUE,1.74574104390516,66.3446960305032,"83a8890c9bd54b31ca0a35c09670b06c2135cbfd5512632ef57454e326b2680b"
"24-35",49.756216084454,20,0.111601625327979,0.0403440565600227,0.0325272744703347,0.190675976185624,TRUE,1.74574104390516,66.3446960305032,"83a8890c9bd54b31ca0a35c09670b06c2135cbfd5512632ef57454e326b2680b"
"24-35",49.9930719391613,20,0.111178752241969,0.0404836426819267,0.0318308125853931,0.190526691898546,TRUE,1.74574104390516,66.3446960305032,"83a8890c9bd54b31ca0a35c09670b06c2135cbfd5512632ef57454e326b2680b"
"24-35",50.2299277938687,20,0.110759167086753,0.040628335770339,0.0311276289768887,0.190390705196618,TRUE,1.74574104390516,66.3446960305032,"83a8890c9bd54b31ca0a35c09670b06c2135cbfd5512632ef57454e326b2680b"
"24-35",50.466783648576,20,0.110343159844613,0.0407780084802272,0.0304182632233675,0.190268056465858,TRUE,1.74574104390516,66.3446960305032,"83a8890c9bd54b31ca0a35c09670b06c2135cbfd5512632ef57454e326b2680b"
"24-35",50.7036395032834,20,0.109931020497831,0.0409325116749367,0.0297032976149548,0.190158743380707,TRUE,1.74574104390516,66.3446960305032,"83a8890c9bd54b31ca0a35c09670b06c2135cbfd5512632ef57454e326b2680b"
"24-35",50.9404953579908,20,0.109523039028689,0.0410916754964349,0.0289833550556769,0.190062723001702,TRUE,1.74574104390516,66.3446960305032,"83a8890c9bd54b31ca0a35c09670b06c2135cbfd5512632ef57454e326b2680b"
"24-35",51.1773512126981,20,0.109119505419471,0.0412553105031867,0.0282590968332248,0.189979914005717,TRUE,1.74574104390516,66.3446960305032,"83a8890c9bd54b31ca0a35c09670b06c2135cbfd5512632ef57454e326b2680b"
"24-35",51.4142070674055,20,0.108720709652458,0.0414232088682865,0.0275312202706161,0.189910199034299,TRUE,1.74574104390516,66.3446960305032,"83a8890c9bd54b31ca0a35c09670b06c2135cbfd5512632ef57454e326b2680b"
"24-35",51.6510629221129,20,0.108326941709932,0.0415951456304614,0.0268004562742281,0.189853427145637,TRUE,1.74574104390516,66.3446960305032,"83a8890c9bd54b31ca0a35c09670b06c2135cbfd5512632ef57454e326b2680b"
"24-35",51.8879187768202,20,0.107938491574177,0.0417708799906773,0.0260675667924496,0.189809416355904,TRUE,1.74574104390516,66.3446960305032,"83a8890c9bd54b31ca0a35c09670b06c2135cbfd5512632ef57454e326b2680b"
"24-35",52.1247746315276,20,0.107555649227474,0.0419501566472982,0.0253333421987698,0.189777956256179,TRUE,1.74574104390516,66.3446960305032,"83a8890c9bd54b31ca0a35c09670b06c2135cbfd5512632ef57454e326b2680b"
"24-35",52.361630486235,20,0.107178704652106,0.0421327071630723,0.0245985986124847,0.189758810691728,TRUE,1.74574104390516,66.3446960305032,"83a8890c9bd54b31ca0a35c09670b06c2135cbfd5512632ef57454e326b2680b"
"24-35",52.5984863409423,20,0.106807947830355,0.042318251357627,0.0238641751694066,0.189751720491304,TRUE,1.74574104390516,66.3446960305032,"83a8890c9bd54b31ca0a35c09670b06c2135cbfd5512632ef57454e326b2680b"
"24-35",52.8353421956497,20,0.106443668744504,0.0425064987196405,0.0231309312540087,0.189756406234999,TRUE,1.74574104390516,66.3446960305032,"83a8890c9bd54b31ca0a35c09670b06c2135cbfd5512632ef57454e326b2680b"
"24-35",53.072198050357,20,0.106086157376835,0.0426971498334003,0.0223997437033699,0.189772571050299,TRUE,1.74574104390516,66.3446960305032,"83a8890c9bd54b31ca0a35c09670b06c2135cbfd5512632ef57454e326b2680b"
"24-35",53.3090539050644,20,0.105735703709629,0.0428898978150545,0.0216715039921227,0.189799903427136,TRUE,1.74574104390516,66.3446960305032,"83a8890c9bd54b31ca0a35c09670b06c2135cbfd5512632ef57454e326b2680b"
"24-35",53.5459097597718,20,0.105392597725171,0.0430844297544885,0.0209471154063735,0.189838080043968,TRUE,1.74574104390516,66.3446960305032,"83a8890c9bd54b31ca0a35c09670b06c2135cbfd5512632ef57454e326b2680b"
"24-35",53.7827656144791,20,0.105057129405741,0.043280428159413,0.0202274902132919,0.189886768598191,TRUE,1.74574104390516,66.3446960305032,"83a8890c9bd54b31ca0a35c09670b06c2135cbfd5512632ef57454e326b2680b"
"24-35",54.0196214691865,20,0.104729588733623,0.0434775723989091,0.0195135468317613,0.189945630635485,TRUE,1.74574104390516,66.3446960305032,"83a8890c9bd54b31ca0a35c09670b06c2135cbfd5512632ef57454e326b2680b"
"24-35",54.2564773238939,20,0.104410265691099,0.0436755401443406,0.0188062070081911,0.190014324374006,TRUE,1.74574104390516,66.3446960305032,"83a8890c9bd54b31ca0a35c09670b06c2135cbfd5512632ef57454e326b2680b"
"24-35",54.4933331786012,20,0.10409945026045,0.0438740088061998,0.0181063930002984,0.190092507520602,TRUE,1.74574104390516,66.3446960305032,"83a8890c9bd54b31ca0a35c09670b06c2135cbfd5512632ef57454e326b2680b"
"24-35",54.7301890333086,20,0.10379743242396,0.0440726569660885,0.0174150247704266,0.190179840077493,TRUE,1.74574104390516,66.3446960305032,"83a8890c9bd54b31ca0a35c09670b06c2135cbfd5512632ef57454e326b2680b"
"24-35",54.9670448880159,20,0.103504502163911,0.044271165803652,0.0167330171887529,0.190275987139069,TRUE,1.74574104390516,66.3446960305032,"83a8890c9bd54b31ca0a35c09670b06c2135cbfd5512632ef57454e326b2680b"
"24-35",55.2039007427233,20,0.103220949462585,0.0444692205188698,0.0160612772455998,0.190380621679569,TRUE,1.74574104390516,66.3446960305032,"83a8890c9bd54b31ca0a35c09670b06c2135cbfd5512632ef57454e326b2680b"
"24-35",55.4407565974307,20,0.102947064302264,0.0446665117506569,0.0154007012709765,0.190493427333552,TRUE,1.74574104390516,66.3446960305032,"83a8890c9bd54b31ca0a35c09670b06c2135cbfd5512632ef57454e326b2680b"
"24-35",55.677612452138,20,0.102683136665231,0.0448627369932436,0.0147521721584738,0.190614101171989,TRUE,1.74574104390516,66.3446960305032,"83a8890c9bd54b31ca0a35c09670b06c2135cbfd5512632ef57454e326b2680b"
"24-35",55.9144683068454,20,0.102429456533769,0.0450576020122766,0.0141165565897068,0.190742356477831,TRUE,1.74574104390516,66.3446960305032,"83a8890c9bd54b31ca0a35c09670b06c2135cbfd5512632ef57454e326b2680b"
"24-35",56.1513241615528,20,0.102186313890159,0.0452508222630132,0.0134947022546529,0.190877925525665,TRUE,1.74574104390516,66.3446960305032,"83a8890c9bd54b31ca0a35c09670b06c2135cbfd5512632ef57454e326b2680b"
"24-35",56.3881800162601,20,0.101953998716684,0.0454421243133689,0.012887435062481,0.191020562370887,TRUE,1.74574104390516,66.3446960305032,"83a8890c9bd54b31ca0a35c09670b06c2135cbfd5512632ef57454e326b2680b"
"24-35",56.6250358709675,20,0.101732800995626,0.0456312472749169,0.0122955563367892,0.191170045654463,TRUE,1.74574104390516,66.3446960305032,"83a8890c9bd54b31ca0a35c09670b06c2135cbfd5512632ef57454e326b2680b"
"24-35",56.8618917256748,20,0.101523010709268,0.0458179442452367,0.0117198399886045,0.191326181429932,TRUE,1.74574104390516,66.3446960305032,"83a8890c9bd54b31ca0a35c09670b06c2135cbfd5512632ef57454e326b2680b"
"24-35",57.0987475803822,20,0.101324917839893,0.0460019837652498,0.0111610296600029,0.191488806019782,TRUE,1.74574104390516,66.3446960305032,"83a8890c9bd54b31ca0a35c09670b06c2135cbfd5512632ef57454e326b2680b"
"24-35",57.3356034350896,20,0.101138812369781,0.0461831512953826,0.0106198358308311,0.191657788908731,TRUE,1.74574104390516,66.3446960305032,"83a8890c9bd54b31ca0a35c09670b06c2135cbfd5512632ef57454e326b2680b"
"24-35",57.5724592897969,20,0.100964984269765,0.0463612507203416,0.0100969328578954,0.191833035681635,TRUE,1.74574104390516,66.3446960305032,"83a8890c9bd54b31ca0a35c09670b06c2135cbfd5512632ef57454e326b2680b"
"24-35",57.8093151445043,20,0.100803650741252,0.0465361430078516,0.00959281044586308,0.192014491036641,TRUE,1.74574104390516,66.3446960305032,"83a8890c9bd54b31ca0a35c09670b06c2135cbfd5512632ef57454e326b2680b"
"24-35",58.0461709992117,20,0.100654783558986,0.0467078373917971,0.00910742227106393,0.192202144846909,TRUE,1.74574104390516,66.3446960305032,"83a8890c9bd54b31ca0a35c09670b06c2135cbfd5512632ef57454e326b2680b"
"24-35",58.283026853919,20,0.100518302810491,0.0468763951904724,0.0086405682371653,0.192396037383817,TRUE,1.74574104390516,66.3446960305032,"83a8890c9bd54b31ca0a35c09670b06c2135cbfd5512632ef57454e326b2680b"
"24-35",58.5198827086264,20,0.100394128583291,0.0470419028220596,0.00819199905205441,0.192596258114528,TRUE,1.74574104390516,66.3446960305032,"83a8890c9bd54b31ca0a35c09670b06c2135cbfd5512632ef57454e326b2680b"
"24-35",58.7567385633337,20,0.10028218096491,0.0472044708462652,0.00776141810623032,0.19280294382359,TRUE,1.74574104390516,66.3446960305032,"83a8890c9bd54b31ca0a35c09670b06c2135cbfd5512632ef57454e326b2680b"
"24-35",58.9935944180411,20,0.100182380042872,0.0473642330510856,0.00734848326274437,0.193016276823,TRUE,1.74574104390516,66.3446960305032,"83a8890c9bd54b31ca0a35c09670b06c2135cbfd5512632ef57454e326b2680b"
"24-35",59.2304502727485,20,0.100094645904701,0.0475213455804754,0.00695280856696968,0.193236483242433,TRUE,1.74574104390516,66.3446960305032,"83a8890c9bd54b31ca0a35c09670b06c2135cbfd5512632ef57454e326b2680b"
"24-35",59.4673061274558,20,0.100018898637922,0.0476759860986102,0.00657396588464576,0.193463831391198,TRUE,1.74574104390516,66.3446960305032,"83a8890c9bd54b31ca0a35c09670b06c2135cbfd5512632ef57454e326b2680b"
"24-35",59.7041619821632,20,0.0999550583300576,0.0478283529863897,0.00621148647673374,0.193698630183382,TRUE,1.74574104390516,66.3446960305032,"83a8890c9bd54b31ca0a35c09670b06c2135cbfd5512632ef57454e326b2680b"
"24-35",59.9410178368706,20,0.0999030450686325,0.0479786645658124,0.00586486251964025,0.193941227617625,TRUE,1.74574104390516,66.3446960305032,"83a8890c9bd54b31ca0a35c09670b06c2135cbfd5512632ef57454e326b2680b"
"24-35",60.1778736915779,20,0.0998627789411709,0.048127158347866,0.0055335485793535,0.194192009302988,TRUE,1.74574104390516,66.3446960305032,"83a8890c9bd54b31ca0a35c09670b06c2135cbfd5512632ef57454e326b2680b"
"24-35",60.4147295462853,20,0.0998341800351967,0.0482740902996181,0.00521696304794518,0.194451397022448,TRUE,1.74574104390516,66.3446960305032,"83a8890c9bd54b31ca0a35c09670b06c2135cbfd5512632ef57454e326b2680b"
"24-35",60.6515854009927,20,0.0998171684382341,0.0484197341262464,0.00491448955079121,0.194719847325677,TRUE,1.74574104390516,66.3446960305032,"83a8890c9bd54b31ca0a35c09670b06c2135cbfd5512632ef57454e326b2680b"
"24-35",60.8884412557,20,0.0998116642378069,0.0485643805638347,0.00462547833269095,0.194997850142923,TRUE,1.74574104390516,66.3446960305032,"83a8890c9bd54b31ca0a35c09670b06c2135cbfd5512632ef57454e326b2680b"
"24-35",61.1252971104074,20,0.0998175875214395,0.0487083366788586,0.00434924763087668,0.195285927412002,TRUE,1.74574104390516,66.3446960305032,"83a8890c9bd54b31ca0a35c09670b06c2135cbfd5512632ef57454e326b2680b"
"24-35",61.3621529651147,20,0.0998348583766556,0.0488519251704089,0.00408508504265409,0.195584631710657,TRUE,1.74574104390516,66.3446960305032,"83a8890c9bd54b31ca0a35c09670b06c2135cbfd5512632ef57454e326b2680b"
"24-35",61.5990088198221,20,0.0998633968909797,0.0489954836713451,0.00383224889514333,0.195894544886816,TRUE,1.74574104390516,66.3446960305032,"83a8890c9bd54b31ca0a35c09670b06c2135cbfd5512632ef57454e326b2680b"
"24-35",61.8358646745295,20,0.0999031231519354,0.0491393640447347,0.00358996962425545,0.196216276679615,TRUE,1.74574104390516,66.3446960305032,"83a8890c9bd54b31ca0a35c09670b06c2135cbfd5512632ef57454e326b2680b"
"24-35",62.0727205292368,20,0.0999539572470468,0.0492839316721269,0.00335745116967813,0.196550463324415,TRUE,1.74574104390516,66.3446960305032,"83a8890c9bd54b31ca0a35c09670b06c2135cbfd5512632ef57454e326b2680b"
"24-35",62.3095763839442,20,0.100015819263838,0.0494295647304186,0.00313387239221778,0.196897766135459,TRUE,1.74574104390516,66.3446960305032,"83a8890c9bd54b31ca0a35c09670b06c2135cbfd5512632ef57454e326b2680b"
"24-35",62.5464322386516,20,0.100088629289834,0.0495766534543129,0.0029183885193805,0.197258870060287,TRUE,1.74574104390516,66.3446960305032,"83a8890c9bd54b31ca0a35c09670b06c2135cbfd5512632ef57454e326b2680b"
"24-35",62.7832880933589,20,0.100172307412557,0.0497255993816341,0.00271013262455441,0.19763448220056,TRUE,1.74574104390516,66.3446960305032,"83a8890c9bd54b31ca0a35c09670b06c2135cbfd5512632ef57454e326b2680b"
"24-35",63.0201439480663,20,0.100266773719533,0.04987681457906,0.00250821714457514,0.19802533029449,TRUE,1.74574104390516,66.3446960305032,"83a8890c9bd54b31ca0a35c09670b06c2135cbfd5512632ef57454e326b2680b"
"24-35",63.2569998027736,20,0.100371948298285,0.0500307208461518,0.00231173543982709,0.198432161156742,TRUE,1.74574104390516,66.3446960305032,"83a8890c9bd54b31ca0a35c09670b06c2135cbfd5512632ef57454e326b2680b"
"24-35",63.493855657481,20,0.100487751236336,0.050187748895916,0.00211976340034116,0.198855739072332,TRUE,1.74574104390516,66.3446960305032,"83a8890c9bd54b31ca0a35c09670b06c2135cbfd5512632ef57454e326b2680b"
"24-35",63.7307115121884,20,0.100614102621213,0.050348337510513,0.00193136110060722,0.199296844141818,TRUE,1.74574104390516,66.3446960305032,"83a8890c9bd54b31ca0a35c09670b06c2135cbfd5512632ef57454e326b2680b"
"24-35",63.9675673668957,20,0.100750922540437,0.0505129326711351,0.00174557450501213,0.199756270575862,TRUE,1.74574104390516,66.3446960305032,"83a8890c9bd54b31ca0a35c09670b06c2135cbfd5512632ef57454e326b2680b"
"24-35",64.2044232216031,20,0.100898131081534,0.0506819866615121,0.00156143722497032,0.200234824938098,TRUE,1.74574104390516,66.3446960305032,"83a8890c9bd54b31ca0a35c09670b06c2135cbfd5512632ef57454e326b2680b"
"24-35",64.4412790763105,20,0.101055648332027,0.0508559571449625,0.00137797232790077,0.200733324336154,TRUE,1.74574104390516,66.3446960305032,"83a8890c9bd54b31ca0a35c09670b06c2135cbfd5512632ef57454e326b2680b"
"24-35",64.6781349310178,20,0.101223394379441,0.0510353062153906,0.00119419419727547,0.201252594561607,TRUE,1.74574104390516,66.3446960305032,"83a8890c9bd54b31ca0a35c09670b06c2135cbfd5512632ef57454e326b2680b"
"24-35",64.9149907857252,20,0.101401289311299,0.0512204994231257,0.00100911044197301,0.201793468180626,TRUE,1.74574104390516,66.3446960305032,"83a8890c9bd54b31ca0a35c09670b06c2135cbfd5512632ef57454e326b2680b"
"24-35",65.1518466404326,20,0.101589253215127,0.051412004777013,0.000821723852180961,0.202356782578072,TRUE,1.74574104390516,66.3446960305032,"83a8890c9bd54b31ca0a35c09670b06c2135cbfd5512632ef57454e326b2680b"
"24-35",65.3887024951399,20,0.101787206178446,0.0516102917246833,0.000631034398066624,0.202943377958825,TRUE,1.74574104390516,66.3446960305032,"83a8890c9bd54b31ca0a35c09670b06c2135cbfd5512632ef57454e326b2680b"
"24-35",65.6255583498473,20,0.101995068288782,0.0518158301134469,0.000436041266426435,0.203554095311138,TRUE,1.74574104390516,66.3446960305032,"83a8890c9bd54b31ca0a35c09670b06c2135cbfd5512632ef57454e326b2680b"
"24-35",65.8624142045546,20,0.10221275963366,0.0520290891347695,0.000235744929511283,0.204189774337808,TRUE,1.74574104390516,66.3446960305032,"83a8890c9bd54b31ca0a35c09670b06c2135cbfd5512632ef57454e326b2680b"
"24-35",66.099270059262,20,0.102440200300601,0.0522505362557856,2.91492392617415e-05,0.204851251361941,TRUE,1.74574104390516,66.3446960305032,"83a8890c9bd54b31ca0a35c09670b06c2135cbfd5512632ef57454e326b2680b"
"24-35",66.3361259139694,20,0.102677310377133,0.0524806361417774,-0.000184736460751123,0.205539357215016,TRUE,1.74574104390516,66.3446960305032,"83a8890c9bd54b31ca0a35c09670b06c2135cbfd5512632ef57454e326b2680b"
"24-35",66.3446960305032,20,0.102686069938286,0.052489129889727,-0.000192624645579065,0.205564764522151,TRUE,1.74574104390516,66.3446960305032,"83a8890c9bd54b31ca0a35c09670b06c2135cbfd5512632ef57454e326b2680b"
"24-35",66.5729817686767,20,0.102924009950776,0.0527198495739931,-0.000406895214250025,0.206254915115803,FALSE,1.74574104390516,66.3446960305032,"83a8890c9bd54b31ca0a35c09670b06c2135cbfd5512632ef57454e326b2680b"
"24-35",66.8098376233841,20,0.103180219109057,0.0529686323675774,-0.000638300331394503,0.206998738549509,FALSE,1.74574104390516,66.3446960305032,"83a8890c9bd54b31ca0a35c09670b06c2135cbfd5512632ef57454e326b2680b"
"24-35",67.0466934780915,20,0.103445857939499,0.053227434294742,-0.000879913278195033,0.207771629157193,FALSE,1.74574104390516,66.3446960305032,"83a8890c9bd54b31ca0a35c09670b06c2135cbfd5512632ef57454e326b2680b"
"24-35",67.2835493327988,20,0.103720846529626,0.0534966980185983,-0.00113268158682621,0.208574374646079,FALSE,1.74574104390516,66.3446960305032,"83a8890c9bd54b31ca0a35c09670b06c2135cbfd5512632ef57454e326b2680b"
"24-35",67.5204051875062,20,0.104005104966963,0.0537768580433052,-0.0013975367979155,0.209407746731841,FALSE,1.74574104390516,66.3446960305032,"83a8890c9bd54b31ca0a35c09670b06c2135cbfd5512632ef57454e326b2680b"
"24-35",67.7572610422135,20,0.104298553339032,0.054068339686342,-0.00167539244619798,0.210272499124263,FALSE,1.74574104390516,66.3446960305032,"83a8890c9bd54b31ca0a35c09670b06c2135cbfd5512632ef57454e326b2680b"
"24-35",67.9941168969209,20,0.104601111733359,0.0543715580787976,-0.00196714210108398,0.211169365567803,FALSE,1.74574104390516,66.3446960305032,"83a8890c9bd54b31ca0a35c09670b06c2135cbfd5512632ef57454e326b2680b"
"24-35",68.2309727516283,20,0.104912700237468,0.0546869171995642,-0.00227365747367843,0.212099057948613,FALSE,1.74574104390516,66.3446960305032,"83a8890c9bd54b31ca0a35c09670b06c2135cbfd5512632ef57454e326b2680b"
"24-35",68.4678286063356,20,0.105233238938881,0.0550148089492381,-0.00259578660162553,0.213062264479388,FALSE,1.74574104390516,66.3446960305032,"83a8890c9bd54b31ca0a35c09670b06c2135cbfd5512632ef57454e326b2680b"
"24-35",68.704684461043,20,0.105562647925124,0.0553556122693556,-0.00293435212281257,0.214059647973061,FALSE,1.74574104390516,66.3446960305032,"83a8890c9bd54b31ca0a35c09670b06c2135cbfd5512632ef57454e326b2680b"
"24-35",68.9415403157504,20,0.105900847283721,0.0557096923123375,-0.00329014964846028,0.215091844215903,FALSE,1.74574104390516,66.3446960305032,"83a8890c9bd54b31ca0a35c09670b06c2135cbfd5512632ef57454e326b2680b"
"24-35",69.1783961704577,20,0.106247757102196,0.0560773996671725,-0.00366394624546265,0.216159460449854,FALSE,1.74574104390516,66.3446960305032,"83a8890c9bd54b31ca0a35c09670b06c2135cbfd5512632ef57454e326b2680b"
"24-35",69.4152520251651,20,0.106603297468072,0.0564590696454551,-0.00405647903702042,0.217263073973164,FALSE,1.74574104390516,66.3446960305032,"83a8890c9bd54b31ca0a35c09670b06c2135cbfd5512632ef57454e326b2680b"
"24-35",69.6521078798724,20,0.106967388468873,0.0568550216319028,-0.00446845392965613,0.218403230867403,FALSE,1.74574104390516,66.3446960305032,"83a8890c9bd54b31ca0a35c09670b06c2135cbfd5512632ef57454e326b2680b"
"24-35",69.8889637345798,20,0.107339950192125,0.0572655585029287,-0.00490054447361554,0.219580444857865,FALSE,1.74574104390516,66.3446960305032,"83a8890c9bd54b31ca0a35c09670b06c2135cbfd5512632ef57454e326b2680b"
"24-35",70.1258195892872,20,0.10772090272535,0.0576909661162389,-0.005353390862478,0.220795196313178,FALSE,1.74574104390516,66.3446960305032,"83a8890c9bd54b31ca0a35c09670b06c2135cbfd5512632ef57454e326b2680b"
"24-35",70.3626754439945,20,0.108110166156074,0.0581315128737756,-0.00582759907652654,0.222047931388674,FALSE,1.74574104390516,66.3446960305032,"83a8890c9bd54b31ca0a35c09670b06c2135cbfd5512632ef57454e326b2680b"
"24-35",70.5995312987019,20,0.108507660571819,0.0585874493596531,-0.00632374017310128,0.223339061316739,FALSE,1.74574104390516,66.3446960305032,"83a8890c9bd54b31ca0a35c09670b06c2135cbfd5512632ef57454e326b2680b"
"24-35",70.8363871534093,20,0.10891330606011,0.059059008054033,-0.00684234972579457,0.224668961846015,FALSE,1.74574104390516,66.3446960305032,"83a8890c9bd54b31ca0a35c09670b06c2135cbfd5512632ef57454e326b2680b"
"24-35",71.0732430081166,20,0.109327022708472,0.0595464031231847,-0.00738392741297038,0.226037972829914,FALSE,1.74574104390516,66.3446960305032,"83a8890c9bd54b31ca0a35c09670b06c2135cbfd5512632ef57454e326b2680b"
"24-35",71.310098862824,20,0.109748730604427,0.0600498302852829,-0.0079489367547274,0.227446397963581,FALSE,1.74574104390516,66.3446960305032,"83a8890c9bd54b31ca0a35c09670b06c2135cbfd5512632ef57454e326b2680b"
"24-35",71.5469547175313,20,0.110178349835501,0.0605694667508151,-0.00853780499609713,0.228894504667098,FALSE,1.74574104390516,66.3446960305032,"83a8890c9bd54b31ca0a35c09670b06c2135cbfd5512632ef57454e326b2680b"
"24-35",71.7838105722387,20,0.110615800489217,0.0611054712358284,-0.00915092313300711,0.23038252411144,FALSE,1.74574104390516,66.3446960305032,"83a8890c9bd54b31ca0a35c09670b06c2135cbfd5512632ef57454e326b2680b"
"24-35",72.0206664269461,20,0.111061002653099,0.0616579840456367,-0.00978864607634918,0.231910651382547,FALSE,1.74574104390516,66.3446960305032,"83a8890c9bd54b31ca0a35c09670b06c2135cbfd5512632ef57454e326b2680b"
"24-35",72.2575222816534,20,0.111513876414671,0.0622271272260569,-0.0104512929484001,0.233479045777743,FALSE,1.74574104390516,66.3446960305032,"83a8890c9bd54b31ca0a35c09670b06c2135cbfd5512632ef57454e326b2680b"
"24-35",72.4943781363608,20,0.111974341861459,0.0628130047787391,-0.0111391475048701,0.235087831227787,FALSE,1.74574104390516,66.3446960305032,"83a8890c9bd54b31ca0a35c09670b06c2135cbfd5512632ef57454e326b2680b"
"24-35",72.7312339910682,20,0.112442319080984,0.063415702936726,-0.011852458674999,0.236737096836967,FALSE,1.74574104390516,66.3446960305032,"83a8890c9bd54b31ca0a35c09670b06c2135cbfd5512632ef57454e326b2680b"
"24-35",72.9680898457755,20,0.112917728160772,0.0640352904960027,-0.0125914412113931,0.238426897532937,FALSE,1.74574104390516,66.3446960305032,"83a8890c9bd54b31ca0a35c09670b06c2135cbfd5512632ef57454e326b2680b"
"24-35",73.2049457004829,20,0.113400489188347,0.0646718191985049,-0.0133562764407226,0.240157254817417,FALSE,1.74574104390516,66.3446960305032,"83a8890c9bd54b31ca0a35c09670b06c2135cbfd5512632ef57454e326b2680b"
"24-35",73.4418015551903,20,0.113890522251232,0.0653253241618237,-0.0141471131059422,0.241928157608407,FALSE,1.74574104390516,66.3446960305032,"83a8890c9bd54b31ca0a35c09670b06c2135cbfd5512632ef57454e326b2680b"
"24-35",73.6786574098976,20,0.114387747436952,0.0659958243506903,-0.0149640682904007,0.243739563164305,FALSE,1.74574104390516,66.3446960305032,"83a8890c9bd54b31ca0a35c09670b06c2135cbfd5512632ef57454e326b2680b"
"24-35",73.915513264605,20,0.114892084833031,0.0666833230852359,-0.0158072284140312,0.245591398080094,FALSE,1.74574104390516,66.3446960305032,"83a8890c9bd54b31ca0a35c09670b06c2135cbfd5512632ef57454e326b2680b"
"24-35",74.1523691193123,20,0.115403454526993,0.0673878085809994,-0.0166766502917658,0.247483559345752,FALSE,1.74574104390516,66.3446960305032,"83a8890c9bd54b31ca0a35c09670b06c2135cbfd5512632ef57454e326b2680b"
"24-35",74.3892249740197,20,0.115921776606362,0.0681092545156952,-0.017572362244401,0.249415915457124,FALSE,1.74574104390516,66.3446960305032,"83a8890c9bd54b31ca0a35c09670b06c2135cbfd5512632ef57454e326b2680b"
"24-35",74.6260808287271,20,0.116446971158661,0.068847620617848,-0.0184943652523209,0.251388307569643,FALSE,1.74574104390516,66.3446960305032,"83a8890c9bd54b31ca0a35c09670b06c2135cbfd5512632ef57454e326b2680b"
"24-35",74.8629366834344,20,0.116978958271416,0.0696028532725446,-0.0194426341427716,0.253400550685603,FALSE,1.74574104390516,66.3446960305032,"83a8890c9bd54b31ca0a35c09670b06c2135cbfd5512632ef57454e326b2680b"
"24-35",75.0997925381418,20,0.11751765803215,0.0703748861397433,-0.0204171188017473,0.255452434866046,FALSE,1.74574104390516,66.3446960305032,"83a8890c9bd54b31ca0a35c09670b06c2135cbfd5512632ef57454e326b2680b"
"24-35",75.3366483928492,20,0.118062990528386,0.0711636407808063,-0.0214177454019941,0.257543726458767,FALSE,1.74574104390516,66.3446960305032,"83a8890c9bd54b31ca0a35c09670b06c2135cbfd5512632ef57454e326b2680b"
"24-35",75.5735042475565,20,0.11861487584765,0.0719690272891753,-0.0224444176391333,0.259674169334434,FALSE,1.74574104390516,66.3446960305032,"83a8890c9bd54b31ca0a35c09670b06c2135cbfd5512632ef57454e326b2680b"
"24-35",75.8103601022639,20,0.119173234077465,0.0727909449213925,-0.0234970179684638,0.261843486123395,FALSE,1.74574104390516,66.3446960305032,"83a8890c9bd54b31ca0a35c09670b06c2135cbfd5512632ef57454e326b2680b"
"24-35",76.0472159569712,20,0.119737985305356,0.0736292827249658,-0.0245754088355768,0.264051379446289,FALSE,1.74574104390516,66.3446960305032,"83a8890c9bd54b31ca0a35c09670b06c2135cbfd5512632ef57454e326b2680b"
"24-35",76.2840718116786,20,0.120309049618846,0.0744839201598844,-0.0256794338945274,0.26629753313222,FALSE,1.74574104390516,66.3446960305032,"83a8890c9bd54b31ca0a35c09670b06c2135cbfd5512632ef57454e326b2680b"
"24-35",76.520927666386,20,0.120886347105459,0.0753547277109113,-0.0268089192079269,0.268581613418846,FALSE,1.74574104390516,66.3446960305032,"83a8890c9bd54b31ca0a35c09670b06c2135cbfd5512632ef57454e326b2680b"
"24-35",76.7577835210933,20,0.12146979785272,0.0762415674880879,-0.0279636744239321,0.270903270129373,FALSE,1.74574104390516,66.3446960305032,"83a8890c9bd54b31ca0a35c09670b06c2135cbfd5512632ef57454e326b2680b"
"24-35",76.9946393758007,20,0.122059321948153,0.0771442938132057,-0.0291434939257305,0.273262137822036,FALSE,1.74574104390516,66.3446960305032,"83a8890c9bd54b31ca0a35c09670b06c2135cbfd5512632ef57454e326b2680b"
"24-35",77.2314952305081,20,0.122654839479281,0.0780627537903012,-0.0303481579497095,0.275657836908271,FALSE,1.74574104390516,66.3446960305032,"83a8890c9bd54b31ca0a35c09670b06c2135cbfd5512632ef57454e326b2680b"
"24-35",77.4683510852154,20,0.123256270533628,0.078996787858526,-0.0315774336690827,0.278089974736339,FALSE,1.74574104390516,66.3446960305032,"83a8890c9bd54b31ca0a35c09670b06c2135cbfd5512632ef57454e326b2680b"
"24-35",77.7052069399228,20,0.12386353519872,0.0799462303260261,-0.0328310762402916,0.280558146637731,FALSE,1.74574104390516,66.3446960305032,"83a8890c9bd54b31ca0a35c09670b06c2135cbfd5512632ef57454e326b2680b"
"24-35",77.9420627946301,20,0.124476553562079,0.0809109098837279,-0.0341088298100277,0.283061936934185,FALSE,1.74574104390516,66.3446960305032,"83a8890c9bd54b31ca0a35c09670b06c2135cbfd5512632ef57454e326b2680b"
"24-35",78.1789186493375,20,0.12509524571123,0.0818906500981801,-0.0354104284812031,0.285600919903663,FALSE,1.74574104390516,66.3446960305032,"83a8890c9bd54b31ca0a35c09670b06c2135cbfd5512632ef57454e326b2680b"
"24-35",78.4157745040449,20,0.125719531733697,0.0828852698828292,-0.0367355972366485,0.288174660704042,FALSE,1.74574104390516,66.3446960305032,"83a8890c9bd54b31ca0a35c09670b06c2135cbfd5512632ef57454e326b2680b"
"24-35",78.6526303587522,20,0.126349331717004,0.0838945839473168,-0.0380840528197373,0.290782716253744,FALSE,1.74574104390516,66.3446960305032,"83a8890c9bd54b31ca0a35c09670b06c2135cbfd5512632ef57454e326b2680b"
"24-35",78.8894862134596,20,0.126984565748674,0.08491840322458,-0.0394555045715023,0.293424636068851,FALSE,1.74574104390516,66.3446960305032,"83a8890c9bd54b31ca0a35c09670b06c2135cbfd5512632ef57454e326b2680b"
"24-35",79.126342068167,20,0.127625153916233,0.0859565352757103,-0.0408496552241588,0.296099963056626,FALSE,1.74574104390516,66.3446960305032,"83a8890c9bd54b31ca0a35c09670b06c2135cbfd5512632ef57454e326b2680b"
"24-35",79.3631979228743,20,0.128271016307204,0.0870087846726759,-0.0422662016512403,0.298808234265649,FALSE,1.74574104390516,66.3446960305032,"83a8890c9bd54b31ca0a35c09670b06c2135cbfd5512632ef57454e326b2680b"
"24-35",79.6000537775817,20,0.128922073009112,0.0880749533591523,-0.0437048355748269,0.30154898159305,FALSE,1.74574104390516,66.3446960305032,"83a8890c9bd54b31ca0a35c09670b06c2135cbfd5512632ef57454e326b2680b"
"24-35",79.836909632289,20,0.129578244109479,0.0891548409898208,-0.0451652442305697,0.304321732449528,FALSE,1.74574104390516,66.3446960305032,"83a8890c9bd54b31ca0a35c09670b06c2135cbfd5512632ef57454e326b2680b"
"24-35",80.0737654869964,20,0.130239449695831,0.0902482452485958,-0.0466471109914168,0.307126010383079,FALSE,1.74574104390516,66.3446960305032,"83a8890c9bd54b31ca0a35c09670b06c2135cbfd5512632ef57454e326b2680b"
"24-35",80.3106213417038,20,0.130905609855691,0.0913549621463283,-0.0481501159511122,0.309961335662495,FALSE,1.74574104390516,66.3446960305032,"83a8890c9bd54b31ca0a35c09670b06c2135cbfd5512632ef57454e326b2680b"
"24-35",80.5474771964111,20,0.131576644676584,0.0924747862986026,-0.0496739364686772,0.312827225821845,FALSE,1.74574104390516,66.3446960305032,"83a8890c9bd54b31ca0a35c09670b06c2135cbfd5512632ef57454e326b2680b"
"24-35",80.7843330511185,20,0.132252474246033,0.0936075111842993,-0.0512182476751938,0.31572319616726,FALSE,1.74574104390516,66.3446960305032,"83a8890c9bd54b31ca0a35c09670b06c2135cbfd5512632ef57454e326b2680b"
"24-35",81.0211889058259,20,0.132933018651562,0.0947529293856457,-0.0527827229443032,0.318648760247428,FALSE,1.74574104390516,66.3446960305032,"83a8890c9bd54b31ca0a35c09670b06c2135cbfd5512632ef57454e326b2680b"
"24-35",81.2580447605332,20,0.133618197980697,0.0959108328105032,-0.0543670343278896,0.321603430289283,FALSE,1.74574104390516,66.3446960305032,"83a8890c9bd54b31ca0a35c09670b06c2135cbfd5512632ef57454e326b2680b"
"24-35",81.4949006152406,20,0.13430793232096,0.0970810128976708,-0.0559708529584752,0.324586717600394,FALSE,1.74574104390516,66.3446960305032,"83a8890c9bd54b31ca0a35c09670b06c2135cbfd5512632ef57454e326b2680b"
"24-35",81.731756469948,20,0.135002141759875,0.0982632608059936,-0.0575938494198722,0.327598132939622,FALSE,1.74574104390516,66.3446960305032,"83a8890c9bd54b31ca0a35c09670b06c2135cbfd5512632ef57454e326b2680b"
"24-35",81.9686123246553,20,0.135700746384968,0.0994573675880738,-0.059235694087657,0.330637186857592,FALSE,1.74574104390516,66.3446960305032,"83a8890c9bd54b31ca0a35c09670b06c2135cbfd5512632ef57454e326b2680b"
"24-35",82.2054681793627,20,0.136403666283761,0.100663124349383,-0.0608960574410297,0.333703390008551,FALSE,1.74574104390516,66.3446960305032,"83a8890c9bd54b31ca0a35c09670b06c2135cbfd5512632ef57454e326b2680b"
"24-35",82.44232403407,20,0.137110821543779,0.101880322393565,-0.0625746103476078,0.336796253435165,FALSE,1.74574104390516,66.3446960305032,"83a8890c9bd54b31ca0a35c09670b06c2135cbfd5512632ef57454e326b2680b"
"24-35",82.6791798887774,20,0.137822132252546,0.10310875335471,-0.0642710243226847,0.339915288827777,FALSE,1.74574104390516,66.3446960305032,"83a8890c9bd54b31ca0a35c09670b06c2135cbfd5512632ef57454e326b2680b"
"24-35",82.9160357434848,20,0.138537518497586,0.104348209317366,-0.0659849717644524,0.343060008759624,FALSE,1.74574104390516,66.3446960305032,"83a8890c9bd54b31ca0a35c09670b06c2135cbfd5512632ef57454e326b2680b"
"24-35",83.1528915981921,20,0.139256900366423,0.105598482925035,-0.0677161261666453,0.346229926899491,FALSE,1.74574104390516,66.3446960305032,"83a8890c9bd54b31ca0a35c09670b06c2135cbfd5512632ef57454e326b2680b"
"24-35",83.3897474528995,20,0.139980197946581,0.106859367477863,-0.06946416231003,0.349424558203193,FALSE,1.74574104390516,66.3446960305032,"83a8890c9bd54b31ca0a35c09670b06c2135cbfd5512632ef57454e326b2680b"
"24-35",83.6266033076069,20,0.140707331325585,0.108130657020251,-0.0712287564341065,0.352643419085276,FALSE,1.74574104390516,66.3446960305032,"83a8890c9bd54b31ca0a35c09670b06c2135cbfd5512632ef57454e326b2680b"
"24-35",83.8634591623142,20,0.141438220590957,0.109412146419031,-0.0730095863903426,0.355886027572258,FALSE,1.74574104390516,66.3446960305032,"83a8890c9bd54b31ca0a35c09670b06c2135cbfd5512632ef57454e326b2680b"
"24-35",84.1003150170216,20,0.142172785830223,0.110703631432874,-0.0748063317782096,0.359151903438656,FALSE,1.74574104390516,66.3446960305032,"83a8890c9bd54b31ca0a35c09670b06c2135cbfd5512632ef57454e326b2680b"
"24-35",84.3371708717289,20,0.142910947130907,0.112004908773537,-0.0766186740652263,0.36244056832704,FALSE,1.74574104390516,66.3446960305032,"83a8890c9bd54b31ca0a35c09670b06c2135cbfd5512632ef57454e326b2680b"
"24-35",84.5740267264363,20,0.143652624580532,0.113315776159541,-0.0784462966921698,0.365751545853233,FALSE,1.74574104390516,66.3446960305032,"83a8890c9bd54b31ca0a35c09670b06c2135cbfd5512632ef57454e326b2680b"
"24-35",84.8108825811437,20,0.144397738266622,0.114636032362843,-0.0802888851645504,0.369084361697794,FALSE,1.74574104390516,66.3446960305032,"83a8890c9bd54b31ca0a35c09670b06c2135cbfd5512632ef57454e326b2680b"
"24-35",85.047738435851,20,0.145146208276702,0.115965477249026,-0.0821461271313892,0.372438543684792,FALSE,1.74574104390516,66.3446960305032,"83a8890c9bd54b31ca0a35c09670b06c2135cbfd5512632ef57454e326b2680b"
"24-35",85.2845942905584,20,0.145897954698295,0.117303911811522,-0.0840177124522874,0.375813621848877,FALSE,1.74574104390516,66.3446960305032,"83a8890c9bd54b31ca0a35c09670b06c2135cbfd5512632ef57454e326b2680b"
"24-35",85.5214501452658,20,0.146652897618926,0.118651138200327,-0.0859033332537159,0.379209128491568,FALSE,1.74574104390516,66.3446960305032,"83a8890c9bd54b31ca0a35c09670b06c2135cbfd5512632ef57454e326b2680b"
"24-35",85.7583059999731,20,0.147410957126119,0.120006959745672,-0.0878026839753986,0.382624598227636,FALSE,1.74574104390516,66.3446960305032,"83a8890c9bd54b31ca0a35c09670b06c2135cbfd5512632ef57454e326b2680b"
"24-35",85.9951618546805,20,0.148172053307397,0.121371180977049,-0.0897154614076189,0.386059568022413,FALSE,1.74574104390516,66.3446960305032,"83a8890c9bd54b31ca0a35c09670b06c2135cbfd5512632ef57454e326b2680b"
"24-35",86.2320177093878,20,0.148936106250286,0.122743607638011,-0.0916413647202167,0.389513577220788,FALSE,1.74574104390516,66.3446960305032,"83a8890c9bd54b31ca0a35c09670b06c2135cbfd5512632ef57454e326b2680b"
"24-35",86.4688735640952,20,0.149703036042308,0.124124046697096,-0.0935800954840008,0.392986167568617,FALSE,1.74574104390516,66.3446960305032,"83a8890c9bd54b31ca0a35c09670b06c2135cbfd5512632ef57454e326b2680b"
"24-35",86.7057294188026,20,0.150472762770988,0.125512306355227,-0.0955313576852568,0.396476883227233,FALSE,1.74574104390516,66.3446960305032,"83a8890c9bd54b31ca0a35c09670b06c2135cbfd5512632ef57454e326b2680b"
"24-35",86.9425852735099,20,0.15124520652385,0.126908196049911,-0.0974948577339756,0.399985270781676,FALSE,1.74574104390516,66.3446960305032,"83a8890c9bd54b31ca0a35c09670b06c2135cbfd5512632ef57454e326b2680b"
"24-35",87.1794411282173,20,0.152020287388419,0.128311526456539,-0.0994703044663986,0.403510879243236,FALSE,1.74574104390516,66.3446960305032,"83a8890c9bd54b31ca0a35c09670b06c2135cbfd5512632ef57454e326b2680b"
"24-35",87.4162969829247,20,0.152797925452217,0.129722109487059,-0.101457409142419,0.407053260046853,FALSE,1.74574104390516,66.3446960305032,"83a8890c9bd54b31ca0a35c09670b06c2135cbfd5512632ef57454e326b2680b"
"24-35",87.653152837632,20,0.15357804080277,0.131139758286287,-0.103455885438353,0.410611967043892,FALSE,1.74574104390516,66.3446960305032,"83a8890c9bd54b31ca0a35c09670b06c2135cbfd5512632ef57454e326b2680b"
"24-35",87.8900086923394,20,0.1543605535276,0.1325642872261,-0.105465449435557,0.414186556490757,FALSE,1.74574104390516,66.3446960305032,"83a8890c9bd54b31ca0a35c09670b06c2135cbfd5512632ef57454e326b2680b"
"24-35",88.1268645470468,20,0.155145383714234,0.133995511897725,-0.107485819605307,0.417776587033774,FALSE,1.74574104390516,66.3446960305032,"83a8890c9bd54b31ca0a35c09670b06c2135cbfd5512632ef57454e326b2680b"
"24-35",88.3637204017541,20,0.155932451450193,0.135433249102334,-0.109516716790381,0.421381619690767,FALSE,1.74574104390516,66.3446960305032,"83a8890c9bd54b31ca0a35c09670b06c2135cbfd5512632ef57454e326b2680b"
"24-35",88.6005762564615,20,0.156721676823003,0.136877316840141,-0.111557864183673,0.425001217829679,FALSE,1.74574104390516,66.3446960305032,"83a8890c9bd54b31ca0a35c09670b06c2135cbfd5512632ef57454e326b2680b"
"24-35",88.8374321111688,20,0.157512979920187,0.138327534298169,-0.113608987304223,0.428634947144598,FALSE,1.74574104390516,66.3446960305032,"83a8890c9bd54b31ca0a35c09670b06c2135cbfd5512632ef57454e326b2680b"
"24-35",89.0742879658762,20,0.15830628082927,0.13978372183685,-0.115669813970956,0.432282375629496,FALSE,1.74574104390516,66.3446960305032,"83a8890c9bd54b31ca0a35c09670b06c2135cbfd5512632ef57454e326b2680b"
"24-35",89.3111438205836,20,0.159101499637776,0.141245700975611,-0.117740074274422,0.435943073549974,FALSE,1.74574104390516,66.3446960305032,"83a8890c9bd54b31ca0a35c09670b06c2135cbfd5512632ef57454e326b2680b"
"24-35",89.5479996752909,20,0.159898556433228,0.142713294377578,-0.119819500546825,0.439616613413281,FALSE,1.74574104390516,66.3446960305032,"83a8890c9bd54b31ca0a35c09670b06c2135cbfd5512632ef57454e326b2680b"
"24-35",89.7848555299983,20,0.160697371303151,0.144186325833524,-0.121907827330556,0.443302569936857,FALSE,1.74574104390516,66.3446960305032,"83a8890c9bd54b31ca0a35c09670b06c2135cbfd5512632ef57454e326b2680b"
"24-35",90.0217113847057,20,0.161497864335068,0.145664620245179,-0.124004791345483,0.447000520015619,FALSE,1.74574104390516,66.3446960305032,"83a8890c9bd54b31ca0a35c09670b06c2135cbfd5512632ef57454e326b2680b"
"24-35",90.258567239413,20,0.162299955616505,0.147148003608004,-0.126110131455183,0.450710042688192,FALSE,1.74574104390516,66.3446960305032,"83a8890c9bd54b31ca0a35c09670b06c2135cbfd5512632ef57454e326b2680b"
"24-35",90.4954230941204,20,0.163103565234984,0.148636302993521,-0.128223588632317,0.454430719102286,FALSE,1.74574104390516,66.3446960305032,"83a8890c9bd54b31ca0a35c09670b06c2135cbfd5512632ef57454e326b2680b"
"24-35",90.7322789488277,20,0.16390861327803,0.150129346531297,-0.130344905923313,0.458162132479373,FALSE,1.74574104390516,66.3446960305032,"83a8890c9bd54b31ca0a35c09670b06c2135cbfd5512632ef57454e326b2680b"
"24-35",90.9691348035351,20,0.164715019833168,0.151626963390648,-0.132473828412502,0.461903868078837,FALSE,1.74574104390516,66.3446960305032,"83a8890c9bd54b31ca0a35c09670b06c2135cbfd5512632ef57454e326b2680b"
"24-35",91.2059906582425,20,0.16552270498792,0.153128983762142,-0.134610103185879,0.465655513161719,FALSE,1.74574104390516,66.3446960305032,"83a8890c9bd54b31ca0a35c09670b06c2135cbfd5512632ef57454e326b2680b"
"24-35",91.4428465129498,20,0.166331588829811,0.154635238838972,-0.136753479294575,0.469416656954198,FALSE,1.74574104390516,66.3446960305032,"83a8890c9bd54b31ca0a35c09670b06c2135cbfd5512632ef57454e326b2680b"
"24-35",91.6797023676572,20,0.167141591446366,0.156145560798243,-0.138903707718189,0.473186890610922,FALSE,1.74574104390516,66.3446960305032,"83a8890c9bd54b31ca0a35c09670b06c2135cbfd5512632ef57454e326b2680b"
"24-35",91.9165582223646,20,0.167952632925108,0.157659782782236,-0.141060541328074,0.47696580717829,FALSE,1.74574104390516,66.3446960305032,"83a8890c9bd54b31ca0a35c09670b06c2135cbfd5512632ef57454e326b2680b"
"24-35",92.1534140770719,20,0.168764633353561,0.159177738879703,-0.143223734850657,0.48075300155778,FALSE,1.74574104390516,66.3446960305032,"83a8890c9bd54b31ca0a35c09670b06c2135cbfd5512632ef57454e326b2680b"
"24-35",92.3902699317793,20,0.16957751281925,0.16069926410722,-0.145393044830902,0.484548070469401,FALSE,1.74574104390516,66.3446960305032,"83a8890c9bd54b31ca0a35c09670b06c2135cbfd5512632ef57454e326b2680b"
"24-35",92.6271257864866,20,0.170391191409698,0.162224194390645,-0.147568229595967,0.488350612415362,FALSE,1.74574104390516,66.3446960305032,"83a8890c9bd54b31ca0a35c09670b06c2135cbfd5512632ef57454e326b2680b"
"24-35",92.863981641194,20,0.171205589212429,0.163752366546722,-0.149749049219145,0.492160227644004,FALSE,1.74574104390516,66.3446960305032,"83a8890c9bd54b31ca0a35c09670b06c2135cbfd5512632ef57454e326b2680b"
"24-35",93.1008374959014,20,0.172020626314968,0.165283618264845,-0.151935265484129,0.495976518114065,FALSE,1.74574104390516,66.3446960305032,"83a8890c9bd54b31ca0a35c09670b06c2135cbfd5512632ef57454e326b2680b"
"24-35",93.3376933506087,20,0.172836222804839,0.16681778808903,-0.15412664184966,0.499799087459337,FALSE,1.74574104390516,66.3446960305032,"83a8890c9bd54b31ca0a35c09670b06c2135cbfd5512632ef57454e326b2680b"
"24-35",93.5745492053161,20,0.173652298769565,0.168354715400094,-0.156322943414619,0.503627540953748,FALSE,1.74574104390516,66.3446960305032,"83a8890c9bd54b31ca0a35c09670b06c2135cbfd5512632ef57454e326b2680b"
"24-35",93.8114050600235,20,0.174468774296671,0.169894240398085,-0.158523936883576,0.507461485476918,FALSE,1.74574104390516,66.3446960305032,"83a8890c9bd54b31ca0a35c09670b06c2135cbfd5512632ef57454e326b2680b"
"24-35",94.0482609147308,20,0.17528556947368,0.17143620408497,-0.160729390532862,0.511300529480222,FALSE,1.74574104390516,66.3446960305032,"83a8890c9bd54b31ca0a35c09670b06c2135cbfd5512632ef57454e326b2680b"
"24-35",94.2851167694382,20,0.176102604388118,0.172980448247593,-0.162939074177164,0.5151442829534,FALSE,1.74574104390516,66.3446960305032,"83a8890c9bd54b31ca0a35c09670b06c2135cbfd5512632ef57454e326b2680b"
"24-35",94.5219726241455,20,0.176919799127507,0.174526815440924,-0.165152759136704,0.518992357391718,FALSE,1.74574104390516,66.3446960305032,"83a8890c9bd54b31ca0a35c09670b06c2135cbfd5512632ef57454e326b2680b"
"24-35",94.7588284788529,20,0.177737073779373,0.176075148971611,-0.167370218204986,0.522844365763731,FALSE,1.74574104390516,66.3446960305032,"83a8890c9bd54b31ca0a35c09670b06c2135cbfd5512632ef57454e326b2680b"
"36-47",0.0164865959077473,20,-0.557214466308867,0.0806243338835723,-0.715238160720668,-0.399190771897065,FALSE,1.74615801560054,66.4693798324298,"83a8890c9bd54b31ca0a35c09670b06c2135cbfd5512632ef57454e326b2680b"
"36-47",0.25334245061511,20,-0.549538042464563,0.0793448274956352,-0.705053904356008,-0.394022180573118,FALSE,1.74615801560054,66.4693798324298,"83a8890c9bd54b31ca0a35c09670b06c2135cbfd5512632ef57454e326b2680b"
"36-47",0.490198305322473,20,-0.541862522449002,0.0780662667177899,-0.69487240521587,-0.388852639682134,FALSE,1.74615801560054,66.4693798324298,"83a8890c9bd54b31ca0a35c09670b06c2135cbfd5512632ef57454e326b2680b"
"36-47",0.727054160029836,20,-0.534188810090926,0.0767889550901816,-0.684695162067682,-0.38368245811417,FALSE,1.74615801560054,66.4693798324298,"83a8890c9bd54b31ca0a35c09670b06c2135cbfd5512632ef57454e326b2680b"
"36-47",0.963910014737199,20,-0.526517809219079,0.0755131958235786,-0.674523673033293,-0.378511945404864,FALSE,1.74615801560054,66.4693798324298,"83a8890c9bd54b31ca0a35c09670b06c2135cbfd5512632ef57454e326b2680b"
"36-47",1.20076586944456,20,-0.518850423662201,0.0742392917513896,-0.664359435494925,-0.373341411829478,FALSE,1.74615801560054,66.4693798324298,"83a8890c9bd54b31ca0a35c09670b06c2135cbfd5512632ef57454e326b2680b"
"36-47",1.43762172415192,20,-0.511187557249038,0.0729675452794687,-0.654203945996796,-0.368171168501279,FALSE,1.74615801560054,66.4693798324298,"83a8890c9bd54b31ca0a35c09670b06c2135cbfd5512632ef57454e326b2680b"
"36-47",1.67447757885929,20,-0.50353011380833,0.0716982583335147,-0.644058700142019,-0.363001527474641,FALSE,1.74615801560054,66.4693798324298,"83a8890c9bd54b31ca0a35c09670b06c2135cbfd5512632ef57454e326b2680b"
"36-47",1.74615801560054,20,-0.501213923134045,0.0713146604187559,-0.640990657554806,-0.361437188713283,TRUE,1.74615801560054,66.4693798324298,"83a8890c9bd54b31ca0a35c09670b06c2135cbfd5512632ef57454e326b2680b"
"36-47",1.91133343356665,20,-0.495878997168821,0.0704317323038606,-0.633925192484388,-0.357832801853255,TRUE,1.74615801560054,66.4693798324298,"83a8890c9bd54b31ca0a35c09670b06c2135cbfd5512632ef57454e326b2680b"
"36-47",2.14818928827401,20,-0.488235111159254,0.0691682679874346,-0.623804916414626,-0.352665305903882,TRUE,1.74615801560054,66.4693798324298,"83a8890c9bd54b31ca0a35c09670b06c2135cbfd5512632ef57454e326b2680b"
"36-47",2.38504514298138,20,-0.48059935960837,0.0679081655266559,-0.613699364040616,-0.347499355176125,TRUE,1.74615801560054,66.4693798324298,"83a8890c9bd54b31ca0a35c09670b06c2135cbfd5512632ef57454e326b2680b"
"36-47",2.62190099768874,20,-0.472972646344914,0.0666517243450131,-0.603610026061139,-0.342335266628688,TRUE,1.74615801560054,66.4693798324298,"83a8890c9bd54b31ca0a35c09670b06c2135cbfd5512632ef57454e326b2680b"
"36-47",2.8587568523961,20,-0.465355875197627,0.065399243079054,-0.593538391632572,-0.337173358762681,TRUE,1.74615801560054,66.4693798324298,"83a8890c9bd54b31ca0a35c09670b06c2135cbfd5512632ef57454e326b2680b"
"36-47",3.09561270710346,20,-0.457749949995251,0.0641510195064937,-0.583485948227979,-0.332013951762524,TRUE,1.74615801560054,66.4693798324298,"83a8890c9bd54b31ca0a35c09670b06c2135cbfd5512632ef57454e326b2680b"
"36-47",3.33246856181083,20,-0.450155774566531,0.0629073504701269,-0.57345418148798,-0.326857367645083,TRUE,1.74615801560054,66.4693798324298,"83a8890c9bd54b31ca0a35c09670b06c2135cbfd5512632ef57454e326b2680b"
"36-47",3.56932441651819,20,-0.442574252740208,0.061668531797207,-0.563444575062734,-0.321703930417682,TRUE,1.74615801560054,66.4693798324298,"83a8890c9bd54b31ca0a35c09670b06c2135cbfd5512632ef57454e326b2680b"
"36-47",3.80618027122555,20,-0.435006288345025,0.0604348582139278,-0.553458610444324,-0.316553966245727,TRUE,1.74615801560054,66.4693798324298,"83a8890c9bd54b31ca0a35c09670b06c2135cbfd5512632ef57454e326b2680b"
"36-47",4.04303612593292,20,-0.427452785209726,0.0592066232546141,-0.543497766788769,-0.311407803630682,TRUE,1.74615801560054,66.4693798324298,"83a8890c9bd54b31ca0a35c09670b06c2135cbfd5512632ef57454e326b2680b"
"36-47",4.27989198064028,20,-0.419914647163051,0.0579841191652007,-0.533563520726844,-0.306265773599257,TRUE,1.74615801560054,66.4693798324298,"83a8890c9bd54b31ca0a35c09670b06c2135cbfd5512632ef57454e326b2680b"
"36-47",4.51674783534764,20,-0.412392778033745,0.056767636800544,-0.523657346162811,-0.301128209904678,TRUE,1.74615801560054,66.4693798324298,"83a8890c9bd54b31ca0a35c09670b06c2135cbfd5512632ef57454e326b2680b"
"36-47",4.753603690055,20,-0.404888081650549,0.0555574655150741,-0.513780714060094,-0.295995449241004,TRUE,1.74615801560054,66.4693798324298,"83a8890c9bd54b31ca0a35c09670b06c2135cbfd5512632ef57454e326b2680b"
"36-47",4.99045954476237,20,-0.397401461842207,0.054353893046261,-0.503935092212879,-0.290867831471536,TRUE,1.74615801560054,66.4693798324298,"83a8890c9bd54b31ca0a35c09670b06c2135cbfd5512632ef57454e326b2680b"
"36-47",5.22731539946973,20,-0.389933822437461,0.0531572053903231,-0.494121945002495,-0.285745699872428,TRUE,1.74615801560054,66.4693798324298,"83a8890c9bd54b31ca0a35c09670b06c2135cbfd5512632ef57454e326b2680b"
"36-47",5.46417125417709,20,-0.382486067265055,0.0519676866695638,-0.4843427331374,-0.28062940139271,TRUE,1.74615801560054,66.4693798324298,"83a8890c9bd54b31ca0a35c09670b06c2135cbfd5512632ef57454e326b2680b"
"36-47",5.70102710888446,20,-0.375059100153729,0.0507856189906745,-0.474598913375451,-0.275519286932007,TRUE,1.74615801560054,66.4693798324298,"83a8890c9bd54b31ca0a35c09670b06c2135cbfd5512632ef57454e326b2680b"
"36-47",5.93788296359182,20,-0.367653824932228,0.049611282293291,-0.464891938227078,-0.270415711637377,TRUE,1.74615801560054,66.4693798324298,"83a8890c9bd54b31ca0a35c09670b06c2135cbfd5512632ef57454e326b2680b"
"36-47",6.17473881829918,20,-0.360271145429293,0.0484449541880328,-0.455223255637838,-0.265319035220749,TRUE,1.74615801560054,66.4693798324298,"83a8890c9bd54b31ca0a35c09670b06c2135cbfd5512632ef57454e326b2680b"
"36-47",6.41159467300655,20,-0.352911965473669,0.0472869097832,-0.445594308648741,-0.260229622298596,TRUE,1.74615801560054,66.4693798324298,"83a8890c9bd54b31ca0a35c09670b06c2135cbfd5512632ef57454e326b2680b"
"36-47",6.64845052771391,20,-0.345577188894096,0.0461374214992355,-0.436006535032598,-0.255147842755595,TRUE,1.74615801560054,66.4693798324298,"83a8890c9bd54b31ca0a35c09670b06c2135cbfd5512632ef57454e326b2680b"
"36-47",6.88530638242127,20,-0.338267719519318,0.0449967588699935,-0.426461366904505,-0.250074072134131,TRUE,1.74615801560054,66.4693798324298,"83a8890c9bd54b31ca0a35c09670b06c2135cbfd5512632ef57454e326b2680b"
"36-47",7.12216223712863,20,-0.330984461178078,0.0438651883297866,-0.41696023030446,-0.245008692051697,TRUE,1.74615801560054,66.4693798324298,"83a8890c9bd54b31ca0a35c09670b06c2135cbfd5512632ef57454e326b2680b"
"36-47",7.359018091836,20,-0.323728317699118,0.0427429729851014,-0.407504544749917,-0.23995209064832,TRUE,1.74615801560054,66.4693798324298,"83a8890c9bd54b31ca0a35c09670b06c2135cbfd5512632ef57454e326b2680b"
"36-47",7.59587394654336,20,-0.316500192911181,0.0416303723697971,-0.398095722755984,-0.234904663066379,TRUE,1.74615801560054,66.4693798324298,"83a8890c9bd54b31ca0a35c09670b06c2135cbfd5512632ef57454e326b2680b"
"36-47",7.83272980125072,20,-0.30930099064301,0.0405276421825129,-0.388735169320735,-0.229866811965285,TRUE,1.74615801560054,66.4693798324298,"83a8890c9bd54b31ca0a35c09670b06c2135cbfd5512632ef57454e326b2680b"
"36-47",8.06958565595808,20,-0.302131614723347,0.0394350340049202,-0.379424281372991,-0.224838948073703,TRUE,1.74615801560054,66.4693798324298,"83a8890c9bd54b31ca0a35c09670b06c2135cbfd5512632ef57454e326b2680b"
"36-47",8.30644151066545,20,-0.294992968980935,0.0383527949993625,-0.370164447179685,-0.219821490782184,TRUE,1.74615801560054,66.4693798324298,"83a8890c9bd54b31ca0a35c09670b06c2135cbfd5512632ef57454e326b2680b"
"36-47",8.54329736537281,20,-0.287885957244517,0.0372811675843259,-0.360957045709795,-0.214814868779238,TRUE,1.74615801560054,66.4693798324298,"83a8890c9bd54b31ca0a35c09670b06c2135cbfd5512632ef57454e326b2680b"
"36-47",8.78015322008017,20,-0.280811483342834,0.0362203890860826,-0.351803445951556,-0.209819520734113,TRUE,1.74615801560054,66.4693798324298,"83a8890c9bd54b31ca0a35c09670b06c2135cbfd5512632ef57454e326b2680b"
"36-47",9.01700907478754,20,-0.273770451104631,0.0351706913647438,-0.342705006179529,-0.204835896029733,TRUE,1.74615801560054,66.4693798324298,"83a8890c9bd54b31ca0a35c09670b06c2135cbfd5512632ef57454e326b2680b"
"36-47",9.2538649294949,20,-0.26676376435865,0.0341323004128531,-0.333663073167842,-0.199864455549458,TRUE,1.74615801560054,66.4693798324298,"83a8890c9bd54b31ca0a35c09670b06c2135cbfd5512632ef57454e326b2680b"
"36-47",9.49072078420226,20,-0.259792326933633,0.0331054359245425,-0.324678981345736,-0.194905672521529,TRUE,1.74615801560054,66.4693798324298,"83a8890c9bd54b31ca0a35c09670b06c2135cbfd5512632ef57454e326b2680b"
"36-47",9.72757663890962,20,-0.252857042658322,0.0320903108331658,-0.315754051891327,-0.189960033425317,TRUE,1.74615801560054,66.4693798324298,"83a8890c9bd54b31ca0a35c09670b06c2135cbfd5512632ef57454e326b2680b"
"36-47",9.96443249361699,20,-0.245958815361462,0.0310871308152229,-0.306889591759299,-0.185028038963625,TRUE,1.74615801560054,66.4693798324298,"83a8890c9bd54b31ca0a35c09670b06c2135cbfd5512632ef57454e326b2680b"
"36-47",10.2012883483244,20,-0.239098548871794,0.0300960937582827,-0.298086892638028,-0.18011020510556,TRUE,1.74615801560054,66.4693798324298,"83a8890c9bd54b31ca0a35c09670b06c2135cbfd5512632ef57454e326b2680b"
"36-47",10.4381442030317,20,-0.23227714701806,0.0291173891905256,-0.28934722983149,-0.17520706420463,TRUE,1.74615801560054,66.4693798324298,"83a8890c9bd54b31ca0a35c09670b06c2135cbfd5512632ef57454e326b2680b"
"36-47",10.6750000577391,20,-0.225495513629005,0.0281511976694414,-0.28067186106111,-0.1703191661969,TRUE,1.74615801560054,66.4693798324298,"83a8890c9bd54b31ca0a35c09670b06c2135cbfd5512632ef57454e326b2680b"
"36-47",10.9118559124464,20,-0.21875455253337,0.0271976901271526,-0.272062025182589,-0.165447079884151,TRUE,1.74615801560054,66.4693798324298,"83a8890c9bd54b31ca0a35c09670b06c2135cbfd5512632ef57454e326b2680b"
"36-47",11.1487117671538,20,-0.212055167559898,0.0262570271697865,-0.26351894081268,-0.160591394307116,TRUE,1.74615801560054,66.4693798324298,"83a8890c9bd54b31ca0a35c09670b06c2135cbfd5512632ef57454e326b2680b"
"36-47",11.3855676218612,20,-0.205398262537332,0.0253293583282966,-0.255043804860793,-0.15575272021387,TRUE,1.74615801560054,66.4693798324298,"83a8890c9bd54b31ca0a35c09670b06c2135cbfd5512632ef57454e326b2680b"
"36-47",11.6224234765685,20,-0.198784741294414,0.0244148212581452,-0.246637790960378,-0.150931691628449,TRUE,1.74615801560054,66.4693798324298,"83a8890c9bd54b31ca0a35c09670b06c2135cbfd5512632ef57454e326b2680b"
"36-47",11.8592793312759,20,-0.192215507659887,0.0235135408853087,-0.238302047795092,-0.146128967524682,TRUE,1.74615801560054,66.4693798324298,"83a8890c9bd54b31ca0a35c09670b06c2135cbfd5512632ef57454e326b2680b"
"36-47",12.0961351859833,20,-0.185691465462494,0.0226256284961649,-0.230037697314977,-0.141345233610011,TRUE,1.74615801560054,66.4693798324298,"83a8890c9bd54b31ca0a35c09670b06c2135cbfd5512632ef57454e326b2680b"
"36-47",12.3329910406906,20,-0.179213518530977,0.0217511807689778,-0.221845832838174,-0.136581204223781,TRUE,1.74615801560054,66.4693798324298,"83a8890c9bd54b31ca0a35c09670b06c2135cbfd5512632ef57454e326b2680b"
"36-47",12.569846895398,20,-0.17278257069408,0.0208902787449259,-0.213727517034135,-0.131837624354025,TRUE,1.74615801560054,66.4693798324298,"83a8890c9bd54b31ca0a35c09670b06c2135cbfd5512632ef57454e326b2680b"
"36-47",12.8067027501053,20,-0.166399525780544,0.0200429867369203,-0.205683779784908,-0.12711527177618,TRUE,1.74615801560054,66.4693798324298,"83a8890c9bd54b31ca0a35c09670b06c2135cbfd5512632ef57454e326b2680b"
"36-47",13.0435586048127,20,-0.160065287619113,0.0192093511748724,-0.197715615921863,-0.122414959316363,TRUE,1.74615801560054,66.4693798324298,"83a8890c9bd54b31ca0a35c09670b06c2135cbfd5512632ef57454e326b2680b"
"36-47",13.2804144595201,20,-0.153780760038529,0.0183893993865772,-0.18982398283622,-0.117737537240837,TRUE,1.74615801560054,66.4693798324298,"83a8890c9bd54b31ca0a35c09670b06c2135cbfd5512632ef57454e326b2680b"
"36-47",13.5172703142274,20,-0.147546846867534,0.0175831383140214,-0.182009797963016,-0.113083895772052,TRUE,1.74615801560054,66.4693798324298,"83a8890c9bd54b31ca0a35c09670b06c2135cbfd5512632ef57454e326b2680b"
"36-47",13.7541261689348,20,-0.141364451934873,0.0167905531657061,-0.174273936139656,-0.108454967730089,TRUE,1.74615801560054,66.4693798324298,"83a8890c9bd54b31ca0a35c09670b06c2135cbfd5512632ef57454e326b2680b"
"36-47",13.9909820236422,20,-0.135234479069286,0.0160116060065085,-0.166617226842043,-0.103851731296529,TRUE,1.74615801560054,66.4693798324298,"83a8890c9bd54b31ca0a35c09670b06c2135cbfd5512632ef57454e326b2680b"
"36-47",14.2278378783495,20,-0.129157832099517,0.0152462342877187,-0.159040451303446,-0.0992752128955884,TRUE,1.74615801560054,66.4693798324298,"83a8890c9bd54b31ca0a35c09670b06c2135cbfd5512632ef57454e326b2680b"
"36-47",14.4646937330569,20,-0.123135414854309,0.0144943493211794,-0.15154433952382,-0.0947264901847968,TRUE,1.74615801560054,66.4693798324298,"83a8890c9bd54b31ca0a35c09670b06c2135cbfd5512632ef57454e326b2680b"
"36-47",14.7015495877642,20,-0.117168131162403,0.0137558347029482,-0.144129567180182,-0.0902066951446249,TRUE,1.74615801560054,66.4693798324298,"83a8890c9bd54b31ca0a35c09670b06c2135cbfd5512632ef57454e326b2680b"
"36-47",14.9384054424716,20,-0.111256884852544,0.0130305446935888,-0.136796752451978,-0.0857170172531099,TRUE,1.74615801560054,66.4693798324298,"83a8890c9bd54b31ca0a35c09670b06c2135cbfd5512632ef57454e326b2680b"
"36-47",15.175261297179,20,-0.105402579753473,0.012318302564099,-0.129546452779107,-0.0812587067278391,TRUE,1.74615801560054,66.4693798324298,"83a8890c9bd54b31ca0a35c09670b06c2135cbfd5512632ef57454e326b2680b"
"36-47",15.4121171518863,20,-0.0996061196939336,0.0116188989185675,-0.122379161574326,-0.0768330778135413,TRUE,1.74615801560054,66.4693798324298,"83a8890c9bd54b31ca0a35c09670b06c2135cbfd5512632ef57454e326b2680b"
"36-47",15.6489730065937,20,-0.0938684085026678,0.0109320900069303,-0.115295304916251,-0.0724415120890845,TRUE,1.74615801560054,66.4693798324298,"83a8890c9bd54b31ca0a35c09670b06c2135cbfd5512632ef57454e326b2680b"
"36-47",15.8858288613011,20,-0.0881903500084188,0.0102575960436225,-0.108295238253919,-0.0680854617629187,TRUE,1.74615801560054,66.4693798324298,"83a8890c9bd54b31ca0a35c09670b06c2135cbfd5512632ef57454e326b2680b"
"36-47",16.1226847160084,20,-0.0825728480399288,0.00959509955046488,-0.10137924315884,-0.0637664529210176,TRUE,1.74615801560054,66.4693798324298,"83a8890c9bd54b31ca0a35c09670b06c2135cbfd5512632ef57454e326b2680b"
"36-47",16.3595405707158,20,-0.0770168064259408,0.00894424374472995,-0.0945475241656115,-0.0594860886862701,TRUE,1.74615801560054,66.4693798324298,"83a8890c9bd54b31ca0a35c09670b06c2135cbfd5512632ef57454e326b2680b"
"36-47",16.5963964254231,20,-0.0715231289951974,0.00830463099592636,-0.087800205747213,-0.0552460522431817,TRUE,1.74615801560054,66.4693798324298,"83a8890c9bd54b31ca0a35c09670b06c2135cbfd5512632ef57454e326b2680b"
"36-47",16.8332522801305,20,-0.0660927195764411,0.007675821377341,-0.0811373294760295,-0.0510481096768528,TRUE,1.74615801560054,66.4693798324298,"83a8890c9bd54b31ca0a35c09670b06c2135cbfd5512632ef57454e326b2680b"
"36-47",17.0701081348379,20,-0.0607264819984149,0.00705733134068275,-0.0745588514261531,-0.0468941125706767,TRUE,1.74615801560054,66.4693798324298,"83a8890c9bd54b31ca0a35c09670b06c2135cbfd5512632ef57454e326b2680b"
"36-47",17.3069639895452,20,-0.0554253200898612,0.00644863254417031,-0.068064639876435,-0.0427860003032874,TRUE,1.74615801560054,66.4693798324298,"83a8890c9bd54b31ca0a35c09670b06c2135cbfd5512632ef57454e326b2680b"
"36-47",17.5438198442526,20,-0.0501901376795228,0.00584915086599057,-0.0616544733768643,-0.0387258019821813,TRUE,1.74615801560054,66.4693798324298,"83a8890c9bd54b31ca0a35c09670b06c2135cbfd5512632ef57454e326b2680b"
"36-47",17.78067569896,20,-0.0450218385961423,0.0052582656361324,-0.0553280392429619,-0.0347156379493228,TRUE,1.74615801560054,66.4693798324298,"83a8890c9bd54b31ca0a35c09670b06c2135cbfd5512632ef57454e326b2680b"
"36-47",18.0175315536673,20,-0.0399213266684627,0.00467530912015972,-0.0490849325439757,-0.0307577207929496,TRUE,1.74615801560054,66.4693798324298,"83a8890c9bd54b31ca0a35c09670b06c2135cbfd5512632ef57454e326b2680b"
"36-47",18.2543874083747,20,-0.0348895057252261,0.0040995662887091,-0.0429246556510959,-0.0268543557993562,TRUE,1.74615801560054,66.4693798324298,"83a8890c9bd54b31ca0a35c09670b06c2135cbfd5512632ef57454e326b2680b"
"36-47",18.491243263082,20,-0.0299272795951757,0.00353027490714418,-0.0368466184131782,-0.0230079407771731,TRUE,1.74615801560054,66.4693798324298,"83a8890c9bd54b31ca0a35c09670b06c2135cbfd5512632ef57454e326b2680b"
"36-47",18.7280991177894,20,-0.0250355521070538,0.0029666259834726,-0.03085013903466,-0.0192209651794475,TRUE,1.74615801560054,66.4693798324298,"83a8890c9bd54b31ca0a35c09670b06c2135cbfd5512632ef57454e326b2680b"
"36-47",18.9649549724968,20,-0.0202152270896033,0.00240776462878243,-0.0249344457620168,-0.0154960084171897,TRUE,1.74615801560054,66.4693798324298,"83a8890c9bd54b31ca0a35c09670b06c2135cbfd5512632ef57454e326b2680b"
"36-47",19.2018108272041,20,-0.0154671934483101,0.00185279261589338,-0.0190986669754611,-0.011835719921159,TRUE,1.74615801560054,66.4693798324298,"83a8890c9bd54b31ca0a35c09670b06c2135cbfd5512632ef57454e326b2680b"
"36-47",19.4386666819115,20,-0.0107918213524566,0.00130082021622392,-0.0133414289762555,-0.00824221372865775,TRUE,1.74615801560054,66.4693798324298,"83a8890c9bd54b31ca0a35c09670b06c2135cbfd5512632ef57454e326b2680b"
"36-47",19.6755225366189,20,-0.00618884063113796,0.000751029014502104,-0.00766085749956208,-0.00471682376271383,TRUE,1.74615801560054,66.4693798324298,"83a8890c9bd54b31ca0a35c09670b06c2135cbfd5512632ef57454e326b2680b"
"36-47",19.9123783913262,20,-0.00165794153074027,0.000202651704033748,-0.00205513887064641,-0.00126074419083412,TRUE,1.74615801560054,66.4693798324298,"83a8890c9bd54b31ca0a35c09670b06c2135cbfd5512632ef57454e326b2680b"
"36-47",20,20,0,0,0,0,TRUE,1.74615801560054,66.4693798324298,"83a8890c9bd54b31ca0a35c09670b06c2135cbfd5512632ef57454e326b2680b"
"36-47",20.1492342460336,20,0.00280118570235094,0.000345029343247232,0.00212492818958637,0.00347744321511552,TRUE,1.74615801560054,66.4693798324298,"83a8890c9bd54b31ca0a35c09670b06c2135cbfd5512632ef57454e326b2680b"
"36-47",20.386090100741,20,0.00718885082174962,0.000892681463310167,0.00543919515366169,0.00893850648983754,TRUE,1.74615801560054,66.4693798324298,"83a8890c9bd54b31ca0a35c09670b06c2135cbfd5512632ef57454e326b2680b"
"36-47",20.6229459554483,20,0.0115053635810701,0.00144092140116204,0.00868115763479253,0.0143295695273477,TRUE,1.74615801560054,66.4693798324298,"83a8890c9bd54b31ca0a35c09670b06c2135cbfd5512632ef57454e326b2680b"
"36-47",20.8598018101557,20,0.0157510337339264,0.00199031530970288,0.0118500157269088,0.0196520517409441,TRUE,1.74615801560054,66.4693798324298,"83a8890c9bd54b31ca0a35c09670b06c2135cbfd5512632ef57454e326b2680b"
"36-47",21.096657664863,20,0.0199261710339329,0.00254137902590958,0.0149450681431501,0.0249072739247157,TRUE,1.74615801560054,66.4693798324298,"83a8890c9bd54b31ca0a35c09670b06c2135cbfd5512632ef57454e326b2680b"
"36-47",21.3335135195704,20,0.0240310852347036,0.00309457860127749,0.0179657111761997,0.0300964592932074,TRUE,1.74615801560054,66.4693798324298,"83a8890c9bd54b31ca0a35c09670b06c2135cbfd5512632ef57454e326b2680b"
"36-47",21.5703693742778,20,0.0280660860898527,0.00365033106158954,0.0209114372091372,0.0352207349705682,TRUE,1.74615801560054,66.4693798324298,"83a8890c9bd54b31ca0a35c09670b06c2135cbfd5512632ef57454e326b2680b"
"36-47",21.8072252289851,20,0.0320314833529944,0.00420900536998964,0.0237818328278147,0.0402811338781741,TRUE,1.74615801560054,66.4693798324298,"83a8890c9bd54b31ca0a35c09670b06c2135cbfd5512632ef57454e326b2680b"
"36-47",22.0440810836925,20,0.035927586777743,0.00477092356694603,0.0265765765865287,0.0452785969689572,TRUE,1.74615801560054,66.4693798324298,"83a8890c9bd54b31ca0a35c09670b06c2135cbfd5512632ef57454e326b2680b"
"36-47",22.2809369383999,20,0.0397547061177124,0.00533636206091194,0.029295436478325,0.0502139757570998,TRUE,1.74615801560054,66.4693798324298,"83a8890c9bd54b31ca0a35c09670b06c2135cbfd5512632ef57454e326b2680b"
"36-47",22.5177927931072,20,0.0435131511265171,0.00590555304423479,0.0319382671598169,0.0550880350932172,TRUE,1.74615801560054,66.4693798324298,"83a8890c9bd54b31ca0a35c09670b06c2135cbfd5512632ef57454e326b2680b"
"36-47",22.7546486478146,20,0.0472032315577709,0.00647868601003173,0.0345050069781088,0.0599014561374331,TRUE,1.74615801560054,66.4693798324298,"83a8890c9bd54b31ca0a35c09670b06c2135cbfd5512632ef57454e326b2680b"
"36-47",22.991504502522,20,0.0508252571650885,0.00705590934724497,0.0369956748444884,0.0646548394856886,TRUE,1.74615801560054,66.4693798324298,"83a8890c9bd54b31ca0a35c09670b06c2135cbfd5512632ef57454e326b2680b"
"36-47",23.2283603572293,20,0.0543795377020836,0.0076373319928226,0.0394103669961513,0.0693487084080159,TRUE,1.74615801560054,66.4693798324298,"83a8890c9bd54b31ca0a35c09670b06c2135cbfd5512632ef57454e326b2680b"
"36-47",23.4652162119367,20,0.0578663829223706,0.00822302512186012,0.0417492536835248,0.0739835121612165,TRUE,1.74615801560054,66.4693798324298,"83a8890c9bd54b31ca0a35c09670b06c2135cbfd5512632ef57454e326b2680b"
"36-47",23.702072066644,20,0.0612861025795635,0.00881302385850895,0.0440125758168859,0.078559629342241,TRUE,1.74615801560054,66.4693798324298,"83a8890c9bd54b31ca0a35c09670b06c2135cbfd5512632ef57454e326b2680b"
"36-47",23.9389279213514,20,0.0646390064272767,0.00940732899245214,0.0462006416020705,0.0830773712524829,TRUE,1.74615801560054,66.4693798324298,"83a8890c9bd54b31ca0a35c09670b06c2135cbfd5512632ef57454e326b2680b"
"36-47",24.1757837760588,20,0.0679254042191243,0.010005908687711,0.0483138231912106,0.0875369852470379,TRUE,1.74615801560054,66.4693798324298,"83a8890c9bd54b31ca0a35c09670b06c2135cbfd5512632ef57454e326b2680b"
"36-47",24.4126396307661,20,0.0711456057087203,0.0106087001724415,0.050352553370735,0.0919386580467057,TRUE,1.74615801560054,66.4693798324298,"83a8890c9bd54b31ca0a35c09670b06c2135cbfd5512632ef57454e326b2680b"
"36-47",24.6494954854735,20,0.0742999206496792,0.0112156114001719,0.0523173223053423,0.0962825189940162,TRUE,1.74615801560054,66.4693798324298,"83a8890c9bd54b31ca0a35c09670b06c2135cbfd5512632ef57454e326b2680b"
"36-47",24.8863513401809,20,0.077388658795615,0.011826522674608,0.0542086743533833,0.100568643237847,TRUE,1.74615801560054,66.4693798324298,"83a8890c9bd54b31ca0a35c09670b06c2135cbfd5512632ef57454e326b2680b"
"36-47",25.1232071948882,20,0.0804121299001418,0.012441288231667,0.0560272049660745,0.104797054834209,TRUE,1.74615801560054,66.4693798324298,"83a8890c9bd54b31ca0a35c09670b06c2135cbfd5512632ef57454e326b2680b"
"36-47",25.3600630495956,20,0.083370643716874,0.0130597377737951,0.0577735576802356,0.108967729753512,TRUE,1.74615801560054,66.4693798324298,"83a8890c9bd54b31ca0a35c09670b06c2135cbfd5512632ef57454e326b2680b"
"36-47",25.5969189043029,20,0.0862645099994255,0.0136816779528734,0.0594484212117937,0.113080598787057,TRUE,1.74615801560054,66.4693798324298,"83a8890c9bd54b31ca0a35c09670b06c2135cbfd5512632ef57454e326b2680b"
"36-47",25.8337747590103,20,0.0890940385014107,0.0143068937991201,0.0610525266551352,0.117135550347686,TRUE,1.74615801560054,66.4693798324298,"83a8890c9bd54b31ca0a35c09670b06c2135cbfd5512632ef57454e326b2680b"
"36-47",26.0706306137177,20,0.0918595389764436,0.0149351500943651,0.0625866447914881,0.121132433161399,TRUE,1.74615801560054,66.4693798324298,"83a8890c9bd54b31ca0a35c09670b06c2135cbfd5512632ef57454e326b2680b"
"36-47",26.307486468425,20,0.0945613211781385,0.0155661926889081,0.0640515835078787,0.125071058848398,TRUE,1.74615801560054,66.4693798324298,"83a8890c9bd54b31ca0a35c09670b06c2135cbfd5512632ef57454e326b2680b"
"36-47",26.5443423231324,20,0.0971996948601095,0.0161997497618904,0.0654481853268043,0.128951204393415,TRUE,1.74615801560054,66.4693798324298,"83a8890c9bd54b31ca0a35c09670b06c2135cbfd5512632ef57454e326b2680b"
"36-47",26.7811981778398,20,0.099774969775971,0.0168355330257102,0.0667773250455791,0.132772614506363,TRUE,1.74615801560054,66.4693798324298,"83a8890c9bd54b31ca0a35c09670b06c2135cbfd5512632ef57454e326b2680b"
"36-47",27.0180540325471,20,0.102287455679337,0.0174732388755189,0.0680399074833198,0.136535003875354,TRUE,1.74615801560054,66.4693798324298,"83a8890c9bd54b31ca0a35c09670b06c2135cbfd5512632ef57454e326b2680b"
"36-47",27.2549098872545,20,0.104737462323821,0.0181125494852502,0.069236865332731,0.140238059314912,TRUE,1.74615801560054,66.4693798324298,"83a8890c9bd54b31ca0a35c09670b06c2135cbfd5512632ef57454e326b2680b"
"36-47",27.4917657419618,20,0.107125299463039,0.0187531338519665,0.0703691571131844,0.143881441812893,TRUE,1.74615801560054,66.4693798324298,"83a8890c9bd54b31ca0a35c09670b06c2135cbfd5512632ef57454e326b2680b"
"36-47",27.7286215966692,20,0.109451276850603,0.0193946487905767,0.0714377652210729,0.147464788480134,TRUE,1.74615801560054,66.4693798324298,"83a8890c9bd54b31ca0a35c09670b06c2135cbfd5512632ef57454e326b2680b"
"36-47",27.9654774513766,20,0.111715704240129,0.0200367398811838,0.0724436940730084,0.150987714407249,TRUE,1.74615801560054,66.4693798324298,"83a8890c9bd54b31ca0a35c09670b06c2135cbfd5512632ef57454e326b2680b"
"36-47",28.2023333060839,20,0.11391889138523,0.0206790423714772,0.0733879683371344,0.154449814433325,TRUE,1.74615801560054,66.4693798324298,"83a8890c9bd54b31ca0a35c09670b06c2135cbfd5512632ef57454e326b2680b"
"36-47",28.4391891607913,20,0.11606114803952,0.0213211820366961,0.0742716312475959,0.157850664831445,TRUE,1.74615801560054,66.4693798324298,"83a8890c9bd54b31ca0a35c09670b06c2135cbfd5512632ef57454e326b2680b"
"36-47",28.6760450154987,20,0.118142783956615,0.0219627759997697,0.075095742997066,0.161189824916163,TRUE,1.74615801560054,66.4693798324298,"83a8890c9bd54b31ca0a35c09670b06c2135cbfd5512632ef57454e326b2680b"
"36-47",28.912900870206,20,0.120164108890127,0.0226034335142841,0.0758613792021299,0.164466838578124,TRUE,1.74615801560054,66.4693798324298,"83a8890c9bd54b31ca0a35c09670b06c2135cbfd5512632ef57454e326b2680b"
"36-47",29.1497567249134,20,0.122125432593671,0.0232427567129531,0.0765696294362831,0.167681235751059,TRUE,1.74615801560054,66.4693798324298,"83a8890c9bd54b31ca0a35c09670b06c2135cbfd5512632ef57454e326b2680b"
"36-47",29.3866125796207,20,0.124027064820862,0.023880341324274,0.0772215958252846,0.170832533816439,TRUE,1.74615801560054,66.4693798324298,"83a8890c9bd54b31ca0a35c09670b06c2135cbfd5512632ef57454e326b2680b"
"36-47",29.6234684343281,20,0.125869315325313,0.0245157773600426,0.077818391699629,0.173920238950996,TRUE,1.74615801560054,66.4693798324298,"83a8890c9bd54b31ca0a35c09670b06c2135cbfd5512632ef57454e326b2680b"
"36-47",29.8603242890355,20,0.127652493860638,0.0251486497763835,0.0783611402989265,0.17694384742235,TRUE,1.74615801560054,66.4693798324298,"83a8890c9bd54b31ca0a35c09670b06c2135cbfd5512632ef57454e326b2680b"
"36-47",30.0971801437428,20,0.129376910180453,0.0257785391109268,0.0788509735230361,0.179902846837869,TRUE,1.74615801560054,66.4693798324298,"83a8890c9bd54b31ca0a35c09670b06c2135cbfd5512632ef57454e326b2680b"
"36-47",30.3340359984502,20,0.13104287403837,0.0264050220987359,0.0792890307248476,0.182796717351892,TRUE,1.74615801560054,66.4693798324298,"83a8890c9bd54b31ca0a35c09670b06c2135cbfd5512632ef57454e326b2680b"
"36-47",30.5708918531576,20,0.132650695188004,0.027027672269562,0.079676457539663,0.185624932836346,TRUE,1.74615801560054,66.4693798324298,"83a8890c9bd54b31ca0a35c09670b06c2135cbfd5512632ef57454e326b2680b"
"36-47",30.8077477078649,20,0.13420068338297,0.0276460605289722,0.0800144047461846,0.188386962019756,TRUE,1.74615801560054,66.4693798324298,"83a8890c9bd54b31ca0a35c09670b06c2135cbfd5512632ef57454e326b2680b"
"36-47",31.0446035625723,20,0.135693148376882,0.0282597557258771,0.0803040271541625,0.191082269599601,TRUE,1.74615801560054,66.4693798324298,"83a8890c9bd54b31ca0a35c09670b06c2135cbfd5512632ef57454e326b2680b"
"36-47",31.2814594172796,20,0.137128399923353,0.028868325208961,0.0805464825137889,0.193710317332916,TRUE,1.74615801560054,66.4693798324298,"83a8890c9bd54b31ca0a35c09670b06c2135cbfd5512632ef57454e326b2680b"
"36-47",31.518315271987,20,0.138506747775997,0.0294713353745111,0.0807429304419556,0.196270565110039,TRUE,1.74615801560054,66.4693798324298,"83a8890c9bd54b31ca0a35c09670b06c2135cbfd5512632ef57454e326b2680b"
"36-47",31.7551711266944,20,0.13982850168843,0.0300683522081305,0.0808945313604945,0.198762472016366,TRUE,1.74615801560054,66.4693798324298,"83a8890c9bd54b31ca0a35c09670b06c2135cbfd5512632ef57454e326b2680b"
"36-47",31.9920269814017,20,0.141093971414265,0.0306589418228321,0.0810024454415145,0.201185497387016,TRUE,1.74615801560054,66.4693798324298,"83a8890c9bd54b31ca0a35c09670b06c2135cbfd5512632ef57454e326b2680b"
"36-47",32.2288828361091,20,0.142303466707117,0.0312426709960203,0.081067831554917,0.203539101859317,TRUE,1.74615801560054,66.4693798324298,"83a8890c9bd54b31ca0a35c09670b06c2135cbfd5512632ef57454e326b2680b"
"36-47",32.4657386908165,20,0.143457297320599,0.0318191077078966,0.0810918462131215,0.205822748428076,TRUE,1.74615801560054,66.4693798324298,"83a8890c9bd54b31ca0a35c09670b06c2135cbfd5512632ef57454e326b2680b"
"36-47",32.7025945455238,20,0.144555773008326,0.0323878216838634,0.0810756425079533,0.208035903508698,TRUE,1.74615801560054,66.4693798324298,"83a8890c9bd54b31ca0a35c09670b06c2135cbfd5512632ef57454e326b2680b"
"36-47",32.9394504002312,20,0.145599203523911,0.0329483849435533,0.0810203690345467,0.210178038013276,TRUE,1.74615801560054,66.4693798324298,"83a8890c9bd54b31ca0a35c09670b06c2135cbfd5512632ef57454e326b2680b"
"36-47",33.1763062549386,20,0.14658789862097,0.0335003723591778,0.0809271687969815,0.212248628444958,TRUE,1.74615801560054,66.4693798324298,"83a8890c9bd54b31ca0a35c09670b06c2135cbfd5512632ef57454e326b2680b"
"36-47",33.4131621096459,20,0.147522168053116,0.0340433622259716,0.0807971780902115,0.21424715801602,TRUE,1.74615801560054,66.4693798324298,"83a8890c9bd54b31ca0a35c09670b06c2135cbfd5512632ef57454e326b2680b"
"36-47",33.6500179643533,20,0.148402321573963,0.0345769368476091,0.0806315253526495,0.216173117795277,TRUE,1.74615801560054,66.4693798324298,"83a8890c9bd54b31ca0a35c09670b06c2135cbfd5512632ef57454e326b2680b"
"36-47",33.8868738190606,20,0.149228668937126,0.0351006831395847,0.0804313299835405,0.218026007890712,TRUE,1.74615801560054,66.4693798324298,"83a8890c9bd54b31ca0a35c09670b06c2135cbfd5512632ef57454e326b2680b"
"36-47",34.123729673768,20,0.150001519896219,0.0356141932536859,0.0801977011189949,0.219805338673444,TRUE,1.74615801560054,66.4693798324298,"83a8890c9bd54b31ca0a35c09670b06c2135cbfd5512632ef57454e326b2680b"
"36-47",34.3605855284754,20,0.150721184204856,0.036117065226844,0.0799317363602419,0.22151063204947,TRUE,1.74615801560054,66.4693798324298,"83a8890c9bd54b31ca0a35c09670b06c2135cbfd5512632ef57454e326b2680b"
"36-47",34.5974413831827,20,0.151387971616651,0.0366089036578233,0.0796345204473174,0.223141422785985,TRUE,1.74615801560054,66.4693798324298,"83a8890c9bd54b31ca0a35c09670b06c2135cbfd5512632ef57454e326b2680b"
"36-47",34.8342972378901,20,0.152002191885218,0.0370893204154125,0.0793071238710099,0.224697259899427,TRUE,1.74615801560054,66.4693798324298,"83a8890c9bd54b31ca0a35c09670b06c2135cbfd5512632ef57454e326b2680b"
"36-47",35.0711530925975,20,0.152564154764172,0.0375579353820054,0.0789506014154414,0.226177708112903,TRUE,1.74615801560054,66.4693798324298,"83a8890c9bd54b31ca0a35c09670b06c2135cbfd5512632ef57454e326b2680b"
"36-47",35.3080089473048,20,0.153074170007127,0.0380143772367098,0.0785659906231754,0.227582349391078,TRUE,1.74615801560054,66.4693798324298,"83a8890c9bd54b31ca0a35c09670b06c2135cbfd5512632ef57454e326b2680b"
"36-47",35.5448648020122,20,0.153532547367696,0.0384582842824002,0.0781543101741914,0.2289107845612,TRUE,1.74615801560054,66.4693798324298,"83a8890c9bd54b31ca0a35c09670b06c2135cbfd5512632ef57454e326b2680b"
"36-47",35.7817206567195,20,0.153939596599494,0.0388893053214428,0.0777165581694663,0.230162635029522,TRUE,1.74615801560054,66.4693798324298,"83a8890c9bd54b31ca0a35c09670b06c2135cbfd5512632ef57454e326b2680b"
"36-47",36.0185765114269,20,0.154295627456136,0.039307100585153,0.0772537103092358,0.231337544603036,TRUE,1.74615801560054,66.4693798324298,"83a8890c9bd54b31ca0a35c09670b06c2135cbfd5512632ef57454e326b2680b"
"36-47",36.2554323661343,20,0.154600949691235,0.0397113427224247,0.0767667179552823,0.232435181427187,TRUE,1.74615801560054,66.4693798324298,"83a8890c9bd54b31ca0a35c09670b06c2135cbfd5512632ef57454e326b2680b"
"36-47",36.4922882208416,20,0.154855873058405,0.0401017178533712,0.0762565060657977,0.233455240051013,TRUE,1.74615801560054,66.4693798324298,"83a8890c9bd54b31ca0a35c09670b06c2135cbfd5512632ef57454e326b2680b"
"36-47",36.729144075549,20,0.155060707311261,0.0404779266942625,0.0757239709905069,0.234397443632016,TRUE,1.74615801560054,66.4693798324298,"83a8890c9bd54b31ca0a35c09670b06c2135cbfd5512632ef57454e326b2680b"
"36-47",36.9659999302564,20,0.155215762203417,0.0408396857605209,0.0751699781127965,0.235261546294038,TRUE,1.74615801560054,66.4693798324298,"83a8890c9bd54b31ca0a35c09670b06c2135cbfd5512632ef57454e326b2680b"
"36-47",37.2028557849637,20,0.155321347488488,0.0411867286550548,0.0745953593245803,0.236047335652395,TRUE,1.74615801560054,66.4693798324298,"83a8890c9bd54b31ca0a35c09670b06c2135cbfd5512632ef57454e326b2680b"
"36-47",37.4397116396711,20,0.155377772920086,0.0415188074497634,0.0740009103185499,0.236754635521622,TRUE,1.74615801560054,66.4693798324298,"83a8890c9bd54b31ca0a35c09670b06c2135cbfd5512632ef57454e326b2680b"
"36-47",37.6765674943785,20,0.155385348251827,0.0418356941686416,0.0733873876812894,0.237383308822365,TRUE,1.74615801560054,66.4693798324298,"83a8890c9bd54b31ca0a35c09670b06c2135cbfd5512632ef57454e326b2680b"
"36-47",37.9134233490858,20,0.155344383237325,0.0421371823815403,0.0727555057695057,0.237933260705144,TRUE,1.74615801560054,66.4693798324298,"83a8890c9bd54b31ca0a35c09670b06c2135cbfd5512632ef57454e326b2680b"
"36-47",38.1502792037932,20,0.155255187630193,0.042423088918304,0.072105933350317,0.238404441910069,TRUE,1.74615801560054,66.4693798324298,"83a8890c9bd54b31ca0a35c09670b06c2135cbfd5512632ef57454e326b2680b"
"36-47",38.3871350585005,20,0.155118079360892,0.0426932668819207,0.0714392762723273,0.238796882449456,TRUE,1.74615801560054,66.4693798324298,"83a8890c9bd54b31ca0a35c09670b06c2135cbfd5512632ef57454e326b2680b"
"36-47",38.6239909132079,20,0.154933632410332,0.0429479433407447,0.0707556634624721,0.239111601358191,TRUE,1.74615801560054,66.4693798324298,"83a8890c9bd54b31ca0a35c09670b06c2135cbfd5512632ef57454e326b2680b"
"36-47",38.8608467679153,20,0.154702721469193,0.0431877681644863,0.0700546958668001,0.239350747071586,TRUE,1.74615801560054,66.4693798324298,"83a8890c9bd54b31ca0a35c09670b06c2135cbfd5512632ef57454e326b2680b"
"36-47",39.0977026226226,20,0.1544262384093,0.043413419895202,0.0693359354147039,0.239516541403896,TRUE,1.74615801560054,66.4693798324298,"83a8890c9bd54b31ca0a35c09670b06c2135cbfd5512632ef57454e326b2680b"
"36-47",39.33455847733,20,0.154105075102475,0.0436255811585772,0.0685989360316641,0.239611214173287,TRUE,1.74615801560054,66.4693798324298,"83a8890c9bd54b31ca0a35c09670b06c2135cbfd5512632ef57454e326b2680b"
"36-47",39.5714143320374,20,0.153740123420543,0.0438249377219884,0.0678432454854462,0.239637001355641,TRUE,1.74615801560054,66.4693798324298,"83a8890c9bd54b31ca0a35c09670b06c2135cbfd5512632ef57454e326b2680b"
"36-47",39.8082701867447,20,0.153332275235328,0.0440121775637831,0.0670684072103128,0.239596143260342,TRUE,1.74615801560054,66.4693798324298,"83a8890c9bd54b31ca0a35c09670b06c2135cbfd5512632ef57454e326b2680b"
"36-47",40,20,0.15297132643367,0.0441553430858394,0.066426853985425,0.239515798881915,TRUE,1.74615801560054,66.4693798324298,"83a8890c9bd54b31ca0a35c09670b06c2135cbfd5512632ef57454e326b2680b"
"36-47",40.0451260414521,20,0.152882422418652,0.0441879899461319,0.066273962124233,0.23949088271307,TRUE,1.74615801560054,66.4693798324298,"83a8890c9bd54b31ca0a35c09670b06c2135cbfd5512632ef57454e326b2680b"
"36-47",40.2819818961594,20,0.152391456842339,0.0443530644849209,0.065459450451894,0.239323463232784,TRUE,1.74615801560054,66.4693798324298,"83a8890c9bd54b31ca0a35c09670b06c2135cbfd5512632ef57454e326b2680b"
"36-47",40.5188377508668,20,0.151860270378214,0.0445080902111625,0.064624413564335,0.239096127192092,TRUE,1.74615801560054,66.4693798324298,"83a8890c9bd54b31ca0a35c09670b06c2135cbfd5512632ef57454e326b2680b"
"36-47",40.7556936055742,20,0.151289754898099,0.0446537546193321,0.0637683958442079,0.23881111395199,TRUE,1.74615801560054,66.4693798324298,"83a8890c9bd54b31ca0a35c09670b06c2135cbfd5512632ef57454e326b2680b"
"36-47",40.9925494602815,20,0.150680802273819,0.0447907426989024,0.0628909465839699,0.238470657963667,TRUE,1.74615801560054,66.4693798324298,"83a8890c9bd54b31ca0a35c09670b06c2135cbfd5512632ef57454e326b2680b"
"36-47",41.2294053149889,20,0.150034304377196,0.0449197359461727,0.0619916219226979,0.238076986831695,TRUE,1.74615801560054,66.4693798324298,"83a8890c9bd54b31ca0a35c09670b06c2135cbfd5512632ef57454e326b2680b"
"36-47",41.4662611696963,20,0.149351153080056,0.045041411354283,0.0610699868256611,0.237632319334451,TRUE,1.74615801560054,66.4693798324298,"83a8890c9bd54b31ca0a35c09670b06c2135cbfd5512632ef57454e326b2680b"
"36-47",41.7031170244036,20,0.148632240254221,0.0451564403800748,0.0601256171092742,0.237138863399167,TRUE,1.74615801560054,66.4693798324298,"83a8890c9bd54b31ca0a35c09670b06c2135cbfd5512632ef57454e326b2680b"
"36-47",41.939972879111,20,0.147878457771515,0.0452654878872193,0.059158101512565,0.236598814030464,TRUE,1.74615801560054,66.4693798324298,"83a8890c9bd54b31ca0a35c09670b06c2135cbfd5512632ef57454e326b2680b"
"36-47",42.1768287338183,20,0.147090697503761,0.0453692110657868,0.0581670438148191,0.236014351192703,TRUE,1.74615801560054,66.4693798324298,"83a8890c9bd54b31ca0a35c09670b06c2135cbfd5512632ef57454e326b2680b"
"36-47",42.4136845885257,20,0.146269851322784,0.0454682583291736,0.0571520649976039,0.235387637647964,TRUE,1.74615801560054,66.4693798324298,"83a8890c9bd54b31ca0a35c09670b06c2135cbfd5512632ef57454e326b2680b"
"36-47",42.6505404432331,20,0.145416811100407,0.0455632681900435,0.0561128054479217,0.234720816752892,TRUE,1.74615801560054,66.4693798324298,"83a8890c9bd54b31ca0a35c09670b06c2135cbfd5512632ef57454e326b2680b"
"36-47",42.8873962979404,20,0.144532468708454,0.0456548681176718,0.0550489271978168,0.23401601021909,TRUE,1.74615801560054,66.4693798324298,"83a8890c9bd54b31ca0a35c09670b06c2135cbfd5512632ef57454e326b2680b"
"36-47",43.1242521526478,20,0.143617716018747,0.0457436733798014,0.0539601161943366,0.233275315843158,TRUE,1.74615801560054,66.4693798324298,"83a8890c9bd54b31ca0a35c09670b06c2135cbfd5512632ef57454e326b2680b"
"36-47",43.3611080073552,20,0.142673444903112,0.0458302858728233,0.0528460845923784,0.232500805213846,TRUE,1.74615801560054,66.4693798324298,"83a8890c9bd54b31ca0a35c09670b06c2135cbfd5512632ef57454e326b2680b"
"36-47",43.5979638620625,20,0.141700547233371,0.045915292944775,0.0517065730616124,0.23169452140513,TRUE,1.74615801560054,66.4693798324298,"83a8890c9bd54b31ca0a35c09670b06c2135cbfd5512632ef57454e326b2680b"
"36-47",43.8348197167699,20,0.140699914881349,0.0459992662162978,0.0505413530974053,0.230858476665293,TRUE,1.74615801560054,66.4693798324298,"83a8890c9bd54b31ca0a35c09670b06c2135cbfd5512632ef57454e326b2680b"
"36-47",44.0716755714773,20,0.139672439718869,0.0460827604053028,0.0493502293244751,0.229994650113262,TRUE,1.74615801560054,66.4693798324298,"83a8890c9bd54b31ca0a35c09670b06c2135cbfd5512632ef57454e326b2680b"
"36-47",44.3085314261846,20,0.138619013617753,0.0461663121616496,0.0481330417809203,0.229104985454587,TRUE,1.74615801560054,66.4693798324298,"83a8890c9bd54b31ca0a35c09670b06c2135cbfd5512632ef57454e326b2680b"
"36-47",44.545387280892,20,0.137540528449828,0.0462504389186367,0.0468896681692998,0.228191388730356,TRUE,1.74615801560054,66.4693798324298,"83a8890c9bd54b31ca0a35c09670b06c2135cbfd5512632ef57454e326b2680b"
"36-47",44.7822431355993,20,0.136437876086915,0.0463356377685226,0.0456200260606103,0.227255726113219,TRUE,1.74615801560054,66.4693798324298,"83a8890c9bd54b31ca0a35c09670b06c2135cbfd5512632ef57454e326b2680b"
"36-47",45.0190989903067,20,0.135311948400838,0.0464223843696356,0.0443240750363525,0.226299821765324,TRUE,1.74615801560054,66.4693798324298,"83a8890c9bd54b31ca0a35c09670b06c2135cbfd5512632ef57454e326b2680b"
"36-47",45.2559548450141,20,0.134163637263422,0.0465111318928717,0.0430018187533936,0.22532545577345,TRUE,1.74615801560054,66.4693798324298,"83a8890c9bd54b31ca0a35c09670b06c2135cbfd5512632ef57454e326b2680b"
"36-47",45.4928106997214,20,0.13299383454649,0.0466023100155265,0.0416533069160577,0.224334362176921,TRUE,1.74615801560054,66.4693798324298,"83a8890c9bd54b31ca0a35c09670b06c2135cbfd5512632ef57454e326b2680b"
"36-47",45.7296665544288,20,0.131803432121865,0.0466963239704351,0.0402786371398118,0.223328227103917,TRUE,1.74615801560054,66.4693798324298,"83a8890c9bd54b31ca0a35c09670b06c2135cbfd5512632ef57454e326b2680b"
"36-47",45.9665224091362,20,0.130593321861371,0.0467935536583148,0.0388779566910736,0.222308687031668,TRUE,1.74615801560054,66.4693798324298,"83a8890c9bd54b31ca0a35c09670b06c2135cbfd5512632ef57454e326b2680b"
"36-47",46.2033782638435,20,0.129364395636831,0.0468943528310031,0.0374514640880654,0.221277327185598,TRUE,1.74615801560054,66.4693798324298,"83a8890c9bd54b31ca0a35c09670b06c2135cbfd5512632ef57454e326b2680b"
"36-47",46.4402341185509,20,0.128117545320071,0.0469990483529654,0.0359994105482585,0.220235680091883,TRUE,1.74615801560054,66.4693798324298,"83a8890c9bd54b31ca0a35c09670b06c2135cbfd5512632ef57454e326b2680b"
"36-47",46.6770899732582,20,0.126853662782912,0.0471079395480065,0.0345221012688191,0.219185224297005,TRUE,1.74615801560054,66.4693798324298,"83a8890c9bd54b31ca0a35c09670b06c2135cbfd5512632ef57454e326b2680b"
"36-47",46.9139458279656,20,0.125573639897179,0.0472212976375739,0.0330198965275342,0.218127383266824,TRUE,1.74615801560054,66.4693798324298,"83a8890c9bd54b31ca0a35c09670b06c2135cbfd5512632ef57454e326b2680b"
"36-47",47.150801682673,20,0.124278368534695,0.0473393652763798,0.0314932125929911,0.2170635244764,TRUE,1.74615801560054,66.4693798324298,"83a8890c9bd54b31ca0a35c09670b06c2135cbfd5512632ef57454e326b2680b"
"36-47",47.3876575373803,20,0.122968740567285,0.0474623561903238,0.0299425224342501,0.21599495870032,TRUE,1.74615801560054,66.4693798324298,"83a8890c9bd54b31ca0a35c09670b06c2135cbfd5512632ef57454e326b2680b"
"36-47",47.6245133920877,20,0.121645647866771,0.0475904549208577,0.0283683562218899,0.214922939511652,TRUE,1.74615801560054,66.4693798324298,"83a8890c9bd54b31ca0a35c09670b06c2135cbfd5512632ef57454e326b2680b"
"36-47",47.8613692467951,20,0.120309982304977,0.0477238166790349,0.0267713016140689,0.213848662995886,TRUE,1.74615801560054,66.4693798324298,"83a8890c9bd54b31ca0a35c09670b06c2135cbfd5512632ef57454e326b2680b"
"36-47",48.0982251015024,20,0.118962635753728,0.0478625673115341,0.0251520038231209,0.212773267684335,TRUE,1.74615801560054,66.4693798324298,"83a8890c9bd54b31ca0a35c09670b06c2135cbfd5512632ef57454e326b2680b"
"36-47",48.3350809562098,20,0.117604500084846,0.0480068033799554,0.0235111654601331,0.211697834709558,TRUE,1.74615801560054,66.4693798324298,"83a8890c9bd54b31ca0a35c09670b06c2135cbfd5512632ef57454e326b2680b"
"36-47",48.5719368109171,20,0.116236467170155,0.0481565923536908,0.0218495461569212,0.210623388183389,TRUE,1.74615801560054,66.4693798324298,"83a8890c9bd54b31ca0a35c09670b06c2135cbfd5512632ef57454e326b2680b"
"36-47",48.8087926656245,20,0.114859428881479,0.0483119729156697,0.0201679619667665,0.209550895796192,TRUE,1.74615801560054,66.4693798324298,"83a8890c9bd54b31ca0a35c09670b06c2135cbfd5512632ef57454e326b2680b"
"36-47",49.0456485203319,20,0.113474277090642,0.0484729553793122,0.0184672845471902,0.208481269634094,TRUE,1.74615801560054,66.4693798324298,"83a8890c9bd54b31ca0a35c09670b06c2135cbfd5512632ef57454e326b2680b"
"36-47",49.2825043750392,20,0.112081903669467,0.0486395222140884,0.0167484401298539,0.20741536720908,TRUE,1.74615801560054,66.4693798324298,"83a8890c9bd54b31ca0a35c09670b06c2135cbfd5512632ef57454e326b2680b"
"36-47",49.5193602297466,20,0.110683200489778,0.0488116286762167,0.0150124082843933,0.206353992695163,TRUE,1.74615801560054,66.4693798324298,"83a8890c9bd54b31ca0a35c09670b06c2135cbfd5512632ef57454e326b2680b"
"36-47",49.756216084454,20,0.109279059423399,0.0489892035402343,0.0132602204845393,0.205297898362258,TRUE,1.74615801560054,66.4693798324298,"83a8890c9bd54b31ca0a35c09670b06c2135cbfd5512632ef57454e326b2680b"
"36-47",49.9930719391613,20,0.107870372342152,0.0491721499264683,0.0114929584862744,0.20424778619803,TRUE,1.74615801560054,66.4693798324298,"83a8890c9bd54b31ca0a35c09670b06c2135cbfd5512632ef57454e326b2680b"
"36-47",50.2299277938687,20,0.106458031117863,0.0493603462188271,0.00971175252896173,0.203204309706764,TRUE,1.74615801560054,66.4693798324298,"83a8890c9bd54b31ca0a35c09670b06c2135cbfd5512632ef57454e326b2680b"
"36-47",50.466783648576,20,0.105042927622354,0.049553647066829,0.00791777937136889,0.202168075873339,TRUE,1.74615801560054,66.4693798324298,"83a8890c9bd54b31ca0a35c09670b06c2135cbfd5512632ef57454e326b2680b"
"36-47",50.7036395032834,20,0.103625953727449,0.049751884465398,0.00611226017526881,0.201139647279629,TRUE,1.74615801560054,66.4693798324298,"83a8890c9bd54b31ca0a35c09670b06c2135cbfd5512632ef57454e326b2680b"
"36-47",50.9404953579908,20,0.102208001304972,0.0499548689056793,0.00429645824984048,0.200119544360103,TRUE,1.74615801560054,66.4693798324298,"83a8890c9bd54b31ca0a35c09670b06c2135cbfd5512632ef57454e326b2680b"
"36-47",51.1773512126981,20,0.100789962226746,0.0501623905899706,0.00247167667040397,0.199108247783089,TRUE,1.74615801560054,66.4693798324298,"83a8890c9bd54b31ca0a35c09670b06c2135cbfd5512632ef57454e326b2680b"
"36-47",51.4142070674055,20,0.099372728364596,0.0503742207038166,0.000639255785115506,0.198106200944076,TRUE,1.74615801560054,66.4693798324298,"83a8890c9bd54b31ca0a35c09670b06c2135cbfd5512632ef57454e326b2680b"
"36-47",51.6510629221129,20,0.0979571915903442,0.0505901127383737,-0.00119942937686827,0.197113812557557,TRUE,1.74615801560054,66.4693798324298,"83a8890c9bd54b31ca0a35c09670b06c2135cbfd5512632ef57454e326b2680b"
"36-47",51.8879187768202,20,0.0965442437758149,0.0508098038563152,-0.00304297178256302,0.196131459334193,TRUE,1.74615801560054,66.4693798324298,"83a8890c9bd54b31ca0a35c09670b06c2135cbfd5512632ef57454e326b2680b"
"36-47",52.1247746315276,20,0.0951347767928317,0.0510330162947979,-0.00488993514497219,0.195159488730635,TRUE,1.74615801560054,66.4693798324298,"83a8890c9bd54b31ca0a35c09670b06c2135cbfd5512632ef57454e326b2680b"
"36-47",52.361630486235,20,0.0937296825132181,0.0512594587993486,-0.00673885673350517,0.194198221759941,TRUE,1.74615801560054,66.4693798324298,"83a8890c9bd54b31ca0a35c09670b06c2135cbfd5512632ef57454e326b2680b"
"36-47",52.5984863409423,20,0.092329852808798,0.0514888280829388,-0.008588250233762,0.193247955851358,TRUE,1.74615801560054,66.4693798324298,"83a8890c9bd54b31ca0a35c09670b06c2135cbfd5512632ef57454e326b2680b"
"36-47",52.8353421956497,20,0.0909361795513948,0.0517208103049806,-0.0104366086463671,0.192308967749157,TRUE,1.74615801560054,66.4693798324298,"83a8890c9bd54b31ca0a35c09670b06c2135cbfd5512632ef57454e326b2680b"
"36-47",53.072198050357,20,0.0895495546128323,0.051955082565502,-0.0122824072155517,0.191381516441216,TRUE,1.74615801560054,66.4693798324298,"83a8890c9bd54b31ca0a35c09670b06c2135cbfd5512632ef57454e326b2680b"
"36-47",53.3090539050644,20,0.0881708698649341,0.0521913144103127,-0.0141241063792787,0.190465846109147,TRUE,1.74615801560054,66.4693798324298,"83a8890c9bd54b31ca0a35c09670b06c2135cbfd5512632ef57454e326b2680b"
"36-47",53.5459097597718,20,0.0868010171795239,0.0524291693435592,-0.0159601547338521,0.1895621890929,TRUE,1.74615801560054,66.4693798324298,"83a8890c9bd54b31ca0a35c09670b06c2135cbfd5512632ef57454e326b2680b"
"36-47",53.7827656144791,20,0.0854408884284255,0.0526683063446726,-0.0177889920071328,0.188670768863984,TRUE,1.74615801560054,66.4693798324298,"83a8890c9bd54b31ca0a35c09670b06c2135cbfd5512632ef57454e326b2680b"
"36-47",54.0196214691865,20,0.0840913754834621,0.0529083813873194,-0.019609052035684,0.187791803002608,TRUE,1.74615801560054,66.4693798324298,"83a8890c9bd54b31ca0a35c09670b06c2135cbfd5512632ef57454e326b2680b"
"36-47",54.2564773238939,20,0.0827533702164577,0.0531490489585808,-0.0214187657423606,0.186925506175276,TRUE,1.74615801560054,66.4693798324298,"83a8890c9bd54b31ca0a35c09670b06c2135cbfd5512632ef57454e326b2680b"
"36-47",54.4933331786012,20,0.0814277644992359,0.0533899635771828,-0.0232165641120424,0.186072093110514,TRUE,1.74615801560054,66.4693798324298,"83a8890c9bd54b31ca0a35c09670b06c2135cbfd5512632ef57454e326b2680b"
"36-47",54.7301890333086,20,0.0801154502036204,0.0536307813101913,-0.0250008811643546,0.185231781571595,TRUE,1.74615801560054,66.4693798324298,"83a8890c9bd54b31ca0a35c09670b06c2135cbfd5512632ef57454e326b2680b"
"36-47",54.9670448880159,20,0.0788173192014347,0.0538711612881456,-0.0267701569233307,0.1844047953262,TRUE,1.74615801560054,66.4693798324298,"83a8890c9bd54b31ca0a35c09670b06c2135cbfd5512632ef57454e326b2680b"
"36-47",55.2039007427233,20,0.0775342633645026,0.0541107672191479,-0.0285228403850274,0.183591367114033,TRUE,1.74615801560054,66.4693798324298,"83a8890c9bd54b31ca0a35c09670b06c2135cbfd5512632ef57454e326b2680b"
"36-47",55.4407565974307,20,0.0762671745646477,0.0543492689029322,-0.0302573924850994,0.182791741614395,TRUE,1.74615801560054,66.4693798324298,"83a8890c9bd54b31ca0a35c09670b06c2135cbfd5512632ef57454e326b2680b"
"36-47",55.677612452138,20,0.0750169446736936,0.0545863437464126,-0.031972289069275,0.182006178416662,TRUE,1.74615801560054,66.4693798324298,"83a8890c9bd54b31ca0a35c09670b06c2135cbfd5512632ef57454e326b2680b"
"36-47",55.9144683068454,20,0.0737844655634641,0.0548216782826498,-0.0336660238705296,0.181234954997458,TRUE,1.74615801560054,66.4693798324298,"83a8890c9bd54b31ca0a35c09670b06c2135cbfd5512632ef57454e326b2680b"
"36-47",56.1513241615528,20,0.0725706291057825,0.055054969695575,-0.0353371114975444,0.180478369709109,TRUE,1.74615801560054,66.4693798324298,"83a8890c9bd54b31ca0a35c09670b06c2135cbfd5512632ef57454e326b2680b"
"36-47",56.3881800162601,20,0.071376327172473,0.0552859273531697,-0.0369840904397397,0.179736744784686,TRUE,1.74615801560054,66.4693798324298,"83a8890c9bd54b31ca0a35c09670b06c2135cbfd5512632ef57454e326b2680b"
"36-47",56.6250358709675,20,0.0702024516353587,0.0555142743521219,-0.0386055260948002,0.179010429365518,TRUE,1.74615801560054,66.4693798324298,"83a8890c9bd54b31ca0a35c09670b06c2135cbfd5512632ef57454e326b2680b"
"36-47",56.8618917256748,20,0.0690498943662636,0.0557397490772473,-0.0402000138251412,0.178299802557668,TRUE,1.74615801560054,66.4693798324298,"83a8890c9bd54b31ca0a35c09670b06c2135cbfd5512632ef57454e326b2680b"
"36-47",57.0987475803822,20,0.0679195472370114,0.0559621067792021,-0.0417661820502249,0.177605276524248,TRUE,1.74615801560054,66.4693798324298,"83a8890c9bd54b31ca0a35c09670b06c2135cbfd5512632ef57454e326b2680b"
"36-47",57.3356034350896,20,0.0668123021194254,0.0561811211741891,-0.0433026953819853,0.176927299620836,TRUE,1.74615801560054,66.4693798324298,"83a8890c9bd54b31ca0a35c09670b06c2135cbfd5512632ef57454e326b2680b"
"36-47",57.5724592897969,20,0.0657290508528233,0.0563965860763224,-0.0448082578567686,0.176266359562415,TRUE,1.74615801560054,66.4693798324298,"83a8890c9bd54b31ca0a35c09670b06c2135cbfd5512632ef57454e326b2680b"
"36-47",57.8093151445043,20,0.0646704787102934,0.0566083606827544,-0.0462819082279053,0.175622865648492,TRUE,1.74615801560054,66.4693798324298,"83a8890c9bd54b31ca0a35c09670b06c2135cbfd5512632ef57454e326b2680b"
"36-47",58.0461709992117,20,0.0636365742868639,0.0568164763691163,-0.0477237193966041,0.174996867970332,TRUE,1.74615801560054,66.4693798324298,"83a8890c9bd54b31ca0a35c09670b06c2135cbfd5512632ef57454e326b2680b"
"36-47",58.283026853919,20,0.0626271794561302,0.0570210233377453,-0.0491340262858505,0.174388385198111,TRUE,1.74615801560054,66.4693798324298,"83a8890c9bd54b31ca0a35c09670b06c2135cbfd5512632ef57454e326b2680b"
"36-47",58.5198827086264,20,0.061642136091688,0.0572221189597409,-0.0505132170694041,0.17379748925278,TRUE,1.74615801560054,66.4693798324298,"83a8890c9bd54b31ca0a35c09670b06c2135cbfd5512632ef57454e326b2680b"
"36-47",58.7567385633337,20,0.0606812860671328,0.0574199067390844,-0.0518617311414727,0.173224303275738,TRUE,1.74615801560054,66.4693798324298,"83a8890c9bd54b31ca0a35c09670b06c2135cbfd5512632ef57454e326b2680b"
"36-47",58.9935944180411,20,0.0597444712560599,0.0576145553231187,-0.0531800571772528,0.172668999689372,TRUE,1.74615801560054,66.4693798324298,"83a8890c9bd54b31ca0a35c09670b06c2135cbfd5512632ef57454e326b2680b"
"36-47",59.2304502727485,20,0.058831533532065,0.0578062575548265,-0.054468731275395,0.172131798339525,TRUE,1.74615801560054,66.4693798324298,"83a8890c9bd54b31ca0a35c09670b06c2135cbfd5512632ef57454e326b2680b"
"36-47",59.4673061274558,20,0.0579423147687436,0.0579952295623038,-0.0557283351733719,0.171612964710859,TRUE,1.74615801560054,66.4693798324298,"83a8890c9bd54b31ca0a35c09670b06c2135cbfd5512632ef57454e326b2680b"
"36-47",59.7041619821632,20,0.0570766568396913,0.0581817098808098,-0.0569594945266958,0.171112808206078,TRUE,1.74615801560054,66.4693798324298,"83a8890c9bd54b31ca0a35c09670b06c2135cbfd5512632ef57454e326b2680b"
"36-47",59.9410178368706,20,0.0562344016185033,0.0583659586027964,-0.0581628772429777,0.170631680479984,TRUE,1.74615801560054,66.4693798324298,"83a8890c9bd54b31ca0a35c09670b06c2135cbfd5512632ef57454e326b2680b"
"36-47",60.1778736915779,20,0.0554153909787754,0.0585482565513613,-0.0593391918618928,0.170169973819444,TRUE,1.74615801560054,66.4693798324298,"83a8890c9bd54b31ca0a35c09670b06c2135cbfd5512632ef57454e326b2680b"
"36-47",60.4147295462853,20,0.0546194667941029,0.0587289044726354,-0.0604891859722625,0.169728119560468,TRUE,1.74615801560054,66.4693798324298,"83a8890c9bd54b31ca0a35c09670b06c2135cbfd5512632ef57454e326b2680b"
"36-47",60.6515854009927,20,0.0538464709380816,0.058908222242703,-0.0616136446576163,0.169306586533779,TRUE,1.74615801560054,66.4693798324298,"83a8890c9bd54b31ca0a35c09670b06c2135cbfd5512632ef57454e326b2680b"
"36-47",60.8884412557,20,0.0530962452843066,0.0590865480847615,-0.062713388961826,0.168905879530439,TRUE,1.74615801560054,66.4693798324298,"83a8890c9bd54b31ca0a35c09670b06c2135cbfd5512632ef57454e326b2680b"
"36-47",61.1252971104074,20,0.0523686317063739,0.0592642377923548,-0.0637892743666416,0.168526537779389,TRUE,1.74615801560054,66.4693798324298,"83a8890c9bd54b31ca0a35c09670b06c2135cbfd5512632ef57454e326b2680b"
"36-47",61.3621529651147,20,0.0516634720778784,0.0594416639546628,-0.0648421892732607,0.168169133429018,TRUE,1.74615801560054,66.4693798324298,"83a8890c9bd54b31ca0a35c09670b06c2135cbfd5512632ef57454e326b2680b"
"36-47",61.5990088198221,20,0.0509806082724164,0.0596192151799994,-0.0658730534803824,0.167834270025215,TRUE,1.74615801560054,66.4693798324298,"83a8890c9bd54b31ca0a35c09670b06c2135cbfd5512632ef57454e326b2680b"
"36-47",61.8358646745295,20,0.0503198821635828,0.0597972953138611,-0.066882816651585,0.167522580978751,TRUE,1.74615801560054,66.4693798324298,"83a8890c9bd54b31ca0a35c09670b06c2135cbfd5512632ef57454e326b2680b"
"36-47",62.0727205292368,20,0.0496811356249731,0.0599763226480831,-0.0678724567652699,0.167234728015216,TRUE,1.74615801560054,66.4693798324298,"83a8890c9bd54b31ca0a35c09670b06c2135cbfd5512632ef57454e326b2680b"
"36-47",62.3095763839442,20,0.0490642105301831,0.0601567291178943,-0.0688429785408899,0.166971399601256,TRUE,1.74615801560054,66.4693798324298,"83a8890c9bd54b31ca0a35c09670b06c2135cbfd5512632ef57454e326b2680b"
"36-47",62.5464322386516,20,0.0484689487528082,0.0603389594839276,-0.0697954118356899,0.166733309341306,TRUE,1.74615801560054,66.4693798324298,"83a8890c9bd54b31ca0a35c09670b06c2135cbfd5512632ef57454e326b2680b"
"36-47",62.7832880933589,20,0.047895192166444,0.0605234704965274,-0.0707308100067498,0.166521194339638,TRUE,1.74615801560054,66.4693798324298,"83a8890c9bd54b31ca0a35c09670b06c2135cbfd5512632ef57454e326b2680b"
"36-47",63.0201439480663,20,0.0473427826446859,0.0607107300400105,-0.0716502482337346,0.166335813523106,TRUE,1.74615801560054,66.4693798324298,"83a8890c9bd54b31ca0a35c09670b06c2135cbfd5512632ef57454e326b2680b"
"36-47",63.2569998027736,20,0.0468115620611294,0.0609012162548777,-0.072554821798431,0.16617794592069,TRUE,1.74615801560054,66.4693798324298,"83a8890c9bd54b31ca0a35c09670b06c2135cbfd5512632ef57454e326b2680b"
"36-47",63.493855657481,20,0.04630137228937,0.0610954166363417,-0.0734456443178598,0.1660483888966,TRUE,1.74615801560054,66.4693798324298,"83a8890c9bd54b31ca0a35c09670b06c2135cbfd5512632ef57454e326b2680b"
"36-47",63.7307115121884,20,0.0458120552030033,0.0612938271079281,-0.0743238459285358,0.165947956334542,TRUE,1.74615801560054,66.4693798324298,"83a8890c9bd54b31ca0a35c09670b06c2135cbfd5512632ef57454e326b2680b"
"36-47",63.9675673668957,20,0.0453434526756246,0.0614969510693292,-0.0751905714202607,0.16587747677151,TRUE,1.74615801560054,66.4693798324298,"83a8890c9bd54b31ca0a35c09670b06c2135cbfd5512632ef57454e326b2680b"
"36-47",64.2044232216031,20,0.0448954065808299,0.061705298418131,-0.0760469783187069,0.165837791480367,TRUE,1.74615801560054,66.4693798324298,"83a8890c9bd54b31ca0a35c09670b06c2135cbfd5512632ef57454e326b2680b"
"36-47",64.4412790763105,20,0.0444677587922141,0.061919384545496,-0.076894234916958,0.165829752501386,TRUE,1.74615801560054,66.4693798324298,"83a8890c9bd54b31ca0a35c09670b06c2135cbfd5512632ef57454e326b2680b"
"36-47",64.6781349310178,20,0.0440603511833731,0.0621397293063699,-0.0777335182571119,0.165854220623858,TRUE,1.74615801560054,66.4693798324298,"83a8890c9bd54b31ca0a35c09670b06c2135cbfd5512632ef57454e326b2680b"
"36-47",64.9149907857252,20,0.0436730256279023,0.0623668559652727,-0.0785660120640321,0.165912063319837,TRUE,1.74615801560054,66.4693798324298,"83a8890c9bd54b31ca0a35c09670b06c2135cbfd5512632ef57454e326b2680b"
"36-47",65.1518466404326,20,0.0433056239993972,0.0626012901192403,-0.0793929046343138,0.166004152633108,TRUE,1.74615801560054,66.4693798324298,"83a8890c9bd54b31ca0a35c09670b06c2135cbfd5512632ef57454e326b2680b"
"36-47",65.3887024951399,20,0.0429579881714532,0.0628435585999924,-0.0802153866845319,0.166131363027438,TRUE,1.74615801560054,66.4693798324298,"83a8890c9bd54b31ca0a35c09670b06c2135cbfd5512632ef57454e326b2680b"
"36-47",65.6255583498473,20,0.0426299600176661,0.0630941883579067,-0.0810346491638311,0.166294569199163,TRUE,1.74615801560054,66.4693798324298,"83a8890c9bd54b31ca0a35c09670b06c2135cbfd5512632ef57454e326b2680b"
"36-47",65.8624142045546,20,0.0423213814116313,0.0633537053308774,-0.0818518810368885,0.166494643860151,TRUE,1.74615801560054,66.4693798324298,"83a8890c9bd54b31ca0a35c09670b06c2135cbfd5512632ef57454e326b2680b"
"36-47",66.099270059262,20,0.0420320942269441,0.063622633301615,-0.0826682670442214,0.16673245549811,TRUE,1.74615801560054,66.4693798324298,"83a8890c9bd54b31ca0a35c09670b06c2135cbfd5512632ef57454e326b2680b"
"36-47",66.3361259139694,20,0.0417619403372004,0.0639014927474008,-0.0834849854477052,0.167008866122106,TRUE,1.74615801560054,66.4693798324298,"83a8890c9bd54b31ca0a35c09670b06c2135cbfd5512632ef57454e326b2680b"
"36-47",66.4693798324298,20,0.0416183038572439,0.0640629370605573,-0.0839450527814485,0.167181660495936,TRUE,1.74615801560054,66.4693798324298,"83a8890c9bd54b31ca0a35c09670b06c2135cbfd5512632ef57454e326b2680b"
"36-47",66.5729817686767,20,0.0415107616159952,0.0641907996867305,-0.0843032057699966,0.167324729001987,FALSE,1.74615801560054,66.4693798324298,"83a8890c9bd54b31ca0a35c09670b06c2135cbfd5512632ef57454e326b2680b"
"36-47",66.8098376233841,20,0.0412783999369243,0.0644910645276666,-0.0851240865373023,0.167680886411151,FALSE,1.74615801560054,66.4693798324298,"83a8890c9bd54b31ca0a35c09670b06c2135cbfd5512632ef57454e326b2680b"
"36-47",67.0466934780915,20,0.0410646971735834,0.0648027909230496,-0.0859487730355938,0.168078167382761,FALSE,1.74615801560054,66.4693798324298,"83a8890c9bd54b31ca0a35c09670b06c2135cbfd5512632ef57454e326b2680b"
"36-47",67.2835493327988,20,0.0408694951995676,0.0651264746379985,-0.0867783950909095,0.168517385490045,FALSE,1.74615801560054,66.4693798324298,"83a8890c9bd54b31ca0a35c09670b06c2135cbfd5512632ef57454e326b2680b"
"36-47",67.5204051875062,20,0.0406926358884727,0.0654626024353455,-0.0876140648848045,0.16899933666175,FALSE,1.74615801560054,66.4693798324298,"83a8890c9bd54b31ca0a35c09670b06c2135cbfd5512632ef57454e326b2680b"
"36-47",67.7572610422135,20,0.0405339611138942,0.0658116509847946,-0.0884568748163033,0.169524797044092,FALSE,1.74615801560054,66.4693798324298,"83a8890c9bd54b31ca0a35c09670b06c2135cbfd5512632ef57454e326b2680b"
"36-47",67.9941168969209,20,0.0403933127494275,0.0661740858016668,-0.0893078954218394,0.170094520920694,FALSE,1.74615801560054,66.4693798324298,"83a8890c9bd54b31ca0a35c09670b06c2135cbfd5512632ef57454e326b2680b"
"36-47",68.2309727516283,20,0.0402705326686681,0.0665503602210891,-0.0901681733646666,0.170709238702003,FALSE,1.74615801560054,66.4693798324298,"83a8890c9bd54b31ca0a35c09670b06c2135cbfd5512632ef57454e326b2680b"
"36-47",68.4678286063356,20,0.0401654627452114,0.0669409144133974,-0.0910387295050476,0.17136965499547,FALSE,1.74615801560054,66.4693798324298,"83a8890c9bd54b31ca0a35c09670b06c2135cbfd5512632ef57454e326b2680b"
"36-47",68.704684461043,20,0.0400779448526533,0.067346174446356,-0.0919205570622046,0.172076446767511,FALSE,1.74615801560054,66.4693798324298,"83a8890c9bd54b31ca0a35c09670b06c2135cbfd5512632ef57454e326b2680b"
"36-47",68.9415403157504,20,0.0400078208645891,0.0677665513995511,-0.0928146198785311,0.172830261607709,FALSE,1.74615801560054,66.4693798324298,"83a8890c9bd54b31ca0a35c09670b06c2135cbfd5512632ef57454e326b2680b"
"36-47",69.1783961704577,20,0.0399549326546141,0.0682024405359883,-0.093721850795923,0.173631716105151,FALSE,1.74615801560054,66.4693798324298,"83a8890c9bd54b31ca0a35c09670b06c2135cbfd5512632ef57454e326b2680b"
"36-47",69.4152520251651,20,0.0399191220963241,0.0686542205355276,-0.0946431501533099,0.174481394345958,FALSE,1.74615801560054,66.4693798324298,"83a8890c9bd54b31ca0a35c09670b06c2135cbfd5512632ef57454e326b2680b"
"36-47",69.6521078798724,20,0.0399002310633145,0.0691222527943211,-0.0955793844135549,0.175379846540184,FALSE,1.74615801560054,66.4693798324298,"83a8890c9bd54b31ca0a35c09670b06c2135cbfd5512632ef57454e326b2680b"
"36-47",69.8889637345798,20,0.0398981014291808,0.0696068807938949,-0.0965313849268533,0.176327587785215,FALSE,1.74615801560054,66.4693798324298,"83a8890c9bd54b31ca0a35c09670b06c2135cbfd5512632ef57454e326b2680b"
"36-47",70.1258195892872,20,0.0399125750675186,0.0701084295429347,-0.0974999468366333,0.177325096971671,FALSE,1.74615801560054,66.4693798324298,"83a8890c9bd54b31ca0a35c09670b06c2135cbfd5512632ef57454e326b2680b"
"36-47",70.3626754439945,20,0.0399434938519233,0.070627205094218,-0.0984858281327439,0.178372815836591,FALSE,1.74615801560054,66.4693798324298,"83a8890c9bd54b31ca0a35c09670b06c2135cbfd5512632ef57454e326b2680b"
"36-47",70.5995312987019,20,0.0399906996559904,0.0711634941384824,-0.099489748855435,0.179471148167416,FALSE,1.74615801560054,66.4693798324298,"83a8890c9bd54b31ca0a35c09670b06c2135cbfd5512632ef57454e326b2680b"
"36-47",70.8363871534093,20,0.0400540343533154,0.0717175636763472,-0.100512390452325,0.180620459158956,FALSE,1.74615801560054,66.4693798324298,"83a8890c9bd54b31ca0a35c09670b06c2135cbfd5512632ef57454e326b2680b"
"36-47",71.0732430081166,20,0.0401333398174942,0.0722896607687273,-0.101554395289211,0.1818210749242,FALSE,1.74615801560054,66.4693798324298,"83a8890c9bd54b31ca0a35c09670b06c2135cbfd5512632ef57454e326b2680b"
"36-47",71.310098862824,20,0.0402284579221216,0.0728800123654998,-0.102616366314258,0.183073282158501,FALSE,1.74615801560054,66.4693798324298,"83a8890c9bd54b31ca0a35c09670b06c2135cbfd5512632ef57454e326b2680b"
"36-47",71.5469547175313,20,0.0403392305407935,0.0734888252115215,-0.103698866873789,0.184377327955376,FALSE,1.74615801560054,66.4693798324298,"83a8890c9bd54b31ca0a35c09670b06c2135cbfd5512632ef57454e326b2680b"
"36-47",71.7838105722387,20,0.0404654995471055,0.0741162858284569,-0.10480242067667,0.185733419770881,FALSE,1.74615801560054,66.4693798324298,"83a8890c9bd54b31ca0a35c09670b06c2135cbfd5512632ef57454e326b2680b"
"36-47",72.0206664269461,20,0.0406071068146532,0.0747625605702738,-0.105927511903083,0.18714172553239,FALSE,1.74615801560054,66.4693798324298,"83a8890c9bd54b31ca0a35c09670b06c2135cbfd5512632ef57454e326b2680b"
"36-47",72.2575222816534,20,0.0407638942170317,0.0754277957497033,-0.107074585452387,0.18860237388645,FALSE,1.74615801560054,66.4693798324298,"83a8890c9bd54b31ca0a35c09670b06c2135cbfd5512632ef57454e326b2680b"
"36-47",72.4943781363608,20,0.0409357036278368,0.0761121178324522,-0.108244047323769,0.190115454579443,FALSE,1.74615801560054,66.4693798324298,"83a8890c9bd54b31ca0a35c09670b06c2135cbfd5512632ef57454e326b2680b"
"36-47",72.7312339910682,20,0.0411223769206639,0.0768156336955035,-0.109436265122523,0.191681018963851,FALSE,1.74615801560054,66.4693798324298,"83a8890c9bd54b31ca0a35c09670b06c2135cbfd5512632ef57454e326b2680b"
"36-47",72.9680898457755,20,0.0413237559691086,0.0775384309454523,-0.110651568683978,0.193299080622195,FALSE,1.74615801560054,66.4693798324298,"83a8890c9bd54b31ca0a35c09670b06c2135cbfd5512632ef57454e326b2680b"
"36-47",73.2049457004829,20,0.0415396826467663,0.0782805782924975,-0.111890250806529,0.194969616100061,FALSE,1.74615801560054,66.4693798324298,"83a8890c9bd54b31ca0a35c09670b06c2135cbfd5512632ef57454e326b2680b"
"36-47",73.4418015551903,20,0.0417699988272326,0.079042125975452,-0.113152568084653,0.196692565739119,FALSE,1.74615801560054,66.4693798324298,"83a8890c9bd54b31ca0a35c09670b06c2135cbfd5512632ef57454e326b2680b"
"36-47",73.6786574098976,20,0.042014546384103,0.079823106232944,-0.114438741832467,0.198467834600673,FALSE,1.74615801560054,66.4693798324298,"83a8890c9bd54b31ca0a35c09670b06c2135cbfd5512632ef57454e326b2680b"
"36-47",73.915513264605,20,0.042273167190973,0.0806235338158541,-0.115748959088101,0.200295293470047,FALSE,1.74615801560054,66.4693798324298,"83a8890c9bd54b31ca0a35c09670b06c2135cbfd5512632ef57454e326b2680b"
"36-47",74.1523691193123,20,0.0425457031214381,0.0814434065359735,-0.11708337368907,0.202174779931946,FALSE,1.74615801560054,66.4693798324298,"83a8890c9bd54b31ca0a35c09670b06c2135cbfd5512632ef57454e326b2680b"
"36-47",74.3892249740197,20,0.0428319960490937,0.0822827058458645,-0.118442107408801,0.204106099506988,FALSE,1.74615801560054,66.4693798324298,"83a8890c9bd54b31ca0a35c09670b06c2135cbfd5512632ef57454e326b2680b"
"36-47",74.6260808287271,20,0.0431318878475356,0.0831413974449619,-0.11982525114459,0.206089026839661,FALSE,1.74615801560054,66.4693798324298,"83a8890c9bd54b31ca0a35c09670b06c2135cbfd5512632ef57454e326b2680b"
"36-47",74.8629366834344,20,0.043445220390359,0.0840194319070558,-0.12123286614747,0.208123306928188,FALSE,1.74615801560054,66.4693798324298,"83a8890c9bd54b31ca0a35c09670b06c2135cbfd5512632ef57454e326b2680b"
"36-47",75.0997925381418,20,0.0437718355511596,0.0849167453244519,-0.122664985284766,0.210208656387085,FALSE,1.74615801560054,66.4693798324298,"83a8890c9bd54b31ca0a35c09670b06c2135cbfd5512632ef57454e326b2680b"
"36-47",75.3366483928492,20,0.0441115752035328,0.085833259964292,-0.124121614326479,0.212344764733545,FALSE,1.74615801560054,66.4693798324298,"83a8890c9bd54b31ca0a35c09670b06c2135cbfd5512632ef57454e326b2680b"
"36-47",75.5735042475565,20,0.0444642812210742,0.0867688849327452,-0.125602733247106,0.214531295689255,FALSE,1.74615801560054,66.4693798324298,"83a8890c9bd54b31ca0a35c09670b06c2135cbfd5512632ef57454e326b2680b"
"36-47",75.8103601022639,20,0.0448297954773793,0.0877235168430316,-0.127108297534963,0.216767888489721,FALSE,1.74615801560054,66.4693798324298,"83a8890c9bd54b31ca0a35c09670b06c2135cbfd5512632ef57454e326b2680b"
"36-47",76.0472159569712,20,0.0452079598460436,0.0886970404835135,-0.128638239501643,0.21905415919373,FALSE,1.74615801560054,66.4693798324298,"83a8890c9bd54b31ca0a35c09670b06c2135cbfd5512632ef57454e326b2680b"
"36-47",76.2840718116786,20,0.0455986162006625,0.0896893294823802,-0.130192469584803,0.221389701986128,FALSE,1.74615801560054,66.4693798324298,"83a8890c9bd54b31ca0a35c09670b06c2135cbfd5512632ef57454e326b2680b"
"36-47",76.520927666386,20,0.0460016064148317,0.0907002469657542,-0.131770877638047,0.22377409046771,FALSE,1.74615801560054,66.4693798324298,"83a8890c9bd54b31ca0a35c09670b06c2135cbfd5512632ef57454e326b2680b"
"36-47",76.7577835210933,20,0.0464167723621466,0.0917296462063465,-0.133373334202292,0.226206878926586,FALSE,1.74615801560054,66.4693798324298,"83a8890c9bd54b31ca0a35c09670b06c2135cbfd5512632ef57454e326b2680b"
"36-47",76.9946393758007,20,0.0468439559162026,0.0927773712601042,-0.134999691753602,0.228687603586007,FALSE,1.74615801560054,66.4693798324298,"83a8890c9bd54b31ca0a35c09670b06c2135cbfd5512632ef57454e326b2680b"
"36-47",77.2314952305081,20,0.0472829989505956,0.0938432575885899,-0.136649785923041,0.231215783824232,FALSE,1.74615801560054,66.4693798324298,"83a8890c9bd54b31ca0a35c09670b06c2135cbfd5512632ef57454e326b2680b"
"36-47",77.4683510852154,20,0.0477337433389205,0.0949271326651302,-0.138323436684735,0.233790923362576,FALSE,1.74615801560054,66.4693798324298,"83a8890c9bd54b31ca0a35c09670b06c2135cbfd5512632ef57454e326b2680b"
"36-47",77.7052069399228,20,0.0481960309547734,0.0960288165630617,-0.140020449508828,0.236412511418374,FALSE,1.74615801560054,66.4693798324298,"83a8890c9bd54b31ca0a35c09670b06c2135cbfd5512632ef57454e326b2680b"
"36-47",77.9420627946301,20,0.0486697036717494,0.0971481225246709,-0.141740616476606,0.239080023820104,FALSE,1.74615801560054,66.4693798324298,"83a8890c9bd54b31ca0a35c09670b06c2135cbfd5512632ef57454e326b2680b"
"36-47",78.1789186493375,20,0.0491546033634444,0.0982848575096877,-0.143483717355543,0.241792924082432,FALSE,1.74615801560054,66.4693798324298,"83a8890c9bd54b31ca0a35c09670b06c2135cbfd5512632ef57454e326b2680b"
"36-47",78.4157745040449,20,0.0496505719034534,0.0994388227224374,-0.145249520632524,0.244550664439431,FALSE,1.74615801560054,66.4693798324298,"83a8890c9bd54b31ca0a35c09670b06c2135cbfd5512632ef57454e326b2680b"
"36-47",78.6526303587522,20,0.0501574511653724,0.100609814116979,-0.147037784503906,0.247352686834651,FALSE,1.74615801560054,66.4693798324298,"83a8890c9bd54b31ca0a35c09670b06c2135cbfd5512632ef57454e326b2680b"
"36-47",78.8894862134596,20,0.0506750830227967,0.101797622879769,-0.14884825782155,0.250198423867143,FALSE,1.74615801560054,66.4693798324298,"83a8890c9bd54b31ca0a35c09670b06c2135cbfd5512632ef57454e326b2680b"
"36-47",79.126342068167,20,0.0512033093493217,0.103002035889581,-0.150680680994257,0.2530872996929,FALSE,1.74615801560054,66.4693798324298,"83a8890c9bd54b31ca0a35c09670b06c2135cbfd5512632ef57454e326b2680b"
"36-47",79.3631979228743,20,0.0517419720185432,0.104222836154585,-0.152534786844444,0.25601873088153,FALSE,1.74615801560054,66.4693798324298,"83a8890c9bd54b31ca0a35c09670b06c2135cbfd5512632ef57454e326b2680b"
"36-47",79.6000537775817,20,0.0522909129040563,0.10545980322664,-0.154410301420158,0.258992127228271,FALSE,1.74615801560054,66.4693798324298,"83a8890c9bd54b31ca0a35c09670b06c2135cbfd5512632ef57454e326b2680b"
"36-47",79.836909632289,20,0.052849973879457,0.106712713592994,-0.156306944762812,0.262006892521726,FALSE,1.74615801560054,66.4693798324298,"83a8890c9bd54b31ca0a35c09670b06c2135cbfd5512632ef57454e326b2680b"
"36-47",80.0737654869964,20,0.0534189968183404,0.107981341045715,-0.158224431631261,0.265062425267942,FALSE,1.74615801560054,66.4693798324298,"83a8890c9bd54b31ca0a35c09670b06c2135cbfd5512632ef57454e326b2680b"
"36-47",80.3106213417038,20,0.0539978235943021,0.109265457029255,-0.160162472183038,0.268158119371642,FALSE,1.74615801560054,66.4693798324298,"83a8890c9bd54b31ca0a35c09670b06c2135cbfd5512632ef57454e326b2680b"
"36-47",80.5474771964111,20,0.0545862960809379,0.110564830966674,-0.162120772613744,0.271293364775619,FALSE,1.74615801560054,66.4693798324298,"83a8890c9bd54b31ca0a35c09670b06c2135cbfd5512632ef57454e326b2680b"
"36-47",80.7843330511185,20,0.0551842561518429,0.111879230565091,-0.164099035755735,0.274467548059421,FALSE,1.74615801560054,66.4693798324298,"83a8890c9bd54b31ca0a35c09670b06c2135cbfd5512632ef57454e326b2680b"
"36-47",81.0211889058259,20,0.0557915456806129,0.113208422101013,-0.166096961637372,0.277680052998597,FALSE,1.74615801560054,66.4693798324298,"83a8890c9bd54b31ca0a35c09670b06c2135cbfd5512632ef57454e326b2680b"
"36-47",81.2580447605332,20,0.0564080065408432,0.114552170686238,-0.168114248004184,0.280930261085871,FALSE,1.74615801560054,66.4693798324298,"83a8890c9bd54b31ca0a35c09670b06c2135cbfd5512632ef57454e326b2680b"
"36-47",81.4949006152406,20,0.0570334806061295,0.115910240515061,-0.170150590803391,0.28421755201565,FALSE,1.74615801560054,66.4693798324298,"83a8890c9bd54b31ca0a35c09670b06c2135cbfd5512632ef57454e326b2680b"
"36-47",81.731756469948,20,0.0576678097500672,0.117282395093537,-0.172205684633265,0.2875413041334,FALSE,1.74615801560054,66.4693798324298,"83a8890c9bd54b31ca0a35c09670b06c2135cbfd5512632ef57454e326b2680b"
"36-47",81.9686123246553,20,0.0583108358462519,0.118668397451592,-0.174279223158869,0.290900894851372,FALSE,1.74615801560054,66.4693798324298,"83a8890c9bd54b31ca0a35c09670b06c2135cbfd5512632ef57454e326b2680b"
"36-47",82.2054681793627,20,0.058962400768279,0.12006801033877,-0.176370899495711,0.294295701032269,FALSE,1.74615801560054,66.4693798324298,"83a8890c9bd54b31ca0a35c09670b06c2135cbfd5512632ef57454e326b2680b"
"36-47",82.44232403407,20,0.059622346389744,0.121480996404405,-0.17848040656289,0.297725099342378,FALSE,1.74615801560054,66.4693798324298,"83a8890c9bd54b31ca0a35c09670b06c2135cbfd5512632ef57454e326b2680b"
"36-47",82.6791798887774,20,0.0602905145842426,0.122907118363013,-0.180607437407263,0.301188466575748,FALSE,1.74615801560054,66.4693798324298,"83a8890c9bd54b31ca0a35c09670b06c2135cbfd5512632ef57454e326b2680b"
"36-47",82.9160357434848,20,0.0609667472253701,0.1243461391457,-0.182751685500202,0.304685179950942,FALSE,1.74615801560054,66.4693798324298,"83a8890c9bd54b31ca0a35c09670b06c2135cbfd5512632ef57454e326b2680b"
"36-47",83.1528915981921,20,0.0616508861867221,0.125797822038345,-0.184912845008433,0.308214617381877,FALSE,1.74615801560054,66.4693798324298,"83a8890c9bd54b31ca0a35c09670b06c2135cbfd5512632ef57454e326b2680b"
"36-47",83.3897474528995,20,0.0623427733418941,0.127261930807325,-0.187090611040463,0.311776157724251,FALSE,1.74615801560054,66.4693798324298,"83a8890c9bd54b31ca0a35c09670b06c2135cbfd5512632ef57454e326b2680b"
"36-47",83.6266033076069,20,0.0630422505644816,0.128738229813525,-0.189284679870028,0.315369180998991,FALSE,1.74615801560054,66.4693798324298,"83a8890c9bd54b31ca0a35c09670b06c2135cbfd5512632ef57454e326b2680b"
"36-47",83.8634591623142,20,0.0637491597280801,0.130226484115338,-0.191494749137983,0.318993068594143,FALSE,1.74615801560054,66.4693798324298,"83a8890c9bd54b31ca0a35c09670b06c2135cbfd5512632ef57454e326b2680b"
"36-47",84.1003150170216,20,0.0644633427062852,0.131726459561361,-0.193720518033982,0.322647203446552,FALSE,1.74615801560054,66.4693798324298,"83a8890c9bd54b31ca0a35c09670b06c2135cbfd5512632ef57454e326b2680b"
"36-47",84.3371708717289,20,0.0651846413726923,0.133237922873449,-0.195961687459268,0.326330970204652,FALSE,1.74615801560054,66.4693798324298,"83a8890c9bd54b31ca0a35c09670b06c2135cbfd5512632ef57454e326b2680b"
"36-47",84.5740267264363,20,0.0659128976008969,0.134760641720777,-0.198217960171826,0.33004375537362,FALSE,1.74615801560054,66.4693798324298,"83a8890c9bd54b31ca0a35c09670b06c2135cbfd5512632ef57454e326b2680b"
"36-47",84.8108825811437,20,0.0666479532644947,0.136294384785513,-0.20048904091511,0.3337849474441,FALSE,1.74615801560054,66.4693798324298,"83a8890c9bd54b31ca0a35c09670b06c2135cbfd5512632ef57454e326b2680b"
"36-47",85.047738435851,20,0.0673896502370809,0.137838921820699,-0.202774636531488,0.33755393700565,FALSE,1.74615801560054,66.4693798324298,"83a8890c9bd54b31ca0a35c09670b06c2135cbfd5512632ef57454e326b2680b"
"36-47",85.2845942905584,20,0.0681378303922513,0.139394023700897,-0.205074456061506,0.341350116846009,FALSE,1.74615801560054,66.4693798324298,"83a8890c9bd54b31ca0a35c09670b06c2135cbfd5512632ef57454e326b2680b"
"36-47",85.5214501452658,20,0.0688923356036013,0.14095946246613,-0.207388210830014,0.345172882037217,FALSE,1.74615801560054,66.4693798324298,"83a8890c9bd54b31ca0a35c09670b06c2135cbfd5512632ef57454e326b2680b"
"36-47",85.7583059999731,20,0.0696530077447263,0.142535011359623,-0.209715614520134,0.349021630009587,FALSE,1.74615801560054,66.4693798324298,"83a8890c9bd54b31ca0a35c09670b06c2135cbfd5512632ef57454e326b2680b"
"36-47",85.9951618546805,20,0.070419688689222,0.144120444859813,-0.212056383236011,0.352895760614455,FALSE,1.74615801560054,66.4693798324298,"83a8890c9bd54b31ca0a35c09670b06c2135cbfd5512632ef57454e326b2680b"
"36-47",86.2320177093878,20,0.0711922203106838,0.145715538707096,-0.214410235555224,0.356794676176592,FALSE,1.74615801560054,66.4693798324298,"83a8890c9bd54b31ca0a35c09670b06c2135cbfd5512632ef57454e326b2680b"
"36-47",86.4688735640952,20,0.0719704444827072,0.147320069925711,-0.216776892571686,0.360717781537101,FALSE,1.74615801560054,66.4693798324298,"83a8890c9bd54b31ca0a35c09670b06c2135cbfd5512632ef57454e326b2680b"
"36-47",86.7057294188026,20,0.0727542030788878,0.148933816841179,-0.219156077929824,0.364664484087599,FALSE,1.74615801560054,66.4693798324298,"83a8890c9bd54b31ca0a35c09670b06c2135cbfd5512632ef57454e326b2680b"
"36-47",86.9425852735099,20,0.073543337972821,0.150556559093658,-0.221547517850749,0.368634193796391,FALSE,1.74615801560054,66.4693798324298,"83a8890c9bd54b31ca0a35c09670b06c2135cbfd5512632ef57454e326b2680b"
"36-47",87.1794411282173,20,0.0743376910381024,0.152188077647571,-0.223950941151137,0.372626323227342,FALSE,1.74615801560054,66.4693798324298,"83a8890c9bd54b31ca0a35c09670b06c2135cbfd5512632ef57454e326b2680b"
"36-47",87.4162969829247,20,0.0751371041483274,0.153828154797834,-0.226366079255426,0.376640287552081,FALSE,1.74615801560054,66.4693798324298,"83a8890c9bd54b31ca0a35c09670b06c2135cbfd5512632ef57454e326b2680b"
"36-47",87.653152837632,20,0.0759414191770917,0.155476574172986,-0.228792666201962,0.380675504556145,FALSE,1.74615801560054,66.4693798324298,"83a8890c9bd54b31ca0a35c09670b06c2135cbfd5512632ef57454e326b2680b"
"36-47",87.8900086923394,20,0.0767504779979905,0.157133120735521,-0.23123043864363,0.384731394639611,FALSE,1.74615801560054,66.4693798324298,"83a8890c9bd54b31ca0a35c09670b06c2135cbfd5512632ef57454e326b2680b"
"36-47",88.1268645470468,20,0.0775641224846198,0.158797580779659,-0.233679135843511,0.388807380812751,FALSE,1.74615801560054,66.4693798324298,"83a8890c9bd54b31ca0a35c09670b06c2135cbfd5512632ef57454e326b2680b"
"36-47",88.3637204017541,20,0.0783821945105746,0.160469741926841,-0.236138499666034,0.392902888687183,FALSE,1.74615801560054,66.4693798324298,"83a8890c9bd54b31ca0a35c09670b06c2135cbfd5512632ef57454e326b2680b"
"36-47",88.6005762564615,20,0.0792045359494506,0.16214939311915,-0.238608274564084,0.397017346462985,FALSE,1.74615801560054,66.4693798324298,"83a8890c9bd54b31ca0a35c09670b06c2135cbfd5512632ef57454e326b2680b"
"36-47",88.8374321111688,20,0.0800309886748434,0.163836324610881,-0.241088207562483,0.40115018491217,FALSE,1.74615801560054,66.4693798324298,"83a8890c9bd54b31ca0a35c09670b06c2135cbfd5512632ef57454e326b2680b"
"36-47",89.0742879658762,20,0.0808613945603485,0.16553032795846,-0.243578048238233,0.40530083735893,FALSE,1.74615801560054,66.4693798324298,"83a8890c9bd54b31ca0a35c09670b06c2135cbfd5512632ef57454e326b2680b"
"36-47",89.3111438205836,20,0.0816955954795613,0.167231196008891,-0.246077548697865,0.409468739656987,FALSE,1.74615801560054,66.4693798324298,"83a8890c9bd54b31ca0a35c09670b06c2135cbfd5512632ef57454e326b2680b"
"36-47",89.5479996752909,20,0.0825334333060774,0.168938722886903,-0.248586463552252,0.413653330164407,FALSE,1.74615801560054,66.4693798324298,"83a8890c9bd54b31ca0a35c09670b06c2135cbfd5512632ef57454e326b2680b"
"36-47",89.7848555299983,20,0.0833747499134922,0.17065270398095,-0.251104549889169,0.417854049716153,FALSE,1.74615801560054,66.4693798324298,"83a8890c9bd54b31ca0a35c09670b06c2135cbfd5512632ef57454e326b2680b"
"36-47",90.0217113847057,20,0.0842193871754014,0.17237293592821,-0.25363156724389,0.422070341594693,FALSE,1.74615801560054,66.4693798324298,"83a8890c9bd54b31ca0a35c09670b06c2135cbfd5512632ef57454e326b2680b"
"36-47",90.258567239413,20,0.0850671869654002,0.174099216598715,-0.256167277568082,0.426301651498882,FALSE,1.74615801560054,66.4693798324298,"83a8890c9bd54b31ca0a35c09670b06c2135cbfd5512632ef57454e326b2680b"
"36-47",90.4954230941204,20,0.0859179911570845,0.175831345078734,-0.258711445197234,0.430547427511403,FALSE,1.74615801560054,66.4693798324298,"83a8890c9bd54b31ca0a35c09670b06c2135cbfd5512632ef57454e326b2680b"
"36-47",90.7322789488277,20,0.0867716416240496,0.177569121653514,-0.261263836816838,0.434807120064938,FALSE,1.74615801560054,66.4693798324298,"83a8890c9bd54b31ca0a35c09670b06c2135cbfd5512632ef57454e326b2680b"
"36-47",90.9691348035351,20,0.0876279802398909,0.179312347789499,-0.263824221427526,0.439080181907308,FALSE,1.74615801560054,66.4693798324298,"83a8890c9bd54b31ca0a35c09670b06c2135cbfd5512632ef57454e326b2680b"
"36-47",91.2059906582425,20,0.0884868488782042,0.181060826116092,-0.266392370309337,0.443366068065745,FALSE,1.74615801560054,66.4693798324298,"83a8890c9bd54b31ca0a35c09670b06c2135cbfd5512632ef57454e326b2680b"
"36-47",91.4428465129498,20,0.0893480894125847,0.182814360407082,-0.268968056985296,0.447664235810465,FALSE,1.74615801560054,66.4693798324298,"83a8890c9bd54b31ca0a35c09670b06c2135cbfd5512632ef57454e326b2680b"
"36-47",91.6797023676572,20,0.0902115437166282,0.184572755561772,-0.271551057184446,0.451974144617702,FALSE,1.74615801560054,66.4693798324298,"83a8890c9bd54b31ca0a35c09670b06c2135cbfd5512632ef57454e326b2680b"
"36-47",91.9165582223646,20,0.0910770536639299,0.186335817585922,-0.274141148804478,0.456295256132338,FALSE,1.74615801560054,66.4693798324298,"83a8890c9bd54b31ca0a35c09670b06c2135cbfd5512632ef57454e326b2680b"
"36-47",92.1534140770719,20,0.0919444611280856,0.188103353572534,-0.276738111874081,0.460627034130252,FALSE,1.74615801560054,66.4693798324298,"83a8890c9bd54b31ca0a35c09670b06c2135cbfd5512632ef57454e326b2680b"
"36-47",92.3902699317793,20,0.0928136079826906,0.189875171682563,-0.279341728515133,0.464968944480514,FALSE,1.74615801560054,66.4693798324298,"83a8890c9bd54b31ca0a35c09670b06c2135cbfd5512632ef57454e326b2680b"
"36-47",92.6271257864866,20,0.0936843361013406,0.191651081125597,-0.281951782904829,0.469320455107511,FALSE,1.74615801560054,66.4693798324298,"83a8890c9bd54b31ca0a35c09670b06c2135cbfd5512632ef57454e326b2680b"
"36-47",92.863981641194,20,0.094556487357631,0.193430892140551,-0.284568061237849,0.473681035953111,FALSE,1.74615801560054,66.4693798324298,"83a8890c9bd54b31ca0a35c09670b06c2135cbfd5512632ef57454e326b2680b"
"36-47",93.1008374959014,20,0.0954299036251572,0.195214415976427,-0.28719035168864,0.478050158938955,FALSE,1.74615801560054,66.4693798324298,"83a8890c9bd54b31ca0a35c09670b06c2135cbfd5512632ef57454e326b2680b"
"36-47",93.3376933506087,20,0.0963044267775149,0.19700146487317,-0.289818444373897,0.482427297928927,FALSE,1.74615801560054,66.4693798324298,"83a8890c9bd54b31ca0a35c09670b06c2135cbfd5512632ef57454e326b2680b"
"36-47",93.5745492053161,20,0.0971798986882995,0.198791852042656,-0.292452131315307,0.486811928691906,FALSE,1.74615801560054,66.4693798324298,"83a8890c9bd54b31ca0a35c09670b06c2135cbfd5512632ef57454e326b2680b"
"36-47",93.8114050600235,20,0.0980561612311067,0.200585391649857,-0.295091206402614,0.491203528864827,FALSE,1.74615801560054,66.4693798324298,"83a8890c9bd54b31ca0a35c09670b06c2135cbfd5512632ef57454e326b2680b"
"36-47",94.0482609147308,20,0.0989330562795317,0.202381898794183,-0.297735465357068,0.495601577916131,FALSE,1.74615801560054,66.4693798324298,"83a8890c9bd54b31ca0a35c09670b06c2135cbfd5512632ef57454e326b2680b"
"36-47",94.2851167694382,20,0.0998104257071702,0.204181189491053,-0.300384705695294,0.500005557109634,FALSE,1.74615801560054,66.4693798324298,"83a8890c9bd54b31ca0a35c09670b06c2135cbfd5512632ef57454e326b2680b"
"36-47",94.5219726241455,20,0.100688111387618,0.2059830806537,-0.303038726693633,0.504414949468869,FALSE,1.74615801560054,66.4693798324298,"83a8890c9bd54b31ca0a35c09670b06c2135cbfd5512632ef57454e326b2680b"
"36-47",94.7588284788529,20,0.10156595519447,0.207787390075234,-0.305697329352989,0.508829239741929,FALSE,1.74615801560054,66.4693798324298,"83a8890c9bd54b31ca0a35c09670b06c2135cbfd5512632ef57454e326b2680b"
"48-59",0.0164865959077473,20,-0.578877815040438,0.0986572297951842,-0.772245985438999,-0.385509644641877,FALSE,1.72053231100745,66.3280806954508,"83a8890c9bd54b31ca0a35c09670b06c2135cbfd5512632ef57454e326b2680b"
"48-59",0.25334245061511,20,-0.569819480831454,0.0970704286186367,-0.760077520923982,-0.379561440738926,FALSE,1.72053231100745,66.3280806954508,"83a8890c9bd54b31ca0a35c09670b06c2135cbfd5512632ef57454e326b2680b"
"48-59",0.490198305322473,20,-0.560762999227416,0.095484897419467,-0.747913398169571,-0.373612600285261,FALSE,1.72053231100745,66.3280806954508,"83a8890c9bd54b31ca0a35c09670b06c2135cbfd5512632ef57454e326b2680b"
"48-59",0.727054160029836,20,-0.55171022283327,0.0939010303788716,-0.735756242375859,-0.367664203290682,FALSE,1.72053231100745,66.3280806954508,"83a8890c9bd54b31ca0a35c09670b06c2135cbfd5512632ef57454e326b2680b"
"48-59",0.963910014737199,20,-0.542663004253964,0.0923192213048513,-0.723608678011473,-0.361717330496456,FALSE,1.72053231100745,66.3280806954508,"83a8890c9bd54b31ca0a35c09670b06c2135cbfd5512632ef57454e326b2680b"
"48-59",1.20076586944456,20,-0.533623196094443,0.0907398635700066,-0.711473328691656,-0.35577306349723,FALSE,1.72053231100745,66.3280806954508,"83a8890c9bd54b31ca0a35c09670b06c2135cbfd5512632ef57454e326b2680b"
"48-59",1.43762172415192,20,-0.524592650959654,0.0891633500463016,-0.699352817050405,-0.349832484868902,FALSE,1.72053231100745,66.3280806954508,"83a8890c9bd54b31ca0a35c09670b06c2135cbfd5512632ef57454e326b2680b"
"48-59",1.67447757885929,20,-0.515573221454542,0.0875900730365193,-0.68724976460612,-0.343896678302964,FALSE,1.72053231100745,66.3280806954508,"83a8890c9bd54b31ca0a35c09670b06c2135cbfd5512632ef57454e326b2680b"
"48-59",1.72053231100745,20,-0.513820913479408,0.0872845709884775,-0.684898672616823,-0.342743154341992,TRUE,1.72053231100745,66.3280806954508,"83a8890c9bd54b31ca0a35c09670b06c2135cbfd5512632ef57454e326b2680b"
"48-59",1.91133343356665,20,-0.506566760184054,0.0860204242021136,-0.675166791620197,-0.337966728747912,TRUE,1.72053231100745,66.3280806954508,"83a8890c9bd54b31ca0a35c09670b06c2135cbfd5512632ef57454e326b2680b"
"48-59",2.14818928827401,20,-0.497575119753137,0.0844547944871408,-0.663106516947933,-0.332043722558341,TRUE,1.72053231100745,66.3280806954508,"83a8890c9bd54b31ca0a35c09670b06c2135cbfd5512632ef57454e326b2680b"
"48-59",2.38504514298138,20,-0.488600152766737,0.0828935740379288,-0.651071557881077,-0.326128747652396,TRUE,1.72053231100745,66.3280806954508,"83a8890c9bd54b31ca0a35c09670b06c2135cbfd5512632ef57454e326b2680b"
"48-59",2.62190099768874,20,-0.4796437118298,0.0813371521181137,-0.639064529981302,-0.320222893678297,TRUE,1.72053231100745,66.3280806954508,"83a8890c9bd54b31ca0a35c09670b06c2135cbfd5512632ef57454e326b2680b"
"48-59",2.8587568523961,20,-0.470707649547272,0.0797859170186472,-0.62708804690382,-0.314327252190723,TRUE,1.72053231100745,66.3280806954508,"83a8890c9bd54b31ca0a35c09670b06c2135cbfd5512632ef57454e326b2680b"
"48-59",3.09561270710346,20,-0.4617938185241,0.0782402559623455,-0.615144720210297,-0.308442916837902,TRUE,1.72053231100745,66.3280806954508,"83a8890c9bd54b31ca0a35c09670b06c2135cbfd5512632ef57454e326b2680b"
"48-59",3.33246856181083,20,-0.452904071365229,0.0767005550025143,-0.603237159170157,-0.302570983560301,TRUE,1.72053231100745,66.3280806954508,"83a8890c9bd54b31ca0a35c09670b06c2135cbfd5512632ef57454e326b2680b"
"48-59",3.56932441651819,20,-0.444040260675608,0.0751671989151507,-0.591367970549303,-0.296712550801912,TRUE,1.72053231100745,66.3280806954508,"83a8890c9bd54b31ca0a35c09670b06c2135cbfd5512632ef57454e326b2680b"
"48-59",3.80618027122555,20,-0.43520423906018,0.0736405710841795,-0.579539758385172,-0.290868719735189,TRUE,1.72053231100745,66.3280806954508,"83a8890c9bd54b31ca0a35c09670b06c2135cbfd5512632ef57454e326b2680b"
"48-59",4.04303612593292,20,-0.426397859123894,0.0721210533791374,-0.567755123747003,-0.285040594500785,TRUE,1.72053231100745,66.3280806954508,"83a8890c9bd54b31ca0a35c09670b06c2135cbfd5512632ef57454e326b2680b"
"48-59",4.27989198064028,20,-0.417622973471695,0.0706090260246737,-0.556016664480055,-0.279229282463334,TRUE,1.72053231100745,66.3280806954508,"83a8890c9bd54b31ca0a35c09670b06c2135cbfd5512632ef57454e326b2680b"
"48-59",4.51674783534764,20,-0.408881434708529,0.0691048674611797,-0.544326974932442,-0.273435894484617,TRUE,1.72053231100745,66.3280806954508,"83a8890c9bd54b31ca0a35c09670b06c2135cbfd5512632ef57454e326b2680b"
"48-59",4.753603690055,20,-0.400175095439344,0.0676089541958083,-0.532688645663128,-0.26766154521556,TRUE,1.72053231100745,66.3280806954508,"83a8890c9bd54b31ca0a35c09670b06c2135cbfd5512632ef57454e326b2680b"
"48-59",4.99045954476237,20,-0.391505808269084,0.0661216606430788,-0.521104263129519,-0.26190735340865,TRUE,1.72053231100745,66.3280806954508,"83a8890c9bd54b31ca0a35c09670b06c2135cbfd5512632ef57454e326b2680b"
"48-59",5.22731539946973,20,-0.382875425802697,0.0646433589542013,-0.509576409352932,-0.256174442252463,TRUE,1.72053231100745,66.3280806954508,"83a8890c9bd54b31ca0a35c09670b06c2135cbfd5512632ef57454e326b2680b"
"48-59",5.46417125417709,20,-0.374285800645129,0.0631744188341807,-0.498107661560123,-0.250463939730135,TRUE,1.72053231100745,66.3280806954508,"83a8890c9bd54b31ca0a35c09670b06c2135cbfd5512632ef57454e326b2680b"
"48-59",5.70102710888446,20,-0.365738785401326,0.0617152073456843,-0.486700591798867,-0.244776979003785,TRUE,1.72053231100745,66.3280806954508,"83a8890c9bd54b31ca0a35c09670b06c2135cbfd5512632ef57454e326b2680b"
"48-59",5.93788296359182,20,-0.357236232676234,0.0602660886985758,-0.475357766525443,-0.239114698827026,TRUE,1.72053231100745,66.3280806954508,"83a8890c9bd54b31ca0a35c09670b06c2135cbfd5512632ef57454e326b2680b"
"48-59",6.17473881829918,20,-0.3487799950748,0.0588274240239275,-0.464081746161698,-0.233478243987902,TRUE,1.72053231100745,66.3280806954508,"83a8890c9bd54b31ca0a35c09670b06c2135cbfd5512632ef57454e326b2680b"
"48-59",6.41159467300655,20,-0.34037192520197,0.0573995711312275,-0.452875084619176,-0.227868765784764,TRUE,1.72053231100745,66.3280806954508,"83a8890c9bd54b31ca0a35c09670b06c2135cbfd5512632ef57454e326b2680b"
"48-59",6.64845052771391,20,-0.33201387566269,0.0559828842473969,-0.441740328787588,-0.222287422537792,TRUE,1.72053231100745,66.3280806954508,"83a8890c9bd54b31ca0a35c09670b06c2135cbfd5512632ef57454e326b2680b"
"48-59",6.88530638242127,20,-0.323707699061907,0.0545777137361218,-0.430680017984706,-0.216735380139108,TRUE,1.72053231100745,66.3280806954508,"83a8890c9bd54b31ca0a35c09670b06c2135cbfd5512632ef57454e326b2680b"
"48-59",7.12216223712863,20,-0.315455248004567,0.0531844057958862,-0.419696683364504,-0.21121381264463,TRUE,1.72053231100745,66.3280806954508,"83a8890c9bd54b31ca0a35c09670b06c2135cbfd5512632ef57454e326b2680b"
"48-59",7.359018091836,20,-0.307258375095616,0.05180330213497,-0.408792847280157,-0.205723902911075,TRUE,1.72053231100745,66.3280806954508,"83a8890c9bd54b31ca0a35c09670b06c2135cbfd5512632ef57454e326b2680b"
"48-59",7.59587394654336,20,-0.29911893294,0.0504347396215418,-0.397971022598222,-0.200266843281778,TRUE,1.72053231100745,66.3280806954508,"83a8890c9bd54b31ca0a35c09670b06c2135cbfd5512632ef57454e326b2680b"
"48-59",7.83272980125072,20,-0.291038774142667,0.0490790499068373,-0.387233711960068,-0.194843836325266,TRUE,1.72053231100745,66.3280806954508,"83a8890c9bd54b31ca0a35c09670b06c2135cbfd5512632ef57454e326b2680b"
"48-59",8.06958565595808,20,-0.283019751308562,0.0477365590192675,-0.376583406986326,-0.189456095630797,TRUE,1.72053231100745,66.3280806954508,"83a8890c9bd54b31ca0a35c09670b06c2135cbfd5512632ef57454e326b2680b"
"48-59",8.30644151066545,20,-0.275063717042631,0.0464075869271458,-0.366022587419836,-0.184104846665425,TRUE,1.72053231100745,66.3280806954508,"83a8890c9bd54b31ca0a35c09670b06c2135cbfd5512632ef57454e326b2680b"
"48-59",8.54329736537281,20,-0.26717252394982,0.045092447067566,-0.35555372020225,-0.178791327697391,TRUE,1.72053231100745,66.3280806954508,"83a8890c9bd54b31ca0a35c09670b06c2135cbfd5512632ef57454e326b2680b"
"48-59",8.78015322008017,20,-0.259348024635077,0.0437914458387951,-0.345179258479116,-0.173516790791039,TRUE,1.72053231100745,66.3280806954508,"83a8890c9bd54b31ca0a35c09670b06c2135cbfd5512632ef57454e326b2680b"
"48-59",9.01700907478754,20,-0.251592071703348,0.0425048820533791,-0.334901640527971,-0.168282502878725,TRUE,1.72053231100745,66.3280806954508,"83a8890c9bd54b31ca0a35c09670b06c2135cbfd5512632ef57454e326b2680b"
"48-59",9.2538649294949,20,-0.243906517759578,0.0412330463489884,-0.324723288603595,-0.16308974691556,TRUE,1.72053231100745,66.3280806954508,"83a8890c9bd54b31ca0a35c09670b06c2135cbfd5512632ef57454e326b2680b"
"48-59",9.49072078420226,20,-0.236293215408714,0.0399762205538609,-0.314646607694281,-0.157939823123147,TRUE,1.72053231100745,66.3280806954508,"83a8890c9bd54b31ca0a35c09670b06c2135cbfd5512632ef57454e326b2680b"
"48-59",9.72757663890962,20,-0.228754017255702,0.0387346770035329,-0.304673984182627,-0.152834050328778,TRUE,1.72053231100745,66.3280806954508,"83a8890c9bd54b31ca0a35c09670b06c2135cbfd5512632ef57454e326b2680b"
"48-59",9.96443249361699,20,-0.221290775905489,0.0375086778053933,-0.29480778440406,-0.147773767406918,TRUE,1.72053231100745,66.3280806954508,"83a8890c9bd54b31ca0a35c09670b06c2135cbfd5512632ef57454e326b2680b"
"48-59",10.2012883483244,20,-0.213905343963021,0.0362984740474453,-0.285050353096014,-0.142760334830028,TRUE,1.72053231100745,66.3280806954508,"83a8890c9bd54b31ca0a35c09670b06c2135cbfd5512632ef57454e326b2680b"
"48-59",10.4381442030317,20,-0.206599574033244,0.0351043049475369,-0.275404011730417,-0.137795136336072,TRUE,1.72053231100745,66.3280806954508,"83a8890c9bd54b31ca0a35c09670b06c2135cbfd5512632ef57454e326b2680b"
"48-59",10.6750000577391,20,-0.199375318721105,0.0339263969392138,-0.265871056721964,-0.132879580720246,TRUE,1.72053231100745,66.3280806954508,"83a8890c9bd54b31ca0a35c09670b06c2135cbfd5512632ef57454e326b2680b"
"48-59",10.9118559124464,20,-0.19223443063155,0.0327649626902817,-0.256453757504502,-0.128015103758598,TRUE,1.72053231100745,66.3280806954508,"83a8890c9bd54b31ca0a35c09670b06c2135cbfd5512632ef57454e326b2680b"
"48-59",11.1487117671538,20,-0.185178762369524,0.0316202000501346,-0.247154354467788,-0.123203170271261,TRUE,1.72053231100745,66.3280806954508,"83a8890c9bd54b31ca0a35c09670b06c2135cbfd5512632ef57454e326b2680b"
"48-59",11.3855676218612,20,-0.178210166539976,0.0304922909219368,-0.237975056746972,-0.11844527633298,TRUE,1.72053231100745,66.3280806954508,"83a8890c9bd54b31ca0a35c09670b06c2135cbfd5512632ef57454e326b2680b"
"48-59",11.6224234765685,20,-0.17133049574785,0.0293814000558381,-0.228918039857292,-0.113742951638407,TRUE,1.72053231100745,66.3280806954508,"83a8890c9bd54b31ca0a35c09670b06c2135cbfd5512632ef57454e326b2680b"
"48-59",11.8592793312759,20,-0.164541602598093,0.0282876737595839,-0.219985443166877,-0.109097762029308,TRUE,1.72053231100745,66.3280806954508,"83a8890c9bd54b31ca0a35c09670b06c2135cbfd5512632ef57454e326b2680b"
"48-59",12.0961351859833,20,-0.157845339695651,0.0272112385231578,-0.211179367201041,-0.104511312190262,TRUE,1.72053231100745,66.3280806954508,"83a8890c9bd54b31ca0a35c09670b06c2135cbfd5512632ef57454e326b2680b"
"48-59",12.3329910406906,20,-0.151243559645471,0.0261521995544955,-0.202501870772283,-0.0999852485186603,TRUE,1.72053231100745,66.3280806954508,"83a8890c9bd54b31ca0a35c09670b06c2135cbfd5512632ef57454e326b2680b"
"48-59",12.569846895398,20,-0.1447381150525,0.0251106392238496,-0.193954967931245,-0.0955212621737544,TRUE,1.72053231100745,66.3280806954508,"83a8890c9bd54b31ca0a35c09670b06c2135cbfd5512632ef57454e326b2680b"
"48-59",12.8067027501053,20,-0.138330858521682,0.0240866154150875,-0.185540624735254,-0.0911210923081109,TRUE,1.72053231100745,66.3280806954508,"83a8890c9bd54b31ca0a35c09670b06c2135cbfd5512632ef57454e326b2680b"
"48-59",13.0435586048127,20,-0.132023642657966,0.023080159783102,-0.177260755832845,-0.0867865294830856,TRUE,1.72053231100745,66.3280806954508,"83a8890c9bd54b31ca0a35c09670b06c2135cbfd5512632ef57454e326b2680b"
"48-59",13.2804144595201,20,-0.125818320066296,0.0220912759176237,-0.169117220864838,-0.0825194192677531,TRUE,1.72053231100745,66.3280806954508,"83a8890c9bd54b31ca0a35c09670b06c2135cbfd5512632ef57454e326b2680b"
"48-59",13.5172703142274,20,-0.119716743351619,0.0211199374150707,-0.161111820685158,-0.0783216660180804,TRUE,1.72053231100745,66.3280806954508,"83a8890c9bd54b31ca0a35c09670b06c2135cbfd5512632ef57454e326b2680b"
"48-59",13.7541261689348,20,-0.113720765118882,0.0201660858616934,-0.153246293407801,-0.0741952368299629,TRUE,1.72053231100745,66.3280806954508,"83a8890c9bd54b31ca0a35c09670b06c2135cbfd5512632ef57454e326b2680b"
"48-59",13.9909820236422,20,-0.107832237973031,0.0192296287331701,-0.145522310290044,-0.0701421656560172,TRUE,1.72053231100745,66.3280806954508,"83a8890c9bd54b31ca0a35c09670b06c2135cbfd5512632ef57454e326b2680b"
"48-59",14.2278378783495,20,-0.102053014519012,0.0183104372180252,-0.137941471466341,-0.0661645575716823,TRUE,1.72053231100745,66.3280806954508,"83a8890c9bd54b31ca0a35c09670b06c2135cbfd5512632ef57454e326b2680b"
"48-59",14.4646937330569,20,-0.0963849473617711,0.0174083439747654,-0.130505301552311,-0.0622645931712309,TRUE,1.72053231100745,66.3280806954508,"83a8890c9bd54b31ca0a35c09670b06c2135cbfd5512632ef57454e326b2680b"
"48-59",14.7015495877642,20,-0.0908298891062553,0.0165231408354847,-0.123215245143805,-0.0584445330687053,TRUE,1.72053231100745,66.3280806954508,"83a8890c9bd54b31ca0a35c09670b06c2135cbfd5512632ef57454e326b2680b"
"48-59",14.9384054424716,20,-0.0853896923574107,0.0156545764718465,-0.11607266224223,-0.0547067224725915,TRUE,1.72053231100745,66.3280806954508,"83a8890c9bd54b31ca0a35c09670b06c2135cbfd5512632ef57454e326b2680b"
"48-59",15.175261297179,20,-0.0800662097201834,0.0148023540428044,-0.10907882364408,-0.0510535957962867,TRUE,1.72053231100745,66.3280806954508,"83a8890c9bd54b31ca0a35c09670b06c2135cbfd5512632ef57454e326b2680b"
"48-59",15.4121171518863,20,-0.0748612937995198,0.0139661288471151,-0.102234906339865,-0.0474876812591743,TRUE,1.72053231100745,66.3280806954508,"83a8890c9bd54b31ca0a35c09670b06c2135cbfd5512632ef57454e326b2680b"
"48-59",15.6489730065937,20,-0.0697767972003663,0.0131455060075708,-0.095541988975205,-0.0440116054255275,TRUE,1.72053231100745,66.3280806954508,"83a8890c9bd54b31ca0a35c09670b06c2135cbfd5512632ef57454e326b2680b"
"48-59",15.8858288613011,20,-0.0648145725276692,0.01234003821784,-0.0890010474346355,-0.0406280976207029,TRUE,1.72053231100745,66.3280806954508,"83a8890c9bd54b31ca0a35c09670b06c2135cbfd5512632ef57454e326b2680b"
"48-59",16.1226847160084,20,-0.0599764723863745,0.0115492235867355,-0.0826129506163761,-0.0373399941563729,TRUE,1.72053231100745,66.3280806954508,"83a8890c9bd54b31ca0a35c09670b06c2135cbfd5512632ef57454e326b2680b"
"48-59",16.3595405707158,20,-0.0552643493814289,0.0107725036184864,-0.0763784564736623,-0.0341502422891955,TRUE,1.72053231100745,66.3280806954508,"83a8890c9bd54b31ca0a35c09670b06c2135cbfd5512632ef57454e326b2680b"
"48-59",16.5963964254231,20,-0.0506800561177786,0.0100092613709927,-0.0702982084049242,-0.0310619038306329,TRUE,1.72053231100745,66.3280806954508,"83a8890c9bd54b31ca0a35c09670b06c2135cbfd5512632ef57454e326b2680b"
"48-59",16.8332522801305,20,-0.0462254452003697,0.00925881983690348,-0.0643727320807005,-0.0280781583200389,TRUE,1.72053231100745,66.3280806954508,"83a8890c9bd54b31ca0a35c09670b06c2135cbfd5512632ef57454e326b2680b"
"48-59",17.0701081348379,20,-0.0419023692341488,0.00852044059445492,-0.0586024327992805,-0.0252023056690172,TRUE,1.72053231100745,66.3280806954508,"83a8890c9bd54b31ca0a35c09670b06c2135cbfd5512632ef57454e326b2680b"
"48-59",17.3069639895452,20,-0.037712680824062,0.00779332277612494,-0.0529875934652669,-0.0224377681828571,TRUE,1.72053231100745,66.3280806954508,"83a8890c9bd54b31ca0a35c09670b06c2135cbfd5512632ef57454e326b2680b"
"48-59",17.5438198442526,20,-0.0336582325750557,0.00707660240310898,-0.0475283732851493,-0.0197880918649621,TRUE,1.72053231100745,66.3280806954508,"83a8890c9bd54b31ca0a35c09670b06c2135cbfd5512632ef57454e326b2680b"
"48-59",17.78067569896,20,-0.0297408770920762,0.00636935213224765,-0.0422248072712815,-0.0172569469128708,TRUE,1.72053231100745,66.3280806954508,"83a8890c9bd54b31ca0a35c09670b06c2135cbfd5512632ef57454e326b2680b"
"48-59",18.0175315536673,20,-0.0259624669800698,0.00567058145934237,-0.0370768066403809,-0.0148481273197588,TRUE,1.72053231100745,66.3280806954508,"83a8890c9bd54b31ca0a35c09670b06c2135cbfd5512632ef57454e326b2680b"
"48-59",18.2543874083747,20,-0.0223248548439828,0.00497923741907979,-0.0320841601853791,-0.0125655495025864,TRUE,1.72053231100745,66.3280806954508,"83a8890c9bd54b31ca0a35c09670b06c2135cbfd5512632ef57454e326b2680b"
"48-59",18.491243263082,20,-0.0188298932887616,0.00429420581818986,-0.0272465366924137,-0.0104132498851094,TRUE,1.72053231100745,66.3280806954508,"83a8890c9bd54b31ca0a35c09670b06c2135cbfd5512632ef57454e326b2680b"
"48-59",18.7280991177894,20,-0.0154794349193523,0.00361431303865908,-0.0225634884751241,-0.00839538136358049,TRUE,1.72053231100745,66.3280806954508,"83a8890c9bd54b31ca0a35c09670b06c2135cbfd5512632ef57454e326b2680b"
"48-59",18.9649549724968,20,-0.0122753323407014,0.00293832846477037,-0.0180344561316513,-0.00651620854975144,TRUE,1.72053231100745,66.3280806954508,"83a8890c9bd54b31ca0a35c09670b06c2135cbfd5512632ef57454e326b2680b"
"48-59",19.2018108272041,20,-0.00921938802087221,0.00226497027478854,-0.0136587297594577,-0.00478004628228667,TRUE,1.72053231100745,66.3280806954508,"83a8890c9bd54b31ca0a35c09670b06c2135cbfd5512632ef57454e326b2680b"
"48-59",19.4386666819115,20,-0.00631166165710455,0.00159301168520074,-0.00943396456009801,-0.00318935875411109,TRUE,1.72053231100745,66.3280806954508,"83a8890c9bd54b31ca0a35c09670b06c2135cbfd5512632ef57454e326b2680b"
"48-59",19.6755225366189,20,-0.00355006162928824,0.000921375961682271,-0.00535595851418549,-0.00174416474439099,TRUE,1.72053231100745,66.3280806954508,"83a8890c9bd54b31ca0a35c09670b06c2135cbfd5512632ef57454e326b2680b"
"48-59",19.9123783913262,20,-0.000932363333359942,0.000249067937841382,-0.00142053649152905,-0.000444190175190834,TRUE,1.72053231100745,66.3280806954508,"83a8890c9bd54b31ca0a35c09670b06c2135cbfd5512632ef57454e326b2680b"
"48-59",20,20,0,0,0,0,TRUE,1.72053231100745,66.3280806954508,"83a8890c9bd54b31ca0a35c09670b06c2135cbfd5512632ef57454e326b2680b"
"48-59",20.1492342460336,20,0.00154365783474422,0.000424831291143503,0.000710988504102958,0.00237632716538549,TRUE,1.72053231100745,66.3280806954508,"83a8890c9bd54b31ca0a35c09670b06c2135cbfd5512632ef57454e326b2680b"
"48-59",20.386090100741,20,0.00388022647908773,0.00110116429896237,0.00172194445312149,0.00603850850505397,TRUE,1.72053231100745,66.3280806954508,"83a8890c9bd54b31ca0a35c09670b06c2135cbfd5512632ef57454e326b2680b"
"48-59",20.6229459554483,20,0.00607956720373433,0.00178069775360316,0.00258939960667215,0.00956973480079652,TRUE,1.72053231100745,66.3280806954508,"83a8890c9bd54b31ca0a35c09670b06c2135cbfd5512632ef57454e326b2680b"
"48-59",20.8598018101557,20,0.00814390461274755,0.00246412329183571,0.00331422296074955,0.0129735862647455,TRUE,1.72053231100745,66.3280806954508,"83a8890c9bd54b31ca0a35c09670b06c2135cbfd5512632ef57454e326b2680b"
"48-59",21.096657664863,20,0.0100754633101911,0.00315205879338346,0.00389742807515956,0.0162534985452227,TRUE,1.72053231100745,66.3280806954508,"83a8890c9bd54b31ca0a35c09670b06c2135cbfd5512632ef57454e326b2680b"
"48-59",21.3335135195704,20,0.0118764679001286,0.00384505000369423,0.00434016989288788,0.0194127659073693,TRUE,1.72053231100745,66.3280806954508,"83a8890c9bd54b31ca0a35c09670b06c2135cbfd5512632ef57454e326b2680b"
"48-59",21.5703693742778,20,0.0135491429866236,0.00454357245401795,0.00464374097674842,0.0224545449964988,TRUE,1.72053231100745,66.3280806954508,"83a8890c9bd54b31ca0a35c09670b06c2135cbfd5512632ef57454e326b2680b"
"48-59",21.8072252289851,20,0.0150957131737399,0.00524803362858332,0.00480956726171662,0.0253818590857632,TRUE,1.72053231100745,66.3280806954508,"83a8890c9bd54b31ca0a35c09670b06c2135cbfd5512632ef57454e326b2680b"
"48-59",22.0440810836925,20,0.016518403065541,0.00595877533080282,0.00483920341716751,0.0281976027139146,TRUE,1.72053231100745,66.3280806954508,"83a8890c9bd54b31ca0a35c09670b06c2135cbfd5512632ef57454e326b2680b"
"48-59",22.2809369383999,20,0.0178194372660906,0.00667607620338171,0.00473432790746249,0.0309045466247188,TRUE,1.72053231100745,66.3280806954508,"83a8890c9bd54b31ca0a35c09670b06c2135cbfd5512632ef57454e326b2680b"
"48-59",22.5177927931072,20,0.0190010403794524,0.00740015436073861,0.0044967378324047,0.0335053429265001,TRUE,1.72053231100745,66.3280806954508,"83a8890c9bd54b31ca0a35c09670b06c2135cbfd5512632ef57454e326b2680b"
"48-59",22.7546486478146,20,0.0200654370096898,0.00813117009605414,0.00412834362142371,0.0360025303979559,TRUE,1.72053231100745,66.3280806954508,"83a8890c9bd54b31ca0a35c09670b06c2135cbfd5512632ef57454e326b2680b"
"48-59",22.991504502522,20,0.0210148517608668,0.00886922862937164,0.00363116364729839,0.0383985398744352,TRUE,1.72053231100745,66.3280806954508,"83a8890c9bd54b31ca0a35c09670b06c2135cbfd5512632ef57454e326b2680b"
"48-59",23.2283603572293,20,0.0218515092370467,0.00961438286732682,0.00300731881708615,0.0406956996570073,TRUE,1.72053231100745,66.3280806954508,"83a8890c9bd54b31ca0a35c09670b06c2135cbfd5512632ef57454e326b2680b"
"48-59",23.4652162119367,20,0.0225776340422933,0.0103666361491608,0.00225902718993812,0.0428962408946486,TRUE,1.72053231100745,66.3280806954508,"83a8890c9bd54b31ca0a35c09670b06c2135cbfd5512632ef57454e326b2680b"
"48-59",23.702072066644,20,0.0231954507806701,0.0111259449575768,0.00138859866381967,0.0450023028975206,TRUE,1.72053231100745,66.3280806954508,"83a8890c9bd54b31ca0a35c09670b06c2135cbfd5512632ef57454e326b2680b"
"48-59",23.9389279213514,20,0.023707184056241,0.0118922215766667,0.000398429765974231,0.0470159383465077,TRUE,1.72053231100745,66.3280806954508,"83a8890c9bd54b31ca0a35c09670b06c2135cbfd5512632ef57454e326b2680b"
"48-59",24.1757837760588,20,0.0241150584730694,0.0126653366825152,-0.000709001424660474,0.0489391183707993,TRUE,1.72053231100745,66.3280806954508,"83a8890c9bd54b31ca0a35c09670b06c2135cbfd5512632ef57454e326b2680b"
"48-59",24.4126396307661,20,0.024421298635219,0.0134451218551521,-0.00193114020087918,0.0507737374713171,TRUE,1.72053231100745,66.3280806954508,"83a8890c9bd54b31ca0a35c09670b06c2135cbfd5512632ef57454e326b2680b"
"48-59",24.6494954854735,20,0.0246281291467535,0.0142313720032655,-0.003265359979647,0.0525216182731539,TRUE,1.72053231100745,66.3280806954508,"83a8890c9bd54b31ca0a35c09670b06c2135cbfd5512632ef57454e326b2680b"
"48-59",24.8863513401809,20,0.0247377746117364,0.0150238476955035,-0.00470896687145048,0.0541845160949233,TRUE,1.72053231100745,66.3280806954508,"83a8890c9bd54b31ca0a35c09670b06c2135cbfd5512632ef57454e326b2680b"
"48-59",25.1232071948882,20,0.0247524596342314,0.015822277394289,-0.00625920405857503,0.0557641233270378,TRUE,1.72053231100745,66.3280806954508,"83a8890c9bd54b31ca0a35c09670b06c2135cbfd5512632ef57454e326b2680b"
"48-59",25.3600630495956,20,0.0246744088183023,0.0166263595898772,-0.00791325597785705,0.0572620736144616,TRUE,1.72053231100745,66.3280806954508,"83a8890c9bd54b31ca0a35c09670b06c2135cbfd5512632ef57454e326b2680b"
"48-59",25.5969189043029,20,0.0245058467680125,0.0174357648339069,-0.00966825230644512,0.05867994584247,TRUE,1.72053231100745,66.3280806954508,"83a8890c9bd54b31ca0a35c09670b06c2135cbfd5512632ef57454e326b2680b"
"48-59",25.8337747590103,20,0.0242489980874257,0.0182501376729702,-0.0115212717515958,0.0600192679264473,TRUE,1.72053231100745,66.3280806954508,"83a8890c9bd54b31ca0a35c09670b06c2135cbfd5512632ef57454e326b2680b"
"48-59",26.0706306137177,20,0.0239060873806056,0.0190690984837694,-0.0134693456475824,0.0612815204087937,TRUE,1.72053231100745,66.3280806954508,"83a8890c9bd54b31ca0a35c09670b06c2135cbfd5512632ef57454e326b2680b"
"48-59",26.307486468425,20,0.0234793392516158,0.0198922452122743,-0.0155094613644419,0.0624681398676735,TRUE,1.72053231100745,66.3280806954508,"83a8890c9bd54b31ca0a35c09670b06c2135cbfd5512632ef57454e326b2680b"
"48-59",26.5443423231324,20,0.0229709783045199,0.0207191550199581,-0.017638565534598,0.0635805221436378,TRUE,1.72053231100745,66.3280806954508,"83a8890c9bd54b31ca0a35c09670b06c2135cbfd5512632ef57454e326b2680b"
"48-59",26.7811981778398,20,0.0223832291433817,0.0215493858407063,-0.0198535671044027,0.064620025391166,TRUE,1.72053231100745,66.3280806954508,"83a8890c9bd54b31ca0a35c09670b06c2135cbfd5512632ef57454e326b2680b"
"48-59",27.0180540325471,20,0.0217183163722645,0.0223824778523766,-0.0221513402183935,0.0655879729629226,TRUE,1.72053231100745,66.3280806954508,"83a8890c9bd54b31ca0a35c09670b06c2135cbfd5512632ef57454e326b2680b"
"48-59",27.2549098872545,20,0.0209784645952323,0.0232179548672594,-0.0245287269445962,0.0664856561350607,TRUE,1.72053231100745,66.3280806954508,"83a8890c9bd54b31ca0a35c09670b06c2135cbfd5512632ef57454e326b2680b"
"48-59",27.4917657419618,20,0.0201658984163485,0.0240553256458732,-0.026982539849563,0.06731433668226,TRUE,1.72053231100745,66.3280806954508,"83a8890c9bd54b31ca0a35c09670b06c2135cbfd5512632ef57454e326b2680b"
"48-59",27.7286215966692,20,0.0192828424396769,0.0248940851386311,-0.0295095644320401,0.0680752493113938,TRUE,1.72053231100745,66.3280806954508,"83a8890c9bd54b31ca0a35c09670b06c2135cbfd5512632ef57454e326b2680b"
"48-59",27.9654774513766,20,0.0183315212692809,0.0257337156599632,-0.0321065614242469,0.0687696039628087,TRUE,1.72053231100745,66.3280806954508,"83a8890c9bd54b31ca0a35c09670b06c2135cbfd5512632ef57454e326b2680b"
"48-59",28.2023333060839,20,0.0173141595092244,0.0265736879994722,-0.0347702689697411,0.06939858798819,TRUE,1.72053231100745,66.3280806954508,"83a8890c9bd54b31ca0a35c09670b06c2135cbfd5512632ef57454e326b2680b"
"48-59",28.4391891607913,20,0.0162329817635709,0.0274134624746598,-0.0374974046867623,0.0699633682139041,TRUE,1.72053231100745,66.3280806954508,"83a8890c9bd54b31ca0a35c09670b06c2135cbfd5512632ef57454e326b2680b"
"48-59",28.6760450154987,20,0.0150902126363841,0.0282524899296889,-0.0402846676258062,0.0704650928985744,TRUE,1.72053231100745,66.3280806954508,"83a8890c9bd54b31ca0a35c09670b06c2135cbfd5512632ef57454e326b2680b"
"48-59",28.912900870206,20,0.0138880767317275,0.0290902126845589,-0.0431287401300079,0.070904893593463,TRUE,1.72053231100745,66.3280806954508,"83a8890c9bd54b31ca0a35c09670b06c2135cbfd5512632ef57454e326b2680b"
"48-59",29.1497567249134,20,0.012628798653665,0.029926065438963,-0.0460262896067025,0.0712838869140325,TRUE,1.72053231100745,66.3280806954508,"83a8890c9bd54b31ca0a35c09670b06c2135cbfd5512632ef57454e326b2680b"
"48-59",29.3866125796207,20,0.0113146030062599,0.0307594761349879,-0.0489739702183164,0.0716031762308362,TRUE,1.72053231100745,66.3280806954508,"83a8890c9bd54b31ca0a35c09670b06c2135cbfd5512632ef57454e326b2680b"
"48-59",29.6234684343281,20,0.00994771439357603,0.0315898667826982,-0.0519684245005125,0.0718638532876646,TRUE,1.72053231100745,66.3280806954508,"83a8890c9bd54b31ca0a35c09670b06c2135cbfd5512632ef57454e326b2680b"
"48-59",29.8603242890355,20,0.00853035741967705,0.0324166542525341,-0.0550062849152897,0.0720669997546438,TRUE,1.72053231100745,66.3280806954508,"83a8890c9bd54b31ca0a35c09670b06c2135cbfd5512632ef57454e326b2680b"
"48-59",30.0971801437428,20,0.00706475668862649,0.0332392510383408,-0.0580841753465214,0.0722136887237744,TRUE,1.72053231100745,66.3280806954508,"83a8890c9bd54b31ca0a35c09670b06c2135cbfd5512632ef57454e326b2680b"
"48-59",30.3340359984502,20,0.00555313680448805,0.0340570659947453,-0.0611987125452128,0.0723049861541889,TRUE,1.72053231100745,66.3280806954508,"83a8890c9bd54b31ca0a35c09670b06c2135cbfd5512632ef57454e326b2680b"
"48-59",30.5708918531576,20,0.00399772237132541,0.0348695050525011,-0.0643465075315768,0.0723419522742276,TRUE,1.72053231100745,66.3280806954508,"83a8890c9bd54b31ca0a35c09670b06c2135cbfd5512632ef57454e326b2680b"
"48-59",30.8077477078649,20,0.0024007379932021,0.0356759719153391,-0.0675241669608625,0.0723256429472667,TRUE,1.72053231100745,66.3280806954508,"83a8890c9bd54b31ca0a35c09670b06c2135cbfd5512632ef57454e326b2680b"
"48-59",31.0446035625723,20,0.000764408274181813,0.0364758687417951,-0.0707282944597365,0.0722571110081001,TRUE,1.72053231100745,66.3280806954508,"83a8890c9bd54b31ca0a35c09670b06c2135cbfd5512632ef57454e326b2680b"
"48-59",31.2814594172796,20,-0.000909042181671782,0.0372685968154268,-0.0739554919399083,0.0721374075765648,TRUE,1.72053231100745,66.3280806954508,"83a8890c9bd54b31ca0a35c09670b06c2135cbfd5512632ef57454e326b2680b"
"48-59",31.518315271987,20,-0.00261738877029512,0.0380535572067953,-0.0772023608956139,0.0719675833550236,TRUE,1.72053231100745,66.3280806954508,"83a8890c9bd54b31ca0a35c09670b06c2135cbfd5512632ef57454e326b2680b"
"48-59",31.7551711266944,20,-0.00435840688762452,0.0388301514305621,-0.0804655036915263,0.0717486899162773,TRUE,1.72053231100745,66.3280806954508,"83a8890c9bd54b31ca0a35c09670b06c2135cbfd5512632ef57454e326b2680b"
"48-59",31.9920269814017,20,-0.00612987192959638,0.0395977821010504,-0.0837415248476551,0.0714817809884623,TRUE,1.72053231100745,66.3280806954508,"83a8890c9bd54b31ca0a35c09670b06c2135cbfd5512632ef57454e326b2680b"
"48-59",32.2288828361091,20,-0.00792955929214702,0.040355853589629,-0.08702703232782,0.0711679137435259,TRUE,1.72053231100745,66.3280806954508,"83a8890c9bd54b31ca0a35c09670b06c2135cbfd5512632ef57454e326b2680b"
"48-59",32.4657386908165,20,-0.00975524437121285,0.0411037726873177,-0.0903186388383556,0.0708081500959299,TRUE,1.72053231100745,66.3280806954508,"83a8890c9bd54b31ca0a35c09670b06c2135cbfd5512632ef57454e326b2680b"
"48-59",32.7025945455238,20,-0.0116047025627302,0.0418409492760605,-0.0936129631438089,0.0704035580183485,TRUE,1.72053231100745,66.3280806954508,"83a8890c9bd54b31ca0a35c09670b06c2135cbfd5512632ef57454e326b2680b"
"48-59",32.9394504002312,20,-0.0134757092626355,0.0425667970121976,-0.0969066314065428,0.0699552128812719,TRUE,1.72053231100745,66.3280806954508,"83a8890c9bd54b31ca0a35c09670b06c2135cbfd5512632ef57454e326b2680b"
"48-59",33.1763062549386,20,-0.0153660398668649,0.0432807340257618,-0.100196278557358,0.0694641988236282,TRUE,1.72053231100745,66.3280806954508,"83a8890c9bd54b31ca0a35c09670b06c2135cbfd5512632ef57454e326b2680b"
"48-59",33.4131621096459,20,-0.017273469771355,0.043982183639354,-0.103478549704489,0.0689316101617789,TRUE,1.72053231100745,66.3280806954508,"83a8890c9bd54b31ca0a35c09670b06c2135cbfd5512632ef57454e326b2680b"
"48-59",33.6500179643533,20,-0.0191957743720421,0.0446705751105028,-0.106750101588628,0.0683585528445434,TRUE,1.72053231100745,66.3280806954508,"83a8890c9bd54b31ca0a35c09670b06c2135cbfd5512632ef57454e326b2680b"
"48-59",33.8868738190606,20,-0.0211307290648626,0.0453453444015902,-0.110007604091979,0.0677461459622543,TRUE,1.72053231100745,66.3280806954508,"83a8890c9bd54b31ca0a35c09670b06c2135cbfd5512632ef57454e326b2680b"
"48-59",34.123729673768,20,-0.0230761092457527,0.0460059349816389,-0.113247741809765,0.0670955233182596,TRUE,1.72053231100745,66.3280806954508,"83a8890c9bd54b31ca0a35c09670b06c2135cbfd5512632ef57454e326b2680b"
"48-59",34.3605855284754,20,-0.0250296903106489,0.0466517986644916,-0.116467215693052,0.0664078350717546,TRUE,1.72053231100745,66.3280806954508,"83a8890c9bd54b31ca0a35c09670b06c2135cbfd5512632ef57454e326b2680b"
"48-59",34.5974413831827,20,-0.0269892476554876,0.0472823964881894,-0.119662744772339,0.0656842494613636,TRUE,1.72053231100745,66.3280806954508,"83a8890c9bd54b31ca0a35c09670b06c2135cbfd5512632ef57454e326b2680b"
"48-59",34.8342972378901,20,-0.0289525566762051,0.0478971996406655,-0.12283106797191,0.0649259546194993,TRUE,1.72053231100745,66.3280806954508,"83a8890c9bd54b31ca0a35c09670b06c2135cbfd5512632ef57454e326b2680b"
"48-59",35.0711530925975,20,-0.0309173927687378,0.0484956904372173,-0.125968946025684,0.0641341604882082,TRUE,1.72053231100745,66.3280806954508,"83a8890c9bd54b31ca0a35c09670b06c2135cbfd5512632ef57454e326b2680b"
"48-59",35.3080089473048,20,-0.032881531329022,0.0490773633556095,-0.129073163506017,0.0633101008479727,TRUE,1.72053231100745,66.3280806954508,"83a8890c9bd54b31ca0a35c09670b06c2135cbfd5512632ef57454e326b2680b"
"48-59",35.5448648020122,20,-0.0348427477529941,0.0496417261350934,-0.132140530977777,0.062455035471789,TRUE,1.72053231100745,66.3280806954508,"83a8890c9bd54b31ca0a35c09670b06c2135cbfd5512632ef57454e326b2680b"
"48-59",35.7817206567195,20,-0.0367988174365904,0.0501883009461072,-0.135167887290961,0.0615702524177798,TRUE,1.72053231100745,66.3280806954508,"83a8890c9bd54b31ca0a35c09670b06c2135cbfd5512632ef57454e326b2680b"
"48-59",36.0185765114269,20,-0.0387475157757474,0.0507166256379528,-0.138152102026135,0.0606570704746402,TRUE,1.72053231100745,66.3280806954508,"83a8890c9bd54b31ca0a35c09670b06c2135cbfd5512632ef57454e326b2680b"
"48-59",36.2554323661343,20,-0.0406866181664013,0.0512262550723247,-0.141090078108158,0.0597168417753552,TRUE,1.72053231100745,66.3280806954508,"83a8890c9bd54b31ca0a35c09670b06c2135cbfd5512632ef57454e326b2680b"
"48-59",36.4922882208416,20,-0.0426139000044886,0.0517167625512098,-0.14397875460486,0.0587509545958825,TRUE,1.72053231100745,66.3280806954508,"83a8890c9bd54b31ca0a35c09670b06c2135cbfd5512632ef57454e326b2680b"
"48-59",36.729144075549,20,-0.0445271366859457,0.0521877413483729,-0.146815109728757,0.0577608363568652,TRUE,1.72053231100745,66.3280806954508,"83a8890c9bd54b31ca0a35c09670b06c2135cbfd5512632ef57454e326b2680b"
"48-59",36.9659999302564,20,-0.0464241036067088,0.0526388063544073,-0.149596164061347,0.0567479568479295,TRUE,1.72053231100745,66.3280806954508,"83a8890c9bd54b31ca0a35c09670b06c2135cbfd5512632ef57454e326b2680b"
"48-59",37.2028557849637,20,-0.0483025761627144,0.0530695958461522,-0.152318984021173,0.0557138316957439,TRUE,1.72053231100745,66.3280806954508,"83a8890c9bd54b31ca0a35c09670b06c2135cbfd5512632ef57454e326b2680b"
"48-59",37.4397116396711,20,-0.0501603297498987,0.0534797733921781,-0.154980685598568,0.0546600260987703,TRUE,1.72053231100745,66.3280806954508,"83a8890c9bd54b31ca0a35c09670b06c2135cbfd5512632ef57454e326b2680b"
"48-59",37.6765674943785,20,-0.0519951397641983,0.0538690299069985,-0.157578438381915,0.0535881588535187,TRUE,1.72053231100745,66.3280806954508,"83a8890c9bd54b31ca0a35c09670b06c2135cbfd5512632ef57454e326b2680b"
"48-59",37.9134233490858,20,-0.0538047816015493,0.054237085867699,-0.160109469902239,0.0524999066991407,TRUE,1.72053231100745,66.3280806954508,"83a8890c9bd54b31ca0a35c09670b06c2135cbfd5512632ef57454e326b2680b"
"48-59",38.1502792037932,20,-0.0555870306578883,0.0545836937077692,-0.162571070325116,0.0513970090093394,TRUE,1.72053231100745,66.3280806954508,"83a8890c9bd54b31ca0a35c09670b06c2135cbfd5512632ef57454e326b2680b"
"48-59",38.3871350585005,20,-0.0573396969181509,0.0549086557956595,-0.164960662277644,0.0502812684413418,TRUE,1.72053231100745,66.3280806954508,"83a8890c9bd54b31ca0a35c09670b06c2135cbfd5512632ef57454e326b2680b"
"48-59",38.6239909132079,20,-0.0590616734901776,0.0552122898795693,-0.167277761654134,0.0491544146737783,TRUE,1.72053231100745,66.3280806954508,"83a8890c9bd54b31ca0a35c09670b06c2135cbfd5512632ef57454e326b2680b"
"48-59",38.8608467679153,20,-0.0607531255187827,0.0554954964520726,-0.169524298564845,0.0480180475272795,TRUE,1.72053231100745,66.3280806954508,"83a8890c9bd54b31ca0a35c09670b06c2135cbfd5512632ef57454e326b2680b"
"48-59",39.0977026226226,20,-0.0624142908269948,0.055759215717452,-0.171702353633201,0.0468737719792111,TRUE,1.72053231100745,66.3280806954508,"83a8890c9bd54b31ca0a35c09670b06c2135cbfd5512632ef57454e326b2680b"
"48-59",39.33455847733,20,-0.0640454072378424,0.0560043938655831,-0.173814019214385,0.0457232047387005,TRUE,1.72053231100745,66.3280806954508,"83a8890c9bd54b31ca0a35c09670b06c2135cbfd5512632ef57454e326b2680b"
"48-59",39.5714143320374,20,-0.0656467125743542,0.0562319819208063,-0.175861397139135,0.0445679719904262,TRUE,1.72053231100745,66.3280806954508,"83a8890c9bd54b31ca0a35c09670b06c2135cbfd5512632ef57454e326b2680b"
"48-59",39.8082701867447,20,-0.0672184446595588,0.056442934591977,-0.177846596459834,0.0434097071407161,TRUE,1.72053231100745,66.3280806954508,"83a8890c9bd54b31ca0a35c09670b06c2135cbfd5512632ef57454e326b2680b"
"48-59",40,20,-0.0684692332211281,0.0566021695834215,-0.179409485604634,0.042471019162378,TRUE,1.72053231100745,66.3280806954508,"83a8890c9bd54b31ca0a35c09670b06c2135cbfd5512632ef57454e326b2680b"
"48-59",40.0451260414521,20,-0.0687608413164849,0.0566382091134547,-0.179771731178856,0.0422500485458864,TRUE,1.72053231100745,66.3280806954508,"83a8890c9bd54b31ca0a35c09670b06c2135cbfd5512632ef57454e326b2680b"
"48-59",40.2819818961594,20,-0.070274140368161,0.0568187640681331,-0.181638917941702,0.04109063720538,TRUE,1.72053231100745,66.3280806954508,"83a8890c9bd54b31ca0a35c09670b06c2135cbfd5512632ef57454e326b2680b"
"48-59",40.5188377508668,20,-0.0717585796376158,0.056985558184834,-0.18345027367989,0.0399331144046589,TRUE,1.72053231100745,66.3280806954508,"83a8890c9bd54b31ca0a35c09670b06c2135cbfd5512632ef57454e326b2680b"
"48-59",40.7556936055742,20,-0.0732143969478777,0.0571395491035292,-0.185207913190795,0.0387791192950396,TRUE,1.72053231100745,66.3280806954508,"83a8890c9bd54b31ca0a35c09670b06c2135cbfd5512632ef57454e326b2680b"
"48-59",40.9925494602815,20,-0.0746418301219757,0.0572816921029381,-0.186913946643734,0.037630286399783,TRUE,1.72053231100745,66.3280806954508,"83a8890c9bd54b31ca0a35c09670b06c2135cbfd5512632ef57454e326b2680b"
"48-59",41.2294053149889,20,-0.0760411169829382,0.0574129387860973,-0.188570477003689,0.0364882430378126,TRUE,1.72053231100745,66.3280806954508,"83a8890c9bd54b31ca0a35c09670b06c2135cbfd5512632ef57454e326b2680b"
"48-59",41.4662611696963,20,-0.0774124953537938,0.0575342357205409,-0.190179597366054,0.0353546066584663,TRUE,1.72053231100745,66.3280806954508,"83a8890c9bd54b31ca0a35c09670b06c2135cbfd5512632ef57454e326b2680b"
"48-59",41.7031170244036,20,-0.078756203057571,0.0576465230307628,-0.191743388197866,0.0342309820827241,TRUE,1.72053231100745,66.3280806954508,"83a8890c9bd54b31ca0a35c09670b06c2135cbfd5512632ef57454e326b2680b"
"48-59",41.939972879111,20,-0.0800724779172986,0.0577507329416875,-0.193263914483006,0.033118958648409,TRUE,1.72053231100745,66.3280806954508,"83a8890c9bd54b31ca0a35c09670b06c2135cbfd5512632ef57454e326b2680b"
"48-59",42.1768287338183,20,-0.0813615577560052,0.0578477882729394,-0.194743222770966,0.0320201072589559,TRUE,1.72053231100745,66.3280806954508,"83a8890c9bd54b31ca0a35c09670b06c2135cbfd5512632ef57454e326b2680b"
"48-59",42.4136845885257,20,-0.0826236803967194,0.0579386008847929,-0.196183338130914,0.0309359773374747,TRUE,1.72053231100745,66.3280806954508,"83a8890c9bd54b31ca0a35c09670b06c2135cbfd5512632ef57454e326b2680b"
"48-59",42.6505404432331,20,-0.0838590836624698,0.0580240700778003,-0.197586261014958,0.0298680936900187,TRUE,1.72053231100745,66.3280806954508,"83a8890c9bd54b31ca0a35c09670b06c2135cbfd5512632ef57454e326b2680b"
"48-59",42.8873962979404,20,-0.085068005376285,0.0581050809492212,-0.198953964036759,0.0288179532841886,TRUE,1.72053231100745,66.3280806954508,"83a8890c9bd54b31ca0a35c09670b06c2135cbfd5512632ef57454e326b2680b"
"48-59",43.1242521526478,20,-0.0862506833611937,0.0581825027105309,-0.200288388673834,0.0277870219514468,TRUE,1.72053231100745,66.3280806954508,"83a8890c9bd54b31ca0a35c09670b06c2135cbfd5512632ef57454e326b2680b"
"48-59",43.3611080073552,20,-0.0874073554402244,0.0582571869714273,-0.201591441904222,0.0267767310237732,TRUE,1.72053231100745,66.3280806954508,"83a8890c9bd54b31ca0a35c09670b06c2135cbfd5512632ef57454e326b2680b"
"48-59",43.5979638620625,20,-0.0885382594364058,0.0583299659969055,-0.202864992790341,0.025788473917529,TRUE,1.72053231100745,66.3280806954508,"83a8890c9bd54b31ca0a35c09670b06c2135cbfd5512632ef57454e326b2680b"
"48-59",43.8348197167699,20,-0.0896436331727665,0.0584016509450831,-0.204110869025129,0.0248236026795964,TRUE,1.72053231100745,66.3280806954508,"83a8890c9bd54b31ca0a35c09670b06c2135cbfd5512632ef57454e326b2680b"
"48-59",44.0716755714773,20,-0.090723714472335,0.0584730300945438,-0.205330853457641,0.0238834245129708,TRUE,1.72053231100745,66.3280806954508,"83a8890c9bd54b31ca0a35c09670b06c2135cbfd5512632ef57454e326b2680b"
"48-59",44.3085314261846,20,-0.0917787411581402,0.0585448670709843,-0.206526680617269,0.0229691983009889,TRUE,1.72053231100745,66.3280806954508,"83a8890c9bd54b31ca0a35c09670b06c2135cbfd5512632ef57454e326b2680b"
"48-59",44.545387280892,20,-0.0928089510532104,0.0586178990838922,-0.207700033257639,0.0220821311512184,TRUE,1.72053231100745,66.3280806954508,"83a8890c9bd54b31ca0a35c09670b06c2135cbfd5512632ef57454e326b2680b"
"48-59",44.7822431355993,20,-0.0938145819805744,0.0586928351848228,-0.208852538942827,0.0212233749816782,TRUE,1.72053231100745,66.3280806954508,"83a8890c9bd54b31ca0a35c09670b06c2135cbfd5512632ef57454e326b2680b"
"48-59",45.0190989903067,20,-0.0947958717632608,0.0587703545595554,-0.209985766699989,0.0203940231734677,TRUE,1.72053231100745,66.3280806954508,"83a8890c9bd54b31ca0a35c09670b06c2135cbfd5512632ef57454e326b2680b"
"48-59",45.2559548450141,20,-0.0957530582242981,0.0588511048669872,-0.211101223763593,0.0195951073149968,TRUE,1.72053231100745,66.3280806954508,"83a8890c9bd54b31ca0a35c09670b06c2135cbfd5512632ef57454e326b2680b"
"48-59",45.4928106997214,20,-0.0966863791867151,0.0589357006380234,-0.212200352437241,0.0188275940638107,TRUE,1.72053231100745,66.3280806954508,"83a8890c9bd54b31ca0a35c09670b06c2135cbfd5512632ef57454e326b2680b"
"48-59",45.7296665544288,20,-0.0975960724735402,0.0590247217479509,-0.213284527099524,0.0180923821524436,TRUE,1.72053231100745,66.3280806954508,"83a8890c9bd54b31ca0a35c09670b06c2135cbfd5512632ef57454e326b2680b"
"48-59",45.9665224091362,20,-0.0984823759078022,0.0591187119758078,-0.214355051380385,0.017390299564781,TRUE,1.72053231100745,66.3280806954508,"83a8890c9bd54b31ca0a35c09670b06c2135cbfd5512632ef57454e326b2680b"
"48-59",46.2033782638435,20,-0.0993455273125297,0.0592181776640797,-0.215413155534126,0.0167221009090665,TRUE,1.72053231100745,66.3280806954508,"83a8890c9bd54b31ca0a35c09670b06c2135cbfd5512632ef57454e326b2680b"
"48-59",46.4402341185509,20,-0.100185764510751,0.0593235864916572,-0.216459994034399,0.016088465012897,TRUE,1.72053231100745,66.3280806954508,"83a8890c9bd54b31ca0a35c09670b06c2135cbfd5512632ef57454e326b2680b"
"48-59",46.6770899732582,20,-0.101003325325495,0.0594353663723745,-0.217496643415349,0.0154899927643587,TRUE,1.72053231100745,66.3280806954508,"83a8890c9bd54b31ca0a35c09670b06c2135cbfd5512632ef57454e326b2680b"
"48-59",46.9139458279656,20,-0.101798447579791,0.0595539044906227,-0.218524100381411,0.0149272052218295,TRUE,1.72053231100745,66.3280806954508,"83a8890c9bd54b31ca0a35c09670b06c2135cbfd5512632ef57454e326b2680b"
"48-59",47.150801682673,20,-0.102571369096666,0.0596795464845011,-0.219543280206288,0.0144005420129559,TRUE,1.72053231100745,66.3280806954508,"83a8890c9bd54b31ca0a35c09670b06c2135cbfd5512632ef57454e326b2680b"
"48-59",47.3876575373803,20,-0.10332232769915,0.0598125957857504,-0.220555015439221,0.0139103600409205,TRUE,1.72053231100745,66.3280806954508,"83a8890c9bd54b31ca0a35c09670b06c2135cbfd5512632ef57454e326b2680b"
"48-59",47.6245133920877,20,-0.104051561210271,0.0599533131243237,-0.221560054933946,0.0134569325134031,TRUE,1.72053231100745,66.3280806954508,"83a8890c9bd54b31ca0a35c09670b06c2135cbfd5512632ef57454e326b2680b"
"48-59",47.8613692467951,20,-0.104759307453058,0.0601019162039241,-0.222559063212749,0.0130404483066329,TRUE,1.72053231100745,66.3280806954508,"83a8890c9bd54b31ca0a35c09670b06c2135cbfd5512632ef57454e326b2680b"
"48-59",48.0982251015024,20,-0.10544580425054,0.0602585795531914,-0.223552620174795,0.0126610116737156,TRUE,1.72053231100745,66.3280806954508,"83a8890c9bd54b31ca0a35c09670b06c2135cbfd5512632ef57454e326b2680b"
"48-59",48.3350809562098,20,-0.106111289425744,0.0604234345555018,-0.224541221154527,0.0123186423030397,TRUE,1.72053231100745,66.3280806954508,"83a8890c9bd54b31ca0a35c09670b06c2135cbfd5512632ef57454e326b2680b"
"48-59",48.5719368109171,20,-0.1067560008017,0.0605965696585745,-0.225525277332506,0.0120132757291064,TRUE,1.72053231100745,66.3280806954508,"83a8890c9bd54b31ca0a35c09670b06c2135cbfd5512632ef57454e326b2680b"
"48-59",48.8087926656245,20,-0.107380176201436,0.0607780307633094,-0.226505116497522,0.0117447640946505,TRUE,1.72053231100745,66.3280806954508,"83a8890c9bd54b31ca0a35c09670b06c2135cbfd5512632ef57454e326b2680b"
"48-59",49.0456485203319,20,-0.107984053447981,0.0609678217895327,-0.227480984155465,0.0115128772595033,TRUE,1.72053231100745,66.3280806954508,"83a8890c9bd54b31ca0a35c09670b06c2135cbfd5512632ef57454e326b2680b"
"48-59",49.2825043750392,20,-0.108567870364363,0.0611659054146532,-0.228453044977084,0.0113173042483571,TRUE,1.72053231100745,66.3280806954508,"83a8890c9bd54b31ca0a35c09670b06c2135cbfd5512632ef57454e326b2680b"
"48-59",49.5193602297466,20,-0.109131864773612,0.0613722039796516,-0.229421384573729,0.0111576550265054,TRUE,1.72053231100745,66.3280806954508,"83a8890c9bd54b31ca0a35c09670b06c2135cbfd5512632ef57454e326b2680b"
"48-59",49.756216084454,20,-0.109676274498755,0.0615866005553782,-0.230386011587296,0.0110334625897862,TRUE,1.72053231100745,66.3280806954508,"83a8890c9bd54b31ca0a35c09670b06c2135cbfd5512632ef57454e326b2680b"
"48-59",49.9930719391613,20,-0.110201337362821,0.0618089401608454,-0.231346860078078,0.0109441853524356,TRUE,1.72053231100745,66.3280806954508,"83a8890c9bd54b31ca0a35c09670b06c2135cbfd5512632ef57454e326b2680b"
"48-59",50.2299277938687,20,-0.11070729118884,0.0620390311240878,-0.232303792192052,0.0108892098143722,TRUE,1.72053231100745,66.3280806954508,"83a8890c9bd54b31ca0a35c09670b06c2135cbfd5512632ef57454e326b2680b"
"48-59",50.466783648576,20,-0.111194373799839,0.0622766465752453,-0.23325660108732,0.010867853487642,TRUE,1.72053231100745,66.3280806954508,"83a8890c9bd54b31ca0a35c09670b06c2135cbfd5512632ef57454e326b2680b"
"48-59",50.7036395032834,20,-0.111662823018847,0.0625215260608175,-0.234205014098049,0.0108793680603552,TRUE,1.72053231100745,66.3280806954508,"83a8890c9bd54b31ca0a35c09670b06c2135cbfd5512632ef57454e326b2680b"
"48-59",50.9404953579908,20,-0.112112876668893,0.0627733772675336,-0.235148696113259,0.0109229427754727,TRUE,1.72053231100745,66.3280806954508,"83a8890c9bd54b31ca0a35c09670b06c2135cbfd5512632ef57454e326b2680b"
"48-59",51.1773512126981,20,-0.112544772573005,0.0630318778440002,-0.236087253147246,0.0109977080012351,TRUE,1.72053231100745,66.3280806954508,"83a8890c9bd54b31ca0a35c09670b06c2135cbfd5512632ef57454e326b2680b"
"48-59",51.4142070674055,20,-0.112958748554213,0.0632966773082042,-0.237020236078293,0.0111027389698676,TRUE,1.72053231100745,66.3280806954508,"83a8890c9bd54b31ca0a35c09670b06c2135cbfd5512632ef57454e326b2680b"
"48-59",51.6510629221129,20,-0.113355042435544,0.063567399029067,-0.237947144532515,0.0112370596614276,TRUE,1.72053231100745,66.3280806954508,"83a8890c9bd54b31ca0a35c09670b06c2135cbfd5512632ef57454e326b2680b"
"48-59",51.8879187768202,20,-0.113733892040027,0.0638436422705458,-0.238867430890297,0.0113996468102428,TRUE,1.72053231100745,66.3280806954508,"83a8890c9bd54b31ca0a35c09670b06c2135cbfd5512632ef57454e326b2680b"
"48-59",52.1247746315276,20,-0.114095535190691,0.0641249842872472,-0.239780504393696,0.0115894340123135,TRUE,1.72053231100745,66.3280806954508,"83a8890c9bd54b31ca0a35c09670b06c2135cbfd5512632ef57454e326b2680b"
"48-59",52.361630486235,20,-0.114440209710565,0.06441098246113,-0.240685735334379,0.0118053159132502,TRUE,1.72053231100745,66.3280806954508,"83a8890c9bd54b31ca0a35c09670b06c2135cbfd5512632ef57454e326b2680b"
"48-59",52.5984863409423,20,-0.114768153422676,0.0647011764696235,-0.241582459303138,0.0120461524577859,TRUE,1.72053231100745,66.3280806954508,"83a8890c9bd54b31ca0a35c09670b06c2135cbfd5512632ef57454e326b2680b"
"48-59",52.8353421956497,20,-0.115079604150055,0.0649950904763339,-0.242469981483669,0.0123107731835598,TRUE,1.72053231100745,66.3280806954508,"83a8890c9bd54b31ca0a35c09670b06c2135cbfd5512632ef57454e326b2680b"
"48-59",53.072198050357,20,-0.115374799715728,0.0652922353364462,-0.243347580975163,0.0125979815437061,TRUE,1.72053231100745,66.3280806954508,"83a8890c9bd54b31ca0a35c09670b06c2135cbfd5512632ef57454e326b2680b"
"48-59",53.3090539050644,20,-0.115653977942726,0.0655921108099294,-0.244214515130188,0.0129065592447355,TRUE,1.72053231100745,66.3280806954508,"83a8890c9bd54b31ca0a35c09670b06c2135cbfd5512632ef57454e326b2680b"
"48-59",53.5459097597718,20,-0.115917376654076,0.0658942077766908,-0.24507002389639,0.0132352705882377,TRUE,1.72053231100745,66.3280806954508,"83a8890c9bd54b31ca0a35c09670b06c2135cbfd5512632ef57454e326b2680b"
"48-59",53.7827656144791,20,-0.116165233672808,0.0661980104488929,-0.245913334152638,0.0135828668070223,TRUE,1.72053231100745,66.3280806954508,"83a8890c9bd54b31ca0a35c09670b06c2135cbfd5512632ef57454e326b2680b"
"48-59",54.0196214691865,20,-0.116397786821949,0.0665029985767146,-0.246743664032309,0.0139480903884116,TRUE,1.72053231100745,66.3280806954508,"83a8890c9bd54b31ca0a35c09670b06c2135cbfd5512632ef57454e326b2680b"
"48-59",54.2564773238939,20,-0.116615273924529,0.0668086496449062,-0.247560227228545,0.0143296793794876,TRUE,1.72053231100745,66.3280806954508,"83a8890c9bd54b31ca0a35c09670b06c2135cbfd5512632ef57454e326b2680b"
"48-59",54.4933331786012,20,-0.116817932803575,0.0671144410585234,-0.248362237278281,0.0147263716711306,TRUE,1.72053231100745,66.3280806954508,"83a8890c9bd54b31ca0a35c09670b06c2135cbfd5512632ef57454e326b2680b"
"48-59",54.7301890333086,20,-0.117006001282117,0.0674198523172371,-0.249148911823902,0.0151369092596673,TRUE,1.72053231100745,66.3280806954508,"83a8890c9bd54b31ca0a35c09670b06c2135cbfd5512632ef57454e326b2680b"
"48-59",54.9670448880159,20,-0.117179717183184,0.0677243671785783,-0.249919476853197,0.0155600424868294,TRUE,1.72053231100745,66.3280806954508,"83a8890c9bd54b31ca0a35c09670b06c2135cbfd5512632ef57454e326b2680b"
"48-59",55.2039007427233,20,-0.117339318329803,0.0680274758113932,-0.250673170920134,0.0159945342605271,TRUE,1.72053231100745,66.3280806954508,"83a8890c9bd54b31ca0a35c09670b06c2135cbfd5512632ef57454e326b2680b"
"48-59",55.4407565974307,20,-0.117485042545004,0.0683286769416424,-0.251409249350624,0.0164391642606148,TRUE,1.72053231100745,66.3280806954508,"83a8890c9bd54b31ca0a35c09670b06c2135cbfd5512632ef57454e326b2680b"
"48-59",55.677612452138,20,-0.117617127651815,0.0686274799934766,-0.252126988439029,0.0168927331353986,TRUE,1.72053231100745,66.3280806954508,"83a8890c9bd54b31ca0a35c09670b06c2135cbfd5512632ef57454e326b2680b"
"48-59",55.9144683068454,20,-0.117735811473265,0.0689234072292553,-0.252825689642606,0.0173540666960753,TRUE,1.72053231100745,66.3280806954508,"83a8890c9bd54b31ca0a35c09670b06c2135cbfd5512632ef57454e326b2680b"
"48-59",56.1513241615528,20,-0.117841331832382,0.069215995892851,-0.25350468378237,0.0178220201176056,TRUE,1.72053231100745,66.3280806954508,"83a8890c9bd54b31ca0a35c09670b06c2135cbfd5512632ef57454e326b2680b"
"48-59",56.3881800162601,20,-0.117933926552195,0.0695048003611781,-0.254163335260104,0.0182954821557139,TRUE,1.72053231100745,66.3280806954508,"83a8890c9bd54b31ca0a35c09670b06c2135cbfd5512632ef57454e326b2680b"
"48-59",56.6250358709675,20,-0.118013833455733,0.0697893943094312,-0.254801046302218,0.0187733793907523,TRUE,1.72053231100745,66.3280806954508,"83a8890c9bd54b31ca0a35c09670b06c2135cbfd5512632ef57454e326b2680b"
"48-59",56.8618917256748,20,-0.118081290366024,0.0700693728959799,-0.255417261242144,0.0192546805100969,TRUE,1.72053231100745,66.3280806954508,"83a8890c9bd54b31ca0a35c09670b06c2135cbfd5512632ef57454e326b2680b"
"48-59",57.0987475803822,20,-0.118136535106096,0.0703443549732744,-0.256011470853714,0.0197384006415216,TRUE,1.72053231100745,66.3280806954508,"83a8890c9bd54b31ca0a35c09670b06c2135cbfd5512632ef57454e326b2680b"
"48-59",57.3356034350896,20,-0.118179805498979,0.0706139853314431,-0.256583216748608,0.0202236057506489,TRUE,1.72053231100745,66.3280806954508,"83a8890c9bd54b31ca0a35c09670b06c2135cbfd5512632ef57454e326b2680b"
"48-59",57.5724592897969,20,-0.118211339362608,0.0708779369916626,-0.257132095866267,0.0207094171410505,TRUE,1.72053231100745,66.3280806954508,"83a8890c9bd54b31ca0a35c09670b06c2135cbfd5512632ef57454e326b2680b"
"48-59",57.8093151445043,20,-0.118231342148276,0.0711359783676743,-0.257657859748917,0.0211951754523661,TRUE,1.72053231100745,66.3280806954508,"83a8890c9bd54b31ca0a35c09670b06c2135cbfd5512632ef57454e326b2680b"
"48-59",58.0461709992117,20,-0.118239910145532,0.0713881319538018,-0.258160648774984,0.0216808284839191,TRUE,1.72053231100745,66.3280806954508,"83a8890c9bd54b31ca0a35c09670b06c2135cbfd5512632ef57454e326b2680b"
"48-59",58.283026853919,20,-0.118237116654304,0.0716345060604886,-0.258640748532862,0.0221665152242535,TRUE,1.72053231100745,66.3280806954508,"83a8890c9bd54b31ca0a35c09670b06c2135cbfd5512632ef57454e326b2680b"
"48-59",58.5198827086264,20,-0.118223034974517,0.0718752478827722,-0.25909852082475,0.0226524508757169,TRUE,1.72053231100745,66.3280806954508,"83a8890c9bd54b31ca0a35c09670b06c2135cbfd5512632ef57454e326b2680b"
"48-59",58.7567385633337,20,-0.118197738406095,0.072110542062871,-0.259534400849323,0.0231389240371316,TRUE,1.72053231100745,66.3280806954508,"83a8890c9bd54b31ca0a35c09670b06c2135cbfd5512632ef57454e326b2680b"
"48-59",58.9935944180411,20,-0.118161300248967,0.0723406093273544,-0.259948894530581,0.0236262940326481,TRUE,1.72053231100745,66.3280806954508,"83a8890c9bd54b31ca0a35c09670b06c2135cbfd5512632ef57454e326b2680b"
"48-59",59.2304502727485,20,-0.118113793803055,0.0725657051917222,-0.260342575978831,0.02411498837272,TRUE,1.72053231100745,66.3280806954508,"83a8890c9bd54b31ca0a35c09670b06c2135cbfd5512632ef57454e326b2680b"
"48-59",59.4673061274558,20,-0.118055292368288,0.0727861187251244,-0.260716085069532,0.0246055003329559,TRUE,1.72053231100745,66.3280806954508,"83a8890c9bd54b31ca0a35c09670b06c2135cbfd5512632ef57454e326b2680b"
"48-59",59.7041619821632,20,-0.11798586924459,0.0730021713679133,-0.2610701251257,0.0250983866365205,TRUE,1.72053231100745,66.3280806954508,"83a8890c9bd54b31ca0a35c09670b06c2135cbfd5512632ef57454e326b2680b"
"48-59",59.9410178368706,20,-0.117905597731886,0.0732142157947074,-0.261405460689513,0.0255942652257402,TRUE,1.72053231100745,66.3280806954508,"83a8890c9bd54b31ca0a35c09670b06c2135cbfd5512632ef57454e326b2680b"
"48-59",60.1778736915779,20,-0.117814551130104,0.0734226348156803,-0.261722915368837,0.0260938131086297,TRUE,1.72053231100745,66.3280806954508,"83a8890c9bd54b31ca0a35c09670b06c2135cbfd5512632ef57454e326b2680b"
"48-59",60.4147295462853,20,-0.117712802739167,0.0736278403088437,-0.262023369744501,0.0265977642661663,TRUE,1.72053231100745,66.3280806954508,"83a8890c9bd54b31ca0a35c09670b06c2135cbfd5512632ef57454e326b2680b"
"48-59",60.6515854009927,20,-0.117600425859003,0.0738302721761797,-0.262307759324315,0.0271069076063089,TRUE,1.72053231100745,66.3280806954508,"83a8890c9bd54b31ca0a35c09670b06c2135cbfd5512632ef57454e326b2680b"
"48-59",60.8884412557,20,-0.117477493789537,0.0740303973165902,-0.262577072530054,0.0276220849509799,TRUE,1.72053231100745,66.3280806954508,"83a8890c9bd54b31ca0a35c09670b06c2135cbfd5512632ef57454e326b2680b"
"48-59",61.1252971104074,20,-0.117344079830694,0.0742287086087728,-0.262832348703889,0.0281441890425006,TRUE,1.72053231100745,66.3280806954508,"83a8890c9bd54b31ca0a35c09670b06c2135cbfd5512632ef57454e326b2680b"
"48-59",61.3621529651147,20,-0.117200257282401,0.0744257238972964,-0.263074676121102,0.0286741615563002,TRUE,1.72053231100745,66.3280806954508,"83a8890c9bd54b31ca0a35c09670b06c2135cbfd5512632ef57454e326b2680b"
"48-59",61.5990088198221,20,-0.117046099444582,0.0746219849753507,-0.263305189996269,0.0292129911071054,TRUE,1.72053231100745,66.3280806954508,"83a8890c9bd54b31ca0a35c09670b06c2135cbfd5512632ef57454e326b2680b"
"48-59",61.8358646745295,20,-0.116881679617164,0.0748180565578719,-0.263525070470593,0.029761711236265,TRUE,1.72053231100745,66.3280806954508,"83a8890c9bd54b31ca0a35c09670b06c2135cbfd5512632ef57454e326b2680b"
"48-59",62.0727205292368,20,-0.116707071100072,0.0750145252390121,-0.263735540568536,0.0303213983683914,TRUE,1.72053231100745,66.3280806954508,"83a8890c9bd54b31ca0a35c09670b06c2135cbfd5512632ef57454e326b2680b"
"48-59",62.3095763839442,20,-0.116522347193233,0.075211998428226,-0.263937864112556,0.0308931697260901,TRUE,1.72053231100745,66.3280806954508,"83a8890c9bd54b31ca0a35c09670b06c2135cbfd5512632ef57454e326b2680b"
"48-59",62.5464322386516,20,-0.116327581196571,0.0754111032595919,-0.264133343585371,0.0314781811922291,TRUE,1.72053231100745,66.3280806954508,"83a8890c9bd54b31ca0a35c09670b06c2135cbfd5512632ef57454e326b2680b"
"48-59",62.7832880933589,20,-0.116122846410013,0.0756124854693802,-0.264323317929998,0.0320776251099724,TRUE,1.72053231100745,66.3280806954508,"83a8890c9bd54b31ca0a35c09670b06c2135cbfd5512632ef57454e326b2680b"
"48-59",63.0201439480663,20,-0.115908216133484,0.07581680823732,-0.264509160278631,0.0326927280116635,TRUE,1.72053231100745,66.3280806954508,"83a8890c9bd54b31ca0a35c09670b06c2135cbfd5512632ef57454e326b2680b"
"48-59",63.2569998027736,20,-0.11568376366691,0.0760247509875106,-0.26469227560243,0.0333247482686113,TRUE,1.72053231100745,66.3280806954508,"83a8890c9bd54b31ca0a35c09670b06c2135cbfd5512632ef57454e326b2680b"
"48-59",63.493855657481,20,-0.115449562310216,0.0762370081454681,-0.264874098275334,0.0339749736549014,TRUE,1.72053231100745,66.3280806954508,"83a8890c9bd54b31ca0a35c09670b06c2135cbfd5512632ef57454e326b2680b"
"48-59",63.7307115121884,20,-0.115205685363329,0.0764542878484026,-0.265056089546198,0.0346447188195402,TRUE,1.72053231100745,66.3280806954508,"83a8890c9bd54b31ca0a35c09670b06c2135cbfd5512632ef57454e326b2680b"
"48-59",63.9675673668957,20,-0.114952206126174,0.0766773106064757,-0.265239734914866,0.0353353226625187,TRUE,1.72053231100745,66.3280806954508,"83a8890c9bd54b31ca0a35c09670b06c2135cbfd5512632ef57454e326b2680b"
"48-59",64.2044232216031,20,-0.114689197898676,0.0769068079135033,-0.265426541409143,0.0360481456117903,TRUE,1.72053231100745,66.3280806954508,"83a8890c9bd54b31ca0a35c09670b06c2135cbfd5512632ef57454e326b2680b"
"48-59",64.4412790763105,20,-0.114416733980762,0.0771435208063281,-0.265618034761165,0.0367845667996409,TRUE,1.72053231100745,66.3280806954508,"83a8890c9bd54b31ca0a35c09670b06c2135cbfd5512632ef57454e326b2680b"
"48-59",64.6781349310178,20,-0.114134887672357,0.0773881983729058,-0.265815756483253,0.0375459811385379,TRUE,1.72053231100745,66.3280806954508,"83a8890c9bd54b31ca0a35c09670b06c2135cbfd5512632ef57454e326b2680b"
"48-59",64.9149907857252,20,-0.113843732273388,0.0776415962099978,-0.266021260844983,0.0383337962982081,TRUE,1.72053231100745,66.3280806954508,"83a8890c9bd54b31ca0a35c09670b06c2135cbfd5512632ef57454e326b2680b"
"48-59",65.1518466404326,20,-0.113543341083778,0.0779044748322613,-0.26623611175501,0.0391494295874539,TRUE,1.72053231100745,66.3280806954508,"83a8890c9bd54b31ca0a35c09670b06c2135cbfd5512632ef57454e326b2680b"
"48-59",65.3887024951399,20,-0.113233787403455,0.0781775980354418,-0.266461879552921,0.0399943047460107,TRUE,1.72053231100745,66.3280806954508,"83a8890c9bd54b31ca0a35c09670b06c2135cbfd5512632ef57454e326b2680b"
"48-59",65.6255583498473,20,-0.112915144532344,0.0784617312173122,-0.266700137718276,0.0408698486535878,TRUE,1.72053231100745,66.3280806954508,"83a8890c9bd54b31ca0a35c09670b06c2135cbfd5512632ef57454e326b2680b"
"48-59",65.8624142045546,20,-0.112587485770371,0.0787576396609375,-0.266952459505808,0.0417774879650666,TRUE,1.72053231100745,66.3280806954508,"83a8890c9bd54b31ca0a35c09670b06c2135cbfd5512632ef57454e326b2680b"
"48-59",66.099270059262,20,-0.112250884417461,0.0790660867857777,-0.267220414517585,0.0427186456826632,TRUE,1.72053231100745,66.3280806954508,"83a8890c9bd54b31ca0a35c09670b06c2135cbfd5512632ef57454e326b2680b"
"48-59",66.3280806954508,20,-0.111917293006983,0.0793766774181014,-0.267495580746462,0.0436609947324958,TRUE,1.72053231100745,66.3280806954508,"83a8890c9bd54b31ca0a35c09670b06c2135cbfd5512632ef57454e326b2680b"
"48-59",66.3361259139694,20,-0.11190541377354,0.0793878323730409,-0.2675055652247,0.0436947376776201,FALSE,1.72053231100745,66.3280806954508,"83a8890c9bd54b31ca0a35c09670b06c2135cbfd5512632ef57454e326b2680b"
"48-59",66.5729817686767,20,-0.111551147138534,0.0797236307725638,-0.267809463452759,0.0447071691756907,FALSE,1.72053231100745,66.3280806954508,"83a8890c9bd54b31ca0a35c09670b06c2135cbfd5512632ef57454e326b2680b"
"48-59",66.8098376233841,20,-0.111188157812369,0.0800742290992956,-0.268133646846988,0.0457573312222505,FALSE,1.72053231100745,66.3280806954508,"83a8890c9bd54b31ca0a35c09670b06c2135cbfd5512632ef57454e326b2680b"
"48-59",67.0466934780915,20,-0.11081651909497,0.0804403654281958,-0.268479635334234,0.046846597144294,FALSE,1.72053231100745,66.3280806954508,"83a8890c9bd54b31ca0a35c09670b06c2135cbfd5512632ef57454e326b2680b"
"48-59",67.2835493327988,20,-0.110436304286263,0.0808227669969811,-0.268848927600346,0.0479763190278202,FALSE,1.72053231100745,66.3280806954508,"83a8890c9bd54b31ca0a35c09670b06c2135cbfd5512632ef57454e326b2680b"
"48-59",67.5204051875062,20,-0.110047586686173,0.0812221484266904,-0.269242997602486,0.0491478242301397,FALSE,1.72053231100745,66.3280806954508,"83a8890c9bd54b31ca0a35c09670b06c2135cbfd5512632ef57454e326b2680b"
"48-59",67.7572610422135,20,-0.109650439594627,0.0816392099704327,-0.269663291136675,0.050362411947421,FALSE,1.72053231100745,66.3280806954508,"83a8890c9bd54b31ca0a35c09670b06c2135cbfd5512632ef57454e326b2680b"
"48-59",67.9941168969209,20,-0.10924493631155,0.0820746358009468,-0.270111222481406,0.0516213498583055,FALSE,1.72053231100745,66.3280806954508,"83a8890c9bd54b31ca0a35c09670b06c2135cbfd5512632ef57454e326b2680b"
"48-59",68.2309727516283,20,-0.108831150136868,0.0825290923477174,-0.270588171138394,0.0529258708646579,FALSE,1.72053231100745,66.3280806954508,"83a8890c9bd54b31ca0a35c09670b06c2135cbfd5512632ef57454e326b2680b"
"48-59",68.4678286063356,20,-0.108409154370507,0.0830032266943511,-0.271095478691435,0.0542771699504216,FALSE,1.72053231100745,66.3280806954508,"83a8890c9bd54b31ca0a35c09670b06c2135cbfd5512632ef57454e326b2680b"
"48-59",68.704684461043,20,-0.107979022312391,0.0834976650467118,-0.271634445803946,0.0556764011791639,FALSE,1.72053231100745,66.3280806954508,"83a8890c9bd54b31ca0a35c09670b06c2135cbfd5512632ef57454e326b2680b"
"48-59",68.9415403157504,20,-0.107540827262448,0.0840130112819517,-0.272206329375073,0.0571246748501775,FALSE,1.72053231100745,66.3280806954508,"83a8890c9bd54b31ca0a35c09670b06c2135cbfd5512632ef57454e326b2680b"
"48-59",69.1783961704577,20,-0.107094642520602,0.0845498455880465,-0.272812339873173,0.0586230548319692,FALSE,1.72053231100745,66.3280806954508,"83a8890c9bd54b31ca0a35c09670b06c2135cbfd5512632ef57454e326b2680b"
"48-59",69.4152520251651,20,-0.10664054138678,0.085108723202769,-0.273453638864207,0.0601725560906476,FALSE,1.72053231100745,66.3280806954508,"83a8890c9bd54b31ca0a35c09670b06c2135cbfd5512632ef57454e326b2680b"
"48-59",69.6521078798724,20,-0.106178597160906,0.085690173260206,-0.27413133675091,0.0617741424290975,FALSE,1.72053231100745,66.3280806954508,"83a8890c9bd54b31ca0a35c09670b06c2135cbfd5512632ef57454e326b2680b"
"48-59",69.8889637345798,20,-0.105708883142908,0.0862946977519774,-0.274846490736783,0.0634287244509681,FALSE,1.72053231100745,66.3280806954508,"83a8890c9bd54b31ca0a35c09670b06c2135cbfd5512632ef57454e326b2680b"
"48-59",70.1258195892872,20,-0.10523147263271,0.086922770609246,-0.275600103026832,0.0651371577614126,FALSE,1.72053231100745,66.3280806954508,"83a8890c9bd54b31ca0a35c09670b06c2135cbfd5512632ef57454e326b2680b"
"48-59",70.3626754439945,20,-0.104746438930238,0.0875748369104474,-0.276393119274715,0.0669002414142392,FALSE,1.72053231100745,66.3280806954508,"83a8890c9bd54b31ca0a35c09670b06c2135cbfd5512632ef57454e326b2680b"
"48-59",70.5995312987019,20,-0.104253855335418,0.0882513122184394,-0.277226427283559,0.0687187166127235,FALSE,1.72053231100745,66.3280806954508,"83a8890c9bd54b31ca0a35c09670b06c2135cbfd5512632ef57454e326b2680b"
"48-59",70.8363871534093,20,-0.103753795148175,0.0889525820494902,-0.278100855965176,0.0705932656688254,FALSE,1.72053231100745,66.3280806954508,"83a8890c9bd54b31ca0a35c09670b06c2135cbfd5512632ef57454e326b2680b"
"48-59",71.0732430081166,20,-0.103246331668436,0.0896790014752195,-0.279017174559866,0.0725245112229939,FALSE,1.72053231100745,66.3280806954508,"83a8890c9bd54b31ca0a35c09670b06c2135cbfd5512632ef57454e326b2680b"
"48-59",71.310098862824,20,-0.102731538196126,0.0904308948573072,-0.279976092116448,0.0745130157241959,FALSE,1.72053231100745,66.3280806954508,"83a8890c9bd54b31ca0a35c09670b06c2135cbfd5512632ef57454e326b2680b"
"48-59",71.5469547175313,20,-0.102209488031171,0.0912085557135061,-0.280978257229643,0.0765592811673008,FALSE,1.72053231100745,66.3280806954508,"83a8890c9bd54b31ca0a35c09670b06c2135cbfd5512632ef57454e326b2680b"
"48-59",71.7838105722387,20,-0.101680254473496,0.092012246712264,-0.282024258029534,0.078663749082541,FALSE,1.72053231100745,66.3280806954508,"83a8890c9bd54b31ca0a35c09670b06c2135cbfd5512632ef57454e326b2680b"
"48-59",72.0206664269461,20,-0.101143910823028,0.0928421997921061,-0.283114622415556,0.0808268007695002,FALSE,1.72053231100745,66.3280806954508,"83a8890c9bd54b31ca0a35c09670b06c2135cbfd5512632ef57454e326b2680b"
"48-59",72.2575222816534,20,-0.100600530379691,0.0936986164008505,-0.284249818525358,0.0830487577659761,FALSE,1.72053231100745,66.3280806954508,"83a8890c9bd54b31ca0a35c09670b06c2135cbfd5512632ef57454e326b2680b"
"48-59",72.4943781363608,20,-0.100050186443412,0.0945816678487675,-0.285430255426996,0.0853298825401725,FALSE,1.72053231100745,66.3280806954508,"83a8890c9bd54b31ca0a35c09670b06c2135cbfd5512632ef57454e326b2680b"
"48-59",72.7312339910682,20,-0.099492952314116,0.0954914957689405,-0.286656284021239,0.0876703793930075,FALSE,1.72053231100745,66.3280806954508,"83a8890c9bd54b31ca0a35c09670b06c2135cbfd5512632ef57454e326b2680b"
"48-59",72.9680898457755,20,-0.098928901291729,0.0964282126773628,-0.28792819813936,0.090070395555902,FALSE,1.72053231100745,66.3280806954508,"83a8890c9bd54b31ca0a35c09670b06c2135cbfd5512632ef57454e326b2680b"
"48-59",73.2049457004829,20,-0.0983581066761769,0.097391902624714,-0.289246235820616,0.0925300224682626,FALSE,1.72053231100745,66.3280806954508,"83a8890c9bd54b31ca0a35c09670b06c2135cbfd5512632ef57454e326b2680b"
"48-59",73.4418015551903,20,-0.0977806417673851,0.0983826219313052,-0.290610580752743,0.095049297217973,FALSE,1.72053231100745,66.3280806954508,"83a8890c9bd54b31ca0a35c09670b06c2135cbfd5512632ef57454e326b2680b"
"48-59",73.6786574098976,20,-0.0971965798652795,0.0994003999963591,-0.292021363858143,0.0976282041275844,FALSE,1.72053231100745,66.3280806954508,"83a8890c9bd54b31ca0a35c09670b06c2135cbfd5512632ef57454e326b2680b"
"48-59",73.915513264605,20,-0.0966059942697859,0.10044524017261,-0.293478665008102,0.10026667646853,FALSE,1.72053231100745,66.3280806954508,"83a8890c9bd54b31ca0a35c09670b06c2135cbfd5512632ef57454e326b2680b"
"48-59",74.1523691193123,20,-0.0960089582808297,0.10151712069714,-0.294982514847224,0.102964598285564,FALSE,1.72053231100745,66.3280806954508,"83a8890c9bd54b31ca0a35c09670b06c2135cbfd5512632ef57454e326b2680b"
"48-59",74.3892249740197,20,-0.0954055451983367,0.102615995669426,-0.296532896710412,0.105721806313739,FALSE,1.72053231100745,66.3280806954508,"83a8890c9bd54b31ca0a35c09670b06c2135cbfd5512632ef57454e326b2680b"
"48-59",74.6260808287271,20,-0.0947958283222327,0.10374179606775,-0.298129748615022,0.108538091970556,FALSE,1.72053231100745,66.3280806954508,"83a8890c9bd54b31ca0a35c09670b06c2135cbfd5512632ef57454e326b2680b"
"48-59",74.8629366834344,20,-0.0941798809524435,0.104894430795355,-0.29977296531134,0.111413203406453,FALSE,1.72053231100745,66.3280806954508,"83a8890c9bd54b31ca0a35c09670b06c2135cbfd5512632ef57454e326b2680b"
"48-59",75.0997925381418,20,-0.0935577763888946,0.106073787748128,-0.301462400375225,0.114346847597436,FALSE,1.72053231100745,66.3280806954508,"83a8890c9bd54b31ca0a35c09670b06c2135cbfd5512632ef57454e326b2680b"
"48-59",75.3366483928492,20,-0.0929295879315118,0.107279734895938,-0.303197868327551,0.117338692464528,FALSE,1.72053231100745,66.3280806954508,"83a8890c9bd54b31ca0a35c09670b06c2135cbfd5512632ef57454e326b2680b"
"48-59",75.5735042475565,20,-0.0922953888802208,0.108512121370318,-0.304979146766044,0.120388369005602,FALSE,1.72053231100745,66.3280806954508,"83a8890c9bd54b31ca0a35c09670b06c2135cbfd5512632ef57454e326b2680b"
"48-59",75.8103601022639,20,-0.0916552525349474,0.109770778551617,-0.306805978496117,0.123495473426223,FALSE,1.72053231100745,66.3280806954508,"83a8890c9bd54b31ca0a35c09670b06c2135cbfd5512632ef57454e326b2680b"
"48-59",76.0472159569712,20,-0.091009252195617,0.111055521149382,-0.308678073648407,0.126659569257173,FALSE,1.72053231100745,66.3280806954508,"83a8890c9bd54b31ca0a35c09670b06c2135cbfd5512632ef57454e326b2680b"
"48-59",76.2840718116786,20,-0.0903574611621558,0.112366148270239,-0.310595111771824,0.129880189447513,FALSE,1.72053231100745,66.3280806954508,"83a8890c9bd54b31ca0a35c09670b06c2135cbfd5512632ef57454e326b2680b"
"48-59",76.520927666386,20,-0.0896999527344892,0.113702444468182,-0.312556743892126,0.133156838423147,FALSE,1.72053231100745,66.3280806954508,"83a8890c9bd54b31ca0a35c09670b06c2135cbfd5512632ef57454e326b2680b"
"48-59",76.7577835210933,20,-0.0890368002125429,0.11506418077274,-0.314562594527112,0.136488994102027,FALSE,1.72053231100745,66.3280806954508,"83a8890c9bd54b31ca0a35c09670b06c2135cbfd5512632ef57454e326b2680b"
"48-59",76.9946393758007,20,-0.0883680768962428,0.116451115691074,-0.316612263650748,0.139876109858263,FALSE,1.72053231100745,66.3280806954508,"83a8890c9bd54b31ca0a35c09670b06c2135cbfd5512632ef57454e326b2680b"
"48-59",77.2314952305081,20,-0.0876938560855142,0.117862996180641,-0.31870532859957,0.143317616428541,FALSE,1.72053231100745,66.3280806954508,"83a8890c9bd54b31ca0a35c09670b06c2135cbfd5512632ef57454e326b2680b"
"48-59",77.4683510852154,20,-0.0870142110802833,0.119299558589568,-0.320841345915836,0.14681292375527,FALSE,1.72053231100745,66.3280806954508,"83a8890c9bd54b31ca0a35c09670b06c2135cbfd5512632ef57454e326b2680b"
"48-59",77.7052069399228,20,-0.0863292151804756,0.120760529562451,-0.323019853122879,0.150361422761927,FALSE,1.72053231100745,66.3280806954508,"83a8890c9bd54b31ca0a35c09670b06c2135cbfd5512632ef57454e326b2680b"
"48-59",77.9420627946301,20,-0.0856389416860167,0.122245626909717,-0.325240370429062,0.153962487057029,FALSE,1.72053231100745,66.3280806954508,"83a8890c9bd54b31ca0a35c09670b06c2135cbfd5512632ef57454e326b2680b"
"48-59",78.1789186493375,20,-0.0849434638968325,0.123754560439199,-0.327502402357663,0.157615474563998,FALSE,1.72053231100745,66.3280806954508,"83a8890c9bd54b31ca0a35c09670b06c2135cbfd5512632ef57454e326b2680b"
"48-59",78.4157745040449,20,-0.0842428551128487,0.125287032748941,-0.329805439300772,0.161319729075075,FALSE,1.72053231100745,66.3280806954508,"83a8890c9bd54b31ca0a35c09670b06c2135cbfd5512632ef57454e326b2680b"
"48-59",78.6526303587522,20,-0.0835371886339907,0.12684273998067,-0.332148958996104,0.165074581728122,FALSE,1.72053231100745,66.3280806954508,"83a8890c9bd54b31ca0a35c09670b06c2135cbfd5512632ef57454e326b2680b"
"48-59",78.8894862134596,20,-0.0828265377601847,0.12842137253369,-0.334532427926218,0.168879352405848,FALSE,1.72053231100745,66.3280806954508,"83a8890c9bd54b31ca0a35c09670b06c2135cbfd5512632ef57454e326b2680b"
"48-59",79.126342068167,20,-0.082110975791356,0.130022615739269,-0.336955302640323,0.172733351057612,FALSE,1.72053231100745,66.3280806954508,"83a8890c9bd54b31ca0a35c09670b06c2135cbfd5512632ef57454e326b2680b"
"48-59",79.3631979228743,20,-0.0813905760274305,0.131646150495855,-0.339417030999307,0.176635878944446,FALSE,1.72053231100745,66.3280806954508,"83a8890c9bd54b31ca0a35c09670b06c2135cbfd5512632ef57454e326b2680b"
"48-59",79.6000537775817,20,-0.0806654117683339,0.133291653865706,-0.341917053345118,0.18058622980845,FALSE,1.72053231100745,66.3280806954508,"83a8890c9bd54b31ca0a35c09670b06c2135cbfd5512632ef57454e326b2680b"
"48-59",79.836909632289,20,-0.0799355563139918,0.134958799633703,-0.344454803596049,0.184583690968066,FALSE,1.72053231100745,66.3280806954508,"83a8890c9bd54b31ca0a35c09670b06c2135cbfd5512632ef57454e326b2680b"
"48-59",80.0737654869964,20,-0.0792010829643301,0.136647258829295,-0.347029710269748,0.188627544341088,FALSE,1.72053231100745,66.3280806954508,"83a8890c9bd54b31ca0a35c09670b06c2135cbfd5512632ef57454e326b2680b"
"48-59",80.3106213417038,20,-0.0784620650192744,0.138356700212679,-0.349641197436126,0.192717067397577,FALSE,1.72053231100745,66.3280806954508,"83a8890c9bd54b31ca0a35c09670b06c2135cbfd5512632ef57454e326b2680b"
"48-59",80.5474771964111,20,-0.0777185757787503,0.140086790726409,-0.352288685602511,0.196851534045011,FALSE,1.72053231100745,66.3280806954508,"83a8890c9bd54b31ca0a35c09670b06c2135cbfd5512632ef57454e326b2680b"
"48-59",80.7843330511185,20,-0.0769706885426837,0.141837195913734,-0.354971592533603,0.201030215448235,FALSE,1.72053231100745,66.3280806954508,"83a8890c9bd54b31ca0a35c09670b06c2135cbfd5512632ef57454e326b2680b"
"48-59",81.0211889058259,20,-0.0762184766110002,0.143607580305048,-0.357689334008895,0.205252380786895,FALSE,1.72053231100745,66.3280806954508,"83a8890c9bd54b31ca0a35c09670b06c2135cbfd5512632ef57454e326b2680b"
"48-59",81.2580447605332,20,-0.0754620132836256,0.145397607773844,-0.360441324520359,0.209517297953108,FALSE,1.72053231100745,66.3280806954508,"83a8890c9bd54b31ca0a35c09670b06c2135cbfd5512632ef57454e326b2680b"
"48-59",81.4949006152406,20,-0.0747013718604855,0.147206941863634,-0.363226977913208,0.213824234192236,FALSE,1.72053231100745,66.3280806954508,"83a8890c9bd54b31ca0a35c09670b06c2135cbfd5512632ef57454e326b2680b"
"48-59",81.731756469948,20,-0.0739366256415057,0.149035246087297,-0.366045707972609,0.218172456689597,FALSE,1.72053231100745,66.3280806954508,"83a8890c9bd54b31ca0a35c09670b06c2135cbfd5512632ef57454e326b2680b"
"48-59",81.9686123246553,20,-0.0731678479266118,0.150882184200314,-0.368896928959227,0.222561233106003,FALSE,1.72053231100745,66.3280806954508,"83a8890c9bd54b31ca0a35c09670b06c2135cbfd5512632ef57454e326b2680b"
"48-59",82.2054681793627,20,-0.0723951120157297,0.152747420449338,-0.371780056096432,0.226989832064973,FALSE,1.72053231100745,66.3280806954508,"83a8890c9bd54b31ca0a35c09670b06c2135cbfd5512632ef57454e326b2680b"
"48-59",82.44232403407,20,-0.0716184912087848,0.154630619797552,-0.374694506011986,0.231457523594416,FALSE,1.72053231100745,66.3280806954508,"83a8890c9bd54b31ca0a35c09670b06c2135cbfd5512632ef57454e326b2680b"
"48-59",82.6791798887774,20,-0.0708380588057031,0.156531448128192,-0.37763969713696,0.235963579525554,FALSE,1.72053231100745,66.3280806954508,"83a8890c9bd54b31ca0a35c09670b06c2135cbfd5512632ef57454e326b2680b"
"48-59",82.9160357434848,20,-0.0700538881064103,0.158449572427635,-0.380615050064575,0.240507273851754,FALSE,1.72053231100745,66.3280806954508,"83a8890c9bd54b31ca0a35c09670b06c2135cbfd5512632ef57454e326b2680b"
"48-59",83.1528915981921,20,-0.0692660524108319,0.160384660949345,-0.383619987871549,0.245087883049885,FALSE,1.72053231100745,66.3280806954508,"83a8890c9bd54b31ca0a35c09670b06c2135cbfd5512632ef57454e326b2680b"
"48-59",83.3897474528995,20,-0.0684746250188938,0.162336383359994,-0.386653936404481,0.249704686366694,FALSE,1.72053231100745,66.3280806954508,"83a8890c9bd54b31ca0a35c09670b06c2135cbfd5512632ef57454e326b2680b"
"48-59",83.6266033076069,20,-0.0676796792305216,0.164304410868957,-0.389716324533678,0.254356966072635,FALSE,1.72053231100745,66.3280806954508,"83a8890c9bd54b31ca0a35c09670b06c2135cbfd5512632ef57454e326b2680b"
"48-59",83.8634591623142,20,-0.0668812883456411,0.166288416342394,-0.392806584376734,0.259044007685451,FALSE,1.72053231100745,66.3280806954508,"83a8890c9bd54b31ca0a35c09670b06c2135cbfd5512632ef57454e326b2680b"
"48-59",84.1003150170216,20,-0.0660795256641779,0.168288074403014,-0.395924151494085,0.26376510016573,FALSE,1.72053231100745,66.3280806954508,"83a8890c9bd54b31ca0a35c09670b06c2135cbfd5512632ef57454e326b2680b"
"48-59",84.3371708717289,20,-0.0652744644860577,0.17030306151662,-0.399068465058633,0.268519536086517,FALSE,1.72053231100745,66.3280806954508,"83a8890c9bd54b31ca0a35c09670b06c2135cbfd5512632ef57454e326b2680b"
"48-59",84.5740267264363,20,-0.0644661781112064,0.172333056066438,-0.402238968001425,0.273306611779012,FALSE,1.72053231100745,66.3280806954508,"83a8890c9bd54b31ca0a35c09670b06c2135cbfd5512632ef57454e326b2680b"
"48-59",84.8108825811437,20,-0.0636547398395495,0.174377738416198,-0.405435107135298,0.278125627456199,FALSE,1.72053231100745,66.3280806954508,"83a8890c9bd54b31ca0a35c09670b06c2135cbfd5512632ef57454e326b2680b"
"48-59",85.047738435851,20,-0.0628402229710129,0.176436790962879,-0.408656333258255,0.282975887316229,FALSE,1.72053231100745,66.3280806954508,"83a8890c9bd54b31ca0a35c09670b06c2135cbfd5512632ef57454e326b2680b"
"48-59",85.2845942905584,20,-0.0620227008055221,0.178509898179963,-0.411902101238249,0.287856699627205,FALSE,1.72053231100745,66.3280806954508,"83a8890c9bd54b31ca0a35c09670b06c2135cbfd5512632ef57454e326b2680b"
"48-59",85.5214501452658,20,-0.061202246643003,0.180596746652024,-0.41517187008097,0.292767376794964,FALSE,1.72053231100745,66.3280806954508,"83a8890c9bd54b31ca0a35c09670b06c2135cbfd5512632ef57454e326b2680b"
"48-59",85.7583059999731,20,-0.0603789337833812,0.182697025101382,-0.418465102982089,0.297707235415327,FALSE,1.72053231100745,66.3280806954508,"83a8890c9bd54b31ca0a35c09670b06c2135cbfd5512632ef57454e326b2680b"
"48-59",85.9951618546805,20,-0.0595528355265824,0.184810424407544,-0.421781267365368,0.302675596312204,FALSE,1.72053231100745,66.3280806954508,"83a8890c9bd54b31ca0a35c09670b06c2135cbfd5512632ef57454e326b2680b"
"48-59",86.2320177093878,20,-0.0587240251725324,0.18693663762009,-0.425119834907909,0.307671784562844,FALSE,1.72053231100745,66.3280806954508,"83a8890c9bd54b31ca0a35c09670b06c2135cbfd5512632ef57454e326b2680b"
"48-59",86.4688735640952,20,-0.0578925760211568,0.189075359965609,-0.42848028155375,0.312695129511437,FALSE,1.72053231100745,66.3280806954508,"83a8890c9bd54b31ca0a35c09670b06c2135cbfd5512632ef57454e326b2680b"
"48-59",86.7057294188026,20,-0.0570585613723814,0.191226288849268,-0.431862087516946,0.317744964772184,FALSE,1.72053231100745,66.3280806954508,"83a8890c9bd54b31ca0a35c09670b06c2135cbfd5512632ef57454e326b2680b"
"48-59",86.9425852735099,20,-0.0562220545261318,0.193389123851538,-0.435264737275147,0.322820628222883,FALSE,1.72053231100745,66.3280806954508,"83a8890c9bd54b31ca0a35c09670b06c2135cbfd5512632ef57454e326b2680b"
"48-59",87.1794411282173,20,-0.0553831287823339,0.195563566720577,-0.438687719554665,0.327921461989997,FALSE,1.72053231100745,66.3280806954508,"83a8890c9bd54b31ca0a35c09670b06c2135cbfd5512632ef57454e326b2680b"
"48-59",87.4162969829247,20,-0.0545418574409131,0.197749321360712,-0.442130527307909,0.333046812426083,FALSE,1.72053231100745,66.3280806954508,"83a8890c9bd54b31ca0a35c09670b06c2135cbfd5512632ef57454e326b2680b"
"48-59",87.653152837632,20,-0.0536983138017955,0.199946093817463,-0.445592657684023,0.338196030080432,FALSE,1.72053231100745,66.3280806954508,"83a8890c9bd54b31ca0a35c09670b06c2135cbfd5512632ef57454e326b2680b"
"48-59",87.8900086923394,20,-0.0528525711649066,0.202153592259476,-0.449073611993479,0.343368469663666,FALSE,1.72053231100745,66.3280806954508,"83a8890c9bd54b31ca0a35c09670b06c2135cbfd5512632ef57454e326b2680b"
"48-59",88.1268645470468,20,-0.052004702830172,0.20437152695774,-0.452572895667343,0.348563490006999,FALSE,1.72053231100745,66.3280806954508,"83a8890c9bd54b31ca0a35c09670b06c2135cbfd5512632ef57454e326b2680b"
"48-59",88.3637204017541,20,-0.0511547820975176,0.206599610262411,-0.456090018211843,0.353780454016808,FALSE,1.72053231100745,66.3280806954508,"83a8890c9bd54b31ca0a35c09670b06c2135cbfd5512632ef57454e326b2680b"
"48-59",88.6005762564615,20,-0.050302882266869,0.208837556577544,-0.459624493158855,0.359018728625117,FALSE,1.72053231100745,66.3280806954508,"83a8890c9bd54b31ca0a35c09670b06c2135cbfd5512632ef57454e326b2680b"
"48-59",88.8374321111688,20,-0.049449076638152,0.211085082334017,-0.463175838012826,0.364277684736522,FALSE,1.72053231100745,66.3280806954508,"83a8890c9bd54b31ca0a35c09670b06c2135cbfd5512632ef57454e326b2680b"
"48-59",89.0742879658762,20,-0.0485934385112923,0.213341905960901,-0.466743574194659,0.369556697172074,FALSE,1.72053231100745,66.3280806954508,"83a8890c9bd54b31ca0a35c09670b06c2135cbfd5512632ef57454e326b2680b"
"48-59",89.3111438205836,20,-0.0477360411862154,0.215607747855499,-0.470327226982994,0.374855144610563,FALSE,1.72053231100745,66.3280806954508,"83a8890c9bd54b31ca0a35c09670b06c2135cbfd5512632ef57454e326b2680b"
"48-59",89.5479996752909,20,-0.0468769579628473,0.217882330352281,-0.473926325453318,0.380172409527623,FALSE,1.72053231100745,66.3280806954508,"83a8890c9bd54b31ca0a35c09670b06c2135cbfd5512632ef57454e326b2680b"
"48-59",89.7848555299983,20,-0.0460162621411136,0.220165377690899,-0.477540402415275,0.385507878133048,FALSE,1.72053231100745,66.3280806954508,"83a8890c9bd54b31ca0a35c09670b06c2135cbfd5512632ef57454e326b2680b"
"48-59",90.0217113847057,20,-0.04515402702094,0.222456615983461,-0.481168994348523,0.390860940306643,FALSE,1.72053231100745,66.3280806954508,"83a8890c9bd54b31ca0a35c09670b06c2135cbfd5512632ef57454e326b2680b"
"48-59",90.258567239413,20,-0.0442903259022521,0.224755773181224,-0.484811641337451,0.396230989532946,FALSE,1.72053231100745,66.3280806954508,"83a8890c9bd54b31ca0a35c09670b06c2135cbfd5512632ef57454e326b2680b"
"48-59",90.4954230941204,20,-0.0434252320849758,0.22706257904085,-0.488467887005042,0.40161742283509,FALSE,1.72053231100745,66.3280806954508,"83a8890c9bd54b31ca0a35c09670b06c2135cbfd5512632ef57454e326b2680b"
"48-59",90.7322789488277,20,-0.0425588188690368,0.229376765090358,-0.492137278446138,0.407019640708065,FALSE,1.72053231100745,66.3280806954508,"83a8890c9bd54b31ca0a35c09670b06c2135cbfd5512632ef57454e326b2680b"
"48-59",90.9691348035351,20,-0.0416911595543606,0.231698064594886,-0.495819366160338,0.412437047051617,FALSE,1.72053231100745,66.3280806954508,"83a8890c9bd54b31ca0a35c09670b06c2135cbfd5512632ef57454e326b2680b"
"48-59",91.2059906582425,20,-0.0408223274408731,0.234026212522378,-0.499513703984734,0.417869049102988,FALSE,1.72053231100745,66.3280806954508,"83a8890c9bd54b31ca0a35c09670b06c2135cbfd5512632ef57454e326b2680b"
"48-59",91.4428465129498,20,-0.0399523958285,0.236360945509278,-0.503219849026684,0.423315057369684,FALSE,1.72053231100745,66.3280806954508,"83a8890c9bd54b31ca0a35c09670b06c2135cbfd5512632ef57454e326b2680b"
"48-59",91.6797023676572,20,-0.0390814380171669,0.238702001826331,-0.506937361596775,0.428774485562441,FALSE,1.72053231100745,66.3280806954508,"83a8890c9bd54b31ca0a35c09670b06c2135cbfd5512632ef57454e326b2680b"
"48-59",91.9165582223646,20,-0.0382095273067996,0.241049121344559,-0.510665805142135,0.434246750528536,FALSE,1.72053231100745,66.3280806954508,"83a8890c9bd54b31ca0a35c09670b06c2135cbfd5512632ef57454e326b2680b"
"48-59",92.1534140770719,20,-0.0373367369973238,0.243402045501482,-0.514404746180228,0.43973127218558,FALSE,1.72053231100745,66.3280806954508,"83a8890c9bd54b31ca0a35c09670b06c2135cbfd5512632ef57454e326b2680b"
"48-59",92.3902699317793,20,-0.0364631403886652,0.245760517267639,-0.518153754233238,0.445227473455908,FALSE,1.72053231100745,66.3280806954508,"83a8890c9bd54b31ca0a35c09670b06c2135cbfd5512632ef57454e326b2680b"
"48-59",92.6271257864866,20,-0.0355888107807494,0.24812428111348,-0.52191240176317,0.450734780201671,FALSE,1.72053231100745,66.3280806954508,"83a8890c9bd54b31ca0a35c09670b06c2135cbfd5512632ef57454e326b2680b"
"48-59",92.863981641194,20,-0.0347138214735024,0.250493082976644,-0.525680264107724,0.456252621160719,FALSE,1.72053231100745,66.3280806954508,"83a8890c9bd54b31ca0a35c09670b06c2135cbfd5512632ef57454e326b2680b"
"48-59",93.1008374959014,20,-0.0338382457668495,0.252866670229701,-0.529456919417064,0.461780427883365,FALSE,1.72053231100745,66.3280806954508,"83a8890c9bd54b31ca0a35c09670b06c2135cbfd5512632ef57454e326b2680b"
"48-59",93.3376933506087,20,-0.0329621569607168,0.255244791648366,-0.533241948591515,0.467317634670081,FALSE,1.72053231100745,66.3280806954508,"83a8890c9bd54b31ca0a35c09670b06c2135cbfd5512632ef57454e326b2680b"
"48-59",93.5745492053161,20,-0.0320856283550298,0.257627197380222,-0.537034935220264,0.472863678510205,FALSE,1.72053231100745,66.3280806954508,"83a8890c9bd54b31ca0a35c09670b06c2135cbfd5512632ef57454e326b2680b"
"48-59",93.8114050600235,20,-0.0312087332497142,0.260013638913986,-0.540835465521127,0.478417999021698,FALSE,1.72053231100745,66.3280806954508,"83a8890c9bd54b31ca0a35c09670b06c2135cbfd5512632ef57454e326b2680b"
"48-59",94.0482609147308,20,-0.0303315449446959,0.262403869049334,-0.544643128281391,0.483980038392,FALSE,1.72053231100745,66.3280806954508,"83a8890c9bd54b31ca0a35c09670b06c2135cbfd5512632ef57454e326b2680b"
"48-59",94.2851167694382,20,-0.0294541367399004,0.264797641867302,-0.548457514799813,0.489549241320012,FALSE,1.72053231100745,66.3280806954508,"83a8890c9bd54b31ca0a35c09670b06c2135cbfd5512632ef57454e326b2680b"
"48-59",94.5219726241455,20,-0.0285765819352534,0.267194712701277,-0.552278218829757,0.49512505495925,FALSE,1.72053231100745,66.3280806954508,"83a8890c9bd54b31ca0a35c09670b06c2135cbfd5512632ef57454e326b2680b"
"48-59",94.7588284788529,20,-0.0276989538306807,0.2695948381086,-0.556104836523537,0.500706928862175,FALSE,1.72053231100745,66.3280806954508,"83a8890c9bd54b31ca0a35c09670b06c2135cbfd5512632ef57454e326b2680b"
