"fit_id","age_band","pfpr_pct","log_hazard_ratio","standard_error","lower_95","upper_95","pfpr_min","pfpr_p025","pfpr_p975","pfpr_max","within_observed_support","within_central_support","reference_within_observed_support"
"nonutrition_age_1","<1",0,-0.0707475298120797,0.027183268254571,-0.124026735591039,-0.0174683240331205,0.0164865959077473,1.71186420675262,63.5903796053536,94.7588284788529,FALSE,FALSE,TRUE
"nonutrition_age_1","<1",0.0164865959077473,-0.0706915281547769,0.0271551393773246,-0.123915601334333,-0.0174674549752208,0.0164865959077473,1.71186420675262,63.5903796053536,94.7588284788529,TRUE,FALSE,TRUE
"nonutrition_age_1","<1",0.5,-0.0690490903138858,0.0263307276870818,-0.120657316580566,-0.0174408640472054,0.0164865959077473,1.71186420675262,63.5903796053536,94.7588284788529,TRUE,FALSE,TRUE
"nonutrition_age_1","<1",1,-0.0673503951158176,0.0254797905724422,-0.117290784637804,-0.017410005593831,0.0164865959077473,1.71186420675262,63.5903796053536,94.7588284788529,TRUE,FALSE,TRUE
"nonutrition_age_1","<1",1.5,-0.065651179802489,0.0246311881956177,-0.1139283086659,-0.0173740509390784,0.0164865959077473,1.71186420675262,63.5903796053536,94.7588284788529,TRUE,FALSE,TRUE
"nonutrition_age_1","<1",1.71186420675262,-0.0649309526702996,0.0242724928079809,-0.112505038573942,-0.017356866766657,0.0164865959077473,1.71186420675262,63.5903796053536,94.7588284788529,TRUE,TRUE,TRUE
"nonutrition_age_1","<1",2,-0.0639511799569344,0.0237856474154408,-0.110571048891198,-0.0173313110226704,0.0164865959077473,1.71186420675262,63.5903796053536,94.7588284788529,TRUE,TRUE,TRUE
"nonutrition_age_1","<1",2.5,-0.0622501311621878,0.0229438898130279,-0.107220155195723,-0.0172801071286531,0.0164865959077473,1.71186420675262,63.5903796053536,94.7588284788529,TRUE,TRUE,TRUE
"nonutrition_age_1","<1",3,-0.0605477690012834,0.0221066307704697,-0.103876765311404,-0.0172187726911628,0.0164865959077473,1.71186420675262,63.5903796053536,94.7588284788529,TRUE,TRUE,TRUE
"nonutrition_age_1","<1",3.5,-0.0588438290572555,0.021274578465367,-0.100542002849375,-0.0171456552651363,0.0164865959077473,1.71186420675262,63.5903796053536,94.7588284788529,TRUE,TRUE,TRUE
"nonutrition_age_1","<1",4,-0.0571380469131383,0.0204484327694751,-0.0972169751413094,-0.0170591186849672,0.0164865959077473,1.71186420675262,63.5903796053536,94.7588284788529,TRUE,TRUE,TRUE
"nonutrition_age_1","<1",4.5,-0.0554301581519658,0.019628884038373,-0.093902770867177,-0.0169575454367547,0.0164865959077473,1.71186420675262,63.5903796053536,94.7588284788529,TRUE,TRUE,TRUE
"nonutrition_age_1","<1",5,-0.0537198983567723,0.0188166117775726,-0.0906004574408147,-0.01683933927273,0.0164865959077473,1.71186420675262,63.5903796053536,94.7588284788529,TRUE,TRUE,TRUE
"nonutrition_age_1","<1",5.5,-0.052007003110592,0.0180122831688248,-0.0873110781214887,-0.0167029280996953,0.0164865959077473,1.71186420675262,63.5903796053536,94.7588284788529,TRUE,TRUE,TRUE
"nonutrition_age_1","<1",6,-0.0502912079964591,0.0172165514385633,-0.0840356488160431,-0.016546767176875,0.0164865959077473,1.71186420675262,63.5903796053536,94.7588284788529,TRUE,TRUE,TRUE
"nonutrition_age_1","<1",6.5,-0.0485722485974076,0.0164300540484518,-0.0807751545323731,-0.0163693426624422,0.0164865959077473,1.71186420675262,63.5903796053536,94.7588284788529,TRUE,TRUE,TRUE
"nonutrition_age_1","<1",7,-0.0468498604964719,0.0156534106858842,-0.077530545440805,-0.0161691755521388,0.0164865959077473,1.71186420675262,63.5903796053536,94.7588284788529,TRUE,TRUE,TRUE
"nonutrition_age_1","<1",7.5,-0.0451237792766862,0.01488722103005,-0.0743027324955841,-0.0159448260577883,0.0164865959077473,1.71186420675262,63.5903796053536,94.7588284788529,TRUE,TRUE,TRUE
"nonutrition_age_1","<1",8,-0.0433937405210845,0.0141320622668596,-0.0710925825641292,-0.0156948984780397,0.0164865959077473,1.71186420675262,63.5903796053536,94.7588284788529,TRUE,TRUE,TRUE
"nonutrition_age_1","<1",8.5,-0.0416594798127011,0.0133884863236941,-0.0679009130071414,-0.0154180466182607,0.0164865959077473,1.71186420675262,63.5903796053536,94.7588284788529,TRUE,TRUE,TRUE
"nonutrition_age_1","<1",9,-0.0399207327345701,0.0126570167926797,-0.0647284856482224,-0.0151129798209178,0.0164865959077473,1.71186420675262,63.5903796053536,94.7588284788529,TRUE,TRUE,TRUE
"nonutrition_age_1","<1",9.5,-0.0381772348697258,0.0119381455091332,-0.0615760000676267,-0.0147784696718248,0.0164865959077473,1.71186420675262,63.5903796053536,94.7588284788529,TRUE,TRUE,TRUE
"nonutrition_age_1","<1",10,-0.0364287218012023,0.011232328750142,-0.0584440861514806,-0.014413357450924,0.0164865959077473,1.71186420675262,63.5903796053536,94.7588284788529,TRUE,TRUE,TRUE
"nonutrition_age_1","<1",10.5,-0.0346749291120338,0.0105399830171784,-0.0553332958257035,-0.0140165623983641,0.0164865959077473,1.71186420675262,63.5903796053536,94.7588284788529,TRUE,TRUE,TRUE
"nonutrition_age_1","<1",11,-0.0329155923852545,0.00986148036649415,-0.0522440939035831,-0.013587090866926,0.0164865959077473,1.71186420675262,63.5903796053536,94.7588284788529,TRUE,TRUE,TRUE
"nonutrition_age_1","<1",11.5,-0.0311504472038986,0.00919714325220699,-0.0491768479782243,-0.0131240464295729,0.0164865959077473,1.71186420675262,63.5903796053536,94.7588284788529,TRUE,TRUE,TRUE
"nonutrition_age_1","<1",12,-0.0293792291510003,0.00854723884994694,-0.0461318172968963,-0.0126266410051043,0.0164865959077473,1.71186420675262,63.5903796053536,94.7588284788529,TRUE,TRUE,TRUE
"nonutrition_age_1","<1",12.5,-0.0276016738095937,0.00791197283427919,-0.0431091405647809,-0.0120942070544065,0.0164865959077473,1.71186420675262,63.5903796053536,94.7588284788529,TRUE,TRUE,TRUE
"nonutrition_age_1","<1",13,-0.025817516762713,0.00729148259156055,-0.0401088226421717,-0.0115262108832543,0.0164865959077473,1.71186420675262,63.5903796053536,94.7588284788529,TRUE,TRUE,TRUE
"nonutrition_age_1","<1",13.5,-0.0240264935933925,0.00668582986221193,-0.0371307201233278,-0.0109222670634571,0.0164865959077473,1.71186420675262,63.5903796053536,94.7588284788529,TRUE,TRUE,TRUE
"nonutrition_age_1","<1",14,-0.0222283398846662,0.00609499282346739,-0.0341745258186623,-0.0102821539506701,0.0164865959077473,1.71186420675262,63.5903796053536,94.7588284788529,TRUE,TRUE,TRUE
"nonutrition_age_1","<1",14.5,-0.0204227912195684,0.00551885764636731,-0.0312397522064484,-0.0096058302326885,0.0164865959077473,1.71186420675262,63.5903796053536,94.7588284788529,TRUE,TRUE,TRUE
"nonutrition_age_1","<1",15,-0.0186095831811333,0.00495720958990015,-0.0283257139773376,-0.00889345238492904,0.0164865959077473,1.71186420675262,63.5903796053536,94.7588284788529,TRUE,TRUE,TRUE
"nonutrition_age_1","<1",15.5,-0.0167884513523951,0.00440972373135303,-0.025431509865847,-0.00814539283894313,0.0164865959077473,1.71186420675262,63.5903796053536,94.7588284788529,TRUE,TRUE,TRUE
"nonutrition_age_1","<1",16,-0.0149591313163878,0.00387595547530234,-0.0225560040479804,-0.00736225858479526,0.0164865959077473,1.71186420675262,63.5903796053536,94.7588284788529,TRUE,TRUE,TRUE
"nonutrition_age_1","<1",16.5,-0.0131213586561458,0.0033553310338423,-0.0196978074824767,-0.00654490982981494,0.0164865959077473,1.71186420675262,63.5903796053536,94.7588284788529,TRUE,TRUE,TRUE
"nonutrition_age_1","<1",17,-0.0112748689547032,0.00284713812635219,-0.0168552596823535,-0.00569447822705295,0.0164865959077473,1.71186420675262,63.5903796053536,94.7588284788529,TRUE,TRUE,TRUE
"nonutrition_age_1","<1",17.5,-0.00941939779509422,0.0023505172061313,-0.0140264115191116,-0.00481238407107687,0.0164865959077473,1.71186420675262,63.5903796053536,94.7588284788529,TRUE,TRUE,TRUE
"nonutrition_age_1","<1",18,-0.00755468076035296,0.00186445358094786,-0.0112090097790108,-0.00390035174169516,0.0164865959077473,1.71186420675262,63.5903796053536,94.7588284788529,TRUE,TRUE,TRUE
"nonutrition_age_1","<1",18.5,-0.00568045343351366,0.00138777085583571,-0.00840048431095164,-0.00296042255607567,0.0164865959077473,1.71186420675262,63.5903796053536,94.7588284788529,TRUE,TRUE,TRUE
"nonutrition_age_1","<1",19,-0.00379645139761049,0.000919126224348191,-0.00559793879733295,-0.00199496399788804,0.0164865959077473,1.71186420675262,63.5903796053536,94.7588284788529,TRUE,TRUE,TRUE
"nonutrition_age_1","<1",19.5,-0.00190257831979443,0.000457024316509769,-0.00279834598015358,-0.00100681065943528,0.0164865959077473,1.71186420675262,63.5903796053536,94.7588284788529,TRUE,TRUE,TRUE
"nonutrition_age_1","<1",20,0,0,0,0,0.0164865959077473,1.71186420675262,63.5903796053536,94.7588284788529,TRUE,TRUE,TRUE
"nonutrition_age_1","<1",20.5,0.00190954419389679,0.000453242919425221,0.00102118807182336,0.00279790031597023,0.0164865959077473,1.71186420675262,63.5903796053536,94.7588284788529,TRUE,TRUE,TRUE
"nonutrition_age_1","<1",21,0.0038243120153672,0.000903836858944656,0.00205279177183567,0.00559583225889873,0.0164865959077473,1.71186420675262,63.5903796053536,94.7588284788529,TRUE,TRUE,TRUE
"nonutrition_age_1","<1",21.5,0.00574256121788242,0.00135275138881684,0.00309116849580143,0.00839395393996342,0.0164865959077473,1.71186420675262,63.5903796053536,94.7588284788529,TRUE,TRUE,TRUE
"nonutrition_age_1","<1",22,0.00766254955491372,0.00180079596403904,0.0041329894653972,0.0111921096444302,0.0164865959077473,1.71186420675262,63.5903796053536,94.7588284788529,TRUE,TRUE,TRUE
"nonutrition_age_1","<1",22.5,0.0095825347799323,0.00224862435505989,0.00517523104401491,0.0139898385158497,0.0164865959077473,1.71186420675262,63.5903796053536,94.7588284788529,TRUE,TRUE,TRUE
"nonutrition_age_1","<1",23,0.0115007746464094,0.00269674050062838,0.00621516326517778,0.016786386027641,0.0164865959077473,1.71186420675262,63.5903796053536,94.7588284788529,TRUE,TRUE,TRUE
"nonutrition_age_1","<1",23.5,0.0134155269078163,0.00314550550106005,0.00725033612573856,0.019580717689894,0.0164865959077473,1.71186420675262,63.5903796053536,94.7588284788529,TRUE,TRUE,TRUE
"nonutrition_age_1","<1",24,0.0153250493176241,0.00359514547970758,0.00827856417739725,0.022371534457851,0.0164865959077473,1.71186420675262,63.5903796053536,94.7588284788529,TRUE,TRUE,TRUE
"nonutrition_age_1","<1",24.5,0.0172275996293042,0.00404576006077173,0.00929790991019157,0.0251572893484167,0.0164865959077473,1.71186420675262,63.5903796053536,94.7588284788529,TRUE,TRUE,TRUE
"nonutrition_age_1","<1",25,0.0191214355963276,0.00449733123931045,0.0103066663672792,0.0279362048253761,0.0164865959077473,1.71186420675262,63.5903796053536,94.7588284788529,TRUE,TRUE,TRUE
"nonutrition_age_1","<1",25.5,0.0210048149721658,0.00494973245124726,0.0113033393677212,0.0307062905766104,0.0164865959077473,1.71186420675262,63.5903796053536,94.7588284788529,TRUE,TRUE,TRUE
"nonutrition_age_1","<1",26,0.0228759955102899,0.00540273768470262,0.0122866296482727,0.033465361372307,0.0164865959077473,1.71186420675262,63.5903796053536,94.7588284788529,TRUE,TRUE,TRUE
"nonutrition_age_1","<1",26.5,0.0247332349641711,0.00585603050702549,0.0132554151704011,0.036211054757941,0.0164865959077473,1.71186420675262,63.5903796053536,94.7588284788529,TRUE,TRUE,TRUE
"nonutrition_age_1","<1",27,0.0265747910872807,0.00630921291302817,0.0142087337777455,0.0389408483968159,0.0164865959077473,1.71186420675262,63.5903796053536,94.7588284788529,TRUE,TRUE,TRUE
"nonutrition_age_1","<1",27.5,0.0283989216330898,0.00676181392820487,0.0151457663338083,0.0416520769323714,0.0164865959077473,1.71186420675262,63.5903796053536,94.7588284788529,TRUE,TRUE,TRUE
"nonutrition_age_1","<1",28,0.0302038843550698,0.00721329792566412,0.0160658204207681,0.0443419482893715,0.0164865959077473,1.71186420675262,63.5903796053536,94.7588284788529,TRUE,TRUE,TRUE
"nonutrition_age_1","<1",28.5,0.0319879370066919,0.00766307263699988,0.0169683146381721,0.0470075593752116,0.0164865959077473,1.71186420675262,63.5903796053536,94.7588284788529,TRUE,TRUE,TRUE
"nonutrition_age_1","<1",29,0.0337493373414272,0.00811049685548685,0.017852763504673,0.0496459111781814,0.0164865959077473,1.71186420675262,63.5903796053536,94.7588284788529,TRUE,TRUE,TRUE
"nonutrition_age_1","<1",29.5,0.0354863431127471,0.00855488784510409,0.018718762936343,0.0522539232891511,0.0164865959077473,1.71186420675262,63.5903796053536,94.7588284788529,TRUE,TRUE,TRUE
"nonutrition_age_1","<1",30,0.0371972120741227,0.00899552848135718,0.0195659762506626,0.0548284478975827,0.0164865959077473,1.71186420675262,63.5903796053536,94.7588284788529,TRUE,TRUE,TRUE
"nonutrition_age_1","<1",30.5,0.0388802019790252,0.00943167416012218,0.0203941206251858,0.0573662833328647,0.0164865959077473,1.71186420675262,63.5903796053536,94.7588284788529,TRUE,TRUE,TRUE
"nonutrition_age_1","<1",31,0.040533570580926,0.00986255951922259,0.0212029539232497,0.0598641872386023,0.0164865959077473,1.71186420675262,63.5903796053536,94.7588284788529,TRUE,TRUE,TRUE
"nonutrition_age_1","<1",31.5,0.0421555756332962,0.0102874050246062,0.021992261785068,0.0623188894815244,0.0164865959077473,1.71186420675262,63.5903796053536,94.7588284788529,TRUE,TRUE,TRUE
"nonutrition_age_1","<1",32,0.0437444748896071,0.0107054234792176,0.0227618448703407,0.0647271049088736,0.0164865959077473,1.71186420675262,63.5903796053536,94.7588284788529,TRUE,TRUE,TRUE
"nonutrition_age_1","<1",32.5,0.0452985261033299,0.0111158265183247,0.0235115061274136,0.0670855460792463,0.0164865959077473,1.71186420675262,63.5903796053536,94.7588284788529,TRUE,TRUE,TRUE
"nonutrition_age_1","<1",33,0.0468159870279359,0.0115178311604822,0.0242410379533908,0.0693909361024809,0.0164865959077473,1.71186420675262,63.5903796053536,94.7588284788529,TRUE,TRUE,TRUE
"nonutrition_age_1","<1",33.5,0.0482951154168961,0.0119106664887705,0.0249502090989059,0.0716400217348864,0.0164865959077473,1.71186420675262,63.5903796053536,94.7588284788529,TRUE,TRUE,TRUE
"nonutrition_age_1","<1",34,0.049734169023682,0.0122935805426804,0.0256387511600284,0.0738295868873356,0.0164865959077473,1.71186420675262,63.5903796053536,94.7588284788529,TRUE,TRUE,TRUE
"nonutrition_age_1","<1",34.5,0.0511314056017647,0.012665847507197,0.0263063444876585,0.0759564667158709,0.0164865959077473,1.71186420675262,63.5903796053536,94.7588284788529,TRUE,TRUE,TRUE
"nonutrition_age_1","<1",35,0.0524850829046154,0.013026775292423,0.0269526033314664,0.0780175624777645,0.0164865959077473,1.71186420675262,63.5903796053536,94.7588284788529,TRUE,TRUE,TRUE
"nonutrition_age_1","<1",35.5,0.0537934586857055,0.0133757136045344,0.027577060020818,0.080009857350593,0.0164865959077473,1.71186420675262,63.5903796053536,94.7588284788529,TRUE,TRUE,TRUE
"nonutrition_age_1","<1",36,0.055054790698506,0.0137120626170085,0.0281791479691694,0.0819304334278427,0.0164865959077473,1.71186420675262,63.5903796053536,94.7588284788529,TRUE,TRUE,TRUE
"nonutrition_age_1","<1",36.5,0.0562673366964883,0.0140352823597995,0.0287581832712813,0.0837764901216952,0.0164865959077473,1.71186420675262,63.5903796053536,94.7588284788529,TRUE,TRUE,TRUE
"nonutrition_age_1","<1",37,0.0574293544331236,0.0143449029532712,0.0293133446447119,0.0855453642215352,0.0164865959077473,1.71186420675262,63.5903796053536,94.7588284788529,TRUE,TRUE,TRUE
"nonutrition_age_1","<1",37.5,0.058539101661883,0.0146405358228321,0.0298436514491321,0.087234551874634,0.0164865959077473,1.71186420675262,63.5903796053536,94.7588284788529,TRUE,TRUE,TRUE
"nonutrition_age_1","<1",38,0.0595948361362379,0.0149218860387584,0.0303479395002714,0.0888417327722044,0.0164865959077473,1.71186420675262,63.5903796053536,94.7588284788529,TRUE,TRUE,TRUE
"nonutrition_age_1","<1",38.5,0.0605948478800307,0.0151887863993933,0.0308248265372198,0.0903648692228416,0.0164865959077473,1.71186420675262,63.5903796053536,94.7588284788529,TRUE,TRUE,TRUE
"nonutrition_age_1","<1",39,0.0615384651573398,0.0154418351783994,0.031272468207677,0.0918044621070026,0.0164865959077473,1.71186420675262,63.5903796053536,94.7588284788529,TRUE,TRUE,TRUE
"nonutrition_age_1","<1",39.5,0.06242625167295,0.0156824571699065,0.0316886356199334,0.0931638677259667,0.0164865959077473,1.71186420675262,63.5903796053536,94.7588284788529,TRUE,TRUE,TRUE
"nonutrition_age_1","<1",40,0.0632588432163811,0.0159121234291942,0.0320710812951604,0.0944466051376018,0.0164865959077473,1.71186420675262,63.5903796053536,94.7588284788529,TRUE,TRUE,TRUE
"nonutrition_age_1","<1",40.5,0.0640368755771525,0.0161322931521137,0.0324175809990097,0.0956561701552952,0.0164865959077473,1.71186420675262,63.5903796053536,94.7588284788529,TRUE,TRUE,TRUE
"nonutrition_age_1","<1",41,0.0647609845447837,0.0163444029038371,0.0327259548532629,0.0967960142363044,0.0164865959077473,1.71186420675262,63.5903796053536,94.7588284788529,TRUE,TRUE,TRUE
"nonutrition_age_1","<1",41.5,0.0654318059087943,0.0165498564625888,0.0329940872421203,0.0978695245754682,0.0164865959077473,1.71186420675262,63.5903796053536,94.7588284788529,TRUE,TRUE,TRUE
"nonutrition_age_1","<1",42,0.0660499754587038,0.0167500151919646,0.0332199456824531,0.0988800052349544,0.0164865959077473,1.71186420675262,63.5903796053536,94.7588284788529,TRUE,TRUE,TRUE
"nonutrition_age_1","<1",42.5,0.0666161289840317,0.0169461889155483,0.033401598709557,0.0998306592585064,0.0164865959077473,1.71186420675262,63.5903796053536,94.7588284788529,TRUE,TRUE,TRUE
"nonutrition_age_1","<1",43,0.0671309022742977,0.0171396273142039,0.033537232738458,0.100724571810137,0.0164865959077473,1.71186420675262,63.5903796053536,94.7588284788529,TRUE,TRUE,TRUE
"nonutrition_age_1","<1",43.5,0.0675949311190212,0.0173315119018061,0.0336251677914812,0.101564694446561,0.0164865959077473,1.71186420675262,63.5903796053536,94.7588284788529,TRUE,TRUE,TRUE
"nonutrition_age_1","<1",44,0.0680088513077217,0.0175229486605023,0.0336638719331373,0.102353830682306,0.0164865959077473,1.71186420675262,63.5903796053536,94.7588284788529,TRUE,TRUE,TRUE
"nonutrition_age_1","<1",44.5,0.0683732986299188,0.0177149614326435,0.0336519742219376,0.1030946230379,0.0164865959077473,1.71186420675262,63.5903796053536,94.7588284788529,TRUE,TRUE,TRUE
"nonutrition_age_1","<1",45,0.0686889088751321,0.0179084861738131,0.0335882759744584,0.103789541775806,0.0164865959077473,1.71186420675262,63.5903796053536,94.7588284788529,TRUE,TRUE,TRUE
"nonutrition_age_1","<1",45.5,0.068956317832881,0.0181043661704777,0.0334717601387447,0.104440875527017,0.0164865959077473,1.71186420675262,63.5903796053536,94.7588284788529,TRUE,TRUE,TRUE
"nonutrition_age_1","<1",46,0.0691761612926852,0.018303348317378,0.0333015985906243,0.105050723994746,0.0164865959077473,1.71186420675262,63.5903796053536,94.7588284788529,TRUE,TRUE,TRUE
"nonutrition_age_1","<1",46.5,0.069349075044064,0.018506080534811,0.0330771571958344,0.105620992892294,0.0164865959077473,1.71186420675262,63.5903796053536,94.7588284788529,TRUE,TRUE,TRUE
"nonutrition_age_1","<1",47,0.0694756948765372,0.0187131103856352,0.0327979985206921,0.106153391232382,0.0164865959077473,1.71186420675262,63.5903796053536,94.7588284788529,TRUE,TRUE,TRUE
"nonutrition_age_1","<1",47.5,0.0695566565796241,0.0189248849276044,0.0324638821215195,0.106649431037729,0.0164865959077473,1.71186420675262,63.5903796053536,94.7588284788529,TRUE,TRUE,TRUE
"nonutrition_age_1","<1",48,0.0695925959428444,0.0191417518101345,0.0320747623949809,0.107110429490708,0.0164865959077473,1.71186420675262,63.5903796053536,94.7588284788529,TRUE,TRUE,TRUE
"nonutrition_age_1","<1",48.5,0.0695841487557176,0.0193639615975155,0.0316307840245872,0.107537513486848,0.0164865959077473,1.71186420675262,63.5903796053536,94.7588284788529,TRUE,TRUE,TRUE
"nonutrition_age_1","<1",49,0.0695319508077632,0.019591671274561,0.0311322751096237,0.107931626505903,0.0164865959077473,1.71186420675262,63.5903796053536,94.7588284788529,TRUE,TRUE,TRUE
"nonutrition_age_1","<1",49.5,0.0694366378885008,0.0198249488672058,0.0305797381087775,0.108293537668224,0.0164865959077473,1.71186420675262,63.5903796053536,94.7588284788529,TRUE,TRUE,TRUE
"nonutrition_age_1","<1",50,0.0692988457874498,0.0200637790908569,0.0299738387693702,0.108623852805529,0.0164865959077473,1.71186420675262,63.5903796053536,94.7588284788529,TRUE,TRUE,TRUE
"nonutrition_age_1","<1",50.5,0.0691192102941298,0.0203080699242246,0.0293153932426496,0.10892302734561,0.0164865959077473,1.71186420675262,63.5903796053536,94.7588284788529,TRUE,TRUE,TRUE
"nonutrition_age_1","<1",51,0.0688983671980605,0.0205576599964233,0.0286053536050708,0.10919138079105,0.0164865959077473,1.71186420675262,63.5903796053536,94.7588284788529,TRUE,TRUE,TRUE
"nonutrition_age_1","<1",51.5,0.0686369522887612,0.0208123266704418,0.0278447920146953,0.109429112562827,0.0164865959077473,1.71186420675262,63.5903796053536,94.7588284788529,TRUE,TRUE,TRUE
"nonutrition_age_1","<1",52,0.0683356013557515,0.0210717947063973,0.0270348837312128,0.10963631898029,0.0164865959077473,1.71186420675262,63.5903796053536,94.7588284788529,TRUE,TRUE,TRUE
"nonutrition_age_1","<1",52.5,0.067994950188551,0.0213357453927978,0.0261768892186673,0.109813011158435,0.0164865959077473,1.71186420675262,63.5903796053536,94.7588284788529,TRUE,TRUE,TRUE
"nonutrition_age_1","<1",53,0.0676156345766792,0.0216038260425845,0.0252721355332136,0.109959133620145,0.0164865959077473,1.71186420675262,63.5903796053536,94.7588284788529,TRUE,TRUE,TRUE
"nonutrition_age_1","<1",53.5,0.0671982903096557,0.0218756597621507,0.0243219971758404,0.110074583443471,0.0164865959077473,1.71186420675262,63.5903796053536,94.7588284788529,TRUE,TRUE,TRUE
"nonutrition_age_1","<1",54,0.0667435531769999,0.0221508554148914,0.0233278765638129,0.110159229790187,0.0164865959077473,1.71186420675262,63.5903796053536,94.7588284788529,TRUE,TRUE,TRUE
"nonutrition_age_1","<1",54.5,0.0662520589682314,0.0224290177152166,0.0222911842464069,0.110212933690056,0.0164865959077473,1.71186420675262,63.5903796053536,94.7588284788529,TRUE,TRUE,TRUE
"nonutrition_age_1","<1",55,0.0657244434728698,0.022709757403493,0.0212133189620236,0.110235567983716,0.0164865959077473,1.71186420675262,63.5903796053536,94.7588284788529,TRUE,TRUE,TRUE
"nonutrition_age_1","<1",55.5,0.0651613424804345,0.0229927014662986,0.0200956476064894,0.11022703735438,0.0164865959077473,1.71186420675262,63.5903796053536,94.7588284788529,TRUE,TRUE,TRUE
"nonutrition_age_1","<1",56,0.0645633917804452,0.023277503379035,0.0189394851575366,0.110187298403354,0.0164865959077473,1.71186420675262,63.5903796053536,94.7588284788529,TRUE,TRUE,TRUE
"nonutrition_age_1","<1",56.5,0.0639312271624213,0.0235638533587894,0.0177460745791941,0.110116379745649,0.0164865959077473,1.71186420675262,63.5903796053536,94.7588284788529,TRUE,TRUE,TRUE
"nonutrition_age_1","<1",57,0.0632654844158824,0.0238514886239588,0.0165165667129231,0.110014402118842,0.0164865959077473,1.71186420675262,63.5903796053536,94.7588284788529,TRUE,TRUE,TRUE
"nonutrition_age_1","<1",57.5,0.062566799330348,0.0241402036631887,0.0152520001504982,0.109881598510198,0.0164865959077473,1.71186420675262,63.5903796053536,94.7588284788529,TRUE,TRUE,TRUE
"nonutrition_age_1","<1",58,0.0618357845220644,0.0244299132984492,0.013953154457104,0.109718414587025,0.0164865959077473,1.71186420675262,63.5903796053536,94.7588284788529,TRUE,TRUE,TRUE
"nonutrition_age_1","<1",58.5,0.0610729202114381,0.0247209110077818,0.0126199346361858,0.109525905786691,0.0164865959077473,1.71186420675262,63.5903796053536,94.7588284788529,TRUE,TRUE,TRUE
"nonutrition_age_1","<1",59,0.060278639675522,0.0250136749946776,0.0112518366859538,0.10930544266509,0.0164865959077473,1.71186420675262,63.5903796053536,94.7588284788529,TRUE,TRUE,TRUE
"nonutrition_age_1","<1",59.5,0.0594533761360527,0.0253087530393175,0.0098482201789904,0.109058532093115,0.0164865959077473,1.71186420675262,63.5903796053536,94.7588284788529,TRUE,TRUE,TRUE
"nonutrition_age_1","<1",60,0.0585975628147669,0.0256067534356769,0.00840832608084013,0.108786799548694,0.0164865959077473,1.71186420675262,63.5903796053536,94.7588284788529,TRUE,TRUE,TRUE
"nonutrition_age_1","<1",60.5,0.0577116329334013,0.0259083365151556,0.00693129336369638,0.108491972503106,0.0164865959077473,1.71186420675262,63.5903796053536,94.7588284788529,TRUE,TRUE,TRUE
"nonutrition_age_1","<1",61,0.0567960197136926,0.0262142065672349,0.00541617484191224,0.108175864585473,0.0164865959077473,1.71186420675262,63.5903796053536,94.7588284788529,TRUE,TRUE,TRUE
"nonutrition_age_1","<1",61.5,0.0558511563773777,0.026525104105196,0.00386195233119348,0.107840360423562,0.0164865959077473,1.71186420675262,63.5903796053536,94.7588284788529,TRUE,TRUE,TRUE
"nonutrition_age_1","<1",62,0.0548774761461931,0.0268417984369486,0.00226755120977376,0.107487401082612,0.0164865959077473,1.71186420675262,63.5903796053536,94.7588284788529,TRUE,TRUE,TRUE
"nonutrition_age_1","<1",62.5,0.0538754122418756,0.0271650805127865,0.000631854436814044,0.107118970046937,0.0164865959077473,1.71186420675262,63.5903796053536,94.7588284788529,TRUE,TRUE,TRUE
"nonutrition_age_1","<1",63,0.0528453978861619,0.0274957560330945,-0.00104628393870336,0.106737079711027,0.0164865959077473,1.71186420675262,63.5903796053536,94.7588284788529,TRUE,TRUE,TRUE
"nonutrition_age_1","<1",63.5,0.0517878663007888,0.0278346388094296,-0.00276802576569316,0.106343758367271,0.0164865959077473,1.71186420675262,63.5903796053536,94.7588284788529,TRUE,TRUE,TRUE
"nonutrition_age_1","<1",63.5903796053536,0.0515938047891655,0.0278968341428577,-0.00308399013083568,0.106271599709167,0.0164865959077473,1.71186420675262,63.5903796053536,94.7588284788529,TRUE,TRUE,TRUE
"nonutrition_age_1","<1",64,0.050703250707493,0.0281825443817484,-0.00453453628073386,0.10594103769572,0.0164865959077473,1.71186420675262,63.5903796053536,94.7588284788529,TRUE,FALSE,TRUE
"nonutrition_age_1","<1",64.5,0.0495919843280111,0.0285402839026612,-0.00634697212120499,0.105530940777227,0.0164865959077473,1.71186420675262,63.5903796053536,94.7588284788529,TRUE,FALSE,TRUE
"nonutrition_age_1","<1",65,0.0484545003840799,0.0289086583062733,-0.00820646989621573,0.105115470664375,0.0164865959077473,1.71186420675262,63.5903796053536,94.7588284788529,TRUE,FALSE,TRUE
"nonutrition_age_1","<1",65.5,0.0472912320974361,0.0292884527842973,-0.0101141353597867,0.104696599554659,0.0164865959077473,1.71186420675262,63.5903796053536,94.7588284788529,TRUE,FALSE,TRUE
"nonutrition_age_1","<1",66,0.0461026126898164,0.0296804315955907,-0.0120710332375413,0.104276258617174,0.0164865959077473,1.71186420675262,63.5903796053536,94.7588284788529,TRUE,FALSE,TRUE
"nonutrition_age_1","<1",66.5,0.0448890753829576,0.0300853332370301,-0.0140781777616215,0.103856328527537,0.0164865959077473,1.71186420675262,63.5903796053536,94.7588284788529,TRUE,FALSE,TRUE
"nonutrition_age_1","<1",67,0.0436510533985963,0.0305038660037149,-0.0161365239686849,0.103438630765878,0.0164865959077473,1.71186420675262,63.5903796053536,94.7588284788529,TRUE,FALSE,TRUE
"nonutrition_age_1","<1",67.5,0.0423889799584694,0.0309367039649357,-0.0182469598128045,0.103024919729743,0.0164865959077473,1.71186420675262,63.5903796053536,94.7588284788529,TRUE,FALSE,TRUE
"nonutrition_age_1","<1",68,0.0411032882843134,0.031384483379311,-0.0204102991391361,0.102616875707763,0.0164865959077473,1.71186420675262,63.5903796053536,94.7588284788529,TRUE,FALSE,TRUE
"nonutrition_age_1","<1",68.5,0.0397944115978651,0.0318477995681473,-0.0226272755557036,0.102216098751434,0.0164865959077473,1.71186420675262,63.5903796053536,94.7588284788529,TRUE,FALSE,TRUE
"nonutrition_age_1","<1",69,0.0384627831208613,0.0323272042606685,-0.0248985372300489,0.101824103471772,0.0164865959077473,1.71186420675262,63.5903796053536,94.7588284788529,TRUE,FALSE,TRUE
"nonutrition_age_1","<1",69.5,0.0371088360750386,0.0328232034185501,-0.0272246426253196,0.101442314775397,0.0164865959077473,1.71186420675262,63.5903796053536,94.7588284788529,TRUE,FALSE,TRUE
"nonutrition_age_1","<1",70,0.0357330036821339,0.0333362555404892,-0.0296060571772249,0.101072064541493,0.0164865959077473,1.71186420675262,63.5903796053536,94.7588284788529,TRUE,FALSE,TRUE
"nonutrition_age_1","<1",70.5,0.0343357191638837,0.0338667704406294,-0.0320431508997499,0.100714589227517,0.0164865959077473,1.71186420675262,63.5903796053536,94.7588284788529,TRUE,FALSE,TRUE
"nonutrition_age_1","<1",71,0.0329174157420248,0.0344151084878598,-0.0345361968941804,0.10037102837823,0.0164865959077473,1.71186420675262,63.5903796053536,94.7588284788529,TRUE,FALSE,TRUE
"nonutrition_age_1","<1",71.5,0.0314785266382939,0.0349815802865633,-0.0370853707233702,0.100042423999958,0.0164865959077473,1.71186420675262,63.5903796053536,94.7588284788529,TRUE,FALSE,TRUE
"nonutrition_age_1","<1",72,0.0300194850744277,0.0355664467735649,-0.0396907506017594,0.0997297207506149,0.0164865959077473,1.71186420675262,63.5903796053536,94.7588284788529,TRUE,FALSE,TRUE
"nonutrition_age_1","<1",72.5,0.028540724272163,0.0361699197009963,-0.0423523183417898,0.0994337668861159,0.0164865959077473,1.71186420675262,63.5903796053536,94.7588284788529,TRUE,FALSE,TRUE
"nonutrition_age_1","<1",73,0.0270426774532365,0.0367921624706998,-0.0450699609893351,0.0991553158958081,0.0164865959077473,1.71186420675262,63.5903796053536,94.7588284788529,TRUE,FALSE,TRUE
"nonutrition_age_1","<1",73.5,0.0255257778393849,0.0374332912827204,-0.047843473074747,0.0988950287535169,0.0164865959077473,1.71186420675262,63.5903796053536,94.7588284788529,TRUE,FALSE,TRUE
"nonutrition_age_1","<1",74,0.0239904586523449,0.0380933765584197,-0.0506725594021576,0.0986534767068475,0.0164865959077473,1.71186420675262,63.5903796053536,94.7588284788529,TRUE,FALSE,TRUE
"nonutrition_age_1","<1",74.5,0.0224371531138533,0.0387724445977588,-0.0535568382977539,0.0984311445254605,0.0164865959077473,1.71186420675262,63.5903796053536,94.7588284788529,TRUE,FALSE,TRUE
"nonutrition_age_1","<1",75,0.0208662944456467,0.0394704794302964,-0.0564958452377343,0.0982284341290276,0.0164865959077473,1.71186420675262,63.5903796053536,94.7588284788529,TRUE,FALSE,TRUE
"nonutrition_age_1","<1",75.5,0.0192783158694618,0.0401874248203233,-0.0594890367783718,0.0980456685172954,0.0164865959077473,1.71186420675262,63.5903796053536,94.7588284788529,TRUE,FALSE,TRUE
"nonutrition_age_1","<1",76,0.0176736506070354,0.0409231863881997,-0.0625357947138361,0.0978830959279069,0.0164865959077473,1.71186420675262,63.5903796053536,94.7588284788529,TRUE,FALSE,TRUE
"nonutrition_age_1","<1",76.5,0.0160527318801042,0.0416776338122356,-0.0656354303918776,0.0977408941520861,0.0164865959077473,1.71186420675262,63.5903796053536,94.7588284788529,TRUE,FALSE,TRUE
"nonutrition_age_1","<1",77,0.014415992910405,0.0424506030782181,-0.0687871891229025,0.0976191749437124,0.0164865959077473,1.71186420675262,63.5903796053536,94.7588284788529,TRUE,FALSE,TRUE
"nonutrition_age_1","<1",77.5,0.0127638669196744,0.0432418987468068,-0.0719902546240669,0.0975179884634156,0.0164865959077473,1.71186420675262,63.5903796053536,94.7588284788529,TRUE,FALSE,TRUE
"nonutrition_age_1","<1",78,0.0110967871296491,0.0440512962123511,-0.0752437534465591,0.0974373277058573,0.0164865959077473,1.71186420675262,63.5903796053536,94.7588284788529,TRUE,FALSE,TRUE
"nonutrition_age_1","<1",78.5,0.00941518676206592,0.0448785439301143,-0.0785467593409581,0.09737713286509,0.0164865959077473,1.71186420675262,63.5903796053536,94.7588284788529,TRUE,FALSE,TRUE
"nonutrition_age_1","<1",79,0.00771949903866152,0.0457233655923123,-0.0818982975222705,0.0973372955995935,0.0164865959077473,1.71186420675262,63.5903796053536,94.7588284788529,TRUE,FALSE,TRUE
"nonutrition_age_1","<1",79.5,0.00601015718117263,0.0465854622367048,-0.0852973488027689,0.0973176631651141,0.0164865959077473,1.71186420675262,63.5903796053536,94.7588284788529,TRUE,FALSE,TRUE
"nonutrition_age_1","<1",80,0.00428759441133597,0.047464514274637,-0.0887428535669525,0.0973180423896245,0.0164865959077473,1.71186420675262,63.5903796053536,94.7588284788529,TRUE,FALSE,TRUE
"nonutrition_age_1","<1",80.5,0.00255224395088823,0.048360183428371,-0.0922337155687189,0.0973382034704953,0.0164865959077473,1.71186420675262,63.5903796053536,94.7588284788529,TRUE,FALSE,TRUE
"nonutrition_age_1","<1",81,0.000804539021566197,0.0492721145702387,-0.0957688055361017,0.0973778835792341,0.0164865959077473,1.71186420675262,63.5903796053536,94.7588284788529,TRUE,FALSE,TRUE
"nonutrition_age_1","<1",81.5,-0.000955087154893496,0.0501999374585515,-0.0993469645736544,0.0974367902638675,0.0164865959077473,1.71186420675262,63.5903796053536,94.7588284788529,TRUE,FALSE,TRUE
"nonutrition_age_1","<1",82,-0.00272620135675408,0.0511432683673271,-0.102967007356715,0.0975146046432071,0.0164865959077473,1.71186420675262,63.5903796053536,94.7588284788529,TRUE,FALSE,TRUE
"nonutrition_age_1","<1",82.5,-0.00450837036227886,0.0521017116087291,-0.106627725115388,0.0976109843908302,0.0164865959077473,1.71186420675262,63.5903796053536,94.7588284788529,TRUE,FALSE,TRUE
"nonutrition_age_1","<1",83,-0.00630116094973109,0.0530748609486692,-0.110327888409123,0.0977255665096605,0.0164865959077473,1.71186420675262,63.5903796053536,94.7588284788529,TRUE,FALSE,TRUE
"nonutrition_age_1","<1",83.5,-0.00810413989737407,0.0540623009173181,-0.114066249695318,0.0978579699005694,0.0164865959077473,1.71186420675262,63.5903796053536,94.7588284788529,TRUE,FALSE,TRUE
"nonutrition_age_1","<1",84,-0.0099168739834711,0.0550636080173198,-0.117841545697418,0.0980077977304756,0.0164865959077473,1.71186420675262,63.5903796053536,94.7588284788529,TRUE,FALSE,TRUE
"nonutrition_age_1","<1",84.5,-0.0117389299862855,0.0560783518333314,-0.121652499579615,0.098174639607044,0.0164865959077473,1.71186420675262,63.5903796053536,94.7588284788529,TRUE,FALSE,TRUE
"nonutrition_age_1","<1",85,-0.0135698746840804,0.0571060960471429,-0.12549782293648,0.0983580735683196,0.0164865959077473,1.71186420675262,63.5903796053536,94.7588284788529,TRUE,FALSE,TRUE
"nonutrition_age_1","<1",85.5,-0.0154092748551192,0.0581463993630851,-0.129376217606766,0.0985576678965276,0.0164865959077473,1.71186420675262,63.5903796053536,94.7588284788529,TRUE,FALSE,TRUE
"nonutrition_age_1","<1",86,-0.0172566972776652,0.0591988163487416,-0.133286377321199,0.0987729827658684,0.0164865959077473,1.71186420675262,63.5903796053536,94.7588284788529,TRUE,FALSE,TRUE
"nonutrition_age_1","<1",86.5,-0.0191117087299816,0.0602628981961554,-0.137226989194446,0.099003571734483,0.0164865959077473,1.71186420675262,63.5903796053536,94.7588284788529,TRUE,FALSE,TRUE
"nonutrition_age_1","<1",87,-0.0209738759903317,0.0613381934087946,-0.141196735071569,0.0992489830909056,0.0164865959077473,1.71186420675262,63.5903796053536,94.7588284788529,TRUE,FALSE,TRUE
"nonutrition_age_1","<1",87.5,-0.0228427658369789,0.0624242484195198,-0.145194292739238,0.0995087610652799,0.0164865959077473,1.71186420675262,63.5903796053536,94.7588284788529,TRUE,FALSE,TRUE
"nonutrition_age_1","<1",88,-0.0247179450481863,0.0635206081447101,-0.149218337011818,0.0997824469154455,0.0164865959077473,1.71186420675262,63.5903796053536,94.7588284788529,TRUE,FALSE,TRUE
"nonutrition_age_1","<1",88.5,-0.0265989804022173,0.0646268164795577,-0.15326754070215,0.100069579897716,0.0164865959077473,1.71186420675262,63.5903796053536,94.7588284788529,TRUE,FALSE,TRUE
"nonutrition_age_1","<1",89,-0.0284854386773352,0.0657424167393558,-0.157340575486473,0.100369698131802,0.0164865959077473,1.71186420675262,63.5903796053536,94.7588284788529,TRUE,FALSE,TRUE
"nonutrition_age_1","<1",89.5,-0.0303768866518032,0.0668669520513856,-0.161436112672519,0.100682339368913,0.0164865959077473,1.71186420675262,63.5903796053536,94.7588284788529,TRUE,FALSE,TRUE
"nonutrition_age_1","<1",90,-0.0322728911038846,0.0679999657017683,-0.16555282387935,0.101007041671581,0.0164865959077473,1.71186420675262,63.5903796053536,94.7588284788529,TRUE,FALSE,TRUE
"nonutrition_age_1","<1",90.5,-0.0341730188118428,0.0691410014413961,-0.169689381636979,0.101343344013294,0.0164865959077473,1.71186420675262,63.5903796053536,94.7588284788529,TRUE,FALSE,TRUE
"nonutrition_age_1","<1",91,-0.0360768365539409,0.0702896037547968,-0.173844459913343,0.101690786805461,0.0164865959077473,1.71186420675262,63.5903796053536,94.7588284788529,TRUE,FALSE,TRUE
"nonutrition_age_1","<1",91.5,-0.0379839111084422,0.0714453180955238,-0.178016734575669,0.102048912358784,0.0164865959077473,1.71186420675262,63.5903796053536,94.7588284788529,TRUE,FALSE,TRUE
"nonutrition_age_1","<1",92,-0.0398938092536102,0.0726076910914091,-0.182204883792772,0.102417265285552,0.0164865959077473,1.71186420675262,63.5903796053536,94.7588284788529,TRUE,FALSE,TRUE
"nonutrition_age_1","<1",92.5,-0.0418060977677079,0.0737762707227615,-0.18640758838432,0.102795392848905,0.0164865959077473,1.71186420675262,63.5903796053536,94.7588284788529,TRUE,FALSE,TRUE
"nonutrition_age_1","<1",93,-0.0437203434289988,0.0749506064763525,-0.19062353212265,0.103182845264652,0.0164865959077473,1.71186420675262,63.5903796053536,94.7588284788529,TRUE,FALSE,TRUE
"nonutrition_age_1","<1",93.5,-0.045636113015746,0.0761302494777999,-0.194851401992234,0.103579175960742,0.0164865959077473,1.71186420675262,63.5903796053536,94.7588284788529,TRUE,FALSE,TRUE
"nonutrition_age_1","<1",94,-0.047552973306213,0.0773147526047366,-0.199089888411497,0.103983941799071,0.0164865959077473,1.71186420675262,63.5903796053536,94.7588284788529,TRUE,FALSE,TRUE
"nonutrition_age_1","<1",94.5,-0.0494704910786629,0.078503670582949,-0.203337685421243,0.104396703263917,0.0164865959077473,1.71186420675262,63.5903796053536,94.7588284788529,TRUE,FALSE,TRUE
"nonutrition_age_1","<1",94.7588284788529,-0.0504632229483197,0.0791207102267896,-0.205539814992827,0.104613369096188,0.0164865959077473,1.71186420675262,63.5903796053536,94.7588284788529,TRUE,FALSE,TRUE
"nonutrition_age_1","<1",95,-0.0513882412140083,0.0796965651723514,-0.207593508951817,0.1048170265238,0.0164865959077473,1.71186420675262,63.5903796053536,94.7588284788529,FALSE,FALSE,TRUE
"nonutrition_age_1","<1",95.5,-0.0533060013651425,0.0808931288829917,-0.211856533975806,0.105244531245521,0.0164865959077473,1.71186420675262,63.5903796053536,94.7588284788529,FALSE,FALSE,TRUE
"nonutrition_age_1","<1",96,-0.0552237615162767,0.0820931952833047,-0.216126424271554,0.105678901239,0.0164865959077473,1.71186420675262,63.5903796053536,94.7588284788529,FALSE,FALSE,TRUE
"nonutrition_age_1","<1",96.5,-0.057141521667411,0.0832966129821513,-0.220402883112428,0.106119839777606,0.0164865959077473,1.71186420675262,63.5903796053536,94.7588284788529,FALSE,FALSE,TRUE
"nonutrition_age_1","<1",97,-0.0590592818185452,0.084503238801284,-0.224685629869062,0.106567066231971,0.0164865959077473,1.71186420675262,63.5903796053536,94.7588284788529,FALSE,FALSE,TRUE
"nonutrition_age_1","<1",97.5,-0.0609770419696794,0.0857129372536513,-0.228974398986836,0.107020315047477,0.0164865959077473,1.71186420675262,63.5903796053536,94.7588284788529,FALSE,FALSE,TRUE
"nonutrition_age_1","<1",98,-0.0628948021208136,0.0869255800585934,-0.233268939035657,0.107479334794029,0.0164865959077473,1.71186420675262,63.5903796053536,94.7588284788529,FALSE,FALSE,TRUE
"nonutrition_age_1","<1",98.5,-0.0648125622719478,0.0881410456911563,-0.237569011826614,0.107943887282719,0.0164865959077473,1.71186420675262,63.5903796053536,94.7588284788529,FALSE,FALSE,TRUE
"nonutrition_age_1","<1",99,-0.066730322423082,0.0893592189629649,-0.241874391590493,0.108413746744329,0.0164865959077473,1.71186420675262,63.5903796053536,94.7588284788529,FALSE,FALSE,TRUE
"nonutrition_age_1","<1",99.5,-0.0686480825742162,0.0905799906322843,-0.246184864213494,0.108888699065061,0.0164865959077473,1.71186420675262,63.5903796053536,94.7588284788529,FALSE,FALSE,TRUE
"nonutrition_age_1","<1",100,-0.0705658427253504,0.0918032570410841,-0.250500226525875,0.109368541075174,0.0164865959077473,1.71186420675262,63.5903796053536,94.7588284788529,FALSE,FALSE,TRUE
"nonutrition_age_2","1-5",0,-0.181001373229115,0.0393147253221489,-0.258058234860527,-0.103944511597703,0.0164865959077473,1.71186420675262,63.5411089133486,94.7588284788529,FALSE,FALSE,TRUE
"nonutrition_age_2","1-5",0.0164865959077473,-0.180836611974366,0.0392739310313673,-0.257813516795846,-0.103859707152887,0.0164865959077473,1.71186420675262,63.5411089133486,94.7588284788529,TRUE,FALSE,TRUE
"nonutrition_age_2","1-5",0.5,-0.176004816018002,0.0380782849016158,-0.250638254425169,-0.101371377610835,0.0164865959077473,1.71186420675262,63.5411089133486,94.7588284788529,TRUE,FALSE,TRUE
"nonutrition_age_2","1-5",1,-0.171009974179198,0.0368441071677531,-0.243224424227994,-0.0987955241304019,0.0164865959077473,1.71186420675262,63.5411089133486,94.7588284788529,TRUE,FALSE,TRUE
"nonutrition_age_2","1-5",1.5,-0.166018621553353,0.0356132574118526,-0.235820606080584,-0.0962166370261219,0.0164865959077473,1.71186420675262,63.5411089133486,94.7588284788529,TRUE,FALSE,TRUE
"nonutrition_age_2","1-5",1.71186420675262,-0.163905128379505,0.0350929736253829,-0.232687356685256,-0.095122900073755,0.0164865959077473,1.71186420675262,63.5411089133486,94.7588284788529,TRUE,TRUE,TRUE
"nonutrition_age_2","1-5",2,-0.161032531991714,0.0343867949432442,-0.228430650080473,-0.0936344139029557,0.0164865959077473,1.71186420675262,63.5411089133486,94.7588284788529,TRUE,TRUE,TRUE
"nonutrition_age_2","1-5",2.5,-0.15605347934553,0.0331657719280488,-0.221058392324506,-0.0910485663665548,0.0164865959077473,1.71186420675262,63.5411089133486,94.7588284788529,TRUE,TRUE,TRUE
"nonutrition_age_2","1-5",3,-0.151083237466049,0.0319512321325131,-0.213707652445775,-0.0884588224863235,0.0164865959077473,1.71186420675262,63.5411089133486,94.7588284788529,TRUE,TRUE,TRUE
"nonutrition_age_2","1-5",3.5,-0.146123580204518,0.0307442095505401,-0.206382230923577,-0.0858649294854599,0.0164865959077473,1.71186420675262,63.5411089133486,94.7588284788529,TRUE,TRUE,TRUE
"nonutrition_age_2","1-5",4,-0.141176281412186,0.0295457268990086,-0.199085906134243,-0.0832666566901294,0.0164865959077473,1.71186420675262,63.5411089133486,94.7588284788529,TRUE,TRUE,TRUE
"nonutrition_age_2","1-5",4.5,-0.136243114940301,0.0283567939625268,-0.191822431106854,-0.0806637987737484,0.0164865959077473,1.71186420675262,63.5411089133486,94.7588284788529,TRUE,TRUE,TRUE
"nonutrition_age_2","1-5",5,-0.13132585464011,0.0271784057670822,-0.184595529943591,-0.0780561793366291,0.0164865959077473,1.71186420675262,63.5411089133486,94.7588284788529,TRUE,TRUE,TRUE
"nonutrition_age_2","1-5",5.5,-0.126426274362862,0.0260115405596169,-0.177408893859711,-0.0754436548660131,0.0164865959077473,1.71186420675262,63.5411089133486,94.7588284788529,TRUE,TRUE,TRUE
"nonutrition_age_2","1-5",6,-0.121546147959805,0.0248571575678636,-0.170266176792818,-0.0728261191267923,0.0164865959077473,1.71186420675262,63.5411089133486,94.7588284788529,TRUE,TRUE,TRUE
"nonutrition_age_2","1-5",6.5,-0.116687249282186,0.0237161945118231,-0.16317099052536,-0.070203508039013,0.0164865959077473,1.71186420675262,63.5411089133486,94.7588284788529,TRUE,TRUE,TRUE
"nonutrition_age_2","1-5",7,-0.111851352181255,0.0225895648350471,-0.156126899257947,-0.0675758051045623,0.0164865959077473,1.71186420675262,63.5411089133486,94.7588284788529,TRUE,TRUE,TRUE
"nonutrition_age_2","1-5",7.5,-0.107040230508258,0.0214781546204383,-0.149137413564317,-0.0649430474521985,0.0164865959077473,1.71186420675262,63.5411089133486,94.7588284788529,TRUE,TRUE,TRUE
"nonutrition_age_2","1-5",8,-0.102255658114443,0.0203828191516301,-0.142205983651638,-0.0623053325772482,0.0164865959077473,1.71186420675262,63.5411089133486,94.7588284788529,TRUE,TRUE,TRUE
"nonutrition_age_2","1-5",8.5,-0.0974994088510597,0.0193043790772264,-0.135335991842424,-0.0596628258596959,0.0164865959077473,1.71186420675262,63.5411089133486,94.7588284788529,TRUE,TRUE,TRUE
"nonutrition_age_2","1-5",9,-0.092773256569355,0.0182436161313822,-0.128530744186864,-0.057015768951846,0.0164865959077473,1.71186420675262,63.5411089133486,94.7588284788529,TRUE,TRUE,TRUE
"nonutrition_age_2","1-5",9.5,-0.0880789751205771,0.0172012683605395,-0.121793461107235,-0.0543644891339196,0.0164865959077473,1.71186420675262,63.5411089133486,94.7588284788529,TRUE,TRUE,TRUE
"nonutrition_age_2","1-5",10,-0.083418338355974,0.0161780248028245,-0.11512726696951,-0.051709409742438,0.0164865959077473,1.71186420675262,63.5411089133486,94.7588284788529,TRUE,TRUE,TRUE
"nonutrition_age_2","1-5",10.5,-0.0787931201267938,0.0151745195639662,-0.108535178472168,-0.0490510617814201,0.0164865959077473,1.71186420675262,63.5411089133486,94.7588284788529,TRUE,TRUE,TRUE
"nonutrition_age_2","1-5",11,-0.0742050942842844,0.014191325232035,-0.102020091739073,-0.0463900968294958,0.0164865959077473,1.71186420675262,63.5411089133486,94.7588284788529,TRUE,TRUE,TRUE
"nonutrition_age_2","1-5",11.5,-0.069656034679694,0.0132289455733417,-0.0955847680034438,-0.0437273013559442,0.0164865959077473,1.71186420675262,63.5411089133486,94.7588284788529,TRUE,TRUE,TRUE
"nonutrition_age_2","1-5",12,-0.0651477151642703,0.0122878074541936,-0.0892318177744897,-0.041063612554051,0.0164865959077473,1.71186420675262,63.5411089133486,94.7588284788529,TRUE,TRUE,TRUE
"nonutrition_age_2","1-5",12.5,-0.0606819095892616,0.0113682519387193,-0.0829636833891514,-0.0384001357893718,0.0164865959077473,1.71186420675262,63.5411089133486,94.7588284788529,TRUE,TRUE,TRUE
"nonutrition_age_2","1-5",13,-0.0562603918059159,0.0104705245227072,-0.0767826198704221,-0.0357381637414097,0.0164865959077473,1.71186420675262,63.5411089133486,94.7588284788529,TRUE,TRUE,TRUE
"nonutrition_age_2","1-5",13.5,-0.051884935665481,0.00959476447857413,-0.0706906740434863,-0.0330791972874757,0.0164865959077473,1.71186420675262,63.5411089133486,94.7588284788529,TRUE,TRUE,TRUE
"nonutrition_age_2","1-5",14,-0.0475573150192051,0.00874099330860073,-0.0646896619040626,-0.0304249681343477,0.0164865959077473,1.71186420675262,63.5411089133486,94.7588284788529,TRUE,TRUE,TRUE
"nonutrition_age_2","1-5",14.5,-0.0432793037183362,0.00790910233392996,-0.0587811442928389,-0.0277774631438335,0.0164865959077473,1.71186420675262,63.5411089133486,94.7588284788529,TRUE,TRUE,TRUE
"nonutrition_age_2","1-5",15,-0.0390526756141222,0.0070988394870187,-0.0529664010086789,-0.0251389502195656,0.0164865959077473,1.71186420675262,63.5411089133486,94.7588284788529,TRUE,TRUE,TRUE
"nonutrition_age_2","1-5",15.5,-0.0348792045578113,0.00630979542657839,-0.0472464035939049,-0.0225120055217176,0.0164865959077473,1.71186420675262,63.5411089133486,94.7588284788529,TRUE,TRUE,TRUE
"nonutrition_age_2","1-5",16,-0.0307606644006513,0.0055413891573999,-0.0416217871491551,-0.0198995416521475,0.0164865959077473,1.71186420675262,63.5411089133486,94.7588284788529,TRUE,TRUE,TRUE
"nonutrition_age_2","1-5",16.5,-0.0266988289938904,0.00479285341293582,-0.0360928216832446,-0.0173048363045362,0.0164865959077473,1.71186420675262,63.5411089133486,94.7588284788529,TRUE,TRUE,TRUE
"nonutrition_age_2","1-5",17,-0.0226954721887765,0.00406322014507763,-0.0306593836731287,-0.0147315607044244,0.0164865959077473,1.71186420675262,63.5411089133486,94.7588284788529,TRUE,TRUE,TRUE
"nonutrition_age_2","1-5",17.5,-0.0187523678365577,0.0033513065609079,-0.0253209286959371,-0.0121838069771782,0.0164865959077473,1.71186420675262,63.5411089133486,94.7588284788529,TRUE,TRUE,TRUE
"nonutrition_age_2","1-5",18,-0.0148712897884819,0.00265570224773488,-0.0200764661940423,-0.00966611338292153,0.0164865959077473,1.71186420675262,63.5411089133486,94.7588284788529,TRUE,TRUE,TRUE
"nonutrition_age_2","1-5",18.5,-0.0110540118957972,0.00197475804021504,-0.0149245376546187,-0.00718348613697572,0.0164865959077473,1.71186420675262,63.5411089133486,94.7588284788529,TRUE,TRUE,TRUE
"nonutrition_age_2","1-5",19,-0.0073023080097516,0.00130657747916735,-0.00986319986891961,-0.0047414161505836,0.0164865959077473,1.71186420675262,63.5411089133486,94.7588284788529,TRUE,TRUE,TRUE
"nonutrition_age_2","1-5",19.5,-0.00361766825357478,0.000649033676553105,-0.00488977425961887,-0.0023455622475307,0.0164865959077473,1.71186420675262,63.5411089133486,94.7588284788529,TRUE,TRUE,TRUE
"nonutrition_age_2","1-5",20,0,0,0,0,0.0164865959077473,1.71186420675262,63.5411089133486,94.7588284788529,TRUE,TRUE,TRUE
"nonutrition_age_2","1-5",20.5,0.00355133799403851,0.000642437845446607,0.00229215981696316,0.00481051617111386,0.0164865959077473,1.71186420675262,63.5411089133486,94.7588284788529,TRUE,TRUE,TRUE
"nonutrition_age_2","1-5",21,0.00703698750894551,0.00127996566641002,0.00452825480278188,0.00954572021510914,0.0164865959077473,1.71186420675262,63.5411089133486,94.7588284788529,TRUE,TRUE,TRUE
"nonutrition_age_2","1-5",21.5,0.0104575903251256,0.00191404026028319,0.00670607141497059,0.0142091092352807,0.0164865959077473,1.71186420675262,63.5411089133486,94.7588284788529,TRUE,TRUE,TRUE
"nonutrition_age_2","1-5",22,0.0138137882229837,0.00254589174474384,0.00882384040328578,0.0188037360426816,0.0164865959077473,1.71186420675262,63.5411089133486,94.7588284788529,TRUE,TRUE,TRUE
"nonutrition_age_2","1-5",22.5,0.0171062229829244,0.00317652843546277,0.0108802272494174,0.0233322187164314,0.0164865959077473,1.71186420675262,63.5411089133486,94.7588284788529,TRUE,TRUE,TRUE
"nonutrition_age_2","1-5",23,0.0203355363853525,0.00380674390992546,0.0128743183218986,0.0277967544488064,0.0164865959077473,1.71186420675262,63.5411089133486,94.7588284788529,TRUE,TRUE,TRUE
"nonutrition_age_2","1-5",23.5,0.0235023702106727,0.00443712587447966,0.0148056034966926,0.0321991369246528,0.0164865959077473,1.71186420675262,63.5411089133486,94.7588284788529,TRUE,TRUE,TRUE
"nonutrition_age_2","1-5",24,0.0266073662392897,0.00506806645288152,0.0166739559916419,0.0365407764869375,0.0164865959077473,1.71186420675262,63.5411089133486,94.7588284788529,TRUE,TRUE,TRUE
"nonutrition_age_2","1-5",24.5,0.0296511662516083,0.00569977353342914,0.0184796101260872,0.0408227223771294,0.0164865959077473,1.71186420675262,63.5411089133486,94.7588284788529,TRUE,TRUE,TRUE
"nonutrition_age_2","1-5",25,0.0326344120280332,0.00633228284355851,0.0202231376546585,0.0450456864014079,0.0164865959077473,1.71186420675262,63.5411089133486,94.7588284788529,TRUE,TRUE,TRUE
"nonutrition_age_2","1-5",25.5,0.0355577453489691,0.00696547046100317,0.0219054232454029,0.0492100674525353,0.0164865959077473,1.71186420675262,63.5411089133486,94.7588284788529,TRUE,TRUE,TRUE
"nonutrition_age_2","1-5",26,0.0384218079948207,0.00759906551527369,0.0235276395848843,0.0533159764047572,0.0164865959077473,1.71186420675262,63.5411089133486,94.7588284788529,TRUE,TRUE,TRUE
"nonutrition_age_2","1-5",26.5,0.0412272417459929,0.00823266287901471,0.025091222503124,0.0573632609888617,0.0164865959077473,1.71186420675262,63.5411089133486,94.7588284788529,TRUE,TRUE,TRUE
"nonutrition_age_2","1-5",27,0.0439746883828902,0.00886573569326036,0.0265978464240999,0.0613515303416805,0.0164865959077473,1.71186420675262,63.5411089133486,94.7588284788529,TRUE,TRUE,TRUE
"nonutrition_age_2","1-5",27.5,0.0466647896859175,0.00949764761201997,0.0280494003663584,0.0652801790054766,0.0164865959077473,1.71186420675262,63.5411089133486,94.7588284788529,TRUE,TRUE,TRUE
"nonutrition_age_2","1-5",28,0.0492981874354795,0.0101276646889512,0.0294479646451352,0.0691484102258238,0.0164865959077473,1.71186420675262,63.5411089133486,94.7588284788529,TRUE,TRUE,TRUE
"nonutrition_age_2","1-5",28.5,0.0518755234119808,0.0107549668616408,0.0307957883631649,0.0729552584607967,0.0164865959077473,1.71186420675262,63.5411089133486,94.7588284788529,TRUE,TRUE,TRUE
"nonutrition_age_2","1-5",29,0.0543974393958263,0.0113786590171629,0.0320952677221871,0.0766996110694656,0.0164865959077473,1.71186420675262,63.5411089133486,94.7588284788529,TRUE,TRUE,TRUE
"nonutrition_age_2","1-5",29.5,0.0568645771674207,0.0119977816463733,0.033348925140529,0.0803802291943123,0.0164865959077473,1.71186420675262,63.5411089133486,94.7588284788529,TRUE,TRUE,TRUE
"nonutrition_age_2","1-5",30,0.0592775785071686,0.0126113211142801,0.0345593891231796,0.0839957678911576,0.0164865959077473,1.71186420675262,63.5411089133486,94.7588284788529,TRUE,TRUE,TRUE
"nonutrition_age_2","1-5",30.5,0.0616370851954749,0.0132182195903683,0.0357293747983529,0.0875447955925968,0.0164865959077473,1.71186420675262,63.5411089133486,94.7588284788529,TRUE,TRUE,TRUE
"nonutrition_age_2","1-5",31,0.0639437390127442,0.0138173846965665,0.0368616650074739,0.0910258130180145,0.0164865959077473,1.71186420675262,63.5411089133486,94.7588284788529,TRUE,TRUE,TRUE
"nonutrition_age_2","1-5",31.5,0.0661981817393813,0.0144076989422479,0.0379590918125753,0.0944372716661872,0.0164865959077473,1.71186420675262,63.5411089133486,94.7588284788529,TRUE,TRUE,TRUE
"nonutrition_age_2","1-5",32,0.0684010551557909,0.0149880290258585,0.0390245182651082,0.0977775920464735,0.0164865959077473,1.71186420675262,63.5411089133486,94.7588284788529,TRUE,TRUE,TRUE
"nonutrition_age_2","1-5",32.5,0.0705530010423777,0.0155572350920073,0.0400608202620435,0.101045181822712,0.0164865959077473,1.71186420675262,63.5411089133486,94.7588284788529,TRUE,TRUE,TRUE
"nonutrition_age_2","1-5",33,0.0726546611795465,0.0161141800416638,0.0410708682978854,0.104238454061208,0.0164865959077473,1.71186420675262,63.5411089133486,94.7588284788529,TRUE,TRUE,TRUE
"nonutrition_age_2","1-5",33.5,0.074706677347702,0.0166577390019184,0.042057508903942,0.107355845791462,0.0164865959077473,1.71186420675262,63.5411089133486,94.7588284788529,TRUE,TRUE,TRUE
"nonutrition_age_2","1-5",34,0.076709691327249,0.0171868090709834,0.0430235455481214,0.110395837106377,0.0164865959077473,1.71186420675262,63.5411089133486,94.7588284788529,TRUE,TRUE,TRUE
"nonutrition_age_2","1-5",34.5,0.078664344898592,0.0177003194640884,0.0439717187489788,0.113356971048205,0.0164865959077473,1.71186420675262,63.5411089133486,94.7588284788529,TRUE,TRUE,TRUE
"nonutrition_age_2","1-5",35,0.080571279842136,0.0181972421969139,0.0449046851361848,0.116237874548087,0.0164865959077473,1.71186420675262,63.5411089133486,94.7588284788529,TRUE,TRUE,TRUE
"nonutrition_age_2","1-5",35.5,0.0824311379382856,0.0186766034554503,0.045824995165603,0.119037280710968,0.0164865959077473,1.71186420675262,63.5411089133486,94.7588284788529,TRUE,TRUE,TRUE
"nonutrition_age_2","1-5",36,0.0842445609674456,0.0191374958147523,0.046735069170531,0.12175405276436,0.0164865959077473,1.71186420675262,63.5411089133486,94.7588284788529,TRUE,TRUE,TRUE
"nonutrition_age_2","1-5",36.5,0.0860121907100206,0.0195790914840139,0.0476371714013533,0.124387210018688,0.0164865959077473,1.71186420675262,63.5411089133486,94.7588284788529,TRUE,TRUE,TRUE
"nonutrition_age_2","1-5",37,0.0877346689464154,0.0200006567715437,0.0485333816741898,0.126935956218641,0.0164865959077473,1.71186420675262,63.5411089133486,94.7588284788529,TRUE,TRUE,TRUE
"nonutrition_age_2","1-5",37.5,0.0894126374570347,0.0204015679802027,0.0494255642158375,0.129399710698232,0.0164865959077473,1.71186420675262,63.5411089133486,94.7588284788529,TRUE,TRUE,TRUE
"nonutrition_age_2","1-5",38,0.0910467380222834,0.0207813289609888,0.0503153332587454,0.131778142785821,0.0164865959077473,1.71186420675262,63.5411089133486,94.7588284788529,TRUE,TRUE,TRUE
"nonutrition_age_2","1-5",38.5,0.0926375859327577,0.0211396783031937,0.051203816458498,0.134071355407017,0.0164865959077473,1.71186420675262,63.5411089133486,94.7588284788529,TRUE,TRUE,TRUE
"nonutrition_age_2","1-5",39,0.094185434224276,0.0214776933523987,0.0520891552535745,0.136281713194978,0.0164865959077473,1.71186420675262,63.5411089133486,94.7588284788529,TRUE,TRUE,TRUE
"nonutrition_age_2","1-5",39.5,0.0956902735454866,0.0217973684378192,0.0529674314073609,0.138413115683612,0.0164865959077473,1.71186420675262,63.5411089133486,94.7588284788529,TRUE,TRUE,TRUE
"nonutrition_age_2","1-5",40,0.0971520886823472,0.0221007194292662,0.0538346786009855,0.140469498763709,0.0164865959077473,1.71186420675262,63.5411089133486,94.7588284788529,TRUE,TRUE,TRUE
"nonutrition_age_2","1-5",40.5,0.098570864420816,0.022389748539288,0.0546869572838115,0.14245477155782,0.0164865959077473,1.71186420675262,63.5411089133486,94.7588284788529,TRUE,TRUE,TRUE
"nonutrition_age_2","1-5",41,0.0999465855468509,0.0226664299210161,0.0555203829016593,0.144372788192042,0.0164865959077473,1.71186420675262,63.5411089133486,94.7588284788529,TRUE,TRUE,TRUE
"nonutrition_age_2","1-5",41.5,0.10127923684641,0.0229326960744671,0.0563311525404543,0.146227321152365,0.0164865959077473,1.71186420675262,63.5411089133486,94.7588284788529,TRUE,TRUE,TRUE
"nonutrition_age_2","1-5",42,0.102568803105451,0.0231904249289429,0.0571155702447227,0.148022035966179,0.0164865959077473,1.71186420675262,63.5411089133486,94.7588284788529,TRUE,TRUE,TRUE
"nonutrition_age_2","1-5",42.5,0.103815269109932,0.0234414275512604,0.0578700711094615,0.149760467110402,0.0164865959077473,1.71186420675262,63.5411089133486,94.7588284788529,TRUE,TRUE,TRUE
"nonutrition_age_2","1-5",43,0.105018619645811,0.023687436494203,0.0585912441171731,0.151445995174449,0.0164865959077473,1.71186420675262,63.5411089133486,94.7588284788529,TRUE,TRUE,TRUE
"nonutrition_age_2","1-5",43.5,0.106178839499046,0.0239300948497668,0.059275853593503,0.153081825404589,0.0164865959077473,1.71186420675262,63.5411089133486,94.7588284788529,TRUE,TRUE,TRUE
"nonutrition_age_2","1-5",44,0.107295913455595,0.0241709461091723,0.0599208590816172,0.154670967829573,0.0164865959077473,1.71186420675262,63.5411089133486,94.7588284788529,TRUE,TRUE,TRUE
"nonutrition_age_2","1-5",44.5,0.108369826301416,0.024411424957173,0.0605234333853569,0.156216219217475,0.0164865959077473,1.71186420675262,63.5411089133486,94.7588284788529,TRUE,TRUE,TRUE
"nonutrition_age_2","1-5",45,0.109400562822467,0.0246528491425023,0.0610809785031624,0.157720147141772,0.0164865959077473,1.71186420675262,63.5411089133486,94.7588284788529,TRUE,TRUE,TRUE
"nonutrition_age_2","1-5",45.5,0.110388107804706,0.0248964125698649,0.0615911391677706,0.159185076441641,0.0164865959077473,1.71186420675262,63.5411089133486,94.7588284788529,TRUE,TRUE,TRUE
"nonutrition_age_2","1-5",46,0.111332446034091,0.0251431797523586,0.0620518137194678,0.160613078348713,0.0164865959077473,1.71186420675262,63.5411089133486,94.7588284788529,TRUE,TRUE,TRUE
"nonutrition_age_2","1-5",46.5,0.112233562296579,0.0253940817475508,0.0624611620713797,0.162005962521779,0.0164865959077473,1.71186420675262,63.5411089133486,94.7588284788529,TRUE,TRUE,TRUE
"nonutrition_age_2","1-5",47,0.11309144137813,0.0256499136769378,0.0628176105713317,0.163365272184928,0.0164865959077473,1.71186420675262,63.5411089133486,94.7588284788529,TRUE,TRUE,TRUE
"nonutrition_age_2","1-5",47.5,0.1139060680647,0.0259113338988483,0.0631198536229574,0.164692282506443,0.0164865959077473,1.71186420675262,63.5411089133486,94.7588284788529,TRUE,TRUE,TRUE
"nonutrition_age_2","1-5",48,0.114677427142248,0.0261788648709934,0.0633668519951012,0.165988002289395,0.0164865959077473,1.71186420675262,63.5411089133486,94.7588284788529,TRUE,TRUE,TRUE
"nonutrition_age_2","1-5",48.5,0.115405503396732,0.0264528957029657,0.0635578278189195,0.167253178974545,0.0164865959077473,1.71186420675262,63.5411089133486,94.7588284788529,TRUE,TRUE,TRUE
"nonutrition_age_2","1-5",49,0.11609028161411,0.0267336863632617,0.0636922563421171,0.168488306886103,0.0164865959077473,1.71186420675262,63.5411089133486,94.7588284788529,TRUE,TRUE,TRUE
"nonutrition_age_2","1-5",49.5,0.11673174658034,0.027021373471929,0.0637698545753589,0.16969363858532,0.0164865959077473,1.71186420675262,63.5411089133486,94.7588284788529,TRUE,TRUE,TRUE
"nonutrition_age_2","1-5",50,0.117329883081379,0.0273159775805537,0.0637905670234936,0.170869199139264,0.0164865959077473,1.71186420675262,63.5411089133486,94.7588284788529,TRUE,TRUE,TRUE
"nonutrition_age_2","1-5",50.5,0.117884675903186,0.0276174118174418,0.063754548741,0.172014803065372,0.0164865959077473,1.71186420675262,63.5411089133486,94.7588284788529,TRUE,TRUE,TRUE
"nonutrition_age_2","1-5",51,0.118396109831719,0.0279254917584704,0.0636621459851166,0.173130073678321,0.0164865959077473,1.71186420675262,63.5411089133486,94.7588284788529,TRUE,TRUE,TRUE
"nonutrition_age_2","1-5",51.5,0.118864169652935,0.0282399463736721,0.0635138747605377,0.174214464545332,0.0164865959077473,1.71186420675262,63.5411089133486,94.7588284788529,TRUE,TRUE,TRUE
"nonutrition_age_2","1-5",52,0.119288840152793,0.0285604298961142,0.0633103975564094,0.175267282749177,0.0164865959077473,1.71186420675262,63.5411089133486,94.7588284788529,TRUE,TRUE,TRUE
"nonutrition_age_2","1-5",52.5,0.119670106117251,0.0288865344626016,0.0630524985705516,0.17628771366395,0.0164865959077473,1.71186420675262,63.5411089133486,94.7588284788529,TRUE,TRUE,TRUE
"nonutrition_age_2","1-5",53,0.120007952332266,0.0292178033843271,0.062741057698985,0.177274846965547,0.0164865959077473,1.71186420675262,63.5411089133486,94.7588284788529,TRUE,TRUE,TRUE
"nonutrition_age_2","1-5",53.5,0.120302363583797,0.0295537449187494,0.0623770235430483,0.178227703624546,0.0164865959077473,1.71186420675262,63.5411089133486,94.7588284788529,TRUE,TRUE,TRUE
"nonutrition_age_2","1-5",54,0.120553324657802,0.0298938464304762,0.0619613856540683,0.179145263661535,0.0164865959077473,1.71186420675262,63.5411089133486,94.7588284788529,TRUE,TRUE,TRUE
"nonutrition_age_2","1-5",54.5,0.120760820340238,0.0302375888474787,0.0614951461991796,0.180026494481296,0.0164865959077473,1.71186420675262,63.5411089133486,94.7588284788529,TRUE,TRUE,TRUE
"nonutrition_age_2","1-5",55,0.120924835417063,0.0305844613383264,0.0609792911939436,0.180870379640183,0.0164865959077473,1.71186420675262,63.5411089133486,94.7588284788529,TRUE,TRUE,TRUE
"nonutrition_age_2","1-5",55.5,0.121045354674237,0.0309339761551397,0.0604147614101628,0.181675947938311,0.0164865959077473,1.71186420675262,63.5411089133486,94.7588284788529,TRUE,TRUE,TRUE
"nonutrition_age_2","1-5",56,0.121122362897715,0.031285683604562,0.0598024230327739,0.182442302762657,0.0164865959077473,1.71186420675262,63.5411089133486,94.7588284788529,TRUE,TRUE,TRUE
"nonutrition_age_2","1-5",56.5,0.121155844873458,0.0316391871243653,0.0591430381097015,0.183168651637214,0.0164865959077473,1.71186420675262,63.5411089133486,94.7588284788529,TRUE,TRUE,TRUE
"nonutrition_age_2","1-5",57,0.121145785387421,0.031994158455536,0.0584372348145707,0.183854335960272,0.0164865959077473,1.71186420675262,63.5411089133486,94.7588284788529,TRUE,TRUE,TRUE
"nonutrition_age_2","1-5",57.5,0.121092169225564,0.0323503529082001,0.0576854775254921,0.184498860925637,0.0164865959077473,1.71186420675262,63.5411089133486,94.7588284788529,TRUE,TRUE,TRUE
"nonutrition_age_2","1-5",58,0.120995030103133,0.0327076738367271,0.0568879893831479,0.185102070823118,0.0164865959077473,1.71186420675262,63.5411089133486,94.7588284788529,TRUE,TRUE,TRUE
"nonutrition_age_2","1-5",58.5,0.120854778505261,0.0330665165036381,0.0560444061581304,0.185665150852392,0.0164865959077473,1.71186420675262,63.5411089133486,94.7588284788529,TRUE,TRUE,TRUE
"nonutrition_age_2","1-5",59,0.120671999903194,0.0334275687487338,0.0551539651556759,0.186190034650712,0.0164865959077473,1.71186420675262,63.5411089133486,94.7588284788529,TRUE,TRUE,TRUE
"nonutrition_age_2","1-5",59.5,0.120447280733477,0.0337916250131088,0.0542156957077841,0.186678865759171,0.0164865959077473,1.71186420675262,63.5411089133486,94.7588284788529,TRUE,TRUE,TRUE
"nonutrition_age_2","1-5",60,0.120181207432655,0.0341595725216303,0.05322844529026,0.187133969575051,0.0164865959077473,1.71186420675262,63.5411089133486,94.7588284788529,TRUE,TRUE,TRUE
"nonutrition_age_2","1-5",60.5,0.119874366437274,0.0345323790064714,0.0521909035845896,0.187557829289958,0.0164865959077473,1.71186420675262,63.5411089133486,94.7588284788529,TRUE,TRUE,TRUE
"nonutrition_age_2","1-5",61,0.119527344183877,0.0349110809134438,0.0511016255935268,0.187953062774226,0.0164865959077473,1.71186420675262,63.5411089133486,94.7588284788529,TRUE,TRUE,TRUE
"nonutrition_age_2","1-5",61.5,0.11914072710901,0.0352967720155177,0.0499590539585949,0.188322400259424,0.0164865959077473,1.71186420675262,63.5411089133486,94.7588284788529,TRUE,TRUE,TRUE
"nonutrition_age_2","1-5",62,0.118715101649217,0.035690592376126,0.0487615405920105,0.188668662706424,0.0164865959077473,1.71186420675262,63.5411089133486,94.7588284788529,TRUE,TRUE,TRUE
"nonutrition_age_2","1-5",62.5,0.118251054241045,0.0360937176232764,0.0475073676994233,0.188994740782667,0.0164865959077473,1.71186420675262,63.5411089133486,94.7588284788529,TRUE,TRUE,TRUE
"nonutrition_age_2","1-5",63,0.117749171321038,0.0365073485135953,0.0461947682343908,0.189303574407684,0.0164865959077473,1.71186420675262,63.5411089133486,94.7588284788529,TRUE,TRUE,TRUE
"nonutrition_age_2","1-5",63.5,0.11721003932574,0.0369327007826876,0.0448219457916719,0.189598132859807,0.0164865959077473,1.71186420675262,63.5411089133486,94.7588284788529,TRUE,TRUE,TRUE
"nonutrition_age_2","1-5",63.5411089133486,0.11716407400642,0.0369682314960339,0.044706340274194,0.189621807738647,0.0164865959077473,1.71186420675262,63.5411089133486,94.7588284788529,TRUE,TRUE,TRUE
"nonutrition_age_2","1-5",64,0.116634244691697,0.0373709952941624,0.0433870939151383,0.189881395468255,0.0164865959077473,1.71186420675262,63.5411089133486,94.7588284788529,TRUE,FALSE,TRUE
"nonutrition_age_2","1-5",64.5,0.116022373855453,0.0378234485138712,0.0418884147682656,0.190156332942641,0.0164865959077473,1.71186420675262,63.5411089133486,94.7588284788529,TRUE,FALSE,TRUE
"nonutrition_age_2","1-5",65,0.115375013253554,0.0382912633479484,0.0403241370915754,0.190425889415533,0.0164865959077473,1.71186420675262,63.5411089133486,94.7588284788529,TRUE,FALSE,TRUE
"nonutrition_age_2","1-5",65.5,0.114692749322545,0.0387756203927424,0.0386925333527698,0.19069296529232,0.0164865959077473,1.71186420675262,63.5411089133486,94.7588284788529,TRUE,FALSE,TRUE
"nonutrition_age_2","1-5",66,0.11397616849897,0.0392776696514144,0.0369919359821979,0.190960401015743,0.0164865959077473,1.71186420675262,63.5411089133486,94.7588284788529,TRUE,FALSE,TRUE
"nonutrition_age_2","1-5",66.5,0.113225857219375,0.0397985227756446,0.0352207525791116,0.191230961859638,0.0164865959077473,1.71186420675262,63.5411089133486,94.7588284788529,TRUE,FALSE,TRUE
"nonutrition_age_2","1-5",67,0.112442401920304,0.0403392458914461,0.0333774799730699,0.191507323867539,0.0164865959077473,1.71186420675262,63.5411089133486,94.7588284788529,TRUE,FALSE,TRUE
"nonutrition_age_2","1-5",67.5,0.111626389038303,0.0409008530655825,0.0314607170297613,0.191792061046845,0.0164865959077473,1.71186420675262,63.5411089133486,94.7588284788529,TRUE,FALSE,TRUE
"nonutrition_age_2","1-5",68,0.110778405009916,0.0414843004636847,0.0294691761010939,0.192087633918738,0.0164865959077473,1.71186420675262,63.5411089133486,94.7588284788529,TRUE,FALSE,TRUE
"nonutrition_age_2","1-5",68.5,0.109899036271688,0.0420904812431734,0.0274016930350685,0.192396379508308,0.0164865959077473,1.71186420675262,63.5411089133486,94.7588284788529,TRUE,FALSE,TRUE
"nonutrition_age_2","1-5",69,0.108988869260165,0.0427202212139223,0.0252572356808773,0.192720502839453,0.0164865959077473,1.71186420675262,63.5411089133486,94.7588284788529,TRUE,FALSE,TRUE
"nonutrition_age_2","1-5",69.5,0.108048490411891,0.0433742752877673,0.023034910847867,0.193062069975915,0.0164865959077473,1.71186420675262,63.5411089133486,94.7588284788529,TRUE,FALSE,TRUE
"nonutrition_age_2","1-5",70,0.107078486163411,0.0440533247250417,0.0207339697023294,0.193423002624493,0.0164865959077473,1.71186420675262,63.5411089133486,94.7588284788529,TRUE,FALSE,TRUE
"nonutrition_age_2","1-5",70.5,0.106079442951271,0.0447579751729171,0.018353811612353,0.193805074290188,0.0164865959077473,1.71186420675262,63.5411089133486,94.7588284788529,TRUE,FALSE,TRUE
"nonutrition_age_2","1-5",71,0.105051947212014,0.0454887554770473,0.0158939864770013,0.194209907947027,0.0164865959077473,1.71186420675262,63.5411089133486,94.7588284788529,TRUE,FALSE,TRUE
"nonutrition_age_2","1-5",71.5,0.103996585382187,0.0462461172354187,0.0133541956007661,0.194638975163607,0.0164865959077473,1.71186420675262,63.5411089133486,94.7588284788529,TRUE,FALSE,TRUE
"nonutrition_age_2","1-5",72,0.102913943898333,0.0470304350518936,0.0107342911966219,0.195093596600045,0.0164865959077473,1.71186420675262,63.5411089133486,94.7588284788529,TRUE,FALSE,TRUE
"nonutrition_age_2","1-5",72.5,0.101804609196999,0.0478420074370982,0.00803427462028665,0.195574943773712,0.0164865959077473,1.71186420675262,63.5411089133486,94.7588284788529,TRUE,FALSE,TRUE
"nonutrition_age_2","1-5",73,0.100669167714729,0.0486810582963383,0.00525429345390567,0.196084041975552,0.0164865959077473,1.71186420675262,63.5411089133486,94.7588284788529,TRUE,FALSE,TRUE
"nonutrition_age_2","1-5",73.5,0.0995082058880675,0.0495477389383062,0.00239463756898742,0.196621774207148,0.0164865959077473,1.71186420675262,63.5411089133486,94.7588284788529,TRUE,FALSE,TRUE
"nonutrition_age_2","1-5",74,0.09832231015356,0.0504421305345217,-0.000544265694102555,0.197188886001223,0.0164865959077473,1.71186420675262,63.5411089133486,94.7588284788529,TRUE,FALSE,TRUE
"nonutrition_age_2","1-5",74.5,0.0971120669477515,0.0513642469576988,-0.00356185708933822,0.197785990984841,0.0164865959077473,1.71186420675262,63.5411089133486,94.7588284788529,TRUE,FALSE,TRUE
"nonutrition_age_2","1-5",75,0.0958780627071867,0.0523140379273916,-0.00665745163050079,0.198413577044874,0.0164865959077473,1.71186420675262,63.5411089133486,94.7588284788529,TRUE,FALSE,TRUE
"nonutrition_age_2","1-5",75.5,0.0946208838684108,0.0532913923931709,-0.0098302452222042,0.199072012959026,0.0164865959077473,1.71186420675262,63.5411089133486,94.7588284788529,TRUE,FALSE,TRUE
"nonutrition_age_2","1-5",76,0.0933411168679686,0.0542961420889346,-0.0130793216263432,0.19976155536228,0.0164865959077473,1.71186420675262,63.5411089133486,94.7588284788529,TRUE,FALSE,TRUE
"nonutrition_age_2","1-5",76.5,0.0920393481424051,0.0553280651964939,-0.0164036596427228,0.200482355927533,0.0164865959077473,1.71186420675262,63.5411089133486,94.7588284788529,TRUE,FALSE,TRUE
"nonutrition_age_2","1-5",77,0.0907161641282653,0.0563868900620053,-0.0198021403932652,0.201234468649796,0.0164865959077473,1.71186420675262,63.5411089133486,94.7588284788529,TRUE,FALSE,TRUE
"nonutrition_age_2","1-5",77.5,0.0893721512620941,0.0574722989148435,-0.0232735546109991,0.202017857135187,0.0164865959077473,1.71186420675262,63.5411089133486,94.7588284788529,TRUE,FALSE,TRUE
"nonutrition_age_2","1-5",78,0.0880078959804365,0.0585839315448691,-0.0268166098475069,0.20283240180838,0.0164865959077473,1.71186420675262,63.5411089133486,94.7588284788529,TRUE,FALSE,TRUE
"nonutrition_age_2","1-5",78.5,0.0866239847198375,0.0597213889005042,-0.0304299375251507,0.203677906964826,0.0164865959077473,1.71186420675262,63.5411089133486,94.7588284788529,TRUE,FALSE,TRUE
"nonutrition_age_2","1-5",79,0.085221003916842,0.0608842365763736,-0.0341120997728503,0.204554107606534,0.0164865959077473,1.71186420675262,63.5411089133486,94.7588284788529,TRUE,FALSE,TRUE
"nonutrition_age_2","1-5",79.5,0.0837995400079949,0.0620720081653513,-0.0378615959960936,0.205460676012084,0.0164865959077473,1.71186420675262,63.5411089133486,94.7588284788529,TRUE,FALSE,TRUE
"nonutrition_age_2","1-5",80,0.0823601794298413,0.0632842084555338,-0.0416768691430049,0.206397228002688,0.0164865959077473,1.71186420675262,63.5411089133486,94.7588284788529,TRUE,FALSE,TRUE
"nonutrition_age_2","1-5",80.5,0.0809035086189261,0.0645203164578612,-0.0455563116384818,0.207363328876334,0.0164865959077473,1.71186420675262,63.5411089133486,94.7588284788529,TRUE,FALSE,TRUE
"nonutrition_age_2","1-5",81,0.0794301140117943,0.0657797882547674,-0.0494982709675499,0.208358498991138,0.0164865959077473,1.71186420675262,63.5411089133486,94.7588284788529,TRUE,FALSE,TRUE
"nonutrition_age_2","1-5",81.5,0.0779405820449907,0.0670620596643341,-0.0535010548971041,0.209382218987086,0.0164865959077473,1.71186420675262,63.5411089133486,94.7588284788529,TRUE,FALSE,TRUE
"nonutrition_age_2","1-5",82,0.0764354991550604,0.0683665487179451,-0.0575629363321119,0.210433934642233,0.0164865959077473,1.71186420675262,63.5411089133486,94.7588284788529,TRUE,FALSE,TRUE
"nonutrition_age_2","1-5",82.5,0.0749154517785484,0.0696926579524102,-0.0616821578081755,0.211513061365272,0.0164865959077473,1.71186420675262,63.5411089133486,94.7588284788529,TRUE,FALSE,TRUE
"nonutrition_age_2","1-5",83,0.0733810263519996,0.0710397765199711,-0.0658569356271438,0.212618988331143,0.0164865959077473,1.71186420675262,63.5411089133486,94.7588284788529,TRUE,FALSE,TRUE
"nonutrition_age_2","1-5",83.5,0.0718328093119589,0.0724072821215635,-0.0700854636463056,0.213751082270223,0.0164865959077473,1.71186420675262,63.5411089133486,94.7588284788529,TRUE,FALSE,TRUE
"nonutrition_age_2","1-5",84,0.0702713870949714,0.0737945427702336,-0.0743659167346864,0.214908690924629,0.0164865959077473,1.71186420675262,63.5411089133486,94.7588284788529,TRUE,FALSE,TRUE
"nonutrition_age_2","1-5",84.5,0.0686973461375819,0.0752009183927391,-0.0786964539121867,0.21609114618735,0.0164865959077473,1.71186420675262,63.5411089133486,94.7588284788529,TRUE,FALSE,TRUE
"nonutrition_age_2","1-5",85,0.0671112728763354,0.0766257622781627,-0.0830752211888634,0.217297766941534,0.0164865959077473,1.71186420675262,63.5411089133486,94.7588284788529,TRUE,FALSE,TRUE
"nonutrition_age_2","1-5",85.5,0.065513753747777,0.0780684223828665,-0.0875003541226413,0.218527861618195,0.0164865959077473,1.71186420675262,63.5411089133486,94.7588284788529,TRUE,FALSE,TRUE
"nonutrition_age_2","1-5",86,0.0639053751884515,0.0795282425013796,-0.0919699801142525,0.219780730491155,0.0164865959077473,1.71186420675262,63.5411089133486,94.7588284788529,TRUE,FALSE,TRUE
"nonutrition_age_2","1-5",86.5,0.062286723634904,0.0810045633128678,-0.096482220458317,0.221055667728125,0.0164865959077473,1.71186420675262,63.5411089133486,94.7588284788529,TRUE,FALSE,TRUE
"nonutrition_age_2","1-5",87,0.0606583855236793,0.0824967233127324,-0.101035192169276,0.222351963216635,0.0164865959077473,1.71186420675262,63.5411089133486,94.7588284788529,TRUE,FALSE,TRUE
"nonutrition_age_2","1-5",87.5,0.0590209472913224,0.0840040596386512,-0.105627009600434,0.223668904183079,0.0164865959077473,1.71186420675262,63.5411089133486,94.7588284788529,TRUE,FALSE,TRUE
"nonutrition_age_2","1-5",88,0.0573749953743784,0.0855259088000479,-0.110255785873716,0.225005776622472,0.0164865959077473,1.71186420675262,63.5411089133486,94.7588284788529,TRUE,FALSE,TRUE
"nonutrition_age_2","1-5",88.5,0.0557211162093921,0.0870616073195717,-0.114919634136968,0.226361866555753,0.0164865959077473,1.71186420675262,63.5411089133486,94.7588284788529,TRUE,FALSE,TRUE
"nonutrition_age_2","1-5",89,0.0540598962329086,0.0886104922947178,-0.119616668664738,0.227736461130555,0.0164865959077473,1.71186420675262,63.5411089133486,94.7588284788529,TRUE,FALSE,TRUE
"nonutrition_age_2","1-5",89.5,0.0523919218814727,0.0901719018872375,-0.124345005817513,0.229128849580458,0.0164865959077473,1.71186420675262,63.5411089133486,94.7588284788529,TRUE,FALSE,TRUE
"nonutrition_age_2","1-5",90,0.0507177795916295,0.0917451757474822,-0.129102764873436,0.230538324056695,0.0164865959077473,1.71186420675262,63.5411089133486,94.7588284788529,TRUE,FALSE,TRUE
"nonutrition_age_2","1-5",90.5,0.0490380557999239,0.0933296553803251,-0.133888068745513,0.231964180345361,0.0164865959077473,1.71186420675262,63.5411089133486,94.7588284788529,TRUE,FALSE,TRUE
"nonutrition_age_2","1-5",91,0.0473533369429008,0.0949246844587995,-0.138699044596346,0.233405718482148,0.0164865959077473,1.71186420675262,63.5411089133486,94.7588284788529,TRUE,FALSE,TRUE
"nonutrition_age_2","1-5",91.5,0.0456642094571053,0.096529609091108,-0.143533824361466,0.234862243275677,0.0164865959077473,1.71186420675262,63.5411089133486,94.7588284788529,TRUE,FALSE,TRUE
"nonutrition_age_2","1-5",92,0.0439712597790822,0.098143778046184,-0.148390545191438,0.236333064749603,0.0164865959077473,1.71186420675262,63.5411089133486,94.7588284788529,TRUE,FALSE,TRUE
"nonutrition_age_2","1-5",92.5,0.0422750743453766,0.0997665429425402,-0.153267349822002,0.237817498512755,0.0164865959077473,1.71186420675262,63.5411089133486,94.7588284788529,TRUE,FALSE,TRUE
"nonutrition_age_2","1-5",93,0.0405762395925335,0.101397258404712,-0.158162386880703,0.239314866065769,0.0164865959077473,1.71186420675262,63.5411089133486,94.7588284788529,TRUE,FALSE,TRUE
"nonutrition_age_2","1-5",93.5,0.0388753419570976,0.103035282191209,-0.163073811137673,0.240824495051868,0.0164865959077473,1.71186420675262,63.5411089133486,94.7588284788529,TRUE,FALSE,TRUE
"nonutrition_age_2","1-5",94,0.0371729678756141,0.104679975297511,-0.167999783707508,0.242345719458736,0.0164865959077473,1.71186420675262,63.5411089133486,94.7588284788529,TRUE,FALSE,TRUE
"nonutrition_age_2","1-5",94.5,0.0354697037846279,0.106330702037306,-0.172938472208492,0.243877879777748,0.0164865959077473,1.71186420675262,63.5411089133486,94.7588284788529,TRUE,FALSE,TRUE
"nonutrition_age_2","1-5",94.7588284788529,0.0345878409922791,0.107187373728997,-0.175499411516554,0.244675093501113,0.0164865959077473,1.71186420675262,63.5411089133486,94.7588284788529,TRUE,FALSE,TRUE
"nonutrition_age_2","1-5",95,0.0337661251524216,0.10798683748896,-0.17788807632594,0.245420326630783,0.0164865959077473,1.71186420675262,63.5411089133486,94.7588284788529,FALSE,FALSE,TRUE
"nonutrition_age_2","1-5",95.5,0.0320625329622055,0.109647946304107,-0.182847441793844,0.246972507718255,0.0164865959077473,1.71186420675262,63.5411089133486,94.7588284788529,FALSE,FALSE,TRUE
"nonutrition_age_2","1-5",96,0.0303589407719893,0.111313797172416,-0.187816101685945,0.248533983229924,0.0164865959077473,1.71186420675262,63.5411089133486,94.7588284788529,FALSE,FALSE,TRUE
"nonutrition_age_2","1-5",96.5,0.0286553485817732,0.11298418034206,-0.192793644888665,0.250104342052211,0.0164865959077473,1.71186420675262,63.5411089133486,94.7588284788529,FALSE,FALSE,TRUE
"nonutrition_age_2","1-5",97,0.0269517563915571,0.114658897729678,-0.197779683158612,0.251683195941726,0.0164865959077473,1.71186420675262,63.5411089133486,94.7588284788529,FALSE,FALSE,TRUE
"nonutrition_age_2","1-5",97.5,0.025248164201341,0.116337762158271,-0.20277384962887,0.253270178031552,0.0164865959077473,1.71186420675262,63.5411089133486,94.7588284788529,FALSE,FALSE,TRUE
"nonutrition_age_2","1-5",98,0.0235445720111249,0.118020596650738,-0.207775797424322,0.254864941446572,0.0164865959077473,1.71186420675262,63.5411089133486,94.7588284788529,FALSE,FALSE,TRUE
"nonutrition_age_2","1-5",98.5,0.0218409798209088,0.119707233774698,-0.212785198377498,0.256467158019316,0.0164865959077473,1.71186420675262,63.5411089133486,94.7588284788529,FALSE,FALSE,TRUE
"nonutrition_age_2","1-5",99,0.0201373876306926,0.121397515034601,-0.217801741837124,0.25807651709851,0.0164865959077473,1.71186420675262,63.5411089133486,94.7588284788529,FALSE,FALSE,TRUE
"nonutrition_age_2","1-5",99.5,0.0184337954404765,0.123091290307455,-0.222825133562135,0.259692724443088,0.0164865959077473,1.71186420675262,63.5411089133486,94.7588284788529,FALSE,FALSE,TRUE
"nonutrition_age_2","1-5",100,0.0167302032502604,0.124788417318773,-0.227855094694535,0.261315501195056,0.0164865959077473,1.71186420675262,63.5411089133486,94.7588284788529,FALSE,FALSE,TRUE
"nonutrition_age_3","6-11",0,-0.392584970286898,0.0494338391708257,-0.489475295061716,-0.29569464551208,0.0164865959077473,1.71186420675262,63.5411089133486,94.7588284788529,FALSE,FALSE,TRUE
"nonutrition_age_3","6-11",0.0164865959077473,-0.392221115060693,0.0493810007393199,-0.48900787650976,-0.295434353611626,0.0164865959077473,1.71186420675262,63.5411089133486,94.7588284788529,TRUE,FALSE,TRUE
"nonutrition_age_3","6-11",0.5,-0.381550781466088,0.0478323686332841,-0.475302223987324,-0.287799338944851,0.0164865959077473,1.71186420675262,63.5411089133486,94.7588284788529,TRUE,FALSE,TRUE
"nonutrition_age_3","6-11",1,-0.370521029578688,0.0462339599394571,-0.461139591060024,-0.279902468097352,0.0164865959077473,1.71186420675262,63.5411089133486,94.7588284788529,TRUE,FALSE,TRUE
"nonutrition_age_3","6-11",1.5,-0.35950030279066,0.0446401384228504,-0.446994974099447,-0.272005631481873,0.0164865959077473,1.71186420675262,63.5411089133486,94.7588284788529,TRUE,FALSE,TRUE
"nonutrition_age_3","6-11",1.71186420675262,-0.354834348139722,0.0439665450461095,-0.441008776430097,-0.268659919849348,0.0164865959077473,1.71186420675262,63.5411089133486,94.7588284788529,TRUE,TRUE,TRUE
"nonutrition_age_3","6-11",2,-0.348493189295381,0.0430524230564001,-0.432875938485925,-0.264110440104837,0.0164865959077473,1.71186420675262,63.5411089133486,94.7588284788529,TRUE,TRUE,TRUE
"nonutrition_age_3","6-11",2.5,-0.337504277286228,0.041472325050029,-0.418790034384284,-0.256218520188171,0.0164865959077473,1.71186420675262,63.5411089133486,94.7588284788529,TRUE,TRUE,TRUE
"nonutrition_age_3","6-11",3,-0.326538154956575,0.0399013463186255,-0.404744793741081,-0.248331516172069,0.0164865959077473,1.71186420675262,63.5411089133486,94.7588284788529,TRUE,TRUE,TRUE
"nonutrition_age_3","6-11",3.5,-0.315599410499801,0.038340977789847,-0.390747726967901,-0.240451094031701,0.0164865959077473,1.71186420675262,63.5411089133486,94.7588284788529,TRUE,TRUE,TRUE
"nonutrition_age_3","6-11",4,-0.304692632109281,0.0367926975262468,-0.376806319260725,-0.232578944957837,0.0164865959077473,1.71186420675262,63.5411089133486,94.7588284788529,TRUE,TRUE,TRUE
"nonutrition_age_3","6-11",4.5,-0.293822407978392,0.0352579686325892,-0.362928026498266,-0.224716789458517,0.0164865959077473,1.71186420675262,63.5411089133486,94.7588284788529,TRUE,TRUE,TRUE
"nonutrition_age_3","6-11",5,-0.282993326300509,0.0337382369150287,-0.349120270653965,-0.216866381947053,0.0164865959077473,1.71186420675262,63.5411089133486,94.7588284788529,TRUE,TRUE,TRUE
"nonutrition_age_3","6-11",5.5,-0.27220997526901,0.0322349282540236,-0.335390434646896,-0.209029515891123,0.0164865959077473,1.71186420675262,63.5411089133486,94.7588284788529,TRUE,TRUE,TRUE
"nonutrition_age_3","6-11",6,-0.26147694307727,0.0307494456473516,-0.321745856546079,-0.201208029608461,0.0164865959077473,1.71186420675262,63.5411089133486,94.7588284788529,TRUE,TRUE,TRUE
"nonutrition_age_3","6-11",6.5,-0.250798817918667,0.0292831658733366,-0.308193823030406,-0.193403812806927,0.0164865959077473,1.71186420675262,63.5411089133486,94.7588284788529,TRUE,TRUE,TRUE
"nonutrition_age_3","6-11",7,-0.240180187986575,0.0278374357173191,-0.294741561992521,-0.18561881398063,0.0164865959077473,1.71186420675262,63.5411089133486,94.7588284788529,TRUE,TRUE,TRUE
"nonutrition_age_3","6-11",7.5,-0.229625641474373,0.0264135676964538,-0.281396234159422,-0.177855048789324,0.0164865959077473,1.71186420675262,63.5411089133486,94.7588284788529,TRUE,TRUE,TRUE
"nonutrition_age_3","6-11",8,-0.219139766575436,0.0250128352090945,-0.268164923585261,-0.17011460956561,0.0164865959077473,1.71186420675262,63.5411089133486,94.7588284788529,TRUE,TRUE,TRUE
"nonutrition_age_3","6-11",8.5,-0.20872715148314,0.0236364670253352,-0.255054626852797,-0.162399676113483,0.0164865959077473,1.71186420675262,63.5411089133486,94.7588284788529,TRUE,TRUE,TRUE
"nonutrition_age_3","6-11",9,-0.198392384390862,0.0222856410248304,-0.242072240799529,-0.154712527982194,0.0164865959077473,1.71186420675262,63.5411089133486,94.7588284788529,TRUE,TRUE,TRUE
"nonutrition_age_3","6-11",9.5,-0.188140053491978,0.020961477077,-0.229224548562898,-0.147055558421058,0.0164865959077473,1.71186420675262,63.5411089133486,94.7588284788529,TRUE,TRUE,TRUE
"nonutrition_age_3","6-11",10,-0.177974746979864,0.0196650289474808,-0.216518203716927,-0.139431290242802,0.0164865959077473,1.71186420675262,63.5411089133486,94.7588284788529,TRUE,TRUE,TRUE
"nonutrition_age_3","6-11",10.5,-0.167901053047898,0.0183972751037573,-0.203959712251262,-0.131842393844534,0.0164865959077473,1.71186420675262,63.5411089133486,94.7588284788529,TRUE,TRUE,TRUE
"nonutrition_age_3","6-11",11,-0.157923559889455,0.0171591082831117,-0.191555412124354,-0.124291707654556,0.0164865959077473,1.71186420675262,63.5411089133486,94.7588284788529,TRUE,TRUE,TRUE
"nonutrition_age_3","6-11",11.5,-0.148046855697911,0.0159513236785465,-0.179311450107862,-0.11678226128796,0.0164865959077473,1.71186420675262,63.5411089133486,94.7588284788529,TRUE,TRUE,TRUE
"nonutrition_age_3","6-11",12,-0.138275528666643,0.0147746055948115,-0.167233755632474,-0.109317301700813,0.0164865959077473,1.71186420675262,63.5411089133486,94.7588284788529,TRUE,TRUE,TRUE
"nonutrition_age_3","6-11",12.5,-0.128614166989028,0.0136295124293367,-0.155328011350528,-0.101900322627528,0.0164865959077473,1.71186420675262,63.5411089133486,94.7588284788529,TRUE,TRUE,TRUE
"nonutrition_age_3","6-11",13,-0.119067358858441,0.0125164598446614,-0.143599620153978,-0.094535097562905,0.0164865959077473,1.71186420675262,63.5411089133486,94.7588284788529,TRUE,TRUE,TRUE
"nonutrition_age_3","6-11",13.5,-0.10963969246826,0.0114357020235787,-0.132053668434474,-0.0872257165020455,0.0164865959077473,1.71186420675262,63.5411089133486,94.7588284788529,TRUE,TRUE,TRUE
"nonutrition_age_3","6-11",14,-0.10033575601186,0.0103873109402218,-0.120694885454694,-0.0799766265690249,0.0164865959077473,1.71186420675262,63.5411089133486,94.7588284788529,TRUE,TRUE,TRUE
"nonutrition_age_3","6-11",14.5,-0.0911601376826171,0.00937115364496763,-0.109527598826754,-0.0727926765384806,0.0164865959077473,1.71186420675262,63.5411089133486,94.7588284788529,TRUE,TRUE,TRUE
"nonutrition_age_3","6-11",15,-0.0821174256739088,0.00838686765406721,-0.0985556862758805,-0.0656791650719371,0.0164865959077473,1.71186420675262,63.5411089133486,94.7588284788529,TRUE,TRUE,TRUE
"nonutrition_age_3","6-11",15.5,-0.073212208179111,0.00743383466193328,-0.0877825241165002,-0.0586418922417217,0.0164865959077473,1.71186420675262,63.5411089133486,94.7588284788529,TRUE,TRUE,TRUE
"nonutrition_age_3","6-11",16,-0.0644490733915999,0.00651115295957631,-0.0772109331923695,-0.0516872135908304,0.0164865959077473,1.71186420675262,63.5411089133486,94.7588284788529,TRUE,TRUE,TRUE
"nonutrition_age_3","6-11",16.5,-0.0558326095047522,0.00561760914881438,-0.0668431234364283,-0.044822095573076,0.0164865959077473,1.71186420675262,63.5411089133486,94.7588284788529,TRUE,TRUE,TRUE
"nonutrition_age_3","6-11",17,-0.0473674047119438,0.00475164998634125,-0.0566806386851727,-0.038054170738715,0.0164865959077473,1.71186420675262,63.5411089133486,94.7588284788529,TRUE,TRUE,TRUE
"nonutrition_age_3","6-11",17.5,-0.0390580472065515,0.00391135546631397,-0.0467243039205269,-0.0313917904925762,0.0164865959077473,1.71186420675262,63.5411089133486,94.7588284788529,TRUE,TRUE,TRUE
"nonutrition_age_3","6-11",18,-0.0309091251819514,0.00309441454153063,-0.0369741776833514,-0.0248440726805514,0.0164865959077473,1.71186420675262,63.5411089133486,94.7588284788529,TRUE,TRUE,TRUE
"nonutrition_age_3","6-11",18.5,-0.02292522683152,0.0022981051892135,-0.0274295130023785,-0.0184209406606616,0.0164865959077473,1.71186420675262,63.5411089133486,94.7588284788529,TRUE,TRUE,TRUE
"nonutrition_age_3","6-11",19,-0.0151109403486336,0.00151928099105948,-0.0180887310911102,-0.012133149606157,0.0164865959077473,1.71186420675262,63.5411089133486,94.7588284788529,TRUE,TRUE,TRUE
"nonutrition_age_3","6-11",19.5,-0.00746968680323747,0.000754413548267304,-0.00894833735784139,-0.00599103624863356,0.0164865959077473,1.71186420675262,63.5411089133486,94.7588284788529,TRUE,TRUE,TRUE
"nonutrition_age_3","6-11",20,0,0,0,0,0.0164865959077473,1.71186420675262,63.5411089133486,94.7588284788529,TRUE,TRUE,TRUE
"nonutrition_age_3","6-11",20.5,0.00730086530443893,0.000747106964530959,0.00583653565395825,0.00876519495491961,0.0164865959077473,1.71186420675262,63.5411089133486,94.7588284788529,TRUE,TRUE,TRUE
"nonutrition_age_3","6-11",21,0.0144356543577855,0.0014896694489557,0.0115159022378323,0.0173554064777386,0.0164865959077473,1.71186420675262,63.5411089133486,94.7588284788529,TRUE,TRUE,TRUE
"nonutrition_age_3","6-11",21.5,0.0214071124077458,0.00223005952090736,0.0170361957467673,0.0257780290687242,0.0164865959077473,1.71186420675262,63.5411089133486,94.7588284788529,TRUE,TRUE,TRUE
"nonutrition_age_3","6-11",22,0.0282179847020263,0.00297026114199536,0.0223962728637154,0.0340396965403372,0.0164865959077473,1.71186420675262,63.5411089133486,94.7588284788529,TRUE,TRUE,TRUE
"nonutrition_age_3","6-11",22.5,0.0348710164883332,0.00371187807591567,0.0275957354595385,0.0421462975171279,0.0164865959077473,1.71186420675262,63.5411089133486,94.7588284788529,TRUE,TRUE,TRUE
"nonutrition_age_3","6-11",23,0.0413689530143726,0.00445614683367065,0.0326349052203781,0.0501030008083671,0.0164865959077473,1.71186420675262,63.5411089133486,94.7588284788529,TRUE,TRUE,TRUE
"nonutrition_age_3","6-11",23.5,0.0477145395278509,0.00520395364391036,0.0375147903857866,0.0579142886699152,0.0164865959077473,1.71186420675262,63.5411089133486,94.7588284788529,TRUE,TRUE,TRUE
"nonutrition_age_3","6-11",24,0.0539105212764742,0.00595585444209332,0.0422370465699713,0.0655839959829771,0.0164865959077473,1.71186420675262,63.5411089133486,94.7588284788529,TRUE,TRUE,TRUE
"nonutrition_age_3","6-11",24.5,0.0599596435079488,0.00671209693699767,0.0468039335114333,0.0731153535044642,0.0164865959077473,1.71186420675262,63.5411089133486,94.7588284788529,TRUE,TRUE,TRUE
"nonutrition_age_3","6-11",25,0.0658646514699808,0.00747264391824124,0.051218269390228,0.0805110335497337,0.0164865959077473,1.71186420675262,63.5411089133486,94.7588284788529,TRUE,TRUE,TRUE
"nonutrition_age_3","6-11",25.5,0.0716282904102767,0.00823719709631769,0.055483384101494,0.0877731967190594,0.0164865959077473,1.71186420675262,63.5411089133486,94.7588284788529,TRUE,TRUE,TRUE
"nonutrition_age_3","6-11",26,0.0772533055765426,0.00900522090254573,0.0596030726075529,0.0949035385455322,0.0164865959077473,1.71186420675262,63.5411089133486,94.7588284788529,TRUE,TRUE,TRUE
"nonutrition_age_3","6-11",26.5,0.0827424422164846,0.00977596580918031,0.0635815492304912,0.101903335202478,0.0164865959077473,1.71186420675262,63.5411089133486,94.7588284788529,TRUE,TRUE,TRUE
"nonutrition_age_3","6-11",27,0.0880984455778092,0.0105484908522793,0.0674234035073417,0.108773487648277,0.0164865959077473,1.71186420675262,63.5411089133486,94.7588284788529,TRUE,TRUE,TRUE
"nonutrition_age_3","6-11",27.5,0.0933240609082224,0.0113216851474598,0.0711335580192012,0.115514563797244,0.0164865959077473,1.71186420675262,63.5411089133486,94.7588284788529,TRUE,TRUE,TRUE
"nonutrition_age_3","6-11",28,0.0984220334554306,0.0120942882796446,0.0747172284273271,0.122126838483534,0.0164865959077473,1.71186420675262,63.5411089133486,94.7588284788529,TRUE,TRUE,TRUE
"nonutrition_age_3","6-11",28.5,0.10339510846714,0.012864909522357,0.0781798858033203,0.12861033113096,0.0164865959077473,1.71186420675262,63.5411089133486,94.7588284788529,TRUE,TRUE,TRUE
"nonutrition_age_3","6-11",29,0.108246031191057,0.013632045901337,0.0815272212244361,0.134964841157677,0.0164865959077473,1.71186420675262,63.5411089133486,94.7588284788529,TRUE,TRUE,TRUE
"nonutrition_age_3","6-11",29.5,0.112977546874887,0.0143940991631886,0.0847651125150374,0.141189981234737,0.0164865959077473,1.71186420675262,63.5411089133486,94.7588284788529,TRUE,TRUE,TRUE
"nonutrition_age_3","6-11",30,0.117592400766337,0.015149391744682,0.0878995929467605,0.147285208585914,0.0164865959077473,1.71186420675262,63.5411089133486,94.7588284788529,TRUE,TRUE,TRUE
"nonutrition_age_3","6-11",30.5,0.122093338113114,0.0158961818645481,0.0909368216585994,0.153249854567628,0.0164865959077473,1.71186420675262,63.5411089133486,94.7588284788529,TRUE,TRUE,TRUE
"nonutrition_age_3","6-11",31,0.126483104162922,0.0166326778792911,0.0938830555195116,0.159083152806333,0.0164865959077473,1.71186420675262,63.5411089133486,94.7588284788529,TRUE,TRUE,TRUE
"nonutrition_age_3","6-11",31.5,0.13076444416347,0.0173570520597085,0.096744622126441,0.164784266200498,0.0164865959077473,1.71186420675262,63.5411089133486,94.7588284788529,TRUE,TRUE,TRUE
"nonutrition_age_3","6-11",32,0.134940103362462,0.0180674539571806,0.0995278936063877,0.170352313118536,0.0164865959077473,1.71186420675262,63.5411089133486,94.7588284788529,TRUE,TRUE,TRUE
"nonutrition_age_3","6-11",32.5,0.139012827007605,0.0187620235399143,0.102239260869373,0.175786393145837,0.0164865959077473,1.71186420675262,63.5411089133486,94.7588284788529,TRUE,TRUE,TRUE
"nonutrition_age_3","6-11",33,0.142985360346605,0.0194389042904862,0.104885107937252,0.181085612755958,0.0164865959077473,1.71186420675262,63.5411089133486,94.7588284788529,TRUE,TRUE,TRUE
"nonutrition_age_3","6-11",33.5,0.146860448627169,0.0200962564684006,0.107471785949104,0.186249111305234,0.0164865959077473,1.71186420675262,63.5411089133486,94.7588284788529,TRUE,TRUE,TRUE
"nonutrition_age_3","6-11",34,0.150640837097003,0.020732270755944,0.110005586415353,0.191276087778653,0.0164865959077473,1.71186420675262,63.5411089133486,94.7588284788529,TRUE,TRUE,TRUE
"nonutrition_age_3","6-11",34.5,0.154329271003812,0.0213451825233092,0.112492713258126,0.196165828749498,0.0164865959077473,1.71186420675262,63.5411089133486,94.7588284788529,TRUE,TRUE,TRUE
"nonutrition_age_3","6-11",35,0.157928495595304,0.0219332869706081,0.114939253132912,0.200917738057696,0.0164865959077473,1.71186420675262,63.5411089133486,94.7588284788529,TRUE,TRUE,TRUE
"nonutrition_age_3","6-11",35.5,0.161441256119185,0.0224949554307784,0.117351143474859,0.20553136876351,0.0164865959077473,1.71186420675262,63.5411089133486,94.7588284788529,TRUE,TRUE,TRUE
"nonutrition_age_3","6-11",36,0.16487029782316,0.0230286531492251,0.119734137650678,0.210006457995641,0.0164865959077473,1.71186420675262,63.5411089133486,94.7588284788529,TRUE,TRUE,TRUE
"nonutrition_age_3","6-11",36.5,0.168218365954936,0.0235329588939494,0.122093766522795,0.214342965387076,0.0164865959077473,1.71186420675262,63.5411089133486,94.7588284788529,TRUE,TRUE,TRUE
"nonutrition_age_3","6-11",37,0.171488205762219,0.0240065867943582,0.124435295645277,0.218541115879161,0.0164865959077473,1.71186420675262,63.5411089133486,94.7588284788529,TRUE,TRUE,TRUE
"nonutrition_age_3","6-11",37.5,0.174682562492715,0.0244484108580946,0.12676367721085,0.222601447774581,0.0164865959077473,1.71186420675262,63.5411089133486,94.7588284788529,TRUE,TRUE,TRUE
"nonutrition_age_3","6-11",38,0.177804181394131,0.0248574926727748,0.129083495755493,0.22652486703277,0.0164865959077473,1.71186420675262,63.5411089133486,94.7588284788529,TRUE,TRUE,TRUE
"nonutrition_age_3","6-11",38.5,0.180855713617285,0.0252334205418334,0.131398209355291,0.230313217879278,0.0164865959077473,1.71186420675262,63.5411089133486,94.7588284788529,TRUE,TRUE,TRUE
"nonutrition_age_3","6-11",39,0.183839142705119,0.0255781614532026,0.133705946256841,0.233972339153396,0.0164865959077473,1.71186420675262,63.5411089133486,94.7588284788529,TRUE,TRUE,TRUE
"nonutrition_age_3","6-11",39.5,0.186756163528923,0.0258946918037127,0.136002567593646,0.237509759464199,0.0164865959077473,1.71186420675262,63.5411089133486,94.7588284788529,TRUE,TRUE,TRUE
"nonutrition_age_3","6-11",40,0.189608469809766,0.0261860073113598,0.138283895479501,0.240933044140031,0.0164865959077473,1.71186420675262,63.5411089133486,94.7588284788529,TRUE,TRUE,TRUE
"nonutrition_age_3","6-11",40.5,0.192397755268717,0.0264550981100355,0.140545762973047,0.244249747564386,0.0164865959077473,1.71186420675262,63.5411089133486,94.7588284788529,TRUE,TRUE,TRUE
"nonutrition_age_3","6-11",41,0.195125713626845,0.0267049284485659,0.142784053867655,0.247467373386034,0.0164865959077473,1.71186420675262,63.5411089133486,94.7588284788529,TRUE,TRUE,TRUE
"nonutrition_age_3","6-11",41.5,0.197794038605218,0.0269384167997968,0.144994741677616,0.25059333553282,0.0164865959077473,1.71186420675262,63.5411089133486,94.7588284788529,TRUE,TRUE,TRUE
"nonutrition_age_3","6-11",42,0.200404423924906,0.0271584161677712,0.147173928236074,0.253634919613737,0.0164865959077473,1.71186420675262,63.5411089133486,94.7588284788529,TRUE,TRUE,TRUE
"nonutrition_age_3","6-11",42.5,0.202958563306977,0.0273676945175395,0.1493178820526,0.256599244561354,0.0164865959077473,1.71186420675262,63.5411089133486,94.7588284788529,TRUE,TRUE,TRUE
"nonutrition_age_3","6-11",43,0.2054581504725,0.0275689153688812,0.151423076349493,0.259493224595507,0.0164865959077473,1.71186420675262,63.5411089133486,94.7588284788529,TRUE,TRUE,TRUE
"nonutrition_age_3","6-11",43.5,0.207904879142544,0.0277646186956702,0.15348622649903,0.262323531786057,0.0164865959077473,1.71186420675262,63.5411089133486,94.7588284788529,TRUE,TRUE,TRUE
"nonutrition_age_3","6-11",44,0.210300443038177,0.0279572023576857,0.155504326417113,0.265096559659241,0.0164865959077473,1.71186420675262,63.5411089133486,94.7588284788529,TRUE,TRUE,TRUE
"nonutrition_age_3","6-11",44.5,0.212646535880469,0.0281489043605807,0.157474683333731,0.267818388427207,0.0164865959077473,1.71186420675262,63.5411089133486,94.7588284788529,TRUE,TRUE,TRUE
"nonutrition_age_3","6-11",45,0.214944851390489,0.0283417862906771,0.159394950260761,0.270494752520216,0.0164865959077473,1.71186420675262,63.5411089133486,94.7588284788529,TRUE,TRUE,TRUE
"nonutrition_age_3","6-11",45.5,0.217197083289304,0.028537718302188,0.161263155417015,0.273131011161592,0.0164865959077473,1.71186420675262,63.5411089133486,94.7588284788529,TRUE,TRUE,TRUE
"nonutrition_age_3","6-11",46,0.219404925297984,0.0287383660435639,0.163077727852599,0.27573212274337,0.0164865959077473,1.71186420675262,63.5411089133486,94.7588284788529,TRUE,TRUE,TRUE
"nonutrition_age_3","6-11",46.5,0.221570071137598,0.0289451798959999,0.164837518541439,0.278302623733758,0.0164865959077473,1.71186420675262,63.5411089133486,94.7588284788529,TRUE,TRUE,TRUE
"nonutrition_age_3","6-11",47,0.223694214529215,0.0291593868610529,0.166541816281551,0.280846612776879,0.0164865959077473,1.71186420675262,63.5411089133486,94.7588284788529,TRUE,TRUE,TRUE
"nonutrition_age_3","6-11",47.5,0.225779049193903,0.0293819853776857,0.168190357853639,0.283367740534167,0.0164865959077473,1.71186420675262,63.5411089133486,94.7588284788529,TRUE,TRUE,TRUE
"nonutrition_age_3","6-11",48,0.227826268852732,0.0296137432753423,0.169783332033061,0.285869205672402,0.0164865959077473,1.71186420675262,63.5411089133486,94.7588284788529,TRUE,TRUE,TRUE
"nonutrition_age_3","6-11",48.5,0.229837567226769,0.0298551989837352,0.171321377218648,0.28835375723489,0.0164865959077473,1.71186420675262,63.5411089133486,94.7588284788529,TRUE,TRUE,TRUE
"nonutrition_age_3","6-11",49,0.231814638037084,0.0301066660277907,0.172805572622614,0.290823703451554,0.0164865959077473,1.71186420675262,63.5411089133486,94.7588284788529,TRUE,TRUE,TRUE
"nonutrition_age_3","6-11",49.5,0.233759175004746,0.030368240744029,0.174237423146449,0.293280926863043,0.0164865959077473,1.71186420675262,63.5411089133486,94.7588284788529,TRUE,TRUE,TRUE
"nonutrition_age_3","6-11",50,0.235672871850823,0.0306398130688155,0.175618838235945,0.295726905465702,0.0164865959077473,1.71186420675262,63.5411089133486,94.7588284788529,TRUE,TRUE,TRUE
"nonutrition_age_3","6-11",50.5,0.237557422296385,0.0309210801749258,0.176952105153531,0.29816273943924,0.0164865959077473,1.71186420675262,63.5411089133486,94.7588284788529,TRUE,TRUE,TRUE
"nonutrition_age_3","6-11",51,0.2394145200625,0.0312115626750368,0.178239857219428,0.300589182905572,0.0164865959077473,1.71186420675262,63.5411089133486,94.7588284788529,TRUE,TRUE,TRUE
"nonutrition_age_3","6-11",51.5,0.241245858870237,0.0315106230718374,0.179485037649436,0.303006680091038,0.0164865959077473,1.71186420675262,63.5411089133486,94.7588284788529,TRUE,TRUE,TRUE
"nonutrition_age_3","6-11",52,0.243053132440664,0.0318174861155416,0.180690859654203,0.305415405227126,0.0164865959077473,1.71186420675262,63.5411089133486,94.7588284788529,TRUE,TRUE,TRUE
"nonutrition_age_3","6-11",52.5,0.244838034494851,0.0321312607301454,0.181860763463766,0.307815305525936,0.0164865959077473,1.71186420675262,63.5411089133486,94.7588284788529,TRUE,TRUE,TRUE
"nonutrition_age_3","6-11",53,0.246602258753867,0.0324509631879168,0.18299837090555,0.310206146602184,0.0164865959077473,1.71186420675262,63.5411089133486,94.7588284788529,TRUE,TRUE,TRUE
"nonutrition_age_3","6-11",53.5,0.24834749893878,0.0327755412444143,0.184107438099728,0.312587559777832,0.0164865959077473,1.71186420675262,63.5411089133486,94.7588284788529,TRUE,TRUE,TRUE
"nonutrition_age_3","6-11",54,0.250075448770659,0.0331038989902409,0.185191806749787,0.314959090791531,0.0164865959077473,1.71186420675262,63.5411089133486,94.7588284788529,TRUE,TRUE,TRUE
"nonutrition_age_3","6-11",54.5,0.251787801970573,0.0334349222269407,0.186255354405769,0.317320249535376,0.0164865959077473,1.71186420675262,63.5411089133486,94.7588284788529,TRUE,TRUE,TRUE
"nonutrition_age_3","6-11",55,0.25348625225959,0.033767504229175,0.187301943970407,0.319670560548773,0.0164865959077473,1.71186420675262,63.5411089133486,94.7588284788529,TRUE,TRUE,TRUE
"nonutrition_age_3","6-11",55.5,0.25517249335878,0.0341005718101183,0.188335372610948,0.322009614106612,0.0164865959077473,1.71186420675262,63.5411089133486,94.7588284788529,TRUE,TRUE,TRUE
"nonutrition_age_3","6-11",56,0.256848218989211,0.0344331116588641,0.189359320137838,0.324337117840585,0.0164865959077473,1.71186420675262,63.5411089133486,94.7588284788529,TRUE,TRUE,TRUE
"nonutrition_age_3","6-11",56.5,0.258515122871953,0.0347641969649504,0.19037729682065,0.326652948923256,0.0164865959077473,1.71186420675262,63.5411089133486,94.7588284788529,TRUE,TRUE,TRUE
"nonutrition_age_3","6-11",57,0.260174898728073,0.0350930143837925,0.19139259053584,0.328957206920306,0.0164865959077473,1.71186420675262,63.5411089133486,94.7588284788529,TRUE,TRUE,TRUE
"nonutrition_age_3","6-11",57.5,0.261829240177414,0.0354188914823093,0.192408212872088,0.331250267482741,0.0164865959077473,1.71186420675262,63.5411089133486,94.7588284788529,TRUE,TRUE,TRUE
"nonutrition_age_3","6-11",58,0.263479504323136,0.0357415132714082,0.193426138311176,0.333532870335096,0.0164865959077473,1.71186420675262,63.5411089133486,94.7588284788529,TRUE,TRUE,TRUE
"nonutrition_age_3","6-11",58.5,0.265125961797597,0.036061375050664,0.194445666698296,0.335806256896899,0.0164865959077473,1.71186420675262,63.5411089133486,94.7588284788529,TRUE,TRUE,TRUE
"nonutrition_age_3","6-11",59,0.266768664379805,0.0363793068866742,0.195465222881923,0.338072105877686,0.0164865959077473,1.71186420675262,63.5411089133486,94.7588284788529,TRUE,TRUE,TRUE
"nonutrition_age_3","6-11",59.5,0.268407663848765,0.036696333860197,0.196482849482779,0.340332478214751,0.0164865959077473,1.71186420675262,63.5411089133486,94.7588284788529,TRUE,TRUE,TRUE
"nonutrition_age_3","6-11",60,0.270043011983486,0.0370136573940163,0.197496243491214,0.342589780475758,0.0164865959077473,1.71186420675262,63.5411089133486,94.7588284788529,TRUE,TRUE,TRUE
"nonutrition_age_3","6-11",60.5,0.271674760562973,0.0373326374106672,0.198502791238065,0.34484672988788,0.0164865959077473,1.71186420675262,63.5411089133486,94.7588284788529,TRUE,TRUE,TRUE
"nonutrition_age_3","6-11",61,0.273302961366233,0.0376547750829802,0.199499602203592,0.347106320528874,0.0164865959077473,1.71186420675262,63.5411089133486,94.7588284788529,TRUE,TRUE,TRUE
"nonutrition_age_3","6-11",61.5,0.274927666172274,0.0379816959658781,0.200483542079153,0.349371790265395,0.0164865959077473,1.71186420675262,63.5411089133486,94.7588284788529,TRUE,TRUE,TRUE
"nonutrition_age_3","6-11",62,0.276548926760102,0.0383151333287645,0.201451265435724,0.351646588084481,0.0164865959077473,1.71186420675262,63.5411089133486,94.7588284788529,TRUE,TRUE,TRUE
"nonutrition_age_3","6-11",62.5,0.278166794908724,0.0386569115432371,0.20239924828398,0.353934341533469,0.0164865959077473,1.71186420675262,63.5411089133486,94.7588284788529,TRUE,TRUE,TRUE
"nonutrition_age_3","6-11",63,0.279781322397147,0.0390089294199648,0.203323820734016,0.356238824060278,0.0164865959077473,1.71186420675262,63.5411089133486,94.7588284788529,TRUE,TRUE,TRUE
"nonutrition_age_3","6-11",63.5,0.281392561004377,0.0393731434305455,0.204221199880508,0.358563922128247,0.0164865959077473,1.71186420675262,63.5411089133486,94.7588284788529,TRUE,TRUE,TRUE
"nonutrition_age_3","6-11",63.5411089133486,0.281524888821437,0.0394036923628851,0.204293651790182,0.358756125852691,0.0164865959077473,1.71186420675262,63.5411089133486,94.7588284788529,TRUE,TRUE,TRUE
"nonutrition_age_3","6-11",64,0.283000562509422,0.0397515507940428,0.205087522953098,0.360913602065746,0.0164865959077473,1.71186420675262,63.5411089133486,94.7588284788529,TRUE,FALSE,TRUE
"nonutrition_age_3","6-11",64.5,0.284605378691288,0.0401461724525016,0.205918880684385,0.363291876698191,0.0164865959077473,1.71186420675262,63.5411089133486,94.7588284788529,TRUE,FALSE,TRUE
"nonutrition_age_3","6-11",65,0.286207061328982,0.0405590360036263,0.206711350761874,0.365702771896089,0.0164865959077473,1.71186420675262,63.5411089133486,94.7588284788529,TRUE,FALSE,TRUE
"nonutrition_age_3","6-11",65.5,0.287805662201511,0.0409921587003205,0.207461031148883,0.368150293254139,0.0164865959077473,1.71186420675262,63.5411089133486,94.7588284788529,TRUE,FALSE,TRUE
"nonutrition_age_3","6-11",66,0.289401233087881,0.0414475306641195,0.208164072986207,0.370638393189555,0.0164865959077473,1.71186420675262,63.5411089133486,94.7588284788529,TRUE,FALSE,TRUE
"nonutrition_age_3","6-11",66.5,0.2909938257671,0.0419270984908275,0.208816712725078,0.373170938809122,0.0164865959077473,1.71186420675262,63.5411089133486,94.7588284788529,TRUE,FALSE,TRUE
"nonutrition_age_3","6-11",67,0.292583492018174,0.042432749450138,0.209415303095904,0.375751680940445,0.0164865959077473,1.71186420675262,63.5411089133486,94.7588284788529,TRUE,FALSE,TRUE
"nonutrition_age_3","6-11",67.5,0.294170283620111,0.0429662964951483,0.20995634248962,0.378384224750601,0.0164865959077473,1.71186420675262,63.5411089133486,94.7588284788529,TRUE,FALSE,TRUE
"nonutrition_age_3","6-11",68,0.295754252351916,0.0435294643013807,0.21043650232121,0.381072002382622,0.0164865959077473,1.71186420675262,63.5411089133486,94.7588284788529,TRUE,FALSE,TRUE
"nonutrition_age_3","6-11",68.5,0.297335449992597,0.0441238765476561,0.210852651959191,0.383818248026003,0.0164865959077473,1.71186420675262,63.5411089133486,94.7588284788529,TRUE,FALSE,TRUE
"nonutrition_age_3","6-11",69,0.29891392832116,0.0447510446330609,0.211201880840361,0.386625975801959,0.0164865959077473,1.71186420675262,63.5411089133486,94.7588284788529,TRUE,FALSE,TRUE
"nonutrition_age_3","6-11",69.5,0.300489739116613,0.0454123579961145,0.211481517444228,0.389497960788997,0.0164865959077473,1.71186420675262,63.5411089133486,94.7588284788529,TRUE,FALSE,TRUE
"nonutrition_age_3","6-11",70,0.302062934157962,0.0461090761655909,0.211689144873404,0.39243672344252,0.0164865959077473,1.71186420675262,63.5411089133486,94.7588284788529,TRUE,FALSE,TRUE
"nonutrition_age_3","6-11",70.5,0.303633565224214,0.0468423226293338,0.21182261287072,0.395444517577708,0.0164865959077473,1.71186420675262,63.5411089133486,94.7588284788529,TRUE,FALSE,TRUE
"nonutrition_age_3","6-11",71,0.305201684094376,0.0476130805603175,0.211880046196153,0.398523321992598,0.0164865959077473,1.71186420675262,63.5411089133486,94.7588284788529,TRUE,FALSE,TRUE
"nonutrition_age_3","6-11",71.5,0.306767342547454,0.0484221903908237,0.211859849381439,0.401674835713468,0.0164865959077473,1.71186420675262,63.5411089133486,94.7588284788529,TRUE,FALSE,TRUE
"nonutrition_age_3","6-11",72,0.308330592362456,0.0492703491786179,0.211760707972365,0.404900476752547,0.0164865959077473,1.71186420675262,63.5411089133486,94.7588284788529,TRUE,FALSE,TRUE
"nonutrition_age_3","6-11",72.5,0.309891485318388,0.0501581116658587,0.211581586453305,0.408201384183471,0.0164865959077473,1.71186420675262,63.5411089133486,94.7588284788529,TRUE,FALSE,TRUE
"nonutrition_age_3","6-11",73,0.311450073194257,0.0510858928942023,0.21132172312162,0.411578423266893,0.0164865959077473,1.71186420675262,63.5411089133486,94.7588284788529,TRUE,FALSE,TRUE
"nonutrition_age_3","6-11",73.5,0.31300640776907,0.0520539722096788,0.210980622238099,0.41503219330004,0.0164865959077473,1.71186420675262,63.5411089133486,94.7588284788529,TRUE,FALSE,TRUE
"nonutrition_age_3","6-11",74,0.314560540821833,0.0530624984693147,0.210558043821976,0.41856303782169,0.0164865959077473,1.71186420675262,63.5411089133486,94.7588284788529,TRUE,FALSE,TRUE
"nonutrition_age_3","6-11",74.5,0.316112524131554,0.0541114962484412,0.210053991484609,0.422171056778499,0.0164865959077473,1.71186420675262,63.5411089133486,94.7588284788529,TRUE,FALSE,TRUE
"nonutrition_age_3","6-11",75,0.317662409477239,0.0552008728428904,0.209468698705174,0.425856120249304,0.0164865959077473,1.71186420675262,63.5411089133486,94.7588284788529,TRUE,FALSE,TRUE
"nonutrition_age_3","6-11",75.5,0.319210248637896,0.0563304258631024,0.208802613946215,0.429617883329577,0.0164865959077473,1.71186420675262,63.5411089133486,94.7588284788529,TRUE,FALSE,TRUE
"nonutrition_age_3","6-11",76,0.32075609339253,0.0574998512264644,0.20805638498866,0.4334558017964,0.0164865959077473,1.71186420675262,63.5411089133486,94.7588284788529,TRUE,FALSE,TRUE
"nonutrition_age_3","6-11",76.5,0.322299995520149,0.0587087513686752,0.207230842837546,0.437369148202753,0.0164865959077473,1.71186420675262,63.5411089133486,94.7588284788529,TRUE,FALSE,TRUE
"nonutrition_age_3","6-11",77,0.32384200679976,0.059956643513208,0.206326985513872,0.441357028085648,0.0164865959077473,1.71186420675262,63.5411089133486,94.7588284788529,TRUE,FALSE,TRUE
"nonutrition_age_3","6-11",77.5,0.325382179010369,0.0612429678586498,0.205345962007415,0.445418396013323,0.0164865959077473,1.71186420675262,63.5411089133486,94.7588284788529,TRUE,FALSE,TRUE
"nonutrition_age_3","6-11",78,0.326920563930983,0.0625670955655935,0.20428905662242,0.449552071239547,0.0164865959077473,1.71186420675262,63.5411089133486,94.7588284788529,TRUE,FALSE,TRUE
"nonutrition_age_3","6-11",78.5,0.328457213340609,0.0639283364467535,0.203157673904973,0.453756752776246,0.0164865959077473,1.71186420675262,63.5411089133486,94.7588284788529,TRUE,FALSE,TRUE
"nonutrition_age_3","6-11",79,0.329992179018255,0.0653259462851901,0.201953324299282,0.458031033737227,0.0164865959077473,1.71186420675262,63.5411089133486,94.7588284788529,TRUE,FALSE,TRUE
"nonutrition_age_3","6-11",79.5,0.331525512742925,0.0667591337252964,0.200677610641344,0.462373414844506,0.0164865959077473,1.71186420675262,63.5411089133486,94.7588284788529,TRUE,FALSE,TRUE
"nonutrition_age_3","6-11",80,0.333057266293628,0.0682270666990522,0.199332215563486,0.466782317023771,0.0164865959077473,1.71186420675262,63.5411089133486,94.7588284788529,TRUE,FALSE,TRUE
"nonutrition_age_3","6-11",80.5,0.334587491449371,0.06972887836572,0.197918889852559,0.471256093046182,0.0164865959077473,1.71186420675262,63.5411089133486,94.7588284788529,TRUE,FALSE,TRUE
"nonutrition_age_3","6-11",81,0.336116239989159,0.071263672556521,0.196439441778378,0.47579303819994,0.0164865959077473,1.71186420675262,63.5411089133486,94.7588284788529,TRUE,FALSE,TRUE
"nonutrition_age_3","6-11",81.5,0.337643563692,0.072830528726899,0.194895727387278,0.480391399996722,0.0164865959077473,1.71186420675262,63.5411089133486,94.7588284788529,TRUE,FALSE,TRUE
"nonutrition_age_3","6-11",82,0.339169514336901,0.0744285064278608,0.193289641738294,0.485049386935509,0.0164865959077473,1.71186420675262,63.5411089133486,94.7588284788529,TRUE,FALSE,TRUE
"nonutrition_age_3","6-11",82.5,0.340694143702869,0.0760566493147542,0.191623111045951,0.489765176359787,0.0164865959077473,1.71186420675262,63.5411089133486,94.7588284788529,TRUE,FALSE,TRUE
"nonutrition_age_3","6-11",83,0.34221750356891,0.0777139887169084,0.189898085683769,0.49453692145405,0.0164865959077473,1.71186420675262,63.5411089133486,94.7588284788529,TRUE,FALSE,TRUE
"nonutrition_age_3","6-11",83.5,0.343739645714031,0.0793995467950681,0.188116533995697,0.499362757432364,0.0164865959077473,1.71186420675262,63.5411089133486,94.7588284788529,TRUE,FALSE,TRUE
"nonutrition_age_3","6-11",84,0.345260621917239,0.0811123393157277,0.186280436858412,0.504240806976065,0.0164865959077473,1.71186420675262,63.5411089133486,94.7588284788529,TRUE,FALSE,TRUE
"nonutrition_age_3","6-11",84.5,0.34678048395754,0.0828513780725514,0.18439178293534,0.509169184979741,0.0164865959077473,1.71186420675262,63.5411089133486,94.7588284788529,TRUE,FALSE,TRUE
"nonutrition_age_3","6-11",85,0.348299283613943,0.0846156729852651,0.182452564562823,0.514146002665062,0.0164865959077473,1.71186420675262,63.5411089133486,94.7588284788529,TRUE,FALSE,TRUE
"nonutrition_age_3","6-11",85.5,0.349817072665452,0.0864042339059136,0.180464774209862,0.519169371121043,0.0164865959077473,1.71186420675262,63.5411089133486,94.7588284788529,TRUE,FALSE,TRUE
"nonutrition_age_3","6-11",86,0.351333902891076,0.0882160721613652,0.1784304014548,0.524237404327352,0.0164865959077473,1.71186420675262,63.5411089133486,94.7588284788529,TRUE,FALSE,TRUE
"nonutrition_age_3","6-11",86.5,0.352849826069821,0.0900502018595593,0.176351430425085,0.529348221714557,0.0164865959077473,1.71186420675262,63.5411089133486,94.7588284788529,TRUE,FALSE,TRUE
"nonutrition_age_3","6-11",87,0.354364893980694,0.0919056409853514,0.174229837649405,0.534499950311983,0.0164865959077473,1.71186420675262,63.5411089133486,94.7588284788529,TRUE,FALSE,TRUE
"nonutrition_age_3","6-11",87.5,0.355879158402701,0.0937814123100118,0.172067590275078,0.539690726530324,0.0164865959077473,1.71186420675262,63.5411089133486,94.7588284788529,TRUE,FALSE,TRUE
"nonutrition_age_3","6-11",88,0.35739267111485,0.0956765441365598,0.169866644607193,0.544918697622507,0.0164865959077473,1.71186420675262,63.5411089133486,94.7588284788529,TRUE,FALSE,TRUE
"nonutrition_age_3","6-11",88.5,0.358905483896147,0.0975900709012266,0.167628944929743,0.550182022862551,0.0164865959077473,1.71186420675262,63.5411089133486,94.7588284788529,TRUE,FALSE,TRUE
"nonutrition_age_3","6-11",89,0.3604176485256,0.0995210336494827,0.165356422572613,0.555478874478586,0.0164865959077473,1.71186420675262,63.5411089133486,94.7588284788529,TRUE,FALSE,TRUE
"nonutrition_age_3","6-11",89.5,0.361929216782214,0.101468480403274,0.163050995191797,0.56080743837263,0.0164865959077473,1.71186420675262,63.5411089133486,94.7588284788529,TRUE,FALSE,TRUE
"nonutrition_age_3","6-11",90,0.363440240444997,0.103431466434406,0.160714566233561,0.566165914656432,0.0164865959077473,1.71186420675262,63.5411089133486,94.7588284788529,TRUE,FALSE,TRUE
"nonutrition_age_3","6-11",90.5,0.364950771292955,0.105409054457431,0.15834902455639,0.57155251802952,0.0164865959077473,1.71186420675262,63.5411089133486,94.7588284788529,TRUE,FALSE,TRUE
"nonutrition_age_3","6-11",91,0.366460861105096,0.107400314753893,0.155956244187465,0.576965478022726,0.0164865959077473,1.71186420675262,63.5411089133486,94.7588284788529,TRUE,FALSE,TRUE
"nonutrition_age_3","6-11",91.5,0.367970561660426,0.10940432523844,0.153538084193083,0.582403039127768,0.0164865959077473,1.71186420675262,63.5411089133486,94.7588284788529,TRUE,FALSE,TRUE
"nonutrition_age_3","6-11",92,0.369479924737951,0.111420171476065,0.151096388644864,0.587863460831039,0.0164865959077473,1.71186420675262,63.5411089133486,94.7588284788529,TRUE,FALSE,TRUE
"nonutrition_age_3","6-11",92.5,0.37098900211668,0.113446946658598,0.148632986665827,0.593345017567533,0.0164865959077473,1.71186420675262,63.5411089133486,94.7588284788529,TRUE,FALSE,TRUE
"nonutrition_age_3","6-11",93,0.372497845575618,0.115483751547576,0.146149692542369,0.598845998608868,0.0164865959077473,1.71186420675262,63.5411089133486,94.7588284788529,TRUE,FALSE,TRUE
"nonutrition_age_3","6-11",93.5,0.374006506893773,0.117529694389678,0.143648305890004,0.604364707897542,0.0164865959077473,1.71186420675262,63.5411089133486,94.7588284788529,TRUE,FALSE,TRUE
"nonutrition_age_3","6-11",94,0.375515037850151,0.119583890810126,0.141130611862304,0.609899463837998,0.0164865959077473,1.71186420675262,63.5411089133486,94.7588284788529,TRUE,FALSE,TRUE
"nonutrition_age_3","6-11",94.5,0.377023490223759,0.121645463688711,0.138598381393885,0.615448599053633,0.0164865959077473,1.71186420675262,63.5411089133486,94.7588284788529,TRUE,FALSE,TRUE
"nonutrition_age_3","6-11",94.7588284788529,0.377804337291264,0.122715261720058,0.137282424319951,0.618326250262576,0.0164865959077473,1.71186420675262,63.5411089133486,94.7588284788529,TRUE,FALSE,TRUE
"nonutrition_age_3","6-11",95,0.378531914825169,0.123713553460971,0.136053350041665,0.621010479608672,0.0164865959077473,1.71186420675262,63.5411089133486,94.7588284788529,FALSE,FALSE,TRUE
"nonutrition_age_3","6-11",95.5,0.380040338229483,0.125787570435076,0.133496700176734,0.626583976282233,0.0164865959077473,1.71186420675262,63.5411089133486,94.7588284788529,FALSE,FALSE,TRUE
"nonutrition_age_3","6-11",96,0.381548761633798,0.127867213987691,0.130929022217924,0.632168501049672,0.0164865959077473,1.71186420675262,63.5411089133486,94.7588284788529,FALSE,FALSE,TRUE
"nonutrition_age_3","6-11",96.5,0.383057185038113,0.129952213990315,0.128350845617095,0.637763524459131,0.0164865959077473,1.71186420675262,63.5411089133486,94.7588284788529,FALSE,FALSE,TRUE
"nonutrition_age_3","6-11",97,0.384565608442427,0.132042316701849,0.125762667706802,0.643368549178052,0.0164865959077473,1.71186420675262,63.5411089133486,94.7588284788529,FALSE,FALSE,TRUE
"nonutrition_age_3","6-11",97.5,0.386074031846742,0.134137283594064,0.123164956002377,0.648983107691108,0.0164865959077473,1.71186420675262,63.5411089133486,94.7588284788529,FALSE,FALSE,TRUE
"nonutrition_age_3","6-11",98,0.387582455251057,0.13623689027203,0.120558150317877,0.654606760184236,0.0164865959077473,1.71186420675262,63.5411089133486,94.7588284788529,FALSE,FALSE,TRUE
"nonutrition_age_3","6-11",98.5,0.389090878655371,0.138340925481176,0.117942664712267,0.660239092598476,0.0164865959077473,1.71186420675262,63.5411089133486,94.7588284788529,FALSE,FALSE,TRUE
"nonutrition_age_3","6-11",99,0.390599302059686,0.14044919019339,0.115318889280641,0.665879714838731,0.0164865959077473,1.71186420675262,63.5411089133486,94.7588284788529,FALSE,FALSE,TRUE
"nonutrition_age_3","6-11",99.5,0.392107725464001,0.142561496765312,0.112687191803988,0.671528259124013,0.0164865959077473,1.71186420675262,63.5411089133486,94.7588284788529,FALSE,FALSE,TRUE
"nonutrition_age_3","6-11",100,0.393616148868315,0.144677668162537,0.110047919269742,0.677184378466889,0.0164865959077473,1.71186420675262,63.5411089133486,94.7588284788529,FALSE,FALSE,TRUE
"nonutrition_age_4","12-23",0,-0.658855047339479,0.0635631177668279,-0.783438758162462,-0.534271336516497,0.0164865959077473,1.66635380349634,63.4224439457188,94.7588284788529,FALSE,FALSE,TRUE
"nonutrition_age_4","12-23",0.0164865959077473,-0.65821256997339,0.0634926352440049,-0.782658135051639,-0.53376700489514,0.0164865959077473,1.66635380349634,63.4224439457188,94.7588284788529,TRUE,FALSE,TRUE
"nonutrition_age_4","12-23",0.5,-0.639371915747874,0.0614270333665738,-0.759768901146358,-0.518974930349389,0.0164865959077473,1.66635380349634,63.4224439457188,94.7588284788529,TRUE,FALSE,TRUE
"nonutrition_age_4","12-23",1,-0.619899745480264,0.0592955287027507,-0.736118981737655,-0.503680509222872,0.0164865959077473,1.66635380349634,63.4224439457188,94.7588284788529,TRUE,FALSE,TRUE
"nonutrition_age_4","12-23",1.5,-0.600449871476577,0.0571708979042447,-0.712504831368897,-0.488394911584257,0.0164865959077473,1.66635380349634,63.4224439457188,94.7588284788529,TRUE,FALSE,TRUE
"nonutrition_age_4","12-23",1.66635380349634,-0.59398564756169,0.0564659355508126,-0.704658881241283,-0.483312413882098,0.0164865959077473,1.66635380349634,63.4224439457188,94.7588284788529,TRUE,TRUE,TRUE
"nonutrition_age_4","12-23",2,-0.581033628744465,0.0550554282599476,-0.688942268133963,-0.473124989354968,0.0164865959077473,1.66635380349634,63.4224439457188,94.7588284788529,TRUE,TRUE,TRUE
"nonutrition_age_4","12-23",2.5,-0.56166235229158,0.0529513983391972,-0.665447093036407,-0.457877611546754,0.0164865959077473,1.66635380349634,63.4224439457188,94.7588284788529,TRUE,TRUE,TRUE
"nonutrition_age_4","12-23",3,-0.542347377125575,0.0508610759101077,-0.642035085909386,-0.442659668341764,0.0164865959077473,1.66635380349634,63.4224439457188,94.7588284788529,TRUE,TRUE,TRUE
"nonutrition_age_4","12-23",3.5,-0.5231000382541,0.0487867156036848,-0.618722000837322,-0.427478075670878,0.0164865959077473,1.66635380349634,63.4224439457188,94.7588284788529,TRUE,TRUE,TRUE
"nonutrition_age_4","12-23",4,-0.50393167068481,0.0467305562772872,-0.595523560988292,-0.412339780381327,0.0164865959077473,1.66635380349634,63.4224439457188,94.7588284788529,TRUE,TRUE,TRUE
"nonutrition_age_4","12-23",4.5,-0.484853609425354,0.0446948180230948,-0.57245545275062,-0.397251766100089,0.0164865959077473,1.66635380349634,63.4224439457188,94.7588284788529,TRUE,TRUE,TRUE
"nonutrition_age_4","12-23",5,-0.465877189483387,0.0426816987578849,-0.549533319048841,-0.382221059917932,0.0164865959077473,1.66635380349634,63.4224439457188,94.7588284788529,TRUE,TRUE,TRUE
"nonutrition_age_4","12-23",5.5,-0.447013745866559,0.0406933703193728,-0.52677275169253,-0.367254740040589,0.0164865959077473,1.66635380349634,63.4224439457188,94.7588284788529,TRUE,TRUE,TRUE
"nonutrition_age_4","12-23",6,-0.428274613582524,0.0387319739813617,-0.504189282585993,-0.352359944579055,0.0164865959077473,1.66635380349634,63.4224439457188,94.7588284788529,TRUE,TRUE,TRUE
"nonutrition_age_4","12-23",6.5,-0.409671127638932,0.0367996152846995,-0.481798373596943,-0.337543881680921,0.0164865959077473,1.66635380349634,63.4224439457188,94.7588284788529,TRUE,TRUE,TRUE
"nonutrition_age_4","12-23",7,-0.391214623043438,0.0348983580632451,-0.459615404847398,-0.322813841239477,0.0164865959077473,1.66635380349634,63.4224439457188,94.7588284788529,TRUE,TRUE,TRUE
"nonutrition_age_4","12-23",7.5,-0.372916434803691,0.0330302175234346,-0.437655661149623,-0.308177208457759,0.0164865959077473,1.66635380349634,63.4224439457188,94.7588284788529,TRUE,TRUE,TRUE
"nonutrition_age_4","12-23",8,-0.354787897927345,0.0311971522123545,-0.41593431626356,-0.293641479591131,0.0164865959077473,1.66635380349634,63.4224439457188,94.7588284788529,TRUE,TRUE,TRUE
"nonutrition_age_4","12-23",8.5,-0.336840347422053,0.0294010546823498,-0.394466414599458,-0.279214280244647,0.0164865959077473,1.66635380349634,63.4224439457188,94.7588284788529,TRUE,TRUE,TRUE
"nonutrition_age_4","12-23",9,-0.319085118295465,0.0276437406301406,-0.37326684993054,-0.264903386660389,0.0164865959077473,1.66635380349634,63.4224439457188,94.7588284788529,TRUE,TRUE,TRUE
"nonutrition_age_4","12-23",9.5,-0.301533545555234,0.0259269362555465,-0.352350340616105,-0.250716750494362,0.0164865959077473,1.66635380349634,63.4224439457188,94.7588284788529,TRUE,TRUE,TRUE
"nonutrition_age_4","12-23",10,-0.284196964209012,0.0242522635500287,-0.331731400767068,-0.236662527650956,0.0164865959077473,1.66635380349634,63.4224439457188,94.7588284788529,TRUE,TRUE,TRUE
"nonutrition_age_4","12-23",10.5,-0.267086709264452,0.0226212231898716,-0.3114243067166,-0.222749111812303,0.0164865959077473,1.66635380349634,63.4224439457188,94.7588284788529,TRUE,TRUE,TRUE
"nonutrition_age_4","12-23",11,-0.250214115729205,0.0210351746755225,-0.291443058093229,-0.208985173365181,0.0164865959077473,1.66635380349634,63.4224439457188,94.7588284788529,TRUE,TRUE,TRUE
"nonutrition_age_4","12-23",11.5,-0.233590518610924,0.0194953133313738,-0.271801332740417,-0.195379704481431,0.0164865959077473,1.66635380349634,63.4224439457188,94.7588284788529,TRUE,TRUE,TRUE
"nonutrition_age_4","12-23",12,-0.217227252917261,0.0180026437651271,-0.25251243469691,-0.181942071137611,0.0164865959077473,1.66635380349634,63.4224439457188,94.7588284788529,TRUE,TRUE,TRUE
"nonutrition_age_4","12-23",12.5,-0.201135653655867,0.0165579493913337,-0.233589234462881,-0.168682072848853,0.0164865959077473,1.66635380349634,63.4224439457188,94.7588284788529,TRUE,TRUE,TRUE
"nonutrition_age_4","12-23",13,-0.185327055834396,0.0151617576614777,-0.215044100850892,-0.1556100108179,0.0164865959077473,1.66635380349634,63.4224439457188,94.7588284788529,TRUE,TRUE,TRUE
"nonutrition_age_4","12-23",13.5,-0.169812794460499,0.0138143007283022,-0.196888823887972,-0.142736765033027,0.0164865959077473,1.66635380349634,63.4224439457188,94.7588284788529,TRUE,TRUE,TRUE
"nonutrition_age_4","12-23",14,-0.154604204541829,0.0125154714238978,-0.179134528532668,-0.130073880550989,0.0164865959077473,1.66635380349634,63.4224439457188,94.7588284788529,TRUE,TRUE,TRUE
"nonutrition_age_4","12-23",14.5,-0.139712621086037,0.0112647746711099,-0.161791579441412,-0.117633662730661,0.0164865959077473,1.66635380349634,63.4224439457188,94.7588284788529,TRUE,TRUE,TRUE
"nonutrition_age_4","12-23",15,-0.125149379100776,0.0100612747985408,-0.144869477705915,-0.105429280495636,0.0164865959077473,1.66635380349634,63.4224439457188,94.7588284788529,TRUE,TRUE,TRUE
"nonutrition_age_4","12-23",15.5,-0.110925813593697,0.00890353970980691,-0.128376751424919,-0.0934748757624757,0.0164865959077473,1.66635380349634,63.4224439457188,94.7588284788529,TRUE,TRUE,TRUE
"nonutrition_age_4","12-23",16,-0.0970532595724538,0.00778958347656593,-0.112320843186523,-0.0817856759583845,0.0164865959077473,1.66635380349634,63.4224439457188,94.7588284788529,TRUE,TRUE,TRUE
"nonutrition_age_4","12-23",16.5,-0.0835430520446973,0.00671680967163856,-0.0967079990011089,-0.0703781050882857,0.0164865959077473,1.66635380349634,63.4224439457188,94.7588284788529,TRUE,TRUE,TRUE
"nonutrition_age_4","12-23",17,-0.0704065260180805,0.00568195859409815,-0.0815431648625129,-0.0592698871736482,0.0164865959077473,1.66635380349634,63.4224439457188,94.7588284788529,TRUE,TRUE,TRUE
"nonutrition_age_4","12-23",17.5,-0.057655016500255,0.0046810623925358,-0.0668298987896252,-0.0484801342108849,0.0164865959077473,1.66635380349634,63.4224439457188,94.7588284788529,TRUE,TRUE,TRUE
"nonutrition_age_4","12-23",18,-0.045299858498873,0.00370941289972155,-0.0525703077823273,-0.0380294092154188,0.0164865959077473,1.66635380349634,63.4224439457188,94.7588284788529,TRUE,TRUE,TRUE
"nonutrition_age_4","12-23",18.5,-0.0333523870215868,0.00276154791293269,-0.0387650209309349,-0.0279397531122387,0.0164865959077473,1.66635380349634,63.4224439457188,94.7588284788529,TRUE,TRUE,TRUE
"nonutrition_age_4","12-23",19,-0.0218225552137171,0.00183131382455194,-0.0254119303098389,-0.0182331801175953,0.0164865959077473,1.66635380349634,63.4224439457188,94.7588284788529,TRUE,TRUE,TRUE
"nonutrition_age_4","12-23",19.5,-0.0107080217688512,0.000912598854117706,-0.0124967155229219,-0.00891932801478048,0.0164865959077473,1.66635380349634,63.4224439457188,94.7588284788529,TRUE,TRUE,TRUE
"nonutrition_age_4","12-23",20,0,0,0,0,0.0164865959077473,1.66635380349634,63.4224439457188,94.7588284788529,TRUE,TRUE,TRUE
"nonutrition_age_4","12-23",20.5,0.0103103535780351,0.00091116004198528,0.00852447989574399,0.0120962272603263,0.0164865959077473,1.66635380349634,63.4224439457188,94.7588284788529,TRUE,TRUE,TRUE
"nonutrition_age_4","12-23",21,0.0202318824504535,0.0018248246084441,0.0166552262179031,0.023808538683004,0.0164865959077473,1.66635380349634,63.4224439457188,94.7588284788529,TRUE,TRUE,TRUE
"nonutrition_age_4","12-23",21.5,0.0297734301024542,0.00274421094102431,0.0243947766580465,0.0351520835468618,0.0164865959077473,1.66635380349634,63.4224439457188,94.7588284788529,TRUE,TRUE,TRUE
"nonutrition_age_4","12-23",22,0.0389438400192363,0.00367183255815941,0.0317470482052438,0.0461406318332287,0.0164865959077473,1.66635380349634,63.4224439457188,94.7588284788529,TRUE,TRUE,TRUE
"nonutrition_age_4","12-23",22.5,0.0477519556859988,0.00460953300848387,0.0387172709893704,0.0567866403826271,0.0164865959077473,1.66635380349634,63.4224439457188,94.7588284788529,TRUE,TRUE,TRUE
"nonutrition_age_4","12-23",23,0.0562066205879408,0.00555852785299599,0.0453119059960687,0.0671013351798129,0.0164865959077473,1.66635380349634,63.4224439457188,94.7588284788529,TRUE,TRUE,TRUE
"nonutrition_age_4","12-23",23.5,0.0643166782102614,0.00651945194898423,0.0515385523902523,0.0770948040302705,0.0164865959077473,1.66635380349634,63.4224439457188,94.7588284788529,TRUE,TRUE,TRUE
"nonutrition_age_4","12-23",24,0.0720909720381598,0.00749240950090441,0.0574058494163871,0.0867760946599324,0.0164865959077473,1.66635380349634,63.4224439457188,94.7588284788529,TRUE,TRUE,TRUE
"nonutrition_age_4","12-23",24.5,0.0795383455568349,0.00847702481554771,0.0629233769183614,0.0961533141953084,0.0164865959077473,1.66635380349634,63.4224439457188,94.7588284788529,TRUE,TRUE,TRUE
"nonutrition_age_4","12-23",25,0.0866676422514858,0.00947249218343457,0.068101557571954,0.105233726931018,0.0164865959077473,1.66635380349634,63.4224439457188,94.7588284788529,TRUE,TRUE,TRUE
"nonutrition_age_4","12-23",25.5,0.0934877056073116,0.0104776237594062,0.0729515630388755,0.114023848175748,0.0164865959077473,1.66635380349634,63.4224439457188,94.7588284788529,TRUE,TRUE,TRUE
"nonutrition_age_4","12-23",26,0.100007379109512,0.0114908947065836,0.0774852254846077,0.122529532734415,0.0164865959077473,1.66635380349634,63.4224439457188,94.7588284788529,TRUE,TRUE,TRUE
"nonutrition_age_4","12-23",26.5,0.106235506243285,0.0125104851885065,0.0817149552738119,0.130756057212757,0.0164865959077473,1.66635380349634,63.4224439457188,94.7588284788529,TRUE,TRUE,TRUE
"nonutrition_age_4","12-23",27,0.11218093049383,0.0135343190444465,0.0856536651667145,0.138708195820945,0.0164865959077473,1.66635380349634,63.4224439457188,94.7588284788529,TRUE,TRUE,TRUE
"nonutrition_age_4","12-23",27.5,0.117852495346346,0.0145600991692619,0.0893147009745927,0.146390289718099,0.0164865959077473,1.66635380349634,63.4224439457188,94.7588284788529,TRUE,TRUE,TRUE
"nonutrition_age_4","12-23",28,0.123259044286033,0.0155853397515938,0.0927117783729088,0.153806310199157,0.0164865959077473,1.66635380349634,63.4224439457188,94.7588284788529,TRUE,TRUE,TRUE
"nonutrition_age_4","12-23",28.5,0.128409420798089,0.0166073956135159,0.0958589253955976,0.16095991620058,0.0164865959077473,1.66635380349634,63.4224439457188,94.7588284788529,TRUE,TRUE,TRUE
"nonutrition_age_4","12-23",29,0.133312468367713,0.017623488951263,0.0987704300232379,0.167854506712189,0.0164865959077473,1.66635380349634,63.4224439457188,94.7588284788529,TRUE,TRUE,TRUE
"nonutrition_age_4","12-23",29.5,0.137977030480106,0.018630733809521,0.101460792213444,0.174493268746767,0.0164865959077473,1.66635380349634,63.4224439457188,94.7588284788529,TRUE,TRUE,TRUE
"nonutrition_age_4","12-23",30,0.142411950620464,0.0196261586385994,0.10394467968881,0.180879221552119,0.0164865959077473,1.66635380349634,63.4224439457188,94.7588284788529,TRUE,TRUE,TRUE
"nonutrition_age_4","12-23",30.5,0.146626072273989,0.0206067272908167,0.106236886783988,0.187015257763989,0.0164865959077473,1.66635380349634,63.4224439457188,94.7588284788529,TRUE,TRUE,TRUE
"nonutrition_age_4","12-23",31,0.150628238925878,0.0215693588144975,0.108352295649463,0.192904182202293,0.0164865959077473,1.66635380349634,63.4224439457188,94.7588284788529,TRUE,TRUE,TRUE
"nonutrition_age_4","12-23",31.5,0.154427294061331,0.0225109464049211,0.110305839107686,0.198548749014977,0.0164865959077473,1.66635380349634,63.4224439457188,94.7588284788529,TRUE,TRUE,TRUE
"nonutrition_age_4","12-23",32,0.158032081165547,0.023428375874386,0.112112464451751,0.203951697879344,0.0164865959077473,1.66635380349634,63.4224439457188,94.7588284788529,TRUE,TRUE,TRUE
"nonutrition_age_4","12-23",32.5,0.161451443723725,0.0243185440106956,0.113787097462762,0.209115789984689,0.0164865959077473,1.66635380349634,63.4224439457188,94.7588284788529,TRUE,TRUE,TRUE
"nonutrition_age_4","12-23",33,0.164694225221065,0.0251783772068842,0.115344605895572,0.214043844546558,0.0164865959077473,1.66635380349634,63.4224439457188,94.7588284788529,TRUE,TRUE,TRUE
"nonutrition_age_4","12-23",33.5,0.167769269142764,0.0260048507667744,0.116799761639886,0.218738776645642,0.0164865959077473,1.66635380349634,63.4224439457188,94.7588284788529,TRUE,TRUE,TRUE
"nonutrition_age_4","12-23",34,0.170685418974023,0.026795009322827,0.118167200701282,0.223203637246764,0.0164865959077473,1.66635380349634,63.4224439457188,94.7588284788529,TRUE,TRUE,TRUE
"nonutrition_age_4","12-23",34.5,0.17345151820004,0.0275459888466607,0.119461380060585,0.227441656339495,0.0164865959077473,1.66635380349634,63.4224439457188,94.7588284788529,TRUE,TRUE,TRUE
"nonutrition_age_4","12-23",35,0.176076410306014,0.0282550407906994,0.120696530356244,0.231456290255785,0.0164865959077473,1.66635380349634,63.4224439457188,94.7588284788529,TRUE,TRUE,TRUE
"nonutrition_age_4","12-23",35.5,0.178568938777145,0.0289195589740387,0.12188660318803,0.235251274366261,0.0164865959077473,1.66635380349634,63.4224439457188,94.7588284788529,TRUE,TRUE,TRUE
"nonutrition_age_4","12-23",36,0.180937947098632,0.0295371099194737,0.123045211656464,0.238830682540801,0.0164865959077473,1.66635380349634,63.4224439457188,94.7588284788529,TRUE,TRUE,TRUE
"nonutrition_age_4","12-23",36.5,0.183192278755673,0.0301054674645613,0.124185562525133,0.242198994986214,0.0164865959077473,1.66635380349634,63.4224439457188,94.7588284788529,TRUE,TRUE,TRUE
"nonutrition_age_4","12-23",37,0.185340777233468,0.0306226526105673,0.125320378116756,0.24536117635018,0.0164865959077473,1.66635380349634,63.4224439457188,94.7588284788529,TRUE,TRUE,TRUE
"nonutrition_age_4","12-23",37.5,0.187392250322831,0.0310870136070624,0.126461703652989,0.248322796992674,0.0164865959077473,1.66635380349634,63.4224439457188,94.7588284788529,TRUE,TRUE,TRUE
"nonutrition_age_4","12-23",38,0.189353314501258,0.0314992941729091,0.127614697922356,0.251091931080159,0.0164865959077473,1.66635380349634,63.4224439457188,94.7588284788529,TRUE,TRUE,TRUE
"nonutrition_age_4","12-23",38.5,0.191227160849882,0.0318636687500587,0.128774370099767,0.253679951599997,0.0164865959077473,1.66635380349634,63.4224439457188,94.7588284788529,TRUE,TRUE,TRUE
"nonutrition_age_4","12-23",39,0.193016682392925,0.0321846640987642,0.129934740759347,0.256098624026502,0.0164865959077473,1.66635380349634,63.4224439457188,94.7588284788529,TRUE,TRUE,TRUE
"nonutrition_age_4","12-23",39.5,0.194724772154606,0.0324668460859566,0.131089753826131,0.258359790483081,0.0164865959077473,1.66635380349634,63.4224439457188,94.7588284788529,TRUE,TRUE,TRUE
"nonutrition_age_4","12-23",40,0.196354323159146,0.0327147933858304,0.132233328122918,0.260475318195373,0.0164865959077473,1.66635380349634,63.4224439457188,94.7588284788529,TRUE,TRUE,TRUE
"nonutrition_age_4","12-23",40.5,0.197908228430764,0.0329330709927246,0.133359409285024,0.262457047576504,0.0164865959077473,1.66635380349634,63.4224439457188,94.7588284788529,TRUE,TRUE,TRUE
"nonutrition_age_4","12-23",41,0.199389380993682,0.0331262029466733,0.134462023218202,0.264316738769162,0.0164865959077473,1.66635380349634,63.4224439457188,94.7588284788529,TRUE,TRUE,TRUE
"nonutrition_age_4","12-23",41.5,0.200800673872119,0.0332986438950137,0.135535331837892,0.266066015906346,0.0164865959077473,1.66635380349634,63.4224439457188,94.7588284788529,TRUE,TRUE,TRUE
"nonutrition_age_4","12-23",42,0.202145000090295,0.0334547493159712,0.136573691430991,0.267716308749599,0.0164865959077473,1.66635380349634,63.4224439457188,94.7588284788529,TRUE,TRUE,TRUE
"nonutrition_age_4","12-23",42.5,0.203425252672431,0.0335987444230136,0.137571713603324,0.269278791741537,0.0164865959077473,1.66635380349634,63.4224439457188,94.7588284788529,TRUE,TRUE,TRUE
"nonutrition_age_4","12-23",43,0.204644324642746,0.0337346919566154,0.13852432840778,0.270764320877712,0.0164865959077473,1.66635380349634,63.4224439457188,94.7588284788529,TRUE,TRUE,TRUE
"nonutrition_age_4","12-23",43.5,0.205805109025461,0.0338664592524526,0.139426848890654,0.272183369160268,0.0164865959077473,1.66635380349634,63.4224439457188,94.7588284788529,TRUE,TRUE,TRUE
"nonutrition_age_4","12-23",44,0.206910498844796,0.033997685147226,0.140275035956233,0.27354596173336,0.0164865959077473,1.66635380349634,63.4224439457188,94.7588284788529,TRUE,TRUE,TRUE
"nonutrition_age_4","12-23",44.5,0.207963387124972,0.0341317474371943,0.141065162148071,0.274861612101873,0.0164865959077473,1.66635380349634,63.4224439457188,94.7588284788529,TRUE,TRUE,TRUE
"nonutrition_age_4","12-23",45,0.208966666890208,0.034271731729744,0.14179407269991,0.276139261080506,0.0164865959077473,1.66635380349634,63.4224439457188,94.7588284788529,TRUE,TRUE,TRUE
"nonutrition_age_4","12-23",45.5,0.209923231164724,0.0344204026137968,0.142459242041683,0.277387220287766,0.0164865959077473,1.66635380349634,63.4224439457188,94.7588284788529,TRUE,TRUE,TRUE
"nonutrition_age_4","12-23",46,0.210835972972742,0.0345801781102966,0.14305882387656,0.278613122068923,0.0164865959077473,1.66635380349634,63.4224439457188,94.7588284788529,TRUE,TRUE,TRUE
"nonutrition_age_4","12-23",46.5,0.21170778533848,0.034753108341912,0.143591692988332,0.279823877688627,0.0164865959077473,1.66635380349634,63.4224439457188,94.7588284788529,TRUE,TRUE,TRUE
"nonutrition_age_4","12-23",47,0.212541561286159,0.0349408592782294,0.144057477100829,0.281025645471489,0.0164865959077473,1.66635380349634,63.4224439457188,94.7588284788529,TRUE,TRUE,TRUE
"nonutrition_age_4","12-23",47.5,0.213340193839999,0.0351447022714545,0.144456577387949,0.28222381029205,0.0164865959077473,1.66635380349634,63.4224439457188,94.7588284788529,TRUE,TRUE,TRUE
"nonutrition_age_4","12-23",48,0.214106576024221,0.0353655099063052,0.144790176607863,0.28342297544058,0.0164865959077473,1.66635380349634,63.4224439457188,94.7588284788529,TRUE,TRUE,TRUE
"nonutrition_age_4","12-23",48.5,0.214843600863045,0.0356037584601881,0.145060234281076,0.284626967445014,0.0164865959077473,1.66635380349634,63.4224439457188,94.7588284788529,TRUE,TRUE,TRUE
"nonutrition_age_4","12-23",49,0.21555416138069,0.0358595370238919,0.145269468813862,0.285838853947518,0.0164865959077473,1.66635380349634,63.4224439457188,94.7588284788529,TRUE,TRUE,TRUE
"nonutrition_age_4","12-23",49.5,0.216241150601378,0.0361325630889508,0.145421326947034,0.287060974255721,0.0164865959077473,1.66635380349634,63.4224439457188,94.7588284788529,TRUE,TRUE,TRUE
"nonutrition_age_4","12-23",50,0.216907461549327,0.0364222041852125,0.145519941346311,0.288294981752343,0.0164865959077473,1.66635380349634,63.4224439457188,94.7588284788529,TRUE,TRUE,TRUE
"nonutrition_age_4","12-23",50.5,0.217555987248759,0.0367275049679842,0.14557007751151,0.289541896986008,0.0164865959077473,1.66635380349634,63.4224439457188,94.7588284788529,TRUE,TRUE,TRUE
"nonutrition_age_4","12-23",51,0.218189620723893,0.0370472190208042,0.145577071443117,0.290802170004669,0.0164865959077473,1.66635380349634,63.4224439457188,94.7588284788529,TRUE,TRUE,TRUE
"nonutrition_age_4","12-23",51.5,0.21881125499895,0.0373798445641181,0.145546759653278,0.292075750344621,0.0164865959077473,1.66635380349634,63.4224439457188,94.7588284788529,TRUE,TRUE,TRUE
"nonutrition_age_4","12-23",52,0.21942378309815,0.0377236632427503,0.145485403142359,0.29336216305394,0.0164865959077473,1.66635380349634,63.4224439457188,94.7588284788529,TRUE,TRUE,TRUE
"nonutrition_age_4","12-23",52.5,0.220030098045713,0.0380767812016181,0.145399606890541,0.294660589200884,0.0164865959077473,1.66635380349634,63.4224439457188,94.7588284788529,TRUE,TRUE,TRUE
"nonutrition_age_4","12-23",53,0.220633092865859,0.0384371717411427,0.145296236253219,0.295969949478498,0.0164865959077473,1.66635380349634,63.4224439457188,94.7588284788529,TRUE,TRUE,TRUE
"nonutrition_age_4","12-23",53.5,0.221235660582808,0.0388027189602907,0.145182331420638,0.297288989744978,0.0164865959077473,1.66635380349634,63.4224439457188,94.7588284788529,TRUE,TRUE,TRUE
"nonutrition_age_4","12-23",54,0.221840694220781,0.0391712619341756,0.145065020829797,0.298616367611765,0.0164865959077473,1.66635380349634,63.4224439457188,94.7588284788529,TRUE,TRUE,TRUE
"nonutrition_age_4","12-23",54.5,0.222451086803997,0.0395406391231016,0.144951434122718,0.299950739485277,0.0164865959077473,1.66635380349634,63.4224439457188,94.7588284788529,TRUE,TRUE,TRUE
"nonutrition_age_4","12-23",55,0.223069731356678,0.0399087328605965,0.144848614949909,0.301290847763447,0.0164865959077473,1.66635380349634,63.4224439457188,94.7588284788529,TRUE,TRUE,TRUE
"nonutrition_age_4","12-23",55.5,0.223699520903042,0.040273513910969,0.144763433637543,0.302635608168542,0.0164865959077473,1.66635380349634,63.4224439457188,94.7588284788529,TRUE,TRUE,TRUE
"nonutrition_age_4","12-23",56,0.224343348467311,0.040633086215828,0.144702499484288,0.303984197450334,0.0164865959077473,1.66635380349634,63.4224439457188,94.7588284788529,TRUE,TRUE,TRUE
"nonutrition_age_4","12-23",56.5,0.225004107073704,0.0409857320591217,0.144672072237826,0.305336141909583,0.0164865959077473,1.66635380349634,63.4224439457188,94.7588284788529,TRUE,TRUE,TRUE
"nonutrition_age_4","12-23",57,0.225684212256494,0.0413301627198222,0.144677093325643,0.306691331187346,0.0164865959077473,1.66635380349634,63.4224439457188,94.7588284788529,TRUE,TRUE,TRUE
"nonutrition_age_4","12-23",57.5,0.226383980357844,0.0416662832272654,0.144718065232404,0.308049895483284,0.0164865959077473,1.66635380349634,63.4224439457188,94.7588284788529,TRUE,TRUE,TRUE
"nonutrition_age_4","12-23",58,0.227103151018806,0.0419945947168371,0.144793745373805,0.309412556663807,0.0164865959077473,1.66635380349634,63.4224439457188,94.7588284788529,TRUE,TRUE,TRUE
"nonutrition_age_4","12-23",58.5,0.227841463864049,0.0423159287589121,0.144902243496581,0.310780684231516,0.0164865959077473,1.66635380349634,63.4224439457188,94.7588284788529,TRUE,TRUE,TRUE
"nonutrition_age_4","12-23",59,0.228598658518241,0.0426314204821203,0.145041074373285,0.312156242663197,0.0164865959077473,1.66635380349634,63.4224439457188,94.7588284788529,TRUE,TRUE,TRUE
"nonutrition_age_4","12-23",59.5,0.229374474606052,0.0429424836351178,0.145207206681222,0.313541742530883,0.0164865959077473,1.66635380349634,63.4224439457188,94.7588284788529,TRUE,TRUE,TRUE
"nonutrition_age_4","12-23",60,0.230168651752151,0.0432507871385045,0.145397108960682,0.31494019454362,0.0164865959077473,1.66635380349634,63.4224439457188,94.7588284788529,TRUE,TRUE,TRUE
"nonutrition_age_4","12-23",60.5,0.230980929581205,0.0435582326934488,0.145606793502046,0.316355065660365,0.0164865959077473,1.66635380349634,63.4224439457188,94.7588284788529,TRUE,TRUE,TRUE
"nonutrition_age_4","12-23",61,0.231811047717885,0.0438669330340936,0.145831858971061,0.317790236464708,0.0164865959077473,1.66635380349634,63.4224439457188,94.7588284788529,TRUE,TRUE,TRUE
"nonutrition_age_4","12-23",61.5,0.232658745786858,0.0441791904419494,0.146067532520637,0.319249959053079,0.0164865959077473,1.66635380349634,63.4224439457188,94.7588284788529,TRUE,TRUE,TRUE
"nonutrition_age_4","12-23",62,0.233523763412794,0.04449747518131,0.146308712057426,0.320738814768161,0.0164865959077473,1.66635380349634,63.4224439457188,94.7588284788529,TRUE,TRUE,TRUE
"nonutrition_age_4","12-23",62.5,0.23440584022036,0.0448244035649064,0.146550009233144,0.322261671207577,0.0164865959077473,1.66635380349634,63.4224439457188,94.7588284788529,TRUE,TRUE,TRUE
"nonutrition_age_4","12-23",63,0.235304715834227,0.0451627154183982,0.146785793614167,0.323823638054288,0.0164865959077473,1.66635380349634,63.4224439457188,94.7588284788529,TRUE,TRUE,TRUE
"nonutrition_age_4","12-23",63.4224439457188,0.236077064868424,0.0454595194790303,0.146976406689525,0.325177723047324,0.0164865959077473,1.66635380349634,63.4224439457188,94.7588284788529,TRUE,TRUE,TRUE
"nonutrition_age_4","12-23",63.5,0.236220129879063,0.0455152507805908,0.147010238349105,0.32543002140902,0.0164865959077473,1.66635380349634,63.4224439457188,94.7588284788529,TRUE,FALSE,TRUE
"nonutrition_age_4","12-23",64,0.237151821979536,0.0458849257527204,0.147217367504204,0.327086276454868,0.0164865959077473,1.66635380349634,63.4224439457188,94.7588284788529,TRUE,FALSE,TRUE
"nonutrition_age_4","12-23",64.5,0.238099531760315,0.0462747074933708,0.147401105073308,0.328797958447322,0.0164865959077473,1.66635380349634,63.4224439457188,94.7588284788529,TRUE,FALSE,TRUE
"nonutrition_age_4","12-23",65,0.23906299884607,0.0466875884433042,0.147555325497193,0.330570672194946,0.0164865959077473,1.66635380349634,63.4224439457188,94.7588284788529,TRUE,FALSE,TRUE
"nonutrition_age_4","12-23",65.5,0.240041962861468,0.0471265599535371,0.147673905352535,0.332410020370401,0.0164865959077473,1.66635380349634,63.4224439457188,94.7588284788529,TRUE,FALSE,TRUE
"nonutrition_age_4","12-23",66,0.241036163431179,0.0475945855763373,0.147750775701558,0.3343215511608,0.0164865959077473,1.66635380349634,63.4224439457188,94.7588284788529,TRUE,FALSE,TRUE
"nonutrition_age_4","12-23",66.5,0.242045340179871,0.04809457435774,0.147779974438701,0.336310705921042,0.0164865959077473,1.66635380349634,63.4224439457188,94.7588284788529,TRUE,FALSE,TRUE
"nonutrition_age_4","12-23",67,0.243069232732214,0.048629354536628,0.147755697840423,0.338382767624005,0.0164865959077473,1.66635380349634,63.4224439457188,94.7588284788529,TRUE,FALSE,TRUE
"nonutrition_age_4","12-23",67.5,0.244107580712876,0.0492016481044453,0.147672350428163,0.340542810997589,0.0164865959077473,1.66635380349634,63.4224439457188,94.7588284788529,TRUE,FALSE,TRUE
"nonutrition_age_4","12-23",68,0.245160123746525,0.0498140467068726,0.147524592201055,0.342795655291996,0.0164865959077473,1.66635380349634,63.4224439457188,94.7588284788529,TRUE,FALSE,TRUE
"nonutrition_age_4","12-23",68.5,0.246226601457831,0.0504689893711546,0.147307382290368,0.345145820625294,0.0164865959077473,1.66635380349634,63.4224439457188,94.7588284788529,TRUE,FALSE,TRUE
"nonutrition_age_4","12-23",69,0.247306753471462,0.0511687425186896,0.147016018134831,0.347597488808094,0.0164865959077473,1.66635380349634,63.4224439457188,94.7588284788529,TRUE,FALSE,TRUE
"nonutrition_age_4","12-23",69.5,0.248400319412088,0.0519153826724276,0.14664616937413,0.350154469450046,0.0164865959077473,1.66635380349634,63.4224439457188,94.7588284788529,TRUE,FALSE,TRUE
"nonutrition_age_4","12-23",70,0.249507038904376,0.0527107821950889,0.146193905802002,0.35282017200675,0.0164865959077473,1.66635380349634,63.4224439457188,94.7588284788529,TRUE,FALSE,TRUE
"nonutrition_age_4","12-23",70.5,0.250626651572996,0.0535565983016646,0.145655718901734,0.355597584244259,0.0164865959077473,1.66635380349634,63.4224439457188,94.7588284788529,TRUE,FALSE,TRUE
"nonutrition_age_4","12-23",71,0.251758897042617,0.0544542654841291,0.145028536693724,0.35848925739151,0.0164865959077473,1.66635380349634,63.4224439457188,94.7588284788529,TRUE,FALSE,TRUE
"nonutrition_age_4","12-23",71.5,0.252903514937906,0.0554049913747743,0.144309731843349,0.361497298032464,0.0164865959077473,1.66635380349634,63.4224439457188,94.7588284788529,TRUE,FALSE,TRUE
"nonutrition_age_4","12-23",72,0.254060244883534,0.0564097559643892,0.143497123193331,0.364623366573737,0.0164865959077473,1.66635380349634,63.4224439457188,94.7588284788529,TRUE,FALSE,TRUE
"nonutrition_age_4","12-23",72.5,0.255228826504168,0.0574693139895148,0.142588971084719,0.367868681923617,0.0164865959077473,1.66635380349634,63.4224439457188,94.7588284788529,TRUE,FALSE,TRUE
"nonutrition_age_4","12-23",73,0.256408999424479,0.058584200215045,0.14158396700299,0.371234031845967,0.0164865959077473,1.66635380349634,63.4224439457188,94.7588284788529,TRUE,FALSE,TRUE
"nonutrition_age_4","12-23",73.5,0.257600503269133,0.0597547372688043,0.140481218222276,0.374719788315989,0.0164865959077473,1.66635380349634,63.4224439457188,94.7588284788529,TRUE,FALSE,TRUE
"nonutrition_age_4","12-23",74,0.2588030776628,0.0609810456359365,0.139280228216365,0.378325927109236,0.0164865959077473,1.66635380349634,63.4224439457188,94.7588284788529,TRUE,FALSE,TRUE
"nonutrition_age_4","12-23",74.5,0.26001646223015,0.0622630553936768,0.137980873658543,0.382052050801756,0.0164865959077473,1.66635380349634,63.4224439457188,94.7588284788529,TRUE,FALSE,TRUE
"nonutrition_age_4","12-23",75,0.26124039659585,0.0636005192604096,0.136583378845447,0.385897414346253,0.0164865959077473,1.66635380349634,63.4224439457188,94.7588284788529,TRUE,FALSE,TRUE
"nonutrition_age_4","12-23",75.5,0.262474620384569,0.0649930265445503,0.135088288357251,0.389860952411888,0.0164865959077473,1.66635380349634,63.4224439457188,94.7588284788529,TRUE,FALSE,TRUE
"nonutrition_age_4","12-23",76,0.263718873220977,0.0664400176055262,0.133496438714146,0.393941307727808,0.0164865959077473,1.66635380349634,63.4224439457188,94.7588284788529,TRUE,FALSE,TRUE
"nonutrition_age_4","12-23",76.5,0.264972894729742,0.0679407984772717,0.131808929714289,0.398136859745194,0.0164865959077473,1.66635380349634,63.4224439457188,94.7588284788529,TRUE,FALSE,TRUE
"nonutrition_age_4","12-23",77,0.266236424535532,0.0694945553503742,0.130027096048799,0.402445753022266,0.0164865959077473,1.66635380349634,63.4224439457188,94.7588284788529,TRUE,FALSE,TRUE
"nonutrition_age_4","12-23",77.5,0.267509202263017,0.0711003686587369,0.128152479691893,0.406865924834142,0.0164865959077473,1.66635380349634,63.4224439457188,94.7588284788529,TRUE,FALSE,TRUE
"nonutrition_age_4","12-23",78,0.268790967536866,0.0727572265672032,0.126186803465147,0.411395131608584,0.0164865959077473,1.66635380349634,63.4224439457188,94.7588284788529,TRUE,FALSE,TRUE
"nonutrition_age_4","12-23",78.5,0.270081459981746,0.0744640377054897,0.124131946078987,0.416030973884506,0.0164865959077473,1.66635380349634,63.4224439457188,94.7588284788529,TRUE,FALSE,TRUE
"nonutrition_age_4","12-23",79,0.271380419222328,0.0762196430390643,0.121989918865762,0.420770919578894,0.0164865959077473,1.66635380349634,63.4224439457188,94.7588284788529,TRUE,FALSE,TRUE
"nonutrition_age_4","12-23",79.5,0.272687584883279,0.0780228268080295,0.119762844339541,0.425612325427017,0.0164865959077473,1.66635380349634,63.4224439457188,94.7588284788529,TRUE,FALSE,TRUE
"nonutrition_age_4","12-23",80,0.274002696589269,0.0798723264998827,0.117452936649499,0.430552456529039,0.0164865959077473,1.66635380349634,63.4224439457188,94.7588284788529,TRUE,FALSE,TRUE
"nonutrition_age_4","12-23",80.5,0.275325493964966,0.0817668418509912,0.115062483937023,0.435588503992908,0.0164865959077473,1.66635380349634,63.4224439457188,94.7588284788529,TRUE,FALSE,TRUE
"nonutrition_age_4","12-23",81,0.276655716635038,0.0837050428948432,0.112593832561146,0.440717600708931,0.0164865959077473,1.66635380349634,63.4224439457188,94.7588284788529,TRUE,FALSE,TRUE
"nonutrition_age_4","12-23",81.5,0.277993104224156,0.085685577093,0.110049373121876,0.445936835326436,0.0164865959077473,1.66635380349634,63.4224439457188,94.7588284788529,TRUE,FALSE,TRUE
"nonutrition_age_4","12-23",82,0.279337396356987,0.0877070755977181,0.10743152818546,0.451243264528515,0.0164865959077473,1.66635380349634,63.4224439457188,94.7588284788529,TRUE,FALSE,TRUE
"nonutrition_age_4","12-23",82.5,0.280688332658201,0.0897681587040689,0.104742741598226,0.456633923718176,0.0164865959077473,1.66635380349634,63.4224439457188,94.7588284788529,TRUE,FALSE,TRUE
"nonutrition_age_4","12-23",83,0.282045652752466,0.0918674405547361,0.101985469265183,0.462105836239748,0.0164865959077473,1.66635380349634,63.4224439457188,94.7588284788529,TRUE,FALSE,TRUE
"nonutrition_age_4","12-23",83.5,0.28340909626445,0.0940035331631427,0.0991621712646905,0.46765602126421,0.0164865959077473,1.66635380349634,63.4224439457188,94.7588284788529,TRUE,FALSE,TRUE
"nonutrition_age_4","12-23",84,0.284778402818824,0.0961750498207846,0.0962753051700859,0.473281500467562,0.0164865959077473,1.66635380349634,63.4224439457188,94.7588284788529,TRUE,FALSE,TRUE
"nonutrition_age_4","12-23",84.5,0.286153312040255,0.09838060795314,0.0933273204521002,0.478979303628409,0.0164865959077473,1.66635380349634,63.4224439457188,94.7588284788529,TRUE,FALSE,TRUE
"nonutrition_age_4","12-23",85,0.287533563553412,0.10061883148577,0.0903206538413016,0.484746473265522,0.0164865959077473,1.66635380349634,63.4224439457188,94.7588284788529,TRUE,FALSE,TRUE
"nonutrition_age_4","12-23",85.5,0.288918896982964,0.102888352778608,0.0872577255368917,0.490580068429036,0.0164865959077473,1.66635380349634,63.4224439457188,94.7588284788529,TRUE,FALSE,TRUE
"nonutrition_age_4","12-23",86,0.29030905195358,0.105187814182265,0.0841409361563394,0.49647716775082,0.0164865959077473,1.66635380349634,63.4224439457188,94.7588284788529,TRUE,FALSE,TRUE
"nonutrition_age_4","12-23",86.5,0.291703768089928,0.107515869265754,0.0809726643290495,0.502434871850807,0.0164865959077473,1.66635380349634,63.4224439457188,94.7588284788529,TRUE,FALSE,TRUE
"nonutrition_age_4","12-23",87,0.293102785016678,0.109871183760472,0.0777552648461534,0.508450305187203,0.0164865959077473,1.66635380349634,63.4224439457188,94.7588284788529,TRUE,FALSE,TRUE
"nonutrition_age_4","12-23",87.5,0.294505842358498,0.112252436260821,0.0744910672872887,0.514520617429707,0.0164865959077473,1.66635380349634,63.4224439457188,94.7588284788529,TRUE,FALSE,TRUE
"nonutrition_age_4","12-23",88,0.295912679740057,0.114658318717535,0.0711823750536886,0.520642984426425,0.0164865959077473,1.66635380349634,63.4224439457188,94.7588284788529,TRUE,FALSE,TRUE
"nonutrition_age_4","12-23",88.5,0.297323036786023,0.117087536755675,0.067831464744901,0.526814608827146,0.0164865959077473,1.66635380349634,63.4224439457188,94.7588284788529,TRUE,FALSE,TRUE
"nonutrition_age_4","12-23",89,0.298736653121067,0.119538809845495,0.0644405858238956,0.533032720418238,0.0164865959077473,1.66635380349634,63.4224439457188,94.7588284788529,TRUE,FALSE,TRUE
"nonutrition_age_4","12-23",89.5,0.300153268369855,0.122010871350861,0.061011960522168,0.539294576217542,0.0164865959077473,1.66635380349634,63.4224439457188,94.7588284788529,TRUE,FALSE,TRUE
"nonutrition_age_4","12-23",90,0.301572622157057,0.124502468476727,0.0575477839426728,0.545597460371442,0.0164865959077473,1.66635380349634,63.4224439457188,94.7588284788529,TRUE,FALSE,TRUE
"nonutrition_age_4","12-23",90.5,0.302994454107343,0.12701236213434,0.0540502243240368,0.551938683890648,0.0164865959077473,1.66635380349634,63.4224439457188,94.7588284788529,TRUE,FALSE,TRUE
"nonutrition_age_4","12-23",91,0.304418503845379,0.129539326740232,0.0505214234345249,0.558315584256234,0.0164865959077473,1.66635380349634,63.4224439457188,94.7588284788529,TRUE,FALSE,TRUE
"nonutrition_age_4","12-23",91.5,0.305844510995836,0.132082149962823,0.0469634970687039,0.564725524922969,0.0164865959077473,1.66635380349634,63.4224439457188,94.7588284788529,TRUE,FALSE,TRUE
"nonutrition_age_4","12-23",92,0.307272215183383,0.134639632428417,0.0433785356236865,0.571165894743079,0.0164865959077473,1.66635380349634,63.4224439457188,94.7588284788529,TRUE,FALSE,TRUE
"nonutrition_age_4","12-23",92.5,0.308701356032687,0.13721058739662,0.0397686047353128,0.577634107330061,0.0164865959077473,1.66635380349634,63.4224439457188,94.7588284788529,TRUE,FALSE,TRUE
"nonutrition_age_4","12-23",93,0.310131673168418,0.139793840413656,0.0361357459576522,0.584127600379184,0.0164865959077473,1.66635380349634,63.4224439457188,94.7588284788529,TRUE,FALSE,TRUE
"nonutrition_age_4","12-23",93.5,0.311562906215244,0.142388228950712,0.0324819774718487,0.59064383495864,0.0164865959077473,1.66635380349634,63.4224439457188,94.7588284788529,TRUE,FALSE,TRUE
"nonutrition_age_4","12-23",94,0.312994794797835,0.144992602033273,0.0288092948126202,0.59718029478305,0.0164865959077473,1.66635380349634,63.4224439457188,94.7588284788529,TRUE,FALSE,TRUE
"nonutrition_age_4","12-23",94.5,0.314427078540859,0.14760581986641,0.0251196716026953,0.603734485479023,0.0164865959077473,1.66635380349634,63.4224439457188,94.7588284788529,TRUE,FALSE,TRUE
"nonutrition_age_4","12-23",94.7588284788529,0.315168579575648,0.148961671993922,0.023203702467561,0.607133456683735,0.0164865959077473,1.66635380349634,63.4224439457188,94.7588284788529,TRUE,FALSE,TRUE
"nonutrition_age_4","12-23",95,0.315859501938846,0.15022676736653,0.0214150379004477,0.610303965977245,0.0164865959077473,1.66635380349634,63.4224439457188,94.7588284788529,FALSE,FALSE,TRUE
"nonutrition_age_4","12-23",95.5,0.317291931356532,0.152854689877713,0.0176967391962157,0.616887123516849,0.0164865959077473,1.66635380349634,63.4224439457188,94.7588284788529,FALSE,FALSE,TRUE
"nonutrition_age_4","12-23",96,0.318724360774218,0.155489217511842,0.0139654944510085,0.623483227097428,0.0164865959077473,1.66635380349634,63.4224439457188,94.7588284788529,FALSE,FALSE,TRUE
"nonutrition_age_4","12-23",96.5,0.320156790191904,0.158130020135005,0.0102219507272953,0.630091629656514,0.0164865959077473,1.66635380349634,63.4224439457188,94.7588284788529,FALSE,FALSE,TRUE
"nonutrition_age_4","12-23",97,0.321589219609591,0.160776788542277,0.00646671406672733,0.636711725152454,0.0164865959077473,1.66635380349634,63.4224439457188,94.7588284788529,FALSE,FALSE,TRUE
"nonutrition_age_4","12-23",97.5,0.323021649027277,0.163429232882793,0.0027003525770023,0.643342945477551,0.0164865959077473,1.66635380349634,63.4224439457188,94.7588284788529,FALSE,FALSE,TRUE
"nonutrition_age_4","12-23",98,0.324454078444963,0.166087081219363,-0.00107660074498866,0.649984757634914,0.0164865959077473,1.66635380349634,63.4224439457188,94.7588284788529,FALSE,FALSE,TRUE
"nonutrition_age_4","12-23",98.5,0.325886507862649,0.168750078210042,-0.00486364542903361,0.656636661154331,0.0164865959077473,1.66635380349634,63.4224439457188,94.7588284788529,FALSE,FALSE,TRUE
"nonutrition_age_4","12-23",99,0.327318937280335,0.171417983900297,-0.00866031116424637,0.663298185724916,0.0164865959077473,1.66635380349634,63.4224439457188,94.7588284788529,FALSE,FALSE,TRUE
"nonutrition_age_4","12-23",99.5,0.328751366698021,0.174090572615545,-0.0124661556284471,0.669968889024489,0.0164865959077473,1.66635380349634,63.4224439457188,94.7588284788529,FALSE,FALSE,TRUE
"nonutrition_age_4","12-23",100,0.330183796115707,0.176767631944859,-0.0162807624962174,0.676648354727631,0.0164865959077473,1.66635380349634,63.4224439457188,94.7588284788529,FALSE,FALSE,TRUE
"nonutrition_age_5","24-35",0,-0.77567570938184,0.067199743542825,-0.907387206725776,-0.643964212037903,0.0164865959077473,1.65688146186938,63.1664103499948,94.7588284788529,FALSE,FALSE,TRUE
"nonutrition_age_5","24-35",0.0164865959077473,-0.774899558247548,0.0671244792776659,-0.906463537631773,-0.643335578863323,0.0164865959077473,1.65688146186938,63.1664103499948,94.7588284788529,TRUE,FALSE,TRUE
"nonutrition_age_5","24-35",0.5,-0.752139206902692,0.0649187399329526,-0.879379937171279,-0.624898476634105,0.0164865959077473,1.65688146186938,63.1664103499948,94.7588284788529,TRUE,FALSE,TRUE
"nonutrition_age_5","24-35",1,-0.728617789538432,0.0626426670550902,-0.851397416966409,-0.605838162110455,0.0164865959077473,1.65688146186938,63.1664103499948,94.7588284788529,TRUE,FALSE,TRUE
"nonutrition_age_5","24-35",1.5,-0.705127056578989,0.0603740397475265,-0.823460174484141,-0.586793938673837,0.0164865959077473,1.65688146186938,63.1664103499948,94.7588284788529,TRUE,FALSE,TRUE
"nonutrition_age_5","24-35",1.65688146186938,-0.697765339404276,0.0596641621288137,-0.814707097176751,-0.580823581631801,0.0164865959077473,1.65688146186938,63.1664103499948,94.7588284788529,TRUE,TRUE,TRUE
"nonutrition_age_5","24-35",2,-0.681682607407498,0.0581153664537041,-0.795588725656758,-0.567776489158238,0.0164865959077473,1.65688146186938,63.1664103499948,94.7588284788529,TRUE,TRUE,TRUE
"nonutrition_age_5","24-35",2.5,-0.658300041407093,0.0558691473176414,-0.76780357014967,-0.548796512664516,0.0164865959077473,1.65688146186938,63.1664103499948,94.7588284788529,TRUE,TRUE,TRUE
"nonutrition_age_5","24-35",3,-0.634994957960909,0.0536378720681347,-0.740125187214453,-0.529864728707365,0.0164865959077473,1.65688146186938,63.1664103499948,94.7588284788529,TRUE,TRUE,TRUE
"nonutrition_age_5","24-35",3.5,-0.611782956452081,0.0514240176348303,-0.712574031016348,-0.510991881887813,0.0164865959077473,1.65688146186938,63.1664103499948,94.7588284788529,TRUE,TRUE,TRUE
"nonutrition_age_5","24-35",4,-0.588679636263743,0.0492300454451822,-0.6851705253363,-0.492188747191186,0.0164865959077473,1.65688146186938,63.1664103499948,94.7588284788529,TRUE,TRUE,TRUE
"nonutrition_age_5","24-35",4.5,-0.565700596779031,0.0470583983421779,-0.657935057529699,-0.473466136028362,0.0164865959077473,1.65688146186938,63.1664103499948,94.7588284788529,TRUE,TRUE,TRUE
"nonutrition_age_5","24-35",5,-0.542861437381078,0.0449114970518099,-0.630887971602625,-0.45483490315953,0.0164865959077473,1.65688146186938,63.1664103499948,94.7588284788529,TRUE,TRUE,TRUE
"nonutrition_age_5","24-35",5.5,-0.52017775745302,0.0427917361162563,-0.604049560240882,-0.436305954665157,0.0164865959077473,1.65688146186938,63.1664103499948,94.7588284788529,TRUE,TRUE,TRUE
"nonutrition_age_5","24-35",6,-0.497665156377991,0.0407014791932517,-0.577440055596764,-0.417890257159217,0.0164865959077473,1.65688146186938,63.1664103499948,94.7588284788529,TRUE,TRUE,TRUE
"nonutrition_age_5","24-35",6.5,-0.475339233539125,0.0386430536037702,-0.551079618602515,-0.399598848475736,0.0164865959077473,1.65688146186938,63.1664103499948,94.7588284788529,TRUE,TRUE,TRUE
"nonutrition_age_5","24-35",7,-0.453215588319558,0.0366187439884517,-0.524988326536924,-0.381442850102193,0.0164865959077473,1.65688146186938,63.1664103499948,94.7588284788529,TRUE,TRUE,TRUE
"nonutrition_age_5","24-35",7.5,-0.431309820102425,0.0346307849077459,-0.499186158521607,-0.363433481683243,0.0164865959077473,1.65688146186938,63.1664103499948,94.7588284788529,TRUE,TRUE,TRUE
"nonutrition_age_5","24-35",8,-0.409637528270859,0.0326813521910694,-0.473692978565355,-0.345582077976363,0.0164865959077473,1.65688146186938,63.1664103499948,94.7588284788529,TRUE,TRUE,TRUE
"nonutrition_age_5","24-35",8.5,-0.388214312207996,0.0307725528060377,-0.44852851570783,-0.327900108708162,0.0164865959077473,1.65688146186938,63.1664103499948,94.7588284788529,TRUE,TRUE,TRUE
"nonutrition_age_5","24-35",9,-0.36705577129697,0.0289064129798699,-0.423712340737515,-0.310399201856425,0.0164865959077473,1.65688146186938,63.1664103499948,94.7588284788529,TRUE,TRUE,TRUE
"nonutrition_age_5","24-35",9.5,-0.346177504920915,0.0270848642615363,-0.399263838873527,-0.293091170968304,0.0164865959077473,1.65688146186938,63.1664103499948,94.7588284788529,TRUE,TRUE,TRUE
"nonutrition_age_5","24-35",10,-0.325595112462968,0.0253097271658502,-0.375202177708034,-0.275988047217901,0.0164865959077473,1.65688146186938,63.1664103499948,94.7588284788529,TRUE,TRUE,TRUE
"nonutrition_age_5","24-35",10.5,-0.305324193306261,0.0235826919910956,-0.351546269608809,-0.259102117003714,0.0164865959077473,1.65688146186938,63.1664103499948,94.7588284788529,TRUE,TRUE,TRUE
"nonutrition_age_5","24-35",11,-0.285380346833931,0.0219052963528795,-0.328314727685575,-0.242445965982287,0.0164865959077473,1.65688146186938,63.1664103499948,94.7588284788529,TRUE,TRUE,TRUE
"nonutrition_age_5","24-35",11.5,-0.265779172429111,0.0202788989335677,-0.305525814338904,-0.226032530519318,0.0164865959077473,1.65688146186938,63.1664103499948,94.7588284788529,TRUE,TRUE,TRUE
"nonutrition_age_5","24-35",12,-0.246536269474936,0.0187046489165243,-0.283197381351324,-0.209875157598549,0.0164865959077473,1.65688146186938,63.1664103499948,94.7588284788529,TRUE,TRUE,TRUE
"nonutrition_age_5","24-35",12.5,-0.227667237354542,0.0171834505686719,-0.261346800469139,-0.193987674239945,0.0164865959077473,1.65688146186938,63.1664103499948,94.7588284788529,TRUE,TRUE,TRUE
"nonutrition_age_5","24-35",13,-0.209187675451062,0.0157159224695211,-0.239990883491323,-0.1783844674108,0.0164865959077473,1.65688146186938,63.1664103499948,94.7588284788529,TRUE,TRUE,TRUE
"nonutrition_age_5","24-35",13.5,-0.191113183147631,0.0143023509811884,-0.21914579107076,-0.163080575224502,0.0164865959077473,1.65688146186938,63.1664103499948,94.7588284788529,TRUE,TRUE,TRUE
"nonutrition_age_5","24-35",14,-0.173459359827384,0.0129426377392591,-0.198826929796332,-0.148091789858436,0.0164865959077473,1.65688146186938,63.1664103499948,94.7588284788529,TRUE,TRUE,TRUE
"nonutrition_age_5","24-35",14.5,-0.156241804873456,0.0116362412508767,-0.179048837725175,-0.133434772021738,0.0164865959077473,1.65688146186938,63.1664103499948,94.7588284788529,TRUE,TRUE,TRUE
"nonutrition_age_5","24-35",15,-0.139476117668981,0.0103821131483871,-0.15982505943982,-0.119127175898143,0.0164865959077473,1.65688146186938,63.1664103499948,94.7588284788529,TRUE,TRUE,TRUE
"nonutrition_age_5","24-35",15.5,-0.123177897597095,0.00917863029421388,-0.141168012973754,-0.105187782220436,0.0164865959077473,1.65688146186938,63.1664103499948,94.7588284788529,TRUE,TRUE,TRUE
"nonutrition_age_5","24-35",16,-0.107362744040931,0.00802352478053749,-0.123088852610784,-0.0916366354710771,0.0164865959077473,1.65688146186938,63.1664103499948,94.7588284788529,TRUE,TRUE,TRUE
"nonutrition_age_5","24-35",16.5,-0.0920462563836236,0.00691381490103899,-0.10559733358966,-0.0784951791775872,0.0164865959077473,1.65688146186938,63.1664103499948,94.7588284788529,TRUE,TRUE,TRUE
"nonutrition_age_5","24-35",17,-0.0772440340083092,0.00584574133015385,-0.0887016870154107,-0.0657863810012076,0.0164865959077473,1.65688146186938,63.1664103499948,94.7588284788529,TRUE,TRUE,TRUE
"nonutrition_age_5","24-35",17.5,-0.0629716762981212,0.00481471391216892,-0.0724085155659723,-0.0535348370302701,0.0164865959077473,1.65688146186938,63.1664103499948,94.7588284788529,TRUE,TRUE,TRUE
"nonutrition_age_5","24-35",18,-0.0492447826361945,0.00381527550533682,-0.0567227226266547,-0.0417668426457344,0.0164865959077473,1.65688146186938,63.1664103499948,94.7588284788529,TRUE,TRUE,TRUE
"nonutrition_age_5","24-35",18.5,-0.036078952405664,0.0028410903577388,-0.0416474895068321,-0.030510415304496,0.0164865959077473,1.65688146186938,63.1664103499948,94.7588284788529,TRUE,TRUE,TRUE
"nonutrition_age_5","24-35",19,-0.023487718695018,0.00188502871176823,-0.0271823749700838,-0.0197930624199523,0.0164865959077473,1.65688146186938,63.1664103499948,94.7588284788529,TRUE,TRUE,TRUE
"nonutrition_age_5","24-35",19.5,-0.0114662307355272,0.000940057553195337,-0.0133087435397901,-0.00962371793126435,0.0164865959077473,1.65688146186938,63.1664103499948,94.7588284788529,TRUE,TRUE,TRUE
"nonutrition_age_5","24-35",20,0,0,0,0,0.0164865959077473,1.65688146186938,63.1664103499948,94.7588284788529,TRUE,TRUE,TRUE
"nonutrition_age_5","24-35",20.5,0.0109255469689496,0.000940461879791476,0.00908224168455834,0.0127688522533409,0.0164865959077473,1.65688146186938,63.1664103499948,94.7588284788529,TRUE,TRUE,TRUE
"nonutrition_age_5","24-35",21,0.0213249836287085,0.00188577780691158,0.0176288591271618,0.0250211081302552,0.0164865959077473,1.65688146186938,63.1664103499948,94.7588284788529,TRUE,TRUE,TRUE
"nonutrition_age_5","24-35",21.5,0.0312128834366629,0.00283954098788167,0.0256473831004149,0.036778383772911,0.0164865959077473,1.65688146186938,63.1664103499948,94.7588284788529,TRUE,TRUE,TRUE
"nonutrition_age_5","24-35",22,0.0406038198501997,0.00380451829535049,0.0331469639913127,0.0480606757090866,0.0164865959077473,1.65688146186938,63.1664103499948,94.7588284788529,TRUE,TRUE,TRUE
"nonutrition_age_5","24-35",22.5,0.0495123663267051,0.004782694556311,0.0401382849963355,0.0588864476570746,0.0164865959077473,1.65688146186938,63.1664103499948,94.7588284788529,TRUE,TRUE,TRUE
"nonutrition_age_5","24-35",23,0.0579530963235658,0.00577532661813589,0.0466334561520194,0.0692727364951121,0.0164865959077473,1.65688146186938,63.1664103499948,94.7588284788529,TRUE,TRUE,TRUE
"nonutrition_age_5","24-35",23.5,0.0659405832981682,0.00678300327245082,0.0526458968841646,0.0792352697121718,0.0164865959077473,1.65688146186938,63.1664103499948,94.7588284788529,TRUE,TRUE,TRUE
"nonutrition_age_5","24-35",24,0.073489400707899,0.00780570773936616,0.0581902135387413,0.0887885878770567,0.0164865959077473,1.65688146186938,63.1664103499948,94.7588284788529,TRUE,TRUE,TRUE
"nonutrition_age_5","24-35",24.5,0.0806141220101446,0.00884288011901873,0.0632820769768679,0.0979461670434213,0.0164865959077473,1.65688146186938,63.1664103499948,94.7588284788529,TRUE,TRUE,TRUE
"nonutrition_age_5","24-35",25,0.0873293206622916,0.00989347790794751,0.0679381039627144,0.106720537361869,0.0164865959077473,1.65688146186938,63.1664103499948,94.7588284788529,TRUE,TRUE,TRUE
"nonutrition_age_5","24-35",25.5,0.0936495701217264,0.0109560332947898,0.0721757448639384,0.115123395379514,0.0164865959077473,1.65688146186938,63.1664103499948,94.7588284788529,TRUE,TRUE,TRUE
"nonutrition_age_5","24-35",26,0.0995894438458357,0.0120287064638792,0.0760131791766324,0.123165708515039,0.0164865959077473,1.65688146186938,63.1664103499948,94.7588284788529,TRUE,TRUE,TRUE
"nonutrition_age_5","24-35",26.5,0.105163515292006,0.013109334539542,0.0794692195945036,0.130857810989508,0.0164865959077473,1.65688146186938,63.1664103499948,94.7588284788529,TRUE,TRUE,TRUE
"nonutrition_age_5","24-35",27,0.110386357917624,0.0141954761052793,0.0825632247512762,0.138209491083971,0.0164865959077473,1.65688146186938,63.1664103499948,94.7588284788529,TRUE,TRUE,TRUE
"nonutrition_age_5","24-35",27.5,0.115272545180075,0.0152844514450689,0.0853150203477401,0.14523007001241,0.0164865959077473,1.65688146186938,63.1664103499948,94.7588284788529,TRUE,TRUE,TRUE
"nonutrition_age_5","24-35",28,0.119836650536747,0.016373378795852,0.0877448280968774,0.151928472976617,0.0164865959077473,1.65688146186938,63.1664103499948,94.7588284788529,TRUE,TRUE,TRUE
"nonutrition_age_5","24-35",28.5,0.124093247445026,0.0174592069877594,0.089873201749018,0.158313293141035,0.0164865959077473,1.65688146186938,63.1664103499948,94.7588284788529,TRUE,TRUE,TRUE
"nonutrition_age_5","24-35",29,0.128056909362299,0.0185387448967539,0.0917209693646616,0.164392849359937,0.0164865959077473,1.65688146186938,63.1664103499948,94.7588284788529,TRUE,TRUE,TRUE
"nonutrition_age_5","24-35",29.5,0.131742209745952,0.0196086881556224,0.0933091809609322,0.170175238530972,0.0164865959077473,1.65688146186938,63.1664103499948,94.7588284788529,TRUE,TRUE,TRUE
"nonutrition_age_5","24-35",30,0.135163722053372,0.0206656435735892,0.0946590606491368,0.175668383457606,0.0164865959077473,1.65688146186938,63.1664103499948,94.7588284788529,TRUE,TRUE,TRUE
"nonutrition_age_5","24-35",30.5,0.138336019741944,0.0217061517099106,0.0957919623905193,0.180880077093369,0.0164865959077473,1.65688146186938,63.1664103499948,94.7588284788529,TRUE,TRUE,TRUE
"nonutrition_age_5","24-35",31,0.141273676269056,0.0227267080384579,0.0967293285136789,0.185818024024434,0.0164865959077473,1.65688146186938,63.1664103499948,94.7588284788529,TRUE,TRUE,TRUE
"nonutrition_age_5","24-35",31.5,0.143991265092095,0.023723783132851,0.0974926501517067,0.190489880032483,0.0164865959077473,1.65688146186938,63.1664103499948,94.7588284788529,TRUE,TRUE,TRUE
"nonutrition_age_5","24-35",32,0.146503359668446,0.024693842298489,0.0981034287634076,0.194903290573484,0.0164865959077473,1.65688146186938,63.1664103499948,94.7588284788529,TRUE,TRUE,TRUE
"nonutrition_age_5","24-35",32.5,0.148824533455496,0.0256333650814689,0.0985831378958173,0.199065929015175,0.0164865959077473,1.65688146186938,63.1664103499948,94.7588284788529,TRUE,TRUE,TRUE
"nonutrition_age_5","24-35",33,0.150969359910633,0.0265388650971315,0.0989531843202548,0.20298553550101,0.0164865959077473,1.65688146186938,63.1664103499948,94.7588284788529,TRUE,TRUE,TRUE
"nonutrition_age_5","24-35",33.5,0.152952412491241,0.027406910644924,0.09923486762719,0.206669957355292,0.0164865959077473,1.65688146186938,63.1664103499948,94.7588284788529,TRUE,TRUE,TRUE
"nonutrition_age_5","24-35",34,0.154788264654708,0.0282341466135982,0.0994493372920559,0.210127192017361,0.0164865959077473,1.65688146186938,63.1664103499948,94.7588284788529,TRUE,TRUE,TRUE
"nonutrition_age_5","24-35",34.5,0.156491489858421,0.0290173182338752,0.0996175461200257,0.213365433596816,0.0164865959077473,1.65688146186938,63.1664103499948,94.7588284788529,TRUE,TRUE,TRUE
"nonutrition_age_5","24-35",35,0.158076661559765,0.0297532973073978,0.0997601988372657,0.216393124282265,0.0164865959077473,1.65688146186938,63.1664103499948,94.7588284788529,TRUE,TRUE,TRUE
"nonutrition_age_5","24-35",35.5,0.159558353216128,0.030439111634365,0.099897694412773,0.219219012019484,0.0164865959077473,1.65688146186938,63.1664103499948,94.7588284788529,TRUE,TRUE,TRUE
"nonutrition_age_5","24-35",36,0.160951138284896,0.0310719784815524,0.100050060461054,0.221852216108739,0.0164865959077473,1.65688146186938,63.1664103499948,94.7588284788529,TRUE,TRUE,TRUE
"nonutrition_age_5","24-35",36.5,0.162269590223455,0.0316493430819406,0.100236877782852,0.224302302664059,0.0164865959077473,1.65688146186938,63.1664103499948,94.7588284788529,TRUE,TRUE,TRUE
"nonutrition_age_5","24-35",37,0.163528282489193,0.0321689233417803,0.100477192739303,0.226579372239082,0.0164865959077473,1.65688146186938,63.1664103499948,94.7588284788529,TRUE,TRUE,TRUE
"nonutrition_age_5","24-35",37.5,0.164741700544474,0.0326288007604609,0.100789251053971,0.228694150034978,0.0164865959077473,1.65688146186938,63.1664103499948,94.7588284788529,TRUE,TRUE,TRUE
"nonutrition_age_5","24-35",38,0.165918927751047,0.0330297792592194,0.101180560402977,0.230657295099117,0.0164865959077473,1.65688146186938,63.1664103499948,94.7588284788529,TRUE,TRUE,TRUE
"nonutrition_age_5","24-35",38.5,0.167060603066269,0.0333765724054921,0.101642521151504,0.232478684981033,0.0164865959077473,1.65688146186938,63.1664103499948,94.7588284788529,TRUE,TRUE,TRUE
"nonutrition_age_5","24-35",39,0.168166630667385,0.0336743001629755,0.102165002347953,0.234168258986817,0.0164865959077473,1.65688146186938,63.1664103499948,94.7588284788529,TRUE,TRUE,TRUE
"nonutrition_age_5","24-35",39.5,0.169236914731644,0.0339281346657629,0.102737770786748,0.235736058676539,0.0164865959077473,1.65688146186938,63.1664103499948,94.7588284788529,TRUE,TRUE,TRUE
"nonutrition_age_5","24-35",40,0.170271359436291,0.0341432725400551,0.103350545257783,0.237192173614799,0.0164865959077473,1.65688146186938,63.1664103499948,94.7588284788529,TRUE,TRUE,TRUE
"nonutrition_age_5","24-35",40.5,0.171269868958574,0.0343249065840404,0.103993052053854,0.238546685863293,0.0164865959077473,1.65688146186938,63.1664103499948,94.7588284788529,TRUE,TRUE,TRUE
"nonutrition_age_5","24-35",41,0.172232347475738,0.0344781960737994,0.104655083171091,0.239809611780385,0.0164865959077473,1.65688146186938,63.1664103499948,94.7588284788529,TRUE,TRUE,TRUE
"nonutrition_age_5","24-35",41.5,0.173158699165032,0.034608235205065,0.105326558163104,0.240990840166959,0.0164865959077473,1.65688146186938,63.1664103499948,94.7588284788529,TRUE,TRUE,TRUE
"nonutrition_age_5","24-35",42,0.1740488282037,0.0347200194078557,0.105997590164303,0.242100066243097,0.0164865959077473,1.65688146186938,63.1664103499948,94.7588284788529,TRUE,TRUE,TRUE
"nonutrition_age_5","24-35",42.5,0.174902638768992,0.0348184094970478,0.106658556154778,0.243146721383205,0.0164865959077473,1.65688146186938,63.1664103499948,94.7588284788529,TRUE,TRUE,TRUE
"nonutrition_age_5","24-35",43,0.175720035038152,0.0349080938531802,0.107300171085918,0.244139898990385,0.0164865959077473,1.65688146186938,63.1664103499948,94.7588284788529,TRUE,TRUE,TRUE
"nonutrition_age_5","24-35",43.5,0.176500921188427,0.0349935490639501,0.107913565023085,0.245088277353769,0.0164865959077473,1.65688146186938,63.1664103499948,94.7588284788529,TRUE,TRUE,TRUE
"nonutrition_age_5","24-35",44,0.177245201397065,0.0350789996917713,0.108490362001194,0.246000040792937,0.0164865959077473,1.65688146186938,63.1664103499948,94.7588284788529,TRUE,TRUE,TRUE
"nonutrition_age_5","24-35",44.5,0.177952779841313,0.0351683780549353,0.109022758853639,0.246882800828986,0.0164865959077473,1.65688146186938,63.1664103499948,94.7588284788529,TRUE,TRUE,TRUE
"nonutrition_age_5","24-35",45,0.178623560698416,0.0352652851037352,0.109503601895095,0.247743519501737,0.0164865959077473,1.65688146186938,63.1664103499948,94.7588284788529,TRUE,TRUE,TRUE
"nonutrition_age_5","24-35",45.5,0.179257448145622,0.0353729536204378,0.109926459049564,0.24858843724168,0.0164865959077473,1.65688146186938,63.1664103499948,94.7588284788529,TRUE,TRUE,TRUE
"nonutrition_age_5","24-35",46,0.179854346360176,0.0354942150553848,0.110285684851622,0.249423007868731,0.0164865959077473,1.65688146186938,63.1664103499948,94.7588284788529,TRUE,TRUE,TRUE
"nonutrition_age_5","24-35",46.5,0.180414159519327,0.0356314713158912,0.11057647574018,0.250251843298474,0.0164865959077473,1.65688146186938,63.1664103499948,94.7588284788529,TRUE,TRUE,TRUE
"nonutrition_age_5","24-35",47,0.180936791800321,0.035786672741027,0.110794913227908,0.251078670372734,0.0164865959077473,1.65688146186938,63.1664103499948,94.7588284788529,TRUE,TRUE,TRUE
"nonutrition_age_5","24-35",47.5,0.181422147380404,0.0359613033231217,0.110937992867085,0.251906301893722,0.0164865959077473,1.65688146186938,63.1664103499948,94.7588284788529,TRUE,TRUE,TRUE
"nonutrition_age_5","24-35",48,0.181870130436823,0.0361563739848745,0.111003637426469,0.252736623447177,0.0164865959077473,1.65688146186938,63.1664103499948,94.7588284788529,TRUE,TRUE,TRUE
"nonutrition_age_5","24-35",48.5,0.182280645146825,0.0363724244077113,0.110990693307711,0.253570596985939,0.0164865959077473,1.65688146186938,63.1664103499948,94.7588284788529,TRUE,TRUE,TRUE
"nonutrition_age_5","24-35",49,0.182653595687657,0.0366095335586294,0.110898909912743,0.25440828146257,0.0164865959077473,1.65688146186938,63.1664103499948,94.7588284788529,TRUE,TRUE,TRUE
"nonutrition_age_5","24-35",49.5,0.182988886236565,0.0368673387098427,0.110728902365273,0.255248870107857,0.0164865959077473,1.65688146186938,63.1664103499948,94.7588284788529,TRUE,TRUE,TRUE
"nonutrition_age_5","24-35",50,0.183286420970796,0.0371450624191861,0.110482098629191,0.2560907433124,0.0164865959077473,1.65688146186938,63.1664103499948,94.7588284788529,TRUE,TRUE,TRUE
"nonutrition_age_5","24-35",50.5,0.183546104067596,0.0374415466669416,0.110160672600391,0.256931535534802,0.0164865959077473,1.65688146186938,63.1664103499948,94.7588284788529,TRUE,TRUE,TRUE
"nonutrition_age_5","24-35",51,0.183767839704214,0.0377552931469385,0.109767465136214,0.257768214272213,0.0164865959077473,1.65688146186938,63.1664103499948,94.7588284788529,TRUE,TRUE,TRUE
"nonutrition_age_5","24-35",51.5,0.183951532057894,0.0380845085977826,0.10930589520624,0.258597168909548,0.0164865959077473,1.65688146186938,63.1664103499948,94.7588284788529,TRUE,TRUE,TRUE
"nonutrition_age_5","24-35",52,0.184097085305884,0.0384271540355601,0.108779863396187,0.259414307215582,0.0164865959077473,1.65688146186938,63.1664103499948,94.7588284788529,TRUE,TRUE,TRUE
"nonutrition_age_5","24-35",52.5,0.184204403625431,0.0387809968053453,0.108193649886954,0.260215157363908,0.0164865959077473,1.65688146186938,63.1664103499948,94.7588284788529,TRUE,TRUE,TRUE
"nonutrition_age_5","24-35",53,0.184273391193781,0.0391436644917337,0.107551808789983,0.260994973597579,0.0164865959077473,1.65688146186938,63.1664103499948,94.7588284788529,TRUE,TRUE,TRUE
"nonutrition_age_5","24-35",53.5,0.184303952188182,0.0395126999008527,0.10685906038251,0.261748843993853,0.0164865959077473,1.65688146186938,63.1664103499948,94.7588284788529,TRUE,TRUE,TRUE
"nonutrition_age_5","24-35",54,0.184295990785879,0.0398856165289984,0.106120182389042,0.262471799182716,0.0164865959077473,1.65688146186938,63.1664103499948,94.7588284788529,TRUE,TRUE,TRUE
"nonutrition_age_5","24-35",54.5,0.184249411164119,0.0402599541481833,0.10533990103368,0.263158921294559,0.0164865959077473,1.65688146186938,63.1664103499948,94.7588284788529,TRUE,TRUE,TRUE
"nonutrition_age_5","24-35",55,0.18416411750015,0.0406333343508584,0.104522782172468,0.263805452827833,0.0164865959077473,1.65688146186938,63.1664103499948,94.7588284788529,TRUE,TRUE,TRUE
"nonutrition_age_5","24-35",55.5,0.184040013971218,0.0410035160924091,0.103673122430096,0.26440690551234,0.0164865959077473,1.65688146186938,63.1664103499948,94.7588284788529,TRUE,TRUE,TRUE
"nonutrition_age_5","24-35",56,0.183877004754569,0.0413684514414361,0.102794839929355,0.264959169579784,0.0164865959077473,1.65688146186938,63.1664103499948,94.7588284788529,TRUE,TRUE,TRUE
"nonutrition_age_5","24-35",56.5,0.183674994027451,0.0417263418876941,0.101891363927571,0.265458624127332,0.0164865959077473,1.65688146186938,63.1664103499948,94.7588284788529,TRUE,TRUE,TRUE
"nonutrition_age_5","24-35",57,0.183433977884127,0.0420759238007208,0.100965167234714,0.26590278853354,0.0164865959077473,1.65688146186938,63.1664103499948,94.7588284788529,TRUE,TRUE,TRUE
"nonutrition_age_5","24-35",57.5,0.183154356514226,0.0424173199230592,0.10001640946503,0.266292303563422,0.0164865959077473,1.65688146186938,63.1664103499948,94.7588284788529,TRUE,TRUE,TRUE
"nonutrition_age_5","24-35",58,0.182836641122587,0.0427513624213312,0.0990439707767778,0.266629311468396,0.0164865959077473,1.65688146186938,63.1664103499948,94.7588284788529,TRUE,TRUE,TRUE
"nonutrition_age_5","24-35",58.5,0.182481342917201,0.0430792917306015,0.0980459311252218,0.26691675470918,0.0164865959077473,1.65688146186938,63.1664103499948,94.7588284788529,TRUE,TRUE,TRUE
"nonutrition_age_5","24-35",59,0.182088973106059,0.0434027230098569,0.0970196360067394,0.267158310205378,0.0164865959077473,1.65688146186938,63.1664103499948,94.7588284788529,TRUE,TRUE,TRUE
"nonutrition_age_5","24-35",59.5,0.181660042897153,0.0437236146967958,0.0959617580914331,0.267358327702872,0.0164865959077473,1.65688146186938,63.1664103499948,94.7588284788529,TRUE,TRUE,TRUE
"nonutrition_age_5","24-35",60,0.181195063498474,0.0440442385110058,0.0948683560169026,0.267521770980045,0.0164865959077473,1.65688146186938,63.1664103499948,94.7588284788529,TRUE,TRUE,TRUE
"nonutrition_age_5","24-35",60.5,0.180694546118013,0.0443671502798056,0.0937349315695946,0.267654160666432,0.0164865959077473,1.65688146186938,63.1664103499948,94.7588284788529,TRUE,TRUE,TRUE
"nonutrition_age_5","24-35",61,0.180159001963763,0.0446951609996812,0.0925564864043881,0.267761517523138,0.0164865959077473,1.65688146186938,63.1664103499948,94.7588284788529,TRUE,TRUE,TRUE
"nonutrition_age_5","24-35",61.5,0.179588942243714,0.045031307604239,0.091327579339406,0.267850305148023,0.0164865959077473,1.65688146186938,63.1664103499948,94.7588284788529,TRUE,TRUE,TRUE
"nonutrition_age_5","24-35",62,0.178984878165858,0.0453788229863112,0.0900423851126883,0.267927371219028,0.0164865959077473,1.65688146186938,63.1664103499948,94.7588284788529,TRUE,TRUE,TRUE
"nonutrition_age_5","24-35",62.5,0.178347320938187,0.0457411049170925,0.0886947553006852,0.267999886575688,0.0164865959077473,1.65688146186938,63.1664103499948,94.7588284788529,TRUE,TRUE,TRUE
"nonutrition_age_5","24-35",63,0.177676781768691,0.0461216836184449,0.0872782818765386,0.268075281660843,0.0164865959077473,1.65688146186938,63.1664103499948,94.7588284788529,TRUE,TRUE,TRUE
"nonutrition_age_5","24-35",63.1664103499948,0.177446385385651,0.04625302991246,0.0867904467572293,0.268102324014073,0.0164865959077473,1.65688146186938,63.1664103499948,94.7588284788529,TRUE,TRUE,TRUE
"nonutrition_age_5","24-35",63.5,0.176973771865361,0.0465241878743331,0.0857863636316685,0.268161180099054,0.0164865959077473,1.65688146186938,63.1664103499948,94.7588284788529,TRUE,FALSE,TRUE
"nonutrition_age_5","24-35",64,0.176238802436191,0.0469523097107684,0.084212275403085,0.268265329469297,0.0164865959077473,1.65688146186938,63.1664103499948,94.7588284788529,TRUE,FALSE,TRUE
"nonutrition_age_5","24-35",64.5,0.175472384689171,0.0474097678258192,0.0825492397505649,0.268395529627776,0.0164865959077473,1.65688146186938,63.1664103499948,94.7588284788529,TRUE,FALSE,TRUE
"nonutrition_age_5","24-35",65,0.174675029832291,0.0479002701053556,0.0807905004257944,0.268559559238788,0.0164865959077473,1.65688146186938,63.1664103499948,94.7588284788529,TRUE,FALSE,TRUE
"nonutrition_age_5","24-35",65.5,0.173847249073545,0.0484274757075684,0.0789293966867111,0.268765101460379,0.0164865959077473,1.65688146186938,63.1664103499948,94.7588284788529,TRUE,FALSE,TRUE
"nonutrition_age_5","24-35",66,0.172989553620923,0.0489949573299874,0.0769594372541474,0.269019669987698,0.0164865959077473,1.65688146186938,63.1664103499948,94.7588284788529,TRUE,FALSE,TRUE
"nonutrition_age_5","24-35",66.5,0.172102454682416,0.0496061643763134,0.074874372504842,0.269330536859991,0.0164865959077473,1.65688146186938,63.1664103499948,94.7588284788529,TRUE,FALSE,TRUE
"nonutrition_age_5","24-35",67,0.171186463466017,0.0502643878071623,0.0726682633639785,0.269704663568055,0.0164865959077473,1.65688146186938,63.1664103499948,94.7588284788529,TRUE,FALSE,TRUE
"nonutrition_age_5","24-35",67.5,0.170242091179716,0.0509727274810448,0.0703355453168677,0.270148637042563,0.0164865959077473,1.65688146186938,63.1664103499948,94.7588284788529,TRUE,FALSE,TRUE
"nonutrition_age_5","24-35",68,0.169269849031504,0.0517340627649471,0.067871086012208,0.270668612050801,0.0164865959077473,1.65688146186938,63.1664103499948,94.7588284788529,TRUE,FALSE,TRUE
"nonutrition_age_5","24-35",68.5,0.168270248229374,0.052551027117191,0.0652702350796798,0.271270261379069,0.0164865959077473,1.65688146186938,63.1664103499948,94.7588284788529,TRUE,FALSE,TRUE
"nonutrition_age_5","24-35",69,0.167243799981317,0.0534259872227879,0.0625288650246526,0.271958734937981,0.0164865959077473,1.65688146186938,63.1664103499948,94.7588284788529,TRUE,FALSE,TRUE
"nonutrition_age_5","24-35",69.5,0.166191015495324,0.0543610271015464,0.0596434023762929,0.272738628614355,0.0164865959077473,1.65688146186938,63.1664103499948,94.7588284788529,TRUE,FALSE,TRUE
"nonutrition_age_5","24-35",70,0.165112405979386,0.0553579374236191,0.0566108486290927,0.273613963329679,0.0164865959077473,1.65688146186938,63.1664103499948,94.7588284788529,TRUE,FALSE,TRUE
"nonutrition_age_5","24-35",70.5,0.164008482641495,0.0564182100701038,0.0534287909040918,0.274588174378899,0.0164865959077473,1.65688146186938,63.1664103499948,94.7588284788529,TRUE,FALSE,TRUE
"nonutrition_age_5","24-35",71,0.162879756689643,0.057543037782537,0.0500954026358704,0.275664110743416,0.0164865959077473,1.65688146186938,63.1664103499948,94.7588284788529,TRUE,FALSE,TRUE
"nonutrition_age_5","24-35",71.5,0.16172673933182,0.058733318568422,0.0466094349377135,0.276844043725928,0.0164865959077473,1.65688146186938,63.1664103499948,94.7588284788529,TRUE,FALSE,TRUE
"nonutrition_age_5","24-35",72,0.160549941776019,0.0599896643816576,0.0429701995879703,0.278129683964068,0.0164865959077473,1.65688146186938,63.1664103499948,94.7588284788529,TRUE,FALSE,TRUE
"nonutrition_age_5","24-35",72.5,0.15934987523023,0.0613124134847503,0.0391775448001198,0.279522205660341,0.0164865959077473,1.65688146186938,63.1664103499948,94.7588284788529,TRUE,FALSE,TRUE
"nonutrition_age_5","24-35",73,0.158127050902446,0.0627016458279367,0.0352318250796897,0.281022276725202,0.0164865959077473,1.65688146186938,63.1664103499948,94.7588284788529,TRUE,FALSE,TRUE
"nonutrition_age_5","24-35",73.5,0.156881980000656,0.0641572007488989,0.0311338665328147,0.282630093468498,0.0164865959077473,1.65688146186938,63.1664103499948,94.7588284788529,TRUE,FALSE,TRUE
"nonutrition_age_5","24-35",74,0.155615173732854,0.065678696302365,0.0268849289802187,0.284345418485489,0.0164865959077473,1.65688146186938,63.1664103499948,94.7588284788529,TRUE,FALSE,TRUE
"nonutrition_age_5","24-35",74.5,0.15432714330703,0.0672655495658496,0.0224866661579647,0.286167620456095,0.0164865959077473,1.65688146186938,63.1664103499948,94.7588284788529,TRUE,FALSE,TRUE
"nonutrition_age_5","24-35",75,0.153018399931176,0.0689169973288937,0.0179410851665441,0.288095714695807,0.0164865959077473,1.65688146186938,63.1664103499948,94.7588284788529,TRUE,FALSE,TRUE
"nonutrition_age_5","24-35",75.5,0.151689454813282,0.070632116650696,0.013250506177918,0.290128403448646,0.0164865959077473,1.65688146186938,63.1664103499948,94.7588284788529,TRUE,FALSE,TRUE
"nonutrition_age_5","24-35",76,0.150340819161342,0.0724098448575522,0.00841752324053913,0.292264115082144,0.0164865959077473,1.65688146186938,63.1664103499948,94.7588284788529,TRUE,FALSE,TRUE
"nonutrition_age_5","24-35",76.5,0.148973004183345,0.0742489986404771,0.00344496684800966,0.29450104151868,0.0164865959077473,1.65688146186938,63.1664103499948,94.7588284788529,TRUE,FALSE,TRUE
"nonutrition_age_5","24-35",77,0.147586521087283,0.0761482919994925,-0.00166413123172193,0.296837173406289,0.0164865959077473,1.65688146186938,63.1664103499948,94.7588284788529,TRUE,FALSE,TRUE
"nonutrition_age_5","24-35",77.5,0.146181881081149,0.0781063528603931,-0.0069065705252217,0.299270332687519,0.0164865959077473,1.65688146186938,63.1664103499948,94.7588284788529,TRUE,FALSE,TRUE
"nonutrition_age_5","24-35",78,0.144759595372932,0.080121738259802,-0.0122790116162797,0.301798202362144,0.0164865959077473,1.65688146186938,63.1664103499948,94.7588284788529,TRUE,FALSE,TRUE
"nonutrition_age_5","24-35",78.5,0.143320175170626,0.0821929480536592,-0.0177780030145463,0.304418353355798,0.0164865959077473,1.65688146186938,63.1664103499948,94.7588284788529,TRUE,FALSE,TRUE
"nonutrition_age_5","24-35",79,0.14186413168222,0.0843184371525693,-0.023400005136816,0.307128268501256,0.0164865959077473,1.65688146186938,63.1664103499948,94.7588284788529,TRUE,FALSE,TRUE
"nonutrition_age_5","24-35",79.5,0.140391976115707,0.0864966263250759,-0.0291414114814422,0.309925363712855,0.0164865959077473,1.65688146186938,63.1664103499948,94.7588284788529,TRUE,FALSE,TRUE
"nonutrition_age_5","24-35",80,0.138904219679077,0.0887259116377896,-0.0349985671309903,0.312807006489145,0.0164865959077473,1.65688146186938,63.1664103499948,94.7588284788529,TRUE,FALSE,TRUE
"nonutrition_age_5","24-35",80.5,0.137401373580323,0.0910046726205991,-0.040967784756051,0.315770531916697,0.0164865959077473,1.65688146186938,63.1664103499948,94.7588284788529,TRUE,FALSE,TRUE
"nonutrition_age_5","24-35",81,0.135883949027436,0.0933312792572391,-0.0470453583167528,0.318813256371624,0.0164865959077473,1.65688146186938,63.1664103499948,94.7588284788529,TRUE,FALSE,TRUE
"nonutrition_age_5","24-35",81.5,0.134352457228407,0.0957040979076313,-0.0532275746705508,0.321932489127364,0.0164865959077473,1.65688146186938,63.1664103499948,94.7588284788529,TRUE,FALSE,TRUE
"nonutrition_age_5","24-35",82,0.132807409391227,0.0981214962699151,-0.0595107232978067,0.32512554208026,0.0164865959077473,1.65688146186938,63.1664103499948,94.7588284788529,TRUE,FALSE,TRUE
"nonutrition_age_5","24-35",82.5,0.131249316723888,0.100581847488073,-0.0658911043527341,0.32838973780051,0.0164865959077473,1.65688146186938,63.1664103499948,94.7588284788529,TRUE,FALSE,TRUE
"nonutrition_age_5","24-35",83,0.129678690434382,0.103083533506519,-0.0723650352383947,0.331722416107159,0.0164865959077473,1.65688146186938,63.1664103499948,94.7588284788529,TRUE,FALSE,TRUE
"nonutrition_age_5","24-35",83.5,0.128096041730699,0.105624947766778,-0.0789288558921847,0.335120939353583,0.0164865959077473,1.65688146186938,63.1664103499948,94.7588284788529,TRUE,FALSE,TRUE
"nonutrition_age_5","24-35",84,0.126501881820832,0.108204497334073,-0.0855789329539517,0.338582696595616,0.0164865959077473,1.65688146186938,63.1664103499948,94.7588284788529,TRUE,FALSE,TRUE
"nonutrition_age_5","24-35",84.5,0.124896721912771,0.110820604533838,-0.0923116629735504,0.342105106799093,0.0164865959077473,1.65688146186938,63.1664103499948,94.7588284788529,TRUE,FALSE,TRUE
"nonutrition_age_5","24-35",85,0.123281073214509,0.113471708170171,-0.0991234747990257,0.345685621228043,0.0164865959077473,1.65688146186938,63.1664103499948,94.7588284788529,TRUE,FALSE,TRUE
"nonutrition_age_5","24-35",85.5,0.121655446934036,0.116156264390475,-0.106010831271295,0.349321725139366,0.0164865959077473,1.65688146186938,63.1664103499948,94.7588284788529,TRUE,FALSE,TRUE
"nonutrition_age_5","24-35",86,0.120020354279343,0.11887274725301,-0.112970230336557,0.353010938895244,0.0164865959077473,1.65688146186938,63.1664103499948,94.7588284788529,TRUE,FALSE,TRUE
"nonutrition_age_5","24-35",86.5,0.118376306458424,0.121619649047126,-0.119998205673944,0.356750818590791,0.0164865959077473,1.65688146186938,63.1664103499948,94.7588284788529,TRUE,FALSE,TRUE
"nonutrition_age_5","24-35",87,0.116723814679267,0.124395480409474,-0.127091326923302,0.360538956281837,0.0164865959077473,1.65688146186938,63.1664103499948,94.7588284788529,TRUE,FALSE,TRUE
"nonutrition_age_5","24-35",87.5,0.115063390149866,0.127198770273663,-0.134246199586513,0.364372979886246,0.0164865959077473,1.65688146186938,63.1664103499948,94.7588284788529,TRUE,FALSE,TRUE
"nonutrition_age_5","24-35",88,0.113395544078212,0.130028065685541,-0.141459464665448,0.368250552821872,0.0164865959077473,1.65688146186938,63.1664103499948,94.7588284788529,TRUE,FALSE,TRUE
"nonutrition_age_5","24-35",88.5,0.111720787672295,0.132881931511614,-0.148727798090467,0.372169373435058,0.0164865959077473,1.65688146186938,63.1664103499948,94.7588284788529,TRUE,FALSE,TRUE
"nonutrition_age_5","24-35",89,0.110039632140108,0.135758950063966,-0.156047909985264,0.376127174265481,0.0164865959077473,1.65688146186938,63.1664103499948,94.7588284788529,TRUE,FALSE,TRUE
"nonutrition_age_5","24-35",89.5,0.108352588689642,0.138657720661419,-0.16341654380674,0.380121721186024,0.0164865959077473,1.65688146186938,63.1664103499948,94.7588284788529,TRUE,FALSE,TRUE
"nonutrition_age_5","24-35",90,0.106660168528888,0.14157685914352,-0.170830475392411,0.384150812450186,0.0164865959077473,1.65688146186938,63.1664103499948,94.7588284788529,TRUE,FALSE,TRUE
"nonutrition_age_5","24-35",90.5,0.104962882865837,0.144514997351181,-0.178286511942477,0.388212277674152,0.0164865959077473,1.65688146186938,63.1664103499948,94.7588284788529,TRUE,FALSE,TRUE
"nonutrition_age_5","24-35",91,0.103261242908482,0.14747078258548,-0.185781490959058,0.392303976776023,0.0164865959077473,1.65688146186938,63.1664103499948,94.7588284788529,TRUE,FALSE,TRUE
"nonutrition_age_5","24-35",91.5,0.101555759864813,0.15044287705406,-0.193312279161145,0.396423798890772,0.0164865959077473,1.65688146186938,63.1664103499948,94.7588284788529,TRUE,FALSE,TRUE
"nonutrition_age_5","24-35",92,0.0998469449428222,0.153429957312877,-0.200875771390418,0.400569661276062,0.0164865959077473,1.65688146186938,63.1664103499948,94.7588284788529,TRUE,FALSE,TRUE
"nonutrition_age_5","24-35",92.5,0.0981353093505006,0.156430713709554,-0.208468889520225,0.404739508221226,0.0164865959077473,1.65688146186938,63.1664103499948,94.7588284788529,TRUE,FALSE,TRUE
"nonutrition_age_5","24-35",93,0.0964213642958397,0.159443849833373,-0.216088581377572,0.408931309969251,0.0164865959077473,1.65688146186938,63.1664103499948,94.7588284788529,TRUE,FALSE,TRUE
"nonutrition_age_5","24-35",93.5,0.0947056209868309,0.16246808197589,-0.223731819685913,0.413143061659574,0.0164865959077473,1.65688146186938,63.1664103499948,94.7588284788529,TRUE,FALSE,TRUE
"nonutrition_age_5","24-35",94,0.0929885906314658,0.165502138605257,-0.231395601034839,0.41737278229777,0.0164865959077473,1.65688146186938,63.1664103499948,94.7588284788529,TRUE,FALSE,TRUE
"nonutrition_age_5","24-35",94.5,0.0912707844377356,0.168544759856651,-0.239076944881301,0.421618513756772,0.0164865959077473,1.65688146186938,63.1664103499948,94.7588284788529,TRUE,FALSE,TRUE
"nonutrition_age_5","24-35",94.7588284788529,0.0903814138730671,0.170122746141741,-0.243059168564745,0.423821996310879,0.0164865959077473,1.65688146186938,63.1664103499948,94.7588284788529,TRUE,FALSE,TRUE
"nonutrition_age_5","24-35",95,0.089552704052387,0.171594713509889,-0.246772934426996,0.42587834253177,0.0164865959077473,1.65688146186938,63.1664103499948,94.7588284788529,FALSE,FALSE,TRUE
"nonutrition_age_5","24-35",95.5,0.087834611848261,0.174651192081136,-0.254481724630765,0.430150948327287,0.0164865959077473,1.65688146186938,63.1664103499948,94.7588284788529,FALSE,FALSE,TRUE
"nonutrition_age_5","24-35",96,0.0861165196441351,0.177713839678847,-0.262202606126404,0.434435645414674,0.0164865959077473,1.65688146186938,63.1664103499948,94.7588284788529,FALSE,FALSE,TRUE
"nonutrition_age_5","24-35",96.5,0.0843984274400092,0.180782342773436,-0.269934964395925,0.438731819275943,0.0164865959077473,1.65688146186938,63.1664103499948,94.7588284788529,FALSE,FALSE,TRUE
"nonutrition_age_5","24-35",97,0.0826803352358833,0.183856408186175,-0.27767822480902,0.443038895280786,0.0164865959077473,1.65688146186938,63.1664103499948,94.7588284788529,FALSE,FALSE,TRUE
"nonutrition_age_5","24-35",97.5,0.0809622430317573,0.186935761508618,-0.285431849525134,0.447356335588649,0.0164865959077473,1.65688146186938,63.1664103499948,94.7588284788529,FALSE,FALSE,TRUE
"nonutrition_age_5","24-35",98,0.0792441508276314,0.190020145662792,-0.293195334671441,0.451683636326704,0.0164865959077473,1.65688146186938,63.1664103499948,94.7588284788529,FALSE,FALSE,TRUE
"nonutrition_age_5","24-35",98.5,0.0775260586235054,0.193109319588224,-0.300968207769413,0.456020325016424,0.0164865959077473,1.65688146186938,63.1664103499948,94.7588284788529,FALSE,FALSE,TRUE
"nonutrition_age_5","24-35",99,0.0758079664193795,0.196203057043363,-0.308750025385611,0.46036595822437,0.0164865959077473,1.65688146186938,63.1664103499948,94.7588284788529,FALSE,FALSE,TRUE
"nonutrition_age_5","24-35",99.5,0.0740898742152536,0.199301145510284,-0.316540370984903,0.46472011941541,0.0164865959077473,1.65688146186938,63.1664103499948,94.7588284788529,FALSE,FALSE,TRUE
"nonutrition_age_5","24-35",100,0.0723717820111276,0.202403385192733,-0.32433885296663,0.469082416988885,0.0164865959077473,1.65688146186938,63.1664103499948,94.7588284788529,FALSE,FALSE,TRUE
"nonutrition_age_6","36-47",0,-0.624397338326562,0.0730895151685042,-0.76765278805683,-0.481141888596293,0.0164865959077473,1.63072782313877,63.4224439457188,94.7588284788529,FALSE,FALSE,TRUE
"nonutrition_age_6","36-47",0.0164865959077473,-0.623785944682972,0.0730083757793114,-0.766882361210423,-0.480689528155522,0.0164865959077473,1.63072782313877,63.4224439457188,94.7588284788529,TRUE,FALSE,TRUE
"nonutrition_age_6","36-47",0.5,-0.605856857463847,0.070630511425614,-0.74429265985805,-0.467421055069643,0.0164865959077473,1.63072782313877,63.4224439457188,94.7588284788529,TRUE,FALSE,TRUE
"nonutrition_age_6","36-47",1,-0.587327042306851,0.0681769035849214,-0.720953773333297,-0.453700311280405,0.0164865959077473,1.63072782313877,63.4224439457188,94.7588284788529,TRUE,FALSE,TRUE
"nonutrition_age_6","36-47",1.5,-0.568818922101098,0.0657313513237799,-0.697652370695707,-0.43998547350649,0.0164865959077473,1.63072782313877,63.4224439457188,94.7588284788529,TRUE,FALSE,TRUE
"nonutrition_age_6","36-47",1.63072782313877,-0.563984818284378,0.065093606137767,-0.691568286314401,-0.436401350254355,0.0164865959077473,1.63072782313877,63.4224439457188,94.7588284788529,TRUE,TRUE,TRUE
"nonutrition_age_6","36-47",2,-0.550343526158008,0.0632965062180525,-0.674404678345391,-0.426282373970625,0.0164865959077473,1.63072782313877,63.4224439457188,94.7588284788529,TRUE,TRUE,TRUE
"nonutrition_age_6","36-47",2.5,-0.531911883789004,0.0608750094940708,-0.651226902397383,-0.412596865180625,0.0164865959077473,1.63072782313877,63.4224439457188,94.7588284788529,TRUE,TRUE,TRUE
"nonutrition_age_6","36-47",3,-0.513535024305506,0.0584694895359346,-0.628135223795938,-0.398934824815074,0.0164865959077473,1.63072782313877,63.4224439457188,94.7588284788529,TRUE,TRUE,TRUE
"nonutrition_age_6","36-47",3.5,-0.495223977018937,0.0560825590857248,-0.605145792826957,-0.385302161210916,0.0164865959077473,1.63072782313877,63.4224439457188,94.7588284788529,TRUE,TRUE,TRUE
"nonutrition_age_6","36-47",4,-0.476989771240717,0.0537168120803555,-0.582274722918214,-0.37170481956322,0.0164865959077473,1.63072782313877,63.4224439457188,94.7588284788529,TRUE,TRUE,TRUE
"nonutrition_age_6","36-47",4.5,-0.458843436282269,0.0513748200592054,-0.559538083598312,-0.358148788966227,0.0164865959077473,1.63072782313877,63.4224439457188,94.7588284788529,TRUE,TRUE,TRUE
"nonutrition_age_6","36-47",5,-0.440796001455014,0.0490591280653212,-0.536951892463044,-0.344640110446985,0.0164865959077473,1.63072782313877,63.4224439457188,94.7588284788529,TRUE,TRUE,TRUE
"nonutrition_age_6","36-47",5.5,-0.422858496070374,0.0467722499496128,-0.514532105971615,-0.331184886169133,0.0164865959077473,1.63072782313877,63.4224439457188,94.7588284788529,TRUE,TRUE,TRUE
"nonutrition_age_6","36-47",6,-0.405041949439769,0.0445166629717291,-0.492294608864359,-0.31778929001518,0.0164865959077473,1.63072782313877,63.4224439457188,94.7588284788529,TRUE,TRUE,TRUE
"nonutrition_age_6","36-47",6.5,-0.387357390874623,0.0422948015729037,-0.470255201957514,-0.304459579791732,0.0164865959077473,1.63072782313877,63.4224439457188,94.7588284788529,TRUE,TRUE,TRUE
"nonutrition_age_6","36-47",7,-0.369815849686356,0.0401090501746438,-0.448429588028658,-0.291202111344054,0.0164865959077473,1.63072782313877,63.4224439457188,94.7588284788529,TRUE,TRUE,TRUE
"nonutrition_age_6","36-47",7.5,-0.352428355186389,0.0379617348324101,-0.426833355457913,-0.278023354914866,0.0164865959077473,1.63072782313877,63.4224439457188,94.7588284788529,TRUE,TRUE,TRUE
"nonutrition_age_6","36-47",8,-0.335205936686145,0.0358551135451467,-0.405481959234633,-0.264929914137658,0.0164865959077473,1.63072782313877,63.4224439457188,94.7588284788529,TRUE,TRUE,TRUE
"nonutrition_age_6","36-47",8.5,-0.318159623497045,0.0337913649895977,-0.384390698876657,-0.251928548117434,0.0164865959077473,1.63072782313877,63.4224439457188,94.7588284788529,TRUE,TRUE,TRUE
"nonutrition_age_6","36-47",9,-0.301300444930511,0.031772575412918,-0.36357469273983,-0.239026197121192,0.0164865959077473,1.63072782313877,63.4224439457188,94.7588284788529,TRUE,TRUE,TRUE
"nonutrition_age_6","36-47",9.5,-0.284639430297964,0.0298007233787422,-0.343048848120299,-0.226230012475629,0.0164865959077473,1.63072782313877,63.4224439457188,94.7588284788529,TRUE,TRUE,TRUE
"nonutrition_age_6","36-47",10,-0.268187608910825,0.0278776620217686,-0.322827826473492,-0.213547391348159,0.0164865959077473,1.63072782313877,63.4224439457188,94.7588284788529,TRUE,TRUE,TRUE
"nonutrition_age_6","36-47",10.5,-0.251956010080517,0.0260050984261911,-0.302926002995852,-0.200986017165183,0.0164865959077473,1.63072782313877,63.4224439457188,94.7588284788529,TRUE,TRUE,TRUE
"nonutrition_age_6","36-47",11,-0.235955663118461,0.0241845697073838,-0.283357419744933,-0.188553906491989,0.0164865959077473,1.63072782313877,63.4224439457188,94.7588284788529,TRUE,TRUE,TRUE
"nonutrition_age_6","36-47",11.5,-0.220197597336078,0.0224174153494078,-0.264135731420917,-0.176259463251239,0.0164865959077473,1.63072782313877,63.4224439457188,94.7588284788529,TRUE,TRUE,TRUE
"nonutrition_age_6","36-47",12,-0.20469284204479,0.0207047453408863,-0.245274142912927,-0.164111541176653,0.0164865959077473,1.63072782313877,63.4224439457188,94.7588284788529,TRUE,TRUE,TRUE
"nonutrition_age_6","36-47",12.5,-0.189452426556019,0.0190474036694161,-0.226785337748074,-0.152119515363963,0.0164865959077473,1.63072782313877,63.4224439457188,94.7588284788529,TRUE,TRUE,TRUE
"nonutrition_age_6","36-47",13,-0.174487380181185,0.0174459267945146,-0.208681396698434,-0.140293363663937,0.0164865959077473,1.63072782313877,63.4224439457188,94.7588284788529,TRUE,TRUE,TRUE
"nonutrition_age_6","36-47",13.5,-0.159808732231712,0.0159004968397788,-0.190973706037678,-0.128643758425746,0.0164865959077473,1.63072782313877,63.4224439457188,94.7588284788529,TRUE,TRUE,TRUE
"nonutrition_age_6","36-47",14,-0.14542751201902,0.0144108894489355,-0.173672855338933,-0.117182168699106,0.0164865959077473,1.63072782313877,63.4224439457188,94.7588284788529,TRUE,TRUE,TRUE
"nonutrition_age_6","36-47",14.5,-0.13135474885453,0.0129764165627459,-0.156788525317512,-0.105920972391548,0.0164865959077473,1.63072782313877,63.4224439457188,94.7588284788529,TRUE,TRUE,TRUE
"nonutrition_age_6","36-47",15,-0.117601472049665,0.0115958648185696,-0.140329367094062,-0.0948735770052689,0.0164865959077473,1.63072782313877,63.4224439457188,94.7588284788529,TRUE,TRUE,TRUE
"nonutrition_age_6","36-47",15.5,-0.104178710915846,0.010267430869726,-0.124302875420509,-0.0840545464111832,0.0164865959077473,1.63072782313877,63.4224439457188,94.7588284788529,TRUE,TRUE,TRUE
"nonutrition_age_6","36-47",16,-0.0910974947644947,0.0089886556705686,-0.108715259878809,-0.0734797296501803,0.0164865959077473,1.63072782313877,63.4224439457188,94.7588284788529,TRUE,TRUE,TRUE
"nonutrition_age_6","36-47",16.5,-0.0783688529070322,0.00775636065232545,-0.0935713197855901,-0.0631663860284744,0.0164865959077473,1.63072782313877,63.4224439457188,94.7588284788529,TRUE,TRUE,TRUE
"nonutrition_age_6","36-47",17,-0.0660038146548805,0.00656658966462894,-0.0788743303975532,-0.0531332989122078,0.0164865959077473,1.63072782313877,63.4224439457188,94.7588284788529,TRUE,TRUE,TRUE
"nonutrition_age_6","36-47",17.5,-0.0540134093194612,0.00541456148172786,-0.0646259498236478,-0.0434008688152746,0.0164865959077473,1.63072782313877,63.4224439457188,94.7588284788529,TRUE,TRUE,TRUE
"nonutrition_age_6","36-47",18,-0.0424086662121956,0.00429463848120199,-0.0508261576353515,-0.0339911747890397,0.0164865959077473,1.63072782313877,63.4224439457188,94.7588284788529,TRUE,TRUE,TRUE
"nonutrition_age_6","36-47",18.5,-0.0312006146445052,0.003200317977734,-0.0374732378808639,-0.0249279914081466,0.0164865959077473,1.63072782313877,63.4224439457188,94.7588284788529,TRUE,TRUE,TRUE
"nonutrition_age_6","36-47",19,-0.020398952600797,0.00212432794519029,-0.02456263537337,-0.016235269828224,0.0164865959077473,1.63072782313877,63.4224439457188,94.7588284788529,TRUE,TRUE,TRUE
"nonutrition_age_6","36-47",19.5,-0.0100015332272789,0.001059603729275,-0.0120783565366579,-0.00792470991789987,0.0164865959077473,1.63072782313877,63.4224439457188,94.7588284788529,TRUE,TRUE,TRUE
"nonutrition_age_6","36-47",20,0,0,0,0,0.0164865959077473,1.63072782313877,63.4224439457188,94.7588284788529,TRUE,TRUE,TRUE
"nonutrition_age_6","36-47",20.5,0.00961405832606497,0.00105976430470689,0.00753692028883946,0.0116911963632905,0.0164865959077473,1.63072782313877,63.4224439457188,94.7588284788529,TRUE,TRUE,TRUE
"nonutrition_age_6","36-47",21,0.0188490529959414,0.00212410350815284,0.0146858101199619,0.023012295871921,0.0164865959077473,1.63072782313877,63.4224439457188,94.7588284788529,TRUE,TRUE,TRUE
"nonutrition_age_6","36-47",21.5,0.0277133952546548,0.00319658055600191,0.0214480973648911,0.0339786931444186,0.0164865959077473,1.63072782313877,63.4224439457188,94.7588284788529,TRUE,TRUE,TRUE
"nonutrition_age_6","36-47",22,0.0362154963472305,0.0042799385571897,0.0278268167751387,0.0446041759193223,0.0164865959077473,1.63072782313877,63.4224439457188,94.7588284788529,TRUE,TRUE,TRUE
"nonutrition_age_6","36-47",22.5,0.044363767518694,0.00537614466813047,0.0338265239691582,0.0549010110682297,0.0164865959077473,1.63072782313877,63.4224439457188,94.7588284788529,TRUE,TRUE,TRUE
"nonutrition_age_6","36-47",23,0.0521666200140705,0.00648644257065426,0.0394531925755882,0.0648800474525529,0.0164865959077473,1.63072782313877,63.4224439457188,94.7588284788529,TRUE,TRUE,TRUE
"nonutrition_age_6","36-47",23.5,0.0596324650783857,0.00761141015851586,0.0447141011676946,0.0745508289890768,0.0164865959077473,1.63072782313877,63.4224439457188,94.7588284788529,TRUE,TRUE,TRUE
"nonutrition_age_6","36-47",24,0.0667697139566648,0.0087510195734154,0.0496177155927706,0.083921712320559,0.0164865959077473,1.63072782313877,63.4224439457188,94.7588284788529,TRUE,TRUE,TRUE
"nonutrition_age_6","36-47",24.5,0.0735867778939334,0.00990469732057647,0.0541735711456035,0.0929999846422632,0.0164865959077473,1.63072782313877,63.4224439457188,94.7588284788529,TRUE,TRUE,TRUE
"nonutrition_age_6","36-47",25,0.0800920681352167,0.0110713827729802,0.0583921579001755,0.101791978370258,0.0164865959077473,1.63072782313877,63.4224439457188,94.7588284788529,TRUE,TRUE,TRUE
"nonutrition_age_6","36-47",25.5,0.0862939959255403,0.0122495838957436,0.0622848114898827,0.110303180361198,0.0164865959077473,1.63072782313877,63.4224439457188,94.7588284788529,TRUE,TRUE,TRUE
"nonutrition_age_6","36-47",26,0.0922009725099294,0.0134374294639006,0.0658636107606843,0.118538334259175,0.0164865959077473,1.63072782313877,63.4224439457188,94.7588284788529,TRUE,TRUE,TRUE
"nonutrition_age_6","36-47",26.5,0.0978214091334096,0.0146327174009429,0.0691412830275615,0.126501535239258,0.0164865959077473,1.63072782313877,63.4224439457188,94.7588284788529,TRUE,TRUE,TRUE
"nonutrition_age_6","36-47",27,0.103163717041006,0.0158329591359711,0.0721311171345029,0.13419631694751,0.0164865959077473,1.63072782313877,63.4224439457188,94.7588284788529,TRUE,TRUE,TRUE
"nonutrition_age_6","36-47",27.5,0.108236307477745,0.0170354200744526,0.0748468841318178,0.141625730823672,0.0164865959077473,1.63072782313877,63.4224439457188,94.7588284788529,TRUE,TRUE,TRUE
"nonutrition_age_6","36-47",28,0.113047591688651,0.01823715641432,0.0773027651165834,0.148792418260718,0.0164865959077473,1.63072782313877,63.4224439457188,94.7588284788529,TRUE,TRUE,TRUE
"nonutrition_age_6","36-47",28.5,0.117605980918749,0.019435048628625,0.0795132856066439,0.155698676230854,0.0164865959077473,1.63072782313877,63.4224439457188,94.7588284788529,TRUE,TRUE,TRUE
"nonutrition_age_6","36-47",29,0.121919886413066,0.0206258319903135,0.0814932557120511,0.16234651711408,0.0164865959077473,1.63072782313877,63.4224439457188,94.7588284788529,TRUE,TRUE,TRUE
"nonutrition_age_6","36-47",29.5,0.125997719416626,0.021806124544293,0.0832577153098113,0.16873772352344,0.0164865959077473,1.63072782313877,63.4224439457188,94.7588284788529,TRUE,TRUE,TRUE
"nonutrition_age_6","36-47",30,0.129847891174455,0.0229724529453556,0.0848218834015577,0.174873898947351,0.0164865959077473,1.63072782313877,63.4224439457188,94.7588284788529,TRUE,TRUE,TRUE
"nonutrition_age_6","36-47",30.5,0.133478812931578,0.0241212765844767,0.0862011108260035,0.180756515037152,0.0164865959077473,1.63072782313877,63.4224439457188,94.7588284788529,TRUE,TRUE,TRUE
"nonutrition_age_6","36-47",31,0.136898895933021,0.0252490104258342,0.0874108354983858,0.186386956367656,0.0164865959077473,1.63072782313877,63.4224439457188,94.7588284788529,TRUE,TRUE,TRUE
"nonutrition_age_6","36-47",31.5,0.140116551423809,0.0263520469766575,0.0884665393495605,0.191766563498058,0.0164865959077473,1.63072782313877,63.4224439457188,94.7588284788529,TRUE,TRUE,TRUE
"nonutrition_age_6","36-47",32,0.143140190648968,0.0274267778149579,0.0893837061316505,0.196896675166285,0.0164865959077473,1.63072782313877,63.4224439457188,94.7588284788529,TRUE,TRUE,TRUE
"nonutrition_age_6","36-47",32.5,0.145978224853523,0.0284696151088755,0.0901777792401266,0.201778670466919,0.0164865959077473,1.63072782313877,63.4224439457188,94.7588284788529,TRUE,TRUE,TRUE
"nonutrition_age_6","36-47",33,0.148639065282499,0.0294770135780317,0.0908641186695567,0.206414011895441,0.0164865959077473,1.63072782313877,63.4224439457188,94.7588284788529,TRUE,TRUE,TRUE
"nonutrition_age_6","36-47",33.5,0.151131123180922,0.0304454933739207,0.0914579561680371,0.210804290193806,0.0164865959077473,1.63072782313877,63.4224439457188,94.7588284788529,TRUE,TRUE,TRUE
"nonutrition_age_6","36-47",34,0.153462809793817,0.031371664395022,0.0919743475795737,0.21495127200806,0.0164865959077473,1.63072782313877,63.4224439457188,94.7588284788529,TRUE,TRUE,TRUE
"nonutrition_age_6","36-47",34.5,0.15564253636621,0.0322522526050768,0.092428121260259,0.21885695147216,0.0164865959077473,1.63072782313877,63.4224439457188,94.7588284788529,TRUE,TRUE,TRUE
"nonutrition_age_6","36-47",35,0.157678714143125,0.0330841289921576,0.0928338213184965,0.222523606967754,0.0164865959077473,1.63072782313877,63.4224439457188,94.7588284788529,TRUE,TRUE,TRUE
"nonutrition_age_6","36-47",35.5,0.15957975436959,0.0338643418943211,0.0932056442567203,0.225953864482459,0.0164865959077473,1.63072782313877,63.4224439457188,94.7588284788529,TRUE,TRUE,TRUE
"nonutrition_age_6","36-47",36,0.161354068290628,0.0345901535275365,0.0935573673766562,0.229150769204599,0.0164865959077473,1.63072782313877,63.4224439457188,94.7588284788529,TRUE,TRUE,TRUE
"nonutrition_age_6","36-47",36.5,0.163010067151265,0.0352590816861031,0.093902267046503,0.232117867256027,0.0164865959077473,1.63072782313877,63.4224439457188,94.7588284788529,TRUE,TRUE,TRUE
"nonutrition_age_6","36-47",37,0.164556162196527,0.035868947747632,0.0942530246111683,0.234859299781886,0.0164865959077473,1.63072782313877,63.4224439457188,94.7588284788529,TRUE,TRUE,TRUE
"nonutrition_age_6","36-47",37.5,0.166000726600254,0.0364179720528671,0.0946215013766341,0.237379951823873,0.0164865959077473,1.63072782313877,63.4224439457188,94.7588284788529,TRUE,TRUE,TRUE
"nonutrition_age_6","36-47",38,0.16734979630885,0.0369071998496826,0.0950116846034721,0.239687908014228,0.0164865959077473,1.63072782313877,63.4224439457188,94.7588284788529,TRUE,TRUE,TRUE
"nonutrition_age_6","36-47",38.5,0.168605753783716,0.0373417000386601,0.095416021707942,0.24179548585949,0.0164865959077473,1.63072782313877,63.4224439457188,94.7588284788529,TRUE,TRUE,TRUE
"nonutrition_age_6","36-47",39,0.169770663582466,0.0377269412525108,0.0958258587275453,0.243715468437388,0.0164865959077473,1.63072782313877,63.4224439457188,94.7588284788529,TRUE,TRUE,TRUE
"nonutrition_age_6","36-47",39.5,0.170846590262717,0.0380684220548807,0.0962324830351512,0.245460697490283,0.0164865959077473,1.63072782313877,63.4224439457188,94.7588284788529,TRUE,TRUE,TRUE
"nonutrition_age_6","36-47",40,0.171835598382083,0.0383716379599638,0.0966271879805542,0.247044008783612,0.0164865959077473,1.63072782313877,63.4224439457188,94.7588284788529,TRUE,TRUE,TRUE
"nonutrition_age_6","36-47",40.5,0.17273975249818,0.0386420480157532,0.0970013383873036,0.248478166609056,0.0164865959077473,1.63072782313877,63.4224439457188,94.7588284788529,TRUE,TRUE,TRUE
"nonutrition_age_6","36-47",41,0.173561117168622,0.0388850403357221,0.0973464381106069,0.249775796226637,0.0164865959077473,1.63072782313877,63.4224439457188,94.7588284788529,TRUE,TRUE,TRUE
"nonutrition_age_6","36-47",41.5,0.174301756951025,0.039105896241361,0.0976542003179577,0.250949313584093,0.0164865959077473,1.63072782313877,63.4224439457188,94.7588284788529,TRUE,TRUE,TRUE
"nonutrition_age_6","36-47",42,0.174963736403005,0.0393097529323485,0.0979166206556016,0.252010852150408,0.0164865959077473,1.63072782313877,63.4224439457188,94.7588284788529,TRUE,TRUE,TRUE
"nonutrition_age_6","36-47",42.5,0.175549120082175,0.0395015648425388,0.0981260529907992,0.252972187173551,0.0164865959077473,1.63072782313877,63.4224439457188,94.7588284788529,TRUE,TRUE,TRUE
"nonutrition_age_6","36-47",43,0.176059972546152,0.0396860640712466,0.098275286966509,0.253844658125796,0.0164865959077473,1.63072782313877,63.4224439457188,94.7588284788529,TRUE,TRUE,TRUE
"nonutrition_age_6","36-47",43.5,0.176498358352552,0.0398677204972171,0.098357626178006,0.254639090527097,0.0164865959077473,1.63072782313877,63.4224439457188,94.7588284788529,TRUE,TRUE,TRUE
"nonutrition_age_6","36-47",44,0.176866342058987,0.0400507023791717,0.0983669653958109,0.255365718722164,0.0164865959077473,1.63072782313877,63.4224439457188,94.7588284788529,TRUE,TRUE,TRUE
"nonutrition_age_6","36-47",44.5,0.177165988223076,0.0402388384105079,0.0982978649384801,0.256034111507671,0.0164865959077473,1.63072782313877,63.4224439457188,94.7588284788529,TRUE,TRUE,TRUE
"nonutrition_age_6","36-47",45,0.177399361402431,0.0404355823136371,0.0981456200677026,0.25665310273716,0.0164865959077473,1.63072782313877,63.4224439457188,94.7588284788529,TRUE,TRUE,TRUE
"nonutrition_age_6","36-47",45.5,0.17756852615467,0.0406439811190678,0.0979063231612968,0.257230729148043,0.0164865959077473,1.63072782313877,63.4224439457188,94.7588284788529,TRUE,TRUE,TRUE
"nonutrition_age_6","36-47",46,0.177675547037406,0.0408666482658682,0.0975769164363041,0.257774177638507,0.0164865959077473,1.63072782313877,63.4224439457188,94.7588284788529,TRUE,TRUE,TRUE
"nonutrition_age_6","36-47",46.5,0.177722488608255,0.0411057425785504,0.097155233154296,0.258289744062214,0.0164865959077473,1.63072782313877,63.4224439457188,94.7588284788529,TRUE,TRUE,TRUE
"nonutrition_age_6","36-47",47,0.177711415424832,0.0413629540220677,0.0966400255415798,0.258782805308085,0.0164865959077473,1.63072782313877,63.4224439457188,94.7588284788529,TRUE,TRUE,TRUE
"nonutrition_age_6","36-47",47.5,0.177644392044753,0.0416394969200033,0.0960309780815469,0.25925780600796,0.0164865959077473,1.63072782313877,63.4224439457188,94.7588284788529,TRUE,TRUE,TRUE
"nonutrition_age_6","36-47",48,0.177523483025633,0.0419361110564995,0.095328705354894,0.259718260696372,0.0164865959077473,1.63072782313877,63.4224439457188,94.7588284788529,TRUE,TRUE,TRUE
"nonutrition_age_6","36-47",48.5,0.177350752925087,0.0422530707907866,0.0945347341751449,0.260166771675028,0.0164865959077473,1.63072782313877,63.4224439457188,94.7588284788529,TRUE,TRUE,TRUE
"nonutrition_age_6","36-47",49,0.177128266300729,0.0425902020181629,0.0936514703451299,0.260605062256329,0.0164865959077473,1.63072782313877,63.4224439457188,94.7588284788529,TRUE,TRUE,TRUE
"nonutrition_age_6","36-47",49.5,0.176858087710176,0.0429469065369846,0.0926821508976868,0.261034024522666,0.0164865959077473,1.63072782313877,63.4224439457188,94.7588284788529,TRUE,TRUE,TRUE
"nonutrition_age_6","36-47",50,0.176542281711043,0.0433221931489741,0.0916307831390539,0.261453780283032,0.0164865959077473,1.63072782313877,63.4224439457188,94.7588284788529,TRUE,TRUE,TRUE
"nonutrition_age_6","36-47",50.5,0.176182912860944,0.0437147146461788,0.0905020721544339,0.261863753567455,0.0164865959077473,1.63072782313877,63.4224439457188,94.7588284788529,TRUE,TRUE,TRUE
"nonutrition_age_6","36-47",51,0.175782045717496,0.0441228097317625,0.0893013386432415,0.26226275279175,0.0164865959077473,1.63072782313877,63.4224439457188,94.7588284788529,TRUE,TRUE,TRUE
"nonutrition_age_6","36-47",51.5,0.175341744838313,0.0445445488859521,0.0880344290218464,0.262649060654779,0.0164865959077473,1.63072782313877,63.4224439457188,94.7588284788529,TRUE,TRUE,TRUE
"nonutrition_age_6","36-47",52,0.17486407478101,0.0449777832187762,0.0867076196722084,0.263020529889811,0.0164865959077473,1.63072782313877,63.4224439457188,94.7588284788529,TRUE,TRUE,TRUE
"nonutrition_age_6","36-47",52.5,0.174351100103202,0.0454201954383762,0.0853275170439851,0.26337468316242,0.0164865959077473,1.63072782313877,63.4224439457188,94.7588284788529,TRUE,TRUE,TRUE
"nonutrition_age_6","36-47",53,0.173804885362506,0.0458693521949207,0.0839009550604613,0.26370881566455,0.0164865959077473,1.63072782313877,63.4224439457188,94.7588284788529,TRUE,TRUE,TRUE
"nonutrition_age_6","36-47",53.5,0.173227495116536,0.0463227572212083,0.0824348909629673,0.264020099270104,0.0164865959077473,1.63072782313877,63.4224439457188,94.7588284788529,TRUE,TRUE,TRUE
"nonutrition_age_6","36-47",54,0.172620993922906,0.0467779048677816,0.0809363003820544,0.264305687463758,0.0164865959077473,1.63072782313877,63.4224439457188,94.7588284788529,TRUE,TRUE,TRUE
"nonutrition_age_6","36-47",54.5,0.171987446339234,0.0472323338100319,0.0794120720715711,0.264562820606896,0.0164865959077473,1.63072782313877,63.4224439457188,94.7588284788529,TRUE,TRUE,TRUE
"nonutrition_age_6","36-47",55,0.171328916923133,0.047683680876702,0.077868902404797,0.264788931441469,0.0164865959077473,1.63072782313877,63.4224439457188,94.7588284788529,TRUE,TRUE,TRUE
"nonutrition_age_6","36-47",55.5,0.170647470232219,0.0481297351050917,0.0763131894262392,0.264981751038199,0.0164865959077473,1.63072782313877,63.4224439457188,94.7588284788529,TRUE,TRUE,TRUE
"nonutrition_age_6","36-47",56,0.169945170824107,0.0485684922619648,0.0747509259906561,0.265139415657558,0.0164865959077473,1.63072782313877,63.4224439457188,94.7588284788529,TRUE,TRUE,TRUE
"nonutrition_age_6","36-47",56.5,0.169224083256413,0.0489982101761104,0.0731875913112363,0.265260575201589,0.0164865959077473,1.63072782313877,63.4224439457188,94.7588284788529,TRUE,TRUE,TRUE
"nonutrition_age_6","36-47",57,0.168485992449303,0.0494177248504429,0.0716272517424345,0.265344733156171,0.0164865959077473,1.63072782313877,63.4224439457188,94.7588284788529,TRUE,TRUE,TRUE
"nonutrition_age_6","36-47",57.5,0.167731453951045,0.0498274045508934,0.070069741031294,0.265393166870796,0.0164865959077473,1.63072782313877,63.4224439457188,94.7588284788529,TRUE,TRUE,TRUE
"nonutrition_age_6","36-47",58,0.166960685570386,0.0502283657706578,0.0685130886598964,0.265408282480875,0.0164865959077473,1.63072782313877,63.4224439457188,94.7588284788529,TRUE,TRUE,TRUE
"nonutrition_age_6","36-47",58.5,0.166173905106475,0.0506221327150283,0.0669545249850198,0.265393285227931,0.0164865959077473,1.63072782313877,63.4224439457188,94.7588284788529,TRUE,TRUE,TRUE
"nonutrition_age_6","36-47",59,0.165371330358464,0.0510106033127955,0.0653905478653853,0.265352112851544,0.0164865959077473,1.63072782313877,63.4224439457188,94.7588284788529,TRUE,TRUE,TRUE
"nonutrition_age_6","36-47",59.5,0.164553179125504,0.0513960172882497,0.0638169852405344,0.265289373010473,0.0164865959077473,1.63072782313877,63.4224439457188,94.7588284788529,TRUE,TRUE,TRUE
"nonutrition_age_6","36-47",60,0.163719669206745,0.051780925641075,0.0622290549502376,0.265210283463251,0.0164865959077473,1.63072782313877,63.4224439457188,94.7588284788529,TRUE,TRUE,TRUE
"nonutrition_age_6","36-47",60.5,0.162871018401337,0.0521681609232793,0.0606214229917097,0.265120613810965,0.0164865959077473,1.63072782313877,63.4224439457188,94.7588284788529,TRUE,TRUE,TRUE
"nonutrition_age_6","36-47",61,0.162007444508432,0.0525608077517357,0.0589882613150302,0.265026627701834,0.0164865959077473,1.63072782313877,63.4224439457188,94.7588284788529,TRUE,TRUE,TRUE
"nonutrition_age_6","36-47",61.5,0.161129165327181,0.0529621730595421,0.0573233061304782,0.264935024523883,0.0164865959077473,1.63072782313877,63.4224439457188,94.7588284788529,TRUE,TRUE,TRUE
"nonutrition_age_6","36-47",62,0.160236398656734,0.0533757556689049,0.05561991754568,0.264852879767787,0.0164865959077473,1.63072782313877,63.4224439457188,94.7588284788529,TRUE,TRUE,TRUE
"nonutrition_age_6","36-47",62.5,0.159329362296241,0.0538052148624575,0.0538711411658245,0.264787583426658,0.0164865959077473,1.63072782313877,63.4224439457188,94.7588284788529,TRUE,TRUE,TRUE
"nonutrition_age_6","36-47",63,0.158408274044854,0.054254337738333,0.0520697720777217,0.264746776011987,0.0164865959077473,1.63072782313877,63.4224439457188,94.7588284788529,TRUE,TRUE,TRUE
"nonutrition_age_6","36-47",63.4224439457188,0.157619267196306,0.0546519877037277,0.0505013712970001,0.264737163095613,0.0164865959077473,1.63072782313877,63.4224439457188,94.7588284788529,TRUE,TRUE,TRUE
"nonutrition_age_6","36-47",63.5,0.157473351701724,0.0547270052555113,0.0502084214009222,0.264738282002527,0.0164865959077473,1.63072782313877,63.4224439457188,94.7588284788529,TRUE,FALSE,TRUE
"nonutrition_age_6","36-47",64,0.156524813066001,0.0552271570073096,0.0482795853316745,0.264770040800328,0.0164865959077473,1.63072782313877,63.4224439457188,94.7588284788529,TRUE,FALSE,TRUE
"nonutrition_age_6","36-47",64.5,0.155562875936836,0.0557587548981888,0.0462757163363861,0.264850035537286,0.0164865959077473,1.63072782313877,63.4224439457188,94.7588284788529,TRUE,FALSE,TRUE
"nonutrition_age_6","36-47",65,0.15458775811338,0.0563257460365457,0.0441892958817504,0.26498622034501,0.0164865959077473,1.63072782313877,63.4224439457188,94.7588284788529,TRUE,FALSE,TRUE
"nonutrition_age_6","36-47",65.5,0.153599677394783,0.0569320252866829,0.0420129078328845,0.265186446956682,0.0164865959077473,1.63072782313877,63.4224439457188,94.7588284788529,TRUE,FALSE,TRUE
"nonutrition_age_6","36-47",66,0.152598851580196,0.0575813980385433,0.0397393114246516,0.265458391735741,0.0164865959077473,1.63072782313877,63.4224439457188,94.7588284788529,TRUE,FALSE,TRUE
"nonutrition_age_6","36-47",66.5,0.151585498468771,0.0582775438456096,0.0373615125313761,0.265809484406166,0.0164865959077473,1.63072782313877,63.4224439457188,94.7588284788529,TRUE,FALSE,TRUE
"nonutrition_age_6","36-47",67,0.150559835859657,0.0590239816417302,0.0348728318418659,0.266246839877448,0.0164865959077473,1.63072782313877,63.4224439457188,94.7588284788529,TRUE,FALSE,TRUE
"nonutrition_age_6","36-47",67.5,0.149522081552006,0.0598240372701751,0.0322669685024626,0.266777194601549,0.0164865959077473,1.63072782313877,63.4224439457188,94.7588284788529,TRUE,FALSE,TRUE
"nonutrition_age_6","36-47",68,0.148472453344968,0.0606808140390534,0.0295380578284228,0.267406848861512,0.0164865959077473,1.63072782313877,63.4224439457188,94.7588284788529,TRUE,FALSE,TRUE
"nonutrition_age_6","36-47",68.5,0.147411169037693,0.0615971669555812,0.0266807218047543,0.268141616270633,0.0164865959077473,1.63072782313877,63.4224439457188,94.7588284788529,TRUE,FALSE,TRUE
"nonutrition_age_6","36-47",69,0.146338446429334,0.0625756811903579,0.0236901112962327,0.268986781562436,0.0164865959077473,1.63072782313877,63.4224439457188,94.7588284788529,TRUE,FALSE,TRUE
"nonutrition_age_6","36-47",69.5,0.14525450331904,0.0636186551880632,0.0205619391504367,0.269947067487644,0.0164865959077473,1.63072782313877,63.4224439457188,94.7588284788529,TRUE,FALSE,TRUE
"nonutrition_age_6","36-47",70,0.144159557505963,0.0647280886820217,0.0172925036892005,0.271026611322726,0.0164865959077473,1.63072782313877,63.4224439457188,94.7588284788529,TRUE,FALSE,TRUE
"nonutrition_age_6","36-47",70.5,0.143053826789253,0.0659056756981791,0.0138787024208216,0.272228951157684,0.0164865959077473,1.63072782313877,63.4224439457188,94.7588284788529,TRUE,FALSE,TRUE
"nonutrition_age_6","36-47",71,0.14193752896806,0.0671528024612765,0.0103180361439583,0.273557021792162,0.0164865959077473,1.63072782313877,63.4224439457188,94.7588284788529,TRUE,FALSE,TRUE
"nonutrition_age_6","36-47",71.5,0.140810881841536,0.068470549954101,0.00660860393149826,0.275013159751574,0.0164865959077473,1.63072782313877,63.4224439457188,94.7588284788529,TRUE,FALSE,TRUE
"nonutrition_age_6","36-47",72,0.139674103208832,0.0698597007397085,0.00274908975900287,0.27659911665866,0.0164865959077473,1.63072782313877,63.4224439457188,94.7588284788529,TRUE,FALSE,TRUE
"nonutrition_age_6","36-47",72.5,0.138527410869097,0.0713207495440583,-0.00126125823725723,0.278316079975451,0.0164865959077473,1.63072782313877,63.4224439457188,94.7588284788529,TRUE,FALSE,TRUE
"nonutrition_age_6","36-47",73,0.137371022621483,0.0728539170171531,-0.00542265473213688,0.280164699975103,0.0164865959077473,1.63072782313877,63.4224439457188,94.7588284788529,TRUE,FALSE,TRUE
"nonutrition_age_6","36-47",73.5,0.136205156265141,0.0744591660459919,-0.00973480918500297,0.282145121715285,0.0164865959077473,1.63072782313877,63.4224439457188,94.7588284788529,TRUE,FALSE,TRUE
"nonutrition_age_6","36-47",74,0.135030029599222,0.076136219981013,-0.014196961563564,0.284257020762007,0.0164865959077473,1.63072782313877,63.4224439457188,94.7588284788529,TRUE,FALSE,TRUE
"nonutrition_age_6","36-47",74.5,0.133845860422875,0.0778845821555211,-0.0188079206019464,0.286499641447697,0.0164865959077473,1.63072782313877,63.4224439457188,94.7588284788529,TRUE,FALSE,TRUE
"nonutrition_age_6","36-47",75,0.132652866535252,0.0797035561195356,-0.0235661034590375,0.288871836529542,0.0164865959077473,1.63072782313877,63.4224439457188,94.7588284788529,TRUE,FALSE,TRUE
"nonutrition_age_6","36-47",75.5,0.131451265735504,0.0815922660694195,-0.0284695757605579,0.291372107231567,0.0164865959077473,1.63072782313877,63.4224439457188,94.7588284788529,TRUE,FALSE,TRUE
"nonutrition_age_6","36-47",76,0.130241275822782,0.0835496770262506,-0.0335160911486695,0.293998642794233,0.0164865959077473,1.63072782313877,63.4224439457188,94.7588284788529,TRUE,FALSE,TRUE
"nonutrition_age_6","36-47",76.5,0.129023114596235,0.0855746143932843,-0.038703129614602,0.296749358807073,0.0164865959077473,1.63072782313877,63.4224439457188,94.7588284788529,TRUE,FALSE,TRUE
"nonutrition_age_6","36-47",77,0.127796999855016,0.0876657826009655,-0.0440279340428767,0.299621933752908,0.0164865959077473,1.63072782313877,63.4224439457188,94.7588284788529,TRUE,FALSE,TRUE
"nonutrition_age_6","36-47",77.5,0.126563149398274,0.0898217826227194,-0.0494875445422562,0.302613843338804,0.0164865959077473,1.63072782313877,63.4224439457188,94.7588284788529,TRUE,FALSE,TRUE
"nonutrition_age_6","36-47",78,0.12532178102516,0.0920411282132434,-0.0550788302727965,0.305722392323117,0.0164865959077473,1.63072782313877,63.4224439457188,94.7588284788529,TRUE,FALSE,TRUE
"nonutrition_age_6","36-47",78.5,0.124073112534826,0.0943222607813469,-0.0607985185966137,0.308944743666266,0.0164865959077473,1.63072782313877,63.4224439457188,94.7588284788529,TRUE,FALSE,TRUE
"nonutrition_age_6","36-47",79,0.122817361726422,0.0966635628605663,-0.0666432214802881,0.312277944933132,0.0164865959077473,1.63072782313877,63.4224439457188,94.7588284788529,TRUE,FALSE,TRUE
"nonutrition_age_6","36-47",79.5,0.121554746399098,0.099063370182605,-0.0726094591588075,0.315718951957004,0.0164865959077473,1.63072782313877,63.4224439457188,94.7588284788529,TRUE,FALSE,TRUE
"nonutrition_age_6","36-47",80,0.120285484352006,0.10151998239147,-0.0786936811352744,0.319264649839287,0.0164865959077473,1.63072782313877,63.4224439457188,94.7588284788529,TRUE,FALSE,TRUE
"nonutrition_age_6","36-47",80.5,0.119009793384297,0.104031672460723,-0.0848922846387211,0.322911871407314,0.0164865959077473,1.63072782313877,63.4224439457188,94.7588284788529,TRUE,FALSE,TRUE
"nonutrition_age_6","36-47",81,0.11772789129512,0.106596694893537,-0.0912016306962132,0.326657413286452,0.0164865959077473,1.63072782313877,63.4224439457188,94.7588284788529,TRUE,FALSE,TRUE
"nonutrition_age_6","36-47",81.5,0.116439995883627,0.109213292796281,-0.097618057997084,0.330498049764337,0.0164865959077473,1.63072782313877,63.4224439457188,94.7588284788529,TRUE,FALSE,TRUE
"nonutrition_age_6","36-47",82,0.115146324948968,0.111879703922328,-0.104137894738795,0.334430544636731,0.0164865959077473,1.63072782313877,63.4224439457188,94.7588284788529,TRUE,FALSE,TRUE
"nonutrition_age_6","36-47",82.5,0.113847096290295,0.114594165784633,-0.110757468647585,0.338451661228174,0.0164865959077473,1.63072782313877,63.4224439457188,94.7588284788529,TRUE,FALSE,TRUE
"nonutrition_age_6","36-47",83,0.112542527706757,0.117354919934375,-0.117473115364617,0.342558170778132,0.0164865959077473,1.63072782313877,63.4224439457188,94.7588284788529,TRUE,FALSE,TRUE
"nonutrition_age_6","36-47",83.5,0.111232836997507,0.12016021549943,-0.124281185381377,0.34674685937639,0.0164865959077473,1.63072782313877,63.4224439457188,94.7588284788529,TRUE,FALSE,TRUE
"nonutrition_age_6","36-47",84,0.109918241961694,0.123008312071251,-0.131178049697959,0.351014533621346,0.0164865959077473,1.63072782313877,63.4224439457188,94.7588284788529,TRUE,FALSE,TRUE
"nonutrition_age_6","36-47",84.5,0.108598960398469,0.125897482022568,-0.138160104365764,0.355358025162702,0.0164865959077473,1.63072782313877,63.4224439457188,94.7588284788529,TRUE,FALSE,TRUE
"nonutrition_age_6","36-47",85,0.107275210106983,0.128826012331557,-0.145223774062868,0.359774194276834,0.0164865959077473,1.63072782313877,63.4224439457188,94.7588284788529,TRUE,FALSE,TRUE
"nonutrition_age_6","36-47",85.5,0.105947208886388,0.131792205981124,-0.152365514836615,0.36425993260939,0.0164865959077473,1.63072782313877,63.4224439457188,94.7588284788529,TRUE,FALSE,TRUE
"nonutrition_age_6","36-47",86,0.104615174535832,0.134794382995022,-0.15958181613441,0.368812165206075,0.0164865959077473,1.63072782313877,63.4224439457188,94.7588284788529,TRUE,FALSE,TRUE
"nonutrition_age_6","36-47",86.5,0.103279324854468,0.13783088116578,-0.16686920223046,0.373427851939396,0.0164865959077473,1.63072782313877,63.4224439457188,94.7588284788529,TRUE,FALSE,TRUE
"nonutrition_age_6","36-47",87,0.101939877641447,0.140900056523082,-0.174224233143794,0.378103988426687,0.0164865959077473,1.63072782313877,63.4224439457188,94.7588284788529,TRUE,FALSE,TRUE
"nonutrition_age_6","36-47",87.5,0.100597050695918,0.1440002835853,-0.18164350513127,0.382837606523106,0.0164865959077473,1.63072782313877,63.4224439457188,94.7588284788529,TRUE,FALSE,TRUE
"nonutrition_age_6","36-47",88,0.0992510618170323,0.14712995543145,-0.189123650828609,0.387625774462674,0.0164865959077473,1.63072782313877,63.4224439457188,94.7588284788529,TRUE,FALSE,TRUE
"nonutrition_age_6","36-47",88.5,0.0979021288039413,0.150287483625908,-0.196661339102839,0.392465596710721,0.0164865959077473,1.63072782313877,63.4224439457188,94.7588284788529,TRUE,FALSE,TRUE
"nonutrition_age_6","36-47",89,0.0965504694557954,0.153471298023791,-0.204253274670836,0.397354213582427,0.0164865959077473,1.63072782313877,63.4224439457188,94.7588284788529,TRUE,FALSE,TRUE
"nonutrition_age_6","36-47",89.5,0.0951963015717455,0.156679846480933,-0.211896197530883,0.402288800674374,0.0164865959077473,1.63072782313877,63.4224439457188,94.7588284788529,TRUE,FALSE,TRUE
"nonutrition_age_6","36-47",90,0.0938398429509421,0.159911594488905,-0.219586882247311,0.407266568149195,0.0164865959077473,1.63072782313877,63.4224439457188,94.7588284788529,TRUE,FALSE,TRUE
"nonutrition_age_6","36-47",90.5,0.0924813113925362,0.163165024752443,-0.227322137122252,0.412284759907324,0.0164865959077473,1.63072782313877,63.4224439457188,94.7588284788529,TRUE,FALSE,TRUE
"nonutrition_age_6","36-47",91,0.0911209246956784,0.16643863672394,-0.235098803283244,0.417340652674601,0.0164865959077473,1.63072782313877,63.4224439457188,94.7588284788529,TRUE,FALSE,TRUE
"nonutrition_age_6","36-47",91.5,0.0897589006595195,0.169730946107332,-0.242913753710851,0.42243155502989,0.0164865959077473,1.63072782313877,63.4224439457188,94.7588284788529,TRUE,FALSE,TRUE
"nonutrition_age_6","36-47",92,0.0883954570832104,0.173040484341672,-0.250763892226466,0.427554806392887,0.0164865959077473,1.63072782313877,63.4224439457188,94.7588284788529,TRUE,FALSE,TRUE
"nonutrition_age_6","36-47",92.5,0.0870308117659016,0.176365798072933,-0.258646152457046,0.432707775988849,0.0164865959077473,1.63072782313877,63.4224439457188,94.7588284788529,TRUE,FALSE,TRUE
"nonutrition_age_6","36-47",93,0.0856651825067441,0.179705448621087,-0.266557496790586,0.437887861804074,0.0164865959077473,1.63072782313877,63.4224439457188,94.7588284788529,TRUE,FALSE,TRUE
"nonutrition_age_6","36-47",93.5,0.0842987871048885,0.183058011448218,-0.274494915333618,0.443092489543395,0.0164865959077473,1.63072782313877,63.4224439457188,94.7588284788529,TRUE,FALSE,TRUE
"nonutrition_age_6","36-47",94,0.0829318433594856,0.186422075632331,-0.282455424879884,0.448319111598855,0.0164865959077473,1.63072782313877,63.4224439457188,94.7588284788529,TRUE,FALSE,TRUE
"nonutrition_age_6","36-47",94.5,0.0815645690696862,0.189796243350605,-0.2904360678975,0.453565206036872,0.0164865959077473,1.63072782313877,63.4224439457188,94.7588284788529,TRUE,FALSE,TRUE
"nonutrition_age_6","36-47",94.7588284788529,0.0808567319771912,0.191546416408822,-0.2945742441841,0.456287708138483,0.0164865959077473,1.63072782313877,63.4224439457188,94.7588284788529,TRUE,FALSE,TRUE
"nonutrition_age_6","36-47",95,0.0801971779610915,0.193179147156978,-0.298433950466585,0.458828306388768,0.0164865959077473,1.63072782313877,63.4224439457188,94.7588284788529,FALSE,FALSE,TRUE
"nonutrition_age_6","36-47",95.5,0.0788297818171303,0.196569878933567,-0.306447180892662,0.464106744526922,0.0164865959077473,1.63072782313877,63.4224439457188,94.7588284788529,FALSE,FALSE,TRUE
"nonutrition_age_6","36-47",96,0.0774623856731691,0.199968019710448,-0.314474932959309,0.469399704305648,0.0164865959077473,1.63072782313877,63.4224439457188,94.7588284788529,FALSE,FALSE,TRUE
"nonutrition_age_6","36-47",96.5,0.0760949895292078,0.203373198099406,-0.322516478745627,0.474706457804043,0.0164865959077473,1.63072782313877,63.4224439457188,94.7588284788529,FALSE,FALSE,TRUE
"nonutrition_age_6","36-47",97,0.0747275933852466,0.206785066430686,-0.330571136818897,0.48002632358939,0.0164865959077473,1.63072782313877,63.4224439457188,94.7588284788529,FALSE,FALSE,TRUE
"nonutrition_age_6","36-47",97.5,0.0733601972412854,0.210203298945585,-0.338638268692061,0.485358663174631,0.0164865959077473,1.63072782313877,63.4224439457188,94.7588284788529,FALSE,FALSE,TRUE
"nonutrition_age_6","36-47",98,0.0719928010973242,0.213627590146431,-0.346717275589682,0.49070287778433,0.0164865959077473,1.63072782313877,63.4224439457188,94.7588284788529,FALSE,FALSE,TRUE
"nonutrition_age_6","36-47",98.5,0.070625404953363,0.217057653288792,-0.35480759549267,0.496058405399395,0.0164865959077473,1.63072782313877,63.4224439457188,94.7588284788529,FALSE,FALSE,TRUE
"nonutrition_age_6","36-47",99,0.0692580088094017,0.220493219002318,-0.362908700435142,0.501424718053945,0.0164865959077473,1.63072782313877,63.4224439457188,94.7588284788529,FALSE,FALSE,TRUE
"nonutrition_age_6","36-47",99.5,0.0678906126654405,0.223934034028041,-0.37102009402952,0.506801319360402,0.0164865959077473,1.63072782313877,63.4224439457188,94.7588284788529,FALSE,FALSE,TRUE
"nonutrition_age_6","36-47",100,0.0665232165214792,0.227379860061178,-0.379141309198429,0.512187742241387,0.0164865959077473,1.63072782313877,63.4224439457188,94.7588284788529,FALSE,FALSE,TRUE
"nonutrition_age_7","48-59",0,-0.56636536931459,0.0825319285369325,-0.728127949246977,-0.404602789382202,0.0164865959077473,1.62295251492351,63.4224439457188,94.7588284788529,FALSE,FALSE,TRUE
"nonutrition_age_7","48-59",0.0164865959077473,-0.565792959259148,0.0824398931967199,-0.727375149924719,-0.404210768593577,0.0164865959077473,1.62295251492351,63.4224439457188,94.7588284788529,TRUE,FALSE,TRUE
"nonutrition_age_7","48-59",0.5,-0.549007322079526,0.0797428860898978,-0.705303378815726,-0.392711265343327,0.0164865959077473,1.62295251492351,63.4224439457188,94.7588284788529,TRUE,FALSE,TRUE
"nonutrition_age_7","48-59",1,-0.531660917900352,0.0769603683314092,-0.682503239829914,-0.38081859597079,0.0164865959077473,1.62295251492351,63.4224439457188,94.7588284788529,TRUE,FALSE,TRUE
"nonutrition_age_7","48-59",1.5,-0.514338196685669,0.074187462280021,-0.65974562275451,-0.368930770616828,0.0164865959077473,1.62295251492351,63.4224439457188,94.7588284788529,TRUE,FALSE,TRUE
"nonutrition_age_7","48-59",1.62295251492351,-0.510083461094577,0.0735074162812444,-0.654157997005816,-0.366008925183338,0.0164865959077473,1.62295251492351,63.4224439457188,94.7588284788529,TRUE,TRUE,TRUE
"nonutrition_age_7","48-59",2,-0.497051198416014,0.0714272452301715,-0.63704859906715,-0.357053797764878,0.0164865959077473,1.62295251492351,63.4224439457188,94.7588284788529,TRUE,TRUE,TRUE
"nonutrition_age_7","48-59",2.5,-0.479811963071928,0.0686827819484285,-0.614430215690848,-0.345193710453008,0.0164865959077473,1.62295251492351,63.4224439457188,94.7588284788529,TRUE,TRUE,TRUE
"nonutrition_age_7","48-59",3,-0.462632530633949,0.0659571215530808,-0.591908488877987,-0.33335657238991,0.0164865959077473,1.62295251492351,63.4224439457188,94.7588284788529,TRUE,TRUE,TRUE
"nonutrition_age_7","48-59",3.5,-0.445524941082616,0.0632532939978154,-0.569501397318334,-0.321548484846898,0.0164865959077473,1.62295251492351,63.4224439457188,94.7588284788529,TRUE,TRUE,TRUE
"nonutrition_age_7","48-59",4,-0.428501234398468,0.0605743060858974,-0.547226874326826,-0.309775594470109,0.0164865959077473,1.62295251492351,63.4224439457188,94.7588284788529,TRUE,TRUE,TRUE
"nonutrition_age_7","48-59",4.5,-0.411573450562044,0.057923136928601,-0.525102798942102,-0.298044102181986,0.0164865959077473,1.62295251492351,63.4224439457188,94.7588284788529,TRUE,TRUE,TRUE
"nonutrition_age_7","48-59",5,-0.394753629553884,0.0553027327466762,-0.503146985737369,-0.286360273370398,0.0164865959077473,1.62295251492351,63.4224439457188,94.7588284788529,TRUE,TRUE,TRUE
"nonutrition_age_7","48-59",5.5,-0.378053811354525,0.0527160008960212,-0.481377173110727,-0.274730449598324,0.0164865959077473,1.62295251492351,63.4224439457188,94.7588284788529,TRUE,TRUE,TRUE
"nonutrition_age_7","48-59",6,-0.361486035944508,0.0501658029780886,-0.459811009781562,-0.263161062107454,0.0164865959077473,1.62295251492351,63.4224439457188,94.7588284788529,TRUE,TRUE,TRUE
"nonutrition_age_7","48-59",6.5,-0.345062343304371,0.0476549468714989,-0.438466039172509,-0.251658647436233,0.0164865959077473,1.62295251492351,63.4224439457188,94.7588284788529,TRUE,TRUE,TRUE
"nonutrition_age_7","48-59",7,-0.328794773414653,0.0451861774935194,-0.417359681301951,-0.240229865527355,0.0164865959077473,1.62295251492351,63.4224439457188,94.7588284788529,TRUE,TRUE,TRUE
"nonutrition_age_7","48-59",7.5,-0.312695366255893,0.0427621660681936,-0.396509211749553,-0.228881520762234,0.0164865959077473,1.62295251492351,63.4224439457188,94.7588284788529,TRUE,TRUE,TRUE
"nonutrition_age_7","48-59",8,-0.29677616180863,0.0403854976418676,-0.375931737186691,-0.21762058643057,0.0164865959077473,1.62295251492351,63.4224439457188,94.7588284788529,TRUE,TRUE,TRUE
"nonutrition_age_7","48-59",8.5,-0.281049200053404,0.0380586565467713,-0.355644166885075,-0.206454233221732,0.0164865959077473,1.62295251492351,63.4224439457188,94.7588284788529,TRUE,TRUE,TRUE
"nonutrition_age_7","48-59",9,-0.265526520970752,0.0357840094697888,-0.335663179531538,-0.195389862409966,0.0164865959077473,1.62295251492351,63.4224439457188,94.7588284788529,TRUE,TRUE,TRUE
"nonutrition_age_7","48-59",9.5,-0.250220164541214,0.0335637857378293,-0.31600518458736,-0.184435144495069,0.0164865959077473,1.62295251492351,63.4224439457188,94.7588284788529,TRUE,TRUE,TRUE
"nonutrition_age_7","48-59",10,-0.23514217074533,0.0314000543856021,-0.29668627734111,-0.17359806414955,0.0164865959077473,1.62295251492351,63.4224439457188,94.7588284788529,TRUE,TRUE,TRUE
"nonutrition_age_7","48-59",10.5,-0.220304579563638,0.0292946975298265,-0.277722186722098,-0.162886972405178,0.0164865959077473,1.62295251492351,63.4224439457188,94.7588284788529,TRUE,TRUE,TRUE
"nonutrition_age_7","48-59",11,-0.205719430976676,0.0272493795417444,-0.259128214878495,-0.152310647074857,0.0164865959077473,1.62295251492351,63.4224439457188,94.7588284788529,TRUE,TRUE,TRUE
"nonutrition_age_7","48-59",11.5,-0.191398764964985,0.0252655114956927,-0.240919167496543,-0.141878362433427,0.0164865959077473,1.62295251492351,63.4224439457188,94.7588284788529,TRUE,TRUE,TRUE
"nonutrition_age_7","48-59",12,-0.177354621509103,0.0233442103873037,-0.223109273868218,-0.131599969149987,0.0164865959077473,1.62295251492351,63.4224439457188,94.7588284788529,TRUE,TRUE,TRUE
"nonutrition_age_7","48-59",12.5,-0.163599040589568,0.0214862526765958,-0.205712095835696,-0.121485985343441,0.0164865959077473,1.62295251492351,63.4224439457188,94.7588284788529,TRUE,TRUE,TRUE
"nonutrition_age_7","48-59",13,-0.150144062186921,0.0196920218392607,-0.188740424991872,-0.11154769938197,0.0164865959077473,1.62295251492351,63.4224439457188,94.7588284788529,TRUE,TRUE,TRUE
"nonutrition_age_7","48-59",13.5,-0.1370017262817,0.017961449828567,-0.172206167945691,-0.101797284617709,0.0164865959077473,1.62295251492351,63.4224439457188,94.7588284788529,TRUE,TRUE,TRUE
"nonutrition_age_7","48-59",14,-0.124184072854444,0.0162939526879957,-0.156120220122915,-0.0922479255859723,0.0164865959077473,1.62295251492351,63.4224439457188,94.7588284788529,TRUE,TRUE,TRUE
"nonutrition_age_7","48-59",14.5,-0.111703141885692,0.0146883610379311,-0.140492329520037,-0.0829139542513466,0.0164865959077473,1.62295251492351,63.4224439457188,94.7588284788529,TRUE,TRUE,TRUE
"nonutrition_age_7","48-59",15,-0.0995709733559824,0.013142846808633,-0.125330953100903,-0.0738109936110618,0.0164865959077473,1.62295251492351,63.4224439457188,94.7588284788529,TRUE,TRUE,TRUE
"nonutrition_age_7","48-59",15.5,-0.087799607245855,0.0116548484102857,-0.110643110130015,-0.064956104361695,0.0164865959077473,1.62295251492351,63.4224439457188,94.7588284788529,TRUE,TRUE,TRUE
"nonutrition_age_7","48-59",16,-0.0764010835358488,0.0102209974944207,-0.0964342386249135,-0.0563679284467842,0.0164865959077473,1.62295251492351,63.4224439457188,94.7588284788529,TRUE,TRUE,TRUE
"nonutrition_age_7","48-59",16.5,-0.0653874422065024,0.00883705150239174,-0.0827080631511902,-0.0480668212618145,0.0164865959077473,1.62295251492351,63.4224439457188,94.7588284788529,TRUE,TRUE,TRUE
"nonutrition_age_7","48-59",17,-0.0547707232383549,0.0074978371976232,-0.0694664841456964,-0.0400749623310134,0.0164865959077473,1.62295251492351,63.4224439457188,94.7588284788529,TRUE,TRUE,TRUE
"nonutrition_age_7","48-59",17.5,-0.0445629666119455,0.00619721117850328,-0.0567095005218119,-0.0324164327020791,0.0164865959077473,1.62295251492351,63.4224439457188,94.7588284788529,TRUE,TRUE,TRUE
"nonutrition_age_7","48-59",18,-0.034776212307813,0.00492804383231064,-0.0444351782191418,-0.0251172463964841,0.0164865959077473,1.62295251492351,63.4224439457188,94.7588284788529,TRUE,TRUE,TRUE
"nonutrition_age_7","48-59",18.5,-0.0254225003064962,0.00368223352937288,-0.0326396780240671,-0.0182053225889254,0.0164865959077473,1.62295251492351,63.4224439457188,94.7588284788529,TRUE,TRUE,TRUE
"nonutrition_age_7","48-59",19,-0.0165122782660584,0.00245088310003978,-0.0213160091421363,-0.0117085473899804,0.0164865959077473,1.62295251492351,63.4224439457188,94.7588284788529,TRUE,TRUE,TRUE
"nonutrition_age_7","48-59",19.5,-0.00804182692548282,0.00122576617009674,-0.0104443286188724,-0.00563932523209321,0.0164865959077473,1.62295251492351,63.4224439457188,94.7588284788529,TRUE,TRUE,TRUE
"nonutrition_age_7","48-59",20,0,0,0,0,0.0164865959077473,1.62295251492351,63.4224439457188,94.7588284788529,TRUE,TRUE,TRUE
"nonutrition_age_7","48-59",20.5,0.00762441424384051,0.00123221247634783,0.00520927779019877,0.0100395506974823,0.0164865959077473,1.62295251492351,63.4224439457188,94.7588284788529,TRUE,TRUE,TRUE
"nonutrition_age_7","48-59",21,0.0148426275394892,0.00247560137695831,0.0099904488406509,0.0196948062383275,0.0164865959077473,1.62295251492351,63.4224439457188,94.7588284788529,TRUE,TRUE,TRUE
"nonutrition_age_7","48-59",21.5,0.0216658516203965,0.00373386718868436,0.0143474719305752,0.0289842313102179,0.0164865959077473,1.62295251492351,63.4224439457188,94.7588284788529,TRUE,TRUE,TRUE
"nonutrition_age_7","48-59",22,0.0281052982200129,0.00500973513604733,0.0182862173533601,0.0379243790866657,0.0164865959077473,1.62295251492351,63.4224439457188,94.7588284788529,TRUE,TRUE,TRUE
"nonutrition_age_7","48-59",22.5,0.0341721790717889,0.0063050213969011,0.0218143371338628,0.0465300210097151,0.0164865959077473,1.62295251492351,63.4224439457188,94.7588284788529,TRUE,TRUE,TRUE
"nonutrition_age_7","48-59",23,0.039877705909175,0.00762070647086554,0.0249411212262785,0.0548142905920714,0.0164865959077473,1.62295251492351,63.4224439457188,94.7588284788529,TRUE,TRUE,TRUE
"nonutrition_age_7","48-59",23.5,0.0452330904656216,0.008957011754799,0.0276773474262155,0.0627888335050276,0.0164865959077473,1.62295251492351,63.4224439457188,94.7588284788529,TRUE,TRUE,TRUE
"nonutrition_age_7","48-59",24,0.0502495444745791,0.0103134762163193,0.0300351310905933,0.0704639578585649,0.0164865959077473,1.62295251492351,63.4224439457188,94.7588284788529,TRUE,TRUE,TRUE
"nonutrition_age_7","48-59",24.5,0.0549382796694982,0.0116890308731294,0.0320277791581646,0.0778487801808318,0.0164865959077473,1.62295251492351,63.4224439457188,94.7588284788529,TRUE,TRUE,TRUE
"nonutrition_age_7","48-59",25,0.0593105077838292,0.0130820695153672,0.0336696515337096,0.0849513640339488,0.0164865959077473,1.62295251492351,63.4224439457188,94.7588284788529,TRUE,TRUE,TRUE
"nonutrition_age_7","48-59",25.5,0.0633774405510227,0.0144905147175192,0.034976031704685,0.0917788493973604,0.0164865959077473,1.62295251492351,63.4224439457188,94.7588284788529,TRUE,TRUE,TRUE
"nonutrition_age_7","48-59",26,0.067150289704529,0.0159118786677979,0.0359630075156451,0.0983375718934129,0.0164865959077473,1.62295251492351,63.4224439457188,94.7588284788529,TRUE,TRUE,TRUE
"nonutrition_age_7","48-59",26.5,0.0706402669777987,0.0173433187043052,0.0366473623173604,0.104633171638237,0.0164865959077473,1.62295251492351,63.4224439457188,94.7588284788529,TRUE,TRUE,TRUE
"nonutrition_age_7","48-59",27,0.0738585841042822,0.0187816877052487,0.0370464762019947,0.11067069200657,0.0164865959077473,1.62295251492351,63.4224439457188,94.7588284788529,TRUE,TRUE,TRUE
"nonutrition_age_7","48-59",27.5,0.07681645281743,0.0202235796544713,0.0371782366946664,0.116454668940194,0.0164865959077473,1.62295251492351,63.4224439457188,94.7588284788529,TRUE,TRUE,TRUE
"nonutrition_age_7","48-59",28,0.0795250848506927,0.0216653708129216,0.0370609580573663,0.121989211644019,0.0164865959077473,1.62295251492351,63.4224439457188,94.7588284788529,TRUE,TRUE,TRUE
"nonutrition_age_7","48-59",28.5,0.0819956919375205,0.0231032569886863,0.0367133082396954,0.127278075635346,0.0164865959077473,1.62295251492351,63.4224439457188,94.7588284788529,TRUE,TRUE,TRUE
"nonutrition_age_7","48-59",29,0.0842394858113642,0.0245332874272949,0.0361542424538662,0.132324729168862,0.0164865959077473,1.62295251492351,63.4224439457188,94.7588284788529,TRUE,TRUE,TRUE
"nonutrition_age_7","48-59",29.5,0.086267678205674,0.0259513958517856,0.0354029423361741,0.137132414075174,0.0164865959077473,1.62295251492351,63.4224439457188,94.7588284788529,TRUE,TRUE,TRUE
"nonutrition_age_7","48-59",30,0.0880914808539004,0.0273534291774409,0.0344787596661163,0.141704202041685,0.0164865959077473,1.62295251492351,63.4224439457188,94.7588284788529,TRUE,TRUE,TRUE
"nonutrition_age_7","48-59",30.5,0.0897221054894941,0.0287351744159537,0.0334011636342248,0.146043047344763,0.0164865959077473,1.62295251492351,63.4224439457188,94.7588284788529,TRUE,TRUE,TRUE
"nonutrition_age_7","48-59",31,0.0911707638459053,0.0300923842731273,0.0321896906705757,0.150151837021235,0.0164865959077473,1.62295251492351,63.4224439457188,94.7588284788529,TRUE,TRUE,TRUE
"nonutrition_age_7","48-59",31.5,0.0924486676565846,0.0314208019368042,0.0308638958604485,0.154033439452721,0.0164865959077473,1.62295251492351,63.4224439457188,94.7588284788529,TRUE,TRUE,TRUE
"nonutrition_age_7","48-59",32,0.0935670286549825,0.0327161855504531,0.0294433049760944,0.15769075233387,0.0164865959077473,1.62295251492351,63.4224439457188,94.7588284788529,TRUE,TRUE,TRUE
"nonutrition_age_7","48-59",32.5,0.0945370585745494,0.033974332874989,0.0279473661395709,0.161126751009528,0.0164865959077473,1.62295251492351,63.4224439457188,94.7588284788529,TRUE,TRUE,TRUE
"nonutrition_age_7","48-59",33,0.0953699691487358,0.0351911066589258,0.0263954000972412,0.16434453820023,0.0164865959077473,1.62295251492351,63.4224439457188,94.7588284788529,TRUE,TRUE,TRUE
"nonutrition_age_7","48-59",33.5,0.0960769721109922,0.0363624612666894,0.0248065480282809,0.167347396193703,0.0164865959077473,1.62295251492351,63.4224439457188,94.7588284788529,TRUE,TRUE,TRUE
"nonutrition_age_7","48-59",34,0.0966692791947691,0.0374844711587,0.0231997157237171,0.170138842665821,0.0164865959077473,1.62295251492351,63.4224439457188,94.7588284788529,TRUE,TRUE,TRUE
"nonutrition_age_7","48-59",34.5,0.0971581021335169,0.0385533618766367,0.021593512855309,0.172722691411725,0.0164865959077473,1.62295251492351,63.4224439457188,94.7588284788529,TRUE,TRUE,TRUE
"nonutrition_age_7","48-59",35,0.097554652660686,0.039565544265287,0.0200061859007236,0.175103119420648,0.0164865959077473,1.62295251492351,63.4224439457188,94.7588284788529,TRUE,TRUE,TRUE
"nonutrition_age_7","48-59",35.5,0.0978701425097272,0.0405176527608967,0.0184555430983697,0.177284741921085,0.0164865959077473,1.62295251492351,63.4224439457188,94.7588284788529,TRUE,TRUE,TRUE
"nonutrition_age_7","48-59",36,0.0981157834140906,0.0414065886974142,0.0169588695671587,0.179272697261022,0.0164865959077473,1.62295251492351,63.4224439457188,94.7588284788529,TRUE,TRUE,TRUE
"nonutrition_age_7","48-59",36.5,0.0983027871072267,0.0422295697288081,0.0155328304387629,0.18107274377569,0.0164865959077473,1.62295251492351,63.4224439457188,94.7588284788529,TRUE,TRUE,TRUE
"nonutrition_age_7","48-59",37,0.0984423653225861,0.0429841866395586,0.0141933595090512,0.182691371136121,0.0164865959077473,1.62295251492351,63.4224439457188,94.7588284788529,TRUE,TRUE,TRUE
"nonutrition_age_7","48-59",37.5,0.0985456673089006,0.0436685156079838,0.0129553767172524,0.184135957900549,0.0164865959077473,1.62295251492351,63.4224439457188,94.7588284788529,TRUE,TRUE,TRUE
"nonutrition_age_7","48-59",38,0.0986200063167034,0.0442839585291621,0.0118234475995457,0.185416565033861,0.0164865959077473,1.62295251492351,63.4224439457188,94.7588284788529,TRUE,TRUE,TRUE
"nonutrition_age_7","48-59",38.5,0.0986666992772618,0.0448366273482261,0.0107869096747386,0.186546488879785,0.0164865959077473,1.62295251492351,63.4224439457188,94.7588284788529,TRUE,TRUE,TRUE
"nonutrition_age_7","48-59",39,0.0986865413590367,0.0453330836173756,0.0098336974689805,0.187539385249093,0.0164865959077473,1.62295251492351,63.4224439457188,94.7588284788529,TRUE,TRUE,TRUE
"nonutrition_age_7","48-59",39.5,0.0986803277304891,0.0457799035311798,0.00895171680937668,0.188408938651602,0.0164865959077473,1.62295251492351,63.4224439457188,94.7588284788529,TRUE,TRUE,TRUE
"nonutrition_age_7","48-59",40,0.0986488535600797,0.046183637915946,0.00812892324482549,0.189168783875334,0.0164865959077473,1.62295251492351,63.4224439457188,94.7588284788529,TRUE,TRUE,TRUE
"nonutrition_age_7","48-59",40.5,0.0985929140162696,0.0465507715324235,0.0073534018127196,0.18983242621982,0.0164865959077473,1.62295251492351,63.4224439457188,94.7588284788529,TRUE,TRUE,TRUE
"nonutrition_age_7","48-59",41,0.0985133042675195,0.0468876811163878,0.00661344927939933,0.19041315925564,0.0164865959077473,1.62295251492351,63.4224439457188,94.7588284788529,TRUE,TRUE,TRUE
"nonutrition_age_7","48-59",41.5,0.0984108194822903,0.0472005919076931,0.00589765934321175,0.190923979621369,0.0164865959077473,1.62295251492351,63.4224439457188,94.7588284788529,TRUE,TRUE,TRUE
"nonutrition_age_7","48-59",42,0.0982862548290429,0.047495532716636,0.0051950107044363,0.19137749895365,0.0164865959077473,1.62295251492351,63.4224439457188,94.7588284788529,TRUE,TRUE,TRUE
"nonutrition_age_7","48-59",42.5,0.0981404054762382,0.0477782898557895,0.00449495735889067,0.191785853593586,0.0164865959077473,1.62295251492351,63.4224439457188,94.7588284788529,TRUE,TRUE,TRUE
"nonutrition_age_7","48-59",43,0.097974066592337,0.0480543605263282,0.00378751996073372,0.19216061322394,0.0164865959077473,1.62295251492351,63.4224439457188,94.7588284788529,TRUE,TRUE,TRUE
"nonutrition_age_7","48-59",43.5,0.0977880333458003,0.0483289064843508,0.00306337663647287,0.192512690055128,0.0164865959077473,1.62295251492351,63.4224439457188,94.7588284788529,TRUE,TRUE,TRUE
"nonutrition_age_7","48-59",44,0.0975831009050889,0.0486067090142557,0.00231395123714766,0.19285225057303,0.0164865959077473,1.62295251492351,63.4224439457188,94.7588284788529,TRUE,TRUE,TRUE
"nonutrition_age_7","48-59",44.5,0.0973600644386636,0.0488921263896468,0.00153149671495584,0.193188632162371,0.0164865959077473,1.62295251492351,63.4224439457188,94.7588284788529,TRUE,TRUE,TRUE
"nonutrition_age_7","48-59",45,0.0971197191149855,0.0491890550939624,0.00070917113081917,0.193530267099152,0.0164865959077473,1.62295251492351,63.4224439457188,94.7588284788529,TRUE,TRUE,TRUE
"nonutrition_age_7","48-59",45.5,0.0968628601025153,0.0495008960915179,-0.000158896236859676,0.19388461644189,0.0164865959077473,1.62295251492351,63.4224439457188,94.7588284788529,TRUE,TRUE,TRUE
"nonutrition_age_7","48-59",46,0.0965902825697138,0.0498305273778143,-0.00107755109080228,0.19425811623023,0.0164865959077473,1.62295251492351,63.4224439457188,94.7588284788529,TRUE,TRUE,TRUE
"nonutrition_age_7","48-59",46.5,0.096302781685042,0.0501802838950465,-0.00205057474924916,0.194656138119333,0.0164865959077473,1.62295251492351,63.4224439457188,94.7588284788529,TRUE,TRUE,TRUE
"nonutrition_age_7","48-59",47,0.0960011526169609,0.0505519456814965,-0.00308066091877228,0.195082966152694,0.0164865959077473,1.62295251492351,63.4224439457188,94.7588284788529,TRUE,TRUE,TRUE
"nonutrition_age_7","48-59",47.5,0.0956861905339312,0.0509467348462627,-0.00416940976474371,0.195541790832606,0.0164865959077473,1.62295251492351,63.4224439457188,94.7588284788529,TRUE,TRUE,TRUE
"nonutrition_age_7","48-59",48,0.0953586906044137,0.0513653216443476,-0.0053173398185075,0.196034721027335,0.0164865959077473,1.62295251492351,63.4224439457188,94.7588284788529,TRUE,TRUE,TRUE
"nonutrition_age_7","48-59",48.5,0.0950194479968695,0.0518078395966071,-0.00652391761248035,0.196562813606219,0.0164865959077473,1.62295251492351,63.4224439457188,94.7588284788529,TRUE,TRUE,TRUE
"nonutrition_age_7","48-59",49,0.0946692578797594,0.0522739092809076,-0.00778760431081951,0.197126120070338,0.0164865959077473,1.62295251492351,63.4224439457188,94.7588284788529,TRUE,TRUE,TRUE
"nonutrition_age_7","48-59",49.5,0.0943089154215442,0.0527626701397494,-0.00910591805236459,0.197723748895453,0.0164865959077473,1.62295251492351,63.4224439457188,94.7588284788529,TRUE,TRUE,TRUE
"nonutrition_age_7","48-59",50,0.0939392157906848,0.05327281942572,-0.0104755102837264,0.198353941865096,0.0164865959077473,1.62295251492351,63.4224439457188,94.7588284788529,TRUE,TRUE,TRUE
"nonutrition_age_7","48-59",50.5,0.093560954155642,0.053802657252958,-0.0118922540601557,0.19901416237144,0.0164865959077473,1.62295251492351,63.4224439457188,94.7588284788529,TRUE,TRUE,TRUE
"nonutrition_age_7","48-59",51,0.0931749256848769,0.0543501366462882,-0.013351342141848,0.199701193511602,0.0164865959077473,1.62295251492351,63.4224439457188,94.7588284788529,TRUE,TRUE,TRUE
"nonutrition_age_7","48-59",51.5,0.0927819255468502,0.0549129174783788,-0.0148473927107722,0.200411243804473,0.0164865959077473,1.62295251492351,63.4224439457188,94.7588284788529,TRUE,TRUE,TRUE
"nonutrition_age_7","48-59",52,0.0923827489100229,0.0554884232514038,-0.0163745606627286,0.201140058482774,0.0164865959077473,1.62295251492351,63.4224439457188,94.7588284788529,TRUE,TRUE,TRUE
"nonutrition_age_7","48-59",52.5,0.0919781909428558,0.0560738998009617,-0.017926652667029,0.201883034552741,0.0164865959077473,1.62295251492351,63.4224439457188,94.7588284788529,TRUE,TRUE,TRUE
"nonutrition_age_7","48-59",53,0.0915690468138097,0.0566664751615269,-0.019497244502783,0.202635338130402,0.0164865959077473,1.62295251492351,63.4224439457188,94.7588284788529,TRUE,TRUE,TRUE
"nonutrition_age_7","48-59",53.5,0.0911561116913456,0.0572632200189919,-0.0210797995458785,0.20339202292857,0.0164865959077473,1.62295251492351,63.4224439457188,94.7588284788529,TRUE,TRUE,TRUE
"nonutrition_age_7","48-59",54,0.0907401807439242,0.0578612083722837,-0.0226677876657518,0.2041481491536,0.0164865959077473,1.62295251492351,63.4224439457188,94.7588284788529,TRUE,TRUE,TRUE
"nonutrition_age_7","48-59",54.5,0.0903220491400067,0.0584575782199878,-0.0242548041711694,0.204898902451183,0.0164865959077473,1.62295251492351,63.4224439457188,94.7588284788529,TRUE,TRUE,TRUE
"nonutrition_age_7","48-59",55,0.0899025120480538,0.0590495922692163,-0.0258346887996101,0.205639712895718,0.0164865959077473,1.62295251492351,63.4224439457188,94.7588284788529,TRUE,TRUE,TRUE
"nonutrition_age_7","48-59",55.5,0.0894823646365263,0.059634698824982,-0.0274016450604385,0.206366374333491,0.0164865959077473,1.62295251492351,63.4224439457188,94.7588284788529,TRUE,TRUE,TRUE
"nonutrition_age_7","48-59",56,0.089062402073885,0.0602105931535973,-0.0289503605071656,0.207075164654936,0.0164865959077473,1.62295251492351,63.4224439457188,94.7588284788529,TRUE,TRUE,TRUE
"nonutrition_age_7","48-59",56.5,0.0886434195285911,0.060775279719166,-0.0304761287209743,0.207762967778157,0.0164865959077473,1.62295251492351,63.4224439457188,94.7588284788529,TRUE,TRUE,TRUE
"nonutrition_age_7","48-59",57,0.0882260882002432,0.0613274654721756,-0.031975744125221,0.208427920525707,0.0164865959077473,1.62295251492351,63.4224439457188,94.7588284788529,TRUE,TRUE,TRUE
"nonutrition_age_7","48-59",57.5,0.0878105342833408,0.0618677588326986,-0.0334502730287486,0.20907134159543,0.0164865959077473,1.62295251492351,63.4224439457188,94.7588284788529,TRUE,TRUE,TRUE
"nonutrition_age_7","48-59",58,0.0873967342457121,0.0623976620410021,-0.034902683354652,0.209696151846076,0.0164865959077473,1.62295251492351,63.4224439457188,94.7588284788529,TRUE,TRUE,TRUE
"nonutrition_age_7","48-59",58.5,0.0869846645509317,0.0629191400112937,-0.0363368498712038,0.210306178973067,0.0164865959077473,1.62295251492351,63.4224439457188,94.7588284788529,TRUE,TRUE,TRUE
"nonutrition_age_7","48-59",59,0.0865743016625743,0.0634345802569083,-0.0377574756409661,0.210906078966115,0.0164865959077473,1.62295251492351,63.4224439457188,94.7588284788529,TRUE,TRUE,TRUE
"nonutrition_age_7","48-59",59.5,0.0861656220442141,0.0639467552033765,-0.0391700181544037,0.211501262242832,0.0164865959077473,1.62295251492351,63.4224439457188,94.7588284788529,TRUE,TRUE,TRUE
"nonutrition_age_7","48-59",60,0.0857586021594261,0.0644587861367614,-0.0405806186686262,0.212097822987478,0.0164865959077473,1.62295251492351,63.4224439457188,94.7588284788529,TRUE,TRUE,TRUE
"nonutrition_age_7","48-59",60.5,0.0853532184717849,0.0649741080990657,-0.0419960334023839,0.212702470345954,0.0164865959077473,1.62295251492351,63.4224439457188,94.7588284788529,TRUE,TRUE,TRUE
"nonutrition_age_7","48-59",61,0.0849494474448648,0.0654964351114147,-0.043423565373508,0.213322460263238,0.0164865959077473,1.62295251492351,63.4224439457188,94.7588284788529,TRUE,TRUE,TRUE
"nonutrition_age_7","48-59",61.5,0.0845472655422407,0.0660297251891365,-0.0448709958284669,0.213965526912948,0.0164865959077473,1.62295251492351,63.4224439457188,94.7588284788529,TRUE,TRUE,TRUE
"nonutrition_age_7","48-59",62,0.084146649227487,0.0665781447102921,-0.0463465144046854,0.21463981285966,0.0164865959077473,1.62295251492351,63.4224439457188,94.7588284788529,TRUE,TRUE,TRUE
"nonutrition_age_7","48-59",62.5,0.0837475749641785,0.0671460318102342,-0.0478586473838805,0.215353797312237,0.0164865959077473,1.62295251492351,63.4224439457188,94.7588284788529,TRUE,TRUE,TRUE
"nonutrition_age_7","48-59",63,0.0833500192158896,0.0677378585984832,-0.0494161836371375,0.216116222068917,0.0164865959077473,1.62295251492351,63.4224439457188,94.7588284788529,TRUE,TRUE,TRUE
"nonutrition_age_7","48-59",63.4224439457188,0.0830152952555052,0.0682599170750363,-0.0507741422115658,0.216804732722576,0.0164865959077473,1.62295251492351,63.4224439457188,94.7588284788529,TRUE,TRUE,TRUE
"nonutrition_age_7","48-59",63.5,0.0829539584461952,0.068358192128712,-0.0510280981260803,0.216936015018471,0.0164865959077473,1.62295251492351,63.4224439457188,94.7588284788529,TRUE,FALSE,TRUE
"nonutrition_age_7","48-59",64,0.0825593691186696,0.0690116541947661,-0.0527034731030719,0.217822211340411,0.0164865959077473,1.62295251492351,63.4224439457188,94.7588284788529,TRUE,FALSE,TRUE
"nonutrition_age_7","48-59",64.5,0.0821662276968874,0.069702880170775,-0.0544514174378315,0.218783872831606,0.0164865959077473,1.62295251492351,63.4224439457188,94.7588284788529,TRUE,FALSE,TRUE
"nonutrition_age_7","48-59",65,0.0817745106444235,0.0704364772554429,-0.0562809847762446,0.219830006065092,0.0164865959077473,1.62295251492351,63.4224439457188,94.7588284788529,TRUE,FALSE,TRUE
"nonutrition_age_7","48-59",65.5,0.0813841944248521,0.071216982612271,-0.058201091495199,0.220969480344903,0.0164865959077473,1.62295251492351,63.4224439457188,94.7588284788529,TRUE,FALSE,TRUE
"nonutrition_age_7","48-59",66,0.0809952555017482,0.0720488220107523,-0.0602204356393262,0.222210946642823,0.0164865959077473,1.62295251492351,63.4224439457188,94.7588284788529,TRUE,FALSE,TRUE
"nonutrition_age_7","48-59",66.5,0.0806076703386862,0.072936269660478,-0.0623474181958507,0.223562758873223,0.0164865959077473,1.62295251492351,63.4224439457188,94.7588284788529,TRUE,FALSE,TRUE
"nonutrition_age_7","48-59",67,0.0802214153992408,0.0738834099833825,-0.064590068168189,0.225032898966671,0.0164865959077473,1.62295251492351,63.4224439457188,94.7588284788529,TRUE,FALSE,TRUE
"nonutrition_age_7","48-59",67.5,0.0798364671469865,0.0748941020835242,-0.066955972936721,0.226628907230694,0.0164865959077473,1.62295251492351,63.4224439457188,94.7588284788529,TRUE,FALSE,TRUE
"nonutrition_age_7","48-59",68,0.0794528020454978,0.0759719476458323,-0.0694522153403335,0.228357819431329,0.0164865959077473,1.62295251492351,63.4224439457188,94.7588284788529,TRUE,FALSE,TRUE
"nonutrition_age_7","48-59",68.5,0.0790703965583497,0.077120262925216,-0.0720853187750737,0.230226111891773,0.0164865959077473,1.62295251492351,63.4224439457188,94.7588284788529,TRUE,FALSE,TRUE
"nonutrition_age_7","48-59",69,0.0786892271491164,0.0783420553787502,-0.074861201393234,0.232239655691467,0.0164865959077473,1.62295251492351,63.4224439457188,94.7588284788529,TRUE,FALSE,TRUE
"nonutrition_age_7","48-59",69.5,0.0783092702813726,0.0796400053529459,-0.0777851402104013,0.234403680773147,0.0164865959077473,1.62295251492351,63.4224439457188,94.7588284788529,TRUE,FALSE,TRUE
"nonutrition_age_7","48-59",70,0.0779305024186931,0.0810164530746702,-0.0808617456076605,0.236722750445047,0.0164865959077473,1.62295251492351,63.4224439457188,94.7588284788529,TRUE,FALSE,TRUE
"nonutrition_age_7","48-59",70.5,0.0775529000246522,0.082473391019154,-0.0840949463728896,0.239200746422194,0.0164865959077473,1.62295251492351,63.4224439457188,94.7588284788529,TRUE,FALSE,TRUE
"nonutrition_age_7","48-59",71,0.0771764395628247,0.0840124615534456,-0.0874879850819286,0.241840864207578,0.0164865959077473,1.62295251492351,63.4224439457188,94.7588284788529,TRUE,FALSE,TRUE
"nonutrition_age_7","48-59",71.5,0.0768010974967854,0.0856349595898513,-0.0910434232993231,0.244645618292894,0.0164865959077473,1.62295251492351,63.4224439457188,94.7588284788529,TRUE,FALSE,TRUE
"nonutrition_age_7","48-59",72,0.0764268502901085,0.0873418398410139,-0.0947631557982787,0.247616856378496,0.0164865959077473,1.62295251492351,63.4224439457188,94.7588284788529,TRUE,FALSE,TRUE
"nonutrition_age_7","48-59",72.5,0.0760536744063688,0.0891337281536091,-0.098648432774705,0.250755781587443,0.0164865959077473,1.62295251492351,63.4224439457188,94.7588284788529,TRUE,FALSE,TRUE
"nonutrition_age_7","48-59",73,0.0756815463091408,0.0910109363156435,-0.10269988886952,0.254062981487802,0.0164865959077473,1.62295251492351,63.4224439457188,94.7588284788529,TRUE,FALSE,TRUE
"nonutrition_age_7","48-59",73.5,0.0753104424619993,0.0929734796845291,-0.106917577719678,0.257538462643676,0.0164865959077473,1.62295251492351,63.4224439457188,94.7588284788529,TRUE,FALSE,TRUE
"nonutrition_age_7","48-59",74,0.0749403393285188,0.0950210969683,-0.111301010729349,0.261181689386387,0.0164865959077473,1.62295251492351,63.4224439457188,94.7588284788529,TRUE,FALSE,TRUE
"nonutrition_age_7","48-59",74.5,0.074571213372274,0.097153271507117,-0.115849198781675,0.264991625526223,0.0164865959077473,1.62295251492351,63.4224439457188,94.7588284788529,TRUE,FALSE,TRUE
"nonutrition_age_7","48-59",75,0.0742030410568391,0.0993692534416066,-0.12056069568871,0.268966777802388,0.0164865959077473,1.62295251492351,63.4224439457188,94.7588284788529,TRUE,FALSE,TRUE
"nonutrition_age_7","48-59",75.5,0.0738357988457893,0.101668082212743,-0.125433642291187,0.273105239982765,0.0164865959077473,1.62295251492351,63.4224439457188,94.7588284788529,TRUE,FALSE,TRUE
"nonutrition_age_7","48-59",76,0.0734694632026988,0.104048608908823,-0.130465810258595,0.277404736663992,0.0164865959077473,1.62295251492351,63.4224439457188,94.7588284788529,TRUE,FALSE,TRUE
"nonutrition_age_7","48-59",76.5,0.0731040105911422,0.106509518052839,-0.135654644792422,0.281862665974707,0.0164865959077473,1.62295251492351,63.4224439457188,94.7588284788529,TRUE,FALSE,TRUE
"nonutrition_age_7","48-59",77,0.0727394174746943,0.1090493485031,-0.140997305591382,0.286476140540771,0.0164865959077473,1.62295251492351,63.4224439457188,94.7588284788529,TRUE,FALSE,TRUE
"nonutrition_age_7","48-59",77.5,0.0723756603169297,0.111666513217217,-0.146490705588816,0.291242026222675,0.0164865959077473,1.62295251492351,63.4224439457188,94.7588284788529,TRUE,FALSE,TRUE
"nonutrition_age_7","48-59",78,0.0720127155814229,0.114359317701303,-0.152131547113131,0.296156978275977,0.0164865959077473,1.62295251492351,63.4224439457188,94.7588284788529,TRUE,FALSE,TRUE
"nonutrition_age_7","48-59",78.5,0.0716505597317485,0.11712597703048,-0.157916355247992,0.301217474711489,0.0164865959077473,1.62295251492351,63.4224439457188,94.7588284788529,TRUE,FALSE,TRUE
"nonutrition_age_7","48-59",79,0.0712891692314811,0.119964631382165,-0.163841508277561,0.306419846740524,0.0164865959077473,1.62295251492351,63.4224439457188,94.7588284788529,TRUE,FALSE,TRUE
"nonutrition_age_7","48-59",79.5,0.0709285205441954,0.122873360069824,-0.169903265192659,0.31176030628105,0.0164865959077473,1.62295251492351,63.4224439457188,94.7588284788529,TRUE,FALSE,TRUE
"nonutrition_age_7","48-59",80,0.0705685901334658,0.125850194101964,-0.176097790306384,0.317234970573316,0.0164865959077473,1.62295251492351,63.4224439457188,94.7588284788529,TRUE,FALSE,TRUE
"nonutrition_age_7","48-59",80.5,0.0702093544628673,0.128893127319748,-0.182421175083839,0.322839884009574,0.0164865959077473,1.62295251492351,63.4224439457188,94.7588284788529,TRUE,FALSE,TRUE
"nonutrition_age_7","48-59",81,0.069850789995974,0.132000126187544,-0.188869457331612,0.32857103732356,0.0164865959077473,1.62295251492351,63.4224439457188,94.7588284788529,TRUE,FALSE,TRUE
"nonutrition_age_7","48-59",81.5,0.0694928731963609,0.135169138325043,-0.195438637920723,0.334424384313445,0.0164865959077473,1.62295251492351,63.4224439457188,94.7588284788529,TRUE,FALSE,TRUE
"nonutrition_age_7","48-59",82,0.0691355805276024,0.138398099878255,-0.202124695233778,0.340395856288983,0.0164865959077473,1.62295251492351,63.4224439457188,94.7588284788529,TRUE,FALSE,TRUE
"nonutrition_age_7","48-59",82.5,0.0687788884532732,0.141684941830855,-0.208923597535202,0.346481374441749,0.0164865959077473,1.62295251492351,63.4224439457188,94.7588284788529,TRUE,FALSE,TRUE
"nonutrition_age_7","48-59",83,0.0684227734369478,0.145027595357882,-0.215831313464501,0.352676860338397,0.0164865959077473,1.62295251492351,63.4224439457188,94.7588284788529,TRUE,FALSE,TRUE
"nonutrition_age_7","48-59",83.5,0.068067211942201,0.148423996321612,-0.222843820848158,0.35897824473256,0.0164865959077473,1.62295251492351,63.4224439457188,94.7588284788529,TRUE,FALSE,TRUE
"nonutrition_age_7","48-59",84,0.0677121804326072,0.151872089005206,-0.229957114017597,0.365381474882811,0.0164865959077473,1.62295251492351,63.4224439457188,94.7588284788529,TRUE,FALSE,TRUE
"nonutrition_age_7","48-59",84.5,0.0673576553717411,0.155369829174197,-0.237167209809686,0.371882520553168,0.0164865959077473,1.62295251492351,63.4224439457188,94.7588284788529,TRUE,FALSE,TRUE
"nonutrition_age_7","48-59",85,0.0670036132231772,0.158915186549413,-0.244470152413672,0.378477378860027,0.0164865959077473,1.62295251492351,63.4224439457188,94.7588284788529,TRUE,FALSE,TRUE
"nonutrition_age_7","48-59",85.5,0.0666500304504903,0.162506146768056,-0.251862017214899,0.38516207811588,0.0164865959077473,1.62295251492351,63.4224439457188,94.7588284788529,TRUE,FALSE,TRUE
"nonutrition_age_7","48-59",86,0.0662968835172549,0.166140712902615,-0.25933891377187,0.39193268080638,0.0164865959077473,1.62295251492351,63.4224439457188,94.7588284788529,TRUE,FALSE,TRUE
"nonutrition_age_7","48-59",86.5,0.0659441488870455,0.169816906600315,-0.266896988049572,0.398785285823663,0.0164865959077473,1.62295251492351,63.4224439457188,94.7588284788529,TRUE,FALSE,TRUE
"nonutrition_age_7","48-59",87,0.0655918030234369,0.173532768899109,-0.274532424018817,0.405716030065691,0.0164865959077473,1.62295251492351,63.4224439457188,94.7588284788529,TRUE,FALSE,TRUE
"nonutrition_age_7","48-59",87.5,0.0652398223900035,0.177286360769871,-0.282241444718944,0.412721089498951,0.0164865959077473,1.62295251492351,63.4224439457188,94.7588284788529,TRUE,FALSE,TRUE
"nonutrition_age_7","48-59",88,0.06488818345032,0.181075763428552,-0.290020312869641,0.419796679770281,0.0164865959077473,1.62295251492351,63.4224439457188,94.7588284788529,TRUE,FALSE,TRUE
"nonutrition_age_7","48-59",88.5,0.0645368626679611,0.184899078456617,-0.297865331107008,0.42693905644293,0.0164865959077473,1.62295251492351,63.4224439457188,94.7588284788529,TRUE,FALSE,TRUE
"nonutrition_age_7","48-59",89,0.0641858365065013,0.188754427763169,-0.30577284190931,0.434144514922312,0.0164865959077473,1.62295251492351,63.4224439457188,94.7588284788529,TRUE,FALSE,TRUE
"nonutrition_age_7","48-59",89.5,0.0638350814295152,0.192639953417683,-0.313739227269143,0.441409390128173,0.0164865959077473,1.62295251492351,63.4224439457188,94.7588284788529,TRUE,FALSE,TRUE
"nonutrition_age_7","48-59",90,0.0634845739005774,0.196553817378323,-0.321760908160936,0.44873005596209,0.0164865959077473,1.62295251492351,63.4224439457188,94.7588284788529,TRUE,FALSE,TRUE
"nonutrition_age_7","48-59",90.5,0.0631342903832626,0.20049420113726,-0.329834343845768,0.456102924612293,0.0164865959077473,1.62295251492351,63.4224439457188,94.7588284788529,TRUE,FALSE,TRUE
"nonutrition_age_7","48-59",91,0.0627842073411453,0.204459305301289,-0.337956031049382,0.463524445731672,0.0164865959077473,1.62295251492351,63.4224439457188,94.7588284788529,TRUE,FALSE,TRUE
"nonutrition_age_7","48-59",91.5,0.0624343012378,0.208447349123301,-0.34612250304387,0.47099110551947,0.0164865959077473,1.62295251492351,63.4224439457188,94.7588284788529,TRUE,FALSE,TRUE
"nonutrition_age_7","48-59",92,0.0620845485368016,0.212456569997773,-0.354330328658834,0.478499425732437,0.0164865959077473,1.62295251492351,63.4224439457188,94.7588284788529,TRUE,FALSE,TRUE
"nonutrition_age_7","48-59",92.5,0.0617349257017245,0.216485222931349,-0.362576111243719,0.486045962647168,0.0164865959077473,1.62295251492351,63.4224439457188,94.7588284788529,TRUE,FALSE,TRUE
"nonutrition_age_7","48-59",93,0.0613854091961434,0.220531579997763,-0.370856487599472,0.493627305991759,0.0164865959077473,1.62295251492351,63.4224439457188,94.7588284788529,TRUE,FALSE,TRUE
"nonutrition_age_7","48-59",93.5,0.0610359754836328,0.224593929784834,-0.379168126894642,0.501240077861908,0.0164865959077473,1.62295251492351,63.4224439457188,94.7588284788529,TRUE,FALSE,TRUE
"nonutrition_age_7","48-59",94,0.0606866010277674,0.22867057683987,-0.387507729578378,0.508880931633912,0.0164865959077473,1.62295251492351,63.4224439457188,94.7588284788529,TRUE,FALSE,TRUE
"nonutrition_age_7","48-59",94.5,0.0603372622921217,0.232759841118712,-0.395872026300554,0.516546550884798,0.0164865959077473,1.62295251492351,63.4224439457188,94.7588284788529,TRUE,FALSE,TRUE
"nonutrition_age_7","48-59",94.7588284788529,0.0601564309374559,0.234881083919983,-0.40021049354571,0.520523355420622,0.0164865959077473,1.62295251492351,63.4224439457188,94.7588284788529,TRUE,FALSE,TRUE
"nonutrition_age_7","48-59",95,0.0599879361804778,0.236860078473018,-0.404257817626638,0.524233689987593,0.0164865959077473,1.62295251492351,63.4224439457188,94.7588284788529,FALSE,FALSE,TRUE
"nonutrition_age_7","48-59",95.5,0.0596386106129799,0.240970188184156,-0.412662958227965,0.531940179453925,0.0164865959077473,1.62295251492351,63.4224439457188,94.7588284788529,FALSE,FALSE,TRUE
"nonutrition_age_7","48-59",96,0.0592892850454819,0.245089649009989,-0.421086427014096,0.53966499710506,0.0164865959077473,1.62295251492351,63.4224439457188,94.7588284788529,FALSE,FALSE,TRUE
"nonutrition_age_7","48-59",96.5,0.0589399594779839,0.249217997241854,-0.429527315116049,0.547407234072017,0.0164865959077473,1.62295251492351,63.4224439457188,94.7588284788529,FALSE,FALSE,TRUE
"nonutrition_age_7","48-59",97,0.058590633910486,0.253354798426457,-0.437984771005369,0.555166038826341,0.0164865959077473,1.62295251492351,63.4224439457188,94.7588284788529,FALSE,FALSE,TRUE
"nonutrition_age_7","48-59",97.5,0.058241308342988,0.25749964516723,-0.446457996184784,0.56294061287076,0.0164865959077473,1.62295251492351,63.4224439457188,94.7588284788529,FALSE,FALSE,TRUE
"nonutrition_age_7","48-59",98,0.0578919827754901,0.261652155114109,-0.454946241248163,0.570730206799143,0.0164865959077473,1.62295251492351,63.4224439457188,94.7588284788529,FALSE,FALSE,TRUE
"nonutrition_age_7","48-59",98.5,0.0575426572079921,0.265811969123918,-0.463448802274887,0.578534116690871,0.0164865959077473,1.62295251492351,63.4224439457188,94.7588284788529,FALSE,FALSE,TRUE
"nonutrition_age_7","48-59",99,0.0571933316404942,0.269978749575371,-0.471965017527232,0.586351680808221,0.0164865959077473,1.62295251492351,63.4224439457188,94.7588284788529,FALSE,FALSE,TRUE
"nonutrition_age_7","48-59",99.5,0.0568440060729962,0.274152178824272,-0.480494264422577,0.59418227656857,0.0164865959077473,1.62295251492351,63.4224439457188,94.7588284788529,FALSE,FALSE,TRUE
"nonutrition_age_7","48-59",100,0.0564946805054982,0.278331957785986,-0.489035956755034,0.60202531776603,0.0164865959077473,1.62295251492351,63.4224439457188,94.7588284788529,FALSE,FALSE,TRUE
