"fit_id","age_band","pfpr_pct","log_hazard_ratio","standard_error","lower_95","upper_95","pfpr_min","pfpr_p025","pfpr_p975","pfpr_max","within_observed_support","within_central_support","reference_within_observed_support","series"
"imputed_dhsmics_age_1","<1",0,-0.0695121411076113,0.0257981292039549,-0.120076474347363,-0.0189478078678598,0.0164865959077473,1.76227468221296,65.2061299000762,94.7588284788529,FALSE,FALSE,TRUE,"map_full"
"imputed_dhsmics_age_1","<1",0.0164865959077473,-0.0694576431181962,0.0257714528307184,-0.119969690666404,-0.0189455955699881,0.0164865959077473,1.76227468221296,65.2061299000762,94.7588284788529,TRUE,FALSE,TRUE,"map_full"
"imputed_dhsmics_age_1","<1",0.5,-0.067859296006546,0.0249896055825009,-0.116838922948248,-0.0188796690648442,0.0164865959077473,1.76227468221296,65.2061299000762,94.7588284788529,TRUE,FALSE,TRUE,"map_full"
"imputed_dhsmics_age_1","<1",1,-0.0662061416772999,0.0241825881321085,-0.113604014416233,-0.0188082689383672,0.0164865959077473,1.76227468221296,65.2061299000762,94.7588284788529,TRUE,FALSE,TRUE,"map_full"
"imputed_dhsmics_age_1","<1",1.5,-0.0645523583516724,0.0233777675239095,-0.110372782698535,-0.0187319340048098,0.0164865959077473,1.76227468221296,65.2061299000762,94.7588284788529,TRUE,FALSE,TRUE,"map_full"
"imputed_dhsmics_age_1","<1",1.76227468221296,-0.063684508258124,0.0229567089825724,-0.108679657863966,-0.018689358652282,0.0164865959077473,1.76227468221296,65.2061299000762,94.7588284788529,TRUE,TRUE,TRUE,"map_full"
"imputed_dhsmics_age_1","<1",2,-0.062897626259552,0.0225758302755761,-0.107146253599681,-0.0186489989194228,0.0164865959077473,1.76227468221296,65.2061299000762,94.7588284788529,TRUE,TRUE,TRUE,"map_full"
"imputed_dhsmics_age_1","<1",2.5,-0.0612416256308274,0.0217774579547084,-0.103925443222056,-0.0185578080395991,0.0164865959077473,1.76227468221296,65.2061299000762,94.7588284788529,TRUE,TRUE,TRUE,"map_full"
"imputed_dhsmics_age_1","<1",3,-0.0595840366953873,0.0209833263173375,-0.100711356277369,-0.0184567171134059,0.0164865959077473,1.76227468221296,65.2061299000762,94.7588284788529,TRUE,TRUE,TRUE,"map_full"
"imputed_dhsmics_age_1","<1",3.5,-0.0579245396831203,0.0201941043680701,-0.0975049842445377,-0.0183440951217028,0.0164865959077473,1.76227468221296,65.2061299000762,94.7588284788529,TRUE,TRUE,TRUE,"map_full"
"imputed_dhsmics_age_1","<1",4,-0.0562628148239149,0.0194104533309636,-0.0943073033526036,-0.0182183262952263,0.0164865959077473,1.76227468221296,65.2061299000762,94.7588284788529,TRUE,TRUE,TRUE,"map_full"
"imputed_dhsmics_age_1","<1",4.5,-0.05459854234766,0.0186330255189703,-0.0911192723648417,-0.0180778123304783,0.0164865959077473,1.76227468221296,65.2061299000762,94.7588284788529,TRUE,TRUE,TRUE,"map_full"
"imputed_dhsmics_age_1","<1",5,-0.0529314024842441,0.0178624630883974,-0.0879418301375031,-0.0179209748309852,0.0164865959077473,1.76227468221296,65.2061299000762,94.7588284788529,TRUE,TRUE,TRUE,"map_full"
"imputed_dhsmics_age_1","<1",5.5,-0.0512610754635559,0.017099396663286,-0.0847758929235964,-0.0177462580035153,0.0164865959077473,1.76227468221296,65.2061299000762,94.7588284788529,TRUE,TRUE,TRUE,"map_full"
"imputed_dhsmics_age_1","<1",6,-0.049587241515484,0.0163444438129223,-0.0816223513888116,-0.0175521316421563,0.0164865959077473,1.76227468221296,65.2061299000762,94.7588284788529,TRUE,TRUE,TRUE,"map_full"
"imputed_dhsmics_age_1","<1",6.5,-0.047909580869917,0.0155982073638584,-0.0784820673030794,-0.0173370944367546,0.0164865959077473,1.76227468221296,65.2061299000762,94.7588284788529,TRUE,TRUE,TRUE,"map_full"
"imputed_dhsmics_age_1","<1",7,-0.0462277737567437,0.0148612735258444,-0.0753558698673987,-0.0170996776460887,0.0164865959077473,1.76227468221296,65.2061299000762,94.7588284788529,TRUE,TRUE,TRUE,"map_full"
"imputed_dhsmics_age_1","<1",7.5,-0.0445415004058526,0.0141342098089836,-0.0722445516314605,-0.0168384491802448,0.0164865959077473,1.76227468221296,65.2061299000762,94.7588284788529,TRUE,TRUE,TRUE,"map_full"
"imputed_dhsmics_age_1","<1",8,-0.0428504410471324,0.0134175627072545,-0.0691488639533513,-0.0165520181409135,0.0164865959077473,1.76227468221296,65.2061299000762,94.7588284788529,TRUE,TRUE,TRUE,"map_full"
"imputed_dhsmics_age_1","<1",8.5,-0.0411542759104718,0.0127118551213482,-0.0660695119483142,-0.0162390398726294,0.0164865959077473,1.76227468221296,65.2061299000762,94.7588284788529,TRUE,TRUE,TRUE,"map_full"
"imputed_dhsmics_age_1","<1",9,-0.0394526852257593,0.0120175834916327,-0.0630071488693594,-0.0158982215821592,0.0164865959077473,1.76227468221296,65.2061299000762,94.7588284788529,TRUE,TRUE,TRUE,"map_full"
"imputed_dhsmics_age_1","<1",9.5,-0.0377453492228837,0.0113352146100934,-0.0599623698586667,-0.0155283285871007,0.0164865959077473,1.76227468221296,65.2061299000762,94.7588284788529,TRUE,TRUE,TRUE,"map_full"
"imputed_dhsmics_age_1","<1",10,-0.0360319481317336,0.0106651820784627,-0.0569357050055204,-0.0151281912579468,0.0164865959077473,1.76227468221296,65.2061299000762,94.7588284788529,TRUE,TRUE,TRUE,"map_full"
"imputed_dhsmics_age_1","<1",10.5,-0.0343121621821976,0.0100078823786652,-0.0539276116443813,-0.0146967127200139,0.0164865959077473,1.76227468221296,65.2061299000762,94.7588284788529,TRUE,TRUE,TRUE,"map_full"
"imputed_dhsmics_age_1","<1",11,-0.0325856716041644,0.00936367052143471,-0.0509384658261764,-0.0142328773821523,0.0164865959077473,1.76227468221296,65.2061299000762,94.7588284788529,TRUE,TRUE,TRUE,"map_full"
"imputed_dhsmics_age_1","<1",11.5,-0.0308521566275225,0.00873285523986855,-0.0479685528976649,-0.0137357603573802,0.0164865959077473,1.76227468221296,65.2061299000762,94.7588284788529,TRUE,TRUE,TRUE,"map_full"
"imputed_dhsmics_age_1","<1",12,-0.0291112974821608,0.00811569369721562,-0.0450180571287034,-0.0132045378356182,0.0164865959077473,1.76227468221296,65.2061299000762,94.7588284788529,TRUE,TRUE,TRUE,"map_full"
"imputed_dhsmics_age_1","<1",12.5,-0.0273627743979677,0.00751238568289126,-0.0420870503364346,-0.0126384984595009,0.0164865959077473,1.76227468221296,65.2061299000762,94.7588284788529,TRUE,TRUE,TRUE,"map_full"
"imputed_dhsmics_age_1","<1",13,-0.025606267604832,0.00692306727821664,-0.0391754794701367,-0.0120370557395274,0.0164865959077473,1.76227468221296,65.2061299000762,94.7588284788529,TRUE,TRUE,TRUE,"map_full"
"imputed_dhsmics_age_1","<1",13.5,-0.0238414573326423,0.00634780398443202,-0.0362831531421291,-0.0113997615231556,0.0164865959077473,1.76227468221296,65.2061299000762,94.7588284788529,TRUE,TRUE,TRUE,"map_full"
"imputed_dhsmics_age_1","<1",14,-0.0220680238112873,0.00578658332093701,-0.0334097271203238,-0.0107263205022508,0.0164865959077473,1.76227468221296,65.2061299000762,94.7588284788529,TRUE,TRUE,TRUE,"map_full"
"imputed_dhsmics_age_1","<1",14.5,-0.0202856472706555,0.00523930692229461,-0.030554688838353,-0.0100166057029581,0.0164865959077473,1.76227468221296,65.2061299000762,94.7588284788529,TRUE,TRUE,TRUE,"map_full"
"imputed_dhsmics_age_1","<1",15,-0.0184940079406357,0.00470578218907102,-0.0277173410312149,-0.00927067485005651,0.0164865959077473,1.76227468221296,65.2061299000762,94.7588284788529,TRUE,TRUE,TRUE,"map_full"
"imputed_dhsmics_age_1","<1",15.5,-0.0166927860511165,0.00418571358066278,-0.0248967846692155,-0.00848878743301741,0.0164865959077473,1.76227468221296,65.2061299000762,94.7588284788529,TRUE,TRUE,TRUE,"map_full"
"imputed_dhsmics_age_1","<1",16,-0.0148816618319864,0.00367869367814238,-0.0220919014411455,-0.00767142222282738,0.0164865959077473,1.76227468221296,65.2061299000762,94.7588284788529,TRUE,TRUE,TRUE,"map_full"
"imputed_dhsmics_age_1","<1",16.5,-0.0130603155131343,0.00318419419154422,-0.019301336128561,-0.00681929489770761,0.0164865959077473,1.76227468221296,65.2061299000762,94.7588284788529,TRUE,TRUE,TRUE,"map_full"
"imputed_dhsmics_age_1","<1",17,-0.0112284273244487,0.00270155713787868,-0.0165234793146909,-0.00593337533420646,0.0164865959077473,1.76227468221296,65.2061299000762,94.7588284788529,TRUE,TRUE,TRUE,"map_full"
"imputed_dhsmics_age_1","<1",17.5,-0.00938567749581819,0.00222998647161131,-0.0137564509801764,-0.00501490401146003,0.0164865959077473,1.76227468221296,65.2061299000762,94.7588284788529,TRUE,TRUE,TRUE,"map_full"
"imputed_dhsmics_age_1","<1",18,-0.00753174625713152,0.00176854050611593,-0.0109980856491187,-0.0040654068651443,0.0164865959077473,1.76227468221296,65.2061299000762,94.7588284788529,TRUE,TRUE,TRUE,"map_full"
"imputed_dhsmics_age_1","<1",18.5,-0.00566631383827732,0.00131612552375809,-0.00824591986484318,-0.00308670781171146,0.0164865959077473,1.76227468221296,65.2061299000762,94.7588284788529,TRUE,TRUE,TRUE,"map_full"
"imputed_dhsmics_age_1","<1",19,-0.00378906046914421,0.000871491066940709,-0.005497182960348,-0.00208093797794042,0.0164865959077473,1.76227468221296,65.2061299000762,94.7588284788529,TRUE,TRUE,TRUE,"map_full"
"imputed_dhsmics_age_1","<1",19.5,-0.00189985651018619,0.000433241475804895,-0.00274900980276378,-0.00105070321760859,0.0164865959077473,1.76227468221296,65.2061299000762,94.7588284788529,TRUE,TRUE,TRUE,"map_full"
"imputed_dhsmics_age_1","<1",20,0,0,0,0,0.0164865959077473,1.76227468221296,65.2061299000762,94.7588284788529,TRUE,TRUE,TRUE,"map_full"
"imputed_dhsmics_age_1","<1",20.5,0.00190856222387652,0.000429456100342075,0.00106682826720606,0.00275029618054699,0.0164865959077473,1.76227468221296,65.2061299000762,94.7588284788529,TRUE,TRUE,TRUE,"map_full"
"imputed_dhsmics_age_1","<1",21,0.00382388006767955,0.000856196345529739,0.00214573523044126,0.00550202490491784,0.0164865959077473,1.76227468221296,65.2061299000762,94.7588284788529,TRUE,TRUE,TRUE,"map_full"
"imputed_dhsmics_age_1","<1",21.5,0.00574400343764526,0.0012811376940282,0.00323297355734999,0.00825503331794053,0.0164865959077473,1.76227468221296,65.2061299000762,94.7588284788529,TRUE,TRUE,TRUE,"map_full"
"imputed_dhsmics_age_1","<1",22,0.00766698224000977,0.00170504690006201,0.00432509031588822,0.0110088741641313,0.0164865959077473,1.76227468221296,65.2061299000762,94.7588284788529,TRUE,TRUE,TRUE,"map_full"
"imputed_dhsmics_age_1","<1",22.5,0.00959086638100926,0.00212854446435153,0.00541891923088027,0.0137628135311383,0.0164865959077473,1.76227468221296,65.2061299000762,94.7588284788529,TRUE,TRUE,TRUE,"map_full"
"imputed_dhsmics_age_1","<1",23,0.0115137057668799,0.00255210992552555,0.00651157031284978,0.0165158412209099,0.0164865959077473,1.76227468221296,65.2061299000762,94.7588284788529,TRUE,TRUE,TRUE,"map_full"
"imputed_dhsmics_age_1","<1",23.5,0.0134335503038577,0.00297608823359173,0.00760041736601796,0.0192666832416975,0.0164865959077473,1.76227468221296,65.2061299000762,94.7588284788529,TRUE,TRUE,TRUE,"map_full"
"imputed_dhsmics_age_1","<1",24,0.0153484498981791,0.00340069695402721,0.00868308386828573,0.0220138159280724,0.0164865959077473,1.76227468221296,65.2061299000762,94.7588284788529,TRUE,TRUE,TRUE,"map_full"
"imputed_dhsmics_age_1","<1",24.5,0.01725645445608,0.00382603406848314,0.00975742768185301,0.0247554812303069,0.0164865959077473,1.76227468221296,65.2061299000762,94.7588284788529,TRUE,TRUE,TRUE,"map_full"
"imputed_dhsmics_age_1","<1",25,0.0191556138837966,0.00425208616263352,0.0108215250050349,0.0274897027625583,0.0164865959077473,1.76227468221296,65.2061299000762,94.7588284788529,TRUE,TRUE,TRUE,"map_full"
"imputed_dhsmics_age_1","<1",25.5,0.0210439780875651,0.00467873682045005,0.011873653919483,0.0302143022556472,0.0164865959077473,1.76227468221296,65.2061299000762,94.7588284788529,TRUE,TRUE,TRUE,"map_full"
"imputed_dhsmics_age_1","<1",26,0.0229195969736217,0.00510577507469454,0.0129122778272204,0.032926916120023,0.0164865959077473,1.76227468221296,65.2061299000762,94.7588284788529,TRUE,TRUE,TRUE,"map_full"
"imputed_dhsmics_age_1","<1",26.5,0.0247805204482025,0.00553290379375993,0.013936029012433,0.035625011883972,0.0164865959077473,1.76227468221296,65.2061299000762,94.7588284788529,TRUE,TRUE,TRUE,"map_full"
"imputed_dhsmics_age_1","<1",27,0.0266247984175436,0.00595974791376586,0.0149436925065625,0.0383059043285247,0.0164865959077473,1.76227468221296,65.2061299000762,94.7588284788529,TRUE,TRUE,TRUE,"map_full"
"imputed_dhsmics_age_1","<1",27.5,0.0284504807878813,0.00638586245111864,0.0159341903836887,0.0409667711920738,0.0164865959077473,1.76227468221296,65.2061299000762,94.7588284788529,TRUE,TRUE,TRUE,"map_full"
"imputed_dhsmics_age_1","<1",28,0.0302556174654516,0.00681074025409006,0.0169065665674351,0.0436046683634681,0.0164865959077473,1.76227468221296,65.2061299000762,94.7588284788529,TRUE,TRUE,TRUE,"map_full"
"imputed_dhsmics_age_1","<1",28.5,0.0320382583564907,0.0072338194721896,0.0178599721909991,0.0462165445219823,0.0164865959077473,1.76227468221296,65.2061299000762,94.7588284788529,TRUE,TRUE,TRUE,"map_full"
"imputed_dhsmics_age_1","<1",29,0.0337964533672348,0.00765449073928048,0.0187936515182451,0.0487992552162245,0.0164865959077473,1.76227468221296,65.2061299000762,94.7588284788529,TRUE,TRUE,TRUE,"map_full"
"imputed_dhsmics_age_1","<1",29.5,0.03552825240392,0.00807210408076263,0.0197069284056253,0.0513495764022148,0.0164865959077473,1.76227468221296,65.2061299000762,94.7588284788529,TRUE,TRUE,TRUE,"map_full"
"imputed_dhsmics_age_1","<1",30,0.0372317053727825,0.00848597556705997,0.020599193261345,0.0538642174842201,0.0164865959077473,1.76227468221296,65.2061299000762,94.7588284788529,TRUE,TRUE,TRUE,"map_full"
"imputed_dhsmics_age_1","<1",30.5,0.0389048621800585,0.00889539374549985,0.0214698904388788,0.0563398339212382,0.0164865959077473,1.76227468221296,65.2061299000762,94.7588284788529,TRUE,TRUE,TRUE,"map_full"
"imputed_dhsmics_age_1","<1",31,0.040545772731984,0.00929962589087176,0.0223185059858753,0.0587730394780926,0.0164865959077473,1.76227468221296,65.2061299000762,94.7588284788529,TRUE,TRUE,TRUE,"map_full"
"imputed_dhsmics_age_1","<1",31.5,0.0421524869347952,0.00969792412190264,0.0231445556558661,0.0611604182137244,0.0164865959077473,1.76227468221296,65.2061299000762,94.7588284788529,TRUE,TRUE,TRUE,"map_full"
"imputed_dhsmics_age_1","<1",32,0.0437230546947284,0.0100895314369692,0.0239475730782687,0.0634985363111881,0.0164865959077473,1.76227468221296,65.2061299000762,94.7588284788529,TRUE,TRUE,TRUE,"map_full"
"imputed_dhsmics_age_1","<1",32.5,0.0452555259180196,0.0104736877279319,0.0247270979712731,0.0657839538647662,0.0164865959077473,1.76227468221296,65.2061299000762,94.7588284788529,TRUE,TRUE,TRUE,"map_full"
"imputed_dhsmics_age_1","<1",33,0.046747950510905,0.0108496358363335,0.0254826642716913,0.0680132367501187,0.0164865959077473,1.76227468221296,65.2061299000762,94.7588284788529,TRUE,TRUE,TRUE,"map_full"
"imputed_dhsmics_age_1","<1",33.5,0.0481983783796208,0.0112166277216393,0.0262137880452077,0.0701829687140338,0.0164865959077473,1.76227468221296,65.2061299000762,94.7588284788529,TRUE,TRUE,TRUE,"map_full"
"imputed_dhsmics_age_1","<1",34,0.0496048594304031,0.0115739308169413,0.0269199550291981,0.0722897638316081,0.0164865959077473,1.76227468221296,65.2061299000762,94.7588284788529,TRUE,TRUE,TRUE,"map_full"
"imputed_dhsmics_age_1","<1",34.5,0.050965443569488,0.011920834653817,0.0276006076480067,0.0743302794909693,0.0164865959077473,1.76227468221296,65.2061299000762,94.7588284788529,TRUE,TRUE,TRUE,"map_full"
"imputed_dhsmics_age_1","<1",35,0.0522781807031118,0.0122566578449846,0.0282551313269419,0.0763012300792817,0.0164865959077473,1.76227468221296,65.2061299000762,94.7588284788529,TRUE,TRUE,TRUE,"map_full"
"imputed_dhsmics_age_1","<1",35.5,0.0535411207375105,0.0125807555211556,0.0288828399160455,0.0781994015589756,0.0164865959077473,1.76227468221296,65.2061299000762,94.7588284788529,TRUE,TRUE,TRUE,"map_full"
"imputed_dhsmics_age_1","<1",36,0.0547523135789204,0.0128925273271103,0.0294829600177843,0.0800216671400565,0.0164865959077473,1.76227468221296,65.2061299000762,94.7588284788529,TRUE,TRUE,TRUE,"map_full"
"imputed_dhsmics_age_1","<1",36.5,0.0559098091335775,0.0131914260915101,0.0300546139942178,0.0817650042729373,0.0164865959077473,1.76227468221296,65.2061299000762,94.7588284788529,TRUE,TRUE,TRUE,"map_full"
"imputed_dhsmics_age_1","<1",37,0.0570116573077181,0.0134769672951909,0.030596801409144,0.0834265132062923,0.0164865959077473,1.76227468221296,65.2061299000762,94.7588284788529,TRUE,TRUE,TRUE,"map_full"
"imputed_dhsmics_age_1","<1",37.5,0.0580559080075783,0.0137487394734031,0.0311083786397082,0.0850034373754484,0.0164865959077473,1.76227468221296,65.2061299000762,94.7588284788529,TRUE,TRUE,TRUE,"map_full"
"imputed_dhsmics_age_1","<1",38,0.0590406111393942,0.0140064156982235,0.0315880363708761,0.0864931859079124,0.0164865959077473,1.76227468221296,65.2061299000762,94.7588284788529,TRUE,TRUE,TRUE,"map_full"
"imputed_dhsmics_age_1","<1",38.5,0.0599638570907523,0.0142497859441778,0.0320342766401638,0.0878934375413409,0.0164865959077473,1.76227468221296,65.2061299000762,94.7588284788529,TRUE,TRUE,TRUE,"map_full"
"imputed_dhsmics_age_1","<1",39,0.0608250386627227,0.0144793698730243,0.0324454737115951,0.0892046036138504,0.0164865959077473,1.76227468221296,65.2061299000762,94.7588284788529,TRUE,TRUE,TRUE,"map_full"
"imputed_dhsmics_age_1","<1",39.5,0.0616250984466642,0.0146964797128335,0.0328199982095105,0.0904301986838179,0.0164865959077473,1.76227468221296,65.2061299000762,94.7588284788529,TRUE,TRUE,TRUE,"map_full"
"imputed_dhsmics_age_1","<1",40,0.0623650694601462,0.0149024737721793,0.0331562208666746,0.0915739180536177,0.0164865959077473,1.76227468221296,65.2061299000762,94.7588284788529,TRUE,TRUE,TRUE,"map_full"
"imputed_dhsmics_age_1","<1",40.5,0.0630459847207379,0.0150987012550989,0.0334525302607441,0.0926394391807318,0.0164865959077473,1.76227468221296,65.2061299000762,94.7588284788529,TRUE,TRUE,TRUE,"map_full"
"imputed_dhsmics_age_1","<1",41,0.063668877246009,0.0152864924582037,0.0337073520279297,0.0936304024640882,0.0164865959077473,1.76227468221296,65.2061299000762,94.7588284788529,TRUE,TRUE,TRUE,"map_full"
"imputed_dhsmics_age_1","<1",41.5,0.0642347800535286,0.0154671495331012,0.0339191669686501,0.094550393138407,0.0164865959077473,1.76227468221296,65.2061299000762,94.7588284788529,TRUE,TRUE,TRUE,"map_full"
"imputed_dhsmics_age_1","<1",42,0.0647447261608661,0.0156419377205796,0.0340865282285302,0.0954029240932021,0.0164865959077473,1.76227468221296,65.2061299000762,94.7588284788529,TRUE,TRUE,TRUE,"map_full"
"imputed_dhsmics_age_1","<1",42.5,0.0651997485855911,0.0158120770194088,0.0342080776275499,0.0961914195436323,0.0164865959077473,1.76227468221296,65.2061299000762,94.7588284788529,TRUE,TRUE,TRUE,"map_full"
"imputed_dhsmics_age_1","<1",43,0.0656008803452728,0.015978734296935,0.0342825611232801,0.0969191995672654,0.0164865959077473,1.76227468221296,65.2061299000762,94.7588284788529,TRUE,TRUE,TRUE,"map_full"
"imputed_dhsmics_age_1","<1",43.5,0.0659491544574806,0.0161430158829758,0.034308843326848,0.0975894655881132,0.0164865959077473,1.76227468221296,65.2061299000762,94.7588284788529,TRUE,TRUE,TRUE,"map_full"
"imputed_dhsmics_age_1","<1",44,0.0662456039397838,0.0163059607140823,0.0342859209401825,0.0982052869393851,0.0164865959077473,1.76227468221296,65.2061299000762,94.7588284788529,TRUE,TRUE,TRUE,"map_full"
"imputed_dhsmics_age_1","<1",44.5,0.066491261809752,0.016468534112715,0.0342129349488306,0.0987695886706733,0.0164865959077473,1.76227468221296,65.2061299000762,94.7588284788529,TRUE,TRUE,TRUE,"map_full"
"imputed_dhsmics_age_1","<1",45,0.0666871610849543,0.0166316222957063,0.0340891813853701,0.0992851407845386,0.0164865959077473,1.76227468221296,65.2061299000762,94.7588284788529,TRUE,TRUE,TRUE,"map_full"
"imputed_dhsmics_age_1","<1",45.5,0.0668343347829604,0.0167960277089389,0.0339141204734401,0.0997545490924806,0.0164865959077473,1.76227468221296,65.2061299000762,94.7588284788529,TRUE,TRUE,TRUE,"map_full"
"imputed_dhsmics_age_1","<1",46,0.0669338159213393,0.0169624652809117,0.0336873839707525,0.100180247871926,0.0164865959077473,1.76227468221296,65.2061299000762,94.7588284788529,TRUE,TRUE,TRUE,"map_full"
"imputed_dhsmics_age_1","<1",46.5,0.0669866375176607,0.0171315596774457,0.0334087805498672,0.100564494485454,0.0164865959077473,1.76227468221296,65.2061299000762,94.7588284788529,TRUE,TRUE,TRUE,"map_full"
"imputed_dhsmics_age_1","<1",47,0.0669938325894939,0.0173038436240958,0.0330782990862661,0.100909366092722,0.0164865959077473,1.76227468221296,65.2061299000762,94.7588284788529,TRUE,TRUE,TRUE,"map_full"
"imputed_dhsmics_age_1","<1",47.5,0.0669564341544081,0.0174797573429968,0.0326961097621345,0.101216758546682,0.0164865959077473,1.76227468221296,65.2061299000762,94.7588284788529,TRUE,TRUE,TRUE,"map_full"
"imputed_dhsmics_age_1","<1",48,0.0668754752299729,0.0176596491282222,0.0322625629386574,0.101488387521288,0.0164865959077473,1.76227468221296,65.2061299000762,94.7588284788529,TRUE,TRUE,TRUE,"map_full"
"imputed_dhsmics_age_1","<1",48.5,0.0667519888337575,0.0178437770597163,0.0317781857967135,0.101725791870802,0.0164865959077473,1.76227468221296,65.2061299000762,94.7588284788529,TRUE,TRUE,TRUE,"map_full"
"imputed_dhsmics_age_1","<1",49,0.0665870079833314,0.0180323118319551,0.0312436767926995,0.101930339173963,0.0164865959077473,1.76227468221296,65.2061299000762,94.7588284788529,TRUE,TRUE,TRUE,"map_full"
"imputed_dhsmics_age_1","<1",49.5,0.066381565696264,0.0182253406511042,0.0306598980200998,0.102103233372428,0.0164865959077473,1.76227468221296,65.2061299000762,94.7588284788529,TRUE,TRUE,TRUE,"map_full"
"imputed_dhsmics_age_1","<1",50,0.0661366949901246,0.018422872134796,0.0300278656059245,0.102245524374325,0.0164865959077473,1.76227468221296,65.2061299000762,94.7588284788529,TRUE,TRUE,TRUE,"map_full"
"imputed_dhsmics_age_1","<1",50.5,0.0658534288824826,0.0186248421327013,0.029348738302388,0.102358119462577,0.0164865959077473,1.76227468221296,65.2061299000762,94.7588284788529,TRUE,TRUE,TRUE,"map_full"
"imputed_dhsmics_age_1","<1",51,0.0655328003909073,0.018831120374488,0.0286238044569108,0.102441796324904,0.0164865959077473,1.76227468221296,65.2061299000762,94.7588284788529,TRUE,TRUE,TRUE,"map_full"
"imputed_dhsmics_age_1","<1",51.5,0.0651758425329682,0.0190415178448344,0.0278544675570928,0.102497217508844,0.0164865959077473,1.76227468221296,65.2061299000762,94.7588284788529,TRUE,TRUE,TRUE,"map_full"
"imputed_dhsmics_age_1","<1",52,0.0647835883262346,0.0192557947828936,0.0270422305517631,0.102524946100706,0.0164865959077473,1.76227468221296,65.2061299000762,94.7588284788529,TRUE,TRUE,TRUE,"map_full"
"imputed_dhsmics_age_1","<1",52.5,0.0643570707882759,0.0194736692056733,0.0261886791451564,0.102525462431396,0.0164865959077473,1.76227468221296,65.2061299000762,94.7588284788529,TRUE,TRUE,TRUE,"map_full"
"imputed_dhsmics_age_1","<1",53,0.0638973229366615,0.0196948258606484,0.0252954642497907,0.102499181623532,0.0164865959077473,1.76227468221296,65.2061299000762,94.7588284788529,TRUE,TRUE,TRUE,"map_full"
"imputed_dhsmics_age_1","<1",53.5,0.0634053777889608,0.0199189255218577,0.0243642837661196,0.102446471811802,0.0164865959077473,1.76227468221296,65.2061299000762,94.7588284788529,TRUE,TRUE,TRUE,"map_full"
"imputed_dhsmics_age_1","<1",54,0.0628822683627431,0.0201456145549133,0.0233968638351131,0.102367672890373,0.0164865959077473,1.76227468221296,65.2061299000762,94.7588284788529,TRUE,TRUE,TRUE,"map_full"
"imputed_dhsmics_age_1","<1",54.5,0.0623290276755779,0.0203745346889361,0.0223949396852631,0.102263115665893,0.0164865959077473,1.76227468221296,65.2061299000762,94.7588284788529,TRUE,TRUE,TRUE,"map_full"
"imputed_dhsmics_age_1","<1",55,0.0617466887450344,0.0206053329465711,0.021360236169755,0.102133141320314,0.0164865959077473,1.76227468221296,65.2061299000762,94.7588284788529,TRUE,TRUE,TRUE,"map_full"
"imputed_dhsmics_age_1","<1",55.5,0.061136284588682,0.020837671696154,0.0202944480642201,0.101978121113144,0.0164865959077473,1.76227468221296,65.2061299000762,94.7588284788529,TRUE,TRUE,TRUE,"map_full"
"imputed_dhsmics_age_1","<1",56,0.0604988482240903,0.0210712388020979,0.0191992201719784,0.101798476276202,0.0164865959077473,1.76227468221296,65.2061299000762,94.7588284788529,TRUE,TRUE,TRUE,"map_full"
"imputed_dhsmics_age_1","<1",56.5,0.0598354126688285,0.0213057578600261,0.0180761272631773,0.10159469807448,0.0164865959077473,1.76227468221296,65.2061299000762,94.7588284788529,TRUE,TRUE,TRUE,"map_full"
"imputed_dhsmics_age_1","<1",57,0.0591470109404659,0.0215409985115744,0.0169266538577801,0.101367368023152,0.0164865959077473,1.76227468221296,65.2061299000762,94.7588284788529,TRUE,TRUE,TRUE,"map_full"
"imputed_dhsmics_age_1","<1",57.5,0.0584346760565721,0.021776786839674,0.0157521738508111,0.101117178262333,0.0164865959077473,1.76227468221296,65.2061299000762,94.7588284788529,TRUE,TRUE,TRUE,"map_full"
"imputed_dhsmics_age_1","<1",58,0.0576993578841252,0.0220130641324016,0.014553752184618,0.100844963583632,0.0164865959077473,1.76227468221296,65.2061299000762,94.7588284788529,TRUE,TRUE,TRUE,"map_full"
"imputed_dhsmics_age_1","<1",58.5,0.0569415312259151,0.0222501246079872,0.0133312869942602,0.10055177545757,0.0164865959077473,1.76227468221296,65.2061299000762,94.7588284788529,TRUE,TRUE,TRUE,"map_full"
"imputed_dhsmics_age_1","<1",59,0.0561615024420786,0.0224884391644778,0.0120841616797021,0.100238843204455,0.0164865959077473,1.76227468221296,65.2061299000762,94.7588284788529,TRUE,TRUE,TRUE,"map_full"
"imputed_dhsmics_age_1","<1",59.5,0.0553595776942671,0.0227285499399077,0.0108116198120481,0.0999075355764862,0.0164865959077473,1.76227468221296,65.2061299000762,94.7588284788529,TRUE,TRUE,TRUE,"map_full"
"imputed_dhsmics_age_1","<1",60,0.0545360631441325,0.0229710616709809,0.00951278226901,0.099559344019255,0.0164865959077473,1.76227468221296,65.2061299000762,94.7588284788529,TRUE,TRUE,TRUE,"map_full"
"imputed_dhsmics_age_1","<1",60.5,0.0536912649533263,0.0232166335412087,0.00818666321255722,0.0991958666940953,0.0164865959077473,1.76227468221296,65.2061299000762,94.7588284788529,TRUE,TRUE,TRUE,"map_full"
"imputed_dhsmics_age_1","<1",61,0.0528254892835,0.0234659713398162,0.00683218545746021,0.0988187931095399,0.0164865959077473,1.76227468221296,65.2061299000762,94.7588284788529,TRUE,TRUE,TRUE,"map_full"
"imputed_dhsmics_age_1","<1",61.5,0.0519390422963055,0.0237198198793339,0.00544819533281102,0.0984298892598,0.0164865959077473,1.76227468221296,65.2061299000762,94.7588284788529,TRUE,TRUE,TRUE,"map_full"
"imputed_dhsmics_age_1","<1",62,0.0510322301533943,0.0239789556321603,0.00403347711436003,0.0980309831924285,0.0164865959077473,1.76227468221296,65.2061299000762,94.7588284788529,TRUE,TRUE,TRUE,"map_full"
"imputed_dhsmics_age_1","<1",62.5,0.0501053590164179,0.0242441795589327,0.0025867670809098,0.097623950951926,0.0164865959077473,1.76227468221296,65.2061299000762,94.7588284788529,TRUE,TRUE,TRUE,"map_full"
"imputed_dhsmics_age_1","<1",63,0.0491587350470281,0.024516310113923,0.00110676722373911,0.0972107028703172,0.0164865959077473,1.76227468221296,65.2061299000762,94.7588284788529,TRUE,TRUE,TRUE,"map_full"
"imputed_dhsmics_age_1","<1",63.5,0.0481926644068765,0.0247961764245554,-0.000407841385251975,0.0967931701990051,0.0164865959077473,1.76227468221296,65.2061299000762,94.7588284788529,TRUE,TRUE,TRUE,"map_full"
"imputed_dhsmics_age_1","<1",64,0.0472074532576147,0.0250846116532038,-0.00195838558266481,0.0963732920978943,0.0164865959077473,1.76227468221296,65.2061299000762,94.7588284788529,TRUE,TRUE,TRUE,"map_full"
"imputed_dhsmics_age_1","<1",64.5,0.0462034077608944,0.0253824465593607,-0.00354618749545255,0.0959530030172413,0.0164865959077473,1.76227468221296,65.2061299000762,94.7588284788529,TRUE,TRUE,TRUE,"map_full"
"imputed_dhsmics_age_1","<1",65,0.0451808340783671,0.0256905032887865,-0.00517255236765444,0.0955342205243886,0.0164865959077473,1.76227468221296,65.2061299000762,94.7588284788529,TRUE,TRUE,TRUE,"map_full"
"imputed_dhsmics_age_1","<1",65.2061299000762,0.0447539460006003,0.0258206680306843,-0.0058545633395409,0.0953624553407415,0.0164865959077473,1.76227468221296,65.2061299000762,94.7588284788529,TRUE,TRUE,TRUE,"map_full"
"imputed_dhsmics_age_1","<1",65.5,0.0441400383716845,0.0260095894230947,-0.00683875689758116,0.0951188336409502,0.0164865959077473,1.76227468221296,65.2061299000762,94.7588284788529,TRUE,FALSE,TRUE,"map_full"
"imputed_dhsmics_age_1","<1",66,0.0430813268024983,0.0263404923281724,-0.0085460381607196,0.0947086917657161,0.0164865959077473,1.76227468221296,65.2061299000762,94.7588284788529,TRUE,FALSE,TRUE,"map_full"
"imputed_dhsmics_age_1","<1",66.5,0.04200500553246,0.0266839738427384,-0.0102955831993074,0.0943055942642273,0.0164865959077473,1.76227468221296,65.2061299000762,94.7588284788529,TRUE,FALSE,TRUE,"map_full"
"imputed_dhsmics_age_1","<1",67,0.0409113807232212,0.0270407653491082,-0.0120885193610309,0.0939112808074733,0.0164865959077473,1.76227468221296,65.2061299000762,94.7588284788529,TRUE,FALSE,TRUE,"map_full"
"imputed_dhsmics_age_1","<1",67.5,0.0398007585364337,0.0274115632668678,-0.0139259054666272,0.0935274225394946,0.0164865959077473,1.76227468221296,65.2061299000762,94.7588284788529,TRUE,FALSE,TRUE,"map_full"
"imputed_dhsmics_age_1","<1",68,0.0386734451337491,0.0277970250067649,-0.0158087238795101,0.0931556141470083,0.0164865959077473,1.76227468221296,65.2061299000762,94.7588284788529,TRUE,FALSE,TRUE,"map_full"
"imputed_dhsmics_age_1","<1",68.5,0.0375297466768189,0.0281977654168732,-0.0177378735402525,0.0927973668938903,0.0164865959077473,1.76227468221296,65.2061299000762,94.7588284788529,TRUE,FALSE,TRUE,"map_full"
"imputed_dhsmics_age_1","<1",69,0.0363699693272948,0.0286143537462623,-0.0197141640153792,0.0924541026699689,0.0164865959077473,1.76227468221296,65.2061299000762,94.7588284788529,TRUE,FALSE,TRUE,"map_full"
"imputed_dhsmics_age_1","<1",69.5,0.0351944192468285,0.0290473111433405,-0.0217383105941188,0.0921271490877759,0.0164865959077473,1.76227468221296,65.2061299000762,94.7588284788529,TRUE,FALSE,TRUE,"map_full"
"imputed_dhsmics_age_1","<1",70,0.0340034025970716,0.0294971086971304,-0.023810930449304,0.0918177356434471,0.0164865959077473,1.76227468221296,65.2061299000762,94.7588284788529,TRUE,FALSE,TRUE,"map_full"
"imputed_dhsmics_age_1","<1",70.5,0.0327972255396756,0.029964166020407,-0.025932539860322,0.0915269909396732,0.0164865959077473,1.76227468221296,65.2061299000762,94.7588284788529,TRUE,FALSE,TRUE,"map_full"
"imputed_dhsmics_age_1","<1",71,0.0315761942362923,0.0304488503642976,-0.0281035524777311,0.0912559409503156,0.0164865959077473,1.76227468221296,65.2061299000762,94.7588284788529,TRUE,FALSE,TRUE,"map_full"
"imputed_dhsmics_age_1","<1",71.5,0.0303406148485732,0.0309514762450158,-0.0303242785916578,0.0910055082888041,0.0164865959077473,1.76227468221296,65.2061299000762,94.7588284788529,TRUE,FALSE,TRUE,"map_full"
"imputed_dhsmics_age_1","<1",72,0.02909079353817,0.0314723055552318,-0.0325949253500844,0.0907765124264243,0.0164865959077473,1.76227468221296,65.2061299000762,94.7588284788529,TRUE,FALSE,TRUE,"map_full"
"imputed_dhsmics_age_1","<1",72.5,0.0278270364667343,0.0320115481254705,-0.0349155978591878,0.0905696707926564,0.0164865959077473,1.76227468221296,65.2061299000762,94.7588284788529,TRUE,FALSE,TRUE,"map_full"
"imputed_dhsmics_age_1","<1",73,0.0265496497959178,0.0325693626950839,-0.0372863010864468,0.0903856006782823,0.0164865959077473,1.76227468221296,65.2061299000762,94.7588284788529,TRUE,FALSE,TRUE,"map_full"
"imputed_dhsmics_age_1","<1",73.5,0.025258939687372,0.0331458582479208,-0.0397069424785528,0.0902248218532967,0.0164865959077473,1.76227468221296,65.2061299000762,94.7588284788529,TRUE,FALSE,TRUE,"map_full"
"imputed_dhsmics_age_1","<1",74,0.0239552123027486,0.033741095664853,-0.0421773352003632,0.0900877598058604,0.0164865959077473,1.76227468221296,65.2061299000762,94.7588284788529,TRUE,FALSE,TRUE,"map_full"
"imputed_dhsmics_age_1","<1",74.5,0.0226387738036993,0.034355089643817,-0.0446972018981821,0.0899747495055807,0.0164865959077473,1.76227468221296,65.2061299000762,94.7588284788529,TRUE,FALSE,TRUE,"map_full"
"imputed_dhsmics_age_1","<1",75,0.0213099303518756,0.034987810837888,-0.0472661788903849,0.0898860395941361,0.0164865959077473,1.76227468221296,65.2061299000762,94.7588284788529,TRUE,FALSE,TRUE,"map_full"
"imputed_dhsmics_age_1","<1",75.5,0.0199689881089293,0.0356391881629998,-0.0498838206905504,0.0898217969084089,0.0164865959077473,1.76227468221296,65.2061299000762,94.7588284788529,TRUE,FALSE,TRUE,"map_full"
"imputed_dhsmics_age_1","<1",76,0.0186162532365118,0.0363091112290808,-0.0525496047724865,0.0897821112455101,0.0164865959077473,1.76227468221296,65.2061299000762,94.7588284788529,TRUE,FALSE,TRUE,"map_full"
"imputed_dhsmics_age_1","<1",76.5,0.0172520318962749,0.0369974328513898,-0.055262936492449,0.0897670002849988,0.0164865959077473,1.76227468221296,65.2061299000762,94.7588284788529,TRUE,FALSE,TRUE,"map_full"
"imputed_dhsmics_age_1","<1",77,0.0158766302498702,0.0377039716025111,-0.0580231540910517,0.089776414590792,0.0164865959077473,1.76227468221296,65.2061299000762,94.7588284788529,TRUE,FALSE,TRUE,"map_full"
"imputed_dhsmics_age_1","<1",77.5,0.0144903544589493,0.0384285143695929,-0.0608295337054528,0.0898102426233513,0.0164865959077473,1.76227468221296,65.2061299000762,94.7588284788529,TRUE,FALSE,TRUE,"map_full"
"imputed_dhsmics_age_1","<1",78,0.0130935106851638,0.0391708188857999,-0.0636812943310039,0.0898683157013315,0.0164865959077473,1.76227468221296,65.2061299000762,94.7588284788529,TRUE,FALSE,TRUE,"map_full"
"imputed_dhsmics_age_1","<1",78.5,0.0116864050901654,0.0399306162094352,-0.0665776026803276,0.0899504128606584,0.0164865959077473,1.76227468221296,65.2061299000762,94.7588284788529,TRUE,FALSE,TRUE,"map_full"
"imputed_dhsmics_age_1","<1",79,0.0102693438356057,0.0407076131286076,-0.0695175778964652,0.0900562655676766,0.0164865959077473,1.76227468221296,65.2061299000762,94.7588284788529,TRUE,FALSE,TRUE,"map_full"
"imputed_dhsmics_age_1","<1",79.5,0.00884263308313636,0.0415014944735749,-0.0725002960850705,0.0901855622513432,0.0164865959077473,1.76227468221296,65.2061299000762,94.7588284788529,TRUE,FALSE,TRUE,"map_full"
"imputed_dhsmics_age_1","<1",80,0.00740657899440896,0.042311925322883,-0.0755247946384417,0.0903379526272596,0.0164865959077473,1.76227468221296,65.2061299000762,94.7588284788529,TRUE,FALSE,TRUE,"map_full"
"imputed_dhsmics_age_1","<1",80.5,0.00596148773107515,0.0431385530930729,-0.0785900763313477,0.090513051793498,0.0164865959077473,1.76227468221296,65.2061299000762,94.7588284788529,TRUE,FALSE,TRUE,"map_full"
"imputed_dhsmics_age_1","<1",81,0.00450766545478656,0.0439810095050155,-0.0816951131750438,0.0907104440846169,0.0164865959077473,1.76227468221296,65.2061299000762,94.7588284788529,TRUE,FALSE,TRUE,"map_full"
"imputed_dhsmics_age_1","<1",81.5,0.00304541832719482,0.0448389124228207,-0.0848388500215337,0.0909296866759234,0.0164865959077473,1.76227468221296,65.2061299000762,94.7588284788529,TRUE,FALSE,TRUE,"map_full"
"imputed_dhsmics_age_1","<1",82,0.00157505250995156,0.045711867563759,-0.0880202079150161,0.0911703129349192,0.0164865959077473,1.76227468221296,65.2061299000762,94.7588284788529,TRUE,FALSE,TRUE,"map_full"
"imputed_dhsmics_age_1","<1",82.5,9.68741647083935e-05,0.0465994700797365,-0.0912380871915751,0.0914318355209919,0.0164865959077473,1.76227468221296,65.2061299000762,94.7588284788529,TRUE,FALSE,TRUE,"map_full"
"imputed_dhsmics_age_1","<1",83,-0.00138881054688303,0.0475013060125963,-0.0944913703315717,0.0917137492378056,0.0164865959077473,1.76227468221296,65.2061299000762,94.7588284788529,TRUE,FALSE,TRUE,"map_full"
"imputed_dhsmics_age_1","<1",83.5,-0.00288169546317107,0.0484169536269122,-0.0977789245719191,0.0920155336455769,0.0164865959077473,1.76227468221296,65.2061299000762,94.7588284788529,TRUE,FALSE,TRUE,"map_full"
"imputed_dhsmics_age_1","<1",84,-0.00438147442250412,0.0493459846250226,-0.101099604287548,0.0923366554425401,0.0164865959077473,1.76227468221296,65.2061299000762,94.7588284788529,TRUE,FALSE,TRUE,"map_full"
"imputed_dhsmics_age_1","<1",84.5,-0.00588784126323054,0.0502879652498569,-0.10445225315295,0.092676570626489,0.0164865959077473,1.76227468221296,65.2061299000762,94.7588284788529,TRUE,FALSE,TRUE,"map_full"
"imputed_dhsmics_age_1","<1",85,-0.00740048982369872,0.0512424572816799,-0.107835706095791,0.0930347264483939,0.0164865959077473,1.76227468221296,65.2061299000762,94.7588284788529,TRUE,FALSE,TRUE,"map_full"
"imputed_dhsmics_age_1","<1",85.5,-0.008919113942257,0.052209018935233,-0.111248791055314,0.0934105631707997,0.0164865959077473,1.76227468221296,65.2061299000762,94.7588284788529,TRUE,FALSE,TRUE,"map_full"
"imputed_dhsmics_age_1","<1",86,-0.0104434074572538,0.053187205663947,-0.11469033055859,0.0938035156440823,0.0164865959077473,1.76227468221296,65.2061299000762,94.7588284788529,TRUE,FALSE,TRUE,"map_full"
"imputed_dhsmics_age_1","<1",86.5,-0.0119730642070374,0.0541765708779414,-0.118159143127803,0.0942130147137278,0.0164865959077473,1.76227468221296,65.2061299000762,94.7588284788529,TRUE,FALSE,TRUE,"map_full"
"imputed_dhsmics_age_1","<1",87,-0.0135077780299562,0.0551766665824605,-0.121654044531579,0.0946384884716663,0.0164865959077473,1.76227468221296,65.2061299000762,94.7588284788529,TRUE,FALSE,TRUE,"map_full"
"imputed_dhsmics_age_1","<1",87.5,-0.0150472427643586,0.0561870439432309,-0.125173848893091,0.0950793633643739,0.0164865959077473,1.76227468221296,65.2061299000762,94.7588284788529,TRUE,FALSE,TRUE,"map_full"
"imputed_dhsmics_age_1","<1",88,-0.016591152248593,0.0572072537850015,-0.128717369667196,0.09553506517001,0.0164865959077473,1.76227468221296,65.2061299000762,94.7588284788529,TRUE,FALSE,TRUE,"map_full"
"imputed_dhsmics_age_1","<1",88.5,-0.0181392003210078,0.0582368470292415,-0.132283420498321,0.0960050198563055,0.0164865959077473,1.76227468221296,65.2061299000762,94.7588284788529,TRUE,FALSE,TRUE,"map_full"
"imputed_dhsmics_age_1","<1",89,-0.0196910808199512,0.0592753750766575,-0.1358708159702,0.0964886543302976,0.0164865959077473,1.76227468221296,65.2061299000762,94.7588284788529,TRUE,FALSE,TRUE,"map_full"
"imputed_dhsmics_age_1","<1",89.5,-0.0212464875837717,0.060322390139854,-0.139478372257886,0.096985397090342,0.0164865959077473,1.76227468221296,65.2061299000762,94.7588284788529,TRUE,FALSE,TRUE,"map_full"
"imputed_dhsmics_age_1","<1",90,-0.0228051144508177,0.0613774455311064,-0.143104907691786,0.0974946787901508,0.0164865959077473,1.76227468221296,65.2061299000762,94.7588284788529,TRUE,FALSE,TRUE,"map_full"
"imputed_dhsmics_age_1","<1",90.5,-0.0243666552594375,0.0624400959098678,-0.146749243242778,0.0980159327239035,0.0164865959077473,1.76227468221296,65.2061299000762,94.7588284788529,TRUE,FALSE,TRUE,"map_full"
"imputed_dhsmics_age_1","<1",91,-0.0259308038479794,0.0635098974942747,-0.150410202936758,0.0985485952407989,0.0164865959077473,1.76227468221296,65.2061299000762,94.7588284788529,TRUE,FALSE,TRUE,"map_full"
"imputed_dhsmics_age_1","<1",91.5,-0.027497254054792,0.0645864082405785,-0.154086614206326,0.099092106096742,0.0164865959077473,1.76227468221296,65.2061299000762,94.7588284788529,TRUE,FALSE,TRUE,"map_full"
"imputed_dhsmics_age_1","<1",92,-0.0290656997182234,0.065669187994101,-0.157777308186661,0.0996459087502145,0.0164865959077473,1.76227468221296,65.2061299000762,94.7588284788529,TRUE,FALSE,TRUE,"map_full"
"imputed_dhsmics_age_1","<1",92.5,-0.0306358346766222,0.0667577986149937,-0.16148111996201,0.100209450608765,0.0164865959077473,1.76227468221296,65.2061299000762,94.7588284788529,TRUE,FALSE,TRUE,"map_full"
"imputed_dhsmics_age_1","<1",93,-0.0322073527683366,0.0678518040817905,-0.165196888768646,0.100782183231973,0.0164865959077473,1.76227468221296,65.2061299000762,94.7588284788529,TRUE,FALSE,TRUE,"map_full"
"imputed_dhsmics_age_1","<1",93.5,-0.033779947831715,0.0689507705754598,-0.168923458159616,0.101363562496186,0.0164865959077473,1.76227468221296,65.2061299000762,94.7588284788529,TRUE,FALSE,TRUE,"map_full"
"imputed_dhsmics_age_1","<1",94,-0.0353533137051059,0.0700542665464048,-0.172659676136059,0.101953048725848,0.0164865959077473,1.76227468221296,65.2061299000762,94.7588284788529,TRUE,FALSE,TRUE,"map_full"
"imputed_dhsmics_age_1","<1",94.5,-0.0369271442268575,0.0711618627666209,-0.176404395249435,0.102550106795719,0.0164865959077473,1.76227468221296,65.2061299000762,94.7588284788529,TRUE,FALSE,TRUE,"map_full"
"imputed_dhsmics_age_1","<1",94.7588284788529,-0.0377419301385112,0.0717366874729019,-0.178345837585399,0.102861977308377,0.0164865959077473,1.76227468221296,65.2061299000762,94.7588284788529,TRUE,FALSE,TRUE,"map_full"
"imputed_dhsmics_age_1","<1",95,-0.0385011389615326,0.0722731373214388,-0.180156488111553,0.103154210188487,0.0164865959077473,1.76227468221296,65.2061299000762,94.7588284788529,FALSE,FALSE,TRUE,"map_full"
"imputed_dhsmics_age_1","<1",95.5,-0.0400751407744546,0.0733877955432269,-0.183915220039179,0.10376493849027,0.0164865959077473,1.76227468221296,65.2061299000762,94.7588284788529,FALSE,FALSE,TRUE,"map_full"
"imputed_dhsmics_age_1","<1",96,-0.0416491425873766,0.0745056797578125,-0.187680274912689,0.104381989737936,0.0164865959077473,1.76227468221296,65.2061299000762,94.7588284788529,FALSE,FALSE,TRUE,"map_full"
"imputed_dhsmics_age_1","<1",96.5,-0.0432231444002986,0.0756266469091501,-0.191451372342233,0.105005083541636,0.0164865959077473,1.76227468221296,65.2061299000762,94.7588284788529,FALSE,FALSE,TRUE,"map_full"
"imputed_dhsmics_age_1","<1",97,-0.0447971462132206,0.0767505619154487,-0.1952282475675,0.105633955141059,0.0164865959077473,1.76227468221296,65.2061299000762,94.7588284788529,FALSE,FALSE,TRUE,"map_full"
"imputed_dhsmics_age_1","<1",97.5,-0.0463711480261426,0.0778772971476366,-0.19901065043551,0.106268354383225,0.0164865959077473,1.76227468221296,65.2061299000762,94.7588284788529,FALSE,FALSE,TRUE,"map_full"
"imputed_dhsmics_age_1","<1",98,-0.0479451498390646,0.0790067319459157,-0.202798344453059,0.10690804477493,0.0164865959077473,1.76227468221296,65.2061299000762,94.7588284788529,FALSE,FALSE,TRUE,"map_full"
"imputed_dhsmics_age_1","<1",98.5,-0.0495191516519866,0.0801387521714344,-0.206591105907998,0.107552802604025,0.0164865959077473,1.76227468221296,65.2061299000762,94.7588284788529,FALSE,FALSE,TRUE,"map_full"
"imputed_dhsmics_age_1","<1",99,-0.0510931534649086,0.0812732497903442,-0.210388723053983,0.108202416124166,0.0164865959077473,1.76227468221296,65.2061299000762,94.7588284788529,FALSE,FALSE,TRUE,"map_full"
"imputed_dhsmics_age_1","<1",99.5,-0.0526671552778306,0.0824101224877206,-0.214190995353763,0.108856684798102,0.0164865959077473,1.76227468221296,65.2061299000762,94.7588284788529,FALSE,FALSE,TRUE,"map_full"
"imputed_dhsmics_age_1","<1",100,-0.0542411570907526,0.0835492733090291,-0.21799773277645,0.109515418594944,0.0164865959077473,1.76227468221296,65.2061299000762,94.7588284788529,FALSE,FALSE,TRUE,"map_full"
"imputed_dhsmics_age_2","1-5",0,-0.13491479498057,0.0340075631178585,-0.201569618691573,-0.0682599712695676,0.0164865959077473,1.74737139843124,65.2061299000762,94.7588284788529,FALSE,FALSE,TRUE,"map_full"
"imputed_dhsmics_age_2","1-5",0.0164865959077473,-0.134796528055495,0.0339729029577569,-0.201383417852698,-0.068209638258291,0.0164865959077473,1.74737139843124,65.2061299000762,94.7588284788529,TRUE,FALSE,TRUE,"map_full"
"imputed_dhsmics_age_2","1-5",0.5,-0.131328156190703,0.0329570105629023,-0.195923896893991,-0.0667324154874146,0.0164865959077473,1.74737139843124,65.2061299000762,94.7588284788529,TRUE,FALSE,TRUE,"map_full"
"imputed_dhsmics_age_2","1-5",1,-0.127742295029594,0.0319082719621602,-0.190282508075427,-0.0652020819837596,0.0164865959077473,1.74737139843124,65.2061299000762,94.7588284788529,TRUE,FALSE,TRUE,"map_full"
"imputed_dhsmics_age_2","1-5",1.5,-0.124158015631419,0.0308621890647339,-0.184647906198298,-0.0636681250645406,0.0164865959077473,1.74737139843124,65.2061299000762,94.7588284788529,TRUE,FALSE,TRUE,"map_full"
"imputed_dhsmics_age_2","1-5",1.74737139843124,-0.122385551343246,0.0303458864697233,-0.181863488823903,-0.062907613862588,0.0164865959077473,1.74737139843124,65.2061299000762,94.7588284788529,TRUE,TRUE,TRUE,"map_full"
"imputed_dhsmics_age_2","1-5",2,-0.120576122135162,0.0298195982989367,-0.179022534801078,-0.0621297094692459,0.0164865959077473,1.74737139843124,65.2061299000762,94.7588284788529,TRUE,TRUE,TRUE,"map_full"
"imputed_dhsmics_age_2","1-5",2.5,-0.116997418679804,0.0287813298063554,-0.17340882510026,-0.0605860122593471,0.0164865959077473,1.74737139843124,65.2061299000762,94.7588284788529,TRUE,TRUE,TRUE,"map_full"
"imputed_dhsmics_age_2","1-5",3,-0.113422709404327,0.0277482064031038,-0.16780919395441,-0.0590362248542435,0.0164865959077473,1.74737139843124,65.2061299000762,94.7588284788529,TRUE,TRUE,TRUE,"map_full"
"imputed_dhsmics_age_2","1-5",3.5,-0.109852798447713,0.0267210424532464,-0.162226041656076,-0.0574795552393503,0.0164865959077473,1.74737139843124,65.2061299000762,94.7588284788529,TRUE,TRUE,TRUE,"map_full"
"imputed_dhsmics_age_2","1-5",4,-0.106288489948945,0.0257006426427852,-0.156661749528804,-0.0559152303690858,0.0164865959077473,1.74737139843124,65.2061299000762,94.7588284788529,TRUE,TRUE,TRUE,"map_full"
"imputed_dhsmics_age_2","1-5",4.5,-0.102730588047004,0.0246878006413683,-0.151118677304085,-0.0543424987899216,0.0164865959077473,1.74737139843124,65.2061299000762,94.7588284788529,TRUE,TRUE,TRUE,"map_full"
"imputed_dhsmics_age_2","1-5",5,-0.0991798968808716,0.0236832976375252,-0.145599160250421,-0.0527606335113223,0.0164865959077473,1.74737139843124,65.2061299000762,94.7588284788529,TRUE,TRUE,TRUE,"map_full"
"imputed_dhsmics_age_2","1-5",5.5,-0.095637220589531,0.0226879007317453,-0.140105506023752,-0.0511689351553103,0.0164865959077473,1.74737139843124,65.2061299000762,94.7588284788529,TRUE,TRUE,TRUE,"map_full"
"imputed_dhsmics_age_2","1-5",6,-0.0921033633119636,0.0217023611700993,-0.134639991205358,-0.0495667354185691,0.0164865959077473,1.74737139843124,65.2061299000762,94.7588284788529,TRUE,TRUE,TRUE,"map_full"
"imputed_dhsmics_age_2","1-5",6.5,-0.0885791291871515,0.0207274123993574,-0.129204857489892,-0.047953400884411,0.0164865959077473,1.74737139843124,65.2061299000762,94.7588284788529,TRUE,TRUE,TRUE,"map_full"
"imputed_dhsmics_age_2","1-5",7,-0.0850653223540768,0.0197637679227028,-0.123802307482574,-0.0463283372255794,0.0164865959077473,1.74737139843124,65.2061299000762,94.7588284788529,TRUE,TRUE,TRUE,"map_full"
"imputed_dhsmics_age_2","1-5",7.5,-0.0815627469517214,0.0188121189331869,-0.118434500060768,-0.044690993842675,0.0164865959077473,1.74737139843124,65.2061299000762,94.7588284788529,TRUE,TRUE,TRUE,"map_full"
"imputed_dhsmics_age_2","1-5",8,-0.0780722071190674,0.0178731317000658,-0.113103545251196,-0.0430408689869384,0.0164865959077473,1.74737139843124,65.2061299000762,94.7588284788529,TRUE,TRUE,TRUE,"map_full"
"imputed_dhsmics_age_2","1-5",8.5,-0.0745945069950968,0.0169474446811376,-0.107811498570127,-0.041377515420067,0.0164865959077473,1.74737139843124,65.2061299000762,94.7588284788529,TRUE,TRUE,TRUE,"map_full"
"imputed_dhsmics_age_2","1-5",9,-0.0711304507187915,0.0160356653322509,-0.102560354770003,-0.0397005466675797,0.0164865959077473,1.74737139843124,65.2061299000762,94.7588284788529,TRUE,TRUE,TRUE,"map_full"
"imputed_dhsmics_age_2","1-5",9.5,-0.0676808424291337,0.0151383665833617,-0.0973520409325226,-0.0380096439257447,0.0164865959077473,1.74737139843124,65.2061299000762,94.7588284788529,TRUE,TRUE,TRUE,"map_full"
"imputed_dhsmics_age_2","1-5",10,-0.0642464862651053,0.014256082949029,-0.0921884088452021,-0.0363045636850085,0.0164865959077473,1.74737139843124,65.2061299000762,94.7588284788529,TRUE,TRUE,TRUE,"map_full"
"imputed_dhsmics_age_2","1-5",10.5,-0.0608281863656884,0.0133893062402226,-0.0870712265965247,-0.034585146134852,0.0164865959077473,1.74737139843124,65.2061299000762,94.7588284788529,TRUE,TRUE,TRUE,"map_full"
"imputed_dhsmics_age_2","1-5",11,-0.0574267468698649,0.0125384808440081,-0.0820021693241208,-0.0328513244156089,0.0164865959077473,1.74737139843124,65.2061299000762,94.7588284788529,TRUE,TRUE,TRUE,"map_full"
"imputed_dhsmics_age_2","1-5",11.5,-0.0540429719166169,0.0117039985383583,-0.0769828090517991,-0.0311031347814347,0.0164865959077473,1.74737139843124,65.2061299000762,94.7588284788529,TRUE,TRUE,TRUE,"map_full"
"imputed_dhsmics_age_2","1-5",12,-0.0506776656449265,0.0108861928113814,-0.072014603555234,-0.0293407277346189,0.0164865959077473,1.74737139843124,65.2061299000762,94.7588284788529,TRUE,TRUE,TRUE,"map_full"
"imputed_dhsmics_age_2","1-5",12.5,-0.0473316321937755,0.0100853326580895,-0.0670988842036308,-0.0275643801839202,0.0164865959077473,1.74737139843124,65.2061299000762,94.7588284788529,TRUE,TRUE,TRUE,"map_full"
"imputed_dhsmics_age_2","1-5",13,-0.0440056757021461,0.00930161583397013,-0.0622368427367276,-0.0257745086675647,0.0164865959077473,1.74737139843124,65.2061299000762,94.7588284788529,TRUE,TRUE,TRUE,"map_full"
"imputed_dhsmics_age_2","1-5",13.5,-0.0407006003090203,0.00853516155367793,-0.057429516954229,-0.0239716836638115,0.0164865959077473,1.74737139843124,65.2061299000762,94.7588284788529,TRUE,TRUE,TRUE,"map_full"
"imputed_dhsmics_age_2","1-5",14,-0.03741721015338,0.00778600263577521,-0.0526777753194994,-0.0221566449872606,0.0164865959077473,1.74737139843124,65.2061299000762,94.7588284788529,TRUE,TRUE,TRUE,"map_full"
"imputed_dhsmics_age_2","1-5",14.5,-0.0341563093742073,0.00705407711134007,-0.0479823005124339,-0.0203303182359808,0.0164865959077473,1.74737139843124,65.2061299000762,94.7588284788529,TRUE,TRUE,TRUE,"map_full"
"imputed_dhsmics_age_2","1-5",15,-0.0309187021104843,0.00633921933610238,-0.0433435720092449,-0.0184938322117236,0.0164865959077473,1.74737139843124,65.2061299000762,94.7588284788529,TRUE,TRUE,TRUE,"map_full"
"imputed_dhsmics_age_2","1-5",15.5,-0.0277051925011928,0.0056411506731821,-0.0387618478206297,-0.0166485371817559,0.0164865959077473,1.74737139843124,65.2061299000762,94.7588284788529,TRUE,TRUE,TRUE,"map_full"
"imputed_dhsmics_age_2","1-5",16,-0.024516584685315,0.00495946984691611,-0.0342371455852706,-0.0147960237853594,0.0164865959077473,1.74737139843124,65.2061299000762,94.7588284788529,TRUE,TRUE,TRUE,"map_full"
"imputed_dhsmics_age_2","1-5",16.5,-0.0213536828018329,0.0042936431077967,-0.0297692232931145,-0.0129381423105514,0.0164865959077473,1.74737139843124,65.2061299000762,94.7588284788529,TRUE,TRUE,TRUE,"map_full"
"imputed_dhsmics_age_2","1-5",17,-0.0182172909897285,0.00364299439392969,-0.0253575600018307,-0.0110770219776263,0.0164865959077473,1.74737139843124,65.2061299000762,94.7588284788529,TRUE,TRUE,TRUE,"map_full"
"imputed_dhsmics_age_2","1-5",17.5,-0.0151082133879838,0.00300669572501421,-0.0210013370090116,-0.00921508976695591,0.0164865959077473,1.74737139843124,65.2061299000762,94.7588284788529,TRUE,TRUE,TRUE,"map_full"
"imputed_dhsmics_age_2","1-5",18,-0.0120272541355808,0.00238375812053035,-0.0166994200518202,-0.00735508821934126,0.0164865959077473,1.74737139843124,65.2061299000762,94.7588284788529,TRUE,TRUE,TRUE,"map_full"
"imputed_dhsmics_age_2","1-5",18.5,-0.00897521737150147,0.0017730234005828,-0.0124503432366438,-0.00550009150635919,0.0164865959077473,1.74737139843124,65.2061299000762,94.7588284788529,TRUE,TRUE,TRUE,"map_full"
"imputed_dhsmics_age_2","1-5",19,-0.00595290723472796,0.00117315736094667,-0.00825229566218344,-0.00365351880727249,0.0164865959077473,1.74737139843124,65.2061299000762,94.7588284788529,TRUE,TRUE,TRUE,"map_full"
"imputed_dhsmics_age_2","1-5",19.5,-0.00296105651636641,0.000582657197146279,-0.00410306462277312,-0.0018190484099597,0.0164865959077473,1.74737139843124,65.2061299000762,94.7588284788529,TRUE,TRUE,TRUE,"map_full"
"imputed_dhsmics_age_2","1-5",20,0,0,0,0,0.0164865959077473,1.74737139843124,65.2061299000762,94.7588284788529,TRUE,TRUE,TRUE,"map_full"
"imputed_dhsmics_age_2","1-5",20.5,0.00293006548886544,0.000576193761210829,0.00180072571689221,0.00405940526083866,0.0164865959077473,1.74737139843124,65.2061299000762,94.7588284788529,TRUE,TRUE,TRUE,"map_full"
"imputed_dhsmics_age_2","1-5",21,0.00582894325984644,0.00114714303642037,0.00358054290846251,0.00807734361123037,0.0164865959077473,1.74737139843124,65.2061299000762,94.7588284788529,TRUE,TRUE,TRUE,"map_full"
"imputed_dhsmics_age_2","1-5",21.5,0.00869643662255944,0.00171390637550879,0.00533718012656222,0.0120556931185567,0.0164865959077473,1.74737139843124,65.2061299000762,94.7588284788529,TRUE,TRUE,TRUE,"map_full"
"imputed_dhsmics_age_2","1-5",22,0.0115323488866209,0.00227738374327659,0.00706867674979883,0.015996021023443,0.0164865959077473,1.74737139843124,65.2061299000762,94.7588284788529,TRUE,TRUE,TRUE,"map_full"
"imputed_dhsmics_age_2","1-5",22.5,0.0143364833616474,0.00283831980558217,0.0087733765427064,0.0198995901805885,0.0164865959077473,1.74737139843124,65.2061299000762,94.7588284788529,TRUE,TRUE,TRUE,"map_full"
"imputed_dhsmics_age_2","1-5",23,0.0171086433572554,0.00339730849842152,0.0104499187003493,0.0237673680141616,0.0164865959077473,1.74737139843124,65.2061299000762,94.7588284788529,TRUE,TRUE,TRUE,"map_full"
"imputed_dhsmics_age_2","1-5",23.5,0.0198486321830614,0.00395479868105867,0.0120972267681864,0.0276000375979364,0.0164865959077473,1.74737139843124,65.2061299000762,94.7588284788529,TRUE,TRUE,TRUE,"map_full"
"imputed_dhsmics_age_2","1-5",24,0.0225562531486819,0.00451110067343041,0.0137144958287583,0.0313980104686055,0.0164865959077473,1.74737139843124,65.2061299000762,94.7588284788529,TRUE,TRUE,TRUE,"map_full"
"imputed_dhsmics_age_2","1-5",24.5,0.0252313095637333,0.00506639348530467,0.0153011783325362,0.0351614407949305,0.0164865959077473,1.74737139843124,65.2061299000762,94.7588284788529,TRUE,TRUE,TRUE,"map_full"
"imputed_dhsmics_age_2","1-5",25,0.0278736047378322,0.00562073255823567,0.0168569689236903,0.0388902405519741,0.0164865959077473,1.74737139843124,65.2061299000762,94.7588284788529,TRUE,TRUE,TRUE,"map_full"
"imputed_dhsmics_age_2","1-5",25.5,0.030482941980595,0.00617405785940037,0.0183817885761703,0.0425840953850198,0.0164865959077473,1.74737139843124,65.2061299000762,94.7588284788529,TRUE,TRUE,TRUE,"map_full"
"imputed_dhsmics_age_2","1-5",26,0.0330591246016383,0.00672620218723106,0.0198757683146655,0.0462424808886112,0.0164865959077473,1.74737139843124,65.2061299000762,94.7588284788529,TRUE,TRUE,TRUE,"map_full"
"imputed_dhsmics_age_2","1-5",26.5,0.0356019559105786,0.0072768995709214,0.0213392327515726,0.0498646790695845,0.0164865959077473,1.74737139843124,65.2061299000762,94.7588284788529,TRUE,TRUE,TRUE,"map_full"
"imputed_dhsmics_age_2","1-5",27,0.0381112392170322,0.00782579366820121,0.0227726836273579,0.0534497948067066,0.0164865959077473,1.74737139843124,65.2061299000762,94.7588284788529,TRUE,TRUE,TRUE,"map_full"
"imputed_dhsmics_age_2","1-5",27.5,0.0405867778306159,0.00837244608736223,0.0241767834993859,0.0569967721618458,0.0164865959077473,1.74737139843124,65.2061299000762,94.7588284788529,TRUE,TRUE,TRUE,"map_full"
"imputed_dhsmics_age_2","1-5",28,0.0430283750609459,0.00891634457975861,0.025552339684619,0.0605044104372727,0.0164865959077473,1.74737139843124,65.2061299000762,94.7588284788529,TRUE,TRUE,TRUE,"map_full"
"imputed_dhsmics_age_2","1-5",28.5,0.0454358342176388,0.00945691106753031,0.0269002885252794,0.0639713799099982,0.0164865959077473,1.74737139843124,65.2061299000762,94.7588284788529,TRUE,TRUE,TRUE,"map_full"
"imputed_dhsmics_age_2","1-5",29,0.0478089586103111,0.00999350948793172,0.028221680013965,0.0673962372066573,0.0164865959077473,1.74737139843124,65.2061299000762,94.7588284788529,TRUE,TRUE,TRUE,"map_full"
"imputed_dhsmics_age_2","1-5",29.5,0.0501475515485793,0.0105254534503783,0.0295176627858378,0.0707774403113209,0.0164865959077473,1.74737139843124,65.2061299000762,94.7588284788529,TRUE,TRUE,TRUE,"map_full"
"imputed_dhsmics_age_2","1-5",30,0.0524514163420599,0.0110520137152503,0.0307894694601693,0.0741133632239506,0.0164865959077473,1.74737139843124,65.2061299000762,94.7588284788529,TRUE,TRUE,TRUE,"map_full"
"imputed_dhsmics_age_2","1-5",30.5,0.0547203563003694,0.0115724255147987,0.032038402291364,0.0774023103093748,0.0164865959077473,1.74737139843124,65.2061299000762,94.7588284788529,TRUE,TRUE,TRUE,"map_full"
"imputed_dhsmics_age_2","1-5",31,0.0569541747331243,0.0120858957464188,0.0332658190701435,0.0806425303961051,0.0164865959077473,1.74737139843124,65.2061299000762,94.7588284788529,TRUE,TRUE,TRUE,"map_full"
"imputed_dhsmics_age_2","1-5",31.5,0.059152674949941,0.0125916100773516,0.0344731191983319,0.0838322307015501,0.0164865959077473,1.74737139843124,65.2061299000762,94.7588284788529,TRUE,TRUE,TRUE,"map_full"
"imputed_dhsmics_age_2","1-5",32,0.0613156602604361,0.0130887400078133,0.0356617298451219,0.0869695906757502,0.0164865959077473,1.74737139843124,65.2061299000762,94.7588284788529,TRUE,TRUE,TRUE,"map_full"
"imputed_dhsmics_age_2","1-5",32.5,0.063442933974226,0.0135764499469144,0.0368330920782739,0.0900527758701782,0.0164865959077473,1.74737139843124,65.2061299000762,94.7588284788529,TRUE,TRUE,TRUE,"map_full"
"imputed_dhsmics_age_2","1-5",33,0.0655342994009273,0.0140539043627589,0.0379886468499198,0.0930799519519347,0.0164865959077473,1.74737139843124,65.2061299000762,94.7588284788529,TRUE,TRUE,TRUE,"map_full"
"imputed_dhsmics_age_2","1-5",33.5,0.0675895598501564,0.0145202750750647,0.0391298207030296,0.0960492989972832,0.0164865959077473,1.74737139843124,65.2061299000762,94.7588284788529,TRUE,TRUE,TRUE,"map_full"
"imputed_dhsmics_age_2","1-5",34,0.0696085186315298,0.0149747487657161,0.0402580110507263,0.0989590262123334,0.0164865959077473,1.74737139843124,65.2061299000762,94.7588284788529,TRUE,TRUE,TRUE,"map_full"
"imputed_dhsmics_age_2","1-5",34.5,0.0715909790546641,0.015416534790057,0.0413745708661523,0.101807387243176,0.0164865959077473,1.74737139843124,65.2061299000762,94.7588284788529,TRUE,TRUE,TRUE,"map_full"
"imputed_dhsmics_age_2","1-5",35,0.0735367444291756,0.0158448733795903,0.0424807926051787,0.104592696253173,0.0164865959077473,1.74737139843124,65.2061299000762,94.7588284788529,TRUE,TRUE,TRUE,"map_full"
"imputed_dhsmics_age_2","1-5",35.5,0.075445618064681,0.0162590443351872,0.0435778911677141,0.107313344961648,0.0164865959077473,1.74737139843124,65.2061299000762,94.7588284788529,TRUE,TRUE,TRUE,"map_full"
"imputed_dhsmics_age_2","1-5",36,0.0773174032707967,0.0166583763189781,0.0446669856855996,0.109967820855994,0.0164865959077473,1.74737139843124,65.2061299000762,94.7588284788529,TRUE,TRUE,TRUE,"map_full"
"imputed_dhsmics_age_2","1-5",36.5,0.0791519033571391,0.0170422568627597,0.04574907990613,0.112554726808148,0.0164865959077473,1.74737139843124,65.2061299000762,94.7588284788529,TRUE,TRUE,TRUE,"map_full"
"imputed_dhsmics_age_2","1-5",37,0.0809489216333248,0.0174101432209033,0.0468250409203544,0.115072802346295,0.0164865959077473,1.74737139843124,65.2061299000762,94.7588284788529,TRUE,TRUE,TRUE,"map_full"
"imputed_dhsmics_age_2","1-5",37.5,0.0827082614089703,0.0177615742060957,0.0478955759650227,0.117520946852918,0.0164865959077473,1.74737139843124,65.2061299000762,94.7588284788529,TRUE,TRUE,TRUE,"map_full"
"imputed_dhsmics_age_2","1-5",38,0.0844297259936921,0.0180961831563479,0.0489612070072503,0.119898244980134,0.0164865959077473,1.74737139843124,65.2061299000762,94.7588284788529,TRUE,TRUE,TRUE,"map_full"
"imputed_dhsmics_age_2","1-5",38.5,0.0861131263748871,0.0184137784354242,0.0500221206414557,0.122204132108318,0.0164865959077473,1.74737139843124,65.2061299000762,94.7588284788529,TRUE,TRUE,TRUE,"map_full"
"imputed_dhsmics_age_2","1-5",39,0.0877583785355272,0.0187151769484203,0.0510766317166235,0.124440125354431,0.0164865959077473,1.74737139843124,65.2061299000762,94.7588284788529,TRUE,TRUE,TRUE,"map_full"
"imputed_dhsmics_age_2","1-5",39.5,0.0893654745086286,0.019001886909303,0.0521217761663948,0.126609172850862,0.0164865959077473,1.74737139843124,65.2061299000762,94.7588284788529,TRUE,TRUE,TRUE,"map_full"
"imputed_dhsmics_age_2","1-5",40,0.0909344080264435,0.0192754321017835,0.0531545611069478,0.128714254945939,0.0164865959077473,1.74737139843124,65.2061299000762,94.7588284788529,TRUE,TRUE,TRUE,"map_full"
"imputed_dhsmics_age_2","1-5",40.5,0.0924651728212244,0.019537325288466,0.054172015255831,0.130758330386618,0.0164865959077473,1.74737139843124,65.2061299000762,94.7588284788529,TRUE,TRUE,TRUE,"map_full"
"imputed_dhsmics_age_2","1-5",41,0.0939577626252237,0.0197890574741914,0.0551712099758086,0.132744315274639,0.0164865959077473,1.74737139843124,65.2061299000762,94.7588284788529,TRUE,TRUE,TRUE,"map_full"
"imputed_dhsmics_age_2","1-5",41.5,0.095412171170694,0.0200320879288426,0.0561492788301624,0.134675063511225,0.0164865959077473,1.74737139843124,65.2061299000762,94.7588284788529,TRUE,TRUE,TRUE,"map_full"
"imputed_dhsmics_age_2","1-5",42,0.0968283921898874,0.0202678348558866,0.0571034358723496,0.136553348507425,0.0164865959077473,1.74737139843124,65.2061299000762,94.7588284788529,TRUE,TRUE,TRUE,"map_full"
"imputed_dhsmics_age_2","1-5",42.5,0.0982064194150566,0.0204976666505711,0.0580309927799373,0.138381846050176,0.0164865959077473,1.74737139843124,65.2061299000762,94.7588284788529,TRUE,TRUE,TRUE,"map_full"
"imputed_dhsmics_age_2","1-5",43,0.099546246578454,0.0207228937362994,0.0589293748553072,0.140163118301601,0.0164865959077473,1.74737139843124,65.2061299000762,94.7588284788529,TRUE,TRUE,TRUE,"map_full"
"imputed_dhsmics_age_2","1-5",43.5,0.100847867412332,0.0209447610017273,0.0597961358489463,0.141899598975717,0.0164865959077473,1.74737139843124,65.2061299000762,94.7588284788529,TRUE,TRUE,TRUE,"map_full"
"imputed_dhsmics_age_2","1-5",44,0.102111275648943,0.0211644408861317,0.0606289715121247,0.143593579785761,0.0164865959077473,1.74737139843124,65.2061299000762,94.7588284788529,TRUE,TRUE,TRUE,"map_full"
"imputed_dhsmics_age_2","1-5",44.5,0.103336465020539,0.0213830271776415,0.0614257317523616,0.145247198288717,0.0164865959077473,1.74737139843124,65.2061299000762,94.7588284788529,TRUE,TRUE,TRUE,"map_full"
"imputed_dhsmics_age_2","1-5",45,0.104523429259373,0.0216015295987286,0.0621844312458651,0.146862427272881,0.0164865959077473,1.74737139843124,65.2061299000762,94.7588284788529,TRUE,TRUE,TRUE,"map_full"
"imputed_dhsmics_age_2","1-5",45.5,0.105672162097698,0.0218208692565482,0.0629032583548631,0.148441065840532,0.0164865959077473,1.74737139843124,65.2061299000762,94.7588284788529,TRUE,TRUE,TRUE,"map_full"
"imputed_dhsmics_age_2","1-5",46,0.106782657267765,0.0220418750329216,0.0635805822032385,0.149984732332291,0.0164865959077473,1.74737139843124,65.2061299000762,94.7588284788529,TRUE,TRUE,TRUE,"map_full"
"imputed_dhsmics_age_2","1-5",46.5,0.107854908501827,0.0222652809806632,0.0642149577797269,0.151494859223927,0.0164865959077473,1.74737139843124,65.2061299000762,94.7588284788529,TRUE,TRUE,TRUE,"map_full"
"imputed_dhsmics_age_2","1-5",47,0.108888909532137,0.0224917247804131,0.064805128962527,0.152972690101746,0.0164865959077473,1.74737139843124,65.2061299000762,94.7588284788529,TRUE,TRUE,TRUE,"map_full"
"imputed_dhsmics_age_2","1-5",47.5,0.109884654090946,0.0227217472961023,0.0653500293905858,0.154419278791307,0.0164865959077473,1.74737139843124,65.2061299000762,94.7588284788529,TRUE,TRUE,TRUE,"map_full"
"imputed_dhsmics_age_2","1-5",48,0.110842135910508,0.0229557932487517,0.0658487811429551,0.155835490678062,0.0164865959077473,1.74737139843124,65.2061299000762,94.7588284788529,TRUE,TRUE,TRUE,"map_full"
"imputed_dhsmics_age_2","1-5",48.5,0.111761348723075,0.0231942130086113,0.0663006912261972,0.157222006219953,0.0164865959077473,1.74737139843124,65.2061299000762,94.7588284788529,TRUE,TRUE,TRUE,"map_full"
"imputed_dhsmics_age_2","1-5",49,0.112642286260899,0.0234372654858703,0.0667052459085937,0.158579326613205,0.0164865959077473,1.74737139843124,65.2061299000762,94.7588284788529,TRUE,TRUE,TRUE,"map_full"
"imputed_dhsmics_age_2","1-5",49.5,0.113484942256233,0.0236851220813762,0.0670621029767359,0.159907781535731,0.0164865959077473,1.74737139843124,65.2061299000762,94.7588284788529,TRUE,TRUE,TRUE,"map_full"
"imputed_dhsmics_age_2","1-5",50,0.114289310441329,0.0239378716419805,0.0673710820230474,0.161207538859611,0.0164865959077473,1.74737139843124,65.2061299000762,94.7588284788529,TRUE,TRUE,TRUE,"map_full"
"imputed_dhsmics_age_2","1-5",50.5,0.11505538454844,0.024195526351043,0.0676321529003952,0.162478616196484,0.0164865959077473,1.74737139843124,65.2061299000762,94.7588284788529,TRUE,TRUE,TRUE,"map_full"
"imputed_dhsmics_age_2","1-5",51,0.115783158309817,0.0244580284738444,0.0678454225010818,0.163720894118552,0.0164865959077473,1.74737139843124,65.2061299000762,94.7588284788529,TRUE,TRUE,TRUE,"map_full"
"imputed_dhsmics_age_2","1-5",51.5,0.116472625457714,0.0247252578704817,0.0680111200315694,0.164934130883858,0.0164865959077473,1.74737139843124,65.2061299000762,94.7588284788529,TRUE,TRUE,TRUE,"map_full"
"imputed_dhsmics_age_2","1-5",52,0.117123779724382,0.024997040185326,0.0681295809611431,0.166117978487621,0.0164865959077473,1.74737139843124,65.2061299000762,94.7588284788529,TRUE,TRUE,TRUE,"map_full"
"imputed_dhsmics_age_2","1-5",52.5,0.117736614842075,0.0252731556221465,0.0682012298226678,0.167271999861482,0.0164865959077473,1.74737139843124,65.2061299000762,94.7588284788529,TRUE,TRUE,TRUE,"map_full"
"imputed_dhsmics_age_2","1-5",53,0.118311124543044,0.0255533482171995,0.0682265620373332,0.168395687048755,0.0164865959077473,1.74737139843124,65.2061299000762,94.7588284788529,TRUE,TRUE,TRUE,"map_full"
"imputed_dhsmics_age_2","1-5",53.5,0.118847302559543,0.0258373355284484,0.0682061249237838,0.169488480195302,0.0164865959077473,1.74737139843124,65.2061299000762,94.7588284788529,TRUE,TRUE,TRUE,"map_full"
"imputed_dhsmics_age_2","1-5",54,0.119345142623823,0.0261248186670156,0.068140498036472,0.170549787211173,0.0164865959077473,1.74737139843124,65.2061299000762,94.7588284788529,TRUE,TRUE,TRUE,"map_full"
"imputed_dhsmics_age_2","1-5",54.5,0.119804638468136,0.0264154926063133,0.0680302729597623,0.171579003976511,0.0164865959077473,1.74737139843124,65.2061299000762,94.7588284788529,TRUE,TRUE,TRUE,"map_full"
"imputed_dhsmics_age_2","1-5",55,0.120225783824737,0.0267090567143826,0.0678760326645467,0.172575534984927,0.0164865959077473,1.74737139843124,65.2061299000762,94.7588284788529,TRUE,TRUE,TRUE,"map_full"
"imputed_dhsmics_age_2","1-5",55.5,0.120608572425876,0.0270052254651226,0.0676783305142354,0.173538814337516,0.0164865959077473,1.74737139843124,65.2061299000762,94.7588284788529,TRUE,TRUE,TRUE,"map_full"
"imputed_dhsmics_age_2","1-5",56,0.120952998003806,0.0273037392937091,0.0674376689881358,0.174468327019476,0.0164865959077473,1.74737139843124,65.2061299000762,94.7588284788529,TRUE,TRUE,TRUE,"map_full"
"imputed_dhsmics_age_2","1-5",56.5,0.121259054290779,0.0276043755700084,0.0671544781735629,0.175363630407996,0.0164865959077473,1.74737139843124,65.2061299000762,94.7588284788529,TRUE,TRUE,TRUE,"map_full"
"imputed_dhsmics_age_2","1-5",57,0.121526735019049,0.027906959670689,0.0668290940644989,0.1762243759736,0.0164865959077473,1.74737139843124,65.2061299000762,94.7588284788529,TRUE,TRUE,TRUE,"map_full"
"imputed_dhsmics_age_2","1-5",57.5,0.121756033920867,0.0282113761355862,0.0664617366951186,0.177050331146616,0.0164865959077473,1.74737139843124,65.2061299000762,94.7588284788529,TRUE,TRUE,TRUE,"map_full"
"imputed_dhsmics_age_2","1-5",58,0.121946987254585,0.0285176149410861,0.066052461970056,0.177841512539114,0.0164865959077473,1.74737139843124,65.2061299000762,94.7588284788529,TRUE,TRUE,TRUE,"map_full"
"imputed_dhsmics_age_2","1-5",58.5,0.122099958741996,0.0288260171165634,0.0656009651935319,0.178598952290461,0.0164865959077473,1.74737139843124,65.2061299000762,94.7588284788529,TRUE,TRUE,TRUE,"map_full"
"imputed_dhsmics_age_2","1-5",59,0.122215464191241,0.0291371325372922,0.0651066844181486,0.179324243964334,0.0164865959077473,1.74737139843124,65.2061299000762,94.7588284788529,TRUE,TRUE,TRUE,"map_full"
"imputed_dhsmics_age_2","1-5",59.5,0.122294020249434,0.0294515869458119,0.0645689098356426,0.180019130663225,0.0164865959077473,1.74737139843124,65.2061299000762,94.7588284788529,TRUE,TRUE,TRUE,"map_full"
"imputed_dhsmics_age_2","1-5",60,0.122336143563688,0.0297700717603052,0.0639868029134897,0.180685484213886,0.0164865959077473,1.74737139843124,65.2061299000762,94.7588284788529,TRUE,TRUE,TRUE,"map_full"
"imputed_dhsmics_age_2","1-5",60.5,0.122342350781117,0.0300933349791861,0.0633594142219122,0.181325287340322,0.0164865959077473,1.74737139843124,65.2061299000762,94.7588284788529,TRUE,TRUE,TRUE,"map_full"
"imputed_dhsmics_age_2","1-5",61,0.122313158548835,0.0304221724386076,0.0626857005691641,0.181940616528506,0.0164865959077473,1.74737139843124,65.2061299000762,94.7588284788529,TRUE,TRUE,TRUE,"map_full"
"imputed_dhsmics_age_2","1-5",61.5,0.122249083513956,0.0307574193794551,0.0619645415302238,0.182533625497688,0.0164865959077473,1.74737139843124,65.2061299000762,94.7588284788529,TRUE,TRUE,TRUE,"map_full"
"imputed_dhsmics_age_2","1-5",62,0.122150642323593,0.0310999422919355,0.0611947554313993,0.183106529215786,0.0164865959077473,1.74737139843124,65.2061299000762,94.7588284788529,TRUE,TRUE,TRUE,"map_full"
"imputed_dhsmics_age_2","1-5",62.5,0.12201835162486,0.0314506310173903,0.0603751148307754,0.183661588418945,0.0164865959077473,1.74737139843124,65.2061299000762,94.7588284788529,TRUE,TRUE,TRUE,"map_full"
"imputed_dhsmics_age_2","1-5",63,0.121852728064872,0.0318103910980995,0.0595043615125969,0.184201094617147,0.0164865959077473,1.74737139843124,65.2061299000762,94.7588284788529,TRUE,TRUE,TRUE,"map_full"
"imputed_dhsmics_age_2","1-5",63.5,0.121654288290741,0.0321801363762824,0.0585812209932277,0.184727355588255,0.0164865959077473,1.74737139843124,65.2061299000762,94.7588284788529,TRUE,TRUE,TRUE,"map_full"
"imputed_dhsmics_age_2","1-5",64,0.121423548949582,0.0325607818529448,0.0576044165178105,0.185242681381354,0.0164865959077473,1.74737139843124,65.2061299000762,94.7588284788529,TRUE,TRUE,TRUE,"map_full"
"imputed_dhsmics_age_2","1-5",64.5,0.121161026688509,0.0329532368254132,0.0565726825106989,0.185749370866319,0.0164865959077473,1.74737139843124,65.2061299000762,94.7588284788529,TRUE,TRUE,TRUE,"map_full"
"imputed_dhsmics_age_2","1-5",65,0.120867238154635,0.0333583983291109,0.0554847774295772,0.186249698879692,0.0164865959077473,1.74737139843124,65.2061299000762,94.7588284788529,TRUE,TRUE,TRUE,"map_full"
"imputed_dhsmics_age_2","1-5",65.2061299000762,0.12073713999497,0.0335293355387521,0.0550196423390162,0.186454637650924,0.0164865959077473,1.74737139843124,65.2061299000762,94.7588284788529,TRUE,TRUE,TRUE,"map_full"
"imputed_dhsmics_age_2","1-5",65.5,0.120542699995073,0.0337771449141721,0.0543394959632961,0.186745904026851,0.0164865959077473,1.74737139843124,65.2061299000762,94.7588284788529,TRUE,FALSE,TRUE,"map_full"
"imputed_dhsmics_age_2","1-5",66,0.120187928856939,0.0342103307907441,0.0531356805070807,0.187240177206797,0.0164865959077473,1.74737139843124,65.2061299000762,94.7588284788529,TRUE,FALSE,TRUE,"map_full"
"imputed_dhsmics_age_2","1-5",66.5,0.119803441387345,0.0346587803782058,0.051872231846062,0.187734650928629,0.0164865959077473,1.74737139843124,65.2061299000762,94.7588284788529,TRUE,FALSE,TRUE,"map_full"
"imputed_dhsmics_age_2","1-5",67,0.119389754233406,0.0351232832930433,0.0505481189790413,0.188231389487771,0.0164865959077473,1.74737139843124,65.2061299000762,94.7588284788529,TRUE,FALSE,TRUE,"map_full"
"imputed_dhsmics_age_2","1-5",67.5,0.118947384042235,0.0356045898078322,0.0491623880188839,0.188732380065586,0.0164865959077473,1.74737139843124,65.2061299000762,94.7588284788529,TRUE,FALSE,TRUE,"map_full"
"imputed_dhsmics_age_2","1-5",68,0.118476847460946,0.0361034068098303,0.0477141701136787,0.189239524808213,0.0164865959077473,1.74737139843124,65.2061299000762,94.7588284788529,TRUE,FALSE,TRUE,"map_full"
"imputed_dhsmics_age_2","1-5",68.5,0.117978661136653,0.0366203942822823,0.0462026883433794,0.189754633929926,0.0164865959077473,1.74737139843124,65.2061299000762,94.7588284788529,TRUE,FALSE,TRUE,"map_full"
"imputed_dhsmics_age_2","1-5",69,0.117453341716469,0.0371561623249645,0.0446272635595386,0.1902794198734,0.0164865959077473,1.74737139843124,65.2061299000762,94.7588284788529,TRUE,FALSE,TRUE,"map_full"
"imputed_dhsmics_age_2","1-5",69.5,0.116901405847509,0.0377112687230419,0.0429873191503467,0.190815492544671,0.0164865959077473,1.74737139843124,65.2061299000762,94.7588284788529,TRUE,FALSE,TRUE,"map_full"
"imputed_dhsmics_age_2","1-5",70,0.116323370176886,0.0382862170653352,0.0412823847288288,0.191364355624943,0.0164865959077473,1.74737139843124,65.2061299000762,94.7588284788529,TRUE,FALSE,TRUE,"map_full"
"imputed_dhsmics_age_2","1-5",70.5,0.115719751351714,0.0388814554049305,0.0395120987580499,0.191927403945377,0.0164865959077473,1.74737139843124,65.2061299000762,94.7588284788529,TRUE,FALSE,TRUE,"map_full"
"imputed_dhsmics_age_2","1-5",71,0.115091066019106,0.0394973754470626,0.0376762101428637,0.192505921895349,0.0164865959077473,1.74737139843124,65.2061299000762,94.7588284788529,TRUE,FALSE,TRUE,"map_full"
"imputed_dhsmics_age_2","1-5",71.5,0.114437830826178,0.0401343122416677,0.0357745788325089,0.193101082819846,0.0164865959077473,1.74737139843124,65.2061299000762,94.7588284788529,TRUE,FALSE,TRUE,"map_full"
"imputed_dhsmics_age_2","1-5",72,0.113760562420041,0.0407925443512093,0.0338071754916711,0.193713949348411,0.0164865959077473,1.74737139843124,65.2061299000762,94.7588284788529,TRUE,FALSE,TRUE,"map_full"
"imputed_dhsmics_age_2","1-5",72.5,0.113059777447811,0.0414722944585453,0.0317740803090623,0.19434547458656,0.0164865959077473,1.74737139843124,65.2061299000762,94.7588284788529,TRUE,FALSE,TRUE,"map_full"
"imputed_dhsmics_age_2","1-5",73,0.112335992556601,0.0421737303748822,0.0296754810218316,0.19499650409137,0.0164865959077473,1.74737139843124,65.2061299000762,94.7588284788529,TRUE,FALSE,TRUE,"map_full"
"imputed_dhsmics_age_2","1-5",73.5,0.111589724393524,0.0428969664043485,0.0275116702410011,0.195667778546047,0.0164865959077473,1.74737139843124,65.2061299000762,94.7588284788529,TRUE,FALSE,TRUE,"map_full"
"imputed_dhsmics_age_2","1-5",74,0.110821489605695,0.0436420650194414,0.0252830421675901,0.1963599370438,0.0164865959077473,1.74737139843124,65.2061299000762,94.7588284788529,TRUE,FALSE,TRUE,"map_full"
"imputed_dhsmics_age_2","1-5",74.5,0.110031804840228,0.0444090388005391,0.0229900887911709,0.197073520889284,0.0164865959077473,1.74737139843124,65.2061299000762,94.7588284788529,TRUE,FALSE,TRUE,"map_full"
"imputed_dhsmics_age_2","1-5",75,0.109221186744235,0.0451978525927433,0.0206333956624582,0.197808977826012,0.0164865959077473,1.74737139843124,65.2061299000762,94.7588284788529,TRUE,FALSE,TRUE,"map_full"
"imputed_dhsmics_age_2","1-5",75.5,0.108390151964831,0.0460084258344152,0.0182136373293777,0.198566666600285,0.0164865959077473,1.74737139843124,65.2061299000762,94.7588284788529,TRUE,FALSE,TRUE,"map_full"
"imputed_dhsmics_age_2","1-5",76,0.10753921714913,0.0468406350137514,0.0157315725221778,0.199346861776083,0.0164865959077473,1.74737139843124,65.2061299000762,94.7588284788529,TRUE,FALSE,TRUE,"map_full"
"imputed_dhsmics_age_2","1-5",76.5,0.106668898944246,0.0476943162124518,0.0131880391678406,0.200149758720652,0.0164865959077473,1.74737139843124,65.2061299000762,94.7588284788529,TRUE,FALSE,TRUE,"map_full"
"imputed_dhsmics_age_2","1-5",77,0.105779713997292,0.0485692676987951,0.0105839493076536,0.20097547868693,0.0164865959077473,1.74737139843124,65.2061299000762,94.7588284788529,TRUE,FALSE,TRUE,"map_full"
"imputed_dhsmics_age_2","1-5",77.5,0.104872178955382,0.0494652525361004,0.0079202839846252,0.201824073926139,0.0164865959077473,1.74737139843124,65.2061299000762,94.7588284788529,TRUE,FALSE,TRUE,"map_full"
"imputed_dhsmics_age_2","1-5",78,0.10394681046563,0.0503820011764502,0.00519808815978753,0.202695532771472,0.0164865959077473,1.74737139843124,65.2061299000762,94.7588284788529,TRUE,FALSE,TRUE,"map_full"
"imputed_dhsmics_age_2","1-5",78.5,0.103004125175149,0.0513192140135529,0.00241846570858568,0.203589784641713,0.0164865959077473,1.74737139843124,65.2061299000762,94.7588284788529,TRUE,FALSE,TRUE,"map_full"
"imputed_dhsmics_age_2","1-5",79,0.102044639731054,0.0522765638725999,-0.000417425459241366,0.20450670492135,0.0164865959077473,1.74737139843124,65.2061299000762,94.7588284788529,TRUE,FALSE,TRUE,"map_full"
"imputed_dhsmics_age_2","1-5",79.5,0.101068870780459,0.0532536984188282,-0.0033083781204446,0.205446119681362,0.0164865959077473,1.74737139843124,65.2061299000762,94.7588284788529,TRUE,FALSE,TRUE,"map_full"
"imputed_dhsmics_age_2","1-5",80,0.100077334970476,0.0542502424701552,-0.00625314027102815,0.20640781021198,0.0164865959077473,1.74737139843124,65.2061299000762,94.7588284788529,TRUE,FALSE,TRUE,"map_full"
"imputed_dhsmics_age_2","1-5",80.5,0.0990705489482202,0.0552658002026384,-0.00925041944895108,0.207391517345391,0.0164865959077473,1.74737139843124,65.2061299000762,94.7588284788529,TRUE,FALSE,TRUE,"map_full"
"imputed_dhsmics_age_2","1-5",81,0.098049029360805,0.0562999572406034,-0.0122988868307776,0.208396945552388,0.0164865959077473,1.74737139843124,65.2061299000762,94.7588284788529,TRUE,FALSE,TRUE,"map_full"
"imputed_dhsmics_age_2","1-5",81.5,0.0970132928553443,0.0573522826260389,-0.0153971810916919,0.209423766802381,0.0164865959077473,1.74737139843124,65.2061299000762,94.7588284788529,TRUE,FALSE,TRUE,"map_full"
"imputed_dhsmics_age_2","1-5",82,0.0959638560789518,0.058422330664281,-0.018543912023039,0.210471624180943,0.0164865959077473,1.74737139843124,65.2061299000762,94.7588284788529,TRUE,FALSE,TRUE,"map_full"
"imputed_dhsmics_age_2","1-5",82.5,0.0949012356787414,0.0595096426450941,-0.0217376639056431,0.211540135263126,0.0164865959077473,1.74737139843124,65.2061299000762,94.7588284788529,TRUE,FALSE,TRUE,"map_full"
"imputed_dhsmics_age_2","1-5",83,0.0938259483018267,0.0606137484400167,-0.024976998640606,0.21262889524426,0.0164865959077473,1.74737139843124,65.2061299000762,94.7588284788529,TRUE,FALSE,TRUE,"map_full"
"imputed_dhsmics_age_2","1-5",83.5,0.0927385105953217,0.0617341679783006,-0.0282604586421474,0.213737479832791,0.0164865959077473,1.74737139843124,65.2061299000762,94.7588284788529,TRUE,FALSE,TRUE,"map_full"
"imputed_dhsmics_age_2","1-5",84,0.0916394392063401,0.0628704126049429,-0.031586569499348,0.214865447912028,0.0164865959077473,1.74737139843124,65.2061299000762,94.7588284788529,TRUE,FALSE,TRUE,"map_full"
"imputed_dhsmics_age_2","1-5",84.5,0.0905292507819956,0.0640219863252349,-0.0349538424154647,0.216012343979456,0.0164865959077473,1.74737139843124,65.2061299000762,94.7588284788529,TRUE,FALSE,TRUE,"map_full"
"imputed_dhsmics_age_2","1-5",85,0.0894084619694022,0.0651883869409401,-0.0383607764348404,0.217177700373645,0.0164865959077473,1.74737139843124,65.2061299000762,94.7588284788529,TRUE,FALSE,TRUE,"map_full"
"imputed_dhsmics_age_2","1-5",85.5,0.0882775894156736,0.0663691070837109,-0.0418058604683998,0.218361039299747,0.0164865959077473,1.74737139843124,65.2061299000762,94.7588284788529,TRUE,FALSE,TRUE,"map_full"
"imputed_dhsmics_age_2","1-5",86,0.0871371497679235,0.0675636351516723,-0.0452875751293541,0.219561874665201,0.0164865959077473,1.74737139843124,65.2061299000762,94.7588284788529,TRUE,FALSE,TRUE,"map_full"
"imputed_dhsmics_age_2","1-5",86.5,0.0859876596732659,0.0687714561552798,-0.0488043943910825,0.220779713737614,0.0164865959077473,1.74737139843124,65.2061299000762,94.7588284788529,TRUE,FALSE,TRUE,"map_full"
"imputed_dhsmics_age_2","1-5",87,0.0848296357788144,0.0699920524786126,-0.0523547870792663,0.222014058636895,0.0164865959077473,1.74737139843124,65.2061299000762,94.7588284788529,TRUE,FALSE,TRUE,"map_full"
"imputed_dhsmics_age_2","1-5",87.5,0.0836635947316828,0.0712249045622194,-0.0559372182102671,0.223264407673633,0.0164865959077473,1.74737139843124,65.2061299000762,94.7588284788529,TRUE,FALSE,TRUE,"map_full"
"imputed_dhsmics_age_2","1-5",88,0.082490053178985,0.0724694915135114,-0.0595501501874973,0.224530256545467,0.0164865959077473,1.74737139843124,65.2061299000762,94.7588284788529,TRUE,FALSE,TRUE,"map_full"
"imputed_dhsmics_age_2","1-5",88.5,0.0813095277678348,0.0737252916505134,-0.0631920438671715,0.225811099402841,0.0164865959077473,1.74737139843124,65.2061299000762,94.7588284788529,TRUE,FALSE,TRUE,"map_full"
"imputed_dhsmics_age_2","1-5",89,0.0801225351453459,0.0749917829845494,-0.0668613595043709,0.227106429795063,0.0164865959077473,1.74737139843124,65.2061299000762,94.7588284788529,TRUE,FALSE,TRUE,"map_full"
"imputed_dhsmics_age_2","1-5",89.5,0.0789295919586321,0.076268443647178,-0.0705565575898367,0.228415741507101,0.0164865959077473,1.74737139843124,65.2061299000762,94.7588284788529,TRUE,FALSE,TRUE,"map_full"
"imputed_dhsmics_age_2","1-5",90,0.0777312148548073,0.0775547522664028,-0.0742760995873421,0.229738529296957,0.0164865959077473,1.74737139843124,65.2061299000762,94.7588284788529,TRUE,FALSE,TRUE,"map_full"
"imputed_dhsmics_age_2","1-5",90.5,0.0765279204809852,0.0788501882968822,-0.0780184485809038,0.231074289542874,0.0164865959077473,1.74737139843124,65.2061299000762,94.7588284788529,TRUE,FALSE,TRUE,"map_full"
"imputed_dhsmics_age_2","1-5",91,0.0753202254842796,0.080154232308557,-0.0817820698404922,0.232422520809051,0.0164865959077473,1.74737139843124,65.2061299000762,94.7588284788529,TRUE,FALSE,TRUE,"map_full"
"imputed_dhsmics_age_2","1-5",91.5,0.0741086465118043,0.081466366237807,-0.0855654313142973,0.233782724337906,0.0164865959077473,1.74737139843124,65.2061299000762,94.7588284788529,TRUE,FALSE,TRUE,"map_full"
"imputed_dhsmics_age_2","1-5",92,0.0728937002106732,0.0827860736049431,-0.0893670040550154,0.235154404476362,0.0164865959077473,1.74737139843124,65.2061299000762,94.7588284788529,TRUE,FALSE,TRUE,"map_full"
"imputed_dhsmics_age_2","1-5",92.5,0.0716759032279999,0.0841128397015537,-0.0931852625870454,0.236537069043045,0.0164865959077473,1.74737139843124,65.2061299000762,94.7588284788529,TRUE,FALSE,TRUE,"map_full"
"imputed_dhsmics_age_2","1-5",93,0.0704557722108983,0.0854461517509331,-0.0970186852209306,0.237930229642727,0.0164865959077473,1.74737139843124,65.2061299000762,94.7588284788529,TRUE,FALSE,TRUE,"map_full"
"imputed_dhsmics_age_2","1-5",93.5,0.0692338238064822,0.086785499044559,-0.100865754320853,0.239333401933818,0.0164865959077473,1.74737139843124,65.2061299000762,94.7588284788529,TRUE,FALSE,TRUE,"map_full"
"imputed_dhsmics_age_2","1-5",94,0.0680105746618654,0.0881303730573245,-0.104724956530491,0.240746105854221,0.0164865959077473,1.74737139843124,65.2061299000762,94.7588284788529,TRUE,FALSE,TRUE,"map_full"
"imputed_dhsmics_age_2","1-5",94.5,0.0667865414241616,0.0894802675439953,-0.108594782962069,0.242167865810392,0.0164865959077473,1.74737139843124,65.2061299000762,94.7588284788529,TRUE,FALSE,TRUE,"map_full"
"imputed_dhsmics_age_2","1-5",94.7588284788529,0.0661527744161856,0.0901808557192283,-0.110601702793502,0.242907251625873,0.0164865959077473,1.74737139843124,65.2061299000762,94.7588284788529,TRUE,FALSE,TRUE,"map_full"
"imputed_dhsmics_age_2","1-5",95,0.0655622310775107,0.0908346844290862,-0.112473750403498,0.24359821255852,0.0164865959077473,1.74737139843124,65.2061299000762,94.7588284788529,FALSE,FALSE,TRUE,"map_full"
"imputed_dhsmics_age_2","1-5",95.5,0.0643379087863337,0.0921932745666367,-0.116360909364274,0.245036726936942,0.0164865959077473,1.74737139843124,65.2061299000762,94.7588284788529,FALSE,FALSE,TRUE,"map_full"
"imputed_dhsmics_age_2","1-5",96,0.0631135864951567,0.093555849326584,-0.120255878184948,0.246483051175261,0.0164865959077473,1.74737139843124,65.2061299000762,94.7588284788529,FALSE,FALSE,TRUE,"map_full"
"imputed_dhsmics_age_2","1-5",96.5,0.0618892642039797,0.0949222371155956,-0.124158320542588,0.247936848950547,0.0164865959077473,1.74737139843124,65.2061299000762,94.7588284788529,FALSE,FALSE,TRUE,"map_full"
"imputed_dhsmics_age_2","1-5",97,0.0606649419128027,0.0962922756131136,-0.1280679182889,0.249397802114505,0.0164865959077473,1.74737139843124,65.2061299000762,94.7588284788529,FALSE,FALSE,TRUE,"map_full"
"imputed_dhsmics_age_2","1-5",97.5,0.0594406196216257,0.0976658111848048,-0.131984370300592,0.250865609543843,0.0164865959077473,1.74737139843124,65.2061299000762,94.7588284788529,FALSE,FALSE,TRUE,"map_full"
"imputed_dhsmics_age_2","1-5",98,0.0582162973304487,0.0990426983372913,-0.135907391410642,0.25233998607154,0.0164865959077473,1.74737139843124,65.2061299000762,94.7588284788529,FALSE,FALSE,TRUE,"map_full"
"imputed_dhsmics_age_2","1-5",98.5,0.0569919750392716,0.100422799211081,-0.139836711414447,0.25382066149299,0.0164865959077473,1.74737139843124,65.2061299000762,94.7588284788529,FALSE,FALSE,TRUE,"map_full"
"imputed_dhsmics_age_2","1-5",99,0.0557676527480946,0.101805983108843,-0.143772074145238,0.255307379641427,0.0164865959077473,1.74737139843124,65.2061299000762,94.7588284788529,FALSE,FALSE,TRUE,"map_full"
"imputed_dhsmics_age_2","1-5",99.5,0.0545433304569176,0.103192126056394,-0.147713236613614,0.25679989752745,0.0164865959077473,1.74737139843124,65.2061299000762,94.7588284788529,FALSE,FALSE,TRUE,"map_full"
"imputed_dhsmics_age_2","1-5",100,0.0533190081657406,0.104581110393947,-0.151659968206396,0.258297984537877,0.0164865959077473,1.74737139843124,65.2061299000762,94.7588284788529,FALSE,FALSE,TRUE,"map_full"
"imputed_dhsmics_age_3","6-11",0,-0.366743400337416,0.0449262681011221,-0.454798885815615,-0.278687914859216,0.0164865959077473,1.74737139843124,65.2061298282788,94.7588284788529,FALSE,FALSE,TRUE,"map_full"
"imputed_dhsmics_age_3","6-11",0.0164865959077473,-0.366408336514462,0.0448783513256394,-0.454369905112715,-0.278446767916209,0.0164865959077473,1.74737139843124,65.2061298282788,94.7588284788529,TRUE,FALSE,TRUE,"map_full"
"imputed_dhsmics_age_3","6-11",0.5,-0.356582258890922,0.0434739731481665,-0.441791246261328,-0.271373271520515,0.0164865959077473,1.74737139843124,65.2061298282788,94.7588284788529,TRUE,FALSE,TRUE,"map_full"
"imputed_dhsmics_age_3","6-11",1,-0.346424728407747,0.0420244619579224,-0.428792673845275,-0.264056782970219,0.0164865959077473,1.74737139843124,65.2061298282788,94.7588284788529,TRUE,FALSE,TRUE,"map_full"
"imputed_dhsmics_age_3","6-11",1.5,-0.336274542930632,0.0405791096180251,-0.415809597781961,-0.256739488079303,0.0164865959077473,1.74737139843124,65.2061298282788,94.7588284788529,TRUE,FALSE,TRUE,"map_full"
"imputed_dhsmics_age_3","6-11",1.74737139843124,-0.331256675803446,0.0398659909795669,-0.409394018123397,-0.253119333483495,0.0164865959077473,1.74737139843124,65.2061298282788,94.7588284788529,TRUE,TRUE,TRUE,"map_full"
"imputed_dhsmics_age_3","6-11",2,-0.32613543652463,0.0391392852913971,-0.402848435695769,-0.249422437353492,0.0164865959077473,1.74737139843124,65.2061298282788,94.7588284788529,TRUE,TRUE,TRUE,"map_full"
"imputed_dhsmics_age_3","6-11",2.5,-0.316011143254792,0.0377063509229679,-0.389915591063809,-0.242106695445775,0.0164865959077473,1.74737139843124,65.2061298282788,94.7588284788529,TRUE,TRUE,TRUE,"map_full"
"imputed_dhsmics_age_3","6-11",3,-0.305905397186171,0.0362816598276496,-0.377017450448364,-0.234793343923977,0.0164865959077473,1.74737139843124,65.2061298282788,94.7588284788529,TRUE,TRUE,TRUE,"map_full"
"imputed_dhsmics_age_3","6-11",3.5,-0.295821932383817,0.0348665551318585,-0.36416038044226,-0.227483484325374,0.0164865959077473,1.74737139843124,65.2061298282788,94.7588284788529,TRUE,TRUE,TRUE,"map_full"
"imputed_dhsmics_age_3","6-11",4,-0.285764482912783,0.0334623680454718,-0.351350724281908,-0.220178241543658,0.0164865959077473,1.74737139843124,65.2061298282788,94.7588284788529,TRUE,TRUE,TRUE,"map_full"
"imputed_dhsmics_age_3","6-11",4.5,-0.275736782838121,0.0320704159378611,-0.338594798076329,-0.212878767599913,0.0164865959077473,1.74737139843124,65.2061298282788,94.7588284788529,TRUE,TRUE,TRUE,"map_full"
"imputed_dhsmics_age_3","6-11",5,-0.265742566224882,0.0306920001879133,-0.325898886593192,-0.205586245856572,0.0164865959077473,1.74737139843124,65.2061298282788,94.7588284788529,TRUE,TRUE,TRUE,"map_full"
"imputed_dhsmics_age_3","6-11",5.5,-0.255785567138119,0.0293284037736708,-0.313269238534513,-0.198301895741724,0.0164865959077473,1.74737139843124,65.2061298282788,94.7588284788529,TRUE,TRUE,TRUE,"map_full"
"imputed_dhsmics_age_3","6-11",6,-0.245869519642883,0.0279808885623514,-0.300712061225091,-0.191026978060674,0.0164865959077473,1.74737139843124,65.2061298282788,94.7588284788529,TRUE,TRUE,TRUE,"map_full"
"imputed_dhsmics_age_3","6-11",6.5,-0.235998157804226,0.0266506922559771,-0.288233514625941,-0.183762800982511,0.0164865959077473,1.74737139843124,65.2061298282788,94.7588284788529,TRUE,TRUE,TRUE,"map_full"
"imputed_dhsmics_age_3","6-11",7,-0.2261752156872,0.0253390249416108,-0.275839704572757,-0.176510726801642,0.0164865959077473,1.74737139843124,65.2061298282788,94.7588284788529,TRUE,TRUE,TRUE,"map_full"
"imputed_dhsmics_age_3","6-11",7.5,-0.216404427356856,0.024047065188238,-0.263536675125803,-0.16927217958791,0.0164865959077473,1.74737139843124,65.2061298282788,94.7588284788529,TRUE,TRUE,TRUE,"map_full"
"imputed_dhsmics_age_3","6-11",8,-0.206689526878248,0.0227759556246291,-0.251330399902521,-0.162048653853975,0.0164865959077473,1.74737139843124,65.2061298282788,94.7588284788529,TRUE,TRUE,TRUE,"map_full"
"imputed_dhsmics_age_3","6-11",8.5,-0.197034248316426,0.0215267979241203,-0.239226772247702,-0.15484172438515,0.0164865959077473,1.74737139843124,65.2061298282788,94.7588284788529,TRUE,TRUE,TRUE,"map_full"
"imputed_dhsmics_age_3","6-11",9,-0.187442325736443,0.0203006471132485,-0.22723159407841,-0.147653057394476,0.0164865959077473,1.74737139843124,65.2061298282788,94.7588284788529,TRUE,TRUE,TRUE,"map_full"
"imputed_dhsmics_age_3","6-11",9.5,-0.177917493203349,0.019098505111772,-0.215350563222422,-0.140484423184276,0.0164865959077473,1.74737139843124,65.2061298282788,94.7588284788529,TRUE,TRUE,TRUE,"map_full"
"imputed_dhsmics_age_3","6-11",10,-0.168463484782198,0.0179213134021164,-0.203589259050346,-0.13333771051405,0.0164865959077473,1.74737139843124,65.2061298282788,94.7588284788529,TRUE,TRUE,TRUE,"map_full"
"imputed_dhsmics_age_3","6-11",10.5,-0.159084034538041,0.0167699447172125,-0.191953126183778,-0.126214942892305,0.0164865959077473,1.74737139843124,65.2061298282788,94.7588284788529,TRUE,TRUE,TRUE,"map_full"
"imputed_dhsmics_age_3","6-11",11,-0.14978287653593,0.0156451936277865,-0.180447456046392,-0.119118297025468,0.0164865959077473,1.74737139843124,65.2061298282788,94.7588284788529,TRUE,TRUE,TRUE,"map_full"
"imputed_dhsmics_age_3","6-11",11.5,-0.140563744840916,0.0145477659044755,-0.169077366013689,-0.112050123668144,0.0164865959077473,1.74737139843124,65.2061298282788,94.7588284788529,TRUE,TRUE,TRUE,"map_full"
"imputed_dhsmics_age_3","6-11",12,-0.131430373518053,0.0134782665281501,-0.157847775913227,-0.105012971122878,0.0164865959077473,1.74737139843124,65.2061298282788,94.7588284788529,TRUE,TRUE,TRUE,"map_full"
"imputed_dhsmics_age_3","6-11",12.5,-0.12238649663239,0.0124371862254847,-0.14676338163434,-0.09800961163044,0.0164865959077473,1.74737139843124,65.2061298282788,94.7588284788529,TRUE,TRUE,TRUE,"map_full"
"imputed_dhsmics_age_3","6-11",13,-0.113435848248981,0.0114248864186839,-0.135828625629601,-0.0910430708683604,0.0164865959077473,1.74737139843124,65.2061298282788,94.7588284788529,TRUE,TRUE,TRUE,"map_full"
"imputed_dhsmics_age_3","6-11",13.5,-0.104582162432877,0.0104415825015476,-0.12504766413591,-0.0841166607298435,0.0164865959077473,1.74737139843124,65.2061298282788,94.7588284788529,TRUE,TRUE,TRUE,"map_full"
"imputed_dhsmics_age_3","6-11",14,-0.0958291732491298,0.00948732539261915,-0.114424331018663,-0.0772340154795963,0.0164865959077473,1.74737139843124,65.2061298282788,94.7588284788529,TRUE,TRUE,TRUE,"map_full"
"imputed_dhsmics_age_3","6-11",14.5,-0.0871806147627917,0.00856198137443712,-0.103962098256688,-0.0703991312688949,0.0164865959077473,1.74737139843124,65.2061298282788,94.7588284788529,TRUE,TRUE,TRUE,"map_full"
"imputed_dhsmics_age_3","6-11",15,-0.0786402210389142,0.0076652103106691,-0.0936640332478257,-0.0636164088300028,0.0164865959077473,1.74737139843124,65.2061298282788,94.7588284788529,TRUE,TRUE,TRUE,"map_full"
"imputed_dhsmics_age_3","6-11",15.5,-0.0702117261425494,0.0067964424446961,-0.0835327533341538,-0.056890698950945,0.0164865959077473,1.74737139843124,65.2061298282788,94.7588284788529,TRUE,TRUE,TRUE,"map_full"
"imputed_dhsmics_age_3","6-11",16,-0.061898864138749,0.00595485412757125,-0.0735703782287887,-0.0502273500487094,0.0164865959077473,1.74737139843124,65.2061298282788,94.7588284788529,TRUE,TRUE,TRUE,"map_full"
"imputed_dhsmics_age_3","6-11",16.5,-0.0537053690925651,0.00513934300150065,-0.0637784813755063,-0.0436322568096238,0.0164865959077473,1.74737139843124,65.2061298282788,94.7588284788529,TRUE,TRUE,TRUE,"map_full"
"imputed_dhsmics_age_3","6-11",17,-0.0456349750690491,0.00434850337466978,-0.0541580416834019,-0.0371119084546963,0.0164865959077473,1.74737139843124,65.2061298282788,94.7588284788529,TRUE,TRUE,TRUE,"map_full"
"imputed_dhsmics_age_3","6-11",17.5,-0.0376914161332533,0.00358060275695008,-0.0447093975368755,-0.0306734347296312,0.0164865959077473,1.74737139843124,65.2061298282788,94.7588284788529,TRUE,TRUE,TRUE,"map_full"
"imputed_dhsmics_age_3","6-11",18,-0.0298784263502293,0.00283356077234706,-0.0354322054640296,-0.0243246472364291,0.0164865959077473,1.74737139843124,65.2061298282788,94.7588284788529,TRUE,TRUE,TRUE,"map_full"
"imputed_dhsmics_age_3","6-11",18.5,-0.0221997397850292,0.00210493192215092,-0.026325406352445,-0.0180740732176134,0.0164865959077473,1.74737139843124,65.2061298282788,94.7588284788529,TRUE,TRUE,TRUE,"map_full"
"imputed_dhsmics_age_3","6-11",19,-0.0146590905027046,0.0013918940723888,-0.0173872028845867,-0.0119309781208226,0.0164865959077473,1.74737139843124,65.2061298282788,94.7588284788529,TRUE,TRUE,TRUE,"map_full"
"imputed_dhsmics_age_3","6-11",19.5,-0.00725937713713002,0.000691289748709403,-0.00861430504460045,-0.00590444922965959,0.0164865959077473,1.74737139843124,65.2061298282788,94.7588284788529,TRUE,TRUE,TRUE,"map_full"
"imputed_dhsmics_age_3","6-11",20,0,0,0,0,0.0164865959077473,1.74737139843124,65.2061298282788,94.7588284788529,TRUE,TRUE,TRUE,"map_full"
"imputed_dhsmics_age_3","6-11",20.5,0.00712055614420036,0.000684771084743356,0.00577840481810339,0.00846270747029734,0.0164865959077473,1.74737139843124,65.2061298282788,94.7588284788529,TRUE,TRUE,TRUE,"map_full"
"imputed_dhsmics_age_3","6-11",21,0.0141038065340969,0.00136547414737519,0.0114274772052416,0.0167801358629523,0.0164865959077473,1.74737139843124,65.2061298282788,94.7588284788529,TRUE,TRUE,TRUE,"map_full"
"imputed_dhsmics_age_3","6-11",21.5,0.0209512664083157,0.00204421096580928,0.0169446129153295,0.0249579199013019,0.0164865959077473,1.74737139843124,65.2061298282788,94.7588284788529,TRUE,TRUE,TRUE,"map_full"
"imputed_dhsmics_age_3","6-11",22,0.0276644510054825,0.00272273672331677,0.0223278870277816,0.0330010149831834,0.0164865959077473,1.74737139843124,65.2061298282788,94.7588284788529,TRUE,TRUE,TRUE,"map_full"
"imputed_dhsmics_age_3","6-11",22.5,0.0342448755642233,0.00340246744564432,0.0275760393707605,0.0409137117576862,0.0164865959077473,1.74737139843124,65.2061298282788,94.7588284788529,TRUE,TRUE,TRUE,"map_full"
"imputed_dhsmics_age_3","6-11",23,0.0406940553231641,0.00408449177951042,0.0326884514353237,0.0486996592110045,0.0164865959077473,1.74737139843124,65.2061298282788,94.7588284788529,TRUE,TRUE,TRUE,"map_full"
"imputed_dhsmics_age_3","6-11",23.5,0.0470135055209307,0.00476958623137326,0.0376651165074391,0.0563618945344223,0.0164865959077473,1.74737139843124,65.2061298282788,94.7588284788529,TRUE,TRUE,TRUE,"map_full"
"imputed_dhsmics_age_3","6-11",24,0.0532047413961491,0.00545823299491478,0.0425066047261161,0.063902878066182,0.0164865959077473,1.74737139843124,65.2061298282788,94.7588284788529,TRUE,TRUE,TRUE,"map_full"
"imputed_dhsmics_age_3","6-11",24.5,0.0592692781874451,0.00615063955446413,0.0472140246606954,0.0713245317141948,0.0164865959077473,1.74737139843124,65.2061298282788,94.7588284788529,TRUE,TRUE,TRUE,"map_full"
"imputed_dhsmics_age_3","6-11",25,0.0652086311334447,0.00684675934367316,0.0517889828198453,0.0786282794470441,0.0164865959077473,1.74737139843124,65.2061298282788,94.7588284788529,TRUE,TRUE,TRUE,"map_full"
"imputed_dhsmics_age_3","6-11",25.5,0.0710243154727739,0.00754631284942967,0.0562335422878917,0.085815088657656,0.0164865959077473,1.74737139843124,65.2061298282788,94.7588284788529,TRUE,TRUE,TRUE,"map_full"
"imputed_dhsmics_age_3","6-11",26,0.0767178464440584,0.00824880866800326,0.060550181454772,0.0928855114333447,0.0164865959077473,1.74737139843124,65.2061298282788,94.7588284788529,TRUE,TRUE,TRUE,"map_full"
"imputed_dhsmics_age_3","6-11",26.5,0.0822907392859243,0.00895356413454547,0.0647417535822152,0.0998397249896334,0.0164865959077473,1.74737139843124,65.2061298282788,94.7588284788529,TRUE,TRUE,TRUE,"map_full"
"imputed_dhsmics_age_3","6-11",27,0.0877445092369975,0.00965972525210107,0.0688114477428794,0.106677570731116,0.0164865959077473,1.74737139843124,65.2061298282788,94.7588284788529,TRUE,TRUE,TRUE,"map_full"
"imputed_dhsmics_age_3","6-11",27.5,0.0930806715359039,0.0103662857386674,0.0727627514881159,0.113398591583692,0.0164865959077473,1.74737139843124,65.2061298282788,94.7588284788529,TRUE,TRUE,TRUE,"map_full"
"imputed_dhsmics_age_3","6-11",28,0.0983007414212694,0.0110721050890971,0.0765994154466392,0.1200020673959,0.0164865959077473,1.74737139843124,65.2061298282788,94.7588284788529,TRUE,TRUE,TRUE,"map_full"
"imputed_dhsmics_age_3","6-11",28.5,0.10340623413172,0.0117759256128448,0.0803254199305442,0.126487048332896,0.0164865959077473,1.74737139843124,65.2061298282788,94.7588284788529,TRUE,TRUE,TRUE,"map_full"
"imputed_dhsmics_age_3","6-11",29,0.108398664905881,0.0124763884597761,0.0839449435247202,0.132852386287043,0.0164865959077473,1.74737139843124,65.2061298282788,94.7588284788529,TRUE,TRUE,TRUE,"map_full"
"imputed_dhsmics_age_3","6-11",29.5,0.11327954898238,0.0131720486861483,0.0874623335575291,0.13909676440723,0.0164865959077473,1.74737139843124,65.2061298282788,94.7588284788529,TRUE,TRUE,TRUE,"map_full"
"imputed_dhsmics_age_3","6-11",30,0.118050401599841,0.0138613894433411,0.0908820782908924,0.145218724908789,0.0164865959077473,1.74737139843124,65.2061298282788,94.7588284788529,TRUE,TRUE,TRUE,"map_full"
"imputed_dhsmics_age_3","6-11",30.5,0.122712737996891,0.0145428353949301,0.0942087806228276,0.151216695370954,0.0164865959077473,1.74737139843124,65.2061298282788,94.7588284788529,TRUE,TRUE,TRUE,"map_full"
"imputed_dhsmics_age_3","6-11",31,0.127268073412155,0.0152147654851061,0.0974471330613472,0.157089013762963,0.0164865959077473,1.74737139843124,65.2061298282788,94.7588284788529,TRUE,TRUE,TRUE,"map_full"
"imputed_dhsmics_age_3","6-11",31.5,0.13171792308426,0.0158755251949547,0.100601893702149,0.162833952466371,0.0164865959077473,1.74737139843124,65.2061298282788,94.7588284788529,TRUE,TRUE,TRUE,"map_full"
"imputed_dhsmics_age_3","6-11",32,0.136063802251831,0.0165234384342233,0.103677862920754,0.168449741582909,0.0164865959077473,1.74737139843124,65.2061298282788,94.7588284788529,TRUE,TRUE,TRUE,"map_full"
"imputed_dhsmics_age_3","6-11",32.5,0.140307226153495,0.017156819226222,0.1066798604701,0.17393459183689,0.0164865959077473,1.74737139843124,65.2061298282788,94.7588284788529,TRUE,TRUE,TRUE,"map_full"
"imputed_dhsmics_age_3","6-11",33,0.144449710027877,0.0177739833535791,0.109612702654862,0.179286717400892,0.0164865959077473,1.74737139843124,65.2061298282788,94.7588284788529,TRUE,TRUE,TRUE,"map_full"
"imputed_dhsmics_age_3","6-11",33.5,0.148492769113604,0.0183732601437043,0.112481179231943,0.184504358995264,0.0164865959077473,1.74737139843124,65.2061298282788,94.7588284788529,TRUE,TRUE,TRUE,"map_full"
"imputed_dhsmics_age_3","6-11",34,0.1524379186493,0.0189530045858806,0.115290029660974,0.189585807637626,0.0164865959077473,1.74737139843124,65.2061298282788,94.7588284788529,TRUE,TRUE,TRUE,"map_full"
"imputed_dhsmics_age_3","6-11",34.5,0.156286673873593,0.0195116099877447,0.118043918297613,0.194529429449572,0.0164865959077473,1.74737139843124,65.2061298282788,94.7588284788529,TRUE,TRUE,TRUE,"map_full"
"imputed_dhsmics_age_3","6-11",35,0.160040550025107,0.0200475213982658,0.120747408084506,0.199333691965708,0.0164865959077473,1.74737139843124,65.2061298282788,94.7588284788529,TRUE,TRUE,TRUE,"map_full"
"imputed_dhsmics_age_3","6-11",35.5,0.16370106234247,0.0205592500479196,0.123404932248547,0.203997192436392,0.0164865959077473,1.74737139843124,65.2061298282788,94.7588284788529,TRUE,TRUE,TRUE,"map_full"
"imputed_dhsmics_age_3","6-11",36,0.167269726064306,0.0210453890852454,0.126020763457225,0.208518688671387,0.0164865959077473,1.74737139843124,65.2061298282788,94.7588284788529,TRUE,TRUE,TRUE,"map_full"
"imputed_dhsmics_age_3","6-11",36.5,0.170748056429242,0.0215046309229834,0.128598979820194,0.212897133038289,0.0164865959077473,1.74737139843124,65.2061298282788,94.7588284788529,TRUE,TRUE,TRUE,"map_full"
"imputed_dhsmics_age_3","6-11",37,0.174137568675903,0.0219357865469944,0.131143427043794,0.217131710308013,0.0164865959077473,1.74737139843124,65.2061298282788,94.7588284788529,TRUE,TRUE,TRUE,"map_full"
"imputed_dhsmics_age_3","6-11",37.5,0.177439778042917,0.0223378071874447,0.133657675955525,0.221221880130308,0.0164865959077473,1.74737139843124,65.2061298282788,94.7588284788529,TRUE,TRUE,TRUE,"map_full"
"imputed_dhsmics_age_3","6-11",38,0.180656199768907,0.0227098088041856,0.136144974512703,0.225167425025111,0.0164865959077473,1.74737139843124,65.2061298282788,94.7588284788529,TRUE,TRUE,TRUE,"map_full"
"imputed_dhsmics_age_3","6-11",38.5,0.183788402625723,0.0230513788302726,0.138607700118389,0.228969105133058,0.0164865959077473,1.74737139843124,65.2061298282788,94.7588284788529,TRUE,TRUE,TRUE,"map_full"
"imputed_dhsmics_age_3","6-11",39,0.186838335197989,0.023364255641861,0.141044394139941,0.232632276256037,0.0164865959077473,1.74737139843124,65.2061298282788,94.7588284788529,TRUE,TRUE,TRUE,"map_full"
"imputed_dhsmics_age_3","6-11",39.5,0.18980811030024,0.0236510900496349,0.143451973802956,0.236164246797525,0.0164865959077473,1.74737139843124,65.2061298282788,94.7588284788529,TRUE,TRUE,TRUE,"map_full"
"imputed_dhsmics_age_3","6-11",40,0.192699841401392,0.0239145486965367,0.14582732595618,0.239572356846604,0.0164865959077473,1.74737139843124,65.2061298282788,94.7588284788529,TRUE,TRUE,TRUE,"map_full"
"imputed_dhsmics_age_3","6-11",40.5,0.195515641970359,0.0241572918894036,0.148167349867128,0.24286393407359,0.0164865959077473,1.74737139843124,65.2061298282788,94.7588284788529,TRUE,TRUE,TRUE,"map_full"
"imputed_dhsmics_age_3","6-11",41,0.198257625476057,0.0243819556674645,0.150468992367827,0.246046258584287,0.0164865959077473,1.74737139843124,65.2061298282788,94.7588284788529,TRUE,TRUE,TRUE,"map_full"
"imputed_dhsmics_age_3","6-11",41.5,0.2009279053874,0.0245911343074759,0.152729282144747,0.249126528630053,0.0164865959077473,1.74737139843124,65.2061298282788,94.7588284788529,TRUE,TRUE,TRUE,"map_full"
"imputed_dhsmics_age_3","6-11",42,0.203528595173303,0.024787363069648,0.154945363556793,0.252111826789813,0.0164865959077473,1.74737139843124,65.2061298282788,94.7588284788529,TRUE,TRUE,TRUE,"map_full"
"imputed_dhsmics_age_3","6-11",42.5,0.206061808302682,0.0249731011075882,0.157114530131809,0.255009086473555,0.0164865959077473,1.74737139843124,65.2061298282788,94.7588284788529,TRUE,TRUE,TRUE,"map_full"
"imputed_dhsmics_age_3","6-11",43,0.208529658244451,0.0251507145666847,0.159234257693749,0.257825058795153,0.0164865959077473,1.74737139843124,65.2061298282788,94.7588284788529,TRUE,TRUE,TRUE,"map_full"
"imputed_dhsmics_age_3","6-11",43.5,0.210934258467525,0.0253224599820001,0.161302236902805,0.260566280032245,0.0164865959077473,1.74737139843124,65.2061298282788,94.7588284788529,TRUE,TRUE,TRUE,"map_full"
"imputed_dhsmics_age_3","6-11",44,0.213277722440819,0.0254904681600004,0.163316404847219,0.26323904003442,0.0164865959077473,1.74737139843124,65.2061298282788,94.7588284788529,TRUE,TRUE,TRUE,"map_full"
"imputed_dhsmics_age_3","6-11",44.5,0.215562163633249,0.025656728787928,0.16527497520891,0.265849352057588,0.0164865959077473,1.74737139843124,65.2061298282788,94.7588284788529,TRUE,TRUE,TRUE,"map_full"
"imputed_dhsmics_age_3","6-11",45,0.217789695513728,0.0258230760591027,0.167176466437887,0.268402924589569,0.0164865959077473,1.74737139843124,65.2061298282788,94.7588284788529,TRUE,TRUE,TRUE,"map_full"
"imputed_dhsmics_age_3","6-11",45.5,0.219962431551173,0.0259911756303121,0.169019727315761,0.270905135786584,0.0164865959077473,1.74737139843124,65.2061298282788,94.7588284788529,TRUE,TRUE,TRUE,"map_full"
"imputed_dhsmics_age_3","6-11",46,0.222082485214497,0.0261625132373249,0.17080395926934,0.273361011159654,0.0164865959077473,1.74737139843124,65.2061298282788,94.7588284788529,TRUE,TRUE,TRUE,"map_full"
"imputed_dhsmics_age_3","6-11",46.5,0.224151969972616,0.0263383852856357,0.17252873481277,0.275775205132462,0.0164865959077473,1.74737139843124,65.2061298282788,94.7588284788529,TRUE,TRUE,TRUE,"map_full"
"imputed_dhsmics_age_3","6-11",47,0.226172999294445,0.0265198917060302,0.174194011550626,0.278151987038264,0.0164865959077473,1.74737139843124,65.2061298282788,94.7588284788529,TRUE,TRUE,TRUE,"map_full"
"imputed_dhsmics_age_3","6-11",47.5,0.228147686648899,0.0267079313198405,0.175800141262012,0.280495232035787,0.0164865959077473,1.74737139843124,65.2061298282788,94.7588284788529,TRUE,TRUE,TRUE,"map_full"
"imputed_dhsmics_age_3","6-11",48,0.230078145504893,0.0269031998995112,0.177347873701851,0.282808417307935,0.0164865959077473,1.74737139843124,65.2061298282788,94.7588284788529,TRUE,TRUE,TRUE,"map_full"
"imputed_dhsmics_age_3","6-11",48.5,0.231966489331342,0.0271061910401544,0.178838354892639,0.285094623770044,0.0164865959077473,1.74737139843124,65.2061298282788,94.7588284788529,TRUE,TRUE,TRUE,"map_full"
"imputed_dhsmics_age_3","6-11",49,0.23381483159716,0.0273171998818333,0.180273119828766,0.287356543365553,0.0164865959077473,1.74737139843124,65.2061298282788,94.7588284788529,TRUE,TRUE,TRUE,"map_full"
"imputed_dhsmics_age_3","6-11",49.5,0.235625285771262,0.0275363296455622,0.181654079665961,0.289596491876564,0.0164865959077473,1.74737139843124,65.2061298282788,94.7588284788529,TRUE,TRUE,TRUE,"map_full"
"imputed_dhsmics_age_3","6-11",50,0.237399965322565,0.0277635008735915,0.182983503610325,0.291816427034804,0.0164865959077473,1.74737139843124,65.2061298282788,94.7588284788529,TRUE,TRUE,TRUE,"map_full"
"imputed_dhsmics_age_3","6-11",50.5,0.239140983719982,0.0279984632011442,0.184263995845739,0.294017971594224,0.0164865959077473,1.74737139843124,65.2061298282788,94.7588284788529,TRUE,TRUE,TRUE,"map_full"
"imputed_dhsmics_age_3","6-11",51,0.240850454432428,0.0282408094361111,0.18549846793765,0.296202440927206,0.0164865959077473,1.74737139843124,65.2061298282788,94.7588284788529,TRUE,TRUE,TRUE,"map_full"
"imputed_dhsmics_age_3","6-11",51.5,0.242530490928819,0.0284899916878716,0.186690107220591,0.298370874637047,0.0164865959077473,1.74737139843124,65.2061298282788,94.7588284788529,TRUE,TRUE,TRUE,"map_full"
"imputed_dhsmics_age_3","6-11",52,0.244183206678069,0.0287453392675705,0.187842341713631,0.300524071642507,0.0164865959077473,1.74737139843124,65.2061298282788,94.7588284788529,TRUE,TRUE,TRUE,"map_full"
"imputed_dhsmics_age_3","6-11",52.5,0.245810715149094,0.0290060780797415,0.188958802112801,0.302662628185387,0.0164865959077473,1.74737139843124,65.2061298282788,94.7588284788529,TRUE,TRUE,TRUE,"map_full"
"imputed_dhsmics_age_3","6-11",53,0.247415129810808,0.0292713512378392,0.190043281384643,0.304786978236973,0.0164865959077473,1.74737139843124,65.2061298282788,94.7588284788529,TRUE,TRUE,TRUE,"map_full"
"imputed_dhsmics_age_3","6-11",53.5,0.248998564132126,0.0295402406618131,0.191099692434973,0.30689743582928,0.0164865959077473,1.74737139843124,65.2061298282788,94.7588284788529,TRUE,TRUE,TRUE,"map_full"
"imputed_dhsmics_age_3","6-11",54,0.250563131581964,0.0298117894515241,0.192132024256976,0.308994238906951,0.0164865959077473,1.74737139843124,65.2061298282788,94.7588284788529,TRUE,TRUE,TRUE,"map_full"
"imputed_dhsmics_age_3","6-11",54.5,0.252110945629235,0.030085024872429,0.193144296879275,0.311077594379196,0.0164865959077473,1.74737139843124,65.2061298282788,94.7588284788529,TRUE,TRUE,TRUE,"map_full"
"imputed_dhsmics_age_3","6-11",55,0.253644119742856,0.0303589818363828,0.194140515343546,0.313147724142166,0.0164865959077473,1.74737139843124,65.2061298282788,94.7588284788529,TRUE,TRUE,TRUE,"map_full"
"imputed_dhsmics_age_3","6-11",55.5,0.255164767391741,0.0306327268076117,0.195124622848822,0.31520491193466,0.0164865959077473,1.74737139843124,65.2061298282788,94.7588284788529,TRUE,TRUE,TRUE,"map_full"
"imputed_dhsmics_age_3","6-11",56,0.256675002044805,0.0309053821091645,0.196100453110842,0.317249550978767,0.0164865959077473,1.74737139843124,65.2061298282788,94.7588284788529,TRUE,TRUE,TRUE,"map_full"
"imputed_dhsmics_age_3","6-11",56.5,0.258176937170963,0.0311761506460552,0.197071681904695,0.319282192437231,0.0164865959077473,1.74737139843124,65.2061298282788,94.7588284788529,TRUE,TRUE,TRUE,"map_full"
"imputed_dhsmics_age_3","6-11",57,0.25967268623913,0.0314443410957522,0.198041777691455,0.321303594786804,0.0164865959077473,1.74737139843124,65.2061298282788,94.7588284788529,TRUE,TRUE,TRUE,"map_full"
"imputed_dhsmics_age_3","6-11",57.5,0.261164362589668,0.0317093936927891,0.199013950951802,0.323314774227535,0.0164865959077473,1.74737139843124,65.2061298282788,94.7588284788529,TRUE,TRUE,TRUE,"map_full"
"imputed_dhsmics_age_3","6-11",58,0.262653652206609,0.0319710741735591,0.199990346826433,0.325316957586785,0.0164865959077473,1.74737139843124,65.2061298282788,94.7588284788529,TRUE,TRUE,TRUE,"map_full"
"imputed_dhsmics_age_3","6-11",58.5,0.264140861320167,0.0322298775229188,0.200970301375246,0.327311421265088,0.0164865959077473,1.74737139843124,65.2061298282788,94.7588284788529,TRUE,TRUE,TRUE,"map_full"
"imputed_dhsmics_age_3","6-11",59,0.265626018229712,0.0324866060075391,0.201952270454936,0.329299766004489,0.0164865959077473,1.74737139843124,65.2061298282788,94.7588284788529,TRUE,TRUE,TRUE,"map_full"
"imputed_dhsmics_age_3","6-11",59.5,0.267109151234615,0.032742245051803,0.202934350933081,0.331283951536149,0.0164865959077473,1.74737139843124,65.2061298282788,94.7588284788529,TRUE,TRUE,TRUE,"map_full"
"imputed_dhsmics_age_3","6-11",60,0.268590288634246,0.0329979465929472,0.203914313312069,0.333266263956422,0.0164865959077473,1.74737139843124,65.2061298282788,94.7588284788529,TRUE,TRUE,TRUE,"map_full"
"imputed_dhsmics_age_3","6-11",60.5,0.270069458727974,0.0332550130792693,0.204889633092606,0.335249284363342,0.0164865959077473,1.74737139843124,65.2061298282788,94.7588284788529,TRUE,TRUE,TRUE,"map_full"
"imputed_dhsmics_age_3","6-11",61,0.27154668981517,0.0335148818830397,0.205857521324412,0.337235858305928,0.0164865959077473,1.74737139843124,65.2061298282788,94.7588284788529,TRUE,TRUE,TRUE,"map_full"
"imputed_dhsmics_age_3","6-11",61.5,0.273022010195204,0.0337791099220838,0.20681495474792,0.339229065642488,0.0164865959077473,1.74737139843124,65.2061298282788,94.7588284788529,TRUE,TRUE,TRUE,"map_full"
"imputed_dhsmics_age_3","6-11",62,0.274495448167446,0.034049358312262,0.207758705875413,0.341232190459479,0.0164865959077473,1.74737139843124,65.2061298282788,94.7588284788529,TRUE,TRUE,TRUE,"map_full"
"imputed_dhsmics_age_3","6-11",62.5,0.275967032031266,0.034327376906626,0.208685373294279,0.343248690768253,0.0164865959077473,1.74737139843124,65.2061298282788,94.7588284788529,TRUE,TRUE,TRUE,"map_full"
"imputed_dhsmics_age_3","6-11",63,0.277436790086034,0.0346149886152394,0.209591412400165,0.345282167771903,0.0164865959077473,1.74737139843124,65.2061298282788,94.7588284788529,TRUE,TRUE,TRUE,"map_full"
"imputed_dhsmics_age_3","6-11",63.5,0.27890475063112,0.0349140734418423,0.210473166685109,0.347336334577131,0.0164865959077473,1.74737139843124,65.2061298282788,94.7588284788529,TRUE,TRUE,TRUE,"map_full"
"imputed_dhsmics_age_3","6-11",64,0.280370941965895,0.0352265522187883,0.21132689961707,0.34941498431472,0.0164865959077473,1.74737139843124,65.2061298282788,94.7588284788529,TRUE,TRUE,TRUE,"map_full"
"imputed_dhsmics_age_3","6-11",64.5,0.281835392389728,0.0355543700687673,0.212148827054944,0.351521957724512,0.0164865959077473,1.74737139843124,65.2061298282788,94.7588284788529,TRUE,TRUE,TRUE,"map_full"
"imputed_dhsmics_age_3","6-11",65,0.28329813020199,0.0358994796691819,0.212935150050393,0.353661110353586,0.0164865959077473,1.74737139843124,65.2061298282788,94.7588284788529,TRUE,TRUE,TRUE,"map_full"
"imputed_dhsmics_age_3","6-11",65.2061298282788,0.283900666057961,0.0360472438376667,0.213248068136135,0.354553263979788,0.0164865959077473,1.74737139843124,65.2061298282788,94.7588284788529,TRUE,TRUE,TRUE,"map_full"
"imputed_dhsmics_age_3","6-11",65.5,0.28475918370205,0.0362638244407765,0.213682087798128,0.355836279605972,0.0164865959077473,1.74737139843124,65.2061298282788,94.7588284788529,TRUE,FALSE,TRUE,"map_full"
"imputed_dhsmics_age_3","6-11",66,0.286218581189279,0.0366493218240559,0.21438591041413,0.358051251964429,0.0164865959077473,1.74737139843124,65.2061298282788,94.7588284788529,TRUE,FALSE,TRUE,"map_full"
"imputed_dhsmics_age_3","6-11",66.5,0.287676350963047,0.0370578468429069,0.21504297115095,0.360309730775145,0.0164865959077473,1.74737139843124,65.2061298282788,94.7588284788529,TRUE,FALSE,TRUE,"map_full"
"imputed_dhsmics_age_3","6-11",67,0.289132521322724,0.037491216182391,0.215649737605238,0.36261530504021,0.0164865959077473,1.74737139843124,65.2061298282788,94.7588284788529,TRUE,FALSE,TRUE,"map_full"
"imputed_dhsmics_age_3","6-11",67.5,0.29058712056768,0.0379511730249398,0.216202821438798,0.364971419696562,0.0164865959077473,1.74737139843124,65.2061298282788,94.7588284788529,TRUE,FALSE,TRUE,"map_full"
"imputed_dhsmics_age_3","6-11",68,0.292040176997285,0.0384393728946396,0.216699006123791,0.367381347870778,0.0164865959077473,1.74737139843124,65.2061298282788,94.7588284788529,TRUE,FALSE,TRUE,"map_full"
"imputed_dhsmics_age_3","6-11",68.5,0.293491718910909,0.03895737075208,0.217135272236832,0.369848165584985,0.0164865959077473,1.74737139843124,65.2061298282788,94.7588284788529,TRUE,FALSE,TRUE,"map_full"
"imputed_dhsmics_age_3","6-11",69,0.294941774607922,0.0395066095623543,0.217508819865708,0.372374729350137,0.0164865959077473,1.74737139843124,65.2061298282788,94.7588284788529,TRUE,FALSE,TRUE,"map_full"
"imputed_dhsmics_age_3","6-11",69.5,0.296390372387695,0.040088410527058,0.217817087754661,0.374963657020729,0.0164865959077473,1.74737139843124,65.2061298282788,94.7588284788529,TRUE,FALSE,TRUE,"map_full"
"imputed_dhsmics_age_3","6-11",70,0.297837540549597,0.0407039651292672,0.218057768896234,0.377617312202961,0.0164865959077473,1.74737139843124,65.2061298282788,94.7588284788529,TRUE,FALSE,TRUE,"map_full"
"imputed_dhsmics_age_3","6-11",70.5,0.299283307392999,0.041354329090934,0.218228822374768,0.38033779241123,0.0164865959077473,1.74737139843124,65.2061298282788,94.7588284788529,TRUE,FALSE,TRUE,"map_full"
"imputed_dhsmics_age_3","6-11",71,0.30072770121727,0.0420404182878987,0.218328481372989,0.383126921061552,0.0164865959077473,1.74737139843124,65.2061298282788,94.7588284788529,TRUE,FALSE,TRUE,"map_full"
"imputed_dhsmics_age_3","6-11",71.5,0.302170750321782,0.0427630066120647,0.218355257362135,0.385986243281428,0.0164865959077473,1.74737139843124,65.2061298282788,94.7588284788529,TRUE,FALSE,TRUE,"map_full"
"imputed_dhsmics_age_3","6-11",72,0.303612483005903,0.0435227257164584,0.218307940601644,0.388917025410161,0.0164865959077473,1.74737139843124,65.2061298282788,94.7588284788529,TRUE,FALSE,TRUE,"map_full"
"imputed_dhsmics_age_3","6-11",72.5,0.305052927569004,0.044320066529873,0.218185597170453,0.391920257967555,0.0164865959077473,1.74737139843124,65.2061298282788,94.7588284788529,TRUE,FALSE,TRUE,"map_full"
"imputed_dhsmics_age_3","6-11",73,0.306492112310455,0.0451553823859942,0.217987562833906,0.394996661787004,0.0164865959077473,1.74737139843124,65.2061298282788,94.7588284788529,TRUE,FALSE,TRUE,"map_full"
"imputed_dhsmics_age_3","6-11",73.5,0.307930065529626,0.0460288935790899,0.21771343411461,0.398146696944642,0.0164865959077473,1.74737139843124,65.2061298282788,94.7588284788529,TRUE,FALSE,TRUE,"map_full"
"imputed_dhsmics_age_3","6-11",74,0.309366815525888,0.04694069313547,0.217363056980366,0.401370574071409,0.0164865959077473,1.74737139843124,65.2061298282788,94.7588284788529,TRUE,FALSE,TRUE,"map_full"
"imputed_dhsmics_age_3","6-11",74.5,0.310802390598609,0.0478907535772063,0.216936513587285,0.404668267609934,0.0164865959077473,1.74737139843124,65.2061298282788,94.7588284788529,TRUE,FALSE,TRUE,"map_full"
"imputed_dhsmics_age_3","6-11",75,0.312236819047161,0.0488789344515615,0.216434107522101,0.408039530572222,0.0164865959077473,1.74737139843124,65.2061298282788,94.7588284788529,TRUE,FALSE,TRUE,"map_full"
"imputed_dhsmics_age_3","6-11",75.5,0.313670129170914,0.0499049904051784,0.215856347976765,0.411483910365064,0.0164865959077473,1.74737139843124,65.2061298282788,94.7588284788529,TRUE,FALSE,TRUE,"map_full"
"imputed_dhsmics_age_3","6-11",76,0.315102349269237,0.0509685795948931,0.215203933263247,0.415000765275228,0.0164865959077473,1.74737139843124,65.2061298282788,94.7588284788529,TRUE,FALSE,TRUE,"map_full"
"imputed_dhsmics_age_3","6-11",76.5,0.316533507641501,0.0520692722454314,0.214477734040456,0.418589281242547,0.0164865959077473,1.74737139843124,65.2061298282788,94.7588284788529,TRUE,FALSE,TRUE,"map_full"
"imputed_dhsmics_age_3","6-11",77,0.317963632587076,0.0532065591865016,0.213678776581533,0.422248488592619,0.0164865959077473,1.74737139843124,65.2061298282788,94.7588284788529,TRUE,FALSE,TRUE,"map_full"
"imputed_dhsmics_age_3","6-11",77.5,0.319392752405332,0.0543798602262968,0.21280822636179,0.425977278448874,0.0164865959077473,1.74737139843124,65.2061298282788,94.7588284788529,TRUE,FALSE,TRUE,"map_full"
"imputed_dhsmics_age_3","6-11",78,0.320820895395639,0.0555885322437035,0.21186737219798,0.429774418593298,0.0164865959077473,1.74737139843124,65.2061298282788,94.7588284788529,TRUE,FALSE,TRUE,"map_full"
"imputed_dhsmics_age_3","6-11",78.5,0.322248089857366,0.0568318769063602,0.2108576111209,0.433638568593832,0.0164865959077473,1.74737139843124,65.2061298282788,94.7588284788529,TRUE,FALSE,TRUE,"map_full"
"imputed_dhsmics_age_3","6-11",79,0.323674364089885,0.0581091479451735,0.209780434117345,0.437568294062425,0.0164865959077473,1.74737139843124,65.2061298282788,94.7588284788529,TRUE,FALSE,TRUE,"map_full"
"imputed_dhsmics_age_3","6-11",79.5,0.325099746392565,0.0594195579372997,0.208637412835458,0.441562079949673,0.0164865959077473,1.74737139843124,65.2061298282788,94.7588284788529,TRUE,FALSE,TRUE,"map_full"
"imputed_dhsmics_age_3","6-11",80,0.326524265064777,0.0607622845684951,0.207430187310526,0.445618342819027,0.0164865959077473,1.74737139843124,65.2061298282788,94.7588284788529,TRUE,FALSE,TRUE,"map_full"
"imputed_dhsmics_age_3","6-11",80.5,0.32794794840589,0.0621364763619324,0.206160454736502,0.449735442075277,0.0164865959077473,1.74737139843124,65.2061298282788,94.7588284788529,TRUE,FALSE,TRUE,"map_full"
"imputed_dhsmics_age_3","6-11",81,0.329370824715274,0.063541257874015,0.204829959282205,0.453911690148344,0.0164865959077473,1.74737139843124,65.2061298282788,94.7588284788529,TRUE,FALSE,TRUE,"map_full"
"imputed_dhsmics_age_3","6-11",81.5,0.3307929222923,0.0649757343685172,0.203440482930007,0.458145361654594,0.0164865959077473,1.74737139843124,65.2061298282788,94.7588284788529,TRUE,FALSE,TRUE,"map_full"
"imputed_dhsmics_age_3","6-11",82,0.332214269436338,0.0664389959887113,0.201993837298464,0.462434701574212,0.0164865959077473,1.74737139843124,65.2061298282788,94.7588284788529,TRUE,FALSE,TRUE,"map_full"
"imputed_dhsmics_age_3","6-11",82.5,0.333634894446758,0.0679301214532798,0.20049185639833,0.466777932495186,0.0164865959077473,1.74737139843124,65.2061298282788,94.7588284788529,TRUE,FALSE,TRUE,"map_full"
"imputed_dhsmics_age_3","6-11",83,0.33505482562293,0.0694481813060374,0.198936390263096,0.471173260982763,0.0164865959077473,1.74737139843124,65.2061298282788,94.7588284788529,TRUE,FALSE,TRUE,"map_full"
"imputed_dhsmics_age_3","6-11",83.5,0.336474091264223,0.0709922407520902,0.197329299390127,0.47561888313832,0.0164865959077473,1.74737139843124,65.2061298282788,94.7588284788529,TRUE,FALSE,TRUE,"map_full"
"imputed_dhsmics_age_3","6-11",84,0.337892719670009,0.0725613621143388,0.195672449925905,0.480112989414113,0.0164865959077473,1.74737139843124,65.2061298282788,94.7588284788529,TRUE,FALSE,TRUE,"map_full"
"imputed_dhsmics_age_3","6-11",84.5,0.339310739139657,0.0741546069444407,0.193967709528553,0.484653768750761,0.0164865959077473,1.74737139843124,65.2061298282788,94.7588284788529,TRUE,FALSE,TRUE,"map_full"
"imputed_dhsmics_age_3","6-11",85,0.340728177972537,0.0757710378217353,0.192216943841936,0.489239412103138,0.0164865959077473,1.74737139843124,65.2061298282788,94.7588284788529,TRUE,FALSE,TRUE,"map_full"
"imputed_dhsmics_age_3","6-11",85.5,0.34214506446802,0.0774097198724081,0.1904220135181,0.49386811541794,0.0164865959077473,1.74737139843124,65.2061298282788,94.7588284788529,TRUE,FALSE,TRUE,"map_full"
"imputed_dhsmics_age_3","6-11",86,0.343561426925475,0.0790697220395028,0.188584771728049,0.4985380821229,0.0164865959077473,1.74737139843124,65.2061298282788,94.7588284788529,TRUE,FALSE,TRUE,"map_full"
"imputed_dhsmics_age_3","6-11",86.5,0.344977293644272,0.0807501181324387,0.186707062104693,0.503247525183852,0.0164865959077473,1.74737139843124,65.2061298282788,94.7588284788529,TRUE,FALSE,TRUE,"map_full"
"imputed_dhsmics_age_3","6-11",87,0.346392692923783,0.0824499876825647,0.184790717065956,0.50799466878161,0.0164865959077473,1.74737139843124,65.2061298282788,94.7588284788529,TRUE,FALSE,TRUE,"map_full"
"imputed_dhsmics_age_3","6-11",87.5,0.347807653063376,0.0841684166290839,0.182837556470371,0.51277774965638,0.0164865959077473,1.74737139843124,65.2061298282788,94.7588284788529,TRUE,FALSE,TRUE,"map_full"
"imputed_dhsmics_age_3","6-11",88,0.349222202362422,0.0859044978574805,0.18084938656176,0.517595018163084,0.0164865959077473,1.74737139843124,65.2061298282788,94.7588284788529,TRUE,FALSE,TRUE,"map_full"
"imputed_dhsmics_age_3","6-11",88.5,0.350636369120291,0.0876573316104333,0.178827999163841,0.52244473907674,0.0164865959077473,1.74737139843124,65.2061298282788,94.7588284788529,TRUE,FALSE,TRUE,"map_full"
"imputed_dhsmics_age_3","6-11",89,0.352050181636353,0.0894260257891402,0.176775171089638,0.527325192183067,0.0164865959077473,1.74737139843124,65.2061298282788,94.7588284788529,TRUE,FALSE,TRUE,"map_full"
"imputed_dhsmics_age_3","6-11",89.5,0.353463668209978,0.0912096961610381,0.174692663734343,0.532234672685613,0.0164865959077473,1.74737139843124,65.2061298282788,94.7588284788529,TRUE,FALSE,TRUE,"map_full"
"imputed_dhsmics_age_3","6-11",90,0.354876857140536,0.093007466488096,0.172582222823868,0.537171491457204,0.0164865959077473,1.74737139843124,65.2061298282788,94.7588284788529,TRUE,FALSE,TRUE,"map_full"
"imputed_dhsmics_age_3","6-11",90.5,0.356289776727398,0.0948184685881901,0.170445578294545,0.54213397516025,0.0164865959077473,1.74737139843124,65.2061298282788,94.7588284788529,TRUE,FALSE,TRUE,"map_full"
"imputed_dhsmics_age_3","6-11",91,0.357702455269933,0.0966418423405522,0.16828444428245,0.547120466257415,0.0164865959077473,1.74737139843124,65.2061298282788,94.7588284788529,TRUE,FALSE,TRUE,"map_full"
"imputed_dhsmics_age_3","6-11",91.5,0.359114921067511,0.0984767356449016,0.166100519203504,0.552129322931519,0.0164865959077473,1.74737139843124,65.2061298282788,94.7588284788529,TRUE,FALSE,TRUE,"map_full"
"imputed_dhsmics_age_3","6-11",92,0.360527202419504,0.10032230434263,0.163895485907948,0.557158918931059,0.0164865959077473,1.74737139843124,65.2061298282788,94.7588284788529,TRUE,FALSE,TRUE,"map_full"
"imputed_dhsmics_age_3","6-11",92.5,0.36193932762528,0.102177712107299,0.161671011894973,0.562207643355586,0.0164865959077473,1.74737139843124,65.2061298282788,94.7588284788529,TRUE,FALSE,TRUE,"map_full"
"imputed_dhsmics_age_3","6-11",93,0.363351324984209,0.104042130310719,0.159428749575201,0.567273900393218,0.0164865959077473,1.74737139843124,65.2061298282788,94.7588284788529,TRUE,FALSE,TRUE,"map_full"
"imputed_dhsmics_age_3","6-11",93.5,0.364763222795663,0.105914737870003,0.157170336570458,0.572356109020868,0.0164865959077473,1.74737139843124,65.2061298282788,94.7588284788529,TRUE,FALSE,TRUE,"map_full"
"imputed_dhsmics_age_3","6-11",94,0.36617504935901,0.107794721080224,0.154897396041771,0.57745270267625,0.0164865959077473,1.74737139843124,65.2061298282788,94.7588284788529,TRUE,FALSE,TRUE,"map_full"
"imputed_dhsmics_age_3","6-11",94.5,0.367586832973622,0.109681273436611,0.152611537037865,0.582562128909379,0.0164865959077473,1.74737139843124,65.2061298282788,94.7588284788529,TRUE,FALSE,TRUE,"map_full"
"imputed_dhsmics_age_3","6-11",94.7588284788529,0.368317645042743,0.110660177004831,0.151423698113274,0.585211591972212,0.0164865959077473,1.74737139843124,65.2061298282788,94.7588284788529,TRUE,FALSE,TRUE,"map_full"
"imputed_dhsmics_age_3","6-11",95,0.368998601409578,0.111573605156313,0.150314335303205,0.587682867515951,0.0164865959077473,1.74737139843124,65.2061298282788,94.7588284788529,FALSE,FALSE,TRUE,"map_full"
"imputed_dhsmics_age_3","6-11",95.5,0.370410369191272,0.113471177666263,0.148006860965395,0.592813877417148,0.0164865959077473,1.74737139843124,65.2061298282788,94.7588284788529,FALSE,FALSE,TRUE,"map_full"
"imputed_dhsmics_age_3","6-11",96,0.371822136972966,0.115373721033674,0.145689643746964,0.597954630198967,0.0164865959077473,1.74737139843124,65.2061298282788,94.7588284788529,FALSE,FALSE,TRUE,"map_full"
"imputed_dhsmics_age_3","6-11",96.5,0.37323390475466,0.117280993345635,0.143363157797216,0.603104651712104,0.0164865959077473,1.74737139843124,65.2061298282788,94.7588284788529,FALSE,FALSE,TRUE,"map_full"
"imputed_dhsmics_age_3","6-11",97,0.374645672536354,0.119192767590643,0.141027848058694,0.608263497014014,0.0164865959077473,1.74737139843124,65.2061298282788,94.7588284788529,FALSE,FALSE,TRUE,"map_full"
"imputed_dhsmics_age_3","6-11",97.5,0.376057440318048,0.121108830571889,0.138684132397145,0.61343074823895,0.0164865959077473,1.74737139843124,65.2061298282788,94.7588284788529,FALSE,FALSE,TRUE,"map_full"
"imputed_dhsmics_age_3","6-11",98,0.377469208099742,0.123028981910197,0.136332403555756,0.618606012643727,0.0164865959077473,1.74737139843124,65.2061298282788,94.7588284788529,FALSE,FALSE,TRUE,"map_full"
"imputed_dhsmics_age_3","6-11",98.5,0.378880975881436,0.124953033128547,0.133973030949483,0.623788920813388,0.0164865959077473,1.74737139843124,65.2061298282788,94.7588284788529,FALSE,FALSE,TRUE,"map_full"
"imputed_dhsmics_age_3","6-11",99,0.38029274366313,0.126880806810895,0.131606362313776,0.628979125012483,0.0164865959077473,1.74737139843124,65.2061298282788,94.7588284788529,FALSE,FALSE,TRUE,"map_full"
"imputed_dhsmics_age_3","6-11",99.5,0.381704511444824,0.12881213582865,0.129232725220669,0.634176297668979,0.0164865959077473,1.74737139843124,65.2061298282788,94.7588284788529,FALSE,FALSE,TRUE,"map_full"
"imputed_dhsmics_age_3","6-11",100,0.383116279226518,0.130746862628857,0.126852428473958,0.639380129979078,0.0164865959077473,1.74737139843124,65.2061298282788,94.7588284788529,FALSE,FALSE,TRUE,"map_full"
"imputed_dhsmics_age_4","12-23",0,-0.59624546063012,0.0586664449271125,-0.711231692687261,-0.48125922857298,0.0164865959077473,1.72053231100745,64.95735887855,94.7588284788529,FALSE,FALSE,TRUE,"map_full"
"imputed_dhsmics_age_4","12-23",0.0164865959077473,-0.595664602384563,0.0586015455784017,-0.71052363171823,-0.480805573050896,0.0164865959077473,1.72053231100745,64.95735887855,94.7588284788529,TRUE,FALSE,TRUE,"map_full"
"imputed_dhsmics_age_4","12-23",0.5,-0.578630921130148,0.0566995794663207,-0.689762096884137,-0.46749974537616,0.0164865959077473,1.72053231100745,64.95735887855,94.7588284788529,TRUE,FALSE,TRUE,"map_full"
"imputed_dhsmics_age_4","12-23",1,-0.561026238654037,0.0547369487000362,-0.668310658106108,-0.453741819201966,0.0164865959077473,1.72053231100745,64.95735887855,94.7588284788529,TRUE,FALSE,TRUE,"map_full"
"imputed_dhsmics_age_4","12-23",1.5,-0.543441606201586,0.0527806540131114,-0.646891688067284,-0.439991524335887,0.0164865959077473,1.72053231100745,64.95735887855,94.7588284788529,TRUE,FALSE,TRUE,"map_full"
"imputed_dhsmics_age_4","12-23",1.72053231100745,-0.535694654695076,0.0519203572342567,-0.637458554874219,-0.433930754515932,0.0164865959077473,1.72053231100745,64.95735887855,94.7588284788529,TRUE,TRUE,TRUE,"map_full"
"imputed_dhsmics_age_4","12-23",2,-0.525887216833497,0.0508327902313161,-0.625519485686877,-0.426254947980118,0.0164865959077473,1.72053231100745,64.95735887855,94.7588284788529,TRUE,TRUE,TRUE,"map_full"
"imputed_dhsmics_age_4","12-23",2.5,-0.508373263610475,0.0488954438491148,-0.60420833355474,-0.41253819366621,0.0164865959077473,1.72053231100745,64.95735887855,94.7588284788529,TRUE,TRUE,TRUE,"map_full"
"imputed_dhsmics_age_4","12-23",3,-0.490909939593222,0.04697069106787,-0.582972494086248,-0.398847385100197,0.0164865959077473,1.72053231100745,64.95735887855,94.7588284788529,TRUE,TRUE,TRUE,"map_full"
"imputed_dhsmics_age_4","12-23",3.5,-0.473507437842442,0.0450605955962908,-0.561826205211172,-0.385188670473712,0.0164865959077473,1.72053231100745,64.95735887855,94.7588284788529,TRUE,TRUE,TRUE,"map_full"
"imputed_dhsmics_age_4","12-23",4,-0.456175951418836,0.0431672061701221,-0.540783675512275,-0.371568227325397,0.0164865959077473,1.72053231100745,64.95735887855,94.7588284788529,TRUE,TRUE,TRUE,"map_full"
"imputed_dhsmics_age_4","12-23",4.5,-0.438925673383108,0.0412925537408467,-0.519859078715168,-0.357992268051049,0.0164865959077473,1.72053231100745,64.95735887855,94.7588284788529,TRUE,TRUE,TRUE,"map_full"
"imputed_dhsmics_age_4","12-23",5,-0.421766796795962,0.0394386482746505,-0.499066547414277,-0.344467046177647,0.0164865959077473,1.72053231100745,64.95735887855,94.7588284788529,TRUE,TRUE,TRUE,"map_full"
"imputed_dhsmics_age_4","12-23",5.5,-0.4047095147181,0.0376074750928616,-0.478420165900108,-0.330998863536091,0.0164865959077473,1.72053231100745,64.95735887855,94.7588284788529,TRUE,TRUE,TRUE,"map_full"
"imputed_dhsmics_age_4","12-23",6,-0.387764020210224,0.035800990673301,-0.457933961929894,-0.317594078490554,0.0164865959077473,1.72053231100745,64.95735887855,94.7588284788529,TRUE,TRUE,TRUE,"map_full"
"imputed_dhsmics_age_4","12-23",6.5,-0.370940506333039,0.0340211178182198,-0.43762189725675,-0.304259115409328,0.0164865959077473,1.72053231100745,64.95735887855,94.7588284788529,TRUE,TRUE,TRUE,"map_full"
"imputed_dhsmics_age_4","12-23",7,-0.354249166147247,0.0322697400785193,-0.417497856701144,-0.291000475593349,0.0164865959077473,1.72053231100745,64.95735887855,94.7588284788529,TRUE,TRUE,TRUE,"map_full"
"imputed_dhsmics_age_4","12-23",7.5,-0.33770019271355,0.0305486953055066,-0.397575635512343,-0.277824749914757,0.0164865959077473,1.72053231100745,64.95735887855,94.7588284788529,TRUE,TRUE,TRUE,"map_full"
"imputed_dhsmics_age_4","12-23",8,-0.321303779092653,0.028859768180374,-0.377868924726186,-0.26473863345912,0.0164865959077473,1.72053231100745,64.95735887855,94.7588284788529,TRUE,TRUE,TRUE,"map_full"
"imputed_dhsmics_age_4","12-23",8.5,-0.305070118345257,0.0272046815478127,-0.35839129417897,-0.251748942511545,0.0164865959077473,1.72053231100745,64.95735887855,94.7588284788529,TRUE,TRUE,TRUE,"map_full"
"imputed_dhsmics_age_4","12-23",9,-0.289009403532067,0.0255850863537837,-0.339156172785483,-0.238862634278651,0.0164865959077473,1.72053231100745,64.95735887855,94.7588284788529,TRUE,TRUE,TRUE,"map_full"
"imputed_dhsmics_age_4","12-23",9.5,-0.273131827713784,0.0240025499588529,-0.320176825633136,-0.226086829794433,0.0164865959077473,1.72053231100745,64.95735887855,94.7588284788529,TRUE,TRUE,TRUE,"map_full"
"imputed_dhsmics_age_4","12-23",10,-0.257447583951113,0.0224585425684718,-0.301466327385318,-0.213428840516908,0.0164865959077473,1.72053231100745,64.95735887855,94.7588284788529,TRUE,TRUE,TRUE,"map_full"
"imputed_dhsmics_age_4","12-23",10.5,-0.241966865304755,0.0209544214916214,-0.283037531428333,-0.200896199181177,0.0164865959077473,1.72053231100745,64.95735887855,94.7588284788529,TRUE,TRUE,TRUE,"map_full"
"imputed_dhsmics_age_4","12-23",11,-0.226699864835414,0.019491412911735,-0.264903034142415,-0.188496695528413,0.0164865959077473,1.72053231100745,64.95735887855,94.7588284788529,TRUE,TRUE,TRUE,"map_full"
"imputed_dhsmics_age_4","12-23",11.5,-0.211656775603793,0.0180705908324812,-0.247075133635456,-0.17623841757213,0.0164865959077473,1.72053231100745,64.95735887855,94.7588284788529,TRUE,TRUE,TRUE,"map_full"
"imputed_dhsmics_age_4","12-23",12,-0.196847790670594,0.0166928528512329,-0.229565782259011,-0.164129799082178,0.0164865959077473,1.72053231100745,64.95735887855,94.7588284788529,TRUE,TRUE,TRUE,"map_full"
"imputed_dhsmics_age_4","12-23",12.5,-0.182283103096522,0.0153588924225092,-0.21238653224464,-0.152179673948404,0.0164865959077473,1.72053231100745,64.95735887855,94.7588284788529,TRUE,TRUE,TRUE,"map_full"
"imputed_dhsmics_age_4","12-23",13,-0.167972905942278,0.0140691673126641,-0.1955484738751,-0.140397338009457,0.0164865959077473,1.72053231100745,64.95735887855,94.7588284788529,TRUE,TRUE,TRUE,"map_full"
"imputed_dhsmics_age_4","12-23",13.5,-0.153927392268566,0.0128238640288802,-0.179062165765172,-0.128792618771961,0.0164865959077473,1.72053231100745,64.95735887855,94.7588284788529,TRUE,TRUE,TRUE,"map_full"
"imputed_dhsmics_age_4","12-23",14,-0.140156755136089,0.0116228581463297,-0.162937557102895,-0.117375953169283,0.0164865959077473,1.72053231100745,64.95735887855,94.7588284788529,TRUE,TRUE,TRUE,"map_full"
"imputed_dhsmics_age_4","12-23",14.5,-0.12667118760555,0.0104656706755094,-0.147183902129548,-0.106158473081551,0.0164865959077473,1.72053231100745,64.95735887855,94.7588284788529,TRUE,TRUE,TRUE,"map_full"
"imputed_dhsmics_age_4","12-23",15,-0.113480882737651,0.00935142092573419,-0.13180966775209,-0.0951520977232119,0.0164865959077473,1.72053231100745,64.95735887855,94.7588284788529,TRUE,TRUE,TRUE,"map_full"
"imputed_dhsmics_age_4","12-23",15.5,-0.100596033593096,0.00827877674553666,-0.116822436014348,-0.084369631171844,0.0164865959077473,1.72053231100745,64.95735887855,94.7588284788529,TRUE,TRUE,TRUE,"map_full"
"imputed_dhsmics_age_4","12-23",16,-0.0880268332325872,0.0072459035619519,-0.102228804214013,-0.0738248622511615,0.0164865959077473,1.72053231100745,64.95735887855,94.7588284788529,TRUE,TRUE,TRUE,"map_full"
"imputed_dhsmics_age_4","12-23",16.5,-0.0757834747168284,0.00625041428714979,-0.088034286719642,-0.0635326627140148,0.0164865959077473,1.72053231100745,64.95735887855,94.7588284788529,TRUE,TRUE,TRUE,"map_full"
"imputed_dhsmics_age_4","12-23",17,-0.0638761511065222,0.00528932287707399,-0.0742432239455872,-0.0535090782674572,0.0164865959077473,1.72053231100745,64.95735887855,94.7588284788529,TRUE,TRUE,TRUE,"map_full"
"imputed_dhsmics_age_4","12-23",17.5,-0.0523150554623716,0.00435900505224114,-0.0608587053647642,-0.043771405559979,0.0164865959077473,1.72053231100745,64.95735887855,94.7588284788529,TRUE,TRUE,TRUE,"map_full"
"imputed_dhsmics_age_4","12-23",18,-0.0411103808450797,0.00345517037287885,-0.0478825147759223,-0.0343382469142372,0.0164865959077473,1.72053231100745,64.95735887855,94.7588284788529,TRUE,TRUE,TRUE,"map_full"
"imputed_dhsmics_age_4","12-23",18.5,-0.0302723203153493,0.00257285065669585,-0.0353151076024731,-0.0252295330282254,0.0164865959077473,1.72053231100745,64.95735887855,94.7588284788529,TRUE,TRUE,TRUE,"map_full"
"imputed_dhsmics_age_4","12-23",19,-0.019809877857658,0.00170645878515594,-0.0231545370765637,-0.0164652186387524,0.0164865959077473,1.72053231100745,64.95735887855,94.7588284788529,TRUE,TRUE,TRUE,"map_full"
"imputed_dhsmics_age_4","12-23",19.5,-0.00972147822588468,0.000850466646960971,-0.0113883928539282,-0.00805456359784117,0.0164865959077473,1.72053231100745,64.95735887855,94.7588284788529,TRUE,TRUE,TRUE,"map_full"
"imputed_dhsmics_age_4","12-23",20,0,0,0,0,0.0164865959077473,1.72053231100745,64.95735887855,94.7588284788529,TRUE,TRUE,TRUE,"map_full"
"imputed_dhsmics_age_4","12-23",20.5,0.00936172711421435,0.000849156485387023,0.00769738040285578,0.0110260738255729,0.0164865959077473,1.72053231100745,64.95735887855,94.7588284788529,TRUE,TRUE,TRUE,"map_full"
"imputed_dhsmics_age_4","12-23",21,0.0183708734109771,0.00170055326998155,0.0150377890018132,0.0217039578201409,0.0164865959077473,1.72053231100745,64.95735887855,94.7588284788529,TRUE,TRUE,TRUE,"map_full"
"imputed_dhsmics_age_4","12-23",21.5,0.0270346091845065,0.00255708402737795,0.0220227244908457,0.0320464938781673,0.0164865959077473,1.72053231100745,64.95735887855,94.7588284788529,TRUE,TRUE,TRUE,"map_full"
"imputed_dhsmics_age_4","12-23",22,0.0353601047290213,0.00342100639371668,0.0286549321973366,0.042065277260706,0.0164865959077473,1.72053231100745,64.95735887855,94.7588284788529,TRUE,TRUE,TRUE,"map_full"
"imputed_dhsmics_age_4","12-23",22.5,0.0433545303387401,0.00429397264275052,0.0349383439589491,0.0517707167185311,0.0164865959077473,1.72053231100745,64.95735887855,94.7588284788529,TRUE,TRUE,TRUE,"map_full"
"imputed_dhsmics_age_4","12-23",23,0.0510250563078813,0.00517706752782538,0.0408780039533436,0.0611721086624191,0.0164865959077473,1.72053231100745,64.95735887855,94.7588284788529,TRUE,TRUE,TRUE,"map_full"
"imputed_dhsmics_age_4","12-23",23.5,0.0583788529306636,0.00607085073681133,0.0464799854865134,0.0702777203748138,0.0164865959077473,1.72053231100745,64.95735887855,94.7588284788529,TRUE,TRUE,TRUE,"map_full"
"imputed_dhsmics_age_4","12-23",24,0.0654230905013053,0.00697540174984914,0.051751303071601,0.0790948779310097,0.0164865959077473,1.72053231100745,64.95735887855,94.7588284788529,TRUE,TRUE,TRUE,"map_full"
"imputed_dhsmics_age_4","12-23",24.5,0.0721649393140252,0.00789036530019934,0.0566998233256346,0.0876300553024159,0.0164865959077473,1.72053231100745,64.95735887855,94.7588284788529,TRUE,TRUE,TRUE,"map_full"
"imputed_dhsmics_age_4","12-23",25,0.0786115696630418,0.00881499605860487,0.0613341773881762,0.0958889619379073,0.0164865959077473,1.72053231100745,64.95735887855,94.7588284788529,TRUE,TRUE,TRUE,"map_full"
"imputed_dhsmics_age_4","12-23",25.5,0.0847701518425734,0.00974820155262351,0.0656636767994314,0.103876626885716,0.0164865959077473,1.72053231100745,64.95735887855,94.7588284788529,TRUE,TRUE,TRUE,"map_full"
"imputed_dhsmics_age_4","12-23",26,0.0906478561468388,0.0106885826721143,0.0696982341094947,0.111597478184183,0.0164865959077473,1.72053231100745,64.95735887855,94.7588284788529,TRUE,TRUE,TRUE,"map_full"
"imputed_dhsmics_age_4","12-23",26.5,0.0962518528700564,0.0116344713913151,0.0734482889430787,0.119055416797034,0.0164865959077473,1.72053231100745,64.95735887855,94.7588284788529,TRUE,TRUE,TRUE,"map_full"
"imputed_dhsmics_age_4","12-23",27,0.101589312306445,0.0125839655566916,0.0769247398153293,0.12625388479756,0.0164865959077473,1.72053231100745,64.95735887855,94.7588284788529,TRUE,TRUE,TRUE,"map_full"
"imputed_dhsmics_age_4","12-23",27.5,0.106667404750223,0.0135349607535125,0.080138881673338,0.133195927827107,0.0164865959077473,1.72053231100745,64.95735887855,94.7588284788529,TRUE,TRUE,TRUE,"map_full"
"imputed_dhsmics_age_4","12-23",28,0.111493300495608,0.01448517938124,0.0831023489083778,0.139884252082839,0.0164865959077473,1.72053231100745,64.95735887855,94.7588284788529,TRUE,TRUE,TRUE,"map_full"
"imputed_dhsmics_age_4","12-23",28.5,0.11607416983682,0.015432197147491,0.085827063427738,0.146321276245903,0.0164865959077473,1.72053231100745,64.95735887855,94.7588284788529,TRUE,TRUE,TRUE,"map_full"
"imputed_dhsmics_age_4","12-23",29,0.120417183068077,0.0163734672413626,0.0883251872750066,0.152509178861148,0.0164865959077473,1.72053231100745,64.95735887855,94.7588284788529,TRUE,TRUE,TRUE,"map_full"
"imputed_dhsmics_age_4","12-23",29.5,0.124529510483598,0.0173063424771592,0.0906090792283657,0.15844994173883,0.0164865959077473,1.72053231100745,64.95735887855,94.7588284788529,TRUE,TRUE,TRUE,"map_full"
"imputed_dhsmics_age_4","12-23",30,0.1284183223776,0.0182280957156256,0.0926912547749742,0.164145389980227,0.0164865959077473,1.72053231100745,64.95735887855,94.7588284788529,TRUE,TRUE,TRUE,"map_full"
"imputed_dhsmics_age_4","12-23",30.5,0.132090789044304,0.0191359388770657,0.0945843488452549,0.169597229243352,0.0164865959077473,1.72053231100745,64.95735887855,94.7588284788529,TRUE,TRUE,TRUE,"map_full"
"imputed_dhsmics_age_4","12-23",31,0.135554080777926,0.0200270408634791,0.0963010806855069,0.174807080870345,0.0164865959077473,1.72053231100745,64.95735887855,94.7588284788529,TRUE,TRUE,TRUE,"map_full"
"imputed_dhsmics_age_4","12-23",31.5,0.138815367872686,0.0208985447084592,0.0978542202441058,0.179776515501266,0.0164865959077473,1.72053231100745,64.95735887855,94.7588284788529,TRUE,TRUE,TRUE,"map_full"
"imputed_dhsmics_age_4","12-23",32,0.141881820622802,0.0217475842767299,0.0992565554404115,0.184507085805193,0.0164865959077473,1.72053231100745,64.95735887855,94.7588284788529,TRUE,TRUE,TRUE,"map_full"
"imputed_dhsmics_age_4","12-23",32.5,0.144760609322493,0.0225713008420409,0.100520859672093,0.189000358972893,0.0164865959077473,1.72053231100745,64.95735887855,94.7588284788529,TRUE,TRUE,TRUE,"map_full"
"imputed_dhsmics_age_4","12-23",33,0.147458904265977,0.0233668598845493,0.10165985889226,0.193257949639694,0.0164865959077473,1.72053231100745,64.95735887855,94.7588284788529,TRUE,TRUE,TRUE,"map_full"
"imputed_dhsmics_age_4","12-23",33.5,0.149983875747473,0.0241314684684953,0.102686197549222,0.197281553945724,0.0164865959077473,1.72053231100745,64.95735887855,94.7588284788529,TRUE,TRUE,TRUE,"map_full"
"imputed_dhsmics_age_4","12-23",34,0.1523426940612,0.0248623935896296,0.103612402625526,0.201072985496874,0.0164865959077473,1.72053231100745,64.95735887855,94.7588284788529,TRUE,TRUE,TRUE,"map_full"
"imputed_dhsmics_age_4","12-23",34.5,0.154542529501375,0.0255569819212369,0.104450844935751,0.204634214066999,0.0164865959077473,1.72053231100745,64.95735887855,94.7588284788529,TRUE,TRUE,TRUE,"map_full"
"imputed_dhsmics_age_4","12-23",35,0.156590552362218,0.0262126814397067,0.105213696740393,0.207967407984043,0.0164865959077473,1.72053231100745,64.95735887855,94.7588284788529,TRUE,TRUE,TRUE,"map_full"
"imputed_dhsmics_age_4","12-23",35.5,0.158493932937947,0.0268270654776417,0.105912884601769,0.211074981274124,0.0164865959077473,1.72053231100745,64.95735887855,94.7588284788529,TRUE,TRUE,TRUE,"map_full"
"imputed_dhsmics_age_4","12-23",36,0.16025984152278,0.0273978598369813,0.106560036242297,0.213959646803263,0.0164865959077473,1.72053231100745,64.95735887855,94.7588284788529,TRUE,TRUE,TRUE,"map_full"
"imputed_dhsmics_age_4","12-23",36.5,0.161895448410937,0.0279229736993215,0.107166419960266,0.216624476861607,0.0164865959077473,1.72053231100745,64.95735887855,94.7588284788529,TRUE,TRUE,TRUE,"map_full"
"imputed_dhsmics_age_4","12-23",37,0.163407923896635,0.0284005351984537,0.107742874907666,0.219072972885604,0.0164865959077473,1.72053231100745,64.95735887855,94.7588284788529,TRUE,TRUE,TRUE,"map_full"
"imputed_dhsmics_age_4","12-23",37.5,0.164804420462381,0.0288289638686436,0.10829965127984,0.221309189644923,0.0164865959077473,1.72053231100745,64.95735887855,94.7588284788529,TRUE,TRUE,TRUE,"map_full"
"imputed_dhsmics_age_4","12-23",38,0.166090997112215,0.0292088752055147,0.108841601709406,0.223340392515024,0.0164865959077473,1.72053231100745,64.95735887855,94.7588284788529,TRUE,TRUE,TRUE,"map_full"
"imputed_dhsmics_age_4","12-23",38.5,0.167272003556881,0.0295440385772594,0.109365687945453,0.22517831916831,0.0164865959077473,1.72053231100745,64.95735887855,94.7588284788529,TRUE,TRUE,TRUE,"map_full"
"imputed_dhsmics_age_4","12-23",39,0.168351640774938,0.0298385447297378,0.109868093104652,0.226835188445224,0.0164865959077473,1.72053231100745,64.95735887855,94.7588284788529,TRUE,TRUE,TRUE,"map_full"
"imputed_dhsmics_age_4","12-23",39.5,0.169334109744945,0.0300965178791551,0.110344934701801,0.228323284788089,0.0164865959077473,1.72053231100745,64.95735887855,94.7588284788529,TRUE,TRUE,TRUE,"map_full"
"imputed_dhsmics_age_4","12-23",40,0.17022361144546,0.030322092119908,0.110792310890441,0.22965491200048,0.0164865959077473,1.72053231100745,64.95735887855,94.7588284788529,TRUE,TRUE,TRUE,"map_full"
"imputed_dhsmics_age_4","12-23",40.5,0.171024346855044,0.0305193878132914,0.111206346740993,0.230842346969095,0.0164865959077473,1.72053231100745,64.95735887855,94.7588284788529,TRUE,TRUE,TRUE,"map_full"
"imputed_dhsmics_age_4","12-23",41,0.171740516952255,0.0306924874104765,0.111583241627721,0.231897792276789,0.0164865959077473,1.72053231100745,64.95735887855,94.7588284788529,TRUE,TRUE,TRUE,"map_full"
"imputed_dhsmics_age_4","12-23",41.5,0.172376322715653,0.0308454103605556,0.111919318408963,0.232833327022342,0.0164865959077473,1.72053231100745,64.95735887855,94.7588284788529,TRUE,TRUE,TRUE,"map_full"
"imputed_dhsmics_age_4","12-23",42,0.172935965123795,0.0309820869314398,0.112211074738173,0.233660855509417,0.0164865959077473,1.72053231100745,64.95735887855,94.7588284788529,TRUE,TRUE,TRUE,"map_full"
"imputed_dhsmics_age_4","12-23",42.5,0.173423645155242,0.0311063309381419,0.112455236516484,0.234392053794,0.0164865959077473,1.72053231100745,64.95735887855,94.7588284788529,TRUE,TRUE,TRUE,"map_full"
"imputed_dhsmics_age_4","12-23",43,0.173843563788552,0.0312218115342535,0.112648813181416,0.235038314395689,0.0164865959077473,1.72053231100745,64.95735887855,94.7588284788529,TRUE,TRUE,TRUE,"map_full"
"imputed_dhsmics_age_4","12-23",43.5,0.174199922002285,0.0313320243786211,0.112789154220188,0.235610689784383,0.0164865959077473,1.72053231100745,64.95735887855,94.7588284788529,TRUE,TRUE,TRUE,"map_full"
"imputed_dhsmics_age_4","12-23",44,0.174496920775,0.0314402626371032,0.112874006006278,0.236119835543722,0.0164865959077473,1.72053231100745,64.95735887855,94.7588284788529,TRUE,TRUE,TRUE,"map_full"
"imputed_dhsmics_age_4","12-23",44.5,0.174738761085255,0.0315495884126682,0.112901567796425,0.236575954374085,0.0164865959077473,1.72053231100745,64.95735887855,94.7588284788529,TRUE,TRUE,TRUE,"map_full"
"imputed_dhsmics_age_4","12-23",45,0.17492964391161,0.0316628053078109,0.112870545508301,0.23698874231492,0.0164865959077473,1.72053231100745,64.95735887855,94.7588284788529,TRUE,TRUE,TRUE,"map_full"
"imputed_dhsmics_age_4","12-23",45.5,0.175073770232624,0.0317824329022435,0.112780201744227,0.237367338721021,0.0164865959077473,1.72053231100745,64.95735887855,94.7588284788529,TRUE,TRUE,TRUE,"map_full"
"imputed_dhsmics_age_4","12-23",46,0.175175341026855,0.0319106839674566,0.11263040045064,0.23772028160307,0.0164865959077473,1.72053231100745,64.95735887855,94.7588284788529,TRUE,TRUE,TRUE,"map_full"
"imputed_dhsmics_age_4","12-23",46.5,0.175238557272864,0.0320494452313424,0.112421644619433,0.238055469926295,0.0164865959077473,1.72053231100745,64.95735887855,94.7588284788529,TRUE,TRUE,TRUE,"map_full"
"imputed_dhsmics_age_4","12-23",47,0.175267619949209,0.0322002624472213,0.112155105552655,0.238380134345762,0.0164865959077473,1.72053231100745,64.95735887855,94.7588284788529,TRUE,TRUE,TRUE,"map_full"
"imputed_dhsmics_age_4","12-23",47.5,0.175266730034448,0.0323643304132351,0.111832642424508,0.238700817644389,0.0164865959077473,1.72053231100745,64.95735887855,94.7588284788529,TRUE,TRUE,TRUE,"map_full"
"imputed_dhsmics_age_4","12-23",48,0.175240088507142,0.0325424884359252,0.111456811172729,0.239023365841556,0.0164865959077473,1.72053231100745,64.95735887855,94.7588284788529,TRUE,TRUE,TRUE,"map_full"
"imputed_dhsmics_age_4","12-23",48.5,0.17519189634585,0.0327352215463247,0.111030862115053,0.239352930576646,0.0164865959077473,1.72053231100745,64.95735887855,94.7588284788529,TRUE,TRUE,TRUE,"map_full"
"imputed_dhsmics_age_4","12-23",49,0.175126354529129,0.0329426675721898,0.110558726087637,0.239693982970621,0.0164865959077473,1.72053231100745,64.95735887855,94.7588284788529,TRUE,TRUE,TRUE,"map_full"
"imputed_dhsmics_age_4","12-23",49.5,0.17504766403554,0.033164629962394,0.110044989309248,0.240050338761832,0.0164865959077473,1.72053231100745,64.95735887855,94.7588284788529,TRUE,TRUE,TRUE,"map_full"
"imputed_dhsmics_age_4","12-23",50,0.174960025843641,0.0334005960656028,0.10949485755506,0.240425194132223,0.0164865959077473,1.72053231100745,64.95735887855,94.7588284788529,TRUE,TRUE,TRUE,"map_full"
"imputed_dhsmics_age_4","12-23",50.5,0.174867640931992,0.0336497604000211,0.108914110547951,0.240821171316034,0.0164865959077473,1.72053231100745,64.95735887855,94.7588284788529,TRUE,TRUE,TRUE,"map_full"
"imputed_dhsmics_age_4","12-23",51,0.174774710279152,0.033911052325829,0.108309047720527,0.241240372837776,0.0164865959077473,1.72053231100745,64.95735887855,94.7588284788529,TRUE,TRUE,TRUE,"map_full"
"imputed_dhsmics_age_4","12-23",51.5,0.174685434863679,0.0341831674539996,0.10768642665384,0.241684443073518,0.0164865959077473,1.72053231100745,64.95735887855,94.7588284788529,TRUE,TRUE,TRUE,"map_full"
"imputed_dhsmics_age_4","12-23",52,0.174604015664133,0.0344646020968128,0.10705339555438,0.242154635773886,0.0164865959077473,1.72053231100745,64.95735887855,94.7588284788529,TRUE,TRUE,TRUE,"map_full"
"imputed_dhsmics_age_4","12-23",52.5,0.174534653659072,0.034753690084256,0.106417421093931,0.242651886224214,0.0164865959077473,1.72053231100745,64.95735887855,94.7588284788529,TRUE,TRUE,TRUE,"map_full"
"imputed_dhsmics_age_4","12-23",53,0.174481549827057,0.0350486413306642,0.105786212818955,0.243176886835159,0.0164865959077473,1.72053231100745,64.95735887855,94.7588284788529,TRUE,TRUE,TRUE,"map_full"
"imputed_dhsmics_age_4","12-23",53.5,0.174448905146646,0.0353475816288781,0.105167645154045,0.243730165139247,0.0164865959077473,1.72053231100745,64.95735887855,94.7588284788529,TRUE,TRUE,TRUE,"map_full"
"imputed_dhsmics_age_4","12-23",54,0.174440920596397,0.0356485932650987,0.104569677796804,0.244312163395991,0.0164865959077473,1.72053231100745,64.95735887855,94.7588284788529,TRUE,TRUE,TRUE,"map_full"
"imputed_dhsmics_age_4","12-23",54.5,0.174461797154871,0.0359497561766026,0.10400027504873,0.244923319261012,0.0164865959077473,1.72053231100745,64.95735887855,94.7588284788529,TRUE,TRUE,TRUE,"map_full"
"imputed_dhsmics_age_4","12-23",55,0.174515735800626,0.0362491895074008,0.10346732436612,0.245564147235131,0.0164865959077473,1.72053231100745,64.95735887855,94.7588284788529,TRUE,TRUE,TRUE,"map_full"
"imputed_dhsmics_age_4","12-23",55.5,0.174606937512221,0.0365450935459523,0.102978554162155,0.246235320862288,0.0164865959077473,1.72053231100745,64.95735887855,94.7588284788529,TRUE,TRUE,TRUE,"map_full"
"imputed_dhsmics_age_4","12-23",56,0.174739603268215,0.0368357921478262,0.102541450658476,0.246937755877955,0.0164865959077473,1.72053231100745,64.95735887855,94.7588284788529,TRUE,TRUE,TRUE,"map_full"
"imputed_dhsmics_age_4","12-23",56.5,0.174917934047169,0.0371197758497774,0.102163173381605,0.247672694712732,0.0164865959077473,1.72053231100745,64.95735887855,94.7588284788529,TRUE,TRUE,TRUE,"map_full"
"imputed_dhsmics_age_4","12-23",57,0.175145395730435,0.0373959266111281,0.101849379572624,0.248441411888246,0.0164865959077473,1.72053231100745,64.95735887855,94.7588284788529,TRUE,TRUE,TRUE,"map_full"
"imputed_dhsmics_age_4","12-23",57.5,0.175422222486838,0.0376641972086732,0.101600395957838,0.249244049015837,0.0164865959077473,1.72053231100745,64.95735887855,94.7588284788529,TRUE,TRUE,TRUE,"map_full"
"imputed_dhsmics_age_4","12-23",58,0.175747760652113,0.0379250875845138,0.101414588986466,0.250080932317761,0.0164865959077473,1.72053231100745,64.95735887855,94.7588284788529,TRUE,TRUE,TRUE,"map_full"
"imputed_dhsmics_age_4","12-23",58.5,0.176121356536776,0.0381794107126801,0.101289711539923,0.250953001533629,0.0164865959077473,1.72053231100745,64.95735887855,94.7588284788529,TRUE,TRUE,TRUE,"map_full"
"imputed_dhsmics_age_4","12-23",59,0.176542356451339,0.0384282686531606,0.101222949891144,0.251861763011534,0.0164865959077473,1.72053231100745,64.95735887855,94.7588284788529,TRUE,TRUE,TRUE,"map_full"
"imputed_dhsmics_age_4","12-23",59.5,0.177010106706318,0.0386730302547233,0.10121096740706,0.252809246005575,0.0164865959077473,1.72053231100745,64.95735887855,94.7588284788529,TRUE,TRUE,TRUE,"map_full"
"imputed_dhsmics_age_4","12-23",60,0.177523953612225,0.038915310081242,0.10124994585299,0.253797961371459,0.0164865959077473,1.72053231100745,64.95735887855,94.7588284788529,TRUE,TRUE,TRUE,"map_full"
"imputed_dhsmics_age_4","12-23",60.5,0.178083243479575,0.0391569481428015,0.101335625119684,0.254830861839465,0.0164865959077473,1.72053231100745,64.95735887855,94.7588284788529,TRUE,TRUE,TRUE,"map_full"
"imputed_dhsmics_age_4","12-23",61,0.178687322618882,0.0393999900261027,0.10146334216772,0.255911303070043,0.0164865959077473,1.72053231100745,64.95735887855,94.7588284788529,TRUE,TRUE,TRUE,"map_full"
"imputed_dhsmics_age_4","12-23",61.5,0.17933553734066,0.0396466670433507,0.101628069935692,0.257043004745627,0.0164865959077473,1.72053231100745,64.95735887855,94.7588284788529,TRUE,TRUE,TRUE,"map_full"
"imputed_dhsmics_age_4","12-23",62,0.180027233955423,0.0398993760544568,0.101824456888687,0.258230011022158,0.0164865959077473,1.72053231100745,64.95735887855,94.7588284788529,TRUE,TRUE,TRUE,"map_full"
"imputed_dhsmics_age_4","12-23",62.5,0.180761758773685,0.0401606586641611,0.102046867791929,0.25947664975544,0.0164865959077473,1.72053231100745,64.95735887855,94.7588284788529,TRUE,TRUE,TRUE,"map_full"
"imputed_dhsmics_age_4","12-23",63,0.181538458105959,0.0404331795538504,0.102289426180413,0.260787490031506,0.0164865959077473,1.72053231100745,64.95735887855,94.7588284788529,TRUE,TRUE,TRUE,"map_full"
"imputed_dhsmics_age_4","12-23",63.5,0.182356678262761,0.040719703777477,0.102546058858907,0.262167297666616,0.0164865959077473,1.72053231100745,64.95735887855,94.7588284788529,TRUE,TRUE,TRUE,"map_full"
"imputed_dhsmics_age_4","12-23",64,0.183215765554605,0.041023072931561,0.102810542608745,0.263620988500464,0.0164865959077473,1.72053231100745,64.95735887855,94.7588284788529,TRUE,TRUE,TRUE,"map_full"
"imputed_dhsmics_age_4","12-23",64.5,0.184115066292003,0.0413461801994108,0.103076553101158,0.265153579482848,0.0164865959077473,1.72053231100745,64.95735887855,94.7588284788529,TRUE,TRUE,TRUE,"map_full"
"imputed_dhsmics_age_4","12-23",64.95735887855,0.184972331917829,0.0416615003538409,0.103315791224301,0.266628872611357,0.0164865959077473,1.72053231100745,64.95735887855,94.7588284788529,TRUE,TRUE,TRUE,"map_full"
"imputed_dhsmics_age_4","12-23",65,0.18505392678547,0.0416919443669169,0.103337715826313,0.266770137744627,0.0164865959077473,1.72053231100745,64.95735887855,94.7588284788529,TRUE,FALSE,TRUE,"map_full"
"imputed_dhsmics_age_4","12-23",65.5,0.186031693345521,0.0420632830078717,0.103587658650092,0.268475728040949,0.0164865959077473,1.72053231100745,64.95735887855,94.7588284788529,TRUE,FALSE,TRUE,"map_full"
"imputed_dhsmics_age_4","12-23",66,0.187047712282668,0.0424630851358228,0.103820065416456,0.270275359148881,0.0164865959077473,1.72053231100745,64.95735887855,94.7588284788529,TRUE,FALSE,TRUE,"map_full"
"imputed_dhsmics_age_4","12-23",66.5,0.188101329907427,0.0428941837111255,0.104028729833621,0.272173929981233,0.0164865959077473,1.72053231100745,64.95735887855,94.7588284788529,TRUE,FALSE,TRUE,"map_full"
"imputed_dhsmics_age_4","12-23",67,0.189191892530312,0.0433593284696915,0.104207608729716,0.274176176330907,0.0164865959077473,1.72053231100745,64.95735887855,94.7588284788529,TRUE,FALSE,TRUE,"map_full"
"imputed_dhsmics_age_4","12-23",67.5,0.190318746461835,0.0438611595975492,0.104350873650639,0.276286619273031,0.0164865959077473,1.72053231100745,64.95735887855,94.7588284788529,TRUE,FALSE,TRUE,"map_full"
"imputed_dhsmics_age_4","12-23",68,0.191481238012512,0.0444021828070979,0.1044529597106,0.278509516314424,0.0164865959077473,1.72053231100745,64.95735887855,94.7588284788529,TRUE,FALSE,TRUE,"map_full"
"imputed_dhsmics_age_4","12-23",68.5,0.192678713492855,0.0449847463726822,0.104508610602398,0.280848816383312,0.0164865959077473,1.72053231100745,64.95735887855,94.7588284788529,TRUE,FALSE,TRUE,"map_full"
"imputed_dhsmics_age_4","12-23",69,0.193910519213381,0.0456110206528064,0.10451291873388,0.283308119692881,0.0164865959077473,1.72053231100745,64.95735887855,94.7588284788529,TRUE,FALSE,TRUE,"map_full"
"imputed_dhsmics_age_4","12-23",69.5,0.195176001484602,0.0462829805645022,0.104461359578177,0.285890643391026,0.0164865959077473,1.72053231100745,64.95735887855,94.7588284788529,TRUE,FALSE,TRUE,"map_full"
"imputed_dhsmics_age_4","12-23",70,0.196474506617032,0.0470023913853346,0.104349819501776,0.288599193732287,0.0164865959077473,1.72053231100745,64.95735887855,94.7588284788529,TRUE,FALSE,TRUE,"map_full"
"imputed_dhsmics_age_4","12-23",70.5,0.197805380921185,0.0477707981461119,0.104174616554806,0.291436145287564,0.0164865959077473,1.72053231100745,64.95735887855,94.7588284788529,TRUE,FALSE,TRUE,"map_full"
"imputed_dhsmics_age_4","12-23",71,0.199167970707576,0.0485895187503674,0.103932513956856,0.294403427458296,0.0164865959077473,1.72053231100745,64.95735887855,94.7588284788529,TRUE,FALSE,TRUE,"map_full"
"imputed_dhsmics_age_4","12-23",71.5,0.200561622286718,0.0494596408241076,0.103620726271467,0.297502518301969,0.0164865959077473,1.72053231100745,64.95735887855,94.7588284788529,TRUE,FALSE,TRUE,"map_full"
"imputed_dhsmics_age_4","12-23",72,0.201985681969126,0.0503820221704006,0.103236918515141,0.300734445423111,0.0164865959077473,1.72053231100745,64.95735887855,94.7588284788529,TRUE,FALSE,TRUE,"map_full"
"imputed_dhsmics_age_4","12-23",72.5,0.203439496065313,0.0513572945865864,0.102779198675604,0.304099793455023,0.0164865959077473,1.72053231100745,64.95735887855,94.7588284788529,TRUE,FALSE,TRUE,"map_full"
"imputed_dhsmics_age_4","12-23",73,0.204922410885794,0.0523858707041421,0.102246104305676,0.307598717465913,0.0164865959077473,1.72053231100745,64.95735887855,94.7588284788529,TRUE,FALSE,TRUE,"map_full"
"imputed_dhsmics_age_4","12-23",73.5,0.206433772741083,0.0534679534373046,0.101636584003966,0.3112309614782,0.0164865959077473,1.72053231100745,64.95735887855,94.7588284788529,TRUE,FALSE,TRUE,"map_full"
"imputed_dhsmics_age_4","12-23",74,0.207972927941693,0.0546035475788155,0.100949974687214,0.314995881196171,0.0164865959077473,1.72053231100745,64.95735887855,94.7588284788529,TRUE,FALSE,TRUE,"map_full"
"imputed_dhsmics_age_4","12-23",74.5,0.209539222798138,0.055792473059643,0.100185975601238,0.318892469995039,0.0164865959077473,1.72053231100745,64.95735887855,94.7588284788529,TRUE,FALSE,TRUE,"map_full"
"imputed_dhsmics_age_4","12-23",75,0.211132003620933,0.0570343793922539,0.0993446200121156,0.322919387229751,0.0164865959077473,1.72053231100745,64.95735887855,94.7588284788529,TRUE,FALSE,TRUE,"map_full"
"imputed_dhsmics_age_4","12-23",75.5,0.212750616720592,0.0583287608404364,0.0984262454733366,0.327074987967848,0.0164865959077473,1.72053231100745,64.95735887855,94.7588284788529,TRUE,FALSE,TRUE,"map_full"
"imputed_dhsmics_age_4","12-23",76,0.214394408407629,0.0596749718983251,0.0974314634869114,0.331357353328346,0.0164865959077473,1.72053231100745,64.95735887855,94.7588284788529,TRUE,FALSE,TRUE,"map_full"
"imputed_dhsmics_age_4","12-23",76.5,0.216062724992557,0.0610722427122958,0.096361129276457,0.335764320708657,0.0164865959077473,1.72053231100745,64.95735887855,94.7588284788529,TRUE,FALSE,TRUE,"map_full"
"imputed_dhsmics_age_4","12-23",77,0.217754912785891,0.0625196941370371,0.0952163122772979,0.340293513294484,0.0164865959077473,1.72053231100745,64.95735887855,94.7588284788529,TRUE,FALSE,TRUE,"map_full"
"imputed_dhsmics_age_4","12-23",77.5,0.219470318098144,0.0640163521771015,0.0939982678310254,0.344942368365263,0.0164865959077473,1.72053231100745,64.95735887855,94.7588284788529,TRUE,FALSE,TRUE,"map_full"
"imputed_dhsmics_age_4","12-23",78,0.221208287239832,0.0655611616240647,0.0927084104566649,0.349708164022999,0.0164865959077473,1.72053231100745,64.95735887855,94.7588284788529,TRUE,FALSE,TRUE,"map_full"
"imputed_dhsmics_age_4","12-23",78.5,0.222968166521467,0.0671529987543901,0.0913482889628624,0.354588044080072,0.0164865959077473,1.72053231100745,64.95735887855,94.7588284788529,TRUE,FALSE,TRUE,"map_full"
"imputed_dhsmics_age_4","12-23",79,0.224749302253564,0.0687906830023448,0.0899195635689683,0.35957904093816,0.0164865959077473,1.72053231100745,64.95735887855,94.7588284788529,TRUE,FALSE,TRUE,"map_full"
"imputed_dhsmics_age_4","12-23",79.5,0.226551040746637,0.0704729875647906,0.0884239851196472,0.364678096373626,0.0164865959077473,1.72053231100745,64.95735887855,94.7588284788529,TRUE,FALSE,TRUE,"map_full"
"imputed_dhsmics_age_4","12-23",80,0.2283727283112,0.0721986489299323,0.0868633764085321,0.369882080213867,0.0164865959077473,1.72053231100745,64.95735887855,94.7588284788529,TRUE,FALSE,TRUE,"map_full"
"imputed_dhsmics_age_4","12-23",80.5,0.230213711257766,0.0739663753502483,0.0852396155712795,0.375187806944253,0.0164865959077473,1.72053231100745,64.95735887855,94.7588284788529,TRUE,FALSE,TRUE,"map_full"
"imputed_dhsmics_age_4","12-23",81,0.232073335896851,0.0757748543013009,0.0835546214663009,0.3805920503274,0.0164865959077473,1.72053231100745,64.95735887855,94.7588284788529,TRUE,FALSE,TRUE,"map_full"
"imputed_dhsmics_age_4","12-23",81.5,0.233950948538967,0.0776227589836135,0.0818103409310846,0.38609155614685,0.0164865959077473,1.72053231100745,64.95735887855,94.7588284788529,TRUE,FALSE,TRUE,"map_full"
"imputed_dhsmics_age_4","12-23",82,0.23584589549463,0.0795087539351264,0.0800087377817818,0.391683053207477,0.0164865959077473,1.72053231100745,64.95735887855,94.7588284788529,TRUE,FALSE,TRUE,"map_full"
"imputed_dhsmics_age_4","12-23",82.5,0.237757523074352,0.0814314998277556,0.0781517834119509,0.397363262736753,0.0164865959077473,1.72053231100745,64.95735887855,94.7588284788529,TRUE,FALSE,TRUE,"map_full"
"imputed_dhsmics_age_4","12-23",83,0.239685177588648,0.0833896575241175,0.0762414488413781,0.403128906335919,0.0164865959077473,1.72053231100745,64.95735887855,94.7588284788529,TRUE,FALSE,TRUE,"map_full"
"imputed_dhsmics_age_4","12-23",83.5,0.241628205348033,0.0853818914703065,0.0742796980662321,0.408976712629833,0.0164865959077473,1.72053231100745,64.95735887855,94.7588284788529,TRUE,FALSE,TRUE,"map_full"
"imputed_dhsmics_age_4","12-23",84,0.243585952663019,0.0874068724984207,0.0722684825661148,0.414903422759924,0.0164865959077473,1.72053231100745,64.95735887855,94.7588284788529,TRUE,FALSE,TRUE,"map_full"
"imputed_dhsmics_age_4","12-23",84.5,0.245557765844122,0.089463280108891,0.0702097368306957,0.420905794857548,0.0164865959077473,1.72053231100745,64.95735887855,94.7588284788529,TRUE,FALSE,TRUE,"map_full"
"imputed_dhsmics_age_4","12-23",85,0.247542991201855,0.0915498042980761,0.0681053747776255,0.426980607626084,0.0164865959077473,1.72053231100745,64.95735887855,94.7588284788529,TRUE,FALSE,TRUE,"map_full"
"imputed_dhsmics_age_4","12-23",85.5,0.249540975046731,0.0936651469914274,0.0659572869435338,0.433124663149929,0.0164865959077473,1.72053231100745,64.95735887855,94.7588284788529,TRUE,FALSE,TRUE,"map_full"
"imputed_dhsmics_age_4","12-23",86,0.251551063689266,0.095808023137104,0.0637673383405427,0.43933478903799,0.0164865959077473,1.72053231100745,64.95735887855,94.7588284788529,TRUE,FALSE,TRUE,"map_full"
"imputed_dhsmics_age_4","12-23",86.5,0.253572603439974,0.0979771615094666,0.0615373668814192,0.445607839998528,0.0164865959077473,1.72053231100745,64.95735887855,94.7588284788529,TRUE,FALSE,TRUE,"map_full"
"imputed_dhsmics_age_4","12-23",87,0.255604940609367,0.100171305266563,0.0592691822869025,0.451940698931831,0.0164865959077473,1.72053231100745,64.95735887855,94.7588284788529,TRUE,FALSE,TRUE,"map_full"
"imputed_dhsmics_age_4","12-23",87.5,0.257647421507961,0.102389212300656,0.056964565398674,0.458330277617247,0.0164865959077473,1.72053231100745,64.95735887855,94.7588284788529,TRUE,FALSE,TRUE,"map_full"
"imputed_dhsmics_age_4","12-23",88,0.259699392446268,0.104629655416103,0.0546252678307067,0.46477351706183,0.0164865959077473,1.72053231100745,64.95735887855,94.7588284788529,TRUE,FALSE,TRUE,"map_full"
"imputed_dhsmics_age_4","12-23",88.5,0.261760199734805,0.10689142236455,0.0522530119002864,0.471267387569323,0.0164865959077473,1.72053231100745,64.95735887855,94.7588284788529,TRUE,FALSE,TRUE,"map_full"
"imputed_dhsmics_age_4","12-23",89,0.263829189684083,0.109173315763424,0.0498494907877714,0.477808888580395,0.0164865959077473,1.72053231100745,64.95735887855,94.7588284788529,TRUE,FALSE,TRUE,"map_full"
"imputed_dhsmics_age_4","12-23",89.5,0.265905708604618,0.111474152920131,0.0474163688811619,0.484395048328074,0.0164865959077473,1.72053231100745,64.95735887855,94.7588284788529,TRUE,FALSE,TRUE,"map_full"
"imputed_dhsmics_age_4","12-23",90,0.267989102806923,0.11379276558118,0.0449552822678094,0.491022923346036,0.0164865959077473,1.72053231100745,64.95735887855,94.7588284788529,TRUE,FALSE,TRUE,"map_full"
"imputed_dhsmics_age_4","12-23",90.5,0.270078718601512,0.116127999622643,0.0424678393411318,0.497689597861893,0.0164865959077473,1.72053231100745,64.95735887855,94.7588284788529,TRUE,FALSE,TRUE,"map_full"
"imputed_dhsmics_age_4","12-23",91,0.2721739022989,0.118478714695827,0.0399556214950786,0.504392183102722,0.0164865959077473,1.72053231100745,64.95735887855,94.7588284788529,TRUE,FALSE,TRUE,"map_full"
"imputed_dhsmics_age_4","12-23",91.5,0.274274000209601,0.120843783839922,0.0374201838833536,0.511127816535848,0.0164865959077473,1.72053231100745,64.95735887855,94.7588284788529,TRUE,FALSE,TRUE,"map_full"
"imputed_dhsmics_age_4","12-23",92,0.276378358644127,0.123222093071437,0.0348630562241101,0.517893661064145,0.0164865959077473,1.72053231100745,64.95735887855,94.7588284788529,TRUE,FALSE,TRUE,"map_full"
"imputed_dhsmics_age_4","12-23",92.5,0.278486323912995,0.125612540958647,0.0322857436340463,0.524686904191943,0.0164865959077473,1.72053231100745,64.95735887855,94.7588284788529,TRUE,FALSE,TRUE,"map_full"
"imputed_dhsmics_age_4","12-23",93,0.280597242326716,0.128014038187819,0.0296897274785916,0.531504757174841,0.0164865959077473,1.72053231100745,64.95735887855,94.7588284788529,TRUE,FALSE,TRUE,"map_full"
"imputed_dhsmics_age_4","12-23",93.5,0.282710460195807,0.130425507126816,0.0270764662272465,0.538344454164367,0.0164865959077473,1.72053231100745,64.95735887855,94.7588284788529,TRUE,FALSE,TRUE,"map_full"
"imputed_dhsmics_age_4","12-23",94,0.284825323830779,0.13284588139062,0.0244473963051641,0.545203251356395,0.0164865959077473,1.72053231100745,64.95735887855,94.7588284788529,TRUE,FALSE,TRUE,"map_full"
"imputed_dhsmics_age_4","12-23",94.5,0.286941179542149,0.135274105412431,0.0218039329337836,0.552078426150514,0.0164865959077473,1.72053231100745,64.95735887855,94.7588284788529,TRUE,FALSE,TRUE,"map_full"
"imputed_dhsmics_age_4","12-23",94.7588284788529,0.288036641180332,0.136533831009932,0.0204303324008658,0.555642949959798,0.0164865959077473,1.72053231100745,64.95735887855,94.7588284788529,TRUE,FALSE,TRUE,"map_full"
"imputed_dhsmics_age_4","12-23",95,0.289057385866539,0.13770914713855,0.0191474574749802,0.558967314258098,0.0164865959077473,1.72053231100745,64.95735887855,94.7588284788529,FALSE,FALSE,TRUE,"map_full"
"imputed_dhsmics_age_4","12-23",95.5,0.291173607303781,0.140150314442523,0.0164789909964355,0.565868223611126,0.0164865959077473,1.72053231100745,64.95735887855,94.7588284788529,FALSE,FALSE,TRUE,"map_full"
"imputed_dhsmics_age_4","12-23",96,0.293289828741022,0.142597277421208,0.0137991649954555,0.572780492486589,0.0164865959077473,1.72053231100745,64.95735887855,94.7588284788529,FALSE,FALSE,TRUE,"map_full"
"imputed_dhsmics_age_4","12-23",96.5,0.295406050178264,0.145049742758941,0.0111085543707387,0.579703545985789,0.0164865959077473,1.72053231100745,64.95735887855,94.7588284788529,FALSE,FALSE,TRUE,"map_full"
"imputed_dhsmics_age_4","12-23",97,0.297522271615506,0.147507436008565,0.00840769703871797,0.586636846192293,0.0164865959077473,1.72053231100745,64.95735887855,94.7588284788529,FALSE,FALSE,TRUE,"map_full"
"imputed_dhsmics_age_4","12-23",97.5,0.299638493052747,0.14997010014699,0.00569709676464614,0.593579889340848,0.0164865959077473,1.72053231100745,64.95735887855,94.7588284788529,FALSE,FALSE,TRUE,"map_full"
"imputed_dhsmics_age_4","12-23",98,0.301754714489989,0.152437494256719,0.00297722574681941,0.600532203233159,0.0164865959077473,1.72053231100745,64.95735887855,94.7588284788529,FALSE,FALSE,TRUE,"map_full"
"imputed_dhsmics_age_4","12-23",98.5,0.303870935927231,0.154909392321214,0.00024852697765132,0.60749334487681,0.0164865959077473,1.72053231100745,64.95735887855,94.7588284788529,FALSE,FALSE,TRUE,"map_full"
"imputed_dhsmics_age_4","12-23",99,0.305987157364472,0.157385582123268,-0.00248858359713239,0.614462898326077,0.0164865959077473,1.72053231100745,64.95735887855,94.7588284788529,FALSE,FALSE,TRUE,"map_full"
"imputed_dhsmics_age_4","12-23",99.5,0.308103378801714,0.159865864236626,-0.00523371510207377,0.621440472705502,0.0164865959077473,1.72053231100745,64.95735887855,94.7588284788529,FALSE,FALSE,TRUE,"map_full"
"imputed_dhsmics_age_4","12-23",100,0.310219600238956,0.162350051102113,-0.0079864999211855,0.628425700399097,0.0164865959077473,1.72053231100745,64.95735887855,94.7588284788529,FALSE,FALSE,TRUE,"map_full"
"imputed_dhsmics_age_5","24-35",0,-0.756506809576699,0.0642225593340312,-0.8823830258714,-0.630630593281998,0.0164865959077473,1.71186420675262,64.748985211604,94.7588284788529,FALSE,FALSE,TRUE,"map_full"
"imputed_dhsmics_age_5","24-35",0.0164865959077473,-0.755745014205856,0.0641508446941075,-0.881480669806307,-0.630009358605406,0.0164865959077473,1.71186420675262,64.748985211604,94.7588284788529,TRUE,FALSE,TRUE,"map_full"
"imputed_dhsmics_age_5","24-35",0.5,-0.733405708782841,0.0620491244575462,-0.855021992719632,-0.611789424846051,0.0164865959077473,1.71186420675262,64.748985211604,94.7588284788529,TRUE,FALSE,TRUE,"map_full"
"imputed_dhsmics_age_5","24-35",1,-0.710319852634228,0.0598803574191752,-0.827685353175811,-0.592954352092644,0.0164865959077473,1.71186420675262,64.748985211604,94.7588284788529,TRUE,FALSE,TRUE,"map_full"
"imputed_dhsmics_age_5","24-35",1.5,-0.687265005388726,0.0577186342556091,-0.80039352852972,-0.574136482247732,0.0164865959077473,1.71186420675262,64.748985211604,94.7588284788529,TRUE,FALSE,TRUE,"map_full"
"imputed_dhsmics_age_5","24-35",1.71186420675262,-0.67750920667818,0.0568053531804359,-0.788847698911835,-0.566170714444526,0.0164865959077473,1.71186420675262,64.748985211604,94.7588284788529,TRUE,TRUE,TRUE,"map_full"
"imputed_dhsmics_age_5","24-35",2,-0.664256931398394,0.0555663247003175,-0.773166927811016,-0.555346934985772,0.0164865959077473,1.71186420675262,64.748985211604,94.7588284788529,TRUE,TRUE,TRUE,"map_full"
"imputed_dhsmics_age_5","24-35",2.5,-0.641311395015289,0.0534257903539754,-0.746025944109081,-0.536596845921498,0.0164865959077473,1.71186420675262,64.748985211604,94.7588284788529,TRUE,TRUE,TRUE,"map_full"
"imputed_dhsmics_age_5","24-35",3,-0.61844416059147,0.0512993826541494,-0.718990950593603,-0.517897370589338,0.0164865959077473,1.71186420675262,64.748985211604,94.7588284788529,TRUE,TRUE,TRUE,"map_full"
"imputed_dhsmics_age_5","24-35",3.5,-0.595670992478995,0.0491894405907251,-0.692082296036816,-0.499259688921174,0.0164865959077473,1.71186420675262,64.748985211604,94.7588284788529,TRUE,TRUE,TRUE,"map_full"
"imputed_dhsmics_age_5","24-35",4,-0.573007655029921,0.0470982881192975,-0.665320299743744,-0.480695010316098,0.0164865959077473,1.71186420675262,64.748985211604,94.7588284788529,TRUE,TRUE,TRUE,"map_full"
"imputed_dhsmics_age_5","24-35",4.5,-0.550469912596307,0.0450282312163112,-0.638725245780277,-0.462214579412337,0.0164865959077473,1.71186420675262,64.748985211604,94.7588284788529,TRUE,TRUE,TRUE,"map_full"
"imputed_dhsmics_age_5","24-35",5,-0.52807352953021,0.0429815545096874,-0.612317376369198,-0.443829682691223,0.0164865959077473,1.71186420675262,64.748985211604,94.7588284788529,TRUE,TRUE,TRUE,"map_full"
"imputed_dhsmics_age_5","24-35",5.5,-0.505834270183689,0.0409605174067123,-0.586116884300845,-0.425551656066533,0.0164865959077473,1.71186420675262,64.748985211604,94.7588284788529,TRUE,TRUE,TRUE,"map_full"
"imputed_dhsmics_age_5","24-35",6,-0.483767898908801,0.0389673496267721,-0.560143904177274,-0.407391893640328,0.0164865959077473,1.71186420675262,64.748985211604,94.7588284788529,TRUE,TRUE,TRUE,"map_full"
"imputed_dhsmics_age_5","24-35",6.5,-0.461890180057605,0.0370042460297342,-0.534418502275884,-0.389361857839326,0.0164865959077473,1.71186420675262,64.748985211604,94.7588284788529,TRUE,TRUE,TRUE,"map_full"
"imputed_dhsmics_age_5","24-35",7,-0.440216877982157,0.0350733606110154,-0.508960664779748,-0.371473091184567,0.0164865959077473,1.71186420675262,64.748985211604,94.7588284788529,TRUE,TRUE,TRUE,"map_full"
"imputed_dhsmics_age_5","24-35",7.5,-0.418763757034518,0.0331767995112426,-0.483790284076553,-0.353737229992482,0.0164865959077473,1.71186420675262,64.748985211604,94.7588284788529,TRUE,TRUE,TRUE,"map_full"
"imputed_dhsmics_age_5","24-35",8,-0.397546581566743,0.0313166128615431,-0.458927142775368,-0.336166020358119,0.0164865959077473,1.71186420675262,64.748985211604,94.7588284788529,TRUE,TRUE,TRUE,"map_full"
"imputed_dhsmics_age_5","24-35",8.5,-0.376581115930892,0.0294947852546116,-0.434390895029931,-0.318771336831853,0.0164865959077473,1.71186420675262,64.748985211604,94.7588284788529,TRUE,TRUE,TRUE,"map_full"
"imputed_dhsmics_age_5","24-35",9,-0.355883124479022,0.0277132245966707,-0.410201044688497,-0.301565204269548,0.0164865959077473,1.71186420675262,64.748985211604,94.7588284788529,TRUE,TRUE,TRUE,"map_full"
"imputed_dhsmics_age_5","24-35",9.5,-0.335468371563192,0.0259737490564685,-0.38637691971387,-0.284559823412513,0.0164865959077473,1.71186420675262,64.748985211604,94.7588284788529,TRUE,TRUE,TRUE,"map_full"
"imputed_dhsmics_age_5","24-35",10,-0.315352621535458,0.0242780717852321,-0.362937642234513,-0.267767600836403,0.0164865959077473,1.71186420675262,64.748985211604,94.7588284788529,TRUE,TRUE,TRUE,"map_full"
"imputed_dhsmics_age_5","24-35",10.5,-0.29555163874788,0.0226277830374941,-0.339902093501368,-0.251201183994391,0.0164865959077473,1.71186420675262,64.748985211604,94.7588284788529,TRUE,TRUE,TRUE,"map_full"
"imputed_dhsmics_age_5","24-35",11,-0.276081187552514,0.0210243292796089,-0.317288872940548,-0.234873502164481,0.0164865959077473,1.71186420675262,64.748985211604,94.7588284788529,TRUE,TRUE,TRUE,"map_full"
"imputed_dhsmics_age_5","24-35",11.5,-0.25695703230142,0.0194689888349344,-0.295116250417892,-0.218797814184949,0.0164865959077473,1.71186420675262,64.748985211604,94.7588284788529,TRUE,TRUE,TRUE,"map_full"
"imputed_dhsmics_age_5","24-35",12,-0.238194937346655,0.0179628435888366,-0.273402110780775,-0.202987763912536,0.0164865959077473,1.71186420675262,64.748985211604,94.7588284788529,TRUE,TRUE,TRUE,"map_full"
"imputed_dhsmics_age_5","24-35",12.5,-0.219810667040277,0.0165067462727979,-0.252163889734961,-0.187457444345594,0.0164865959077473,1.71186420675262,64.748985211604,94.7588284788529,TRUE,TRUE,TRUE,"map_full"
"imputed_dhsmics_age_5","24-35",13,-0.201819985734344,0.0151012828789172,-0.231418500177022,-0.172221471291667,0.0164865959077473,1.71186420675262,64.748985211604,94.7588284788529,TRUE,TRUE,TRUE,"map_full"
"imputed_dhsmics_age_5","24-35",13.5,-0.184238657780915,0.0137467298426604,-0.211182248272529,-0.1572950672893,0.0164865959077473,1.71186420675262,64.748985211604,94.7588284788529,TRUE,TRUE,TRUE,"map_full"
"imputed_dhsmics_age_5","24-35",14,-0.167082447532046,0.0124430057965481,-0.19147073889328,-0.142694156170811,0.0164865959077473,1.71186420675262,64.748985211604,94.7588284788529,TRUE,TRUE,TRUE,"map_full"
"imputed_dhsmics_age_5","24-35",14.5,-0.150367119339796,0.0111896179685422,-0.172298770558138,-0.128435468121453,0.0164865959077473,1.71186420675262,64.748985211604,94.7588284788529,TRUE,TRUE,TRUE,"map_full"
"imputed_dhsmics_age_5","24-35",15,-0.134108437556223,0.00998560370599188,-0.153680220819967,-0.114536654292479,0.0164865959077473,1.71186420675262,64.748985211604,94.7588284788529,TRUE,TRUE,TRUE,"map_full"
"imputed_dhsmics_age_5","24-35",15.5,-0.118322166533385,0.00882946817548122,-0.135627924157328,-0.101016408909441,0.0164865959077473,1.71186420675262,64.748985211604,94.7588284788529,TRUE,TRUE,TRUE,"map_full"
"imputed_dhsmics_age_5","24-35",16,-0.103024070623339,0.00771912003482053,-0.118153545891587,-0.0878945953550908,0.0164865959077473,1.71186420675262,64.748985211604,94.7588284788529,TRUE,TRUE,TRUE,"map_full"
"imputed_dhsmics_age_5","24-35",16.5,-0.0882299141781444,0.00665180778496057,-0.101267457436667,-0.0751923709196217,0.0164865959077473,1.71186420675262,64.748985211604,94.7588284788529,TRUE,TRUE,TRUE,"map_full"
"imputed_dhsmics_age_5","24-35",17,-0.0739554615498587,0.00562406053729507,-0.0849786202029571,-0.0629323028967604,0.0164865959077473,1.71186420675262,64.748985211604,94.7588284788529,TRUE,TRUE,TRUE,"map_full"
"imputed_dhsmics_age_5","24-35",17.5,-0.0602164770905397,0.00463163798136319,-0.0692944875340116,-0.0511384666470679,0.0164865959077473,1.71186420675262,64.748985211604,94.7588284788529,TRUE,TRUE,TRUE,"map_full"
"imputed_dhsmics_age_5","24-35",18,-0.0470287251522456,0.00366949530513783,-0.0542209359503158,-0.0398365143541755,0.0164865959077473,1.71186420675262,64.748985211604,94.7588284788529,TRUE,TRUE,TRUE,"map_full"
"imputed_dhsmics_age_5","24-35",18.5,-0.0344079700870341,0.00273176983336436,-0.0397622389604282,-0.0290537012136399,0.0164865959077473,1.71186420675262,64.748985211604,94.7588284788529,TRUE,TRUE,TRUE,"map_full"
"imputed_dhsmics_age_5","24-35",19,-0.0223678802319739,0.00181185286250592,-0.0259191118424855,-0.0188166486214623,0.0164865959077473,1.71186420675262,64.748985211604,94.7588284788529,TRUE,TRUE,TRUE,"map_full"
"imputed_dhsmics_age_5","24-35",19.5,-0.0109034756445382,0.000903189807792697,-0.0126737276678119,-0.00913322362126455,0.0164865959077473,1.71186420675262,64.748985211604,94.7588284788529,TRUE,TRUE,TRUE,"map_full"
"imputed_dhsmics_age_5","24-35",20,0,0,0,0,0.0164865959077473,1.71186420675262,64.748985211604,94.7588284788529,TRUE,TRUE,TRUE,"map_full"
"imputed_dhsmics_age_5","24-35",20.5,0.0103573891781477,0.00090270540924948,0.00858808657601874,0.0121266917802767,0.0164865959077473,1.71186420675262,64.748985211604,94.7588284788529,TRUE,TRUE,TRUE,"map_full"
"imputed_dhsmics_age_5","24-35",21,0.0201835343664123,0.00180911367782336,0.0166376715578785,0.0237293971749461,0.0164865959077473,1.71186420675262,64.748985211604,94.7588284788529,TRUE,TRUE,TRUE,"map_full"
"imputed_dhsmics_age_5","24-35",21.5,0.0294932780413007,0.00272261972664257,0.0241569433770812,0.0348296127055201,0.0164865959077473,1.71186420675262,64.748985211604,94.7588284788529,TRUE,TRUE,TRUE,"map_full"
"imputed_dhsmics_age_5","24-35",22,0.0383014626793201,0.00364585224560573,0.0311555922779329,0.0454473330807074,0.0164865959077473,1.71186420675262,64.748985211604,94.7588284788529,TRUE,TRUE,TRUE,"map_full"
"imputed_dhsmics_age_5","24-35",22.5,0.0466229307569779,0.00458071282614309,0.0376447336177375,0.0556011278962184,0.0164865959077473,1.71186420675262,64.748985211604,94.7588284788529,TRUE,TRUE,TRUE,"map_full"
"imputed_dhsmics_age_5","24-35",23,0.0544725247507812,0.0055284242891344,0.0436368131440778,0.0653082363574846,0.0164865959077473,1.71186420675262,64.748985211604,94.7588284788529,TRUE,TRUE,TRUE,"map_full"
"imputed_dhsmics_age_5","24-35",23.5,0.0618650871372372,0.00648958469874683,0.0491455011276934,0.0745846731467809,0.0164865959077473,1.71186420675262,64.748985211604,94.7588284788529,TRUE,TRUE,TRUE,"map_full"
"imputed_dhsmics_age_5","24-35",24,0.0688154603928527,0.00746422407313133,0.0541855812095153,0.0834453395761901,0.0164865959077473,1.71186420675262,64.748985211604,94.7588284788529,TRUE,TRUE,TRUE,"map_full"
"imputed_dhsmics_age_5","24-35",24.5,0.0753384869941354,0.00845186140858941,0.0587728386333002,0.0919041353549706,0.0164865959077473,1.71186420675262,64.748985211604,94.7588284788529,TRUE,TRUE,TRUE,"map_full"
"imputed_dhsmics_age_5","24-35",25,0.0814490094175922,0.00945156023928195,0.0629239513485996,0.0999740674865848,0.0164865959077473,1.71186420675262,64.748985211604,94.7588284788529,TRUE,TRUE,TRUE,"map_full"
"imputed_dhsmics_age_5","24-35",25.5,0.0871618701397303,0.010461981504437,0.0666563863910339,0.107667353888427,0.0164865959077473,1.71186420675262,64.748985211604,94.7588284788529,TRUE,TRUE,TRUE,"map_full"
"imputed_dhsmics_age_5","24-35",26,0.0924919116370568,0.0114814329603172,0.0699883030348351,0.114995520239278,0.0164865959077473,1.71186420675262,64.748985211604,94.7588284788529,TRUE,TRUE,TRUE,"map_full"
"imputed_dhsmics_age_5","24-35",26.5,0.097453976386079,0.0125079147457702,0.0729384634843695,0.121969489287789,0.0164865959077473,1.71186420675262,64.748985211604,94.7588284788529,TRUE,TRUE,TRUE,"map_full"
"imputed_dhsmics_age_5","24-35",27,0.102062906863304,0.0135391609918723,0.0755261513192344,0.128599662407374,0.0164865959077473,1.71186420675262,64.748985211604,94.7588284788529,TRUE,TRUE,TRUE,"map_full"
"imputed_dhsmics_age_5","24-35",27.5,0.106333545545239,0.0145726775691418,0.0777710975097212,0.134895993580757,0.0164865959077473,1.71186420675262,64.748985211604,94.7588284788529,TRUE,TRUE,TRUE,"map_full"
"imputed_dhsmics_age_5","24-35",28,0.110280734908391,0.0156057762042103,0.0796934135481391,0.140868056268643,0.0164865959077473,1.71186420675262,64.748985211604,94.7588284788529,TRUE,TRUE,TRUE,"map_full"
"imputed_dhsmics_age_5","24-35",28.5,0.113919317429268,0.0166356052861626,0.0813135310683892,0.146525103790146,0.0164865959077473,1.71186420675262,64.748985211604,94.7588284788529,TRUE,TRUE,TRUE,"map_full"
"imputed_dhsmics_age_5","24-35",29,0.117264135584376,0.0176591777341624,0.0826521472254177,0.151876123943334,0.0164865959077473,1.71186420675262,64.748985211604,94.7588284788529,TRUE,TRUE,TRUE,"map_full"
"imputed_dhsmics_age_5","24-35",29.5,0.120330031850223,0.0186733963236809,0.0837301750558081,0.156929888644637,0.0164865959077473,1.71186420675262,64.748985211604,94.7588284788529,TRUE,TRUE,TRUE,"map_full"
"imputed_dhsmics_age_5","24-35",30,0.123131848703315,0.0196750768777187,0.0845686980229867,0.161694999383644,0.0164865959077473,1.71186420675262,64.748985211604,94.7588284788529,TRUE,TRUE,TRUE,"map_full"
"imputed_dhsmics_age_5","24-35",30.5,0.125684428620161,0.020660969728978,0.085188927951364,0.166179929288958,0.0164865959077473,1.71186420675262,64.748985211604,94.7588284788529,TRUE,TRUE,TRUE,"map_full"
"imputed_dhsmics_age_5","24-35",31,0.128002614077267,0.0216277798544727,0.0856121655625004,0.170393062592033,0.0164865959077473,1.71186420675262,64.748985211604,94.7588284788529,TRUE,TRUE,TRUE,"map_full"
"imputed_dhsmics_age_5","24-35",31.5,0.13010124755114,0.0225721860797133,0.085859762834902,0.174342732267378,0.0164865959077473,1.71186420675262,64.748985211604,94.7588284788529,TRUE,TRUE,TRUE,"map_full"
"imputed_dhsmics_age_5","24-35",32,0.131995171518288,0.0234908597486073,0.0859530864110176,0.178037256625558,0.0164865959077473,1.71186420675262,64.748985211604,94.7588284788529,TRUE,TRUE,TRUE,"map_full"
"imputed_dhsmics_age_5","24-35",32.5,0.133699228455217,0.0243804832601273,0.085913481265368,0.181484975645067,0.0164865959077473,1.71186420675262,64.748985211604,94.7588284788529,TRUE,TRUE,TRUE,"map_full"
"imputed_dhsmics_age_5","24-35",33,0.135228260838436,0.0252377688858438,0.0857622338221819,0.18469428785469,0.0164865959077473,1.71186420675262,64.748985211604,94.7588284788529,TRUE,TRUE,TRUE,"map_full"
"imputed_dhsmics_age_5","24-35",33.5,0.13659711114445,0.0260594783056467,0.0855205336653829,0.187673688623518,0.0164865959077473,1.71186420675262,64.748985211604,94.7588284788529,TRUE,TRUE,TRUE,"map_full"
"imputed_dhsmics_age_5","24-35",34,0.137820621849768,0.0268424433345074,0.0852094329141335,0.190431810785403,0.0164865959077473,1.71186420675262,64.748985211604,94.7588284788529,TRUE,TRUE,TRUE,"map_full"
"imputed_dhsmics_age_5","24-35",34.5,0.138913635430896,0.0275835883632939,0.0848498022388401,0.192977468622952,0.0164865959077473,1.71186420675262,64.748985211604,94.7588284788529,TRUE,TRUE,TRUE,"map_full"
"imputed_dhsmics_age_5","24-35",35,0.139890994364342,0.0282799551041169,0.0844622823602726,0.195319706368411,0.0164865959077473,1.71186420675262,64.748985211604,94.7588284788529,TRUE,TRUE,TRUE,"map_full"
"imputed_dhsmics_age_5","24-35",35.5,0.140767541126612,0.0289287303186206,0.084067229702116,0.197467852551109,0.0164865959077473,1.71186420675262,64.748985211604,94.7588284788529,TRUE,TRUE,TRUE,"map_full"
"imputed_dhsmics_age_5","24-35",36,0.141558118194215,0.0295272773197175,0.0836846546475684,0.199431581740861,0.0164865959077473,1.71186420675262,64.748985211604,94.7588284788529,TRUE,TRUE,TRUE,"map_full"
"imputed_dhsmics_age_5","24-35",36.5,0.142277568043656,0.0300731721777647,0.0833341505752375,0.201220985512075,0.0164865959077473,1.71186420675262,64.748985211604,94.7588284788529,TRUE,TRUE,TRUE,"map_full"
"imputed_dhsmics_age_5","24-35",37,0.142940733151444,0.0305642457357823,0.0830348115093107,0.202846654793578,0.0164865959077473,1.71186420675262,64.748985211604,94.7588284788529,TRUE,TRUE,TRUE,"map_full"
"imputed_dhsmics_age_5","24-35",37.5,0.143562370075553,0.0309986691416457,0.0828049785579279,0.204319761593179,0.0164865959077473,1.71186420675262,64.748985211604,94.7588284788529,TRUE,TRUE,TRUE,"map_full"
"imputed_dhsmics_age_5","24-35",38,0.144151960750977,0.0313771776049805,0.0826526926452152,0.205651228856739,0.0164865959077473,1.71186420675262,64.748985211604,94.7588284788529,TRUE,TRUE,TRUE,"map_full"
"imputed_dhsmics_age_5","24-35",38.5,0.144710741977603,0.0317041914164953,0.0825705268012721,0.206850957153934,0.0164865959077473,1.71186420675262,64.748985211604,94.7588284788529,TRUE,TRUE,TRUE,"map_full"
"imputed_dhsmics_age_5","24-35",39,0.145239233114395,0.0319845143799635,0.0825495849296665,0.207928881299123,0.0164865959077473,1.71186420675262,64.748985211604,94.7588284788529,TRUE,TRUE,TRUE,"map_full"
"imputed_dhsmics_age_5","24-35",39.5,0.145737953520317,0.03222299962138,0.0825808742624123,0.208895032778222,0.0164865959077473,1.71186420675262,64.748985211604,94.7588284788529,TRUE,TRUE,TRUE,"map_full"
"imputed_dhsmics_age_5","24-35",40,0.146207422554334,0.0324245232949132,0.0826553568963038,0.209759488212364,0.0164865959077473,1.71186420675262,64.748985211604,94.7588284788529,TRUE,TRUE,TRUE,"map_full"
"imputed_dhsmics_age_5","24-35",40.5,0.146648159575408,0.0325939577889878,0.0827640023089921,0.210532316841824,0.0164865959077473,1.71186420675262,64.748985211604,94.7588284788529,TRUE,TRUE,TRUE,"map_full"
"imputed_dhsmics_age_5","24-35",41,0.147060683942505,0.0327361437318365,0.0828978422281058,0.211223525656905,0.0164865959077473,1.71186420675262,64.748985211604,94.7588284788529,TRUE,TRUE,TRUE,"map_full"
"imputed_dhsmics_age_5","24-35",41.5,0.147445515014589,0.0328558603245647,0.0830480287784418,0.211843001250735,0.0164865959077473,1.71186420675262,64.748985211604,94.7588284788529,TRUE,TRUE,TRUE,"map_full"
"imputed_dhsmics_age_5","24-35",42,0.147803172150622,0.0329577937428551,0.0832058964146263,0.212400447886618,0.0164865959077473,1.71186420675262,64.748985211604,94.7588284788529,TRUE,TRUE,TRUE,"map_full"
"imputed_dhsmics_age_5","24-35",42.5,0.14813417470957,0.0330465035590475,0.0833630277338371,0.212905321685303,0.0164865959077473,1.71186420675262,64.748985211604,94.7588284788529,TRUE,TRUE,TRUE,"map_full"
"imputed_dhsmics_age_5","24-35",43,0.148439042050397,0.0331263873507657,0.0835113228428961,0.213366761257897,0.0164865959077473,1.71186420675262,64.748985211604,94.7588284788529,TRUE,TRUE,TRUE,"map_full"
"imputed_dhsmics_age_5","24-35",43.5,0.148718293532066,0.033201643880767,0.0836430715257625,0.213793515538369,0.0164865959077473,1.71186420675262,64.748985211604,94.7588284788529,TRUE,TRUE,TRUE,"map_full"
"imputed_dhsmics_age_5","24-35",44,0.148972448513541,0.0332762354499832,0.0837510270315742,0.214193869995508,0.0164865959077473,1.71186420675262,64.748985211604,94.7588284788529,TRUE,TRUE,TRUE,"map_full"
"imputed_dhsmics_age_5","24-35",44.5,0.149202026353787,0.0333538502316551,0.0838284798997434,0.214575572807831,0.0164865959077473,1.71186420675262,64.748985211604,94.7588284788529,TRUE,TRUE,TRUE,"map_full"
"imputed_dhsmics_age_5","24-35",45,0.149407546411768,0.0334378655750578,0.0838693298846548,0.214945762938881,0.0164865959077473,1.71186420675262,64.748985211604,94.7588284788529,TRUE,TRUE,TRUE,"map_full"
"imputed_dhsmics_age_5","24-35",45.5,0.149589528046447,0.0335313134063171,0.0838681537700657,0.215310902322829,0.0164865959077473,1.71186420675262,64.748985211604,94.7588284788529,TRUE,TRUE,TRUE,"map_full"
"imputed_dhsmics_age_5","24-35",46,0.149748490616789,0.0336368489349402,0.0838202667043064,0.215676714529272,0.0164865959077473,1.71186420675262,64.748985211604,94.7588284788529,TRUE,TRUE,TRUE,"map_full"
"imputed_dhsmics_age_5","24-35",46.5,0.149884953481758,0.0337567238841337,0.0837217746688557,0.21604813229466,0.0164865959077473,1.71186420675262,64.748985211604,94.7588284788529,TRUE,TRUE,TRUE,"map_full"
"imputed_dhsmics_age_5","24-35",47,0.149999436000317,0.0338927653921489,0.0835696158317051,0.216429256168929,0.0164865959077473,1.71186420675262,64.748985211604,94.7588284788529,TRUE,TRUE,TRUE,"map_full"
"imputed_dhsmics_age_5","24-35",47.5,0.150092457531431,0.0340463615795555,0.0833615888355022,0.21682332622736,0.0164865959077473,1.71186420675262,64.748985211604,94.7588284788529,TRUE,TRUE,TRUE,"map_full"
"imputed_dhsmics_age_5","24-35",48,0.150164537434064,0.0342184545509992,0.0830963665141057,0.217232708354022,0.0164865959077473,1.71186420675262,64.748985211604,94.7588284788529,TRUE,TRUE,TRUE,"map_full"
"imputed_dhsmics_age_5","24-35",48.5,0.15021619506718,0.0344095413158025,0.0827734940882066,0.217658896046153,0.0164865959077473,1.71186420675262,64.748985211604,94.7588284788529,TRUE,TRUE,TRUE,"map_full"
"imputed_dhsmics_age_5","24-35",49,0.150247949789742,0.0346196827930952,0.0823933715152756,0.218102528064209,0.0164865959077473,1.71186420675262,64.748985211604,94.7588284788529,TRUE,TRUE,TRUE,"map_full"
"imputed_dhsmics_age_5","24-35",49.5,0.150260320960716,0.0348485207417716,0.0819572203068433,0.218563421614588,0.0164865959077473,1.71186420675262,64.748985211604,94.7588284788529,TRUE,TRUE,TRUE,"map_full"
"imputed_dhsmics_age_5","24-35",50,0.150253827939064,0.0350953021520474,0.081467035721051,0.219040620157077,0.0164865959077473,1.71186420675262,64.748985211604,94.7588284788529,TRUE,TRUE,TRUE,"map_full"
"imputed_dhsmics_age_5","24-35",50.5,0.150228990083751,0.0353589103793312,0.0809255257402623,0.21953245442724,0.0164865959077473,1.71186420675262,64.748985211604,94.7588284788529,TRUE,TRUE,TRUE,"map_full"
"imputed_dhsmics_age_5","24-35",51,0.150186326753742,0.0356379021120555,0.080336038614113,0.22003661489337,0.0164865959077473,1.71186420675262,64.748985211604,94.7588284788529,TRUE,TRUE,TRUE,"map_full"
"imputed_dhsmics_age_5","24-35",51.5,0.150126357307999,0.0359305491543649,0.0797024809654439,0.220550233650554,0.0164865959077473,1.71186420675262,64.748985211604,94.7588284788529,TRUE,TRUE,TRUE,"map_full"
"imputed_dhsmics_age_5","24-35",52,0.150049601105488,0.0362348839747045,0.079029228515067,0.221069973695909,0.0164865959077473,1.71186420675262,64.748985211604,94.7588284788529,TRUE,TRUE,TRUE,"map_full"
"imputed_dhsmics_age_5","24-35",52.5,0.149956577505171,0.0365487480169158,0.0783210313920163,0.221592123618326,0.0164865959077473,1.71186420675262,64.748985211604,94.7588284788529,TRUE,TRUE,TRUE,"map_full"
"imputed_dhsmics_age_5","24-35",53,0.149847805866014,0.0368698418797077,0.0775829157817869,0.222112695950241,0.0164865959077473,1.71186420675262,64.748985211604,94.7588284788529,TRUE,TRUE,TRUE,"map_full"
"imputed_dhsmics_age_5","24-35",53.5,0.14972380554698,0.0371957766276812,0.0768200833567247,0.222627527737235,0.0164865959077473,1.71186420675262,64.748985211604,94.7588284788529,TRUE,TRUE,TRUE,"map_full"
"imputed_dhsmics_age_5","24-35",54,0.149585095907033,0.0375241256853533,0.0760378095637406,0.223132382250326,0.0164865959077473,1.71186420675262,64.748985211604,94.7588284788529,TRUE,TRUE,TRUE,"map_full"
"imputed_dhsmics_age_5","24-35",54.5,0.149432196305138,0.0378524769682947,0.07524134144728,0.223623051162995,0.0164865959077473,1.71186420675262,64.748985211604,94.7588284788529,TRUE,TRUE,TRUE,"map_full"
"imputed_dhsmics_age_5","24-35",55,0.149265626100257,0.0381784851080955,0.0744357952883901,0.224095456912125,0.0164865959077473,1.71186420675262,64.748985211604,94.7588284788529,TRUE,TRUE,TRUE,"map_full"
"imputed_dhsmics_age_5","24-35",55.5,0.149085904651356,0.0384999238187124,0.0736260539666802,0.224545755336033,0.0164865959077473,1.71186420675262,64.748985211604,94.7588284788529,TRUE,TRUE,TRUE,"map_full"
"imputed_dhsmics_age_5","24-35",56,0.148893551317399,0.0388147386220649,0.0728166636181517,0.224970439016646,0.0164865959077473,1.71186420675262,64.748985211604,94.7588284788529,TRUE,TRUE,TRUE,"map_full"
"imputed_dhsmics_age_5","24-35",56.5,0.148689085457349,0.0391211002942343,0.0720117288806495,0.225366442034048,0.0164865959077473,1.71186420675262,64.748985211604,94.7588284788529,TRUE,TRUE,TRUE,"map_full"
"imputed_dhsmics_age_5","24-35",57,0.14847297070726,0.039417676586908,0.0712143245969202,0.225731616817599,0.0164865959077473,1.71186420675262,64.748985211604,94.7588284788529,TRUE,TRUE,TRUE,"map_full"
"imputed_dhsmics_age_5","24-35",57.5,0.1482454257282,0.0397044463754877,0.0704247108322445,0.226066140624157,0.0164865959077473,1.71186420675262,64.748985211604,94.7588284788529,TRUE,TRUE,TRUE,"map_full"
"imputed_dhsmics_age_5","24-35",58,0.148006601880421,0.0399820632693287,0.0696417578725368,0.226371445888305,0.0164865959077473,1.71186420675262,64.748985211604,94.7588284788529,TRUE,TRUE,TRUE,"map_full"
"imputed_dhsmics_age_5","24-35",58.5,0.147756650522259,0.0402515719880106,0.0688635694257587,0.22664973161876,0.0164865959077473,1.71186420675262,64.748985211604,94.7588284788529,TRUE,TRUE,TRUE,"map_full"
"imputed_dhsmics_age_5","24-35",59,0.147495723012054,0.0405143785622675,0.0680875410300094,0.226903904994098,0.0164865959077473,1.71186420675262,64.748985211604,94.7588284788529,TRUE,TRUE,TRUE,"map_full"
"imputed_dhsmics_age_5","24-35",59.5,0.147223970708142,0.0407722226834619,0.0673104142485571,0.227137527167728,0.0164865959077473,1.71186420675262,64.748985211604,94.7588284788529,TRUE,TRUE,TRUE,"map_full"
"imputed_dhsmics_age_5","24-35",60,0.146941544968863,0.0410271515797579,0.0665283278725377,0.227354762065189,0.0164865959077473,1.71186420675262,64.748985211604,94.7588284788529,TRUE,TRUE,TRUE,"map_full"
"imputed_dhsmics_age_5","24-35",60.5,0.146648597152554,0.0412814948053658,0.0657368673340375,0.227560326971071,0.0164865959077473,1.71186420675262,64.748985211604,94.7588284788529,TRUE,TRUE,TRUE,"map_full"
"imputed_dhsmics_age_5","24-35",61,0.146345278617554,0.041537839348606,0.0649311134942867,0.227759443740822,0.0164865959077473,1.71186420675262,64.748985211604,94.7588284788529,TRUE,TRUE,TRUE,"map_full"
"imputed_dhsmics_age_5","24-35",61.5,0.146031740722201,0.0417990045011075,0.0641056919000305,0.227957789544372,0.0164865959077473,1.71186420675262,64.748985211604,94.7588284788529,TRUE,TRUE,TRUE,"map_full"
"imputed_dhsmics_age_5","24-35",62,0.145708134824833,0.0420680159843898,0.0632548234954289,0.228161446154237,0.0164865959077473,1.71186420675262,64.748985211604,94.7588284788529,TRUE,TRUE,TRUE,"map_full"
"imputed_dhsmics_age_5","24-35",62.5,0.145374612283788,0.0423480789023554,0.0623723776351712,0.228376846932404,0.0164865959077473,1.71186420675262,64.748985211604,94.7588284788529,TRUE,TRUE,TRUE,"map_full"
"imputed_dhsmics_age_5","24-35",63,0.145031324457404,0.0426425491799059,0.0614519280647883,0.228610720850019,0.0164865959077473,1.71186420675262,64.748985211604,94.7588284788529,TRUE,TRUE,TRUE,"map_full"
"imputed_dhsmics_age_5","24-35",63.5,0.144678422704019,0.042954903259461,0.0604868123154758,0.228870033092563,0.0164865959077473,1.71186420675262,64.748985211604,94.7588284788529,TRUE,TRUE,TRUE,"map_full"
"imputed_dhsmics_age_5","24-35",64,0.144316058381972,0.0432887059578323,0.0594701947046211,0.229161922059324,0.0164865959077473,1.71186420675262,64.748985211604,94.7588284788529,TRUE,TRUE,TRUE,"map_full"
"imputed_dhsmics_age_5","24-35",64.5,0.143944382849601,0.0436475765330522,0.0583951328448188,0.229493632854383,0.0164865959077473,1.71186420675262,64.748985211604,94.7588284788529,TRUE,TRUE,TRUE,"map_full"
"imputed_dhsmics_age_5","24-35",64.748985211604,0.143755873607772,0.0438367632186748,0.0578358176991693,0.229675929516374,0.0164865959077473,1.71186420675262,64.748985211604,94.7588284788529,TRUE,TRUE,TRUE,"map_full"
"imputed_dhsmics_age_5","24-35",65,0.143563547465244,0.0440351531695206,0.0572546472529832,0.229872447677504,0.0164865959077473,1.71186420675262,64.748985211604,94.7588284788529,TRUE,FALSE,TRUE,"map_full"
"imputed_dhsmics_age_5","24-35",65.5,0.143173703587238,0.0444550562528891,0.0560417933315758,0.230305613842901,0.0164865959077473,1.71186420675262,64.748985211604,94.7588284788529,TRUE,FALSE,TRUE,"map_full"
"imputed_dhsmics_age_5","24-35",66,0.142775002573923,0.0449108509638704,0.0547497346847371,0.230800270463109,0.0164865959077473,1.71186420675262,64.748985211604,94.7588284788529,TRUE,FALSE,TRUE,"map_full"
"imputed_dhsmics_age_5","24-35",66.5,0.142367595783636,0.0454060098613842,0.053371816455323,0.231363375111949,0.0164865959077473,1.71186420675262,64.748985211604,94.7588284788529,TRUE,FALSE,TRUE,"map_full"
"imputed_dhsmics_age_5","24-35",67,0.141951634574716,0.0459438762381408,0.0519016371479598,0.232001632001472,0.0164865959077473,1.71186420675262,64.748985211604,94.7588284788529,TRUE,FALSE,TRUE,"map_full"
"imputed_dhsmics_age_5","24-35",67.5,0.1415272703055,0.04652762910459,0.0503331172605039,0.232721423350497,0.0164865959077473,1.71186420675262,64.748985211604,94.7588284788529,TRUE,FALSE,TRUE,"map_full"
"imputed_dhsmics_age_5","24-35",68,0.141094654334327,0.047160250680921,0.0486605629997223,0.233528745668932,0.0164865959077473,1.71186420675262,64.748985211604,94.7588284788529,TRUE,FALSE,TRUE,"map_full"
"imputed_dhsmics_age_5","24-35",68.5,0.140653938019535,0.0478444972458887,0.0468787234175935,0.234429152621477,0.0164865959077473,1.71186420675262,64.748985211604,94.7588284788529,TRUE,FALSE,TRUE,"map_full"
"imputed_dhsmics_age_5","24-35",69,0.140205272719463,0.0485828741047988,0.044982839474057,0.235427705964868,0.0164865959077473,1.71186420675262,64.748985211604,94.7588284788529,TRUE,FALSE,TRUE,"map_full"
"imputed_dhsmics_age_5","24-35",69.5,0.139748809792447,0.0493776153014472,0.0429686838016104,0.236528935783283,0.0164865959077473,1.71186420675262,64.748985211604,94.7588284788529,TRUE,FALSE,TRUE,"map_full"
"imputed_dhsmics_age_5","24-35",70,0.139284700596827,0.0502306685197263,0.0408325902981632,0.23773681089549,0.0164865959077473,1.71186420675262,64.748985211604,94.7588284788529,TRUE,FALSE,TRUE,"map_full"
"imputed_dhsmics_age_5","24-35",70.5,0.13881309649094,0.0511436854137267,0.0385714730800358,0.239054719901844,0.0164865959077473,1.71186420675262,64.748985211604,94.7588284788529,TRUE,FALSE,TRUE,"map_full"
"imputed_dhsmics_age_5","24-35",71,0.138334148833125,0.0521180173868201,0.0361828347549579,0.240485462911293,0.0164865959077473,1.71186420675262,64.748985211604,94.7588284788529,TRUE,FALSE,TRUE,"map_full"
"imputed_dhsmics_age_5","24-35",71.5,0.13784800898172,0.0531547166274158,0.0336647643919853,0.242031253571455,0.0164865959077473,1.71186420675262,64.748985211604,94.7588284788529,TRUE,FALSE,TRUE,"map_full"
"imputed_dhsmics_age_5","24-35",72,0.137354828295063,0.0542545420174818,0.0310159259407991,0.243693730649328,0.0164865959077473,1.71186420675262,64.748985211604,94.7588284788529,TRUE,FALSE,TRUE,"map_full"
"imputed_dhsmics_age_5","24-35",72.5,0.136854758131493,0.0554179693721357,0.0282355381621068,0.245473978100879,0.0164865959077473,1.71186420675262,64.748985211604,94.7588284788529,TRUE,FALSE,TRUE,"map_full"
"imputed_dhsmics_age_5","24-35",73,0.136347949849346,0.0566452053530226,0.0253233473574219,0.247372552341271,0.0164865959077473,1.71186420675262,64.748985211604,94.7588284788529,TRUE,FALSE,TRUE,"map_full"
"imputed_dhsmics_age_5","24-35",73.5,0.135834554806962,0.057936204328536,0.0222795943230319,0.249389515290893,0.0164865959077473,1.71186420675262,64.748985211604,94.7588284788529,TRUE,FALSE,TRUE,"map_full"
"imputed_dhsmics_age_5","24-35",74,0.135314724362679,0.0592906874294152,0.0191049770010253,0.251524471724333,0.0164865959077473,1.71186420675262,64.748985211604,94.7588284788529,TRUE,FALSE,TRUE,"map_full"
"imputed_dhsmics_age_5","24-35",74.5,0.134788609874835,0.0607081630643712,0.0158006102686673,0.253776609481002,0.0164865959077473,1.71186420675262,64.748985211604,94.7588284788529,TRUE,FALSE,TRUE,"map_full"
"imputed_dhsmics_age_5","24-35",75,0.134256362701767,0.0621879482099484,0.0123679842102684,0.256144741193266,0.0164865959077473,1.71186420675262,64.748985211604,94.7588284788529,TRUE,FALSE,TRUE,"map_full"
"imputed_dhsmics_age_5","24-35",75.5,0.133718134201815,0.0637291898632076,0.00880892206992789,0.258627346333702,0.0164865959077473,1.71186420675262,64.748985211604,94.7588284788529,TRUE,FALSE,TRUE,"map_full"
"imputed_dhsmics_age_5","24-35",76,0.133174075733316,0.0653308861360348,0.00512553890668782,0.261222612559944,0.0164865959077473,1.71186420675262,64.748985211604,94.7588284788529,TRUE,FALSE,TRUE,"map_full"
"imputed_dhsmics_age_5","24-35",76.5,0.132624338654608,0.0669919065675817,0.00132020178214814,0.263928475527068,0.0164865959077473,1.71186420675262,64.748985211604,94.7588284788529,TRUE,FALSE,TRUE,"map_full"
"imputed_dhsmics_age_5","24-35",77,0.13206907432403,0.0687110113293804,-0.00260450788155528,0.266742656529616,0.0164865959077473,1.71186420675262,64.748985211604,94.7588284788529,TRUE,FALSE,TRUE,"map_full"
"imputed_dhsmics_age_5","24-35",77.5,0.13150843409992,0.0704868690904748,-0.00664582931741087,0.26966269751725,0.0164865959077473,1.71186420675262,64.748985211604,94.7588284788529,TRUE,FALSE,TRUE,"map_full"
"imputed_dhsmics_age_5","24-35",78,0.130942569340615,0.0723180733935762,-0.010800854510794,0.272685993192025,0.0164865959077473,1.71186420675262,64.748985211604,94.7588284788529,TRUE,FALSE,TRUE,"map_full"
"imputed_dhsmics_age_5","24-35",78.5,0.130371631404455,0.0742031574654285,-0.0150665572277849,0.275809820036695,0.0164865959077473,1.71186420675262,64.748985211604,94.7588284788529,TRUE,FALSE,TRUE,"map_full"
"imputed_dhsmics_age_5","24-35",79,0.129795771649777,0.076140607444253,-0.0194398189409589,0.279031362240513,0.0164865959077473,1.71186420675262,64.748985211604,94.7588284788529,TRUE,FALSE,TRUE,"map_full"
"imputed_dhsmics_age_5","24-35",79.5,0.129215141434919,0.0781288740543624,-0.0239174517116313,0.282347734581469,0.0164865959077473,1.71186420675262,64.748985211604,94.7588284788529,TRUE,FALSE,TRUE,"map_full"
"imputed_dhsmics_age_5","24-35",80,0.12862989211822,0.0801663827935776,-0.0284962181571924,0.285756002393632,0.0164865959077473,1.71186420675262,64.748985211604,94.7588284788529,TRUE,FALSE,TRUE,"map_full"
"imputed_dhsmics_age_5","24-35",80.5,0.128040175058017,0.082251542724202,-0.0331728486814187,0.289253198797453,0.0164865959077473,1.71186420675262,64.748985211604,94.7588284788529,TRUE,FALSE,TRUE,"map_full"
"imputed_dhsmics_age_5","24-35",81,0.127446141612649,0.084382753974519,-0.0379440561774083,0.292836339402706,0.0164865959077473,1.71186420675262,64.748985211604,94.7588284788529,TRUE,FALSE,TRUE,"map_full"
"imputed_dhsmics_age_5","24-35",81.5,0.126847943140454,0.0865584140666553,-0.0428065484301902,0.296502434711099,0.0164865959077473,1.71186420675262,64.748985211604,94.7588284788529,TRUE,FALSE,TRUE,"map_full"
"imputed_dhsmics_age_5","24-35",82,0.126245730999771,0.088776923189716,-0.0477570384520728,0.300248500451614,0.0164865959077473,1.71186420675262,64.748985211604,94.7588284788529,TRUE,FALSE,TRUE,"map_full"
"imputed_dhsmics_age_5","24-35",82.5,0.125639656548936,0.0910366885357542,-0.052792252981142,0.304071566079014,0.0164865959077473,1.71186420675262,64.748985211604,94.7588284788529,TRUE,FALSE,TRUE,"map_full"
"imputed_dhsmics_age_5","24-35",83,0.125029871146289,0.0933361278115769,-0.0579089393644018,0.30796868165698,0.0164865959077473,1.71186420675262,64.748985211604,94.7588284788529,TRUE,FALSE,TRUE,"map_full"
"imputed_dhsmics_age_5","24-35",83.5,0.124416526150168,0.0956736720326532,-0.0631038710338326,0.311936923334168,0.0164865959077473,1.71186420675262,64.748985211604,94.7588284788529,TRUE,FALSE,TRUE,"map_full"
"imputed_dhsmics_age_5","24-35",84,0.12379977291891,0.098047767697285,-0.0683738517677686,0.315973397605589,0.0164865959077473,1.71186420675262,64.748985211604,94.7588284788529,TRUE,FALSE,TRUE,"map_full"
"imputed_dhsmics_age_5","24-35",84.5,0.123179762810854,0.100456878430394,-0.0737157189127174,0.320075244534426,0.0164865959077473,1.71186420675262,64.748985211604,94.7588284788529,TRUE,FALSE,TRUE,"map_full"
"imputed_dhsmics_age_5","24-35",85,0.122556647184339,0.102899486177233,-0.0791263457230384,0.324239640091715,0.0164865959077473,1.71186420675262,64.748985211604,94.7588284788529,TRUE,FALSE,TRUE,"map_full"
"imputed_dhsmics_age_5","24-35",85.5,0.121930577397701,0.105374092018447,-0.0846026429584556,0.328463797753857,0.0164865959077473,1.71186420675262,64.748985211604,94.7588284788529,TRUE,FALSE,TRUE,"map_full"
"imputed_dhsmics_age_5","24-35",86,0.12130170480928,0.107879216669373,-0.090141559862692,0.332744969481252,0.0164865959077473,1.71186420675262,64.748985211604,94.7588284788529,TRUE,FALSE,TRUE,"map_full"
"imputed_dhsmics_age_5","24-35",86.5,0.120670180777413,0.110413400718526,-0.0957400846308984,0.337080446185725,0.0164865959077473,1.71186420675262,64.748985211604,94.7588284788529,TRUE,FALSE,TRUE,"map_full"
"imputed_dhsmics_age_5","24-35",87,0.120036156660439,0.112975204652872,-0.10139524445919,0.341467557780068,0.0164865959077473,1.71186420675262,64.748985211604,94.7588284788529,TRUE,FALSE,TRUE,"map_full"
"imputed_dhsmics_age_5","24-35",87.5,0.119399783816696,0.115563208710859,-0.107104105256587,0.345903672889979,0.0164865959077473,1.71186420675262,64.748985211604,94.7588284788529,TRUE,FALSE,TRUE,"map_full"
"imputed_dhsmics_age_5","24-35",88,0.118761213604522,0.118176012598227,-0.112863771088003,0.350386198297047,0.0164865959077473,1.71186420675262,64.748985211604,94.7588284788529,TRUE,FALSE,TRUE,"map_full"
"imputed_dhsmics_age_5","24-35",88.5,0.118120597382255,0.120812235096336,-0.118671383406563,0.354912578171073,0.0164865959077473,1.71186420675262,64.748985211604,94.7588284788529,TRUE,FALSE,TRUE,"map_full"
"imputed_dhsmics_age_5","24-35",89,0.117478086508233,0.123470513588112,-0.124524120124466,0.359480293140932,0.0164865959077473,1.71186420675262,64.748985211604,94.7588284788529,TRUE,FALSE,TRUE,"map_full"
"imputed_dhsmics_age_5","24-35",89.5,0.116833832340795,0.126149503522675,-0.130419194563648,0.364086859245238,0.0164865959077473,1.71186420675262,64.748985211604,94.7588284788529,TRUE,FALSE,TRUE,"map_full"
"imputed_dhsmics_age_5","24-35",90,0.116187986238278,0.128847877836188,-0.136353854320649,0.368729826797206,0.0164865959077473,1.71186420675262,64.748985211604,94.7588284788529,TRUE,FALSE,TRUE,"map_full"
"imputed_dhsmics_age_5","24-35",90.5,0.115540699559021,0.131564326343446,-0.142325380074132,0.373406779192175,0.0164865959077473,1.71186420675262,64.748985211604,94.7588284788529,TRUE,FALSE,TRUE,"map_full"
"imputed_dhsmics_age_5","24-35",91,0.114892123661362,0.134297555112152,-0.148331084358456,0.378115331681181,0.0164865959077473,1.71186420675262,64.748985211604,94.7588284788529,TRUE,FALSE,TRUE,"map_full"
"imputed_dhsmics_age_5","24-35",91.5,0.11424240990364,0.137046285829595,-0.154368310322366,0.382853130129645,0.0164865959077473,1.71186420675262,64.748985211604,94.7588284788529,TRUE,FALSE,TRUE,"map_full"
"imputed_dhsmics_age_5","24-35",92,0.113591709644191,0.139809255169577,-0.16043443048818,0.387617849776561,0.0164865959077473,1.71186420675262,64.748985211604,94.7588284788529,TRUE,FALSE,TRUE,"map_full"
"imputed_dhsmics_age_5","24-35",92.5,0.112940174241354,0.142585214165888,-0.166526845523787,0.392407194006496,0.0164865959077473,1.71186420675262,64.748985211604,94.7588284788529,TRUE,FALSE,TRUE,"map_full"
"imputed_dhsmics_age_5","24-35",93,0.112287955053469,0.145372927597252,-0.172642983037145,0.397218893144083,0.0164865959077473,1.71186420675262,64.748985211604,94.7588284788529,TRUE,FALSE,TRUE,"map_full"
"imputed_dhsmics_age_5","24-35",93.5,0.111635203438872,0.148171173387586,-0.178780296400796,0.402050703278539,0.0164865959077473,1.71186420675262,64.748985211604,94.7588284788529,TRUE,FALSE,TRUE,"map_full"
"imputed_dhsmics_age_5","24-35",94,0.110982070755901,0.150978742024497,-0.184936263612112,0.406900405123915,0.0164865959077473,1.71186420675262,64.748985211604,94.7588284788529,TRUE,FALSE,TRUE,"map_full"
"imputed_dhsmics_age_5","24-35",94.5,0.110328708362896,0.153794435998157,-0.191108386193491,0.411765802919283,0.0164865959077473,1.71186420675262,64.748985211604,94.7588284788529,TRUE,FALSE,TRUE,"map_full"
"imputed_dhsmics_age_5","24-35",94.7588284788529,0.109990450437385,0.155254799882589,-0.194308957332489,0.41428985820726,0.0164865959077473,1.71186420675262,64.748985211604,94.7588284788529,TRUE,FALSE,TRUE,"map_full"
"imputed_dhsmics_age_5","24-35",95,0.109675264787303,0.156617084809585,-0.197294221439484,0.41664475101409,0.0164865959077473,1.71186420675262,64.748985211604,94.7588284788529,FALSE,FALSE,TRUE,"map_full"
"imputed_dhsmics_age_5","24-35",95.5,0.109021817712409,0.159445919759661,-0.203492185016527,0.421535820441345,0.0164865959077473,1.71186420675262,64.748985211604,94.7588284788529,FALSE,FALSE,TRUE,"map_full"
"imputed_dhsmics_age_5","24-35",96,0.108368370637515,0.162280599204406,-0.209701603803121,0.426438345078151,0.0164865959077473,1.71186420675262,64.748985211604,94.7588284788529,FALSE,FALSE,TRUE,"map_full"
"imputed_dhsmics_age_5","24-35",96.5,0.107714923562621,0.165120822141434,-0.215921887834589,0.431351734959831,0.0164865959077473,1.71186420675262,64.748985211604,94.7588284788529,FALSE,FALSE,TRUE,"map_full"
"imputed_dhsmics_age_5","24-35",97,0.107061476487727,0.167966307358262,-0.222152485934467,0.436275438909921,0.0164865959077473,1.71186420675262,64.748985211604,94.7588284788529,FALSE,FALSE,TRUE,"map_full"
"imputed_dhsmics_age_5","24-35",97.5,0.106408029412833,0.170816791876158,-0.228392882664436,0.441208941490102,0.0164865959077473,1.71186420675262,64.748985211604,94.7588284788529,FALSE,FALSE,TRUE,"map_full"
"imputed_dhsmics_age_5","24-35",98,0.105754582337939,0.173672029534235,-0.234642595549161,0.446151760225039,0.0164865959077473,1.71186420675262,64.748985211604,94.7588284788529,FALSE,FALSE,TRUE,"map_full"
"imputed_dhsmics_age_5","24-35",98.5,0.105101135263045,0.176531789699767,-0.240901172548498,0.451103443074589,0.0164865959077473,1.71186420675262,64.748985211604,94.7588284788529,FALSE,FALSE,TRUE,"map_full"
"imputed_dhsmics_age_5","24-35",99,0.104447688188151,0.179395856092193,-0.247168189752547,0.45606356612885,0.0164865959077473,1.71186420675262,64.748985211604,94.7588284788529,FALSE,FALSE,TRUE,"map_full"
"imputed_dhsmics_age_5","24-35",99.5,0.103794241113258,0.182264025709639,-0.253443249277635,0.46103173150415,0.0164865959077473,1.71186420675262,64.748985211604,94.7588284788529,FALSE,FALSE,TRUE,"map_full"
"imputed_dhsmics_age_5","24-35",100,0.103140794038364,0.185136107847989,-0.259725977343696,0.466007565420423,0.0164865959077473,1.71186420675262,64.748985211604,94.7588284788529,FALSE,FALSE,TRUE,"map_full"
"imputed_dhsmics_age_6","36-47",0,-0.59196046289554,0.0693830954539829,-0.727951329985347,-0.455969595805734,0.0164865959077473,1.71186420675262,64.8021491662964,94.7588284788529,FALSE,FALSE,TRUE,"map_full"
"imputed_dhsmics_age_6","36-47",0.0164865959077473,-0.591379978652508,0.069306420135338,-0.72722056211777,-0.455539395187245,0.0164865959077473,1.71186420675262,64.8021491662964,94.7588284788529,TRUE,FALSE,TRUE,"map_full"
"imputed_dhsmics_age_6","36-47",0.5,-0.57435732032959,0.0670593374074131,-0.70579362164812,-0.442921019011061,0.0164865959077473,1.71186420675262,64.8021491662964,94.7588284788529,TRUE,FALSE,TRUE,"map_full"
"imputed_dhsmics_age_6","36-47",1,-0.556764383249182,0.064740566157958,-0.68365589291878,-0.429872873579584,0.0164865959077473,1.71186420675262,64.8021491662964,94.7588284788529,TRUE,FALSE,TRUE,"map_full"
"imputed_dhsmics_age_6","36-47",1.5,-0.539192204993088,0.0624292564130484,-0.661553547562663,-0.416830862423513,0.0164865959077473,1.71186420675262,64.8021491662964,94.7588284788529,TRUE,FALSE,TRUE,"map_full"
"imputed_dhsmics_age_6","36-47",1.71186420675262,-0.531755207226322,0.0614527409633391,-0.652202579514466,-0.411307834938177,0.0164865959077473,1.71186420675262,64.8021491662964,94.7588284788529,TRUE,TRUE,TRUE,"map_full"
"imputed_dhsmics_age_6","36-47",2,-0.521651338963138,0.0601278750705372,-0.639501974101391,-0.403800703824885,0.0164865959077473,1.71186420675262,64.8021491662964,94.7588284788529,TRUE,TRUE,TRUE,"map_full"
"imputed_dhsmics_age_6","36-47",2.5,-0.50415233856116,0.0578388791243331,-0.617516541644853,-0.390788135477467,0.0164865959077473,1.71186420675262,64.8021491662964,94.7588284788529,TRUE,TRUE,TRUE,"map_full"
"imputed_dhsmics_age_6","36-47",3,-0.486705757188983,0.0555647133469432,-0.595612595348992,-0.377798919028975,0.0164865959077473,1.71186420675262,64.8021491662964,94.7588284788529,TRUE,TRUE,TRUE,"map_full"
"imputed_dhsmics_age_6","36-47",3.5,-0.469322148248436,0.0533078076923795,-0.5738054513255,-0.364838845171372,0.0164865959077473,1.71186420675262,64.8021491662964,94.7588284788529,TRUE,TRUE,TRUE,"map_full"
"imputed_dhsmics_age_6","36-47",4,-0.452012065141347,0.0510705743690503,-0.552110390904686,-0.351913739378008,0.0164865959077473,1.71186420675262,64.8021491662964,94.7588284788529,TRUE,TRUE,TRUE,"map_full"
"imputed_dhsmics_age_6","36-47",4.5,-0.434786061269546,0.0488554045238361,-0.530542654136264,-0.339029468402827,0.0164865959077473,1.71186420675262,64.8021491662964,94.7588284788529,TRUE,TRUE,TRUE,"map_full"
"imputed_dhsmics_age_6","36-47",5,-0.41765469003486,0.0466646644686212,-0.509117432393358,-0.326191947676363,0.0164865959077473,1.71186420675262,64.8021491662964,94.7588284788529,TRUE,TRUE,TRUE,"map_full"
"imputed_dhsmics_age_6","36-47",5.5,-0.400628504839119,0.0445006913688687,-0.487849859922102,-0.313407149756137,0.0164865959077473,1.71186420675262,64.8021491662964,94.7588284788529,TRUE,TRUE,TRUE,"map_full"
"imputed_dhsmics_age_6","36-47",6,-0.383718059084152,0.0423657883001322,-0.466755004152411,-0.300681114015893,0.0164865959077473,1.71186420675262,64.8021491662964,94.7588284788529,TRUE,TRUE,TRUE,"map_full"
"imputed_dhsmics_age_6","36-47",6.5,-0.366933906171787,0.0402622185624065,-0.445847854554104,-0.28801995778947,0.0164865959077473,1.71186420675262,64.8021491662964,94.7588284788529,TRUE,TRUE,TRUE,"map_full"
"imputed_dhsmics_age_6","36-47",7,-0.350286599503853,0.038192199123665,-0.425143309786237,-0.27542988922147,0.0164865959077473,1.71186420675262,64.8021491662964,94.7588284788529,TRUE,TRUE,TRUE,"map_full"
"imputed_dhsmics_age_6","36-47",7.5,-0.333786692482179,0.0361578930425404,-0.404656162845558,-0.2629172221188,0.0164865959077473,1.71186420675262,64.8021491662964,94.7588284788529,TRUE,TRUE,TRUE,"map_full"
"imputed_dhsmics_age_6","36-47",8,-0.317444738508594,0.0341614006956901,-0.384401083872146,-0.250488393145041,0.0164865959077473,1.71186420675262,64.8021491662964,94.7588284788529,TRUE,TRUE,TRUE,"map_full"
"imputed_dhsmics_age_6","36-47",8.5,-0.301271290984925,0.0322047496078553,-0.364392600216322,-0.238149981753529,0.0164865959077473,1.71186420675262,64.8021491662964,94.7588284788529,TRUE,TRUE,TRUE,"map_full"
"imputed_dhsmics_age_6","36-47",9,-0.285276903313003,0.0302898826521013,-0.344645073311122,-0.225908733314885,0.0164865959077473,1.71186420675262,64.8021491662964,94.7588284788529,TRUE,TRUE,TRUE,"map_full"
"imputed_dhsmics_age_6","36-47",9.5,-0.269472128894656,0.0284186443546512,-0.325172671829772,-0.21377158595954,0.0164865959077473,1.71186420675262,64.8021491662964,94.7588284788529,TRUE,TRUE,TRUE,"map_full"
"imputed_dhsmics_age_6","36-47",10,-0.253867521131712,0.0265927650040596,-0.305989340539669,-0.201745701723755,0.0164865959077473,1.71186420675262,64.8021491662964,94.7588284788529,TRUE,TRUE,TRUE,"map_full"
"imputed_dhsmics_age_6","36-47",10.5,-0.238473633426001,0.0248138422299094,-0.287108764196623,-0.189838502655378,0.0164865959077473,1.71186420675262,64.8021491662964,94.7588284788529,TRUE,TRUE,TRUE,"map_full"
"imputed_dhsmics_age_6","36-47",11,-0.22330101917935,0.0230833196845218,-0.268544325761013,-0.178057712597688,0.0164865959077473,1.71186420675262,64.8021491662964,94.7588284788529,TRUE,TRUE,TRUE,"map_full"
"imputed_dhsmics_age_6","36-47",11.5,-0.20836023179359,0.021402462436604,-0.250309058169334,-0.166411405417846,0.0164865959077473,1.71186420675262,64.8021491662964,94.7588284788529,TRUE,TRUE,TRUE,"map_full"
"imputed_dhsmics_age_6","36-47",12,-0.193661824670548,0.0197723286745383,-0.232415588872643,-0.154908060468453,0.0164865959077473,1.71186420675262,64.8021491662964,94.7588284788529,TRUE,TRUE,TRUE,"map_full"
"imputed_dhsmics_age_6","36-47",12.5,-0.179216351212054,0.0181937373278951,-0.214876076374728,-0.143556626049379,0.0164865959077473,1.71186420675262,64.8021491662964,94.7588284788529,TRUE,TRUE,TRUE,"map_full"
"imputed_dhsmics_age_6","36-47",13,-0.165034364819935,0.0166672312605276,-0.197702138090569,-0.132366591549301,0.0164865959077473,1.71186420675262,64.8021491662964,94.7588284788529,TRUE,TRUE,TRUE,"map_full"
"imputed_dhsmics_age_6","36-47",13.5,-0.151126418896022,0.0151930357824957,-0.180904769029713,-0.12134806876233,0.0164865959077473,1.71186420675262,64.8021491662964,94.7588284788529,TRUE,TRUE,TRUE,"map_full"
"imputed_dhsmics_age_6","36-47",14,-0.137503066842142,0.0137710123896178,-0.164494251125793,-0.110511882558491,0.0164865959077473,1.71186420675262,64.8021491662964,94.7588284788529,TRUE,TRUE,TRUE,"map_full"
"imputed_dhsmics_age_6","36-47",14.5,-0.124174862060125,0.0124006078896853,-0.148480053523908,-0.0998696705963414,0.0164865959077473,1.71186420675262,64.8021491662964,94.7588284788529,TRUE,TRUE,TRUE,"map_full"
"imputed_dhsmics_age_6","36-47",15,-0.111152357951798,0.0110807994345494,-0.132870724843515,-0.0894339910600816,0.0164865959077473,1.71186420675262,64.8021491662964,94.7588284788529,TRUE,TRUE,TRUE,"map_full"
"imputed_dhsmics_age_6","36-47",15.5,-0.098446107918992,0.00981003646476992,-0.117673779389941,-0.079218436448043,0.0164865959077473,1.71186420675262,64.8021491662964,94.7588284788529,TRUE,TRUE,TRUE,"map_full"
"imputed_dhsmics_age_6","36-47",16,-0.0860666653635342,0.00858618119528231,-0.102895580506288,-0.0692377502207809,0.0164865959077473,1.71186420675262,64.8021491662964,94.7588284788529,TRUE,TRUE,TRUE,"map_full"
"imputed_dhsmics_age_6","36-47",16.5,-0.0740245836872539,0.00740645001463297,-0.0885412257159345,-0.0595079416585733,0.0164865959077473,1.71186420675262,64.8021491662964,94.7588284788529,TRUE,TRUE,TRUE,"map_full"
"imputed_dhsmics_age_6","36-47",17,-0.0623304162919799,0.00626735899743773,-0.0746144399269578,-0.0500463926570019,0.0164865959077473,1.71186420675262,64.8021491662964,94.7588284788529,TRUE,TRUE,TRUE,"map_full"
"imputed_dhsmics_age_6","36-47",17.5,-0.0509947165795407,0.00516467757274662,-0.061117484622124,-0.0408719485369573,0.0164865959077473,1.71186420675262,64.8021491662964,94.7588284788529,TRUE,TRUE,TRUE,"map_full"
"imputed_dhsmics_age_6","36-47",18,-0.0400280379517653,0.00409339519304853,-0.0480510925301404,-0.0320049833733902,0.0164865959077473,1.71186420675262,64.8021491662964,94.7588284788529,TRUE,TRUE,TRUE,"map_full"
"imputed_dhsmics_age_6","36-47",18.5,-0.0294409338104823,0.00304770680011859,-0.0354144391387148,-0.0234674284822499,0.0164865959077473,1.71186420675262,64.8021491662964,94.7588284788529,TRUE,TRUE,TRUE,"map_full"
"imputed_dhsmics_age_6","36-47",19,-0.0192427117980538,0.00202108216496106,-0.0232040328413774,-0.0152813907547301,0.0164865959077473,1.71186420675262,64.8021491662964,94.7588284788529,TRUE,TRUE,TRUE,"map_full"
"imputed_dhsmics_age_6","36-47",19.5,-0.00943159601451823,0.00100707268913703,-0.0114054584852268,-0.00745773354380966,0.0164865959077473,1.71186420675262,64.8021491662964,94.7588284788529,TRUE,TRUE,TRUE,"map_full"
"imputed_dhsmics_age_6","36-47",20,0,0,0,0,0.0164865959077473,1.71186420675262,64.8021491662964,94.7588284788529,TRUE,TRUE,TRUE,"map_full"
"imputed_dhsmics_age_6","36-47",20.5,0.00905971390939746,0.00100504698069136,0.00708982182724239,0.0110296059915525,0.0164865959077473,1.71186420675262,64.8021491662964,94.7588284788529,TRUE,TRUE,TRUE,"map_full"
"imputed_dhsmics_age_6","36-47",21,0.017755183377571,0.00201220547596976,0.0138112606446703,0.0216991061104717,0.0164865959077473,1.71186420675262,64.8021491662964,94.7588284788529,TRUE,TRUE,TRUE,"map_full"
"imputed_dhsmics_age_6","36-47",21.5,0.0260940460684172,0.0030248482779612,0.0201653434436133,0.0320227486932212,0.0164865959077473,1.71186420675262,64.8021491662964,94.7588284788529,TRUE,TRUE,TRUE,"map_full"
"imputed_dhsmics_age_6","36-47",22,0.0340839396458329,0.0040456077157401,0.0261545485229823,0.0420133307686835,0.0164865959077473,1.71186420675262,64.8021491662964,94.7588284788529,TRUE,TRUE,TRUE,"map_full"
"imputed_dhsmics_age_6","36-47",22.5,0.0417325017737148,0.0050764110533622,0.0317827361091249,0.0516822674383047,0.0164865959077473,1.71186420675262,64.8021491662964,94.7588284788529,TRUE,TRUE,TRUE,"map_full"
"imputed_dhsmics_age_6","36-47",23,0.0490473701159596,0.00611852418066058,0.0370550627218649,0.0610396775100543,0.0164865959077473,1.71186420675262,64.8021491662964,94.7588284788529,TRUE,TRUE,TRUE,"map_full"
"imputed_dhsmics_age_6","36-47",23.5,0.0560361823364641,0.00717260068432801,0.0419778849951812,0.070094479677747,0.0164865959077473,1.71186420675262,64.8021491662964,94.7588284788529,TRUE,TRUE,TRUE,"map_full"
"imputed_dhsmics_age_6","36-47",24,0.0627065760991248,0.00823873377088137,0.0465586579081973,0.0788544942900523,0.0164865959077473,1.71186420675262,64.8021491662964,94.7588284788529,TRUE,TRUE,TRUE,"map_full"
"imputed_dhsmics_age_6","36-47",24.5,0.0690661890678387,0.00931650897485284,0.0508058314771271,0.0873265466585503,0.0164865959077473,1.71186420675262,64.8021491662964,94.7588284788529,TRUE,TRUE,TRUE,"map_full"
"imputed_dhsmics_age_6","36-47",25,0.0751226589065024,0.0104050560608275,0.0547287490272805,0.0955165687857242,0.0164865959077473,1.71186420675262,64.8021491662964,94.7588284788529,TRUE,TRUE,TRUE,"map_full"
"imputed_dhsmics_age_6","36-47",25.5,0.0808836232790126,0.01150309897258,0.0583375492927558,0.103429697265269,0.0164865959077473,1.71186420675262,64.8021491662964,94.7588284788529,TRUE,TRUE,TRUE,"map_full"
"imputed_dhsmics_age_6","36-47",26,0.0863567198492659,0.0126090030708254,0.0616430738304481,0.111070365868084,0.0164865959077473,1.71186420675262,64.8021491662964,94.7588284788529,TRUE,TRUE,TRUE,"map_full"
"imputed_dhsmics_age_6","36-47",26.5,0.0915495862811593,0.0137208192219773,0.0646567806060838,0.118442391956235,0.0164865959077473,1.71186420675262,64.8021491662964,94.7588284788529,TRUE,TRUE,TRUE,"map_full"
"imputed_dhsmics_age_6","36-47",27,0.0964698602385893,0.0148363245531753,0.0673906641143658,0.125549056362813,0.0164865959077473,1.71186420675262,64.8021491662964,94.7588284788529,TRUE,TRUE,TRUE,"map_full"
"imputed_dhsmics_age_6","36-47",27.5,0.101125179385453,0.015953059879513,0.0698571820216073,0.132393176749298,0.0164865959077473,1.71186420675262,64.8021491662964,94.7588284788529,TRUE,TRUE,TRUE,"map_full"
"imputed_dhsmics_age_6","36-47",28,0.105523181385646,0.0170683639469823,0.072069188049561,0.138977174721732,0.0164865959077473,1.71186420675262,64.8021491662964,94.7588284788529,TRUE,TRUE,TRUE,"map_full"
"imputed_dhsmics_age_6","36-47",28.5,0.109671503903067,0.0181794047293787,0.0740398706334844,0.145303137172649,0.0164865959077473,1.71186420675262,64.8021491662964,94.7588284788529,TRUE,TRUE,TRUE,"map_full"
"imputed_dhsmics_age_6","36-47",29,0.113577784601611,0.0192832080792244,0.0757826967663308,0.15137287243689,0.0164865959077473,1.71186420675262,64.8021491662964,94.7588284788529,TRUE,TRUE,TRUE,"map_full"
"imputed_dhsmics_age_6","36-47",29.5,0.117249661145175,0.0203766840705774,0.0773113603668431,0.157187961923507,0.0164865959077473,1.71186420675262,64.8021491662964,94.7588284788529,TRUE,TRUE,TRUE,"map_full"
"imputed_dhsmics_age_6","36-47",30,0.120694771197656,0.0214566513929772,0.0786397344674208,0.162749807927891,0.0164865959077473,1.71186420675262,64.8021491662964,94.7588284788529,TRUE,TRUE,TRUE,"map_full"
"imputed_dhsmics_age_6","36-47",30.5,0.123920752422951,0.0225198601669481,0.0797818264957327,0.168059678350169,0.0164865959077473,1.71186420675262,64.8021491662964,94.7588284788529,TRUE,TRUE,TRUE,"map_full"
"imputed_dhsmics_age_6","36-47",31,0.126935242484956,0.0235630135574178,0.0807517359124174,0.173118749057495,0.0164865959077473,1.71186420675262,64.8021491662964,94.7588284788529,TRUE,TRUE,TRUE,"map_full"
"imputed_dhsmics_age_6","36-47",31.5,0.129745879047569,0.0245827885660723,0.0815636134580672,0.177928144637071,0.0164865959077473,1.71186420675262,64.8021491662964,94.7588284788529,TRUE,TRUE,TRUE,"map_full"
"imputed_dhsmics_age_6","36-47",32,0.132360299774685,0.0255758563902351,0.0822316212498247,0.182488978299546,0.0164865959077473,1.71186420675262,64.8021491662964,94.7588284788529,TRUE,TRUE,TRUE,"map_full"
"imputed_dhsmics_age_6","36-47",32.5,0.134786142330203,0.0265389027469327,0.0827698929462145,0.186802391714191,0.0164865959077473,1.71186420675262,64.8021491662964,94.7588284788529,TRUE,TRUE,TRUE,"map_full"
"imputed_dhsmics_age_6","36-47",33,0.137031044378017,0.0274686485786396,0.0831924931638832,0.19086959559215,0.0164865959077473,1.71186420675262,64.8021491662964,94.7588284788529,TRUE,TRUE,TRUE,"map_full"
"imputed_dhsmics_age_6","36-47",33.5,0.139102643582025,0.0283618715838549,0.0835133752776698,0.194691911886381,0.0164865959077473,1.71186420675262,64.8021491662964,94.7588284788529,TRUE,TRUE,TRUE,"map_full"
"imputed_dhsmics_age_6","36-47",34,0.141008577606124,0.0292154290531815,0.0837463366618887,0.19827081855036,0.0164865959077473,1.71186420675262,64.8021491662964,94.7588284788529,TRUE,TRUE,TRUE,"map_full"
"imputed_dhsmics_age_6","36-47",34.5,0.142756484114211,0.0300262825420939,0.0839049703317072,0.201607997896715,0.0164865959077473,1.71186420675262,64.8021491662964,94.7588284788529,TRUE,TRUE,TRUE,"map_full"
"imputed_dhsmics_age_6","36-47",35,0.144354000770182,0.0307915249773834,0.0840026118145106,0.204705389725853,0.0164865959077473,1.71186420675262,64.8021491662964,94.7588284788529,TRUE,TRUE,TRUE,"map_full"
"imputed_dhsmics_age_6","36-47",35.5,0.145808765237934,0.0315084108779252,0.0840522799172004,0.207565250558667,0.0164865959077473,1.71186420675262,64.8021491662964,94.7588284788529,TRUE,TRUE,TRUE,"map_full"
"imputed_dhsmics_age_6","36-47",36,0.147128415181363,0.0321743904746571,0.0840666098510354,0.210190220511691,0.0164865959077473,1.71186420675262,64.8021491662964,94.7588284788529,TRUE,TRUE,TRUE,"map_full"
"imputed_dhsmics_age_6","36-47",36.5,0.148320588264367,0.0327871486424206,0.0840577769252227,0.212583399603512,0.0164865959077473,1.71186420675262,64.8021491662964,94.7588284788529,TRUE,TRUE,TRUE,"map_full"
"imputed_dhsmics_age_6","36-47",37,0.149392922150842,0.0333446497103725,0.0840374087185121,0.214748435583172,0.0164865959077473,1.71186420675262,64.8021491662964,94.7588284788529,TRUE,TRUE,TRUE,"map_full"
"imputed_dhsmics_age_6","36-47",37.5,0.150353019992785,0.0338452262495278,0.0840163765437102,0.216689663441859,0.0164865959077473,1.71186420675262,64.8021491662964,94.7588284788529,TRUE,TRUE,TRUE,"map_full"
"imputed_dhsmics_age_6","36-47",38,0.151206366222767,0.0342898290284873,0.0839983013269314,0.218414431118602,0.0164865959077473,1.71186420675262,64.8021491662964,94.7588284788529,TRUE,TRUE,TRUE,"map_full"
"imputed_dhsmics_age_6","36-47",38.5,0.151955133353633,0.0346831410376064,0.0839761769199248,0.219934089787342,0.0164865959077473,1.71186420675262,64.8021491662964,94.7588284788529,TRUE,TRUE,TRUE,"map_full"
"imputed_dhsmics_age_6","36-47",39,0.152601205715355,0.0350302186366527,0.0839419771875152,0.221260434243194,0.0164865959077473,1.71186420675262,64.8021491662964,94.7588284788529,TRUE,TRUE,TRUE,"map_full"
"imputed_dhsmics_age_6","36-47",39.5,0.1531464676379,0.0353361481121778,0.0838876173380311,0.222405317937768,0.0164865959077473,1.71186420675262,64.8021491662964,94.7588284788529,TRUE,TRUE,TRUE,"map_full"
"imputed_dhsmics_age_6","36-47",40,0.153592803451238,0.0356060146163698,0.0838050148031532,0.223380592099323,0.0164865959077473,1.71186420675262,64.8021491662964,94.7588284788529,TRUE,TRUE,TRUE,"map_full"
"imputed_dhsmics_age_6","36-47",40.5,0.153942097485339,0.0358448708370937,0.0836861506446356,0.224198044326043,0.0164865959077473,1.71186420675262,64.8021491662964,94.7588284788529,TRUE,TRUE,TRUE,"map_full"
"imputed_dhsmics_age_6","36-47",41,0.154196234070173,0.0360577047937063,0.0835231326745083,0.224869335465837,0.0164865959077473,1.71186420675262,64.8021491662964,94.7588284788529,TRUE,TRUE,TRUE,"map_full"
"imputed_dhsmics_age_6","36-47",41.5,0.154357097535708,0.0362494064159555,0.0833082609604348,0.225405934110981,0.0164865959077473,1.71186420675262,64.8021491662964,94.7588284788529,TRUE,TRUE,TRUE,"map_full"
"imputed_dhsmics_age_6","36-47",42,0.154426572211914,0.036424732802638,0.0830340959187435,0.225819048505085,0.0164865959077473,1.71186420675262,64.8021491662964,94.7588284788529,TRUE,TRUE,TRUE,"map_full"
"imputed_dhsmics_age_6","36-47",42.5,0.154406542428761,0.0365882722831217,0.0826935287538425,0.22611955610368,0.0164865959077473,1.71186420675262,64.8021491662964,94.7588284788529,TRUE,TRUE,TRUE,"map_full"
"imputed_dhsmics_age_6","36-47",43,0.154298892516218,0.0367444076216071,0.0822798535778682,0.226317931454568,0.0164865959077473,1.71186420675262,64.8021491662964,94.7588284788529,TRUE,TRUE,TRUE,"map_full"
"imputed_dhsmics_age_6","36-47",43.5,0.154105506804255,0.0368972789086397,0.0817868401433211,0.226424173465189,0.0164865959077473,1.71186420675262,64.8021491662964,94.7588284788529,TRUE,TRUE,TRUE,"map_full"
"imputed_dhsmics_age_6","36-47",44,0.153828269622841,0.0370507468698414,0.0812088057579515,0.22644773348773,0.0164865959077473,1.71186420675262,64.8021491662964,94.7588284788529,TRUE,TRUE,TRUE,"map_full"
"imputed_dhsmics_age_6","36-47",44.5,0.153469065301945,0.0372083574777992,0.0805406846454585,0.226397445958431,0.0164865959077473,1.71186420675262,64.8021491662964,94.7588284788529,TRUE,TRUE,TRUE,"map_full"
"imputed_dhsmics_age_6","36-47",45,0.153029778171537,0.0373733088675596,0.0797780927911205,0.226281463551954,0.0164865959077473,1.71186420675262,64.8021491662964,94.7588284788529,TRUE,TRUE,TRUE,"map_full"
"imputed_dhsmics_age_6","36-47",45.5,0.152512292561587,0.0375484216174975,0.0789173861912921,0.226107198931882,0.0164865959077473,1.71186420675262,64.8021491662964,94.7588284788529,TRUE,TRUE,TRUE,"map_full"
"imputed_dhsmics_age_6","36-47",46,0.151918492802064,0.0377361134560038,0.0779557104282964,0.225881275175831,0.0164865959077473,1.71186420675262,64.8021491662964,94.7588284788529,TRUE,TRUE,TRUE,"map_full"
"imputed_dhsmics_age_6","36-47",46.5,0.151250263222937,0.0379383793852987,0.0768910396277517,0.225609486818123,0.0164865959077473,1.71186420675262,64.8021491662964,94.7588284788529,TRUE,TRUE,TRUE,"map_full"
"imputed_dhsmics_age_6","36-47",47,0.150509488154176,0.0381567780773594,0.0757222031225516,0.225296773185801,0.0164865959077473,1.71186420675262,64.8021491662964,94.7588284788529,TRUE,TRUE,TRUE,"map_full"
"imputed_dhsmics_age_6","36-47",47.5,0.14969805192575,0.0383924252007325,0.0744488985323149,0.224947205319186,0.0164865959077473,1.71186420675262,64.8021491662964,94.7588284788529,TRUE,TRUE,TRUE,"map_full"
"imputed_dhsmics_age_6","36-47",48,0.14881783886763,0.0386459940945901,0.0730716904422332,0.224563987293026,0.0164865959077473,1.71186420675262,64.8021491662964,94.7588284788529,TRUE,TRUE,TRUE,"map_full"
"imputed_dhsmics_age_6","36-47",48.5,0.147870733309783,0.0389177239367605,0.0715919943937327,0.224149472225834,0.0164865959077473,1.71186420675262,64.8021491662964,94.7588284788529,TRUE,TRUE,TRUE,"map_full"
"imputed_dhsmics_age_6","36-47",49,0.14685861958218,0.0392074352776773,0.070012046437933,0.223705192726428,0.0164865959077473,1.71186420675262,64.8021491662964,94.7588284788529,TRUE,TRUE,TRUE,"map_full"
"imputed_dhsmics_age_6","36-47",49.5,0.145783382014791,0.0395145525548142,0.0683348590073549,0.223231905022227,0.0164865959077473,1.71186420675262,64.8021491662964,94.7588284788529,TRUE,TRUE,TRUE,"map_full"
"imputed_dhsmics_age_6","36-47",50,0.144646904937584,0.0398381329824787,0.0665641642919257,0.222729645583242,0.0164865959077473,1.71186420675262,64.8021491662964,94.7588284788529,TRUE,TRUE,TRUE,"map_full"
"imputed_dhsmics_age_6","36-47",50.5,0.143451072680529,0.0401769010455406,0.0647043466312698,0.222197798729789,0.0164865959077473,1.71186420675262,64.8021491662964,94.7588284788529,TRUE,TRUE,TRUE,"map_full"
"imputed_dhsmics_age_6","36-47",51,0.142197769573596,0.0405292877223711,0.0627603656377488,0.221635173509444,0.0164865959077473,1.71186420675262,64.8021491662964,94.7588284788529,TRUE,TRUE,TRUE,"map_full"
"imputed_dhsmics_age_6","36-47",51.5,0.140888879946754,0.040893473524901,0.0607376718379482,0.22104008805556,0.0164865959077473,1.71186420675262,64.8021491662964,94.7588284788529,TRUE,TRUE,TRUE,"map_full"
"imputed_dhsmics_age_6","36-47",52,0.139526288129973,0.0412674344690009,0.058642116570731,0.220410459689215,0.0164865959077473,1.71186420675262,64.8021491662964,94.7588284788529,TRUE,TRUE,TRUE,"map_full"
"imputed_dhsmics_age_6","36-47",52.5,0.138111878453221,0.0416489901680317,0.0564798577238793,0.219743899182564,0.0164865959077473,1.71186420675262,64.8021491662964,94.7588284788529,TRUE,TRUE,TRUE,"map_full"
"imputed_dhsmics_age_6","36-47",53,0.13664753524647,0.0420358533647283,0.0542572626516021,0.219037807841337,0.0164865959077473,1.71186420675262,64.8021491662964,94.7588284788529,TRUE,TRUE,TRUE,"map_full"
"imputed_dhsmics_age_6","36-47",53.5,0.135135142839687,0.0424256803682799,0.051980809317858,0.218289476361515,0.0164865959077473,1.71186420675262,64.8021491662964,94.7588284788529,TRUE,TRUE,TRUE,"map_full"
"imputed_dhsmics_age_6","36-47",54,0.133576585562842,0.042816122031251,0.0496569863815902,0.217496184744094,0.0164865959077473,1.71186420675262,64.8021491662964,94.7588284788529,TRUE,TRUE,TRUE,"map_full"
"imputed_dhsmics_age_6","36-47",54.5,0.131973747745906,0.0432048750727082,0.0472921926033975,0.216655302888414,0.0164865959077473,1.71186420675262,64.8021491662964,94.7588284788529,TRUE,TRUE,TRUE,"map_full"
"imputed_dhsmics_age_6","36-47",55,0.130328513718846,0.0435897337193447,0.0448926356289307,0.215764391808762,0.0164865959077473,1.71186420675262,64.8021491662964,94.7588284788529,TRUE,TRUE,TRUE,"map_full"
"imputed_dhsmics_age_6","36-47",55.5,0.128642767811634,0.0439686417873875,0.0424642299083544,0.214821305714914,0.0164865959077473,1.71186420675262,64.8021491662964,94.7588284788529,TRUE,TRUE,TRUE,"map_full"
"imputed_dhsmics_age_6","36-47",56,0.126918394354238,0.0443397454584499,0.0400124932556761,0.2138242954528,0.0164865959077473,1.71186420675262,64.8021491662964,94.7588284788529,TRUE,TRUE,TRUE,"map_full"
"imputed_dhsmics_age_6","36-47",56.5,0.125157277676628,0.0447014471074873,0.0375424413459527,0.212772114007303,0.0164865959077473,1.71186420675262,64.8021491662964,94.7588284788529,TRUE,TRUE,TRUE,"map_full"
"imputed_dhsmics_age_6","36-47",57,0.123361085675415,0.0450527001028288,0.0350577934738703,0.211664377876959,0.0164865959077473,1.71186420675262,64.8021491662964,94.7588284788529,TRUE,TRUE,TRUE,"map_full"
"imputed_dhsmics_age_6","36-47",57.5,0.121530534739857,0.0453938917139316,0.0325585069805507,0.210502562499163,0.0164865959077473,1.71186420675262,64.8021491662964,94.7588284788529,TRUE,TRUE,TRUE,"map_full"
"imputed_dhsmics_age_6","36-47",58,0.1196660798561,0.0457261200283932,0.0300428846004496,0.209289275111751,0.0164865959077473,1.71186420675262,64.8021491662964,94.7588284788529,TRUE,TRUE,TRUE,"map_full"
"imputed_dhsmics_age_6","36-47",58.5,0.117768176002865,0.0460508797329285,0.0275084517263256,0.208027900279405,0.0164865959077473,1.71186420675262,64.8021491662964,94.7588284788529,TRUE,TRUE,TRUE,"map_full"
"imputed_dhsmics_age_6","36-47",59,0.115837278158873,0.0463700308005766,0.0249520177897424,0.206722538528003,0.0164865959077473,1.71186420675262,64.8021491662964,94.7588284788529,TRUE,TRUE,TRUE,"map_full"
"imputed_dhsmics_age_6","36-47",59.5,0.113873841302842,0.0466857690332076,0.0223697339977549,0.205377948607929,0.0164865959077473,1.71186420675262,64.8021491662964,94.7588284788529,TRUE,TRUE,TRUE,"map_full"
"imputed_dhsmics_age_6","36-47",60,0.111878320413494,0.0470005977953993,0.0197571487345111,0.203999492092476,0.0164865959077473,1.71186420675262,64.8021491662964,94.7588284788529,TRUE,TRUE,TRUE,"map_full"
"imputed_dhsmics_age_6","36-47",60.5,0.109851170469548,0.0473173003089589,0.0171092618639886,0.202593079075107,0.0164865959077473,1.71186420675262,64.8021491662964,94.7588284788529,TRUE,TRUE,TRUE,"map_full"
"imputed_dhsmics_age_6","36-47",61,0.107792846449725,0.0476389119198652,0.0144205790867895,0.201165113812661,0.0164865959077473,1.71186420675262,64.8021491662964,94.7588284788529,TRUE,TRUE,TRUE,"map_full"
"imputed_dhsmics_age_6","36-47",61.5,0.105703803332746,0.0479686918089167,0.0116851673872691,0.199722439278223,0.0164865959077473,1.71186420675262,64.8021491662964,94.7588284788529,TRUE,TRUE,TRUE,"map_full"
"imputed_dhsmics_age_6","36-47",62,0.10358449609733,0.0483100936943748,0.00889671245635509,0.198272279738304,0.0164865959077473,1.71186420675262,64.8021491662964,94.7588284788529,TRUE,TRUE,TRUE,"map_full"
"imputed_dhsmics_age_6","36-47",62.5,0.101435379722197,0.0486667351700442,0.00604857878891085,0.196822180655484,0.0164865959077473,1.71186420675262,64.8021491662964,94.7588284788529,TRUE,TRUE,TRUE,"map_full"
"imputed_dhsmics_age_6","36-47",63,0.099256909186069,0.0490423654357044,0.00313387293208839,0.19537994544005,0.0164865959077473,1.71186420675262,64.8021491662964,94.7588284788529,TRUE,TRUE,TRUE,"map_full"
"imputed_dhsmics_age_6","36-47",63.5,0.0970495394676646,0.0494408313076736,0.000145510104624491,0.193953568830705,0.0164865959077473,1.71186420675262,64.8021491662964,94.7588284788529,TRUE,TRUE,TRUE,"map_full"
"imputed_dhsmics_age_6","36-47",64,0.0948137255457049,0.0498660415429691,-0.0029237158785145,0.192551166969924,0.0164865959077473,1.71186420675262,64.8021491662964,94.7588284788529,TRUE,TRUE,TRUE,"map_full"
"imputed_dhsmics_age_6","36-47",64.5,0.0925499223989096,0.0503219296664526,-0.00608105974733744,0.191180904545157,0.0164865959077473,1.71186420675262,64.8021491662964,94.7588284788529,TRUE,TRUE,TRUE,"map_full"
"imputed_dhsmics_age_6","36-47",64.8021491662964,0.0911685339629736,0.0506139440760733,-0.00803479642613009,0.190371864352077,0.0164865959077473,1.71186420675262,64.8021491662964,94.7588284788529,TRUE,TRUE,TRUE,"map_full"
"imputed_dhsmics_age_6","36-47",65,0.0902585850059992,0.0508124156497497,-0.00933374966751013,0.189850919679509,0.0164865959077473,1.71186420675262,64.8021491662964,94.7588284788529,TRUE,FALSE,TRUE,"map_full"
"imputed_dhsmics_age_6","36-47",65.5,0.0879401683456942,0.0513413669448468,-0.0126889108662056,0.188569247557594,0.0164865959077473,1.71186420675262,64.8021491662964,94.7588284788529,TRUE,FALSE,TRUE,"map_full"
"imputed_dhsmics_age_6","36-47",66,0.0855951273967143,0.0519125595137998,-0.0161534892503332,0.187343744043762,0.0164865959077473,1.71186420675262,64.8021491662964,94.7588284788529,TRUE,FALSE,TRUE,"map_full"
"imputed_dhsmics_age_6","36-47",66.5,0.0832239171377803,0.0525296396079989,-0.0197341764938975,0.186182010769458,0.0164865959077473,1.71186420675262,64.8021491662964,94.7588284788529,TRUE,FALSE,TRUE,"map_full"
"imputed_dhsmics_age_6","36-47",67,0.0808269925476123,0.0531960871254851,-0.0234373382183385,0.185091323313563,0.0164865959077473,1.71186420675262,64.8021491662964,94.7588284788529,TRUE,FALSE,TRUE,"map_full"
"imputed_dhsmics_age_6","36-47",67.5,0.0784048086049304,0.0539151814042832,-0.0272689469474647,0.184078564157325,0.0164865959077473,1.71186420675262,64.8021491662964,94.7588284788529,TRUE,FALSE,TRUE,"map_full"
"imputed_dhsmics_age_6","36-47",68,0.0759578202884549,0.0546899702881174,-0.0312345214762553,0.183150162053165,0.0164865959077473,1.71186420675262,64.8021491662964,94.7588284788529,TRUE,FALSE,TRUE,"map_full"
"imputed_dhsmics_age_6","36-47",68.5,0.0734864825769058,0.0555232432268454,-0.0353390741477112,0.182312039301523,0.0164865959077473,1.71186420675262,64.8021491662964,94.7588284788529,TRUE,FALSE,TRUE,"map_full"
"imputed_dhsmics_age_6","36-47",69,0.070991250449004,0.0564175090508546,-0.039587067290671,0.181569568188679,0.0164865959077473,1.71186420675262,64.8021491662964,94.7588284788529,TRUE,FALSE,TRUE,"map_full"
"imputed_dhsmics_age_6","36-47",69.5,0.0684725788834691,0.0573749788945235,-0.0439823797497969,0.180927537516735,0.0164865959077473,1.71186420675262,64.8021491662964,94.7588284788529,TRUE,FALSE,TRUE,"map_full"
"imputed_dhsmics_age_6","36-47",70,0.0659309228590218,0.0583975545506228,-0.048528284060199,0.180390129778243,0.0164865959077473,1.71186420675262,64.8021491662964,94.7588284788529,TRUE,FALSE,TRUE,"map_full"
"imputed_dhsmics_age_6","36-47",70.5,0.0633667373543819,0.0594868223298295,-0.0532274344120838,0.179960909120848,0.0164865959077473,1.71186420675262,64.8021491662964,94.7588284788529,TRUE,FALSE,TRUE,"map_full"
"imputed_dhsmics_age_6","36-47",71,0.0607804773482702,0.0606440522929548,-0.0580818651459212,0.179642819842462,0.0164865959077473,1.71186420675262,64.8021491662964,94.7588284788529,TRUE,FALSE,TRUE,"map_full"
"imputed_dhsmics_age_6","36-47",71.5,0.0581725978194065,0.0618702025328821,-0.0630929991450424,0.179438194783855,0.0164865959077473,1.71186420675262,64.8021491662964,94.7588284788529,TRUE,FALSE,TRUE,"map_full"
"imputed_dhsmics_age_6","36-47",72,0.0555435537465112,0.06316592802103,-0.0682616651747076,0.17934877266773,0.0164865959077473,1.71186420675262,64.8021491662964,94.7588284788529,TRUE,FALSE,TRUE,"map_full"
"imputed_dhsmics_age_6","36-47",72.5,0.0528938001083046,0.0645315934083702,-0.073588122972101,0.17937572318871,0.0164865959077473,1.71186420675262,64.8021491662964,94.7588284788529,TRUE,FALSE,TRUE,"map_full"
"imputed_dhsmics_age_6","36-47",73,0.0502237918835069,0.0659672890884481,-0.0790720947298515,0.179519678496865,0.0164865959077473,1.71186420675262,64.8021491662964,94.7588284788529,TRUE,FALSE,TRUE,"map_full"
"imputed_dhsmics_age_6","36-47",73.5,0.0475339840508384,0.0674728497901909,-0.0847128015379358,0.179780769639613,0.0164865959077473,1.71186420675262,64.8021491662964,94.7588284788529,TRUE,FALSE,TRUE,"map_full"
"imputed_dhsmics_age_6","36-47",74,0.0448248315890192,0.069047874968592,-0.0905090033494211,0.18015866652746,0.0164865959077473,1.71186420675262,64.8021491662964,94.7588284788529,TRUE,FALSE,TRUE,"map_full"
"imputed_dhsmics_age_6","36-47",74.5,0.0420967894767697,0.0706917502959328,-0.0964590411032586,0.180652620056798,0.0164865959077473,1.71186420675262,64.8021491662964,94.7588284788529,TRUE,FALSE,TRUE,"map_full"
"imputed_dhsmics_age_6","36-47",75,0.0393503126928101,0.0724036696175817,-0.10256087975765,0.18126150514327,0.0164865959077473,1.71186420675262,64.8021491662964,94.7588284788529,TRUE,FALSE,TRUE,"map_full"
"imputed_dhsmics_age_6","36-47",75.5,0.0365858562158606,0.0741826568164371,-0.108812151144356,0.181983863576077,0.0164865959077473,1.71186420675262,64.8021491662964,94.7588284788529,TRUE,FALSE,TRUE,"map_full"
"imputed_dhsmics_age_6","36-47",76,0.0338038750246416,0.0760275871207804,-0.115210195732088,0.182817945781371,0.0164865959077473,1.71186420675262,64.8021491662964,94.7588284788529,TRUE,FALSE,TRUE,"map_full"
"imputed_dhsmics_age_6","36-47",76.5,0.0310048240978731,0.0779372074845447,-0.121752102571835,0.183761750767581,0.0164865959077473,1.71186420675262,64.8021491662964,94.7588284788529,TRUE,FALSE,TRUE,"map_full"
"imputed_dhsmics_age_6","36-47",77,0.0281891584142756,0.079910155760953,-0.128434746877192,0.184813063705744,0.0164865959077473,1.71186420675262,64.8021491662964,94.7588284788529,TRUE,FALSE,TRUE,"map_full"
"imputed_dhsmics_age_6","36-47",77.5,0.0253573329525691,0.0819449784757496,-0.1352548248599,0.185969490765038,0.0164865959077473,1.71186420675262,64.8021491662964,94.7588284788529,TRUE,FALSE,TRUE,"map_full"
"imputed_dhsmics_age_6","36-47",78,0.0225098026914741,0.0840401470819243,-0.142208885589097,0.187228490972046,0.0164865959077473,1.71186420675262,64.8021491662964,94.7588284788529,TRUE,FALSE,TRUE,"map_full"
"imputed_dhsmics_age_6","36-47",78.5,0.0196470226097108,0.0861940726422977,-0.149293359769193,0.188587404988614,0.0164865959077473,1.71186420675262,64.8021491662964,94.7588284788529,TRUE,FALSE,TRUE,"map_full"
"imputed_dhsmics_age_6","36-47",79,0.0167694476859995,0.0884051189390805,-0.156504585434598,0.190043480806597,0.0164865959077473,1.71186420675262,64.8021491662964,94.7588284788529,TRUE,FALSE,TRUE,"map_full"
"imputed_dhsmics_age_6","36-47",79.5,0.01387753289906,0.0906716140508468,-0.1638388306406,0.19159389643872,0.0164865959077473,1.71186420675262,64.8021491662964,94.7588284788529,TRUE,FALSE,TRUE,"map_full"
"imputed_dhsmics_age_6","36-47",80,0.0109717332276131,0.0929918604681521,-0.171292313289965,0.193235779745191,0.0164865959077473,1.71186420675262,64.8021491662964,94.7588284788529,TRUE,FALSE,TRUE,"map_full"
"imputed_dhsmics_age_6","36-47",80.5,0.00805250365037876,0.0953641438405232,-0.178861218277047,0.194966225577804,0.0164865959077473,1.71186420675262,64.8021491662964,94.7588284788529,TRUE,FALSE,TRUE,"map_full"
"imputed_dhsmics_age_6","36-47",81,0.0051202991460773,0.0977867404611402,-0.186541712157757,0.196782310449912,0.0164865959077473,1.71186420675262,64.8021491662964,94.7588284788529,TRUE,FALSE,TRUE,"map_full"
"imputed_dhsmics_age_6","36-47",81.5,0.00217557469342904,0.100257923602668,-0.1943299555678,0.198681104954659,0.0164865959077473,1.71186420675262,64.8021491662964,94.7588284788529,TRUE,FALSE,TRUE,"map_full"
"imputed_dhsmics_age_6","36-47",82,-0.000781214728845885,0.102775968819721,-0.202222113615498,0.200659684157807,0.0164865959077473,1.71186420675262,64.8021491662964,94.7588284788529,TRUE,FALSE,TRUE,"map_full"
"imputed_dhsmics_age_6","36-47",82.5,-0.00374961414202714,0.105339158331593,-0.210214364471949,0.202715136187895,0.0164865959077473,1.71186420675262,64.8021491662964,94.7588284788529,TRUE,FALSE,TRUE,"map_full"
"imputed_dhsmics_age_6","36-47",83,-0.00672916856739458,0.107945784594252,-0.218302906372128,0.204844569237338,0.0164865959077473,1.71186420675262,64.8021491662964,94.7588284788529,TRUE,FALSE,TRUE,"map_full"
"imputed_dhsmics_age_6","36-47",83.5,-0.00971942302622782,0.110594153164002,-0.226483963227672,0.207045117175216,0.0164865959077473,1.71186420675262,64.8021491662964,94.7588284788529,TRUE,FALSE,TRUE,"map_full"
"imputed_dhsmics_age_6","36-47",84,-0.0127199225398067,0.113282584947511,-0.234753789036929,0.209313943957316,0.0164865959077473,1.71186420675262,64.8021491662964,94.7588284788529,TRUE,FALSE,TRUE,"map_full"
"imputed_dhsmics_age_6","36-47",84.5,-0.0157302121294109,0.116009417924491,-0.243108671261413,0.211648247002591,0.0164865959077473,1.71186420675262,64.8021491662964,94.7588284788529,TRUE,FALSE,TRUE,"map_full"
"imputed_dhsmics_age_6","36-47",85,-0.0187498368163203,0.118773008420805,-0.251544933321098,0.214045259688457,0.0164865959077473,1.71186420675262,64.8021491662964,94.7588284788529,TRUE,FALSE,TRUE,"map_full"
"imputed_dhsmics_age_6","36-47",85.5,-0.0217783416218146,0.121571732001348,-0.260058936344457,0.216502253100828,0.0164865959077473,1.71186420675262,64.8021491662964,94.7588284788529,TRUE,FALSE,TRUE,"map_full"
"imputed_dhsmics_age_6","36-47",86,-0.0248152715671734,0.124403984043991,-0.268647080293395,0.219016537159049,0.0164865959077473,1.71186420675262,64.8021491662964,94.7588284788529,TRUE,FALSE,TRUE,"map_full"
"imputed_dhsmics_age_6","36-47",86.5,-0.0278601716736767,0.127268180048323,-0.27730580456839,0.221585461221036,0.0164865959077473,1.71186420675262,64.8021491662964,94.7588284788529,TRUE,FALSE,TRUE,"map_full"
"imputed_dhsmics_age_6","36-47",87,-0.0309125869626041,0.130162755725978,-0.286031588185521,0.224206414260313,0.0164865959077473,1.71186420675262,64.8021491662964,94.7588284788529,TRUE,FALSE,TRUE,"map_full"
"imputed_dhsmics_age_6","36-47",87.5,-0.0339720624552354,0.133086166912968,-0.294820949604653,0.226876824694182,0.0164865959077473,1.71186420675262,64.8021491662964,94.7588284788529,TRUE,FALSE,TRUE,"map_full"
"imputed_dhsmics_age_6","36-47",88,-0.0370381431728503,0.13603688933878,-0.30367044627686,0.229594159931159,0.0164865959077473,1.71186420675262,64.8021491662964,94.7588284788529,TRUE,FALSE,TRUE,"map_full"
"imputed_dhsmics_age_6","36-47",88.5,-0.0401103741367285,0.139013418281895,-0.312576673969243,0.232355925695786,0.0164865959077473,1.71186420675262,64.8021491662964,94.7588284788529,TRUE,FALSE,TRUE,"map_full"
"imputed_dhsmics_age_6","36-47",89,-0.0431883003681499,0.142014268136922,-0.321536265916517,0.235159665180217,0.0164865959077473,1.71186420675262,64.8021491662964,94.7588284788529,TRUE,FALSE,TRUE,"map_full"
"imputed_dhsmics_age_6","36-47",89.5,-0.0462714668883942,0.14503797191461,-0.330545891841029,0.238002958064241,0.0164865959077473,1.71186420675262,64.8021491662964,94.7588284788529,TRUE,FALSE,TRUE,"map_full"
"imputed_dhsmics_age_6","36-47",90,-0.0493594187187412,0.148083080692569,-0.339602256876177,0.240883419438695,0.0164865959077473,1.71186420675262,64.8021491662964,94.7588284788529,TRUE,FALSE,TRUE,"map_full"
"imputed_dhsmics_age_6","36-47",90.5,-0.0524517008804704,0.151148163031587,-0.34870210042238,0.24379869866144,0.0164865959077473,1.71186420675262,64.8021491662964,94.7588284788529,TRUE,FALSE,TRUE,"map_full"
"imputed_dhsmics_age_6","36-47",91,-0.0555478583948619,0.154231804369847,-0.357842194959763,0.246746478170039,0.0164865959077473,1.71186420675262,64.8021491662964,94.7588284788529,TRUE,FALSE,TRUE,"map_full"
"imputed_dhsmics_age_6","36-47",91.5,-0.0586474362831953,0.157332606405208,-0.367019344837403,0.249724472271012,0.0164865959077473,1.71186420675262,64.8021491662964,94.7588284788529,TRUE,FALSE,TRUE,"map_full"
"imputed_dhsmics_age_6","36-47",92,-0.0617499795667502,0.160449186473784,-0.376230385055366,0.252730425921866,0.0164865959077473,1.71186420675262,64.8021491662964,94.7588284788529,TRUE,FALSE,TRUE,"map_full"
"imputed_dhsmics_age_6","36-47",92.5,-0.0648550332668066,0.163580176931537,-0.385472180052618,0.255762113519005,0.0164865959077473,1.71186420675262,64.8021491662964,94.7588284788529,TRUE,FALSE,TRUE,"map_full"
"imputed_dhsmics_age_6","36-47",93,-0.0679621424046441,0.166724224544207,-0.394741622511289,0.258817337702001,0.0164865959077473,1.71186420675262,64.8021491662964,94.7588284788529,TRUE,FALSE,TRUE,"map_full"
"imputed_dhsmics_age_6","36-47",93.5,-0.0710708520015425,0.169879989889802,-0.404035632185555,0.26189392818247,0.0164865959077473,1.71186420675262,64.8021491662964,94.7588284788529,TRUE,FALSE,TRUE,"map_full"
"imputed_dhsmics_age_6","36-47",94,-0.0741807070787815,0.173046146776919,-0.413351154761543,0.26498974060398,0.0164865959077473,1.71186420675262,64.8021491662964,94.7588284788529,TRUE,FALSE,TRUE,"map_full"
"imputed_dhsmics_age_6","36-47",94.5,-0.077291252657641,0.176221381681372,-0.422685160753129,0.268102655437847,0.0164865959077473,1.71186420675262,64.8021491662964,94.7588284788529,TRUE,FALSE,TRUE,"map_full"
"imputed_dhsmics_age_6","36-47",94.7588284788529,-0.0789015694702397,0.177868200602217,-0.427523242650585,0.269720103710105,0.0164865959077473,1.71186420675262,64.8021491662964,94.7588284788529,TRUE,FALSE,TRUE,"map_full"
"imputed_dhsmics_age_6","36-47",95,-0.0804020422689759,0.179404410219049,-0.432034686298311,0.271230601760359,0.0164865959077473,1.71186420675262,64.8021491662964,94.7588284788529,FALSE,FALSE,TRUE,"map_full"
"imputed_dhsmics_age_6","36-47",95.5,-0.0835128423991061,0.182594387406058,-0.441397841714979,0.274372156916767,0.0164865959077473,1.71186420675262,64.8021491662964,94.7588284788529,FALSE,FALSE,TRUE,"map_full"
"imputed_dhsmics_age_6","36-47",96,-0.0866236425292363,0.185790935456397,-0.450773876023775,0.277526590965303,0.0164865959077473,1.71186420675262,64.8021491662964,94.7588284788529,FALSE,FALSE,TRUE,"map_full"
"imputed_dhsmics_age_6","36-47",96.5,-0.0897344426593664,0.188993720961184,-0.460162135743288,0.280693250424555,0.0164865959077473,1.71186420675262,64.8021491662964,94.7588284788529,FALSE,FALSE,TRUE,"map_full"
"imputed_dhsmics_age_6","36-47",97,-0.0928452427894967,0.192202432105231,-0.469562009715749,0.283871524136755,0.0164865959077473,1.71186420675262,64.8021491662964,94.7588284788529,FALSE,FALSE,TRUE,"map_full"
"imputed_dhsmics_age_6","36-47",97.5,-0.0959560429196268,0.195416776994706,-0.47897292582925,0.287060839989996,0.0164865959077473,1.71186420675262,64.8021491662964,94.7588284788529,FALSE,FALSE,TRUE,"map_full"
"imputed_dhsmics_age_6","36-47",98,-0.099066843049757,0.198636482133198,-0.488394348030825,0.290260661931311,0.0164865959077473,1.71186420675262,64.8021491662964,94.7588284788529,FALSE,FALSE,TRUE,"map_full"
"imputed_dhsmics_age_6","36-47",98.5,-0.102177643179887,0.201861291031557,-0.49782577360174,0.293470487241965,0.0164865959077473,1.71186420675262,64.8021491662964,94.7588284788529,FALSE,FALSE,TRUE,"map_full"
"imputed_dhsmics_age_6","36-47",99,-0.105288443310017,0.205090962938456,-0.50726673066939,0.296689844049355,0.0164865959077473,1.71186420675262,64.8021491662964,94.7588284788529,FALSE,FALSE,TRUE,"map_full"
"imputed_dhsmics_age_6","36-47",99.5,-0.108399243440148,0.208325271679985,-0.516716775932919,0.299918289052624,0.0164865959077473,1.71186420675262,64.8021491662964,94.7588284788529,FALSE,FALSE,TRUE,"map_full"
"imputed_dhsmics_age_6","36-47",100,-0.111510043570278,0.211564004597846,-0.526175492582057,0.303155405441501,0.0164865959077473,1.71186420675262,64.8021491662964,94.7588284788529,FALSE,FALSE,TRUE,"map_full"
"imputed_dhsmics_age_7","48-59",0,-0.549075986833784,0.0792931532469369,-0.70449056719778,-0.393661406469788,0.0164865959077473,1.68818322535867,65.0269778284523,94.7588284788529,FALSE,FALSE,TRUE,"map_full"
"imputed_dhsmics_age_7","48-59",0.0164865959077473,-0.548508960135788,0.0792046816595466,-0.703750136188499,-0.393267784083076,0.0164865959077473,1.68818322535867,65.0269778284523,94.7588284788529,TRUE,FALSE,TRUE,"map_full"
"imputed_dhsmics_age_7","48-59",0.5,-0.531881356809786,0.0766121033928944,-0.682041079459859,-0.381721634159713,0.0164865959077473,1.68818322535867,65.0269778284523,94.7588284788529,TRUE,FALSE,TRUE,"map_full"
"imputed_dhsmics_age_7","48-59",1,-0.514699348541432,0.0739373205867086,-0.659616496891381,-0.369782200191483,0.0164865959077473,1.68818322535867,65.0269778284523,94.7588284788529,TRUE,FALSE,TRUE,"map_full"
"imputed_dhsmics_age_7","48-59",1.5,-0.497543013995987,0.0712717758197133,-0.637235694602625,-0.357850333389349,0.0164865959077473,1.68818322535867,65.0269778284523,94.7588284788529,TRUE,FALSE,TRUE,"map_full"
"imputed_dhsmics_age_7","48-59",1.68818322535867,-0.491095272829817,0.0702715549340128,-0.628827520500482,-0.353363025159152,0.0164865959077473,1.68818322535867,65.0269778284523,94.7588284788529,TRUE,TRUE,TRUE,"map_full"
"imputed_dhsmics_age_7","48-59",2,-0.480425405218701,0.0686184308226582,-0.614917529631111,-0.345933280806291,0.0164865959077473,1.68818322535867,65.0269778284523,94.7588284788529,TRUE,TRUE,TRUE,"map_full"
"imputed_dhsmics_age_7","48-59",2.5,-0.463359574254826,0.0659802353840666,-0.592680835607596,-0.334038312902055,0.0164865959077473,1.68818322535867,65.0269778284523,94.7588284788529,TRUE,TRUE,TRUE,"map_full"
"imputed_dhsmics_age_7","48-59",3,-0.44635857314961,0.063360124365318,-0.570544416905634,-0.322172729393587,0.0164865959077473,1.68818322535867,65.0269778284523,94.7588284788529,TRUE,TRUE,TRUE,"map_full"
"imputed_dhsmics_age_7","48-59",3.5,-0.429435453948306,0.0607610143363156,-0.548527042047484,-0.310343865849127,0.0164865959077473,1.68818322535867,65.0269778284523,94.7588284788529,TRUE,TRUE,TRUE,"map_full"
"imputed_dhsmics_age_7","48-59",4,-0.412603268696162,0.058185799761055,-0.52664743622783,-0.298559101164495,0.0164865959077473,1.68818322535867,65.0269778284523,94.7588284788529,TRUE,TRUE,TRUE,"map_full"
"imputed_dhsmics_age_7","48-59",4.5,-0.395875069438431,0.055637348650208,-0.504924272792839,-0.286825866084023,0.0164865959077473,1.68818322535867,65.0269778284523,94.7588284788529,TRUE,TRUE,TRUE,"map_full"
"imputed_dhsmics_age_7","48-59",5,-0.379263908220361,0.0531184975834051,-0.483376163483835,-0.275151652956887,0.0164865959077473,1.68818322535867,65.0269778284523,94.7588284788529,TRUE,TRUE,TRUE,"map_full"
"imputed_dhsmics_age_7","48-59",5.5,-0.362782837087204,0.0506320459869024,-0.462021647221532,-0.263544026952875,0.0164865959077473,1.68818322535867,65.0269778284523,94.7588284788529,TRUE,TRUE,TRUE,"map_full"
"imputed_dhsmics_age_7","48-59",6,-0.346444908084209,0.0481807495323885,-0.44087917716769,-0.252010639000728,0.0164865959077473,1.68818322535867,65.0269778284523,94.7588284788529,TRUE,TRUE,TRUE,"map_full"
"imputed_dhsmics_age_7","48-59",6.5,-0.330263173256628,0.0457673124994328,-0.419967105755516,-0.240559240757739,0.0164865959077473,1.68818322535867,65.0269778284523,94.7588284788529,TRUE,TRUE,TRUE,"map_full"
"imputed_dhsmics_age_7","48-59",7,-0.31425068464971,0.0433943789171699,-0.399303667327363,-0.229197701972057,0.0164865959077473,1.68818322535867,65.0269778284523,94.7588284788529,TRUE,TRUE,TRUE,"map_full"
"imputed_dhsmics_age_7","48-59",7.5,-0.298420494308706,0.0410645222699407,-0.37890695795779,-0.217934030659622,0.0164865959077473,1.68818322535867,65.0269778284523,94.7588284788529,TRUE,TRUE,TRUE,"map_full"
"imputed_dhsmics_age_7","48-59",8,-0.282785654278866,0.0387802335166601,-0.35879491197152,-0.206776396586212,0.0164865959077473,1.68818322535867,65.0269778284523,94.7588284788529,TRUE,TRUE,TRUE,"map_full"
"imputed_dhsmics_age_7","48-59",8.5,-0.267359216605441,0.036543907134745,-0.338985274589541,-0.195733158621341,0.0164865959077473,1.68818322535867,65.0269778284523,94.7588284788529,TRUE,TRUE,TRUE,"map_full"
"imputed_dhsmics_age_7","48-59",9,-0.252154233333682,0.0343578248570764,-0.319495570053552,-0.184812896613812,0.0164865959077473,1.68818322535867,65.0269778284523,94.7588284788529,TRUE,TRUE,TRUE,"map_full"
"imputed_dhsmics_age_7","48-59",9.5,-0.237183756508838,0.0322241367258689,-0.300343064491541,-0.174024448526135,0.0164865959077473,1.68818322535867,65.0269778284523,94.7588284788529,TRUE,TRUE,TRUE,"map_full"
"imputed_dhsmics_age_7","48-59",10,-0.222460838176159,0.0301448390426672,-0.281544722699787,-0.163376953652532,0.0164865959077473,1.68818322535867,65.0269778284523,94.7588284788529,TRUE,TRUE,TRUE,"map_full"
"imputed_dhsmics_age_7","48-59",10.5,-0.207998530380898,0.0281217487525675,-0.26311715793593,-0.152879902825865,0.0164865959077473,1.68818322535867,65.0269778284523,94.7588284788529,TRUE,TRUE,TRUE,"map_full"
"imputed_dhsmics_age_7","48-59",11,-0.193809885168303,0.0261564737687141,-0.245076573754982,-0.142543196581623,0.0164865959077473,1.68818322535867,65.0269778284523,94.7588284788529,TRUE,TRUE,TRUE,"map_full"
"imputed_dhsmics_age_7","48-59",11.5,-0.179907954583625,0.0242503787283076,-0.227438696891108,-0.132377212276142,0.0164865959077473,1.68818322535867,65.0269778284523,94.7588284788529,TRUE,TRUE,TRUE,"map_full"
"imputed_dhsmics_age_7","48-59",12,-0.166305790672114,0.0224045456852778,-0.210218700215259,-0.12239288112897,0.0164865959077473,1.68818322535867,65.0269778284523,94.7588284788529,TRUE,TRUE,TRUE,"map_full"
"imputed_dhsmics_age_7","48-59",12.5,-0.153016445479022,0.020619729302915,-0.193431114912735,-0.112601776045309,0.0164865959077473,1.68818322535867,65.0269778284523,94.7588284788529,TRUE,TRUE,TRUE,"map_full"
"imputed_dhsmics_age_7","48-59",13,-0.140052971049598,0.018896306232053,-0.177089731264422,-0.103016210834774,0.0164865959077473,1.68818322535867,65.0269778284523,94.7588284788529,TRUE,TRUE,TRUE,"map_full"
"imputed_dhsmics_age_7","48-59",13.5,-0.127428419429093,0.0172342185710045,-0.161207487828262,-0.093649351029924,0.0164865959077473,1.68818322535867,65.0269778284523,94.7588284788529,TRUE,TRUE,TRUE,"map_full"
"imputed_dhsmics_age_7","48-59",14,-0.115155842662757,0.015632911629337,-0.145796349456257,-0.0845153358692562,0.0164865959077473,1.68818322535867,65.0269778284523,94.7588284788529,TRUE,TRUE,TRUE,"map_full"
"imputed_dhsmics_age_7","48-59",14.5,-0.10324829279584,0.0140912666852984,-0.130867175499025,-0.0756294100926552,0.0164865959077473,1.68818322535867,65.0269778284523,94.7588284788529,TRUE,TRUE,TRUE,"map_full"
"imputed_dhsmics_age_7","48-59",15,-0.0917188218735936,0.0126075300563757,-0.11642958078409,-0.0670080629630972,0.0164865959077473,1.68818322535867,65.0269778284523,94.7588284788529,TRUE,TRUE,TRUE,"map_full"
"imputed_dhsmics_age_7","48-59",15.5,-0.0805804819412673,0.0111792405985639,-0.102491793514453,-0.0586691703680821,0.0164865959077473,1.68818322535867,65.0269778284523,94.7588284788529,TRUE,TRUE,TRUE,"map_full"
"imputed_dhsmics_age_7","48-59",16,-0.0698463250441117,0.00980315868893159,-0.0890605160744176,-0.0506321340138058,0.0164865959077473,1.68818322535867,65.0269778284523,94.7588284788529,TRUE,TRUE,TRUE,"map_full"
"imputed_dhsmics_age_7","48-59",16.5,-0.0595294032273773,0.00847520076312571,-0.0761407967231037,-0.0429180097316509,0.0164865959077473,1.68818322535867,65.0269778284523,94.7588284788529,TRUE,TRUE,TRUE,"map_full"
"imputed_dhsmics_age_7","48-59",17,-0.0496427685363145,0.00719038445937101,-0.0637359220766817,-0.0355496149959474,0.0164865959077473,1.68818322535867,65.0269778284523,94.7588284788529,TRUE,TRUE,TRUE,"map_full"
"imputed_dhsmics_age_7","48-59",17.5,-0.0401994730161736,0.00594279020619155,-0.0518473418203091,-0.0285516042120382,0.0164865959077473,1.68818322535867,65.0269778284523,94.7588284788529,TRUE,TRUE,TRUE,"map_full"
"imputed_dhsmics_age_7","48-59",18,-0.0312125687122052,0.00472554554862634,-0.0404746379875128,-0.0219504994368976,0.0164865959077473,1.68818322535867,65.0269778284523,94.7588284788529,TRUE,TRUE,TRUE,"map_full"
"imputed_dhsmics_age_7","48-59",18.5,-0.0226951076696594,0.00353083884084403,-0.0296155517977137,-0.0157746635416051,0.0164865959077473,1.68818322535867,65.0269778284523,94.7588284788529,TRUE,TRUE,TRUE,"map_full"
"imputed_dhsmics_age_7","48-59",19,-0.0146583528714388,0.00235008900144938,-0.0192645273142796,-0.010052178428598,0.0164865959077473,1.68818322535867,65.0269778284523,94.7588284788529,TRUE,TRUE,TRUE,"map_full"
"imputed_dhsmics_age_7","48-59",19.5,-0.00709764998351436,0.00117535631071204,-0.00940134835250996,-0.00479395161451876,0.0164865959077473,1.68818322535867,65.0269778284523,94.7588284788529,TRUE,TRUE,TRUE,"map_full"
"imputed_dhsmics_age_7","48-59",20,0,0,0,0,0.0164865959077473,1.68818322535867,65.0269778284523,94.7588284788529,TRUE,TRUE,TRUE,"map_full"
"imputed_dhsmics_age_7","48-59",20.5,0.00664766962020197,0.00118156586514693,0.00433180052451398,0.00896353871588996,0.0164865959077473,1.68818322535867,65.0269778284523,94.7588284788529,TRUE,TRUE,TRUE,"map_full"
"imputed_dhsmics_age_7","48-59",21,0.0128584314181895,0.00237389085525344,0.00820560534189278,0.0175112574944863,0.0164865959077473,1.68818322535867,65.0269778284523,94.7588284788529,TRUE,TRUE,TRUE,"map_full"
"imputed_dhsmics_age_7","48-59",21.5,0.0186453579350603,0.00358052485078274,0.0116275292275262,0.0256631866425945,0.0164865959077473,1.68818322535867,65.0269778284523,94.7588284788529,TRUE,TRUE,TRUE,"map_full"
"imputed_dhsmics_age_7","48-59",22,0.0240215217119124,0.00480407129731349,0.014605541969178,0.0334375014546468,0.0164865959077473,1.68818322535867,65.0269778284523,94.7588284788529,TRUE,TRUE,TRUE,"map_full"
"imputed_dhsmics_age_7","48-59",22.5,0.0289999952898435,0.00604625193306828,0.0171493415010297,0.0408506490786574,0.0164865959077473,1.68818322535867,65.0269778284523,94.7588284788529,TRUE,TRUE,TRUE,"map_full"
"imputed_dhsmics_age_7","48-59",23,0.0335938512099516,0.00730797839165082,0.019270213562316,0.0479174888575872,0.0164865959077473,1.68818322535867,65.0269778284523,94.7588284788529,TRUE,TRUE,TRUE,"map_full"
"imputed_dhsmics_age_7","48-59",23.5,0.0378161620133345,0.00858942682546614,0.0209808854354208,0.0546514385912481,0.0164865959077473,1.68818322535867,65.0269778284523,94.7588284788529,TRUE,TRUE,TRUE,"map_full"
"imputed_dhsmics_age_7","48-59",24,0.0416800002410898,0.00989011252162776,0.0222953796986994,0.0610646207834802,0.0164865959077473,1.68818322535867,65.0269778284523,94.7588284788529,TRUE,TRUE,TRUE,"map_full"
"imputed_dhsmics_age_7","48-59",24.5,0.0451984384343157,0.0112089622857464,0.0232288723542527,0.0671680045143787,0.0164865959077473,1.68818322535867,65.0269778284523,94.7588284788529,TRUE,TRUE,TRUE,"map_full"
"imputed_dhsmics_age_7","48-59",25,0.0483845491341099,0.0125443830842969,0.0237975582888879,0.0729715399793319,0.0164865959077473,1.68818322535867,65.0269778284523,94.7588284788529,TRUE,TRUE,TRUE,"map_full"
"imputed_dhsmics_age_7","48-59",25.5,0.0512514048815702,0.013894326031772,0.0240185258592971,0.0784842839038433,0.0164865959077473,1.68818322535867,65.0269778284523,94.7588284788529,TRUE,TRUE,TRUE,"map_full"
"imputed_dhsmics_age_7","48-59",26,0.0538120782177945,0.0152563452776472,0.023909641473606,0.083714514961983,0.0164865959077473,1.68818322535867,65.0269778284523,94.7588284788529,TRUE,TRUE,TRUE,"map_full"
"imputed_dhsmics_age_7","48-59",26.5,0.0560796416838806,0.0166276516988363,0.0234894443541615,0.0886698390135997,0.0164865959077473,1.68818322535867,65.0269778284523,94.7588284788529,TRUE,TRUE,TRUE,"map_full"
"imputed_dhsmics_age_7","48-59",27,0.0580671678209264,0.0180051615524364,0.0227770511781511,0.0933572844637018,0.0164865959077473,1.68818322535867,65.0269778284523,94.7588284788529,TRUE,TRUE,TRUE,"map_full"
"imputed_dhsmics_age_7","48-59",27.5,0.0597877291700298,0.0193855404106419,0.0217920699651717,0.0977833883748879,0.0164865959077473,1.68818322535867,65.0269778284523,94.7588284788529,TRUE,TRUE,TRUE,"map_full"
"imputed_dhsmics_age_7","48-59",28,0.0612543982722885,0.0207652428038554,0.0205545223767319,0.101954274167845,0.0164865959077473,1.68818322535867,65.0269778284523,94.7588284788529,TRUE,TRUE,TRUE,"map_full"
"imputed_dhsmics_age_7","48-59",28.5,0.0624802476688004,0.0221405480562573,0.0190847734785361,0.105875721859065,0.0164865959077473,1.68818322535867,65.0269778284523,94.7588284788529,TRUE,TRUE,TRUE,"map_full"
"imputed_dhsmics_age_7","48-59",29,0.0634783499006635,0.0235075928245891,0.0174034679644689,0.109553231836858,0.0164865959077473,1.68818322535867,65.0269778284523,94.7588284788529,TRUE,TRUE,TRUE,"map_full"
"imputed_dhsmics_age_7","48-59",29.5,0.0642617775089754,0.0248624008569968,0.0155314718292617,0.112992083188689,0.0164865959077473,1.68818322535867,65.0269778284523,94.7588284788529,TRUE,TRUE,TRUE,"map_full"
"imputed_dhsmics_age_7","48-59",30,0.0648436030348341,0.0262009104831968,0.0134898184877683,0.1161973875819,0.0164865959077473,1.68818322535867,65.0269778284523,94.7588284788529,TRUE,TRUE,TRUE,"map_full"
"imputed_dhsmics_age_7","48-59",30.5,0.0652368990193374,0.027519000336569,0.0112996583596622,0.119174139679013,0.0164865959077473,1.68818322535867,65.0269778284523,94.7588284788529,TRUE,TRUE,TRUE,"map_full"
"imputed_dhsmics_age_7","48-59",31,0.0654547380035832,0.0288125137979647,0.00898221095957234,0.121927265047594,0.0164865959077473,1.68818322535867,65.0269778284523,94.7588284788529,TRUE,TRUE,TRUE,"map_full"
"imputed_dhsmics_age_7","48-59",31.5,0.0655101925286693,0.0300772826437185,0.00655871854698102,0.124461666510358,0.0164865959077473,1.68818322535867,65.0269778284523,94.7588284788529,TRUE,TRUE,TRUE,"map_full"
"imputed_dhsmics_age_7","48-59",32,0.0654163351356936,0.0313091503793887,0.00405040039209181,0.126782269879295,0.0164865959077473,1.68818322535867,65.0269778284523,94.7588284788529,TRUE,TRUE,TRUE,"map_full"
"imputed_dhsmics_age_7","48-59",32.5,0.0651862383657538,0.032503995748405,0.00147840669888007,0.128894070032628,0.0164865959077473,1.68818322535867,65.0269778284523,94.7588284788529,TRUE,TRUE,TRUE,"map_full"
"imputed_dhsmics_age_7","48-59",33,0.0648329747599479,0.0336577569230605,-0.00113622880925068,0.130802178329146,0.0164865959077473,1.68818322535867,65.0269778284523,94.7588284788529,TRUE,TRUE,TRUE,"map_full"
"imputed_dhsmics_age_7","48-59",33.5,0.0643696168593737,0.0347664569160604,-0.00377263869610471,0.132511872414852,0.0164865959077473,1.68818322535867,65.0269778284523,94.7588284788529,TRUE,TRUE,TRUE,"map_full"
"imputed_dhsmics_age_7","48-59",34,0.063809237205129,0.0358262307961302,-0.0064101751552863,0.134028649565544,0.0164865959077473,1.68818322535867,65.0269778284523,94.7588284788529,TRUE,TRUE,TRUE,"map_full"
"imputed_dhsmics_age_7","48-59",34.5,0.0631649083383117,0.036833355353174,-0.00902846815390944,0.135358284830533,0.0164865959077473,1.68818322535867,65.0269778284523,94.7588284788529,TRUE,TRUE,TRUE,"map_full"
"imputed_dhsmics_age_7","48-59",35,0.0624497028000196,0.0377842819396348,-0.0116074898016646,0.136506895401704,0.0164865959077473,1.68818322535867,65.0269778284523,94.7588284788529,TRUE,TRUE,TRUE,"map_full"
"imputed_dhsmics_age_7","48-59",35.5,0.0616766931313506,0.0386756733178175,-0.0141276265715716,0.137481012834273,0.0164865959077473,1.68818322535867,65.0269778284523,94.7588284788529,TRUE,TRUE,TRUE,"map_full"
"imputed_dhsmics_age_7","48-59",36,0.0608589518734026,0.0395044454710276,-0.0165697612498115,0.138287664996617,0.0164865959077473,1.68818322535867,65.0269778284523,94.7588284788529,TRUE,TRUE,TRUE,"map_full"
"imputed_dhsmics_age_7","48-59",36.5,0.0600095515672733,0.0402678154925901,-0.0189153667982032,0.13893446993275,0.0164865959077473,1.68818322535867,65.0269778284523,94.7588284788529,TRUE,TRUE,TRUE,"map_full"
"imputed_dhsmics_age_7","48-59",37,0.0591415647540607,0.0409633568540385,-0.0211466146798547,0.139429744187976,0.0164865959077473,1.68818322535867,65.0269778284523,94.7588284788529,TRUE,TRUE,TRUE,"map_full"
"imputed_dhsmics_age_7","48-59",37.5,0.0582679894653679,0.0415891093297003,-0.0232466648208447,0.13978264375158,0.0164865959077473,1.68818322535867,65.0269778284523,94.7588284788529,TRUE,TRUE,TRUE,"map_full"
"imputed_dhsmics_age_7","48-59",38,0.05739724952181,0.0421463701393237,-0.0252096359512646,0.140004134994885,0.0164865959077473,1.68818322535867,65.0269778284523,94.7588284788529,TRUE,TRUE,TRUE,"map_full"
"imputed_dhsmics_age_7","48-59",38.5,0.0565306184722724,0.0426410642042902,-0.0270458673681364,0.140107104312681,0.0164865959077473,1.68818322535867,65.0269778284523,94.7588284788529,TRUE,TRUE,TRUE,"map_full"
"imputed_dhsmics_age_7","48-59",39,0.0556687476929909,0.0430795674545055,-0.02876720451784,0.140104699903822,0.0164865959077473,1.68818322535867,65.0269778284523,94.7588284788529,TRUE,TRUE,TRUE,"map_full"
"imputed_dhsmics_age_7","48-59",39.5,0.0548122885602011,0.0434682816200029,-0.0303855434150046,0.140010120535407,0.0164865959077473,1.68818322535867,65.0269778284523,94.7588284788529,TRUE,TRUE,TRUE,"map_full"
"imputed_dhsmics_age_7","48-59",40,0.0539618924501388,0.0438135965315418,-0.031912756751683,0.139836541651961,0.0164865959077473,1.68818322535867,65.0269778284523,94.7588284788529,TRUE,TRUE,TRUE,"map_full"
"imputed_dhsmics_age_7","48-59",40.5,0.0531182107390396,0.044121851537635,-0.033360618274725,0.139597039752804,0.0164865959077473,1.68818322535867,65.0269778284523,94.7588284788529,TRUE,TRUE,TRUE,"map_full"
"imputed_dhsmics_age_7","48-59",41,0.0522818948031397,0.0443992953999847,-0.0347407241808304,0.13930451378711,0.0164865959077473,1.68818322535867,65.0269778284523,94.7588284788529,TRUE,TRUE,TRUE,"map_full"
"imputed_dhsmics_age_7","48-59",41.5,0.0514535960186742,0.0446520443426433,-0.0360644108929067,0.138971602930255,0.0164865959077473,1.68818322535867,65.0269778284523,94.7588284788529,TRUE,TRUE,TRUE,"map_full"
"imputed_dhsmics_age_7","48-59",42,0.0506339657618794,0.0448860382218627,-0.0373426691529716,0.13861060067673,0.0164865959077473,1.68818322535867,65.0269778284523,94.7588284788529,TRUE,TRUE,TRUE,"map_full"
"imputed_dhsmics_age_7","48-59",42.5,0.0498236554089906,0.0451069950635819,-0.0385860549156299,0.138233365733611,0.0164865959077473,1.68818322535867,65.0269778284523,94.7588284788529,TRUE,TRUE,TRUE,"map_full"
"imputed_dhsmics_age_7","48-59",43,0.0490233163362439,0.0453203644853261,-0.0398045980549954,0.137851230727483,0.0164865959077473,1.68818322535867,65.0269778284523,94.7588284788529,TRUE,TRUE,TRUE,"map_full"
"imputed_dhsmics_age_7","48-59",43.5,0.0482335999198749,0.0455312807735045,-0.0410077103961939,0.137474910235944,0.0164865959077473,1.68818322535867,65.0269778284523,94.7588284788529,TRUE,TRUE,TRUE,"map_full"
"imputed_dhsmics_age_7","48-59",44,0.0474551575361192,0.0457445166147924,-0.0422040950288738,0.137114410101112,0.0164865959077473,1.68818322535867,65.0269778284523,94.7588284788529,TRUE,TRUE,TRUE,"map_full"
"imputed_dhsmics_age_7","48-59",44.5,0.0466886405612128,0.0459644386669106,-0.043401659225932,0.136778940348358,0.0164865959077473,1.68818322535867,65.0269778284523,94.7588284788529,TRUE,TRUE,TRUE,"map_full"
"imputed_dhsmics_age_7","48-59",45,0.0459347003713913,0.0461949662835774,-0.0446074335444203,0.136476834287203,0.0164865959077473,1.68818322535867,65.0269778284523,94.7588284788529,TRUE,TRUE,TRUE,"map_full"
"imputed_dhsmics_age_7","48-59",45.5,0.0451939883428905,0.0464395347657097,-0.0458274997979005,0.136215476483682,0.0164865959077473,1.68818322535867,65.0269778284523,94.7588284788529,TRUE,TRUE,TRUE,"map_full"
"imputed_dhsmics_age_7","48-59",46,0.0444671558519461,0.0467010644848504,-0.0470669305383608,0.136001242242253,0.0164865959077473,1.68818322535867,65.0269778284523,94.7588284788529,TRUE,TRUE,TRUE,"map_full"
"imputed_dhsmics_age_7","48-59",46.5,0.0437548542747939,0.0469819371103166,-0.0483297424614267,0.135839451011014,0.0164865959077473,1.68818322535867,65.0269778284523,94.7588284788529,TRUE,TRUE,TRUE,"map_full"
"imputed_dhsmics_age_7","48-59",47,0.0430577349876695,0.0472839799718074,-0.0496188657570731,0.135734335732412,0.0164865959077473,1.68818322535867,65.0269778284523,94.7588284788529,TRUE,TRUE,TRUE,"map_full"
"imputed_dhsmics_age_7","48-59",47.5,0.0423764493668087,0.0476084593160486,-0.0509361308926464,0.135689029626264,0.0164865959077473,1.68818322535867,65.0269778284523,94.7588284788529,TRUE,TRUE,TRUE,"map_full"
"imputed_dhsmics_age_7","48-59",48,0.0417116487884474,0.047956082889509,-0.0522822736749901,0.135705571251885,0.0164865959077473,1.68818322535867,65.0269778284523,94.7588284788529,TRUE,TRUE,TRUE,"map_full"
"imputed_dhsmics_age_7","48-59",48.5,0.0410639846288211,0.0483270119254806,-0.0536569587451208,0.135784928002763,0.0164865959077473,1.68818322535867,65.0269778284523,94.7588284788529,TRUE,TRUE,TRUE,"map_full"
"imputed_dhsmics_age_7","48-59",49,0.0404341082641658,0.0487208822621276,-0.0550588209696042,0.135927037497936,0.0164865959077473,1.68818322535867,65.0269778284523,94.7588284788529,TRUE,TRUE,TRUE,"map_full"
"imputed_dhsmics_age_7","48-59",49.5,0.039822671070717,0.0491368339972607,-0.0564855235639139,0.136130865705348,0.0164865959077473,1.68818322535867,65.0269778284523,94.7588284788529,TRUE,TRUE,TRUE,"map_full"
"imputed_dhsmics_age_7","48-59",50,0.0392303244247106,0.0495735488203554,-0.057933831263186,0.136394480112607,0.0164865959077473,1.68818322535867,65.0269778284523,94.7588284788529,TRUE,TRUE,TRUE,"map_full"
"imputed_dhsmics_age_7","48-59",50.5,0.0386577197023824,0.0500292939707424,-0.0593996964802727,0.136715135885037,0.0164865959077473,1.68818322535867,65.0269778284523,94.7588284788529,TRUE,TRUE,TRUE,"map_full"
"imputed_dhsmics_age_7","48-59",51,0.0381055082799679,0.0505019716626428,-0.060878356178812,0.137089372738748,0.0164865959077473,1.68818322535867,65.0269778284523,94.7588284788529,TRUE,TRUE,TRUE,"map_full"
"imputed_dhsmics_age_7","48-59",51.5,0.037574341533703,0.0509891727938633,-0.0623644371422691,0.137513120209675,0.0164865959077473,1.68818322535867,65.0269778284523,94.7588284788529,TRUE,TRUE,TRUE,"map_full"
"imputed_dhsmics_age_7","48-59",52,0.0370648708398235,0.0514882338088956,-0.0638520674256118,0.137981809105259,0.0164865959077473,1.68818322535867,65.0269778284523,94.7588284788529,TRUE,TRUE,TRUE,"map_full"
"imputed_dhsmics_age_7","48-59",52.5,0.036577747574565,0.05199629570644,-0.0653349920100574,0.138490487159187,0.0164865959077473,1.68818322535867,65.0269778284523,94.7588284788529,TRUE,TRUE,TRUE,"map_full"
"imputed_dhsmics_age_7","48-59",53,0.0361136231141632,0.0525103643499975,-0.0668066910118319,0.139033937240158,0.0164865959077473,1.68818322535867,65.0269778284523,94.7588284788529,TRUE,TRUE,TRUE,"map_full"
"imputed_dhsmics_age_7","48-59",53.5,0.0356731488348541,0.0530273714408867,-0.0682604991892838,0.139606796858992,0.0164865959077473,1.68818322535867,65.0269778284523,94.7588284788529,TRUE,TRUE,TRUE,"map_full"
"imputed_dhsmics_age_7","48-59",54,0.0352569761128733,0.0535442357292802,-0.0696897259165159,0.140203678142263,0.0164865959077473,1.68818322535867,65.0269778284523,94.7588284788529,TRUE,TRUE,TRUE,"map_full"
"imputed_dhsmics_age_7","48-59",54.5,0.0348657563244565,0.0540579242561034,-0.0710877752175061,0.140819287866419,0.0164865959077473,1.68818322535867,65.0269778284523,94.7588284788529,TRUE,TRUE,TRUE,"map_full"
"imputed_dhsmics_age_7","48-59",55,0.0345001408458395,0.054565513625193,-0.0724482658595388,0.141448547551218,0.0164865959077473,1.68818322535867,65.0269778284523,94.7588284788529,TRUE,TRUE,TRUE,"map_full"
"imputed_dhsmics_age_7","48-59",55.5,0.034160781053258,0.055064251492222,-0.0737651518714971,0.142086713978013,0.0164865959077473,1.68818322535867,65.0269778284523,94.7588284788529,TRUE,TRUE,TRUE,"map_full"
"imputed_dhsmics_age_7","48-59",56,0.0338483283229478,0.0555516186183915,-0.0750328441690996,0.142729500814995,0.0164865959077473,1.68818322535867,65.0269778284523,94.7588284788529,TRUE,TRUE,TRUE,"map_full"
"imputed_dhsmics_age_7","48-59",56.5,0.0335634340311447,0.0560253919685239,-0.076246334227162,0.143373202289451,0.0164865959077473,1.68818322535867,65.0269778284523,94.7588284788529,TRUE,TRUE,TRUE,"map_full"
"imputed_dhsmics_age_7","48-59",57,0.0333065950343215,0.0564840347641137,-0.0774021131033414,0.144015303171984,0.0164865959077473,1.68818322535867,65.0269778284523,94.7588284788529,TRUE,TRUE,TRUE,"map_full"
"imputed_dhsmics_age_7","48-59",57.5,0.0330776288727318,0.056927888110121,-0.0785010318231053,0.144656289568569,0.0164865959077473,1.68818322535867,65.0269778284523,94.7588284788529,TRUE,TRUE,TRUE,"map_full"
"imputed_dhsmics_age_7","48-59",58,0.0328761664612998,0.0573581903686082,-0.0795458866611722,0.145298219583772,0.0164865959077473,1.68818322535867,65.0269778284523,94.7588284788529,TRUE,TRUE,TRUE,"map_full"
"imputed_dhsmics_age_7","48-59",58.5,0.0327018387096475,0.0577766553572888,-0.0805404057906386,0.145944083209934,0.0164865959077473,1.68818322535867,65.0269778284523,94.7588284788529,TRUE,TRUE,TRUE,"map_full"
"imputed_dhsmics_age_7","48-59",59,0.0325542765273973,0.0581854348975349,-0.0814891758717712,0.146597728926566,0.0164865959077473,1.68818322535867,65.0269778284523,94.7588284788529,TRUE,TRUE,TRUE,"map_full"
"imputed_dhsmics_age_7","48-59",59.5,0.0324331108241713,0.0585870839914731,-0.0823975737991159,0.147263795447459,0.0164865959077473,1.68818322535867,65.0269778284523,94.7588284788529,TRUE,TRUE,TRUE,"map_full"
"imputed_dhsmics_age_7","48-59",60,0.0323379725095917,0.0589845278223112,-0.0832717020221383,0.147947647041322,0.0164865959077473,1.68818322535867,65.0269778284523,94.7588284788529,TRUE,TRUE,TRUE,"map_full"
"imputed_dhsmics_age_7","48-59",60.5,0.0322684924932807,0.0593810298145163,-0.0841183259431711,0.148655310929733,0.0164865959077473,1.68818322535867,65.0269778284523,94.7588284788529,TRUE,TRUE,TRUE,"map_full"
"imputed_dhsmics_age_7","48-59",61,0.0322243016848608,0.0597801600383472,-0.0849448119902998,0.149393415360021,0.0164865959077473,1.68818322535867,65.0269778284523,94.7588284788529,TRUE,TRUE,TRUE,"map_full"
"imputed_dhsmics_age_7","48-59",61.5,0.0322050309939539,0.0601857633070027,-0.0857590650877715,0.150169127075679,0.0164865959077473,1.68818322535867,65.0269778284523,94.7588284788529,TRUE,TRUE,TRUE,"map_full"
"imputed_dhsmics_age_7","48-59",62,0.0322103113301824,0.0606019263949516,-0.0865694644039228,0.150990087064288,0.0164865959077473,1.68818322535867,65.0269778284523,94.7588284788529,TRUE,TRUE,TRUE,"map_full"
"imputed_dhsmics_age_7","48-59",62.5,0.0322397736031684,0.0610329439040329,-0.0873847964487361,0.151864343655073,0.0164865959077473,1.68818322535867,65.0269778284523,94.7588284788529,TRUE,TRUE,TRUE,"map_full"
"imputed_dhsmics_age_7","48-59",63,0.0322930487225342,0.0614832824206066,-0.0882141848218546,0.152800282266923,0.0164865959077473,1.68818322535867,65.0269778284523,94.7588284788529,TRUE,TRUE,TRUE,"map_full"
"imputed_dhsmics_age_7","48-59",63.5,0.0323697675979021,0.0619575427424901,-0.0890670161773785,0.153806551373183,0.0164865959077473,1.68818322535867,65.0269778284523,94.7588284788529,TRUE,TRUE,TRUE,"map_full"
"imputed_dhsmics_age_7","48-59",64,0.0324695611388943,0.0624604201072623,-0.0899528622713398,0.154891984549128,0.0164865959077473,1.68818322535867,65.0269778284523,94.7588284788529,TRUE,TRUE,TRUE,"map_full"
"imputed_dhsmics_age_7","48-59",64.5,0.0325920602551328,0.062996662520424,-0.0908813982848983,0.156065518795164,0.0164865959077473,1.68818322535867,65.0269778284523,94.7588284788529,TRUE,TRUE,TRUE,"map_full"
"imputed_dhsmics_age_7","48-59",65,0.03273689585624,0.0635710274573065,-0.0918623179600808,0.157336109672561,0.0164865959077473,1.68818322535867,65.0269778284523,94.7588284788529,TRUE,TRUE,TRUE,"map_full"
"imputed_dhsmics_age_7","48-59",65.0269778284523,0.0327453384741453,0.0636031938691141,-0.0919169215093184,0.157407598457609,0.0164865959077473,1.68818322535867,65.0269778284523,94.7588284788529,TRUE,TRUE,TRUE,"map_full"
"imputed_dhsmics_age_7","48-59",65.5,0.0329036988518382,0.0641882373886146,-0.0929052464298463,0.158712644133523,0.0164865959077473,1.68818322535867,65.0269778284523,94.7588284788529,TRUE,FALSE,TRUE,"map_full"
"imputed_dhsmics_age_7","48-59",66,0.0330921001515493,0.0648529347461865,-0.0940196519509761,0.160203852254075,0.0164865959077473,1.68818322535867,65.0269778284523,94.7588284788529,TRUE,FALSE,TRUE,"map_full"
"imputed_dhsmics_age_7","48-59",66.5,0.033301730664996,0.065569637091653,-0.095214758034644,0.161818219364636,0.0164865959077473,1.68818322535867,65.0269778284523,94.7588284788529,TRUE,FALSE,TRUE,"map_full"
"imputed_dhsmics_age_7","48-59",67,0.0335322213018003,0.0663426933645204,-0.0964994576926598,0.16356390029626,0.0164865959077473,1.68818322535867,65.0269778284523,94.7588284788529,TRUE,FALSE,TRUE,"map_full"
"imputed_dhsmics_age_7","48-59",67.5,0.0337832029715843,0.0671762421570203,-0.0978822316561754,0.165448637599344,0.0164865959077473,1.68818322535867,65.0269778284523,94.7588284788529,TRUE,FALSE,TRUE,"map_full"
"imputed_dhsmics_age_7","48-59",68,0.0340543065839704,0.0680741729823673,-0.0993710724614696,0.16747968562941,0.0164865959077473,1.68818322535867,65.0269778284523,94.7588284788529,TRUE,FALSE,TRUE,"map_full"
"imputed_dhsmics_age_7","48-59",68.5,0.0343451630485805,0.0690400914659334,-0.100973416224649,0.16966374232181,0.0164865959077473,1.68818322535867,65.0269778284523,94.7588284788529,TRUE,FALSE,TRUE,"map_full"
"imputed_dhsmics_age_7","48-59",69,0.0346554032750375,0.0700772892949287,-0.102696083743023,0.172006890293098,0.0164865959077473,1.68818322535867,65.0269778284523,94.7588284788529,TRUE,FALSE,TRUE,"map_full"
"imputed_dhsmics_age_7","48-59",69.5,0.0349846581729628,0.0711887196161351,-0.104545232274662,0.174514548620588,0.0164865959077473,1.68818322535867,65.0269778284523,94.7588284788529,TRUE,FALSE,TRUE,"map_full"
"imputed_dhsmics_age_7","48-59",70,0.0353325586519793,0.072376978382547,-0.106526318977813,0.177191436281771,0.0164865959077473,1.68818322535867,65.0269778284523,94.7588284788529,TRUE,FALSE,TRUE,"map_full"
"imputed_dhsmics_age_7","48-59",70.5,0.0356987356217087,0.0736442919318625,-0.108644076564742,0.180041547808159,0.0164865959077473,1.68818322535867,65.0269778284523,94.7588284788529,TRUE,FALSE,TRUE,"map_full"
"imputed_dhsmics_age_7","48-59",71,0.0360828199917736,0.0749925108486244,-0.11090250127153,0.183068141255077,0.0164865959077473,1.68818322535867,65.0269778284523,94.7588284788529,TRUE,FALSE,TRUE,"map_full"
"imputed_dhsmics_age_7","48-59",71.5,0.0364844426717961,0.0764231099341555,-0.113304852799149,0.186273738142741,0.0164865959077473,1.68818322535867,65.0269778284523,94.7588284788529,TRUE,FALSE,TRUE,"map_full"
"imputed_dhsmics_age_7","48-59",72,0.0369032345713984,0.0779371938999682,-0.115853665472539,0.189660134615336,0.0164865959077473,1.68818322535867,65.0269778284523,94.7588284788529,TRUE,FALSE,TRUE,"map_full"
"imputed_dhsmics_age_7","48-59",72.5,0.0373388266002027,0.0795355082240763,-0.118550769518987,0.193228422719392,0.0164865959077473,1.68818322535867,65.0269778284523,94.7588284788529,TRUE,FALSE,TRUE,"map_full"
"imputed_dhsmics_age_7","48-59",73,0.0377908496678313,0.0812184544748069,-0.12139732110279,0.196979020438453,0.0164865959077473,1.68818322535867,65.0269778284523,94.7588284788529,TRUE,FALSE,TRUE,"map_full"
"imputed_dhsmics_age_7","48-59",73.5,0.0382589346839064,0.0829861093181563,-0.12439383957968,0.200911708947493,0.0164865959077473,1.68818322535867,65.0269778284523,94.7588284788529,TRUE,FALSE,TRUE,"map_full"
"imputed_dhsmics_age_7","48-59",74,0.0387427125580502,0.0848382463829224,-0.127540250352478,0.205025675468578,0.0164865959077473,1.68818322535867,65.0269778284523,94.7588284788529,TRUE,FALSE,TRUE,"map_full"
"imputed_dhsmics_age_7","48-59",74.5,0.0392418141998849,0.086774360159488,-0.130835931712712,0.209319560112481,0.0164865959077473,1.68818322535867,65.0269778284523,94.7588284788529,TRUE,FALSE,TRUE,"map_full"
"imputed_dhsmics_age_7","48-59",75,0.0397558705190327,0.0887936911470048,-0.134279764129097,0.213791505167162,0.0164865959077473,1.68818322535867,65.0269778284523,94.7588284788529,TRUE,FALSE,TRUE,"map_full"
"imputed_dhsmics_age_7","48-59",75.5,0.0402845124251159,0.0908952515318213,-0.137870180577254,0.218439205427486,0.0164865959077473,1.68818322535867,65.0269778284523,94.7588284788529,TRUE,FALSE,TRUE,"map_full"
"imputed_dhsmics_age_7","48-59",76,0.0408273708277568,0.093077850768531,-0.141605216678564,0.223259958334078,0.0164865959077473,1.68818322535867,65.0269778284523,94.7588284788529,TRUE,FALSE,TRUE,"map_full"
"imputed_dhsmics_age_7","48-59",76.5,0.0413840766365774,0.0953401205354193,-0.145482559612845,0.228250712885999,0.0164865959077473,1.68818322535867,65.0269778284523,94.7588284788529,TRUE,FALSE,TRUE,"map_full"
"imputed_dhsmics_age_7","48-59",77,0.0419542607612001,0.0976805386406458,-0.149499594974466,0.233408116496866,0.0164865959077473,1.68818322535867,65.0269778284523,94.7588284788529,TRUE,FALSE,TRUE,"map_full"
"imputed_dhsmics_age_7","48-59",77.5,0.0425375541112469,0.100097451557876,-0.153653450942191,0.238728559164684,0.0164865959077473,1.68818322535867,65.0269778284523,94.7588284788529,TRUE,FALSE,TRUE,"map_full"
"imputed_dhsmics_age_7","48-59",78,0.0431335875963404,0.102589095365451,-0.157941039319944,0.244208214512624,0.0164865959077473,1.68818322535867,65.0269778284523,94.7588284788529,TRUE,FALSE,TRUE,"map_full"
"imputed_dhsmics_age_7","48-59",78.5,0.0437419921261025,0.105153614948285,-0.162359093172536,0.249843077424741,0.0164865959077473,1.68818322535867,65.0269778284523,94.7588284788529,TRUE,FALSE,TRUE,"map_full"
"imputed_dhsmics_age_7","48-59",79,0.0443623986101558,0.107789081394685,-0.166904200923428,0.255628998143739,0.0164865959077473,1.68818322535867,65.0269778284523,94.7588284788529,TRUE,FALSE,TRUE,"map_full"
"imputed_dhsmics_age_7","48-59",79.5,0.0449944379581219,0.110493507580469,-0.171572836899597,0.261561712815841,0.0164865959077473,1.68818322535867,65.0269778284523,94.7588284788529,TRUE,FALSE,TRUE,"map_full"
"imputed_dhsmics_age_7","48-59",80,0.0456377410796235,0.11326486198037,-0.176361388401902,0.267636870561149,0.0164865959077473,1.68818322535867,65.0269778284523,94.7588284788529,TRUE,FALSE,TRUE,"map_full"
"imputed_dhsmics_age_7","48-59",80.5,0.0462919388842828,0.116101080782691,-0.181266179449792,0.273850057218357,0.0164865959077473,1.68818322535867,65.0269778284523,94.7588284788529,TRUE,FALSE,TRUE,"map_full"
"imputed_dhsmics_age_7","48-59",81,0.0469566622817218,0.119000078408648,-0.186283491399229,0.280196815962673,0.0164865959077473,1.68818322535867,65.0269778284523,94.7588284788529,TRUE,FALSE,TRUE,"map_full"
"imputed_dhsmics_age_7","48-59",81.5,0.0476315421815629,0.1219597565545,-0.191409580665257,0.286672665028383,0.0164865959077473,1.68818322535867,65.0269778284523,94.7588284788529,TRUE,FALSE,TRUE,"map_full"
"imputed_dhsmics_age_7","48-59",82,0.0483162094934283,0.124978011883769,-0.196640693798759,0.293273112785616,0.0164865959077473,1.68818322535867,65.0269778284523,94.7588284788529,TRUE,FALSE,TRUE,"map_full"
"imputed_dhsmics_age_7","48-59",82.5,0.0490102951269402,0.12805274250023,-0.20197308017351,0.29999367042739,0.0164865959077473,1.68818322535867,65.0269778284523,94.7588284788529,TRUE,FALSE,TRUE,"map_full"
"imputed_dhsmics_age_7","48-59",83,0.0497134299917208,0.131181853331143,-0.20740300253732,0.306829862520762,0.0164865959077473,1.68818322535867,65.0269778284523,94.7588284788529,TRUE,FALSE,TRUE,"map_full"
"imputed_dhsmics_age_7","48-59",83.5,0.0504252449973923,0.134363260545724,-0.212926745672227,0.313777235667012,0.0164865959077473,1.68818322535867,65.0269778284523,94.7588284788529,TRUE,FALSE,TRUE,"map_full"
"imputed_dhsmics_age_7","48-59",84,0.0511453710535771,0.137594895126964,-0.218540623395273,0.320831365502427,0.0164865959077473,1.68818322535867,65.0269778284523,94.7588284788529,TRUE,FALSE,TRUE,"map_full"
"imputed_dhsmics_age_7","48-59",84.5,0.0518734390698972,0.140874705706621,-0.22424098411508,0.327987862254875,0.0164865959077473,1.68818322535867,65.0269778284523,94.7588284788529,TRUE,FALSE,TRUE,"map_full"
"imputed_dhsmics_age_7","48-59",85,0.0526090799559749,0.144200660763992,-0.23002421514145,0.3352423750534,0.0164865959077473,1.68818322535867,65.0269778284523,94.7588284788529,TRUE,FALSE,TRUE,"map_full"
"imputed_dhsmics_age_7","48-59",85.5,0.0533519246214324,0.147570750279599,-0.235886745926581,0.342590595169446,0.0164865959077473,1.68818322535867,65.0269778284523,94.7588284788529,TRUE,FALSE,TRUE,"map_full"
"imputed_dhsmics_age_7","48-59",86,0.0541016039758921,0.150982986925441,-0.241825050397972,0.350028258349757,0.0164865959077473,1.68818322535867,65.0269778284523,94.7588284788529,TRUE,FALSE,TRUE,"map_full"
"imputed_dhsmics_age_7","48-59",86.5,0.054857748928976,0.154435406864369,-0.247835648525188,0.35755114638314,0.0164865959077473,1.68818322535867,65.0269778284523,94.7588284788529,TRUE,FALSE,TRUE,"map_full"
"imputed_dhsmics_age_7","48-59",87,0.0556199903903064,0.157926070222461,-0.253915107245716,0.365155088026329,0.0164865959077473,1.68818322535867,65.0269778284523,94.7588284788529,TRUE,FALSE,TRUE,"map_full"
"imputed_dhsmics_age_7","48-59",87.5,0.0563879592695056,0.1614530612903,-0.260060040859482,0.372835959398493,0.0164865959077473,1.68818322535867,65.0269778284523,94.7588284788529,TRUE,FALSE,TRUE,"map_full"
"imputed_dhsmics_age_7","48-59",88,0.0571612864761957,0.165014488501717,-0.266267110987169,0.38058968393956,0.0164865959077473,1.68818322535867,65.0269778284523,94.7588284788529,TRUE,FALSE,TRUE,"map_full"
"imputed_dhsmics_age_7","48-59",88.5,0.0579396029199989,0.168608484231898,-0.272533026174522,0.38841223201452,0.0164865959077473,1.68818322535867,65.0269778284523,94.7588284788529,TRUE,FALSE,TRUE,"map_full"
"imputed_dhsmics_age_7","48-59",89,0.0587225395105376,0.172233204450853,-0.278854541213135,0.39629962023421,0.0164865959077473,1.68818322535867,65.0269778284523,94.7588284788529,TRUE,FALSE,TRUE,"map_full"
"imputed_dhsmics_age_7","48-59",89.5,0.0595097271574339,0.175886828262931,-0.285228456237911,0.404247910552779,0.0164865959077473,1.68818322535867,65.0269778284523,94.7588284788529,TRUE,FALSE,TRUE,"map_full"
"imputed_dhsmics_age_7","48-59",90,0.0603007967703101,0.179567557358448,-0.291651615652248,0.412253209192869,0.0164865959077473,1.68818322535867,65.0269778284523,94.7588284788529,TRUE,FALSE,TRUE,"map_full"
"imputed_dhsmics_age_7","48-59",90.5,0.0610953792587883,0.183273615399398,-0.298120906924031,0.420311665441608,0.0164865959077473,1.68818322535867,65.0269778284523,94.7588284788529,TRUE,FALSE,TRUE,"map_full"
"imputed_dhsmics_age_7","48-59",91,0.0618931055324908,0.187003247357686,-0.304633259288573,0.428419470353555,0.0164865959077473,1.68818322535867,65.0269778284523,94.7588284788529,TRUE,FALSE,TRUE,"map_full"
"imputed_dhsmics_age_7","48-59",91.5,0.0626936065010398,0.190754718821265,-0.31118564238864,0.43657285539072,0.0164865959077473,1.68818322535867,65.0269778284523,94.7588284788529,TRUE,FALSE,TRUE,"map_full"
"imputed_dhsmics_age_7","48-59",92,0.0634965130740576,0.194526315280893,-0.317775064876493,0.444768091024608,0.0164865959077473,1.68818322535867,65.0269778284523,94.7588284788529,TRUE,FALSE,TRUE,"map_full"
"imputed_dhsmics_age_7","48-59",92.5,0.0643014561611663,0.198316341407983,-0.324398572998481,0.453001485320814,0.0164865959077473,1.68818322535867,65.0269778284523,94.7588284788529,TRUE,FALSE,TRUE,"map_full"
"imputed_dhsmics_age_7","48-59",93,0.0651080666719882,0.202123120332087,-0.331053249178902,0.461269382522878,0.0164865959077473,1.68818322535867,65.0269778284523,94.7588284788529,TRUE,FALSE,TRUE,"map_full"
"imputed_dhsmics_age_7","48-59",93.5,0.0659159755161455,0.205944992924889,-0.337736210616637,0.469568161648928,0.0164865959077473,1.68818322535867,65.0269778284523,94.7588284788529,TRUE,FALSE,TRUE,"map_full"
"imputed_dhsmics_age_7","48-59",94,0.0667248136032605,0.209780317096232,-0.344444607905355,0.477894235111876,0.0164865959077473,1.68818322535867,65.0269778284523,94.7588284788529,TRUE,FALSE,TRUE,"map_full"
"imputed_dhsmics_age_7","48-59",94.5,0.0675342118429553,0.213627467106491,-0.351175623685768,0.486244047371678,0.0164865959077473,1.68818322535867,65.0269778284523,94.7588284788529,TRUE,FALSE,TRUE,"map_full"
"imputed_dhsmics_age_7","48-59",94.7588284788529,0.0679533008355593,0.215623085047892,-0.354667945858309,0.490574547529428,0.0164865959077473,1.68818322535867,65.0269778284523,94.7588284788529,TRUE,FALSE,TRUE,"map_full"
"imputed_dhsmics_age_7","48-59",95,0.0683438080480374,0.217484853346277,-0.357926504510665,0.49461412060674,0.0164865959077473,1.68818322535867,65.0269778284523,94.7588284788529,FALSE,FALSE,TRUE,"map_full"
"imputed_dhsmics_age_7","48-59",95.5,0.0691534127862354,0.221351415565809,-0.364695361722751,0.503002187295222,0.0164865959077473,1.68818322535867,65.0269778284523,94.7588284788529,FALSE,FALSE,TRUE,"map_full"
"imputed_dhsmics_age_7","48-59",96,0.0699630175244333,0.225226657318271,-0.371481230819378,0.511407265868244,0.0164865959077473,1.68818322535867,65.0269778284523,94.7588284788529,FALSE,FALSE,TRUE,"map_full"
"imputed_dhsmics_age_7","48-59",96.5,0.0707726222626312,0.229110138178942,-0.378283248568096,0.519828493093358,0.0164865959077473,1.68818322535867,65.0269778284523,94.7588284788529,FALSE,FALSE,TRUE,"map_full"
"imputed_dhsmics_age_7","48-59",97,0.0715822270008292,0.233001446179684,-0.385100607511352,0.528265061513011,0.0164865959077473,1.68818322535867,65.0269778284523,94.7588284788529,FALSE,FALSE,TRUE,"map_full"
"imputed_dhsmics_age_7","48-59",97.5,0.0723918317390271,0.236900195616451,-0.391932551669217,0.536716215147271,0.0164865959077473,1.68818322535867,65.0269778284523,94.7588284788529,FALSE,FALSE,TRUE,"map_full"
"imputed_dhsmics_age_7","48-59",98,0.0732014364772251,0.240806025049705,-0.398778372620197,0.545181245574648,0.0164865959077473,1.68818322535867,65.0269778284523,94.7588284788529,FALSE,FALSE,TRUE,"map_full"
"imputed_dhsmics_age_7","48-59",98.5,0.074011041215423,0.244718595478978,-0.405637405923375,0.55365948835422,0.0164865959077473,1.68818322535867,65.0269778284523,94.7588284788529,FALSE,FALSE,TRUE,"map_full"
"imputed_dhsmics_age_7","48-59",99,0.074820645953621,0.248637588674775,-0.412509027848938,0.56215031975618,0.0164865959077473,1.68818322535867,65.0269778284523,94.7588284788529,FALSE,FALSE,TRUE,"map_full"
"imputed_dhsmics_age_7","48-59",99.5,0.0756302506918189,0.252562705652769,-0.419392652387608,0.570653153771246,0.0164865959077473,1.68818322535867,65.0269778284523,94.7588284788529,FALSE,FALSE,TRUE,"map_full"
"imputed_dhsmics_age_7","48-59",100,0.0764398554300168,0.256493665276798,-0.426287728512507,0.57916743937254,0.0164865959077473,1.68818322535867,65.0269778284523,94.7588284788529,FALSE,FALSE,TRUE,"map_full"
