"iso3","age_band","ihme_deaths","implied_person_years","ihme_rate_per100000","age_mapping","Location","pfpr_pct","population_weight_on_map","population_weight_within_raster","map_population_coverage_within_raster","legacy_density_weighted_pfpr_pct","status","map_coverage_below_95pct","exposure_year","population_weight_year","log_hr_zero_vs_current","log_hr_se","hr_zero_vs_current","hr_lower_95","hr_upper_95","monte_carlo_se_log_hr","imputations","attributable_fraction","af_lower_95","af_upper_95","counterfactual_rate_per100000","attributable_rate_per100000","attributable_rate_per100000_lower_95","attributable_rate_per100000_upper_95","counterfactual_deaths","attributable_deaths","attributable_deaths_lower_95","attributable_deaths_upper_95","model_id","hiv_treatment","uncertainty","zero_below_observed_support","current_pfpr_outside_central95","negative_attributable_estimate"
"AGO","<1",23103.789845721,96479.8497559802,23946.751476247,"0-27 days mapped to model <1 completed month","Angola",20.3401829769949,36741668,36847228,0.997135198338393,20.3387199328232,"estimated",FALSE,2024,2020,-0.0269568531520662,0.0295253214376002,0.973403239899852,0.918672652456317,1.03139444165895,0,1,0.0265967601001482,-0.0313944416589487,0.0813273475436832,23309.8454720553,636.90600419161,-751.794892142378,1947.52577985094,22489.3038897902,614.485955930883,-725.3305824121,1878.96994635917,"age_band_separate_v1","posterior_median","conditional model uncertainty only; HIV imputation held fixed",TRUE,FALSE,FALSE
"AGO","1-5",14004.8175195865,521268.253567234,2686.68145887388,"direct age match","Angola",20.3401829769949,36741668,36847228,0.997135198338393,20.3387199328232,"estimated",FALSE,2024,2020,-0.0833916739216154,0.0406722914707694,0.91999074026264,0.84949952215393,0.996331298719242,0,1,0.0800092597373596,0.0036687012807578,0.15050047784607,2471.72206419929,214.959394674589,9.85663170915884,404.346843380695,12884.3024370876,1120.51508249892,51.3794919708865,2107.73172884478,"age_band_separate_v1","posterior_median","conditional model uncertainty only; HIV imputation held fixed",TRUE,FALSE,FALSE
"AGO","6-11",12587.0121600579,614246.449118055,2049.17947480698,"direct age match","Angola",20.3401829769949,36741668,36847228,0.997135198338393,20.3387199328232,"estimated",FALSE,2024,2020,-0.262749832902674,0.0573004227327424,0.768934235297518,0.687250380859632,0.86032670869242,0,1,0.231065764702482,0.13967329130758,0.312749619140368,1575.68425244808,473.495222358906,286.21564172623,640.880100296144,9678.58456997469,2908.42759008322,1758.06941612383,3936.58325917329,"age_band_separate_v1","posterior_median","conditional model uncertainty only; HIV imputation held fixed",TRUE,FALSE,FALSE
"AGO","12-23",9549.89195093778,1208533.89171182,790.204727929548,"direct age match","Angola",20.3401829769949,36741668,36847228,0.997135198338393,20.3387199328232,"estimated",FALSE,2024,2020,-0.578495249945157,0.0813059110261307,0.560741507862562,0.478139902008963,0.657613048647185,0,1,0.439258492137438,0.342386951352815,0.521860097991037,443.10059065934,347.104137270207,270.555787740379,412.376316750295,5355.0208124934,4194.87113844438,3269.75839083038,4983.70754932021,"age_band_separate_v1","posterior_median","conditional model uncertainty only; HIV imputation held fixed",TRUE,FALSE,FALSE
"AGO","24-35",6417.02182671434,1182276.57155054,542.768247390582,"IHME 2-4 rate shared; deaths and person-time divided equally","Angola",20.3401829769949,36741668,36847228,0.997135198338393,20.3387199328232,"estimated",FALSE,2024,2020,-0.746606240805016,0.0892315117553242,0.473972374417555,0.397922987911135,0.56455600338723,0,1,0.526027625582445,0.43544399661277,0.602077012088865,257.257154974169,285.511092416413,236.345174878264,326.788284645632,3041.49107189707,3375.53075481726,2794.25363057587,3863.5413279372,"age_band_separate_v1","posterior_median","conditional model uncertainty only; HIV imputation held fixed",TRUE,FALSE,FALSE
"AGO","36-47",6417.02182671434,1182276.57155054,542.768247390582,"IHME 2-4 rate shared; deaths and person-time divided equally","Angola",20.3401829769949,36741668,36847228,0.997135198338393,20.3387199328232,"estimated",FALSE,2024,2020,-0.679191442355235,0.095102498026262,0.507026787056724,0.420803662756824,0.610917122509994,0,1,0.492973212943276,0.389082877490006,0.579196337243176,275.198040590856,267.570206799726,211.181831504935,314.369380860523,3253.60195927184,3163.4198674425,2496.75331725419,3716.71553804246,"age_band_separate_v1","posterior_median","conditional model uncertainty only; HIV imputation held fixed",TRUE,FALSE,FALSE
"AGO","48-59",6417.02182671434,1182276.57155054,542.768247390582,"IHME 2-4 rate shared; deaths and person-time divided equally","Angola",20.3401829769949,36741668,36847228,0.997135198338393,20.3387199328232,"estimated",FALSE,2024,2020,-0.633801483336264,0.1101932224559,0.530571005593971,0.42751058499474,0.658476308792358,0,1,0.469428994406029,0.341523691207642,0.57248941500526,287.977094822499,254.791152568084,185.368215319134,310.729076432065,3404.68572351829,3012.33610319605,2191.56498081948,3673.67707165168,"age_band_separate_v1","posterior_median","conditional model uncertainty only; HIV imputation held fixed",TRUE,FALSE,FALSE
"BDI","<1",13625.5810549146,39065.0991915255,34879.1666651404,"0-27 days mapped to model <1 completed month","Burundi",23.4246685162394,10240924,11339513,0.903118502531811,23.5469084975939,"estimated",TRUE,2024,2020,-0.0309133883694966,0.0318573308672224,0.969559544572545,0.910872261439175,1.03202803539813,0,1,0.0304404554274551,-0.0320280353981264,0.0891277385608246,33817.4289469234,1061.73771821698,-1117.11118460827,3108.70124775006,13210.8121621393,414.768892775304,-436.400592346844,1214.41722600175,"age_band_separate_v1","posterior_median","conditional model uncertainty only; HIV imputation held fixed",TRUE,FALSE,FALSE
"BDI","1-5",8031.47064184046,210042.134767365,3823.74262703805,"direct age match","Burundi",23.4246685162394,10240924,11339513,0.903118502531811,23.5469084975939,"estimated",TRUE,2024,2020,-0.0949014589196357,0.0441535208167183,0.909462549474955,0.834067646074949,0.991672717182894,0,1,0.0905374505250448,0.00832728281710615,0.165932353925051,3477.55071812209,346.191908915963,31.8413862751703,634.482614907981,7304.32176596148,727.14887587898,66.8803274718906,1332.68082908052,"age_band_separate_v1","posterior_median","conditional model uncertainty only; HIV imputation held fixed",TRUE,FALSE,FALSE
"BDI","6-11",5926.38470230452,246066.734160547,2408.44611626285,"direct age match","Burundi",23.4246685162394,10240924,11339513,0.903118502531811,23.5469084975939,"estimated",TRUE,2024,2020,-0.295004528714553,0.0607623620925502,0.744528215702509,0.660937121465278,0.838691376190591,0,1,0.255471784297491,0.161308623809409,0.339062878534722,1793.15608955681,615.290026706032,388.503128533476,816.614672975853,4412.36062797342,1514.02407433109,955.976960493876,2009.41705646751,"age_band_separate_v1","posterior_median","conditional model uncertainty only; HIV imputation held fixed",TRUE,FALSE,FALSE
"BDI","12-23",5913.73896196694,483573.035489104,1222.92570676228,"direct age match","Burundi",23.4246685162394,10240924,11339513,0.903118502531811,23.5469084975939,"estimated",TRUE,2024,2020,-0.616098018412509,0.0834299573379186,0.540047587442802,0.458581279656778,0.635986268172735,0,1,0.459952412557198,0.364013731827265,0.541418720343222,660.438077558753,562.487629203526,445.161750266033,662.114871230063,3193.70045917675,2720.03850279019,2152.68218859788,3201.80898123199,"age_band_separate_v1","posterior_median","conditional model uncertainty only; HIV imputation held fixed",TRUE,FALSE,FALSE
"BDI","24-35",3428.86029023329,467501.77067143,733.443273446585,"IHME 2-4 rate shared; deaths and person-time divided equally","Burundi",23.4246685162394,10240924,11339513,0.903118502531811,23.5469084975939,"estimated",TRUE,2024,2020,-0.799839752059166,0.0913089544266952,0.449400973928037,0.375760985643032,0.537472603819834,0,1,0.550599026071964,0.462527396180166,0.624239014356968,329.610121407863,403.833152038723,339.237607513107,457.843906103044,1540.93315389401,1887.92713633928,1585.94182190717,2140.42836794297,"age_band_separate_v1","posterior_median","conditional model uncertainty only; HIV imputation held fixed",TRUE,FALSE,FALSE
"BDI","36-47",3428.86029023329,467501.77067143,733.443273446585,"IHME 2-4 rate shared; deaths and person-time divided equally","Burundi",23.4246685162394,10240924,11339513,0.903118502531811,23.5469084975939,"estimated",TRUE,2024,2020,-0.73051537286926,0.0972980111787399,0.481660691259993,0.398034748170782,0.582856201804555,0,1,0.518339308740007,0.417143798195445,0.601965251829218,353.270794088275,380.172479358311,305.951312846409,441.50736480272,1651.54721762771,1777.31307260558,1430.32780494945,2064.05474809749,"age_band_separate_v1","posterior_median","conditional model uncertainty only; HIV imputation held fixed",TRUE,FALSE,FALSE
"BDI","48-59",3428.86029023329,467501.77067143,733.443273446585,"IHME 2-4 rate shared; deaths and person-time divided equally","Burundi",23.4246685162394,10240924,11339513,0.903118502531811,23.5469084975939,"estimated",TRUE,2024,2020,-0.664471545153935,0.112399116365566,0.514545369866378,0.412809205414758,0.641354248350449,0,1,0.485454630133622,0.358645751649551,0.587190794585242,377.38984041158,356.053433035005,263.046314097558,430.671138518301,1764.30418625822,1664.55610397506,1229.74617609202,2013.39519834387,"age_band_separate_v1","posterior_median","conditional model uncertainty only; HIV imputation held fixed",TRUE,FALSE,FALSE
"BEN","<1",10370.6746224564,38905.462973035,26656.0884512394,"0-27 days mapped to model <1 completed month","Benin",36.4070797441475,13527325,13527325,1,36.2947064834239,"estimated",FALSE,2024,2020,-0.0423921348052503,0.0383666032002619,0.958493848070746,0.889061119234096,1.03334904306794,0,1,0.0415061519292542,-0.0333490430679411,0.110938880765904,25549.6967941426,1106.39165709678,-888.955041783229,2957.19661837743,9940.22782596788,430.446796488537,-345.852074627902,1150.51103540268,"age_band_separate_v1","posterior_median","conditional model uncertainty only; HIV imputation held fixed",TRUE,FALSE,FALSE
"BEN","1-5",4404.79258584387,210479.059457462,2092.74623195191,"direct age match","Benin",36.4070797441475,13527325,13527325,1,36.2947064834239,"estimated",FALSE,2024,2020,-0.137068446407051,0.0543562345081289,0.87191054494558,0.783797401580652,0.96992921494021,0,1,0.12808945505442,0.0300707850597899,0.216202598419348,1824.687507534,268.058724417911,62.9305221257112,452.457173180302,3840.58510389538,564.20748194849,132.455571081867,952.327602557722,"age_band_separate_v1","posterior_median","conditional model uncertainty only; HIV imputation held fixed",TRUE,FALSE,FALSE
"BEN","6-11",4854.89795617045,248054.163593172,1957.19268963082,"direct age match","Benin",36.4070797441475,13527325,13527325,1,36.2947064834239,"estimated",FALSE,2024,2020,-0.404190956842123,0.0682492521018279,0.667516642227755,0.583940004802629,0.763055217978465,0,1,0.332483357772245,0.236944782021535,0.416059995197371,1306.45869237508,650.733997255748,463.746595218716,814.30958104813,3240.72518206129,1614.17277410916,1150.3427379616,2019.92882032801,"age_band_separate_v1","posterior_median","conditional model uncertainty only; HIV imputation held fixed",TRUE,FALSE,FALSE
"BEN","12-23",4515.40258182857,485415.642237678,930.213653810863,"direct age match","Benin",36.4070797441475,13527325,13527325,1,36.2947064834239,"estimated",FALSE,2024,2020,-0.66778295517805,0.0837177438463144,0.51284431716662,0.435236064540956,0.604291130900407,0,1,0.48715568283338,0.395708869099593,0.564763935459044,477.054786107699,453.158867703164,368.093792970497,525.35112394396,2315.69855381027,2199.7040280183,1786.78484918477,2550.13653229543,"age_band_separate_v1","posterior_median","conditional model uncertainty only; HIV imputation held fixed",TRUE,FALSE,FALSE
"BEN","24-35",3282.55442830281,463884.62574155,707.623026534978,"IHME 2-4 rate shared; deaths and person-time divided equally","Benin",36.4070797441475,13527325,13527325,1,36.2947064834239,"estimated",FALSE,2024,2020,-0.879074000830649,0.090433078512506,0.41516717820104,0.347733263352568,0.49567816490611,0,1,0.58483282179896,0.50432183509389,0.652266736647432,293.781855156606,413.841171378371,356.869743296812,461.558962294549,1362.80885928981,1919.745569013,1655.46387307725,2141.10106481665,"age_band_separate_v1","posterior_median","conditional model uncertainty only; HIV imputation held fixed",TRUE,FALSE,FALSE
"BEN","36-47",3282.55442830281,463884.62574155,707.623026534978,"IHME 2-4 rate shared; deaths and person-time divided equally","Benin",36.4070797441475,13527325,13527325,1,36.2947064834239,"estimated",FALSE,2024,2020,-0.811404350693944,0.0965651031301504,0.444233767958388,0.367633605141562,0.536794345877378,0,1,0.555766232041612,0.463205654122622,0.632366394858438,314.350043371752,393.272983163226,327.774986878364,447.477022208741,1458.22152221345,1824.33290608936,1520.49777115511,2075.77710975245,"age_band_separate_v1","posterior_median","conditional model uncertainty only; HIV imputation held fixed",TRUE,FALSE,FALSE
"BEN","48-59",3282.55442830281,463884.62574155,707.623026534978,"IHME 2-4 rate shared; deaths and person-time divided equally","Benin",36.4070797441475,13527325,13527325,1,36.2947064834239,"estimated",FALSE,2024,2020,-0.651788297569045,0.110537195279583,0.521113037823467,0.419606790521846,0.647174460289064,0,1,0.478886962176533,0.352825539710936,0.580393209478154,368.751584991478,338.8714415435,249.667476249089,410.69959947128,1710.58190995375,1571.97251834906,1158.16903779646,1905.17229992939,"age_band_separate_v1","posterior_median","conditional model uncertainty only; HIV imputation held fixed",TRUE,FALSE,FALSE
"BFA","<1",20394.1005743385,77755.2264757927,26228.5913097915,"0-27 days mapped to model <1 completed month","Burkina Faso",20.8912355688325,22752144,22752144,1,20.8674487845733,"estimated",FALSE,2024,2020,-0.0276756974078403,0.0299813625475688,0.972703766008812,0.917192332047326,1.03157493074081,0,1,0.0272962339911875,-0.0315749307408149,0.0828076679526742,25512.6495441402,715.941765651296,-828.165954035804,2171.92848004761,19837.4184330215,556.682141316954,-643.942313155949,1688.78790855326,"age_band_separate_v1","posterior_median","conditional model uncertainty only; HIV imputation held fixed",TRUE,FALSE,FALSE
"BFA","1-5",8456.34007287264,420639.163537227,2010.35490888719,"direct age match","Burkina Faso",20.8912355688325,22752144,22752144,1,20.8674487845733,"estimated",FALSE,2024,2020,-0.0854808692996453,0.0413440755441035,0.918070706221746,0.846611160424728,0.995561907310142,0,1,0.0819292937782543,0.00443809268985773,0.153388839575272,1845.64795095841,164.706957928774,8.92214142515183,308.366006608658,7763.51810275344,692.821970119207,37.5300210603671,1297.10819083181,"age_band_separate_v1","posterior_median","conditional model uncertainty only; HIV imputation held fixed",TRUE,FALSE,FALSE
"BFA","6-11",6488.56180636557,492588.025067039,1317.23904686528,"direct age match","Burkina Faso",20.8912355688325,22752144,22752144,1,20.8674487845733,"estimated",FALSE,2024,2020,-0.268703340881566,0.0580140531553194,0.764369979340939,0.682216109206928,0.856416987861615,0,1,0.235630020659061,0.143583012138385,0.317783890793072,1006.85798303949,310.381063825787,189.133150055212,418.597349417406,4959.66185388406,1528.89995248151,931.647248604049,2061.96041647818,"age_band_separate_v1","posterior_median","conditional model uncertainty only; HIV imputation held fixed",TRUE,FALSE,FALSE
"BFA","12-23",7753.95745860433,949829.450358984,816.352604741172,"direct age match","Burkina Faso",20.8912355688325,22752144,22752144,1,20.8674487845733,"estimated",FALSE,2024,2020,-0.586318912007653,0.0818543092378283,0.556371572539408,0.473904047083186,0.653189878067528,0,1,0.443628427460592,0.346810121932472,0.526095952916814,454.195382446488,362.157222294684,283.119346390177,429.47980150743,4314.08150464736,3439.87595395696,2689.15093167777,4079.32563806088,"age_band_separate_v1","posterior_median","conditional model uncertainty only; HIV imputation held fixed",TRUE,FALSE,FALSE
"BFA","24-35",3797.02021333418,874324.341469841,434.280510474059,"IHME 2-4 rate shared; deaths and person-time divided equally","Burkina Faso",20.8912355688325,22752144,22752144,1,20.8674487845733,"estimated",FALSE,2024,2020,-0.757475397216818,0.089793715738186,0.468848590591986,0.393187828528031,0.559068681558692,0,1,0.531151409408014,0.440931318441308,0.606812171471969,203.611805257331,230.668705216729,191.487878056691,263.526699588719,1780.22757547101,2016.79263786317,1674.22512881374,2304.07808077628,"age_band_separate_v1","posterior_median","conditional model uncertainty only; HIV imputation held fixed",TRUE,FALSE,FALSE
"BFA","36-47",3797.02021333418,874324.341469841,434.280510474059,"IHME 2-4 rate shared; deaths and person-time divided equally","Burkina Faso",20.8912355688325,22752144,22752144,1,20.8674487845733,"estimated",FALSE,2024,2020,-0.689552419372584,0.0956960181028985,0.501800615045212,0.415982050154797,0.605323852714439,0,1,0.498199384954788,0.394676147285561,0.584017949845203,217.922227258031,216.358283216028,171.400158715108,253.627613384788,1905.34707839019,1891.67313494399,1498.59330896413,2217.52796051223,"age_band_separate_v1","posterior_median","conditional model uncertainty only; HIV imputation held fixed",TRUE,FALSE,FALSE
"BFA","48-59",3797.02021333418,874324.341469841,434.280510474059,"IHME 2-4 rate shared; deaths and person-time divided equally","Burkina Faso",20.8912355688325,22752144,22752144,1,20.8674487845733,"estimated",FALSE,2024,2020,-0.640729938762194,0.110823548356893,0.526907673303051,0.424034651361349,0.654738227864888,0,1,0.473092326696949,0.345261772135112,0.575965348638651,228.825733334748,205.454777139311,149.940458650015,250.130525622163,2000.67908609257,1796.34112724161,1310.9659276886,2186.95207096103,"age_band_separate_v1","posterior_median","conditional model uncertainty only; HIV imputation held fixed",TRUE,FALSE,FALSE
"BWA","<1",361.573212357219,3696.88168369423,9780.49186567163,"0-27 days mapped to model <1 completed month","Botswana",0.0785030798269115,1200011,2399993,0.500006041684288,0.0693041851554974,"estimated",TRUE,2024,2020,-0.000104565778521176,0.000140380755211653,0.999895439688289,0.999620365076722,1.00017058999463,0,1,0.000104560311710689,-0.000170589994634707,0.000379634923277861,9779.46921439347,1.02265127815848,-1.66845405488972,3.71301627904399,361.535406149428,0.0378062077903058,-0.0616807723560716,0.137265818732562,"age_band_separate_v1","posterior_median","conditional model uncertainty only; HIV imputation held fixed",TRUE,TRUE,FALSE
"BWA","1-5",355.470850680171,20206.3560387447,1759.20314379581,"direct age match","Botswana",0.0785030798269115,1200011,2399993,0.500006041684288,0.0693041851554974,"estimated",TRUE,2024,2020,-0.00033345485834809,0.000190076880971746,0.999666600731544,0.999294250459097,1.00003908974663,0,1,0.000333399268455881,-3.90897466344686e-05,0.0007057495409033,1758.6166267546,0.586517041206809,-0.0687668051695389,1.24155681108954,355.352336958597,0.118513721574159,-0.0138952654890269,0.250873389672036,"age_band_separate_v1","posterior_median","conditional model uncertainty only; HIV imputation held fixed",TRUE,TRUE,FALSE
"BWA","6-11",186.875061084911,23887.5147144379,782.312698993176,"direct age match","Botswana",0.0785030798269115,1200011,2399993,0.500006041684288,0.0693041851554974,"estimated",TRUE,2024,2020,-0.0010945630417206,0.000284855636232531,0.998906035773905,0.998348495407517,0.999463887505775,0,1,0.00109396422609487,0.000536112494225138,0.00165150459248287,781.456876886858,0.855822106318258,0.419407612321232,1.2919930151449,186.670626453335,0.204434631576186,0.100186055106707,0.308625021602247,"age_band_separate_v1","posterior_median","conditional model uncertainty only; HIV imputation held fixed",TRUE,TRUE,FALSE
"BWA","12-23",144.522878150639,48383.8834227258,298.700451321683,"direct age match","Botswana",0.0785030798269115,1200011,2399993,0.500006041684288,0.0693041851554974,"estimated",TRUE,2024,2020,-0.00278387163089347,0.000439943007330829,0.997219999746429,0.996360495031312,0.998080245908402,0,1,0.00278000025357061,0.00191975409159828,0.00363950496868815,297.870063991267,0.830387330415935,0.573431413587054,1.08712177673466,144.121104512733,0.401773637905531,0.277448386659249,0.525991733118362,"age_band_separate_v1","posterior_median","conditional model uncertainty only; HIV imputation held fixed",TRUE,TRUE,FALSE
"BWA","24-35",41.2703611195353,49673.8975029083,83.0825910471772,"IHME 2-4 rate shared; deaths and person-time divided equally","Botswana",0.0785030798269115,1200011,2399993,0.500006041684288,0.0693041851554974,"estimated",TRUE,2024,2020,-0.00353711665278459,0.000485313651261009,0.996469131575248,0.995521743497916,0.997417421234264,0,1,0.0035308684247517,0.00258257876573598,0.00447825650208422,82.7892373498022,0.293353697375036,0.214567335440766,0.372065153567026,41.1246409045802,0.145720214955067,0.106583958281568,0.184819263026923,"age_band_separate_v1","posterior_median","conditional model uncertainty only; HIV imputation held fixed",TRUE,TRUE,FALSE
"BWA","36-47",41.2703611195353,49673.8975029083,83.0825910471772,"IHME 2-4 rate shared; deaths and person-time divided equally","Botswana",0.0785030798269115,1200011,2399993,0.500006041684288,0.0693041851554974,"estimated",TRUE,2024,2020,-0.00318364739981819,0.000518286341015737,0.996821415031808,0.995809335481715,0.997834523197499,0,1,0.00317858496819245,0.0021654768025009,0.00419066451828531,82.8185059721562,0.264085075021039,0.179913423604331,0.348171266388615,41.1391797700489,0.131181349486429,0.0893700096351887,0.172950238000458,"age_band_separate_v1","posterior_median","conditional model uncertainty only; HIV imputation held fixed",TRUE,TRUE,FALSE
"BWA","48-59",41.2703611195353,49673.8975029083,83.0825910471772,"IHME 2-4 rate shared; deaths and person-time divided equally","Botswana",0.0785030798269115,1200011,2399993,0.500006041684288,0.0693041851554974,"estimated",TRUE,2024,2020,-0.0031651746255972,0.00060517296949067,0.996839829258827,0.995658161304052,0.998022899641874,0,1,0.00316017074117347,0.00197710035812637,0.00434183869594784,82.8200358738491,0.262555173328171,0.164262620513441,0.360731208768244,41.1399397318477,0.130421387687619,0.0815956457494379,0.17918925090454,"age_band_separate_v1","posterior_median","conditional model uncertainty only; HIV imputation held fixed",TRUE,TRUE,FALSE
"CAF","<1",9300.39391375339,21230.3397042316,43807.0894923065,"0-27 days mapped to model <1 completed month","Central African Republic",33.7356038277751,5328369.5,5328369.5,1,33.7126920376516,"estimated",FALSE,2024,2020,-0.0410988776755609,0.0373055505270538,0.959734228966366,0.892064880436386,1.03253676997023,0,1,0.0402657710336344,-0.032536769970229,0.107935119563614,42043.1632571593,1763.92623514714,-1425.34119387641,4728.32344208605,8925.90638189959,374.487531853801,-302.604777404312,1003.83912906968,"age_band_separate_v1","posterior_median","conditional model uncertainty only; HIV imputation held fixed",TRUE,FALSE,FALSE
"CAF","1-5",6385.50969065786,114332.861236093,5585.01695979777,"direct age match","Central African Republic",33.7356038277751,5328369.5,5328369.5,1,33.7126920376516,"estimated",FALSE,2024,2020,-0.129374954556214,0.0526630396483129,0.878644452032565,0.792476350288439,0.974181845056467,0,1,0.121355547967435,0.0258181549435329,0.207523649711561,4907.2441662341,677.772793563676,144.194833230318,1159.0231031982,5610.59266309671,774.91702756115,164.862078586835,1325.14427627386,"age_band_separate_v1","posterior_median","conditional model uncertainty only; HIV imputation held fixed",TRUE,FALSE,FALSE
"CAF","6-11",4947.95283222689,133518.416951263,3705.82047421443,"direct age match","Central African Republic",33.7356038277751,5328369.5,5328369.5,1,33.7126920376516,"estimated",FALSE,2024,2020,-0.385005902546331,0.0671781744126102,0.680446619825035,0.596501987840737,0.776204626085733,0,1,0.319553380174965,0.223795373914267,0.403498012159263,2521.61301535761,1184.20745885681,829.345478685965,1495.29119476462,3366.81777974249,1581.1350524844,1107.32895419837,1996.48913206135,"age_band_separate_v1","posterior_median","conditional model uncertainty only; HIV imputation held fixed",TRUE,FALSE,FALSE
"CAF","12-23",2318.4496928125,257654.050349292,899.830485749966,"direct age match","Central African Republic",33.7356038277751,5328369.5,5328369.5,1,33.7126920376516,"estimated",FALSE,2024,2020,-0.664537005322276,0.0837404781593198,0.514511688742246,0.436631658273076,0.606282830932146,0,1,0.485488311257754,0.393717169067854,0.563368341726924,462.973302804971,436.857182944995,354.278711490429,506.936008592291,1192.8694667129,1125.5802260996,912.813449680374,1306.14115881707,"age_band_separate_v1","posterior_median","conditional model uncertainty only; HIV imputation held fixed",TRUE,FALSE,FALSE
"CAF","24-35",2393.10803930707,237600.529923188,1007.19810687321,"IHME 2-4 rate shared; deaths and person-time divided equally","Central African Republic",33.7356038277751,5328369.5,5328369.5,1,33.7126920376516,"estimated",FALSE,2024,2020,-0.875258567498832,0.090631274543968,0.416754246642625,0.348926981239967,0.497766327721197,0,1,0.583245753357375,0.502233672278803,0.651073018760033,419.754088249824,587.44401862339,505.848803927193,655.759511931334,997.337938055828,1395.77010125125,1201.89943874112,1558.08807537056,"age_band_separate_v1","posterior_median","conditional model uncertainty only; HIV imputation held fixed",TRUE,FALSE,FALSE
"CAF","36-47",2393.10803930707,237600.529923188,1007.19810687321,"IHME 2-4 rate shared; deaths and person-time divided equally","Central African Republic",33.7356038277751,5328369.5,5328369.5,1,33.7126920376516,"estimated",FALSE,2024,2020,-0.807708733042801,0.0967639147403041,0.445878523434224,0.368850996160045,0.538991787278842,0,1,0.554121476565776,0.461008212721158,0.631149003839955,449.088004698375,558.11010217484,464.326599105755,635.692081822518,1067.03547898481,1326.07256032226,1103.24246004959,1510.40775509005,"age_band_separate_v1","posterior_median","conditional model uncertainty only; HIV imputation held fixed",TRUE,FALSE,FALSE
"CAF","48-59",2393.10803930707,237600.529923188,1007.19810687321,"IHME 2-4 rate shared; deaths and person-time divided equally","Central African Republic",33.7356038277751,5328369.5,5328369.5,1,33.7126920376516,"estimated",FALSE,2024,2020,-0.66459798885497,0.11090467467241,0.514480312958567,0.413967770620468,0.639397584080566,0,1,0.485519687041433,0.360602415919434,0.586032229379532,518.183597235408,489.014509637807,363.198070647962,590.250551997754,1231.20697300637,1161.90106630071,862.960540530351,1402.43843942121,"age_band_separate_v1","posterior_median","conditional model uncertainty only; HIV imputation held fixed",TRUE,FALSE,FALSE
"CIV","<1",29171.8535630319,85882.751519448,33967.0691109914,"0-27 days mapped to model <1 completed month","Cote d'Ivoire",21.6015841554766,27757124,27783660,0.999044906250652,21.6145073637869,"estimated",FALSE,2024,2020,-0.0285963486532166,0.0305419342926631,0.971808657180008,0.915342066970612,1.0317586181695,0,1,0.0281913428199924,-0.0317586181694964,0.0846579330293876,33009.4918210931,957.577289898332,-1078.74717823287,2875.58186200289,28349.4598385419,822.393724490048,-926.457758604795,2469.62882528226,"age_band_separate_v1","posterior_median","conditional model uncertainty only; HIV imputation held fixed",TRUE,FALSE,FALSE
"CIV","1-5",13963.6947725235,464000.371071727,3009.41457013726,"direct age match","Cote d'Ivoire",21.6015841554766,27757124,27783660,0.999044906250652,21.6145073637869,"estimated",FALSE,2024,2020,-0.08815354432029,0.04217570722352,0.915620277636333,0.842976320023716,0.994524369077472,0,1,0.0843797223636672,0.00547563092252812,0.157023679976284,2755.4810042319,253.933565905357,16.4784434789502,472.549350377199,12785.442084447,1178.25268807652,76.4600388891739,2192.63073924724,"age_band_separate_v1","posterior_median","conditional model uncertainty only; HIV imputation held fixed",TRUE,FALSE,FALSE
"CIV","6-11",10004.8549002906,545013.687630251,1835.70708908105,"direct age match","Cote d'Ivoire",21.6015841554766,27757124,27783660,0.999044906250652,21.6145073637869,"estimated",FALSE,2024,2020,-0.276254202926529,0.0588676636565485,0.758620062808392,0.675952343268785,0.851397891325254,0,1,0.241379937191608,0.148602108674746,0.324047656731215,1392.60422721648,443.102861864575,272.789944346624,594.856580661595,7589.8836528473,2414.9712474433,1486.74253516805,3242.04978637498,"age_band_separate_v1","posterior_median","conditional model uncertainty only; HIV imputation held fixed",TRUE,FALSE,FALSE
"CIV","12-23",9612.16851986281,1063074.93805465,904.185413067156,"direct age match","Cote d'Ivoire",21.6015841554766,27757124,27783660,0.999044906250652,21.6145073637869,"estimated",FALSE,2024,2020,-0.595664859542544,0.0824408222100346,0.551195976111455,0.468956201481343,0.647857951599233,0,1,0.448804023888545,0.352142048400767,0.531043798518657,498.38336134129,405.802051725865,318.401703491562,480.162056320343,5298.18860985358,4313.97991000923,3384.84871215786,5104.4824827894,"age_band_separate_v1","posterior_median","conditional model uncertainty only; HIV imputation held fixed",TRUE,FALSE,FALSE
"CIV","24-35",4465.64619830647,990798.669735639,450.711767658911,"IHME 2-4 rate shared; deaths and person-time divided equally","Cote d'Ivoire",21.6015841554766,27757124,27783660,0.999044906250652,21.6145073637869,"estimated",FALSE,2024,2020,-0.770585044413424,0.0903823701614894,0.462742264326174,0.387619444130924,0.552424308006048,0,1,0.537257735673826,0.447575691993952,0.612380555869076,208.563383924937,242.148383733974,201.727631299754,276.007122815698,2066.44323348391,2399.20296482257,1998.71468740718,2734.67490123354,"age_band_separate_v1","posterior_median","conditional model uncertainty only; HIV imputation held fixed",TRUE,FALSE,FALSE
"CIV","36-47",4465.64619830647,990798.669735639,450.711767658911,"IHME 2-4 rate shared; deaths and person-time divided equally","Cote d'Ivoire",21.6015841554766,27757124,27783660,0.999044906250652,21.6145073637869,"estimated",FALSE,2024,2020,-0.702121892588244,0.0963173711584744,0.495532720245408,0.410286135536492,0.598491285874743,0,1,0.504467279754592,0.401508714125257,0.589713864463508,223.342428274636,227.369339384274,180.964702273851,265.790978265315,2212.87380830037,2252.7723900061,1792.99586282038,2633.45347693008,"age_band_separate_v1","posterior_median","conditional model uncertainty only; HIV imputation held fixed",TRUE,FALSE,FALSE
"CIV","48-59",4465.64619830647,990798.669735639,450.711767658911,"IHME 2-4 rate shared; deaths and person-time divided equally","Cote d'Ivoire",21.6015841554766,27757124,27783660,0.999044906250652,21.6145073637869,"estimated",FALSE,2024,2020,-0.648693396917628,0.111466861938673,0.522728329197525,0.420141200815395,0.650364462269666,0,1,0.477271670802475,0.349635537730334,0.579858799184605,235.599809258006,215.111958400905,157.584851246812,261.349184373067,2334.31977602802,2131.32642227845,1561.3486098583,2589.44424213329,"age_band_separate_v1","posterior_median","conditional model uncertainty only; HIV imputation held fixed",TRUE,FALSE,FALSE
"CMR","<1",24492.0092226928,81189.7828506075,30166.3686769049,"0-27 days mapped to model <1 completed month","Cameroon",25.1740174516115,28456054,28622398,0.994188327616715,25.1747465384929,"estimated",FALSE,2024,2020,-0.0330468066843996,0.0329820959124005,0.967493273376886,0.906929530705798,1.03210139524409,0,1,0.0325067266231142,-0.0321013952440901,0.0930704692942024,29185.7587771127,980.609899792222,-968.382523976263,2807.59808966147,23695.8541744399,796.155048252865,-786.22766837956,2279.48279231395,"age_band_separate_v1","posterior_median","conditional model uncertainty only; HIV imputation held fixed",TRUE,FALSE,FALSE
"CMR","1-5",10877.3979642973,439377.553711787,2475.6380639855,"direct age match","Cameroon",25.1740174516115,28456054,28622398,0.994188327616715,25.1747465384929,"estimated",FALSE,2024,2020,-0.101214491705684,0.0458738989878193,0.903739167539814,0.826028765049621,0.988760340442251,0,1,0.0962608324601865,0.0112396595577494,0.173971234950379,2237.33108307614,238.306980909369,27.8253290274029,430.689811281723,9830.33058125335,1047.067383044,122.258249992859,1892.35435689555,"age_band_separate_v1","posterior_median","conditional model uncertainty only; HIV imputation held fixed",TRUE,FALSE,FALSE
"CMR","6-11",10673.3827934628,518304.935157002,2059.28635239209,"direct age match","Cameroon",25.1740174516115,28456054,28622398,0.994188327616715,25.1747465384929,"estimated",FALSE,2024,2020,-0.31216221082958,0.0622584676838159,0.731862802526939,0.647791388866344,0.826845140161471,0,1,0.268137197473061,0.173154859838529,0.352208611133656,1507.11508106715,552.171271324936,356.575439715848,725.29838610251,7811.4518436665,2861.9309497963,1848.14810160502,3759.2573297834,"age_band_separate_v1","posterior_median","conditional model uncertainty only; HIV imputation held fixed",TRUE,FALSE,FALSE
"CMR","12-23",10911.6649484588,1025473.6210982,1064.06100790514,"direct age match","Cameroon",25.1740174516115,28456054,28622398,0.994188327616715,25.1747465384929,"estimated",FALSE,2024,2020,-0.631382346782637,0.0838631120987816,0.531856083070134,0.451242212939508,0.626871522626421,0,1,0.468143916929866,0.373128477373579,0.548757787060492,565.927319812086,498.133688093053,397.03146371224,583.911763995381,5803.43537926099,5108.22956919784,4071.45292782909,5987.8611102618,"age_band_separate_v1","posterior_median","conditional model uncertainty only; HIV imputation held fixed",TRUE,FALSE,FALSE
"CMR","24-35",6401.50157844869,1005131.43363267,636.882039925152,"IHME 2-4 rate shared; deaths and person-time divided equally","Cameroon",25.1740174516115,28456054,28622398,0.994188327616715,25.1747465384929,"estimated",FALSE,2024,2020,-0.822451547921943,0.0916130274165523,0.439353237634073,0.367140826105055,0.525769006589062,0,1,0.560646762365927,0.474230993410938,0.632859173894945,279.816186232109,357.065853693044,302.029202479289,403.056641655559,2812.52044421106,3588.98113423763,3035.79045286941,4051.24900062423,"age_band_separate_v1","posterior_median","conditional model uncertainty only; HIV imputation held fixed",TRUE,FALSE,FALSE
"CMR","36-47",6401.50157844869,1005131.43363267,636.882039925152,"IHME 2-4 rate shared; deaths and person-time divided equally","Cameroon",25.1740174516115,28456054,28622398,0.994188327616715,25.1747465384929,"estimated",FALSE,2024,2020,-0.752885060391736,0.0976297147390037,0.471005710708966,0.38897671914883,0.570333309422499,0,1,0.528994289291034,0.429666690577501,0.61102328085117,299.975077852722,336.90696207243,273.646998382888,389.149753550252,3015.14380056179,3386.3577778869,2750.5119979387,3911.46649683766,"age_band_separate_v1","posterior_median","conditional model uncertainty only; HIV imputation held fixed",TRUE,FALSE,FALSE
"CMR","48-59",6401.50157844869,1005131.43363267,636.882039925152,"IHME 2-4 rate shared; deaths and person-time divided equally","Cameroon",25.1740174516115,28456054,28622398,0.994188327616715,25.1747465384929,"estimated",FALSE,2024,2020,-0.673924641755164,0.112589124981467,0.509704240660975,0.408773007141613,0.635556674263909,0,1,0.490295759339025,0.364443325736091,0.591226992858387,324.621476550662,312.26056337449,232.107408731908,376.541853270463,3262.87250113322,3138.62907731547,2332.98452495468,3784.74052800443,"age_band_separate_v1","posterior_median","conditional model uncertainty only; HIV imputation held fixed",TRUE,FALSE,FALSE
"COD","<1",57081.4890072954,233903.858255135,24403.8253293935,"0-27 days mapped to model <1 completed month","Democratic Republic of the Congo",36.0589155594133,111559528,115257392,0.967916469947541,36.0595229709644,"estimated",FALSE,2024,2020,-0.0422656532870697,0.0382357236805228,0.958615087494928,0.889401695448668,1.03321467754718,0,1,0.0413849125050719,-0.0332146775471778,0.110598304551332,23393.8751533475,1009.95017604601,-810.565189233456,2699.02170599778,54719.1765790692,2362.31242822614,-1895.94325129009,6313.11590547237,"age_band_separate_v1","posterior_median","conditional model uncertainty only; HIV imputation held fixed",TRUE,FALSE,FALSE
"COD","1-5",37739.5575580428,1259993.15769549,2995.21924603686,"direct age match","Democratic Republic of the Congo",36.0589155594133,111559528,115257392,0.967916469947541,36.0595229709644,"estimated",FALSE,2024,2020,-0.136098942163413,0.0541466124252549,0.87275627582257,0.78488006806891,0.970471219713542,0,1,0.12724372417743,0.0295287802864583,0.21511993193109,2614.09639444322,381.122851593643,88.4451710259938,644.331360326141,32937.435705549,4802.12185249384,1114.4031032396,8118.53105299564,"age_band_separate_v1","posterior_median","conditional model uncertainty only; HIV imputation held fixed",TRUE,FALSE,FALSE
"COD","6-11",36734.8272721318,1490994.29373468,2463.78054071001,"direct age match","Democratic Republic of the Congo",36.0589155594133,111559528,115257392,0.967916469947541,36.0595229709644,"estimated",FALSE,2024,2020,-0.401780781853205,0.0681204858806345,0.669127414485302,0.585496847182179,0.764703514580109,0,1,0.330872585514698,0.235296485419891,0.414503152817821,1648.58310306449,815.197437645523,579.718902074985,1021.2448019755,24580.2799941657,12154.5472779661,8643.57574963938,15226.7017225167,"age_band_separate_v1","posterior_median","conditional model uncertainty only; HIV imputation held fixed",TRUE,FALSE,FALSE
"COD","12-23",24710.7895108883,2924992.95519841,844.815351331746,"direct age match","Democratic Republic of the Congo",36.0589155594133,111559528,115257392,0.967916469947541,36.0595229709644,"estimated",FALSE,2024,2020,-0.667391756161517,0.08371800624878,0.513044980606241,0.435406137840081,0.604527886150135,0,1,0.486955019393759,0.395472113849865,0.564593862159918,433.42827553985,411.387075791895,334.100912803982,476.977562020379,12677.7465253786,12033.0429855097,9772.42816277006,13951.5600869732,"age_band_separate_v1","posterior_median","conditional model uncertainty only; HIV imputation held fixed",TRUE,FALSE,FALSE
"COD","24-35",17109.2762913152,2857406.0326041,598.769516690725,"IHME 2-4 rate shared; deaths and person-time divided equally","Democratic Republic of the Congo",36.0589155594133,111559528,115257392,0.967916469947541,36.0595229709644,"estimated",FALSE,2024,2020,-0.878759711588078,0.0904515849746812,0.415297681285801,0.347829952635845,0.495851960920484,0,1,0.584702318714199,0.504148039079517,0.652170047364155,248.667591906278,350.101924784447,301.868477700219,390.499544060402,7105.44277226133,10003.8335190539,8625.60809233623,11158.1575292735,"age_band_separate_v1","posterior_median","conditional model uncertainty only; HIV imputation held fixed",TRUE,FALSE,FALSE
"COD","36-47",17109.2762913152,2857406.0326041,598.769516690725,"IHME 2-4 rate shared; deaths and person-time divided equally","Democratic Republic of the Congo",36.0589155594133,111559528,115257392,0.967916469947541,36.0595229709644,"estimated",FALSE,2024,2020,-0.811167393535437,0.0965873908382406,0.444339044802315,0.367704666045469,0.536945013124797,0,1,0.555660955197685,0.463054986875203,0.63229533395453,266.0566751031,332.712841587624,277.263210692495,378.599171517755,7602.31948454189,9506.95680677332,7922.53570851919,10818.1155663375,"age_band_separate_v1","posterior_median","conditional model uncertainty only; HIV imputation held fixed",TRUE,FALSE,FALSE
"COD","48-59",17109.2762913152,2857406.0326041,598.769516690725,"IHME 2-4 rate shared; deaths and person-time divided equally","Democratic Republic of the Congo",36.0589155594133,111559528,115257392,0.967916469947541,36.0595229709644,"estimated",FALSE,2024,2020,-0.653521224656371,0.110580616057894,0.520210768933559,0.418844625713259,0.64610890889098,0,1,0.479789231066441,0.35389109110902,0.581155374286741,311.486350691657,287.283165999067,211.899197584501,347.978122583889,8900.4297754018,8208.84651591341,6054.82045481923,9943.14786685455,"age_band_separate_v1","posterior_median","conditional model uncertainty only; HIV imputation held fixed",TRUE,FALSE,FALSE
"COG","<1",2647.84196540774,11196.2931340082,23649.2733239097,"0-27 days mapped to model <1 completed month","Congo",23.0367800311056,4340691,4342394.5,0.999607704919486,23.1096800626508,"estimated",FALSE,2024,2020,-0.0304271692808158,0.0315909390112173,0.970031077555608,0.911791191345345,1.03199098692247,0,1,0.0299689224443922,-0.0319909869224662,0.0882088086546552,22940.5300857992,708.743238110482,-756.563593631022,2086.07422545039,2568.48899490143,79.3529705063115,-84.707077688116,233.562985274417,"age_band_separate_v1","posterior_median","conditional model uncertainty only; HIV imputation held fixed",TRUE,FALSE,FALSE
"COG","1-5",1403.23265162331,60681.276651529,2312.46395767442,"direct age match","Congo",23.0367800311056,4340691,4342394.5,0.999607704919486,23.1096800626508,"estimated",FALSE,2024,2020,-0.093479667958449,0.0437499587742049,0.910756534777659,0.83591527938524,0.992298485380281,0,1,0.0892434652223413,0.00770151461971869,0.16408472061476,2106.09166088978,206.372296784635,17.8094749776021,379.440002426708,1278.00330727931,125.229344343998,10.8070167813435,230.249037599119,"age_band_separate_v1","posterior_median","conditional model uncertainty only; HIV imputation held fixed",TRUE,FALSE,FALSE
"COG","6-11",1164.2550996278,71579.517071661,1626.51991415675,"direct age match","Congo",23.0367800311056,4340691,4342394.5,0.999607704919486,23.1096800626508,"estimated",FALSE,2024,2020,-0.291090162142156,0.060391255598312,0.747448283441531,0.664012138967001,0.841368558847168,0,1,0.252551716558469,0.158631441152832,0.335987861032999,1215.73951781993,410.780396336821,258.017198046466,546.490946885104,870.220475704846,294.034623922952,184.687464323491,391.175580620705,"age_band_separate_v1","posterior_median","conditional model uncertainty only; HIV imputation held fixed",TRUE,FALSE,FALSE
"COG","12-23",902.145812001262,145173.386522635,621.426442966254,"direct age match","Congo",23.0367800311056,4340691,4342394.5,0.999607704919486,23.1096800626508,"estimated",FALSE,2024,2020,-0.612157152539515,0.0832732636350551,0.542180041648124,0.460533467200466,0.638301488377182,0,1,0.457819958351876,0.361698511622818,0.539466532799534,336.925014728689,284.501428237565,224.769019503956,335.238768576952,489.125453923525,413.020358077737,326.304797467615,486.677473279941,"age_band_separate_v1","posterior_median","conditional model uncertainty only; HIV imputation held fixed",TRUE,FALSE,FALSE
"COG","24-35",557.759314244693,153124.510004818,364.252146326634,"IHME 2-4 rate shared; deaths and person-time divided equally","Congo",23.0367800311056,4340691,4342394.5,0.999607704919486,23.1096800626508,"estimated",FALSE,2024,2020,-0.794123118494813,0.091172726227741,0.45197739182153,0.378016142868344,0.54040962686861,0,1,0.54802260817847,0.45959037313139,0.621983857131656,164.633735062106,199.618411264528,167.406779844168,226.558954940725,252.094600116481,305.664714128211,256.340811351227,346.917289625022,"age_band_separate_v1","posterior_median","conditional model uncertainty only; HIV imputation held fixed",TRUE,FALSE,FALSE
"COG","36-47",557.759314244693,153124.510004818,364.252146326634,"IHME 2-4 rate shared; deaths and person-time divided equally","Congo",23.0367800311056,4340691,4342394.5,0.999607704919486,23.1096800626508,"estimated",FALSE,2024,2020,-0.724924319032709,0.0971531151114988,0.48436122449427,0.400380102978328,0.58595767883672,0,1,0.51563877550573,0.41404232116328,0.599619897021672,176.429615619435,187.8225307072,150.815804153786,218.412834470299,270.156984420643,287.602329824049,230.935961120312,334.443582570281,"age_band_separate_v1","posterior_median","conditional model uncertainty only; HIV imputation held fixed",TRUE,FALSE,FALSE
"COG","48-59",557.759314244693,153124.510004818,364.252146326634,"IHME 2-4 rate shared; deaths and person-time divided equally","Congo",23.0367800311056,4340691,4342394.5,0.999607704919486,23.1096800626508,"estimated",FALSE,2024,2020,-0.661648573599782,0.112274986029604,0.51599996898881,0.414076929412371,0.643010873303915,0,1,0.48400003101119,0.356989126696085,0.585923070587629,187.954096208651,176.298050117984,130.03405561432,213.423736043836,287.803788853481,269.955525391211,199.11401049882,326.8040500511,"age_band_separate_v1","posterior_median","conditional model uncertainty only; HIV imputation held fixed",TRUE,FALSE,FALSE
"COM","<1",455.163782445814,1721.34196546306,26442.3799325295,"0-27 days mapped to model <1 completed month","Comoros",2.05693091322994,862191.125,881698.6875,0.977875023773357,2.0569309592247,"estimated",FALSE,2024,2020,-0.00273968774874637,0.00367080553985116,0.997264061770781,0.990114848099017,1.00446489698546,0,1,0.00273593822921858,-0.00446489698546348,0.00988515190098294,26370.0352144006,72.3447181289297,-118.062502449231,261.386942256557,453.918482452865,1.24529999294923,-2.03225940013447,4.49936312930283,"age_band_separate_v1","posterior_median","conditional model uncertainty only; HIV imputation held fixed",TRUE,FALSE,FALSE
"COM","1-5",192.45426939921,9324.95026628169,2063.86376230992,"direct age match","Comoros",2.05693091322994,862191.125,881698.6875,0.977875023773357,2.0569309592247,"estimated",FALSE,2024,2020,-0.00873411511951553,0.00497104200236608,0.99130391645934,0.981692478119597,1.00100945733019,0,1,0.00869608354066043,-0.00100945733018754,0.0183075218804026,2045.91623061633,17.9475316935888,-2.08338240337218,37.784230986659,190.780670994758,1.6735984044523,-0.19427437297092,3.52336074800295,"age_band_separate_v1","posterior_median","conditional model uncertainty only; HIV imputation held fixed",TRUE,FALSE,FALSE
"COM","6-11",134.870877855202,10936.7653970538,1233.18799442781,"direct age match","Comoros",2.05693091322994,862191.125,881698.6875,0.977875023773357,2.0569309592247,"estimated",FALSE,2024,2020,-0.0286585527174754,0.00744605329018997,0.971748208611942,0.95766950105558,0.986033887368952,0,1,0.028251791388058,0.0139661126310481,0.0423304989444199,1198.34822446698,34.8397699608322,17.2228424254351,52.2014630963977,131.060533949713,3.81034390548942,1.88362187077408,5.70915155268261,"age_band_separate_v1","posterior_median","conditional model uncertainty only; HIV imputation held fixed",TRUE,FALSE,FALSE
"COM","12-23",95.8178417895943,21624.3529319146,443.101544315715,"direct age match","Comoros",2.05693091322994,862191.125,881698.6875,0.977875023773357,2.0569309592247,"estimated",FALSE,2024,2020,-0.0727981747710555,0.0114926024234034,0.929788465860325,0.90907901661848,0.950969690690498,0,1,0.0702115341396746,0.0490303093095021,0.0909209833815204,411.99070510965,31.1108392060654,21.7254057733176,40.2872281470552,89.0903241195943,6.72751767000004,4.69797842031275,8.71185240100486,"age_band_separate_v1","posterior_median","conditional model uncertainty only; HIV imputation held fixed",TRUE,FALSE,FALSE
"COM","24-35",37.6859920800678,21066.3241950049,178.892111083165,"IHME 2-4 rate shared; deaths and person-time divided equally","Comoros",2.05693091322994,862191.125,881698.6875,0.977875023773357,2.0569309592247,"estimated",FALSE,2024,2020,-0.0925072611156538,0.0126774315052833,0.911642591398138,0.889269828602934,0.934578221052186,0,1,0.088357408601862,0.0654217789478139,0.110730171397066,163.08566772854,15.8064433546249,11.7034401467906,19.8087541218219,34.3561554792827,3.32983660078509,2.46548464329126,4.1729763622944,"age_band_separate_v1","posterior_median","conditional model uncertainty only; HIV imputation held fixed",TRUE,FALSE,FALSE
"COM","36-47",37.6859920800678,21066.3241950049,178.892111083165,"IHME 2-4 rate shared; deaths and person-time divided equally","Comoros",2.05693091322994,862191.125,881698.6875,0.977875023773357,2.0569309592247,"estimated",FALSE,2024,2020,-0.083270169504327,0.013538447942468,0.920102529992782,0.896008804254904,0.944844137333135,0,1,0.0798974700072178,0.0551558626668651,0.103991195745096,164.59908400337,14.293027079795,9.86694871108862,18.6032045409028,34.6749766581584,3.01101542190947,2.07860340363279,3.91901137924646,"age_band_separate_v1","posterior_median","conditional model uncertainty only; HIV imputation held fixed",TRUE,FALSE,FALSE
"COM","48-59",37.6859920800678,21066.3241950049,178.892111083165,"IHME 2-4 rate shared; deaths and person-time divided equally","Comoros",2.05693091322994,862191.125,881698.6875,0.977875023773357,2.0569309592247,"estimated",FALSE,2024,2020,-0.0827450134095016,0.0158071375621,0.920585854343529,0.892502080954047,0.949553321277958,0,1,0.0794141456564714,0.050446678722042,0.107497919045953,164.685546916813,14.2065641663521,9.02451285372027,19.2305296751777,34.6931912158127,2.99280086425514,1.9011331347846,4.05116572578956,"age_band_separate_v1","posterior_median","conditional model uncertainty only; HIV imputation held fixed",TRUE,FALSE,FALSE
"CPV","<1",80.131906859191,509.032006242148,15742.0173734757,"0-27 days mapped to model <1 completed month","Cape Verde",,0,0,,,"missing_MAP_no_estimate",,2024,2020,,,,,,,,,,,,,,,,,,,"age_band_separate_v1","posterior_median","conditional model uncertainty only; HIV imputation held fixed",TRUE,,
"CPV","1-5",33.1537022803578,2781.13998648918,1192.09038169308,"direct age match","Cape Verde",,0,0,,,"missing_MAP_no_estimate",,2024,2020,,,,,,,,,,,,,,,,,,,"age_band_separate_v1","posterior_median","conditional model uncertainty only; HIV imputation held fixed",TRUE,,
"CPV","6-11",24.4941002762773,3314.6748562364,738.959365205695,"direct age match","Cape Verde",,0,0,,,"missing_MAP_no_estimate",,2024,2020,,,,,,,,,,,,,,,,,,,"age_band_separate_v1","posterior_median","conditional model uncertainty only; HIV imputation held fixed",TRUE,,
"CPV","12-23",15.3170614400628,6802.797657807,225.15826885553,"direct age match","Cape Verde",,0,0,,,"missing_MAP_no_estimate",,2024,2020,,,,,,,,,,,,,,,,,,,"age_band_separate_v1","posterior_median","conditional model uncertainty only; HIV imputation held fixed",TRUE,,
"CPV","24-35",6.17880018152823,7592.8066537438,81.3770251673884,"IHME 2-4 rate shared; deaths and person-time divided equally","Cape Verde",,0,0,,,"missing_MAP_no_estimate",,2024,2020,,,,,,,,,,,,,,,,,,,"age_band_separate_v1","posterior_median","conditional model uncertainty only; HIV imputation held fixed",TRUE,,
"CPV","36-47",6.17880018152823,7592.8066537438,81.3770251673884,"IHME 2-4 rate shared; deaths and person-time divided equally","Cape Verde",,0,0,,,"missing_MAP_no_estimate",,2024,2020,,,,,,,,,,,,,,,,,,,"age_band_separate_v1","posterior_median","conditional model uncertainty only; HIV imputation held fixed",TRUE,,
"CPV","48-59",6.17880018152823,7592.8066537438,81.3770251673884,"IHME 2-4 rate shared; deaths and person-time divided equally","Cape Verde",,0,0,,,"missing_MAP_no_estimate",,2024,2020,,,,,,,,,,,,,,,,,,,"age_band_separate_v1","posterior_median","conditional model uncertainty only; HIV imputation held fixed",TRUE,,
"DJI","<1",727.072096264262,2699.81280772468,26930.4632596737,"0-27 days mapped to model <1 completed month","Djibouti",4.3967566637446,1051337.375,1167835.5,0.900244405140964,4.54489563154219,"estimated",TRUE,2024,2020,-0.0058551180558525,0.00778888257517697,0.994161989742194,0.979100439850102,1.00945523219198,0,1,0.00583801025780617,-0.00945523219198363,0.0208995601498979,26773.2429389163,157.220320757447,-254.633783157899,562.834836760167,722.827441908106,4.24465435615539,-6.87463549049087,15.1954870091873,"age_band_separate_v1","posterior_median","conditional model uncertainty only; HIV imputation held fixed",TRUE,FALSE,FALSE
"DJI","1-5",426.011611887479,14667.8949799994,2904.38138852489,"direct age match","Djibouti",4.3967566637446,1051337.375,1167835.5,0.900244405140964,4.54489563154219,"estimated",TRUE,2024,2020,-0.0186458588358897,0.0105535031225851,0.981526899779393,0.961433052207433,1.00204070660834,0,1,0.0184731002206067,-0.00204070660833766,0.0385669477925668,2850.72846005581,53.652928469085,-5.92699029269566,112.013125380942,418.141856685939,7.86975520153959,-0.869364711607357,16.4299675946916,"age_band_separate_v1","posterior_median","conditional model uncertainty only; HIV imputation held fixed",TRUE,FALSE,FALSE
"DJI","6-11",183.981566607526,17355.7539614044,1060.06092859269,"direct age match","Djibouti",4.3967566637446,1051337.375,1167835.5,0.900244405140964,4.54489563154219,"estimated",TRUE,2024,2020,-0.0610948770029318,0.0157790194154252,0.940733981521076,0.912085825189129,0.970281962012717,0,1,0.059266018478924,0.0297180379872829,0.0879141748108709,997.235338009929,62.8255905827596,31.5029309447519,93.1943817864718,173.077711681183,10.903854926343,5.46757118540229,16.174587608712,"age_band_separate_v1","posterior_median","conditional model uncertainty only; HIV imputation held fixed",TRUE,FALSE,FALSE
"DJI","12-23",105.772109395175,34698.8382146397,304.828964995574,"direct age match","Djibouti",4.3967566637446,1051337.375,1167835.5,0.900244405140964,4.54489563154219,"estimated",TRUE,2024,2020,-0.154486280952515,0.0242965684327878,0.856855247299287,0.817007764881241,0.898646189649182,0,1,0.143144752700713,0.101353810350818,0.182992235118759,261.194298185268,43.6346668103057,30.8955771075975,55.781333633478,90.6313869531697,15.1407224420051,10.7204063160445,19.3554747114489,"age_band_separate_v1","posterior_median","conditional model uncertainty only; HIV imputation held fixed",TRUE,FALSE,FALSE
"DJI","24-35",58.7403767730561,34425.0156876875,170.632824995531,"IHME 2-4 rate shared; deaths and person-time divided equally","Djibouti",4.3967566637446,1051337.375,1167835.5,0.900244405140964,4.54489563154219,"estimated",TRUE,2024,2020,-0.196402633881923,0.0267983992394122,0.821681331322072,0.779637250266962,0.865992754979352,0,1,0.178318668677928,0.134007245020648,0.220362749733038,140.205806809574,30.4270181859571,22.8660347877416,37.6011185107316,48.2658709892449,10.4745057838113,7.87163606283213,12.9441909460653,"age_band_separate_v1","posterior_median","conditional model uncertainty only; HIV imputation held fixed",TRUE,FALSE,FALSE
"DJI","36-47",58.7403767730561,34425.0156876875,170.632824995531,"IHME 2-4 rate shared; deaths and person-time divided equally","Djibouti",4.3967566637446,1051337.375,1167835.5,0.900244405140964,4.54489563154219,"estimated",TRUE,2024,2020,-0.176848038112505,0.0286161579308462,0.837907104794025,0.792205321036288,0.886245393234545,0,1,0.162092895205975,0.113754606765455,0.207794678963712,142.974456374831,27.6583686207002,19.4102699086453,35.4565930906176,49.2189790364216,9.52139773663449,6.68198846107365,12.2059377337647,"age_band_separate_v1","posterior_median","conditional model uncertainty only; HIV imputation held fixed",TRUE,FALSE,FALSE
"DJI","48-59",58.7403767730561,34425.0156876875,170.632824995531,"IHME 2-4 rate shared; deaths and person-time divided equally","Djibouti",4.3967566637446,1051337.375,1167835.5,0.900244405140964,4.54489563154219,"estimated",TRUE,2024,2020,-0.175406250774525,0.0334042895332992,0.839116059966824,0.785937933102798,0.895892324874145,0,1,0.160883940033176,0.104107675125855,0.214062066897202,143.180743811259,27.4520811842726,17.7641867104417,36.526015199052,49.2899935187736,9.45038325428255,6.11532406185964,12.5740864623608,"age_band_separate_v1","posterior_median","conditional model uncertainty only; HIV imputation held fixed",TRUE,FALSE,FALSE
"ERI","<1",3506.89757316766,15790.6001258672,22208.7668943175,"0-27 days mapped to model <1 completed month","Eritrea",1.01244593723427,3949344.75,4194347,0.941587510523092,0.997536730544655,"estimated",TRUE,2024,2020,-0.0013485580639579,0.00180961239395269,0.998652350831856,0.99511662943311,1.0022006349046,0,1,0.00134764916814412,-0.00220063490460398,0.00488337056689037,22178.8372680869,29.9296262306336,-48.8733876158486,108.453638578639,3502.17150557041,4.72606759724601,-7.71740120638375,17.1254803899062,"age_band_separate_v1","posterior_median","conditional model uncertainty only; HIV imputation held fixed",TRUE,TRUE,FALSE
"ERI","1-5",1825.4127427125,85729.421445037,2129.27220543861,"direct age match","Eritrea",1.01244593723427,3949344.75,4194347,0.941587510523092,0.997536730544655,"estimated",TRUE,2024,2020,-0.00430017940621032,0.00245031787296483,0.995709053126662,0.990938590092866,1.00050248157707,0,1,0.00429094687333775,-0.000502481577068892,0.009061409907134,2120.1356115262,9.1365939124118,-1.06992005579775,19.2942082573465,1817.57999361161,7.83274910089311,-0.91723627375983,16.5408131114237,"age_band_separate_v1","posterior_median","conditional model uncertainty only; HIV imputation held fixed",TRUE,TRUE,FALSE
"ERI","6-11",1343.02109316362,100745.312460257,1333.08544126401,"direct age match","Eritrea",1.01244593723427,3949344.75,4194347,0.941587510523092,0.997536730544655,"estimated",TRUE,2024,2020,-0.0141140168830414,0.00367169781547507,0.985985118903807,0.978915050068146,0.993106250263572,0,1,0.0140148810961934,0.00689374973642776,0.0210849499318539,1314.40240731362,18.6830339503816,9.18995740934942,28.108039783935,1324.19881223326,18.8222809303679,9.25845130701365,28.3175325067788,"age_band_separate_v1","posterior_median","conditional model uncertainty only; HIV imputation held fixed",TRUE,TRUE,FALSE
"ERI","12-23",1602.14160017084,200415.012301493,799.411971075637,"direct age match","Eritrea",1.01244593723427,3949344.75,4194347,0.941587510523092,0.997536730544655,"estimated",TRUE,2024,2020,-0.0358865241115878,0.00566986639980128,0.964749763108388,0.954088105473534,0.975530561672545,0,1,0.0352502368916118,0.024469438327455,0.0459118945264657,771.232509721231,28.1794613544065,19.5611619244645,36.7025180992187,1545.66572923091,56.4758709399281,39.2035050772304,73.5573561635067,"age_band_separate_v1","posterior_median","conditional model uncertainty only; HIV imputation held fixed",TRUE,TRUE,FALSE
"ERI","24-35",1046.02804114962,195824.261243762,534.166724034019,"IHME 2-4 rate shared; deaths and person-time divided equally","Eritrea",1.01244593723427,3949344.75,4194347,0.941587510523092,0.997536730544655,"estimated",TRUE,2024,2020,-0.0455978698009193,0.00625454633566877,0.955426090634748,0.943785318674148,0.96721044140417,0,1,0.0445739093652517,0.0327895585958301,0.0562146813258516,510.356824890994,23.8098991430258,17.5150910976561,30.0280121664465,999.402482049906,46.625559099715,34.2987977481569,58.8021329911307,"age_band_separate_v1","posterior_median","conditional model uncertainty only; HIV imputation held fixed",TRUE,TRUE,FALSE
"ERI","36-47",1046.02804114962,195824.261243762,534.166724034019,"IHME 2-4 rate shared; deaths and person-time divided equally","Eritrea",1.01244593723427,3949344.75,4194347,0.941587510523092,0.997536730544655,"estimated",TRUE,2024,2020,-0.0410420541080401,0.00667945144099872,0.959788766038608,0.947305596410833,0.972436433294758,0,1,0.0402112339613919,0.0275635667052424,0.0526944035891665,512.687220919497,21.4795031145222,14.7235401296325,28.1475969401516,1003.96596285678,42.0620782928439,28.8322636877816,55.1198237659234,"age_band_separate_v1","posterior_median","conditional model uncertainty only; HIV imputation held fixed",TRUE,TRUE,FALSE
"ERI","48-59",1046.02804114962,195824.261243762,534.166724034019,"IHME 2-4 rate shared; deaths and person-time divided equally","Eritrea",1.01244593723427,3949344.75,4194347,0.941587510523092,0.997536730544655,"estimated",TRUE,2024,2020,-0.0407990405016694,0.00779910163269961,0.96002203611075,0.945458769601269,0.974809626237765,0,1,0.03997796388925,0.0251903737622352,0.0545412303987308,512.811826029748,21.354898004271,13.4558594297657,29.1341103668747,1004.2099698934,41.8180712562225,26.3498373223377,57.0516563958746,"age_band_separate_v1","posterior_median","conditional model uncertainty only; HIV imputation held fixed",TRUE,TRUE,FALSE
"ETH","<1",97094.5054639642,277201.603004476,35026.6753191887,"0-27 days mapped to model <1 completed month","Ethiopia",3.96841512486915,85707320,103563128,0.827585277262,3.96593070817917,"estimated",TRUE,2024,2020,-0.00528492582981505,0.0070424077109428,0.99472901482145,0.981093227004515,1.00855432051933,0,1,0.00527098517854974,-0.00855432051932814,0.0189067729954855,34842.0502327274,184.625086461317,-299.62940740678,662.241399046475,96582.7217647451,511.783699219172,-830.577520404408,1835.7437739161,"age_band_separate_v1","posterior_median","conditional model uncertainty only; HIV imputation held fixed",TRUE,FALSE,FALSE
"ETH","1-5",35350.1622442809,1497063.37714304,2361.30031527071,"direct age match","Ethiopia",3.96841512486915,85707320,103563128,0.827585277262,3.96593070817917,"estimated",TRUE,2024,2020,-0.0168344014365628,0.00954083585801384,0.983306505297799,0.96508982786908,1.00186703396913,0,1,0.0166934947022006,-0.0018670339691278,0.0349101721309202,2321.88196096743,39.4183543032762,-4.40862789992259,82.4334004588965,34760.0444981341,590.117746146835,-65.9999537242513,1234.0802488038,"age_band_separate_v1","posterior_median","conditional model uncertainty only; HIV imputation held fixed",TRUE,FALSE,FALSE
"ETH","6-11",19048.3139891853,1751491.37748441,1087.54825938929,"direct age match","Ethiopia",3.96841512486915,85707320,103563128,0.827585277262,3.96593070817917,"estimated",TRUE,2024,2020,-0.0551780057660886,0.0142711840282984,0.94631668313393,0.920214013632336,0.973159777520406,0,1,0.0536833168660696,0.0268402224795943,0.0797859863676641,1029.16506157335,58.3831978159379,29.1900372393041,86.7711105978109,18025.7373135394,1022.57667564582,511.260985330901,1519.78852026812,"age_band_separate_v1","posterior_median","conditional model uncertainty only; HIV imputation held fixed",TRUE,FALSE,FALSE
"ETH","12-23",15646.4847529044,3427290.48629112,456.526367271436,"direct age match","Ethiopia",3.96841512486915,85707320,103563128,0.827585277262,3.96593070817917,"estimated",TRUE,2024,2020,-0.139676655371421,0.0219872539436552,0.869639383165894,0.832958980420946,0.907935053861793,0,1,0.130360616834106,0.0920649461382073,0.167041019579054,397.013308432898,59.5130588385383,42.0300754135162,76.2586298537423,13606.7993492304,2039.68540367406,1440.49277602843,2613.60476595327,"age_band_separate_v1","posterior_median","conditional model uncertainty only; HIV imputation held fixed",TRUE,FALSE,FALSE
"ETH","24-35",8105.37800303366,3222402.86912691,251.532112284574,"IHME 2-4 rate shared; deaths and person-time divided equally","Ethiopia",3.96841512486915,85707320,103563128,0.827585277262,3.96593070817917,"estimated",TRUE,2024,2020,-0.177555009306467,0.0242519519692221,0.837314937954832,0.798445982987654,0.878076063078077,0,1,0.162685062045168,0.121923936921923,0.201554017012346,210.611594991206,40.9205172933682,30.6677853920225,50.6973076385566,6786.75407971059,1318.62392332307,988.239596370218,1633.67149591494,"age_band_separate_v1","posterior_median","conditional model uncertainty only; HIV imputation held fixed",TRUE,FALSE,FALSE
"ETH","36-47",8105.37800303366,3222402.86912691,251.532112284574,"IHME 2-4 rate shared; deaths and person-time divided equally","Ethiopia",3.96841512486915,85707320,103563128,0.827585277262,3.96593070817917,"estimated",TRUE,2024,2020,-0.159864703094188,0.02589748176414,0.852259089183871,0.810079543210884,0.896634856643251,0,1,0.147740910816129,0.103365143356749,0.189920456789116,214.370528916147,37.1615833684279,25.9996528451209,47.7710936622176,6907.88207435645,1197.49592867721,837.813559244214,1539.3770927846,"age_band_separate_v1","posterior_median","conditional model uncertainty only; HIV imputation held fixed",TRUE,FALSE,FALSE
"ETH","48-59",8105.37800303366,3222402.86912691,251.532112284574,"IHME 2-4 rate shared; deaths and person-time divided equally","Ethiopia",3.96841512486915,85707320,103563128,0.827585277262,3.96593070817917,"estimated",TRUE,2024,2020,-0.158631871980315,0.0302322752622251,0.853310428634933,0.804217082880411,0.905400672426911,0,1,0.146689571365067,0.0945993275730894,0.195782917119589,214.634974549,36.8971377355742,23.7947686851596,49.245690692326,6916.4035780168,1188.97442501685,766.763308812694,1586.89454979088,"age_band_separate_v1","posterior_median","conditional model uncertainty only; HIV imputation held fixed",TRUE,FALSE,FALSE
"GAB","<1",738.777997826196,3655.68504776522,20209.0165912357,"0-27 days mapped to model <1 completed month","Gabon",18.3938632660677,3021232.5,3023394.5,0.999284909726468,18.3714864787975,"estimated",FALSE,2024,2020,-0.0244013046086238,0.0277463117164242,0.975894000405891,0.924240392368372,1.03043440634288,0,1,0.0241059995941091,-0.0304344063428794,0.0757596076316284,19721.85804549,487.158545745672,-615.04942272766,1531.02716757309,720.969015710461,17.808982115735,-22.4842697830213,55.9695312421926,"age_band_separate_v1","posterior_median","conditional model uncertainty only; HIV imputation held fixed",TRUE,FALSE,FALSE
"GAB","1-5",275.329900608169,19899.4857092071,1383.60309724376,"direct age match","Gabon",18.3938632660677,3021232.5,3023394.5,0.999284909726468,18.3714864787975,"estimated",FALSE,2024,2020,-0.0759081736912895,0.0380891945163124,0.926901316578093,0.860224718622872,0.998746062598159,0,1,0.0730986834219067,0.00125393740184088,0.139775281377128,1282.46353245677,101.139564786991,1.73495167293683,193.393512231513,255.203647367028,20.1262532411416,0.345246460217715,38.4843143290435,"age_band_separate_v1","posterior_median","conditional model uncertainty only; HIV imputation held fixed",TRUE,FALSE,FALSE
"GAB","6-11",265.322824855659,23573.0122516268,1125.53636346305,"direct age match","Gabon",18.3938632660677,3021232.5,3023394.5,0.999284909726468,18.3714864787975,"estimated",FALSE,2024,2020,-0.241042366286222,0.0543676148140264,0.785808333902322,0.706380713032282,0.874167040857644,0,1,0.214191666097678,0.125832959142356,0.293619286967718,884.455854519376,241.080508943672,141.629571236881,330.479184496259,208.492886946083,56.8299379095762,33.3863561795966,77.9038986503795,"age_band_separate_v1","posterior_median","conditional model uncertainty only; HIV imputation held fixed",TRUE,FALSE,FALSE
"GAB","12-23",201.184742639339,46821.0368391611,429.688781413461,"direct age match","Gabon",18.3938632660677,3021232.5,3023394.5,0.999284909726468,18.3714864787975,"estimated",FALSE,2024,2020,-0.546569297314823,0.0785955874444104,0.578932552799348,0.496280584299488,0.675349613291563,0,1,0.421067447200652,0.324650386708437,0.503719415700512,248.760823132936,180.927958280525,139.498629050157,216.442581906654,116.472396640472,84.7123459988667,65.3147044976989,101.340661010146,"age_band_separate_v1","posterior_median","conditional model uncertainty only; HIV imputation held fixed",TRUE,FALSE,FALSE
"GAB","24-35",93.8533253235665,46869.4476691967,200.244146220755,"IHME 2-4 rate shared; deaths and person-time divided equally","Gabon",18.3938632660677,3021232.5,3023394.5,0.999284909726468,18.3714864787975,"estimated",FALSE,2024,2020,-0.703045995151433,0.0863734358661604,0.49507500870726,0.417974514392054,0.586397629058777,0,1,0.50492499129274,0.413602370941223,0.582025485607946,99.1358724338183,101.108273786937,82.8214536440052,116.547196444284,46.46443585177,47.3888894717965,38.817957874545,54.6250272473694,"age_band_separate_v1","posterior_median","conditional model uncertainty only; HIV imputation held fixed",TRUE,FALSE,FALSE
"GAB","36-47",93.8533253235665,46869.4476691967,200.244146220755,"IHME 2-4 rate shared; deaths and person-time divided equally","Gabon",18.3938632660677,3021232.5,3023394.5,0.999284909726468,18.3714864787975,"estimated",FALSE,2024,2020,-0.638122861129304,0.0920808143606665,0.528283154727066,0.441049598792007,0.632770310488352,0,1,0.471716845272934,0.367229689511648,0.558950401207993,105.785609281128,94.4585369396267,73.535595643173,111.926545869643,49.5811307835594,44.2721945400072,34.4657275182091,52.4593538443118,"age_band_separate_v1","posterior_median","conditional model uncertainty only; HIV imputation held fixed",TRUE,FALSE,FALSE
"GAB","48-59",93.8533253235665,46869.4476691967,200.244146220755,"IHME 2-4 rate shared; deaths and person-time divided equally","Gabon",18.3938632660677,3021232.5,3023394.5,0.999284909726468,18.3714864787975,"estimated",FALSE,2024,2020,-0.603720384425934,0.106872848750769,0.546773639246899,0.443442418957585,0.674183162896496,0,1,0.453226360753101,0.325816837103504,0.556557581042415,109.48822056701,90.7559256537447,65.242914370138,111.447397638527,51.3165242425896,42.5368010809769,30.5789936085706,52.234779714871,"age_band_separate_v1","posterior_median","conditional model uncertainty only; HIV imputation held fixed",TRUE,FALSE,FALSE
"GHA","<1",17869.6343966622,67919.1951448327,26310.138626579,"0-27 days mapped to model <1 completed month","Ghana",16.1544407206884,33547370,33556420,0.999730304961018,16.0953150268076,"estimated",FALSE,2024,2020,-0.0214504430226589,0.0253508194068308,0.978777981545533,0.931334163891847,1.02863867159672,0,1,0.0212220184544666,-0.0286386715967173,0.0686658361081534,25751.7843791062,558.354247472834,-753.487419790703,1806.60766691547,17490.4046857217,379.229710940536,-511.762591039413,1227.03338679383,"age_band_separate_v1","posterior_median","conditional model uncertainty only; HIV imputation held fixed",TRUE,FALSE,FALSE
"GHA","1-5",6388.0532701501,368988.652948723,1731.23298483594,"direct age match","Ghana",16.1544407206884,33547370,33556420,0.999730304961018,16.0953150268076,"estimated",FALSE,2024,2020,-0.0671134593141349,0.0346815359400899,0.935089100749814,0.8736390099993,1.00086147291179,0,1,0.0649108992501857,-0.000861472911789285,0.1263609900007,1618.85709497865,112.375889857284,-1.49141032043227,218.760313885737,5973.39898792657,414.654282223532,-5.50313485130127,807.200735393378,"age_band_separate_v1","posterior_median","conditional model uncertainty only; HIV imputation held fixed",TRUE,FALSE,FALSE
"GHA","6-11",3722.07523690336,438590.295571062,848.645142058391,"direct age match","Ghana",16.1544407206884,33547370,33556420,0.999730304961018,16.0953150268076,"estimated",FALSE,2024,2020,-0.214797033301,0.0501325896923242,0.806705157845102,0.731209619213161,0.88999541936302,0,1,0.193294842154898,0.11000458063698,0.268790380786839,684.606413278693,164.038728779698,93.354852961744,228.107650886776,3002.61729149747,719.45794540589,409.445325534844,1000.45802024452,"age_band_separate_v1","posterior_median","conditional model uncertainty only; HIV imputation held fixed",TRUE,FALSE,FALSE
"GHA","12-23",3874.25503532091,868692.41335703,445.986977179758,"direct age match","Ghana",16.1544407206884,33547370,33556420,0.999730304961018,16.0953150268076,"estimated",FALSE,2024,2020,-0.501282949420863,0.0737746244103965,0.605753010502986,0.52420179898128,0.699991320988456,0,1,0.394246989497014,0.300008679011544,0.47579820101872,270.157954071765,175.829023107993,133.799963880051,212.199801419906,2346.84165110199,1527.41338421892,1162.31013530045,1843.36357609341,"age_band_separate_v1","posterior_median","conditional model uncertainty only; HIV imputation held fixed",TRUE,FALSE,FALSE
"GHA","24-35",2532.02500559572,853709.94104717,296.590783807661,"IHME 2-4 rate shared; deaths and person-time divided equally","Ghana",16.1544407206884,33547370,33556420,0.999730304961018,16.0953150268076,"estimated",FALSE,2024,2020,-0.64273349767741,0.0811693680034703,0.525853039599885,0.448510791879068,0.616532365025002,0,1,0.474146960400115,0.383467634974998,0.551489208120932,155.963165182571,140.62761862509,113.732966422105,163.566616498054,1331.47304553542,1200.5519600603,970.949640593346,1396.38446527838,"age_band_separate_v1","posterior_median","conditional model uncertainty only; HIV imputation held fixed",TRUE,FALSE,FALSE
"GHA","36-47",2532.02500559572,853709.94104717,296.590783807661,"IHME 2-4 rate shared; deaths and person-time divided equally","Ghana",16.1544407206884,33547370,33556420,0.999730304961018,16.0953150268076,"estimated",FALSE,2024,2020,-0.582115702997242,0.0865635044438509,0.558715040138143,0.471527877236476,0.66202341610444,0,1,0.441284959861857,0.33797658389556,0.528472122763524,165.709731679701,130.88105212796,100.24073992622,156.739961110932,1414.6804526322,1117.34455296352,855.765161729377,1338.10462959749,"age_band_separate_v1","posterior_median","conditional model uncertainty only; HIV imputation held fixed",TRUE,FALSE,FALSE
"GHA","48-59",2532.02500559572,853709.94104717,296.590783807661,"IHME 2-4 rate shared; deaths and person-time divided equally","Ghana",16.1544407206884,33547370,33556420,0.999730304961018,16.0953150268076,"estimated",FALSE,2024,2020,-0.557949221291844,0.100631557315047,0.57238168922146,0.469924399502946,0.697177670498802,0,1,0.42761831077854,0.302822329501198,0.530075600497054,169.763133843346,126.827649964315,89.8143120612221,157.215537828738,1449.28474985385,1082.74025574186,766.75371054978,1342.16467531471,"age_band_separate_v1","posterior_median","conditional model uncertainty only; HIV imputation held fixed",TRUE,FALSE,FALSE
"GIN","<1",13550.0775323292,39324.0041790405,34457.5223587005,"0-27 days mapped to model <1 completed month","Guinea",21.3998882059171,12444308,12482567,0.996935005435981,21.4175935803199,"estimated",FALSE,2024,2020,-0.0283357393265254,0.0303857534876444,0.972061952583967,0.915860954886681,1.03171167481233,0,1,0.0279380474160332,-0.0317116748123261,0.0841390451133188,33494.8464652041,962.675893496401,-1092.70574387757,2899.2230282319,13171.5148237401,378.562708589141,-429.69565238703,1140.09058478162,"age_band_separate_v1","posterior_median","conditional model uncertainty only; HIV imputation held fixed",TRUE,FALSE,FALSE
"GIN","1-5",6835.07038571809,212007.4597072,3223.97636156665,"direct age match","Guinea",21.3998882059171,12444308,12482567,0.996935005435981,21.4175935803199,"estimated",FALSE,2024,2020,-0.0873970543078088,0.0419433440172643,0.916313197291944,0.843998553734115,0.994823832122223,0,1,0.0836868027080557,0.00517616787777742,0.156001446265885,2954.17208786079,269.804273705864,16.687842881455,502.944975131425,6263.06519885283,572.005186865264,35.3794717729017,1066.28086550115,"age_band_separate_v1","posterior_median","conditional model uncertainty only; HIV imputation held fixed",TRUE,FALSE,FALSE
"GIN","6-11",5501.30296365886,247200.939849343,2225.4377216412,"direct age match","Guinea",21.3998882059171,12444308,12482567,0.996935005435981,21.4175935803199,"estimated",FALSE,2024,2020,-0.274124307948203,0.058632522593566,0.760237565814913,0.677705846059065,0.852820083871331,0,1,0.239762434185087,0.147179916128669,0.322294153940935,1691.86135637319,533.576365268009,327.539737220727,717.245567644593,4182.29717390238,1319.00578975649,809.681308789707,1773.03778424519,"age_band_separate_v1","posterior_median","conditional model uncertainty only; HIV imputation held fixed",TRUE,FALSE,FALSE
"GIN","12-23",6086.41609302233,483850.25824017,1257.91316411806,"direct age match","Guinea",21.3998882059171,12444308,12482567,0.996935005435981,21.4175935803199,"estimated",FALSE,2024,2020,-0.59309385986518,0.0822872574723069,0.552614924063958,0.470304970689828,0.649330271483816,0,1,0.447385075936042,0.350669728516184,0.529695029310173,695.141587668155,562.771576449907,441.112067758215,666.310350337169,3363.44436706719,2722.97172595515,2134.32187897668,3223.94435078737,"age_band_separate_v1","posterior_median","conditional model uncertainty only; HIV imputation held fixed",TRUE,FALSE,FALSE
"GIN","24-35",3283.60480379946,466182.190357571,704.360842545458,"IHME 2-4 rate shared; deaths and person-time divided equally","Guinea",21.3998882059171,12444308,12482567,0.996935005435981,21.4175935803199,"estimated",FALSE,2024,2020,-0.766963965139042,0.0902298924145552,0.464420928202141,0.38914186722989,0.554262639709026,0,1,0.535579071797859,0.445737360290974,0.61085813277011,327.119916284204,377.240926261255,313.959942648539,430.2645490737,1524.97479082955,1758.6300129699,1463.62533748433,2005.8166992039,"age_band_separate_v1","posterior_median","conditional model uncertainty only; HIV imputation held fixed",TRUE,FALSE,FALSE
"GIN","36-47",3283.60480379946,466182.190357571,704.360842545458,"IHME 2-4 rate shared; deaths and person-time divided equally","Guinea",21.3998882059171,12444308,12482567,0.996935005435981,21.4175935803199,"estimated",FALSE,2024,2020,-0.698641546148021,0.0961564106012583,0.497260350416214,0.411846468724999,0.600388433246865,0,1,0.502739649583786,0.399611566753135,0.588153531275001,350.250719383614,354.110123161844,281.470739849149,414.272316834946,1632.80647536568,1650.79832843378,1312.16646024442,1931.26376066621,"age_band_separate_v1","posterior_median","conditional model uncertainty only; HIV imputation held fixed",TRUE,FALSE,FALSE
"GIN","48-59",3283.60480379946,466182.190357571,704.360842545458,"IHME 2-4 rate shared; deaths and person-time divided equally","Guinea",21.3998882059171,12444308,12482567,0.996935005435981,21.4175935803199,"estimated",FALSE,2024,2020,-0.64654056180619,0.11130237601617,0.523854889312344,0.421182431495537,0.651556011208783,0,1,0.476145110687656,0.348443988791217,0.578817568504463,368.982871207601,335.377971337858,245.430301524882,407.696430231917,1720.13243103985,1563.47237275961,1144.15235544989,1900.60814846477,"age_band_separate_v1","posterior_median","conditional model uncertainty only; HIV imputation held fixed",TRUE,FALSE,FALSE
"GMB","<1",2042.80500734235,6020.20958703767,33932.4566330844,"0-27 days mapped to model <1 completed month","The Gambia",7.44118125415429,2496291.75,2496555.5,0.99989435444155,7.4363160474733,"estimated",FALSE,2024,2020,-0.00990507825175304,0.0129503634335738,0.990143815470623,0.965328014338517,1.01559755932964,0,1,0.00985618452937675,-0.0155975593296378,0.034671985661483,33598.0120789736,334.444554110754,-529.263505534895,1176.50564984119,2022.67074423244,20.134263109901,-31.8627723009034,70.8281059237795,"age_band_separate_v1","posterior_median","conditional model uncertainty only; HIV imputation held fixed",TRUE,FALSE,FALSE
"GMB","1-5",616.41743397959,32570.3492789169,1892.5723783337,"direct age match","The Gambia",7.44118125415429,2496291.75,2496555.5,0.99989435444155,7.4363160474733,"estimated",FALSE,2024,2020,-0.0314610744141612,0.0175702987894416,0.96902867572851,0.936226141762509,1.00298051132859,0,1,0.0309713242714902,-0.00298051132858501,0.0637738582374912,1833.95690549706,58.6154728366385,-5.64083341379067,120.696642560045,597.326169745209,19.0912642343818,-1.83723914511347,39.3113180497325,"age_band_separate_v1","posterior_median","conditional model uncertainty only; HIV imputation held fixed",TRUE,FALSE,FALSE
"GMB","6-11",414.58252787983,38480.5963865061,1077.38072382166,"direct age match","The Gambia",7.44118125415429,2496291.75,2496555.5,0.99989435444155,7.4363160474733,"estimated",FALSE,2024,2020,-0.102734913421152,0.026152010676793,0.902366146934038,0.857278954251847,0.949824627204568,0,1,0.0976338530659616,0.0501753727954322,0.142721045748153,972.191892535953,105.188831285703,54.0579794603641,153.764903572729,374.105238269096,40.4772896107343,20.8018328908431,59.1696519279221,"age_band_separate_v1","posterior_median","conditional model uncertainty only; HIV imputation held fixed",TRUE,FALSE,FALSE
"GMB","12-23",405.391420482736,75153.1241861041,539.420582807512,"direct age match","The Gambia",7.44118125415429,2496291.75,2496555.5,0.99989435444155,7.4363160474733,"estimated",FALSE,2024,2020,-0.256907772073891,0.0400335924874368,0.773439543201156,0.715071907424099,0.836571428378634,0,1,0.226560456798844,0.163428571621366,0.284928092575901,417.209209159943,122.211373647569,88.1567353513966,153.696077755525,313.545755075835,91.845665406901,66.2525407970503,115.507404184781,"age_band_separate_v1","posterior_median","conditional model uncertainty only; HIV imputation held fixed",TRUE,FALSE,FALSE
"GMB","24-35",223.320786004644,72316.894652184,308.808594559722,"IHME 2-4 rate shared; deaths and person-time divided equally","The Gambia",7.44118125415429,2496291.75,2496555.5,0.99989435444155,7.4363160474733,"estimated",FALSE,2024,2020,-0.326986870328013,0.0441432310241588,0.721093210681781,0.661327557609729,0.786260019725678,0,1,0.278906789318219,0.213739980274322,0.338672442390271,222.679780937199,86.1288136225236,66.0047429097362,104.584960950648,161.035102592068,62.2856834125763,47.7325803954788,75.6325960327078,"age_band_separate_v1","posterior_median","conditional model uncertainty only; HIV imputation held fixed",TRUE,FALSE,FALSE
"GMB","36-47",223.320786004644,72316.894652184,308.808594559722,"IHME 2-4 rate shared; deaths and person-time divided equally","The Gambia",7.44118125415429,2496291.75,2496555.5,0.99989435444155,7.4363160474733,"estimated",FALSE,2024,2020,-0.294662282790451,0.0471283155497356,0.744783071058828,0.679069307371811,0.816855977606574,0,1,0.255216928941172,0.183144022393426,0.320930692628189,229.99541342555,78.8131811341718,56.5564481573283,99.1061561415893,166.32554083181,56.9952451728339,40.8998670329521,71.670494530742,"age_band_separate_v1","posterior_median","conditional model uncertainty only; HIV imputation held fixed",TRUE,FALSE,FALSE
"GMB","48-59",223.320786004644,72316.894652184,308.808594559722,"IHME 2-4 rate shared; deaths and person-time divided equally","The Gambia",7.44118125415429,2496291.75,2496555.5,0.99989435444155,7.4363160474733,"estimated",FALSE,2024,2020,-0.290928113491252,0.0549846190324171,0.747569416241922,0.67119472259711,0.832634723255635,0,1,0.252430583758078,0.167365276744365,0.32880527740289,230.8558607655,77.9527337942224,51.6838358895263,101.537895598606,166.947789628179,56.3729963764653,37.3761451524364,73.4290529920885,"age_band_separate_v1","posterior_median","conditional model uncertainty only; HIV imputation held fixed",TRUE,FALSE,FALSE
"GNB","<1",2274.94872669856,5452.73452835176,41721.2449069335,"0-27 days mapped to model <1 completed month","Guinea-Bissau",6.4586512545087,1904789.5,1912307.375,0.996068689009789,6.30792437175638,"estimated",FALSE,2024,2020,-0.00859862191734181,0.0113164254059426,0.9914382405011,0.969690424768784,1.01367380724863,0,1,0.00856175949890026,-0.0136738072486324,0.0303095752312164,41364.0376420456,357.207264887882,-570.488261030396,1264.5532112467,2255.47116282824,19.4775638703224,-31.1072103893979,68.9527295790298,"age_band_separate_v1","posterior_median","conditional model uncertainty only; HIV imputation held fixed",TRUE,FALSE,FALSE
"GNB","1-5",804.515805796307,29415.1625356084,2735.03777115766,"direct age match","Guinea-Bissau",6.4586512545087,1904789.5,1912307.375,0.996068689009789,6.30792437175638,"estimated",FALSE,2024,2020,-0.0273384471278858,0.0153456818914657,0.973031865949,0.944201737250836,1.00274228991454,0,1,0.0269681340509997,-0.00274228991454284,0.0557982627491637,2661.27890591054,73.7588652471274,-7.50026649573939,152.610356183942,782.819515699445,21.6962900968629,-2.20621558032552,44.8905843176775,"age_band_separate_v1","posterior_median","conditional model uncertainty only; HIV imputation held fixed",TRUE,FALSE,FALSE
"GNB","6-11",495.642628784706,34526.1098939741,1435.55885764938,"direct age match","Guinea-Bissau",6.4586512545087,1904789.5,1912307.375,0.996068689009789,6.30792437175638,"estimated",FALSE,2024,2020,-0.0893882400841987,0.0228803765099122,0.91449046279052,0.874386349081717,0.956433969278107,0,1,0.0855095372094805,0.0435660307218934,0.125613650918283,1312.80488409481,122.753973554569,62.5416012954391,180.325789217419,453.260456976035,42.3821718086705,21.5931819927145,62.2594801523823,"age_band_separate_v1","posterior_median","conditional model uncertainty only; HIV imputation held fixed",TRUE,FALSE,FALSE
"GNB","12-23",488.112547088343,67860.5944759759,719.287166370382,"direct age match","Guinea-Bissau",6.4586512545087,1904789.5,1912307.375,0.996068689009789,6.30792437175638,"estimated",FALSE,2024,2020,-0.224482821766297,0.0351044514696808,0.798929300776285,0.745808598298345,0.855833559837225,0,1,0.201070699223715,0.144166440162775,0.254191401701655,574.659592885645,144.627573484737,103.697070230388,182.836613045699,389.967415945421,98.1451311429216,70.3694483125112,124.074012532551,"age_band_separate_v1","posterior_median","conditional model uncertainty only; HIV imputation held fixed",TRUE,FALSE,FALSE
"GNB","24-35",353.611484175551,65861.3625228107,536.902776727523,"IHME 2-4 rate shared; deaths and person-time divided equally","Guinea-Bissau",6.4586512545087,1904789.5,1912307.375,0.996068689009789,6.30792437175638,"estimated",FALSE,2024,2020,-0.285592137451379,0.0387124013166683,0.751569090327572,0.696653550580118,0.810813491247474,0,1,0.248430909672428,0.189186508752526,0.303346449419882,403.519531499452,133.383245228071,101.574761868617,162.86755100397,265.763461491202,87.8480226843495,66.8985221459715,107.266788198748,"age_band_separate_v1","posterior_median","conditional model uncertainty only; HIV imputation held fixed",TRUE,FALSE,FALSE
"GNB","36-47",353.611484175551,65861.3625228107,536.902776727523,"IHME 2-4 rate shared; deaths and person-time divided equally","Guinea-Bissau",6.4586512545087,1904789.5,1912307.375,0.996068689009789,6.30792437175638,"estimated",FALSE,2024,2020,-0.257282223196663,0.041333300854451,0.773149982112428,0.712985636285036,0.83839121634349,0,1,0.226850017887572,0.16160878365651,0.287014363714964,415.106372222998,121.796404504526,86.7682046887381,154.098808839247,273.394712665077,80.2167715104745,57.1467218445842,101.49157513295,"age_band_separate_v1","posterior_median","conditional model uncertainty only; HIV imputation held fixed",TRUE,FALSE,FALSE
"GNB","48-59",353.611484175551,65861.3625228107,536.902776727523,"IHME 2-4 rate shared; deaths and person-time divided equally","Guinea-Bissau",6.4586512545087,1904789.5,1912307.375,0.996068689009789,6.30792437175638,"estimated",FALSE,2024,2020,-0.254467000479476,0.0482334732947493,0.775329638174928,0.705391105098736,0.852202478153337,0,1,0.224670361825072,0.147797521846663,0.294608894901264,416.276635615265,120.626141112259,79.35289987292,158.176333721116,274.165464080329,79.446020095222,52.2629010576668,104.177088577355,"age_band_separate_v1","posterior_median","conditional model uncertainty only; HIV imputation held fixed",TRUE,FALSE,FALSE
"GNQ","<1",700.556164229046,3104.65318441052,22564.7156902023,"0-27 days mapped to model <1 completed month","Equatorial Guinea",22.7935103595535,1251194.125,1292838,0.967788791016353,22.8478980883679,"estimated",FALSE,2024,2020,-0.0301201729192738,0.0314203527901705,0.970328919282824,0.912376146345886,1.03196276597923,0,1,0.0296710807171758,-0.0319627659792323,0.087623853654114,21895.1961895982,669.519500604117,-721.230726993848,1977.20734538498,679.769905733291,20.7862584957551,-22.3917127325616,61.3854308108934,"age_band_separate_v1","posterior_median","conditional model uncertainty only; HIV imputation held fixed",TRUE,FALSE,FALSE
"GNQ","1-5",566.901131986749,16775.436779998,3379.35243905356,"direct age match","Equatorial Guinea",22.7935103595535,1251194.125,1292838,0.967788791016353,22.8478980883679,"estimated",FALSE,2024,2020,-0.0925840535675099,0.0434923391702239,0.911572586816274,0.837086831994518,0.992686241467905,0,1,0.0884274131837258,0.0073137585320947,0.162913168005482,3080.52504463194,298.827394421621,24.715767734083,550.541011653268,516.771531354235,50.1296006325141,4.14617799092223,92.3556593578552,"age_band_separate_v1","posterior_median","conditional model uncertainty only; HIV imputation held fixed",TRUE,FALSE,FALSE
"GNQ","6-11",376.522200765314,19735.3063017357,1907.86094225556,"direct age match","Equatorial Guinea",22.7935103595535,1251194.125,1292838,0.967788791016353,22.8478980883679,"estimated",FALSE,2024,2020,-0.288614626357318,0.0601502216019228,0.749300910590791,0.665972504146584,0.843055608326752,0,1,0.250699089409209,0.156944391673248,0.334027495853416,1429.56194131269,478.299000942863,299.428074979448,637.278012978163,282.128427891099,94.3937728742157,59.0930477505848,125.768767854855,"age_band_separate_v1","posterior_median","conditional model uncertainty only; HIV imputation held fixed",TRUE,FALSE,FALSE
"GNQ","12-23",283.417127712151,39822.7573032186,711.696393984362,"direct age match","Equatorial Guinea",22.7935103595535,1251194.125,1292838,0.967788791016353,22.8478980883679,"estimated",FALSE,2024,2020,-0.609576757102158,0.0831614200885848,0.543580887144195,0.461824585354511,0.639810417718777,0,1,0.456419112855805,0.360189582281223,0.538175414645489,386.864557219344,324.831836765018,256.34562686028,383.017501934234,154.060133713631,129.35699399852,102.083896841983,152.52813022412,"age_band_separate_v1","posterior_median","conditional model uncertainty only; HIV imputation held fixed",TRUE,FALSE,FALSE
"GNQ","24-35",113.374689858857,40824.1816048423,277.714544179396,"IHME 2-4 rate shared; deaths and person-time divided equally","Equatorial Guinea",22.7935103595535,1251194.125,1292838,0.967788791016353,22.8478980883679,"estimated",FALSE,2024,2020,-0.790401103191525,0.0910719020338331,0.453662793189761,0.379500732801946,0.542317608730796,0,1,0.546337206810239,0.457682391269204,0.620499267198054,125.988755821846,151.72578835755,127.105056670263,172.321671153557,51.4338784783918,61.9408113804649,51.8895991640059,70.3489119762273,"age_band_separate_v1","posterior_median","conditional model uncertainty only; HIV imputation held fixed",TRUE,FALSE,FALSE
"GNQ","36-47",113.374689858857,40824.1816048423,277.714544179396,"IHME 2-4 rate shared; deaths and person-time divided equally","Equatorial Guinea",22.7935103595535,1251194.125,1292838,0.967788791016353,22.8478980883679,"estimated",FALSE,2024,2020,-0.721296102616957,0.0970461852292764,0.48612178375381,0.401919632098282,0.587964283820304,0,1,0.51387821624619,0.412035716179696,0.598080367901718,135.003089590864,142.711454588532,114.428311104475,166.095616754471,55.1139064667224,58.2607833921343,46.714421532645,67.8071762215282,"age_band_separate_v1","posterior_median","conditional model uncertainty only; HIV imputation held fixed",TRUE,FALSE,FALSE
"GNQ","48-59",113.374689858857,40824.1816048423,277.714544179396,"IHME 2-4 rate shared; deaths and person-time divided equally","Equatorial Guinea",22.7935103595535,1251194.125,1292838,0.967788791016353,22.8478980883679,"estimated",FALSE,2024,2020,-0.6597350345209,0.11217851208299,0.516988300397984,0.414948493690594,0.644120672354316,0,1,0.483011699602016,0.355879327645684,0.585051506309406,143.575170191107,134.139373988289,98.832865259991,162.477312396186,58.6133882182788,54.7613016405779,40.3477083990078,66.3300330792859,"age_band_separate_v1","posterior_median","conditional model uncertainty only; HIV imputation held fixed",TRUE,FALSE,FALSE
"KEN","<1",18527.2174292861,89630.1964291964,20670.731703597,"0-27 days mapped to model <1 completed month","Kenya",4.56636270936913,45107652,54861080,0.822215895130027,4.54009415967545,"estimated",TRUE,2024,2020,-0.00608087038560156,0.00808332086741343,0.993937580688248,0.978314693547826,1.00980995258466,0,1,0.006062419311752,-0.00980995258466133,0.0216853064521741,20545.417060529,125.31464306793,-202.778897902542,448.251151583172,18414.8976685498,112.319760736332,-181.751124507008,401.768387660132,"age_band_separate_v1","posterior_median","conditional model uncertainty only; HIV imputation held fixed",TRUE,FALSE,FALSE
"KEN","1-5",6988.54745998667,486742.906313011,1435.77797834254,"direct age match","Kenya",4.56636270936913,45107652,54861080,0.822215895130027,4.54009415967545,"estimated",TRUE,2024,2020,-0.0193626553182809,0.0109530537517332,0.980823596842908,0.959992078427415,1.00210715248792,0,1,0.0191764031570925,-0.00210715248792148,0.0400079215725849,1408.24492098577,27.5330573567717,-3.02540313916736,57.4424927531729,6854.53225641149,134.015203575179,-14.7259351672683,279.597258685434,"age_band_separate_v1","posterior_median","conditional model uncertainty only; HIV imputation held fixed",TRUE,FALSE,FALSE
"KEN","6-11",5953.02066195959,577552.916966291,1030.73164156611,"direct age match","Kenya",4.56636270936913,45107652,54861080,0.822215895130027,4.54009415967545,"estimated",TRUE,2024,2020,-0.0634344741010139,0.016373353339654,0.938535615675787,0.908895041877249,0.9691428177148,0,1,0.0614643843242131,0.0308571822851997,0.091104958122751,967.378355813761,63.3532857523463,31.8054741509285,93.9047630406746,5587.12191210292,365.898749856666,183.693443713647,542.3496981117,"age_band_separate_v1","posterior_median","conditional model uncertainty only; HIV imputation held fixed",TRUE,FALSE,FALSE
"KEN","12-23",3932.75258030401,1153959.99990827,340.804930900258,"direct age match","Kenya",4.56636270936913,45107652,54861080,0.822215895130027,4.54009415967545,"estimated",TRUE,2024,2020,-0.16032804576232,0.0252056426980902,0.85186429265365,0.810802973003537,0.895005071836531,0,1,0.14813570734635,0.104994928163469,0.189197026996463,290.319551394224,50.4853795060336,35.7827892376285,64.4792797120638,3350.17149500249,582.581085301517,412.919074653715,744.065096106187,"age_band_separate_v1","posterior_median","conditional model uncertainty only; HIV imputation held fixed",TRUE,FALSE,FALSE
"KEN","24-35",1811.36445477934,1184353.75409212,152.941167157262,"IHME 2-4 rate shared; deaths and person-time divided equally","Kenya",4.56636270936913,45107652,54861080,0.822215895130027,4.54009415967545,"estimated",TRUE,2024,2020,-0.203839071187308,0.0278007590828923,0.815593613138506,0.77234220400736,0.861267114940651,0,1,0.184406386861494,0.138732885059349,0.22765779599264,124.737839119411,28.2033280378505,21.2179693640711,34.8182490315643,1477.33728038414,334.027174395198,251.295816705492,412.371239514475,"age_band_separate_v1","posterior_median","conditional model uncertainty only; HIV imputation held fixed",TRUE,FALSE,FALSE
"KEN","36-47",1811.36445477934,1184353.75409212,152.941167157262,"IHME 2-4 rate shared; deaths and person-time divided equally","Kenya",4.56636270936913,45107652,54861080,0.822215895130027,4.54009415967545,"estimated",TRUE,2024,2020,-0.183550058954045,0.0296862658502736,0.832310210116476,0.785264974630453,0.882173926310844,0,1,0.167689789883524,0.117826073689156,0.214735025369547,127.29449497212,25.6466721851422,18.0204572315771,32.8418254095628,1507.61712995491,303.747324824432,213.425961726748,388.963392150538,"age_band_separate_v1","posterior_median","conditional model uncertainty only; HIV imputation held fixed",TRUE,FALSE,FALSE
"KEN","48-59",1811.36445477934,1184353.75409212,152.941167157262,"IHME 2-4 rate shared; deaths and person-time divided equally","Kenya",4.56636270936913,45107652,54861080,0.822215895130027,4.54009415967545,"estimated",TRUE,2024,2020,-0.182019202855367,0.0346526901714386,0.833585333043455,0.778849671832175,0.89216768343827,0,1,0.166414666956545,0.10783231656173,0.221150328167825,127.489513760841,25.451653396421,16.4920003522223,33.8229893071987,1509.92684230031,301.437612479027,195.32362529643,400.583843605984,"age_band_separate_v1","posterior_median","conditional model uncertainty only; HIV imputation held fixed",TRUE,FALSE,FALSE
"LBR","<1",5396.02403945511,13273.1259153139,40653.7546157791,"0-27 days mapped to model <1 completed month","Liberia",15.076632247439,4554479.5,4554574.5,0.999979141849584,15.0057679008546,"estimated",FALSE,2024,2020,-0.0200273927576241,0.0240684311554984,0.980171823329823,0.935007572321397,1.02751767118253,0,1,0.0198281766701769,-0.0275176711825269,0.0649924276786031,39847.6647869514,806.089828827687,-1118.69665185214,2642.1862067297,5289.03072148427,106.993317970837,-148.486015210736,350.70070213629,"age_band_separate_v1","posterior_median","conditional model uncertainty only; HIV imputation held fixed",TRUE,FALSE,FALSE
"LBR","1-5",2929.13966221255,71586.3409624656,4091.75776109071,"direct age match","Liberia",15.076632247439,4554479.5,4554574.5,0.999979141849584,15.0057679008546,"estimated",FALSE,2024,2020,-0.0628171832954844,0.0328796251797052,0.939115143932335,0.880504654839825,1.0016270200451,0,1,0.0608848560676646,-0.00162702004509785,0.119495345160175,3842.63167874295,249.126082347757,-6.65737189697928,488.946005973361,2750.79941547665,178.340246735899,-4.76576894531096,350.018554958448,"age_band_separate_v1","posterior_median","conditional model uncertainty only; HIV imputation held fixed",TRUE,FALSE,FALSE
"LBR","6-11",2267.94443477169,84502.7307883763,2683.87117624802,"direct age match","Liberia",15.076632247439,4554479.5,4554574.5,0.999979141849584,15.0057679008546,"estimated",FALSE,2024,2020,-0.201725023029918,0.0477763607727543,0.81731964112385,0.744259905757559,0.897551232572272,0,1,0.18268035887615,0.102448767427728,0.255740094242441,2193.58062659368,490.290549654342,274.959293941418,686.37346754824,1853.63553151643,414.308903255259,232.348111936936,580.004323485132,"age_band_separate_v1","posterior_median","conditional model uncertainty only; HIV imputation held fixed",TRUE,FALSE,FALSE
"LBR","12-23",2103.37590181517,163091.183940095,1289.69319554867,"direct age match","Liberia",15.076632247439,4554479.5,4554574.5,0.999979141849584,15.0057679008546,"estimated",FALSE,2024,2020,-0.476468133501216,0.0708162295030248,0.620972716062346,0.540497432120223,0.713430057532773,0,1,0.379027283937654,0.286569942467227,0.459502567879777,800.864286526985,488.828909021687,369.587304848757,592.61733513169,1306.13904665025,797.236855164919,602.764311170126,966.506628100513,"age_band_separate_v1","posterior_median","conditional model uncertainty only; HIV imputation held fixed",TRUE,FALSE,FALSE
"LBR","24-35",744.252427563252,151566.05864166,491.041618574281,"IHME 2-4 rate shared; deaths and person-time divided equally","Liberia",15.076632247439,4554479.5,4554574.5,0.999979141849584,15.0057679008546,"estimated",FALSE,2024,2020,-0.610115186819983,0.0779486251570493,0.543288285820208,0.466316036517241,0.632965925242306,0,1,0.456711714179792,0.367034074757694,0.533683963482759,266.777159221602,224.264459352679,180.229006140932,262.061037235712,404.343625588368,339.908801974884,273.166001136846,397.195585373621,"age_band_separate_v1","posterior_median","conditional model uncertainty only; HIV imputation held fixed",TRUE,FALSE,FALSE
"LBR","36-47",744.252427563252,151566.05864166,491.041618574281,"IHME 2-4 rate shared; deaths and person-time divided equally","Liberia",15.076632247439,4554479.5,4554574.5,0.999979141849584,15.0057679008546,"estimated",FALSE,2024,2020,-0.552080627524189,0.0831428437794162,0.575750640670287,0.489173715141427,0.67765047460984,0,1,0.424249359329713,0.32234952539016,0.510826284858573,282.717526489917,208.324092084364,158.287032694236,250.836965727241,428.503811989959,315.748615573293,239.909416795489,380.18370256911,"age_band_separate_v1","posterior_median","conditional model uncertainty only; HIV imputation held fixed",TRUE,FALSE,FALSE
"LBR","48-59",744.252427563252,151566.05864166,491.041618574281,"IHME 2-4 rate shared; deaths and person-time divided equally","Liberia",15.076632247439,4554479.5,4554574.5,0.999979141849584,15.0057679008546,"estimated",FALSE,2024,2020,-0.531981735823717,0.0967184348883129,0.587439665168145,0.486000131334593,0.710051989626489,0,1,0.412560334831855,0.289948010373511,0.513999868665407,288.4573239989,202.584294575381,142.376540316201,252.39532745643,437.203396848336,307.049030714916,215.794510587621,382.545650021422,"age_band_separate_v1","posterior_median","conditional model uncertainty only; HIV imputation held fixed",TRUE,FALSE,FALSE
"LSO","<1",1171.88145660559,3066.98973549444,38209.5004441437,"0-27 days mapped to model <1 completed month","Lesotho",,0,1818115.75,0,,"missing_MAP_no_estimate",TRUE,2024,2020,,,,,,,,,,,,,,,,,,,"age_band_separate_v1","posterior_median","conditional model uncertainty only; HIV imputation held fixed",TRUE,,
"LSO","1-5",535.135154740928,16589.0070930598,3225.84197920325,"direct age match","Lesotho",,0,1818115.75,0,,"missing_MAP_no_estimate",TRUE,2024,2020,,,,,,,,,,,,,,,,,,,"age_band_separate_v1","posterior_median","conditional model uncertainty only; HIV imputation held fixed",TRUE,,
"LSO","6-11",330.963716066203,19483.4107705029,1698.6949562613,"direct age match","Lesotho",,0,1818115.75,0,,"missing_MAP_no_estimate",TRUE,2024,2020,,,,,,,,,,,,,,,,,,,"age_band_separate_v1","posterior_median","conditional model uncertainty only; HIV imputation held fixed",TRUE,,
"LSO","12-23",210.572582134348,39372.9728338883,534.815044377621,"direct age match","Lesotho",,0,1818115.75,0,,"missing_MAP_no_estimate",TRUE,2024,2020,,,,,,,,,,,,,,,,,,,"age_band_separate_v1","posterior_median","conditional model uncertainty only; HIV imputation held fixed",TRUE,,
"LSO","24-35",83.8898990964359,40065.6531466089,209.381084565038,"IHME 2-4 rate shared; deaths and person-time divided equally","Lesotho",,0,1818115.75,0,,"missing_MAP_no_estimate",TRUE,2024,2020,,,,,,,,,,,,,,,,,,,"age_band_separate_v1","posterior_median","conditional model uncertainty only; HIV imputation held fixed",TRUE,,
"LSO","36-47",83.8898990964359,40065.6531466089,209.381084565038,"IHME 2-4 rate shared; deaths and person-time divided equally","Lesotho",,0,1818115.75,0,,"missing_MAP_no_estimate",TRUE,2024,2020,,,,,,,,,,,,,,,,,,,"age_band_separate_v1","posterior_median","conditional model uncertainty only; HIV imputation held fixed",TRUE,,
"LSO","48-59",83.8898990964359,40065.6531466089,209.381084565038,"IHME 2-4 rate shared; deaths and person-time divided equally","Lesotho",,0,1818115.75,0,,"missing_MAP_no_estimate",TRUE,2024,2020,,,,,,,,,,,,,,,,,,,"age_band_separate_v1","posterior_median","conditional model uncertainty only; HIV imputation held fixed",TRUE,,
"MDG","<1",20679.4662712578,75716.0205082586,27311.8768425002,"0-27 days mapped to model <1 completed month","Madagascar",9.56229188686996,27064006,28043662,0.965066759112986,9.57027762649808,"estimated",FALSE,2024,2020,-0.0127230246388667,0.0163466531105704,0.987357570870802,0.956225154880389,1.01950358425557,0,1,0.0126424291291976,-0.0195035842555669,0.0437748451196106,26966.5883751335,345.28846736668,-532.679491175368,1195.57317870633,20418.0275844938,261.438686764007,-403.323712781629,905.24043318052,"age_band_separate_v1","posterior_median","conditional model uncertainty only; HIV imputation held fixed",TRUE,FALSE,FALSE
"MDG","1-5",9580.51323032559,409895.6812661,2337.3052384287,"direct age match","Madagascar",9.56229188686996,27064006,28043662,0.965066759112986,9.57027762649808,"estimated",FALSE,2024,2020,-0.0403059061988284,0.0222085244376778,0.9604955726572,0.919584065168246,1.00322719807601,0,1,0.0395044273427995,-0.0032271980760068,0.080415934831754,2244.97133345925,92.3339049694513,-7.54294696849773,187.9565857354,9202.04054151146,378.472688814126,-30.9182138640644,770.42592758462,"age_band_separate_v1","posterior_median","conditional model uncertainty only; HIV imputation held fixed",TRUE,FALSE,FALSE
"MDG","6-11",7990.67351599012,485980.828880132,1644.23636512646,"direct age match","Madagascar",9.56229188686996,27064006,28043662,0.965066759112986,9.57027762649808,"estimated",FALSE,2024,2020,-0.131165066413497,0.0329009233930907,0.877072987149253,0.822300243140349,0.93549409866296,0,1,0.122927012850747,0.0645059013370395,0.177699756859651,1442.11530034089,202.121064785565,106.06294874362,292.180402302768,7008.40389000388,982.26962598624,515.445597438953,1419.9407409363,"age_band_separate_v1","posterior_median","conditional model uncertainty only; HIV imputation held fixed",TRUE,FALSE,FALSE
"MDG","12-23",6888.858587306,953489.147345233,722.489459527297,"direct age match","Madagascar",9.56229188686996,27064006,28043662,0.965066759112986,9.57027762649808,"estimated",FALSE,2024,2020,-0.324282350356298,0.0500554918250701,0.723046061242878,0.655478804236613,0.797578202834035,0,1,0.276953938757122,0.202421797165965,0.344521195763387,522.393158000708,200.096301526589,146.247614830982,248.912932522787,4980.96206801078,1907.89651929522,1394.45513566467,2373.35779794354,"age_band_separate_v1","posterior_median","conditional model uncertainty only; HIV imputation held fixed",TRUE,FALSE,FALSE
"MDG","24-35",3825.58610053828,921622.886723177,415.092350206289,"IHME 2-4 rate shared; deaths and person-time divided equally","Madagascar",9.56229188686996,27064006,28043662,0.965066759112986,9.57027762649808,"estimated",FALSE,2024,2020,-0.41322861627487,0.055176719142167,0.661511033351231,0.593704832219311,0.737061286177587,0,1,0.338488966648769,0.262938713822413,0.406295167780689,274.588169521153,140.504180685136,109.143848680764,168.650016071545,2530.66741454119,1294.9186859971,1005.89468889243,1554.31714657767,"age_band_separate_v1","posterior_median","conditional model uncertainty only; HIV imputation held fixed",TRUE,FALSE,FALSE
"MDG","36-47",3825.58610053828,921622.886723177,415.092350206289,"IHME 2-4 rate shared; deaths and person-time divided equally","Madagascar",9.56229188686996,27064006,28043662,0.965066759112986,9.57027762649808,"estimated",FALSE,2024,2020,-0.372681505967319,0.0588963519606617,0.688884603543406,0.61378152622719,0.773177387589698,0,1,0.311115396456594,0.226822612410302,0.38621847377281,285.95072910576,129.141621100529,94.1523312653225,160.316333971442,2635.38736419048,1190.1987363478,867.729433324634,1477.51202503637,"age_band_separate_v1","posterior_median","conditional model uncertainty only; HIV imputation held fixed",TRUE,FALSE,FALSE
"MDG","48-59",3825.58610053828,921622.886723177,415.092350206289,"IHME 2-4 rate shared; deaths and person-time divided equally","Madagascar",9.56229188686996,27064006,28043662,0.965066759112986,9.57027762649808,"estimated",FALSE,2024,2020,-0.366216642957948,0.0686758586480703,0.693352574984871,0.60603420384599,0.793251915795037,0,1,0.306647425015129,0.206748084204963,0.39396579615401,287.805349872052,127.287000334237,85.819548173286,163.53218822646,2652.47997363455,1173.10612690373,790.932597247426,1507.15007385428,"age_band_separate_v1","posterior_median","conditional model uncertainty only; HIV imputation held fixed",TRUE,FALSE,FALSE
"MLI","<1",33309.3611246368,81052.1509764657,41096.2087043297,"0-27 days mapped to model <1 completed month","Mali",17.8255590399717,23241898,23772730,0.97767054940682,17.831434657684,"estimated",FALSE,2024,2020,-0.0236532512153801,0.0271736202541499,0.976624294339713,0.925970809322107,1.03004868262835,0,1,0.0233757056602867,-0.0300486826283493,0.0740291906778927,40135.5558259036,960.652878426124,-1234.88693258481,3042.3190703113,32530.7313032551,778.629821381705,-1000.90242098729,2465.86504605452,"age_band_separate_v1","posterior_median","conditional model uncertainty only; HIV imputation held fixed",TRUE,FALSE,FALSE
"MLI","1-5",11666.2235843446,437090.267130276,2669.06505627301,"direct age match","Mali",17.8255590399717,23241898,23772730,0.97767054940682,17.831434657684,"estimated",FALSE,2024,2020,-0.0736941126655556,0.0372684502657169,0.928955806201261,0.86351938445365,0.999350918359558,0,1,0.0710441937987388,0.000649081640441862,0.13648061554635,2479.44348115371,189.621575119302,1.73244112517174,364.275641813395,10837.406135119,828.817449225592,7.5723315418879,1592.2133758927,"age_band_separate_v1","posterior_median","conditional model uncertainty only; HIV imputation held fixed",TRUE,FALSE,FALSE
"MLI","6-11",9855.65681023735,509931.657938109,1932.74072256827,"direct age match","Mali",17.8255590399717,23241898,23772730,0.97767054940682,17.831434657684,"estimated",FALSE,2024,2020,-0.23450549533935,0.0533797336855238,0.790961887275452,0.712391363412944,0.878198051314244,0,1,0.209038112724548,0.121801948685756,0.287608636587056,1528.72424953672,404.01647303155,235.411586313131,555.872924094142,7795.44891096449,2060.20789927286,1200.43820506495,2834.5720178623,"age_band_separate_v1","posterior_median","conditional model uncertainty only; HIV imputation held fixed",TRUE,FALSE,FALSE
"MLI","12-23",10866.5126837472,985931.211895112,1102.15728568529,"direct age match","Mali",17.8255590399717,23241898,23772730,0.97767054940682,17.831434657684,"estimated",FALSE,2024,2020,-0.535923255628418,0.0775467590452249,0.585128817212006,0.502624398503913,0.681176110334119,0,1,0.414871182787994,0.318823889665881,0.497375601496087,644.903988954627,457.25329673066,351.394072845773,548.186142911014,6358.30971386028,4508.20296988694,3464.50384093592,5404.73828224363,"age_band_separate_v1","posterior_median","conditional model uncertainty only; HIV imputation held fixed",TRUE,FALSE,FALSE
"MLI","24-35",7352.98677896349,913675.572416222,804.769986300329,"IHME 2-4 rate shared; deaths and person-time divided equally","Mali",17.8255590399717,23241898,23772730,0.97767054940682,17.831434657684,"estimated",FALSE,2024,2020,-0.688746972960761,0.0852489729005929,0.50220495136381,0.424929549549208,0.593533242020675,0,1,0.49779504863619,0.406466757979325,0.575070450450792,404.159471829011,400.610514471318,327.11224725056,462.799438531008,3692.70636770809,3660.28041125539,2988.74469751012,4228.48541913725,"age_band_separate_v1","posterior_median","conditional model uncertainty only; HIV imputation held fixed",TRUE,FALSE,FALSE
"MLI","36-47",7352.98677896349,913675.572416222,804.769986300329,"IHME 2-4 rate shared; deaths and person-time divided equally","Mali",17.8255590399717,23241898,23772730,0.97767054940682,17.831434657684,"estimated",FALSE,2024,2020,-0.624773120036938,0.0908900320508344,0.535382882389325,0.448021386756753,0.639779348103144,0,1,0.464617117610675,0.360220651896856,0.551978613243247,430.860074925888,373.909911374441,289.894769092128,444.215821017842,3936.66325589207,3416.32352307141,2648.69769090719,4058.69144544819,"age_band_separate_v1","posterior_median","conditional model uncertainty only; HIV imputation held fixed",TRUE,FALSE,FALSE
"MLI","48-59",7352.98677896349,913675.572416222,804.769986300329,"IHME 2-4 rate shared; deaths and person-time divided equally","Mali",17.8255590399717,23241898,23772730,0.97767054940682,17.831434657684,"estimated",FALSE,2024,2020,-0.593209049546317,0.105537610826049,0.552551272193153,0.449302469865611,0.679526441271495,0,1,0.447448727806847,0.320473558728505,0.550697530134389,444.676679753113,360.093306547216,257.907501467556,443.184843781877,4062.90219913571,3290.08457982778,2356.43784033807,4049.27165828601,"age_band_separate_v1","posterior_median","conditional model uncertainty only; HIV imputation held fixed",TRUE,FALSE,FALSE
"MOZ","<1",26300.4695763974,92183.0396596186,28530.7033414287,"0-27 days mapped to model <1 completed month","Mozambique",24.0344454120773,31152770,31159284,0.999790945132115,23.9051215608327,"estimated",FALSE,2024,2020,-0.0316688050703407,0.0322629679276272,0.968827399672171,0.909461093132618,1.03206892240158,0,1,0.0311726003278285,-0.0320689224015767,0.0905389068673815,27641.3271290945,889.3762123342,-914.948911518682,2583.13869269051,25480.6155498581,819.854026539249,-843.427717970515,2381.21576554584,"age_band_separate_v1","posterior_median","conditional model uncertainty only; HIV imputation held fixed",TRUE,FALSE,FALSE
"MOZ","1-5",15068.9949678594,497313.460341389,3030.07985295934,"direct age match","Mozambique",24.0344454120773,31152770,31159284,0.999790945132115,23.9051215608327,"estimated",FALSE,2024,2020,-0.0971207323360716,0.0447709420633695,0.907446441390673,0.83121219617313,0.990672475432592,0,1,0.0925535586093269,0.00932752456740804,0.16878780382687,2749.63517969753,280.444673261813,28.2631442696864,511.440523801051,13674.3058589179,1394.68910894142,140.556420768856,2543.46256650313,"age_band_separate_v1","posterior_median","conditional model uncertainty only; HIV imputation held fixed",TRUE,FALSE,FALSE
"MOZ","6-11",12119.8378158631,583831.637709272,2075.91316281122,"direct age match","Mozambique",24.0344454120773,31152770,31159284,0.999790945132115,23.9051215608327,"estimated",FALSE,2024,2020,-0.301076973411241,0.0613150324924212,0.740020808628345,0.656224561794583,0.834517372689219,0,1,0.259979191371655,0.165482627310781,0.343775438205417,1536.21893738578,539.694225425435,343.527564251034,713.647957221819,8968.93218093938,3150.90563492369,2005.62260434958,4166.50255612691,"age_band_separate_v1","posterior_median","conditional model uncertainty only; HIV imputation held fixed",TRUE,FALSE,FALSE
"MOZ","12-23",8979.8070270473,1141322.29938602,786.789764107649,"direct age match","Mozambique",24.0344454120773,31152770,31159284,0.999790945132115,23.9051215608327,"estimated",FALSE,2024,2020,-0.621875716751727,0.0836274686981469,0.536936351938719,0.455762907891,0.632567155074871,0,1,0.463063648061281,0.367432844925129,0.544237092109,422.456025682686,364.333738424963,289.092401384045,428.200173319073,4821.58482621645,4158.22220083085,3299.47604282665,4887.14406410019,"age_band_separate_v1","posterior_median","conditional model uncertainty only; HIV imputation held fixed",TRUE,FALSE,FALSE
"MOZ","24-35",4246.31838598277,1111786.40455032,381.936527430397,"IHME 2-4 rate shared; deaths and person-time divided equally","Mozambique",24.0344454120773,31152770,31159284,0.999790945132115,23.9051215608327,"estimated",FALSE,2024,2020,-0.808298297217116,0.091467736841248,0.445615726906032,0.37248006209457,0.533111423331901,0,1,0.554384273093968,0.466888576668099,0.62751993790543,170.196923302862,211.739604127535,178.321801669534,239.672785976938,1892.22625424416,2354.09213173861,1982.55754731108,2664.6494498986,"age_band_separate_v1","posterior_median","conditional model uncertainty only; HIV imputation held fixed",TRUE,FALSE,FALSE
"MOZ","36-47",4246.31838598277,1111786.40455032,381.936527430397,"IHME 2-4 rate shared; deaths and person-time divided equally","Mozambique",24.0344454120773,31152770,31159284,0.999790945132115,23.9051215608327,"estimated",FALSE,2024,2020,-0.738832530825271,0.0974681956513466,0.477671256586192,0.394606314224112,0.578221435248108,0,1,0.522328743413808,0.421778564751892,0.605393685775888,182.440100993845,199.496426436553,161.092640365915,231.221962073532,2028.34423929744,2217.97414668533,1791.00607431938,2570.69433866803,"age_band_separate_v1","posterior_median","conditional model uncertainty only; HIV imputation held fixed",TRUE,FALSE,FALSE
"MOZ","48-59",4246.31838598277,1111786.40455032,381.936527430397,"IHME 2-4 rate shared; deaths and person-time divided equally","Mozambique",24.0344454120773,31152770,31159284,0.999790945132115,23.9051215608327,"estimated",FALSE,2024,2020,-0.6683599349181,0.112527744460684,0.512548501733778,0.411103504130918,0.639026337624893,0,1,0.487451498266222,0.360973662375107,0.588896495869082,195.760994891852,186.175532538545,137.869027101381,224.921082648167,2176.44412662006,2069.87425936271,1532.80909939895,2500.64201784971,"age_band_separate_v1","posterior_median","conditional model uncertainty only; HIV imputation held fixed",TRUE,FALSE,FALSE
"MRT","<1",2894.07790940343,10476.1681073049,27625.348121184,"0-27 days mapped to model <1 completed month","Mauritania",2.77377496776398,3752789,4466969.5,0.840119682930452,2.79225102838755,"estimated",TRUE,2024,2020,-0.003694321745765,0.00494176545341478,0.996312493865212,0.986709110306814,1.00600934466214,0,1,0.00368750613478752,-0.00600934466213787,0.0132908896931863,27523.4794805115,101.868640672507,-166.010238271737,367.165454614527,2883.40597935795,10.6719300454782,-17.3915116366846,38.4648702573681,"age_band_separate_v1","posterior_median","conditional model uncertainty only; HIV imputation held fixed",TRUE,FALSE,FALSE
"MRT","1-5",986.759560134533,56711.9349150857,1739.95043831955,"direct age match","Mauritania",2.77377496776398,3752789,4466969.5,0.840119682930452,2.79225102838755,"estimated",TRUE,2024,2020,-0.0117745648442151,0.0066930146681898,0.988294484071734,0.975414634196257,1.0013444057577,0,1,0.011705515928266,-0.00134440575770012,0.0245853658037435,1719.58342074941,20.3670175701428,-2.33919938738965,42.77731800647,975.209030386009,11.5505297485235,-1.3266052341105,24.2598447462485,"age_band_separate_v1","posterior_median","conditional model uncertainty only; HIV imputation held fixed",TRUE,FALSE,FALSE
"MRT","6-11",446.923633603814,67144.9490577744,665.610205794128,"direct age match","Mauritania",2.77377496776398,3752789,4466969.5,0.840119682930452,2.79225102838755,"estimated",TRUE,2024,2020,-0.0386224861395891,0.0100211991738127,0.96211385191073,0.94340116276934,0.981197713728942,0,1,0.0378861480892699,0.0188022862710581,0.0565988372306595,640.392798967682,25.2174068264458,12.5149936342791,37.6727636968076,429.991418636505,16.9322149673087,8.40318610032038,25.2953579928772,"age_band_separate_v1","posterior_median","conditional model uncertainty only; HIV imputation held fixed",TRUE,FALSE,FALSE
"MRT","12-23",429.130737020784,133119.451318188,322.36516359661,"direct age match","Mauritania",2.77377496776398,3752789,4466969.5,0.840119682930452,2.79225102838755,"estimated",TRUE,2024,2020,-0.0980065406514288,0.0154589063415497,0.906642973698866,0.87958467748412,0.934533652983471,0,1,0.0933570263011336,0.0654663470165285,0.12041532251588,292.270110540152,30.0950530564579,21.1040696660556,38.8177051423701,389.06836751811,40.0623695026742,28.0936217452613,51.673916099835,"age_band_separate_v1","posterior_median","conditional model uncertainty only; HIV imputation held fixed",TRUE,FALSE,FALSE
"MRT","24-35",243.501121533133,132847.144221649,183.294208512953,"IHME 2-4 rate shared; deaths and person-time divided equally","Mauritania",2.77377496776398,3752789,4466969.5,0.840119682930452,2.79225102838755,"estimated",TRUE,2024,2020,-0.124553621315664,0.0170522071719492,0.882890918324473,0.853870843944774,0.9128972832222,0,1,0.117109081675527,0.0871027167777998,0.146129156055226,161.828792077559,21.4654164353945,15.9654235311147,26.7846279998085,214.984928803426,28.516192729706,21.209609223977,35.5826133881377,"age_band_separate_v1","posterior_median","conditional model uncertainty only; HIV imputation held fixed",TRUE,FALSE,FALSE
"MRT","36-47",243.501121533133,132847.144221649,183.294208512953,"IHME 2-4 rate shared; deaths and person-time divided equally","Mauritania",2.77377496776398,3752789,4466969.5,0.840119682930452,2.79225102838755,"estimated",TRUE,2024,2020,-0.112124801437517,0.0182100099892299,0.893932686454076,0.862590019425414,0.926414205955345,0,1,0.106067313545924,0.0735857940446548,0.137409980574586,163.852684227458,19.4415242854955,13.4878498772122,25.1864536311991,217.673611726693,25.827509806439,17.9182233787796,33.4594843797577,"age_band_separate_v1","posterior_median","conditional model uncertainty only; HIV imputation held fixed",TRUE,FALSE,FALSE
"MRT","48-59",243.501121533133,132847.144221649,183.294208512953,"IHME 2-4 rate shared; deaths and person-time divided equally","Mauritania",2.77377496776398,3752789,4466969.5,0.840119682930452,2.79225102838755,"estimated",TRUE,2024,2020,-0.111370561141351,0.0212604930361395,0.894607180841707,0.858095086862386,0.932672870718692,0,1,0.105392819158293,0.0673271292813081,0.141904913137614,163.976315142385,19.3178933705681,12.3406728730666,26.0103487376583,217.83785186655,25.6632696665829,16.3942314896047,34.5540055000708,"age_band_separate_v1","posterior_median","conditional model uncertainty only; HIV imputation held fixed",TRUE,FALSE,FALSE
"MWI","<1",12866.6989676349,47269.5459211862,27219.8488834394,"0-27 days mapped to model <1 completed month","Malawi",19.1757235989892,18836400,18840828,0.999764978481837,19.2304264603884,"estimated",FALSE,2024,2020,-0.0254295251986942,0.028494401058242,0.974891081800088,0.921937795119599,1.03088584327976,0,1,0.025108918199912,-0.0308858432797554,0.0780622048804014,26536.3879244111,683.460959028245,-840.707986712534,2124.84142035261,12543.6300757536,323.068891881236,-397.398847842161,1004.40289094596,"age_band_separate_v1","posterior_median","conditional model uncertainty only; HIV imputation held fixed",TRUE,FALSE,FALSE
"MWI","1-5",5531.09624996969,255352.106965885,2166.06642321876,"direct age match","Malawi",19.1757235989892,18836400,18840828,0.999764978481837,19.2304264603884,"estimated",FALSE,2024,2020,-0.0789333050326304,0.0391685856736107,0.924101555312907,0.855813909191784,0.997838052595106,0,1,0.0758984446870926,0.00216194740489395,0.144186090808216,2001.66535060752,164.401072611238,4.68292168250572,312.316649994848,5111.29464718238,419.80160278731,11.9579391838406,797.507146167113,"age_band_separate_v1","posterior_median","conditional model uncertainty only; HIV imputation held fixed",TRUE,FALSE,FALSE
"MWI","6-11",4564.08632315701,302054.641686919,1511.01347016799,"direct age match","Malawi",19.1757235989892,18836400,18840828,0.999764978481837,19.2304264603884,"estimated",FALSE,2024,2020,-0.249890487203306,0.0556280836094778,0.778886076393496,0.69843055346826,0.868609652007764,0,1,0.221113923606504,0.131390347992236,0.30156944653174,1176.90735315687,334.106117011124,198.532585666328,455.675495900566,3554.90328856498,1009.18303459203,599.676890266204,1376.38898639754,"age_band_separate_v1","posterior_median","conditional model uncertainty only; HIV imputation held fixed",TRUE,FALSE,FALSE
"MWI","12-23",4225.57380735832,591924.967638884,713.869837965041,"direct age match","Malawi",19.1757235989892,18836400,18840828,0.999764978481837,19.2304264603884,"estimated",FALSE,2024,2020,-0.560226520191213,0.0798414230317142,0.57107968811611,0.48835492419503,0.667817593354602,0,1,0.428920311883889,0.332182406645398,0.51164507580497,407.676564420574,306.193273544467,237.135000806787,365.247987360505,2413.13937201779,1812.43443534052,1403.66127678604,2161.99403098534,"age_band_separate_v1","posterior_median","conditional model uncertainty only; HIV imputation held fixed",TRUE,FALSE,FALSE
"MWI","24-35",2342.79060805717,579297.439870192,404.41929254549,"IHME 2-4 rate shared; deaths and person-time divided equally","Malawi",19.1757235989892,18836400,18840828,0.999764978481837,19.2304264603884,"estimated",FALSE,2024,2020,-0.721541009111812,0.0876985771097163,0.486002743949084,0.409250818905415,0.577148917521479,0,1,0.513997256050916,0.422851082478521,0.590749181094585,196.548885883056,207.870406662434,171.009135628058,238.910365890099,1138.60266401393,1204.18794404324,990.651544637486,1384.00163318586,"age_band_separate_v1","posterior_median","conditional model uncertainty only; HIV imputation held fixed",TRUE,FALSE,FALSE
"MWI","36-47",2342.79060805717,579297.439870192,404.41929254549,"IHME 2-4 rate shared; deaths and person-time divided equally","Malawi",19.1757235989892,18836400,18840828,0.999764978481837,19.2304264603884,"estimated",FALSE,2024,2020,-0.655479106051956,0.0934827717188843,0.519193254358745,0.4322712597115,0.623593702601305,0,1,0.480806745641255,0.376406297398695,0.5677287402885,209.971768622154,194.447523923336,152.225968503647,229.600455505217,1216.3610800783,1126.42952797886,881.841138359235,1330.06956067202,"age_band_separate_v1","posterior_median","conditional model uncertainty only; HIV imputation held fixed",TRUE,FALSE,FALSE
"MWI","48-59",2342.79060805717,579297.439870192,404.41929254549,"IHME 2-4 rate shared; deaths and person-time divided equally","Malawi",19.1757235989892,18836400,18840828,0.999764978481837,19.2304264603884,"estimated",FALSE,2024,2020,-0.616890916266084,0.108429473764454,0.539619554585482,0.436307163732005,0.667395101195022,0,1,0.460380445414518,0.332604898804978,0.563692836267995,218.232558509173,186.186734036317,134.511837871874,227.968258056463,1264.21562440686,1078.57498365031,779.223633114108,1320.61428263776,"age_band_separate_v1","posterior_median","conditional model uncertainty only; HIV imputation held fixed",TRUE,FALSE,FALSE
"NAM","<1",936.059576452807,4912.70788089854,19053.8415706004,"0-27 days mapped to model <1 completed month","Namibia",0.94567686375632,1453226.125,2376921.75,0.611389973186959,0.819213647739499,"estimated",TRUE,2024,2020,-0.00125962489920283,0.00169037720172379,0.998741168095247,0.995437735555648,1.00205556331604,0,1,0.00125883190475296,-0.00205556331604084,0.00456226444435248,19029.8559869232,23.9855836771799,-39.1663777621802,86.9286639258754,934.881234793219,1.17834165958833,-1.92412972698512,4.27055132344629,"age_band_separate_v1","posterior_median","conditional model uncertainty only; HIV imputation held fixed",TRUE,TRUE,FALSE
"NAM","1-5",545.486210112714,26687.3686596723,2043.98649064644,"direct age match","Namibia",0.94567686375632,1453226.125,2376921.75,0.611389973186959,0.819213647739499,"estimated",TRUE,2024,2020,-0.00401663311037568,0.00228885619671043,0.995991422770947,0.99153333697229,1.00046955280639,0,1,0.00400857722905312,-0.000469552806390272,0.00846666302770982,2035.79301294354,8.19347770289753,-0.95975959290684,17.3057448494946,543.299586512093,2.18662360062031,-0.256134580805618,4.61844792728686,"age_band_separate_v1","posterior_median","conditional model uncertainty only; HIV imputation held fixed",TRUE,TRUE,FALSE
"NAM","6-11",274.626976841595,31443.475423642,873.398926618356,"direct age match","Namibia",0.94567686375632,1453226.125,2376921.75,0.611389973186959,0.819213647739499,"estimated",TRUE,2024,2020,-0.0131835211340991,0.00342980712271797,0.986903000841861,0.980290993188014,0.993559606115719,0,1,0.0130969991581392,0.00644039388428097,0.0197090068119864,861.960021611716,11.4389050066403,5.62503310553042,17.2138253943028,271.030187557099,3.59678928449669,1.76870590210918,5.41262495732623,"age_band_separate_v1","posterior_median","conditional model uncertainty only; HIV imputation held fixed",TRUE,TRUE,FALSE
"NAM","12-23",301.39006567723,64281.7834599871,468.857659907387,"direct age match","Namibia",0.94567686375632,1453226.125,2376921.75,0.611389973186959,0.819213647739499,"estimated",TRUE,2024,2020,-0.0335219221010547,0.00529644181591989,0.967033711588285,0.957047018778149,0.977124614569214,0,1,0.0329662884117153,0.022875385430786,0.0429529812218514,453.401163066839,15.4564968405489,10.7252996825579,20.1388342617232,291.454353847688,9.93571182954138,6.89441391737655,12.9456018314866,"age_band_separate_v1","posterior_median","conditional model uncertainty only; HIV imputation held fixed",TRUE,TRUE,FALSE
"NAM","24-35",131.874401516252,68077.8075775717,193.711293310947,"IHME 2-4 rate shared; deaths and person-time divided equally","Namibia",0.94567686375632,1453226.125,2376921.75,0.611389973186959,0.819213647739499,"estimated",TRUE,2024,2020,-0.0425932098296434,0.00584261945920676,0.958301138272077,0.947389914930868,0.969338027712245,0,1,0.0416988617279226,0.0306619722877547,0.0526100850691322,185.633752876037,8.07754043491023,5.93957030732537,10.1911676199405,126.375389081973,5.49901243427874,4.04352924475555,6.93792348221092,"age_band_separate_v1","posterior_median","conditional model uncertainty only; HIV imputation held fixed",TRUE,TRUE,FALSE
"NAM","36-47",131.874401516252,68077.8075775717,193.711293310947,"IHME 2-4 rate shared; deaths and person-time divided equally","Namibia",0.94567686375632,1453226.125,2376921.75,0.611389973186959,0.819213647739499,"estimated",TRUE,2024,2020,-0.0383374948405794,0.00623954442688876,0.962388085062356,0.950690442109476,0.974229660093011,0,1,0.0376119149376437,0.0257703399069892,0.0493095578905238,186.425440624475,7.28585268647228,4.99200587244558,9.55181823156438,126.91435274397,4.96004877228194,3.39844815210458,6.50266843584381,"age_band_separate_v1","posterior_median","conditional model uncertainty only; HIV imputation held fixed",TRUE,TRUE,FALSE
"NAM","48-59",131.874401516252,68077.8075775717,193.711293310947,"IHME 2-4 rate shared; deaths and person-time divided equally","Namibia",0.94567686375632,1453226.125,2376921.75,0.611389973186959,0.819213647739499,"estimated",TRUE,2024,2020,-0.038111091541377,0.00728546787448788,0.962605997567052,0.948958372255835,0.976449898797298,0,1,0.0373940024329483,0.0235501012027015,0.0510416277441654,186.467652737588,7.24364057335911,4.561920561579,9.88733972301819,126.94308982511,4.93131169114233,3.10565550175343,6.73108411117714,"age_band_separate_v1","posterior_median","conditional model uncertainty only; HIV imputation held fixed",TRUE,TRUE,FALSE
"NER","<1",37714.5945058425,97339.7202999833,38745.3286177657,"0-27 days mapped to model <1 completed month","Niger",17.3368601964551,22709510,23845426,0.952363358910006,17.3155144567501,"estimated",FALSE,2024,2020,-0.0230095396548784,0.0266618336760908,0.977253161070924,0.927496949530542,1.02967857878832,0,1,0.022746838929076,-0.0296785787883234,0.0725030504694585,37863.9948684432,881.333749322435,-1149.90628806184,2809.15451622962,36856.7066993427,857.887806499815,-1119.31556451131,2734.42314889226,"age_band_separate_v1","posterior_median","conditional model uncertainty only; HIV imputation held fixed",TRUE,FALSE,FALSE
"NER","1-5",16183.4838565426,522218.913458571,3098.98462875693,"direct age match","Niger",17.3368601964551,22709510,23845426,0.952363358910006,17.3155144567501,"estimated",FALSE,2024,2020,-0.071780288083299,0.0365385258745339,0.93073536699943,0.866412216715825,0.999833920471704,0,1,0.0692646330005703,0.000166079528295726,0.133587783284175,2884.33459577167,214.650032985257,0.514677905339657,413.986486987371,15062.5407865485,1120.94306999408,2.68774536507609,2161.91573421076,"age_band_separate_v1","posterior_median","conditional model uncertainty only; HIV imputation held fixed",TRUE,FALSE,FALSE
"NER","6-11",17075.3299681526,602813.690018414,2832.6048745892,"direct age match","Niger",17.3368601964551,22709510,23845426,0.952363358910006,17.3155144567501,"estimated",FALSE,2024,2020,-0.22881560000978,0.0524825097612609,0.795475205601645,0.717717365382146,0.88165736715881,0,1,0.204524794398355,0.118342632841191,0.282282634617854,2253.26694500207,579.337929587134,335.217918657676,799.595166830417,13583.0016171321,3492.32835102048,2020.73950506326,4820.06913037933,"age_band_separate_v1","posterior_median","conditional model uncertainty only; HIV imputation held fixed",TRUE,FALSE,FALSE
"NER","12-23",25107.4092397984,1159000.21716496,2166.29892453461,"direct age match","Niger",17.3368601964551,22709510,23845426,0.952363358910006,17.3155144567501,"estimated",FALSE,2024,2020,-0.526297692562741,0.0765488535304228,0.590788205246028,0.508479342583371,0.686420615800327,0,1,0.409211794753972,0.313579384199673,0.491520657416629,1279.8238536522,886.475070882409,679.306682747978,1064.78067154819,14833.1612431581,10274.2479966404,7873.16592826518,12340.8102955741,"age_band_separate_v1","posterior_median","conditional model uncertainty only; HIV imputation held fixed",TRUE,FALSE,FALSE
"NER","24-35",13671.6387831293,1059676.24936509,1290.17129442325,"IHME 2-4 rate shared; deaths and person-time divided equally","Niger",17.3368601964551,22709510,23845426,0.952363358910006,17.3155144567501,"estimated",FALSE,2024,2020,-0.675890992471214,0.0841740924938272,0.508702968111496,0.431335451357277,0.599947694888399,0,1,0.491297031888504,0.400052305111601,0.568664548642723,656.313966845357,633.85732757789,516.136000322838,733.674676814993,6954.80322792609,6716.83555520316,5469.37060984402,7774.57629781454,"age_band_separate_v1","posterior_median","conditional model uncertainty only; HIV imputation held fixed",TRUE,FALSE,FALSE
"NER","36-47",13671.6387831293,1059676.24936509,1290.17129442325,"IHME 2-4 rate shared; deaths and person-time divided equally","Niger",17.3368601964551,22709510,23845426,0.952363358910006,17.3155144567501,"estimated",FALSE,2024,2020,-0.612813151856295,0.089750954442015,0.541824488545278,0.454425275082729,0.646033115860264,0,1,0.458175511454722,0.353966884139736,0.545574724917272,699.046401736676,591.124892686571,456.677913093527,703.884849051123,7407.6286912448,6264.01009188445,4839.30738114824,7458.90056827404,"age_band_separate_v1","posterior_median","conditional model uncertainty only; HIV imputation held fixed",TRUE,FALSE,FALSE
"NER","48-59",13671.6387831293,1059676.24936509,1290.17129442325,"IHME 2-4 rate shared; deaths and person-time divided equally","Niger",17.3368601964551,22709510,23845426,0.952363358910006,17.3155144567501,"estimated",FALSE,2024,2020,-0.583555968279664,0.104252760438446,0.557910921474166,0.454804499394065,0.684392077727572,0,1,0.442089078525834,0.315607922272428,0.545195500605935,719.800655731191,570.370638692056,407.188281608449,703.395584730489,7627.55659155758,6044.08219157167,4314.87751040256,7453.71595047167,"age_band_separate_v1","posterior_median","conditional model uncertainty only; HIV imputation held fixed",TRUE,FALSE,FALSE
"NGA","<1",243026.639817919,640420.155388648,37947.999883051,"0-27 days mapped to model <1 completed month","Nigeria",24.7045606738025,218096896,218103712,0.999968748812492,24.694238167759,"estimated",FALSE,2024,2020,-0.032484872967236,0.0326916205506384,0.968037093249376,0.907956079774853,1.03209377059194,0,1,0.0319629067506235,-0.032093770591938,0.0920439202251474,36735.0715014164,1212.92838163463,-1217.89440266953,3492.88267393945,235258.801991502,7767.83782641752,-7799.64122604584,22369.1246479862,"age_band_separate_v1","posterior_median","conditional model uncertainty only; HIV imputation held fixed",TRUE,FALSE,FALSE
"NGA","1-5",97051.791453183,3445879.3130956,2816.45938917102,"direct age match","Nigeria",24.7045606738025,218096896,218103712,0.999968748812492,24.694238167759,"estimated",FALSE,2024,2020,-0.09953667347986,0.0454271308332404,0.905256750344539,0.828140698064382,0.989553811278389,0,1,0.0947432496554612,0.0104461887216107,0.171859301935618,2549.61887411832,266.840515052698,29.421266306033,484.03474455295,87856.7893460243,9195.00210715867,1013.82132929036,16679.2531307452,"age_band_separate_v1","posterior_median","conditional model uncertainty only; HIV imputation held fixed",TRUE,FALSE,FALSE
"NGA","6-11",89854.1063530902,4034313.23441636,2227.24664972846,"direct age match","Nigeria",24.7045606738025,218096896,218103712,0.999968748812492,24.694238167759,"estimated",FALSE,2024,2020,-0.307636830561254,0.061882904388916,0.735182265263244,0.65120870651855,0.829984239687371,0,1,0.264817734736756,0.170015760312629,0.34879129348145,1637.43223724734,589.814412481118,378.66703255734,776.844239861013,66059.1454518693,23794.9609012209,15276.6142088325,31340.3299795141,"age_band_separate_v1","posterior_median","conditional model uncertainty only; HIV imputation held fixed",TRUE,FALSE,FALSE
"NGA","12-23",92644.7478454473,7851698.307958,1179.93259816858,"direct age match","Nigeria",24.7045606738025,218096896,218103712,0.999968748812492,24.694238167759,"estimated",FALSE,2024,2020,-0.627662429508119,0.0837846976397045,0.533838228123208,0.452993537621294,0.629111080264405,0,1,0.466161771876792,0.370888919735595,0.547006462378706,629.893127511128,550.039470657452,437.623926695559,645.430756369511,49457.308034735,43187.4398107123,34360.9104475746,50677.2757769054,"age_band_separate_v1","posterior_median","conditional model uncertainty only; HIV imputation held fixed",TRUE,FALSE,FALSE
"NGA","24-35",70153.6267453866,7548536.20431397,929.367295149144,"IHME 2-4 rate shared; deaths and person-time divided equally","Nigeria",24.7045606738025,218096896,218103712,0.999968748812492,24.694238167759,"estimated",FALSE,2024,2020,-0.816874821582433,0.0915743463933247,0.441810235040121,0.369221980582092,0.528669185616937,0,1,0.558189764959879,0.471330814383063,0.630778019417908,410.603983108445,518.763312040699,438.039444083631,586.224461745955,30994.5903212962,39159.0364240904,33065.5660258285,44251.3657334381,"age_band_separate_v1","posterior_median","conditional model uncertainty only; HIV imputation held fixed",TRUE,FALSE,FALSE
"NGA","36-47",70153.6267453866,7548536.20431397,929.367295149144,"IHME 2-4 rate shared; deaths and person-time divided equally","Nigeria",24.7045606738025,218096896,218103712,0.999968748812492,24.694238167759,"estimated",FALSE,2024,2020,-0.747325923219619,0.0975849560133489,0.473631387550523,0.391179430612129,0.573462390192655,0,1,0.526368612449477,0.426537609807345,0.608820569387871,440.177521545565,489.189773603579,396.410104706033,565.817925803167,33226.9595771189,36926.6671682677,29923.1602712938,42710.9709797504,"age_band_separate_v1","posterior_median","conditional model uncertainty only; HIV imputation held fixed",TRUE,FALSE,FALSE
"NGA","48-59",70153.6267453866,7548536.20431397,929.367295149144,"IHME 2-4 rate shared; deaths and person-time divided equally","Nigeria",24.7045606738025,218096896,218103712,0.999968748812492,24.694238167759,"estimated",FALSE,2024,2020,-0.67189150772697,0.112588558581042,0.510741591876669,0.409605397596805,0.636849453652681,0,1,0.489258408123331,0.363150546347319,0.590394602403195,474.666531762588,454.700763386556,337.500240990741,548.693434706112,35830.3749998604,34323.2517455262,25476.327880833,41418.3225694847,"age_band_separate_v1","posterior_median","conditional model uncertainty only; HIV imputation held fixed",TRUE,FALSE,FALSE
"RWA","<1",7160.59161473428,27594.6811437327,25949.1732389906,"0-27 days mapped to model <1 completed month","Rwanda",2.95274596542956,11468817,14079020,0.814603360177058,2.74687564370036,"estimated",TRUE,2024,2020,-0.00393264078395747,0.0052579960282138,0.996075081920952,0.985862759091036,1.00639319182581,0,1,0.00392491807904793,-0.00639319182581377,0.0141372409089635,25847.3248598086,101.848379182061,-165.89804223814,366.84971346804,7132.48687924893,28.1047354853496,-45.7790357793098,101.231008708203,"age_band_separate_v1","posterior_median","conditional model uncertainty only; HIV imputation held fixed",TRUE,FALSE,FALSE
"RWA","1-5",3334.82490142372,149614.383735338,2228.94672167543,"direct age match","Rwanda",2.95274596542956,11468817,14079020,0.814603360177058,2.74687564370036,"estimated",TRUE,2024,2020,-0.0125332151827388,0.00712157115720335,0.987544998461535,0.973856576569574,1.0014258233196,0,1,0.012455001538465,-0.00142582331960073,0.0261434234304262,2201.18518682781,27.761534847624,-3.17808421391242,58.2722979486211,3293.28965214598,41.5352492777439,-4.75487111123514,87.1837394642496,"age_band_separate_v1","posterior_median","conditional model uncertainty only; HIV imputation held fixed",TRUE,FALSE,FALSE
"RWA","6-11",2516.60119459306,177600.532522038,1417.0009283507,"direct age match","Rwanda",2.95274596542956,11468817,14079020,0.814603360177058,2.74687564370036,"estimated",TRUE,2024,2020,-0.0411070522886457,0.0106615417881508,0.959726383542446,0.939879794381199,0.979992055126457,0,1,0.0402736164575538,0.0200079448735434,0.060120205618801,1359.9331764423,57.0677519083936,28.3512764602005,85.1903871744758,2415.2485633054,101.352631287663,50.3520179701115,151.298581279455,"age_band_separate_v1","posterior_median","conditional model uncertainty only; HIV imputation held fixed",TRUE,FALSE,FALSE
"RWA","12-23",2506.43490367634,351626.825009424,712.811061445372,"direct age match","Rwanda",2.95274596542956,11468817,14079020,0.814603360177058,2.74687564370036,"estimated",TRUE,2024,2020,-0.104279072176956,0.0164440867577539,0.900973825606551,0.872398564618654,0.930485064223989,0,1,0.0990261743934487,0.0695149357760111,0.127601435381346,642.224108965103,70.5869524802687,49.5510151568053,90.9557145961301,2258.23224379906,248.20265987728,174.234661355813,319.824691399006,"age_band_separate_v1","posterior_median","conditional model uncertainty only; HIV imputation held fixed",TRUE,FALSE,FALSE
"RWA","24-35",1239.04930139462,351428.285210175,352.575291614217,"IHME 2-4 rate shared; deaths and person-time divided equally","Rwanda",2.95274596542956,11468817,14079020,0.814603360177058,2.74687564370036,"estimated",TRUE,2024,2020,-0.132529363391985,0.0181387894603368,0.87587721500261,0.845285585720604,0.907575982271986,0,1,0.12412278499739,0.0924240177280137,0.154714414279396,308.812664497793,43.7626271164235,32.586425002612,54.5484797314808,1085.25505135645,153.79425003817,114.517914597979,191.698786928563,"age_band_separate_v1","posterior_median","conditional model uncertainty only; HIV imputation held fixed",TRUE,FALSE,FALSE
"RWA","36-47",1239.04930139462,351428.285210175,352.575291614217,"IHME 2-4 rate shared; deaths and person-time divided equally","Rwanda",2.95274596542956,11468817,14079020,0.814603360177058,2.74687564370036,"estimated",TRUE,2024,2020,-0.119307255699464,0.0193702623867296,0.887535058658066,0.854471378213965,0.92187813475237,0,1,0.112464941341934,0.0781218652476298,0.145528621786035,312.922932124209,39.6523594900081,27.5438394211296,51.3097962644264,1099.69969439351,139.34960700111,96.7968425587201,180.317137156908,"age_band_separate_v1","posterior_median","conditional model uncertainty only; HIV imputation held fixed",TRUE,FALSE,FALSE
"RWA","48-59",1239.04930139462,351428.285210175,352.575291614217,"IHME 2-4 rate shared; deaths and person-time divided equally","Rwanda",2.95274596542956,11468817,14079020,0.814603360177058,2.74687564370036,"estimated",TRUE,2024,2020,-0.118489812754455,0.0226147789063124,0.888260864542248,0.849749256874192,0.928517862292355,0,1,0.111739135457752,0.071482137707645,0.150250743125808,313.17883334548,39.3964582687373,25.2028355474805,52.9746995728345,1100.59900366725,138.450297727366,88.5698927888514,186.168078304054,"age_band_separate_v1","posterior_median","conditional model uncertainty only; HIV imputation held fixed",TRUE,FALSE,FALSE
"SEN","<1",12166.372472612,42527.4634751972,28608.2721103451,"0-27 days mapped to model <1 completed month","Senegal",6.76968783303698,16901276,16976144,0.99558981120801,6.71100162037475,"estimated",FALSE,2024,2020,-0.00901227175156887,0.0118373677773383,0.991028217046184,0.968300228613473,1.01428967789058,0,1,0.0089717829538164,-0.014289677890583,0.0316997713865267,28351.6049022873,256.667208057735,-408.80299346298,906.875685661486,12057.2184194525,109.154053159562,-173.853543730482,385.671225985133,"age_band_separate_v1","posterior_median","conditional model uncertainty only; HIV imputation held fixed",TRUE,FALSE,FALSE
"SEN","1-5",3549.1523892916,230315.807834063,1540.99383045765,"direct age match","Senegal",6.76968783303698,16901276,16976144,0.99558981120801,6.71100162037475,"estimated",FALSE,2024,2020,-0.0286450773058666,0.0160545509059782,0.971761303407262,0.941659609089928,1.00282524776912,0,1,0.0282386965927381,-0.00282524776912041,0.0583403909100716,1497.47817322807,43.5156572295749,-4.35368938172878,89.9021824589078,3448.928951809,100.223437482597,-10.0272348701145,207.058937790687,"age_band_separate_v1","posterior_median","conditional model uncertainty only; HIV imputation held fixed",TRUE,FALSE,FALSE
"SEN","6-11",1988.34295782111,271060.822015949,733.541255808676,"direct age match","Senegal",6.76968783303698,16901276,16976144,0.99558981120801,6.71100162037475,"estimated",FALSE,2024,2020,-0.093624057798122,0.0239248956638536,0.910625040281084,0.868909769535394,0.954343008975857,0,1,0.0893749597189158,0.045656991024143,0.131090230464606,667.981035618613,65.5602201900634,33.4912865322953,96.1600922792561,1810.63488605846,177.708071762652,90.7817565781564,260.652336583446,"age_band_separate_v1","posterior_median","conditional model uncertainty only; HIV imputation held fixed",TRUE,FALSE,FALSE
"SEN","12-23",2049.66049246389,543041.268081067,377.441018379088,"direct age match","Senegal",6.76968783303698,16901276,16976144,0.99558981120801,6.71100162037475,"estimated",FALSE,2024,2020,-0.234820845202269,0.0366822434329472,0.790712496877406,0.735859024644127,0.849654936311301,0,1,0.209287503122594,0.150345063688699,0.264140975355873,298.44733006648,78.9936883126086,56.7463939469315,99.6976387339664,1620.6921657471,428.968326716795,308.156337279695,541.399321627812,"age_band_separate_v1","posterior_median","conditional model uncertainty only; HIV imputation held fixed",TRUE,FALSE,FALSE
"SEN","24-35",1185.20103985122,541197.742768842,218.995931835852,"IHME 2-4 rate shared; deaths and person-time divided equally","Senegal",6.76968783303698,16901276,16976144,0.99558981120801,6.71100162037475,"estimated",FALSE,2024,2020,-0.29878358598632,0.0404510127491386,0.741719910649918,0.685185198756818,0.802919308316492,0,1,0.258280089350082,0.197080691683508,0.314814801243182,162.433642993983,56.5622888418682,43.159869722084,68.943160753969,879.087209380638,306.113830470583,233.580240717891,373.118829793975,"age_band_separate_v1","posterior_median","conditional model uncertainty only; HIV imputation held fixed",TRUE,FALSE,FALSE
"SEN","36-47",1185.20103985122,541197.742768842,218.995931835852,"IHME 2-4 rate shared; deaths and person-time divided equally","Senegal",6.76968783303698,16901276,16976144,0.99558981120801,6.71100162037475,"estimated",FALSE,2024,2020,-0.269190339658792,0.0431886563128351,0.763997822722916,0.701988293814961,0.831484909745823,0,1,0.236002177277084,0.168515090254177,0.298011706185039,167.312415107767,51.6835167280848,36.9041192186162,65.2633512939847,905.491013935269,279.710025915952,199.724260199873,353.203784058345,"age_band_separate_v1","posterior_median","conditional model uncertainty only; HIV imputation held fixed",TRUE,FALSE,FALSE
"SEN","48-59",1185.20103985122,541197.742768842,218.995931835852,"IHME 2-4 rate shared; deaths and person-time divided equally","Senegal",6.76968783303698,16901276,16976144,0.99558981120801,6.71100162037475,"estimated",FALSE,2024,2020,-0.266105077221778,0.0503954653522269,0.766358596437903,0.694281088168931,0.845918905674371,0,1,0.233641403562097,0.154081094325629,0.305718911831069,167.829414947334,51.1665168885176,33.7431328301289,66.9511979762875,908.289005397125,276.912034454096,182.61707321615,362.338372204367,"age_band_separate_v1","posterior_median","conditional model uncertainty only; HIV imputation held fixed",TRUE,FALSE,FALSE
"SLE","<1",7367.84550944198,19956.1697556551,36920.138481755,"0-27 days mapped to model <1 completed month","Sierra Leone",30.8209909320081,6789265,6801716.5,0.99816935916103,30.2931646063336,"estimated",FALSE,2024,2020,-0.0389303609764218,0.0360019389544179,0.961817686858781,0.896288559626433,1.03213775610385,0,1,0.0381823131412186,-0.0321377561038481,0.103711440373567,35510.4421930275,1409.69628872752,-1186.53040584694,3829.04074073435,7086.52412502434,281.321384417635,-236.786021993278,764.129870234142,"age_band_separate_v1","posterior_median","conditional model uncertainty only; HIV imputation held fixed",TRUE,FALSE,FALSE
"SLE","1-5",5862.7540141077,107349.082840334,5461.39180604618,"direct age match","Sierra Leone",30.8209909320081,6789265,6801716.5,0.99816935916103,30.2931646063336,"estimated",FALSE,2024,2020,-0.120349507669122,0.0505966081385025,0.886610505387467,0.802906478169404,0.979040784495408,0,1,0.113389494612533,0.0209592155045917,0.197093521830596,4842.12734927757,619.264456768607,114.466487817933,1076.4049451504,5197.97929941043,664.774714697274,122.878724832093,1155.51083626695,"age_band_separate_v1","posterior_median","conditional model uncertainty only; HIV imputation held fixed",TRUE,FALSE,FALSE
"SLE","6-11",5474.71708248529,125032.237755965,4378.64440463005,"direct age match","Sierra Leone",30.8209909320081,6789265,6801716.5,0.99816935916103,30.2931646063336,"estimated",FALSE,2024,2020,-0.362208080294158,0.0657952278583508,0.696137500274419,0.611913493316302,0.791954131722048,0,1,0.303862499725581,0.208045868277952,0.388086506683698,3048.13857042973,1330.50583420031,910.958877041656,1699.292811003,3811.15586451097,1663.56121797432,1138.99226900179,2124.66382762328,"age_band_separate_v1","posterior_median","conditional model uncertainty only; HIV imputation held fixed",TRUE,FALSE,FALSE
"SLE","12-23",3976.59051608333,233874.734732148,1700.30786807204,"direct age match","Sierra Leone",30.8209909320081,6789265,6801716.5,0.99816935916103,30.2931646063336,"estimated",FALSE,2024,2020,-0.658809724874106,0.0838409065273487,0.51746689605006,0.43905311510471,0.609885180848387,0,1,0.48253310394994,0.390114819151613,0.56094688489529,879.853034820733,820.454833251305,663.315296454988,953.782401957961,2057.75395121975,1918.83656486358,1551.32689002187,2230.6560625011,"age_band_separate_v1","posterior_median","conditional model uncertainty only; HIV imputation held fixed",TRUE,FALSE,FALSE
"SLE","24-35",1680.1990272717,215491.930396869,779.703919389135,"IHME 2-4 rate shared; deaths and person-time divided equally","Sierra Leone",30.8209909320081,6789265,6801716.5,0.99816935916103,30.2931646063336,"estimated",FALSE,2024,2020,-0.865879572330606,0.0910008868984036,0.420681370156867,0.351959898984713,0.502820962580016,0,1,0.579318629843133,0.497179037419984,0.648040101015287,328.0069131253,451.697006263835,387.652444114479,505.27940668295,706.828428928891,973.370598342804,835.359735052935,1088.83634735894,"age_band_separate_v1","posterior_median","conditional model uncertainty only; HIV imputation held fixed",TRUE,FALSE,FALSE
"SLE","36-47",1680.1990272717,215491.930396869,779.703919389135,"IHME 2-4 rate shared; deaths and person-time divided equally","Sierra Leone",30.8209909320081,6789265,6801716.5,0.99816935916103,30.2931646063336,"estimated",FALSE,2024,2020,-0.797620434769981,0.0970913304242759,0.450399444831301,0.372351884547371,0.544806319836246,0,1,0.549600555168699,0.455193680163754,0.627648115452629,351.178212425656,428.52570696348,354.916296504844,489.379695615619,756.760709089263,923.438318182432,764.815978631363,1054.57375305242,"age_band_separate_v1","posterior_median","conditional model uncertainty only; HIV imputation held fixed",TRUE,FALSE,FALSE
"SLE","48-59",1680.1990272717,215491.930396869,779.703919389135,"IHME 2-4 rate shared; deaths and person-time divided equally","Sierra Leone",30.8209909320081,6789265,6801716.5,0.99816935916103,30.2931646063336,"estimated",FALSE,2024,2020,-0.675326043885134,0.111458918983004,0.508990440329931,0.409105786023707,0.633262293514089,0,1,0.491009559670069,0.366737706485911,0.590894213976293,396.861841256849,382.842078132287,285.946827134847,460.722534581678,855.205242732942,824.993784538754,616.19233770148,992.81988354344,"age_band_separate_v1","posterior_median","conditional model uncertainty only; HIV imputation held fixed",TRUE,FALSE,FALSE
"SOM","<1",24038.3863838579,74137.8818608464,32423.8915120031,"0-27 days mapped to model <1 completed month","Somalia",3.00562461766305,11021038,11209545,0.983183349547194,2.99681056514227,"estimated",FALSE,2024,2020,-0.00400305266669449,0.005351336325146,0.996004948868216,0.985613016973894,1.00650644937277,0,1,0.00399505113178422,-0.00650644937276956,0.0143869830261063,32294.3564075212,129.535104481877,-210.964408591021,466.481976823501,23942.3518011288,96.0345827290978,-156.404544009644,345.839856879548,"age_band_separate_v1","posterior_median","conditional model uncertainty only; HIV imputation held fixed",TRUE,FALSE,FALSE
"SOM","1-5",14288.7883589172,397854.627676253,3591.45963498619,"direct age match","Somalia",3.00562461766305,11021038,11209545,0.983183349547194,2.99681056514227,"estimated",FALSE,2024,2020,-0.0127573273845536,0.00724807549864437,0.987323702376041,0.973396970067162,1.00144968933515,0,1,0.0126762976239586,-0.00144968933514833,0.0266030299328383,3545.93322374867,45.5264112375187,-5.2065007304552,95.543708172118,14107.6594249938,181.12893392339,-20.7143040961139,380.125064416265,"age_band_separate_v1","posterior_median","conditional model uncertainty only; HIV imputation held fixed",TRUE,FALSE,FALSE
"SOM","6-11",11951.5313875559,460747.791010685,2593.94220020878,"direct age match","Somalia",3.00562461766305,11021038,11209545,0.983183349547194,2.99681056514227,"estimated",FALSE,2024,2020,-0.0418408760489582,0.01085051549162,0.959022371860646,0.938842546797134,0.979635949464436,0,1,0.0409776281393539,0.020364050535564,0.0611574532028661,2487.64860131365,106.293598895133,52.8231700513837,158.638898720208,11461.7859786608,489.745408895083,243.381589153568,730.925221537037,"age_band_separate_v1","posterior_median","conditional model uncertainty only; HIV imputation held fixed",TRUE,FALSE,FALSE
"SOM","12-23",11789.9116521809,893449.182824296,1319.59510163875,"direct age match","Somalia",3.00562461766305,11021038,11209545,0.983183349547194,2.99681056514227,"estimated",FALSE,2024,2020,-0.106130537079556,0.0167347326621206,0.899307247471816,0.8702889375116,0.929293123807579,0,1,0.100692752528184,0.0707068761924207,0.1297110624884,1186.72143863204,132.873663006715,93.3044474756959,171.16608268805,10602.7529958587,1187.1586563222,833.62782351033,1529.28196704874,"age_band_separate_v1","posterior_median","conditional model uncertainty only; HIV imputation held fixed",TRUE,FALSE,FALSE
"SOM","24-35",5298.21827057276,829955.290779776,638.373937660531,"IHME 2-4 rate shared; deaths and person-time divided equally","Somalia",3.00562461766305,11021038,11209545,0.983183349547194,2.99681056514227,"estimated",FALSE,2024,2020,-0.134883714485083,0.018459345772017,0.873817518100279,0.842768167771836,0.906010791743204,0,1,0.126182481899721,0.0939892082567959,0.157231832228164,557.822329826427,80.5516078341038,60.0002609724865,100.372703865073,4629.67593954544,668.54233102732,497.975340422824,833.048566226888,"age_band_separate_v1","posterior_median","conditional model uncertainty only; HIV imputation held fixed",TRUE,FALSE,FALSE
"SOM","36-47",5298.21827057276,829955.290779776,638.373937660531,"IHME 2-4 rate shared; deaths and person-time divided equally","Somalia",3.00562461766305,11021038,11209545,0.983183349547194,2.99681056514227,"estimated",FALSE,2024,2020,-0.121427529462528,0.0197125485787912,0.885655234934093,0.852089752219427,0.920542927694043,0,1,0.114344765065907,0.0794570723059569,0.147910247780573,565.37921973454,72.9947179259914,50.7233241229312,94.4220472960289,4692.39474715622,605.823523416539,420.980912217642,783.660777195974,"age_band_separate_v1","posterior_median","conditional model uncertainty only; HIV imputation held fixed",TRUE,FALSE,FALSE
"SOM","48-59",5298.21827057276,829955.290779776,638.373937660531,"IHME 2-4 rate shared; deaths and person-time divided equally","Somalia",3.00562461766305,11021038,11209545,0.983183349547194,2.99681056514227,"estimated",FALSE,2024,2020,-0.120590896897071,0.023014295149205,0.886396512990849,0.847302007475216,0.927294838570672,0,1,0.113603487009151,0.0727051614293284,0.152697992524784,565.852432326532,72.5215053339985,46.4130801898849,97.4784187609044,4696.3222001001,601.896070472658,385.20781464981,809.027293874591,"age_band_separate_v1","posterior_median","conditional model uncertainty only; HIV imputation held fixed",TRUE,FALSE,FALSE
"SSD","<1",9520.54369242518,23212.0854661235,41015.4602709859,"0-27 days mapped to model <1 completed month","South Sudan",23.1223019010464,16697173,16714814,0.998944588913762,23.1228818950924,"estimated",FALSE,2024,2020,-0.0305347265008455,0.0316502561396523,0.969926749320292,0.911587140126331,1.03199996756937,0,1,0.0300732506797083,-0.0319999675693694,0.088412859873669,39781.9920525129,1233.46821847298,-1312.49339851431,3626.29414159271,9234.22999535576,286.313697069418,-304.65708940037,841.73849539953,"age_band_separate_v1","posterior_median","conditional model uncertainty only; HIV imputation held fixed",TRUE,FALSE,FALSE
"SSD","1-5",11622.905402994,123715.419175823,9394.87210278585,"direct age match","South Sudan",23.1223019010464,16697173,16714814,0.998944588913762,23.1228818950924,"estimated",FALSE,2024,2020,-0.0937938087034187,0.0438396870418637,0.910470473975367,0.835505777124585,0.992161283233499,0,1,0.0895295260246332,0.0078387167665015,0.164494222875415,8553.75365636139,841.118446424466,73.6437414712446,1545.40218556168,10582.3121912348,1040.5932117592,91.1086634579098,1911.90079181996,"age_band_separate_v1","posterior_median","conditional model uncertainty only; HIV imputation held fixed",TRUE,FALSE,FALSE
"SSD","6-11",5920.4406554335,144012.996817485,4111.04607658207,"direct age match","South Sudan",23.1223019010464,16697173,16714814,0.998944588913762,23.1228818950924,"estimated",FALSE,2024,2020,-0.291956665722996,0.0604744490615996,0.746800897349126,0.663328850583654,0.840776908453081,0,1,0.253199102650874,0.159223091546919,0.336671149416346,3070.13289903509,1040.91317754698,654.573465805229,1384.07060790645,4421.39039417998,1499.05026125351,942.670864478189,1993.24156051606,"age_band_separate_v1","posterior_median","conditional model uncertainty only; HIV imputation held fixed",TRUE,FALSE,FALSE
"SSD","12-23",5588.66469221722,282966.503852105,1975.02694352056,"direct age match","South Sudan",23.1223019010464,16697173,16714814,0.998944588913762,23.1228818950924,"estimated",FALSE,2024,2020,-0.613044210982378,0.0833100403106443,0.5416993095149,0.460091963171712,0.637781498955254,0,1,0.4583006904851,0.362218501044746,0.539908036828288,1069.87073157841,905.15621194215,715.391299005004,1066.33291975916,3027.37580488437,2561.28888733285,2024.31774765662,3017.36498246657,"age_band_separate_v1","posterior_median","conditional model uncertainty only; HIV imputation held fixed",TRUE,FALSE,FALSE
"SSD","24-35",2732.75478620243,272350.571399717,1003.39601718393,"IHME 2-4 rate shared; deaths and person-time divided equally","South Sudan",23.1223019010464,16697173,16714814,0.998944588913762,23.1228818950924,"estimated",FALSE,2024,2020,-0.7954064029313,0.0912052892275878,0.451397748272281,0.377507257611502,0.539751019449215,0,1,0.548602251727719,0.460248980550785,0.622492742388498,452.930702782201,550.465314401728,461.811993997621,624.60673843852,1233.55935707208,1499.19542913035,1257.74760444495,1701.12002113844,"age_band_separate_v1","posterior_median","conditional model uncertainty only; HIV imputation held fixed",TRUE,FALSE,FALSE
"SSD","36-47",2732.75478620243,272350.571399717,1003.39601718393,"IHME 2-4 rate shared; deaths and person-time divided equally","South Sudan",23.1223019010464,16697173,16714814,0.998944588913762,23.1228818950924,"estimated",FALSE,2024,2020,-0.726177422725888,0.0971876969898699,0.483754649784901,0.399851596859268,0.585263540340137,0,1,0.516245350215099,0.414736459659863,0.600148403140732,485.397488888376,517.998528295553,416.14491180367,602.186517430705,1321.98283454737,1410.77195165506,1133.37304514814,1640.05842111458,"age_band_separate_v1","posterior_median","conditional model uncertainty only; HIV imputation held fixed",TRUE,FALSE,FALSE
"SSD","48-59",2732.75478620243,272350.571399717,1003.39601718393,"IHME 2-4 rate shared; deaths and person-time divided equally","South Sudan",23.1223019010464,16697173,16714814,0.998944588913762,23.1228818950924,"estimated",FALSE,2024,2020,-0.662294883459181,0.112305407411871,0.515666580869022,0.413784721302663,0.642633739080585,0,1,0.484333419130978,0.357366260919415,0.586215278697337,517.417793438832,485.978223745098,358.579882882454,588.206075857275,1409.19031695446,1323.56446924797,976.594359954798,1601.98260860514,"age_band_separate_v1","posterior_median","conditional model uncertainty only; HIV imputation held fixed",TRUE,FALSE,FALSE
"STP","<1",48.2792945564786,324.044265654954,14898.9813039577,"0-27 days mapped to model <1 completed month","Sao Tome and Principe",,,,,,"missing_MAP_no_estimate",,2024,2020,,,,,,,,,,,,,,,,,,,"age_band_separate_v1","posterior_median","conditional model uncertainty only; HIV imputation held fixed",TRUE,,
"STP","1-5",28.1456297683317,1758.54808287928,1600.50384987192,"direct age match","Sao Tome and Principe",,,,,,"missing_MAP_no_estimate",,2024,2020,,,,,,,,,,,,,,,,,,,"age_band_separate_v1","posterior_median","conditional model uncertainty only; HIV imputation held fixed",TRUE,,
"STP","6-11",23.6113792756585,2093.91637811032,1127.61806166142,"direct age match","Sao Tome and Principe",,,,,,"missing_MAP_no_estimate",,2024,2020,,,,,,,,,,,,,,,,,,,"age_band_separate_v1","posterior_median","conditional model uncertainty only; HIV imputation held fixed",TRUE,,
"STP","12-23",22.2365629940629,4205.17799553642,528.790054015928,"direct age match","Sao Tome and Principe",,,,,,"missing_MAP_no_estimate",,2024,2020,,,,,,,,,,,,,,,,,,,"age_band_separate_v1","posterior_median","conditional model uncertainty only; HIV imputation held fixed",TRUE,,
"STP","24-35",9.37259996069908,4408.78532508537,212.58916616716,"IHME 2-4 rate shared; deaths and person-time divided equally","Sao Tome and Principe",,,,,,"missing_MAP_no_estimate",,2024,2020,,,,,,,,,,,,,,,,,,,"age_band_separate_v1","posterior_median","conditional model uncertainty only; HIV imputation held fixed",TRUE,,
"STP","36-47",9.37259996069908,4408.78532508537,212.58916616716,"IHME 2-4 rate shared; deaths and person-time divided equally","Sao Tome and Principe",,,,,,"missing_MAP_no_estimate",,2024,2020,,,,,,,,,,,,,,,,,,,"age_band_separate_v1","posterior_median","conditional model uncertainty only; HIV imputation held fixed",TRUE,,
"STP","48-59",9.37259996069908,4408.78532508537,212.58916616716,"IHME 2-4 rate shared; deaths and person-time divided equally","Sao Tome and Principe",,,,,,"missing_MAP_no_estimate",,2024,2020,,,,,,,,,,,,,,,,,,,"age_band_separate_v1","posterior_median","conditional model uncertainty only; HIV imputation held fixed",TRUE,,
"SWZ","<1",516.015444505165,2077.01929772744,24844.037080915,"0-27 days mapped to model <1 completed month","Swaziland",2.08854269781645,28914.978515625,1091849.625,0.0264825648638429,2.19938231245895,"estimated",TRUE,2024,2020,-0.00278178810494585,0.00372698319232846,0.997222077482339,0.989964157620242,1.00453320876661,0,1,0.00277792251766107,-0.00453320876660634,0.0100358423797583,24775.0222708783,69.0148100366803,-112.623206693097,249.330840220933,514.581993582413,1.43345092275178,-2.33920573673508,5.17864966657475,"age_band_separate_v1","posterior_median","conditional model uncertainty only; HIV imputation held fixed",TRUE,FALSE,FALSE
"SWZ","1-5",297.927430609988,11289.1817995469,2639.05246544924,"direct age match","Swaziland",2.08854269781645,28914.978515625,1091849.625,0.0264825648638429,2.19938231245895,"estimated",TRUE,2024,2020,-0.00886824784383419,0.00504714184546293,0.991170959081564,0.981414418089363,1.00102449283276,0,1,0.00882904091843595,-0.00102449283276451,0.0185855819106368,2615.75216324589,23.3003022033506,-2.70369033614226,49.0483257630747,295.297017134408,2.63041347558007,-0.305224517343879,5.53715466502747,"age_band_separate_v1","posterior_median","conditional model uncertainty only; HIV imputation held fixed",TRUE,FALSE,FALSE
"SWZ","6-11",220.02629081514,13344.4316482768,1648.82474289231,"direct age match","Swaziland",2.08854269781645,28914.978515625,1091849.625,0.0264825648638429,2.19938231245895,"estimated",TRUE,2024,2020,-0.0290983175142281,0.00755992348266513,0.971320961909402,0.957034828029473,0.985820352000347,0,1,0.0286790380905978,0.0141796479996531,0.0429651719705273,1601.53803528618,47.2867076061286,23.3797544673315,70.8420386276285,213.71614843992,6.31014237522036,3.11989535442799,9.45346742290975,"age_band_separate_v1","posterior_median","conditional model uncertainty only; HIV imputation held fixed",TRUE,FALSE,FALSE
"SWZ","12-23",120.427726071167,26445.8300328983,455.375104208703,"direct age match","Swaziland",2.08854269781645,28914.978515625,1091849.625,0.0264825648638429,2.19938231245895,"estimated",TRUE,2024,2020,-0.0739123618068036,0.0116681190918248,0.928753084517022,0.907754369640871,0.95023755417574,0,1,0.0712469154829781,0.0497624458242595,0.0922456303591289,422.931032646093,32.4440715626098,22.6605789529021,42.0063635375858,111.847622049967,8.58010402119968,5.99277819435521,11.1089315041513,"age_band_separate_v1","posterior_median","conditional model uncertainty only; HIV imputation held fixed",TRUE,FALSE,FALSE
"SWZ","24-35",59.3181506524744,26454.8201946339,224.224357663585,"IHME 2-4 rate shared; deaths and person-time divided equally","Swaziland",2.08854269781645,28914.978515625,1091849.625,0.0264825648638429,2.19938231245895,"estimated",TRUE,2024,2020,-0.0939234736674238,0.0128710307211755,0.910352425507672,0.887674435125682,0.933609785112673,0,1,0.0896475744923283,0.066390214887327,0.112325564874318,204.123187856945,20.1011698066407,14.8863032882583,25.1861276331434,54.0004223231095,5.31772832936485,3.93814476853661,6.6629447793391,"age_band_separate_v1","posterior_median","conditional model uncertainty only; HIV imputation held fixed",TRUE,FALSE,FALSE
"SWZ","36-47",59.3181506524744,26454.8201946339,224.224357663585,"IHME 2-4 rate shared; deaths and person-time divided equally","Swaziland",2.08854269781645,28914.978515625,1091849.625,0.0264825648638429,2.19938231245895,"estimated",TRUE,2024,2020,-0.084545202347928,0.0137451862990773,0.918930116639161,0.894504565162573,0.944022637953769,0,1,0.0810698833608393,0.0559773620462308,0.105495434837427,206.046515141139,18.177842522446,12.5514880485181,23.6546461128627,54.5092350978976,4.80891555457679,3.32047359498642,6.25779409683479,"age_band_separate_v1","posterior_median","conditional model uncertainty only; HIV imputation held fixed",TRUE,FALSE,FALSE
"SWZ","48-59",59.3181506524744,26454.8201946339,224.224357663585,"IHME 2-4 rate shared; deaths and person-time divided equally","Swaziland",2.08854269781645,28914.978515625,1091849.625,0.0264825648638429,2.19938231245895,"estimated",TRUE,2024,2020,-0.0840106650411761,0.0160484903194352,0.919421450375209,0.890951640895492,0.948800995035387,0,1,0.0805785496247909,0.0511990049646132,0.109048359104508,206.156684132503,18.0676735310821,11.4800640012051,24.4512982744764,54.5383801064731,4.77977054600123,3.03703028974771,6.46854699376635,"age_band_separate_v1","posterior_median","conditional model uncertainty only; HIV imputation held fixed",TRUE,FALSE,FALSE
"TCD","<1",29533.3499069705,72431.2068945101,40774.3446136184,"0-27 days mapped to model <1 completed month","Chad",15.0510808013007,15540183,16497859,0.941951498070144,15.0481054075522,"estimated",TRUE,2024,2020,-0.0199936358730687,0.0240370450421194,0.98020491143538,0.935096657107958,1.02748914895449,0,1,0.0197950885646198,-0.0274891489544871,0.0649033428920419,39967.2128508275,807.131762790903,-1120.85203260534,2646.39126965596,28948.7346299521,584.615277018386,-811.846654717699,1916.81313576276,"age_band_separate_v1","posterior_median","conditional model uncertainty only; HIV imputation held fixed",TRUE,FALSE,FALSE
"TCD","1-5",15601.6909425215,387810.80371162,4023.01606690748,"direct age match","Chad",15.0510808013007,15540183,16497859,0.941951498070144,15.0481054075522,"estimated",TRUE,2024,2020,-0.0627148653072095,0.032835676362221,0.939211237220573,0.880670606939134,1.00164322639005,0,1,0.0607887627794267,-0.0016432263900521,0.119329393060866,3778.46189755842,244.554169349061,-6.61072616874597,480.06406553818,14653.2834528586,948.407489662868,-25.6371102861881,1861.74031089429,"age_band_separate_v1","posterior_median","conditional model uncertainty only; HIV imputation held fixed",TRUE,FALSE,FALSE
"TCD","6-11",15538.758539645,445480.175336112,3488.09204089073,"direct age match","Chad",15.0510808013007,15540183,16497859,0.941951498070144,15.0481054075522,"estimated",TRUE,2024,2020,-0.201411888075116,0.0477180951414784,0.817575612547441,0.744578020909051,0.89772980595941,0,1,0.182424387452559,0.10227019404059,0.255421979090949,2851.7789869531,636.313053937638,356.727849853332,890.9353723357,12704.1100312771,2834.64850836796,1589.15185099937,3968.94045881252,"age_band_separate_v1","posterior_median","conditional model uncertainty only; HIV imputation held fixed",TRUE,FALSE,FALSE
"TCD","12-23",11501.1000897486,855165.039087229,1344.89830197273,"direct age match","Chad",15.0510808013007,15540183,16497859,0.941951498070144,15.0481054075522,"estimated",TRUE,2024,2020,-0.475857651823601,0.0707412763674175,0.621351924265853,0.540906952979166,0.713760863421086,0,1,0.378648075734147,0.286239136578914,0.459093047020834,835.655147872636,509.243154100096,384.962528743122,617.433459385807,7146.23067193947,4354.86941780913,3292.0649593973,5280.07508429427,"age_band_separate_v1","posterior_median","conditional model uncertainty only; HIV imputation held fixed",TRUE,FALSE,FALSE
"TCD","24-35",6776.89788247659,783414.338818969,865.046444349366,"IHME 2-4 rate shared; deaths and person-time divided equally","Chad",15.0510808013007,15540183,16497859,0.941951498070144,15.0481054075522,"estimated",TRUE,2024,2020,-0.609315505686646,0.0778668714933425,0.543722916972346,0.466763875357186,0.63337080277407,0,1,0.456277083027654,0.36662919722593,0.533236124642814,470.345576038194,394.700868311173,317.151283454953,461.274013620902,3684.75468468389,3092.1431977927,2484.6086303345,3613.68676395191,"age_band_separate_v1","posterior_median","conditional model uncertainty only; HIV imputation held fixed",TRUE,FALSE,FALSE
"TCD","36-47",6776.89788247659,783414.338818969,865.046444349366,"IHME 2-4 rate shared; deaths and person-time divided equally","Chad",15.0510808013007,15540183,16497859,0.941951498070144,15.0481054075522,"estimated",TRUE,2024,2020,-0.551345945357249,0.0830559713845196,0.576173789819626,0.489616592733177,0.678033058932759,0,1,0.423826210180374,0.321966941067241,0.510383407266823,498.417088210767,366.6293561386,278.516357568259,441.50535171108,3904.67093616713,2872.22694630945,2181.93708114605,3458.81623195772,"age_band_separate_v1","posterior_median","conditional model uncertainty only; HIV imputation held fixed",TRUE,FALSE,FALSE
"TCD","48-59",6776.89788247659,783414.338818969,865.046444349366,"IHME 2-4 rate shared; deaths and person-time divided equally","Chad",15.0510808013007,15540183,16497859,0.941951498070144,15.0481054075522,"estimated",TRUE,2024,2020,-0.531337167604718,0.0966187966345211,0.587818432164362,0.48640847272024,0.710371074047681,0,1,0.412181567835638,0.289628925952319,0.51359152727976,508.4902446668,356.556199682566,250.542472575779,444.280524521317,3983.58548821537,2793.31239426122,1962.78565499024,3480.55733368013,"age_band_separate_v1","posterior_median","conditional model uncertainty only; HIV imputation held fixed",TRUE,FALSE,FALSE
"TGO","<1",5268.16170564704,17667.2511519403,29818.7967122914,"0-27 days mapped to model <1 completed month","Togo",20.9673047922131,8690035,8690035,1,20.9024252758318,"estimated",FALSE,2024,2020,-0.0277746416993043,0.0300428238874369,0.972607527285095,0.916991116342455,1.03159712812131,0,1,0.027392472714905,-0.0315971281213057,0.0830088836575448,29001.9861369587,816.810575332741,-942.18834014144,2475.22502709858,5123.85372986739,144.307975779644,-166.458780377086,437.304222113188,"age_band_separate_v1","posterior_median","conditional model uncertainty only; HIV imputation held fixed",TRUE,FALSE,FALSE
"TGO","1-5",1964.03900317357,95882.3611049401,2048.38406203201,"direct age match","Togo",20.9673047922131,8690035,8690035,1,20.9024252758318,"estimated",FALSE,2024,2020,-0.0857681927097905,0.0414349364928807,0.917806960907596,0.846217232834222,0.995453158840905,0,1,0.0821930390924044,0.00454684115909454,0.153782767165778,1880.02115074515,168.362911286855,9.31367696288039,315.006169277558,1802.60866860672,161.430334566852,8.93017337769659,302.035352729547,"age_band_separate_v1","posterior_median","conditional model uncertainty only; HIV imputation held fixed",TRUE,FALSE,FALSE
"TGO","6-11",1751.95125432579,113704.339157922,1540.79542372832,"direct age match","Togo",20.9673047922131,8690035,8690035,1,20.9024252758318,"estimated",FALSE,2024,2020,-0.269518581672382,0.0581089338914891,0.763747087692345,0.681533413786722,0.855878233053263,0,1,0.236252912307655,0.144121766946737,0.318466586213278,1176.7780176022,364.017406126124,222.062158971172,490.6918586478,1338.04766827027,413.903586055518,252.494310377985,557.937935177206,"age_band_separate_v1","posterior_median","conditional model uncertainty only; HIV imputation held fixed",TRUE,FALSE,FALSE
"TGO","12-23",1743.07552648836,225881.547086016,771.676814230688,"direct age match","Togo",20.9673047922131,8690035,8690035,1,20.9024252758318,"estimated",FALSE,2024,2020,-0.587359006774642,0.0819233726624426,0.555793194214584,0.473347320715064,0.652599182918369,0,1,0.444206805785416,0.347400817081631,0.526652679284936,428.892721482608,342.78409274808,268.081155786691,406.405661756655,968.789514624232,774.286011864125,605.545862137049,917.995396221093,"age_band_separate_v1","posterior_median","conditional model uncertainty only; HIV imputation held fixed",TRUE,FALSE,FALSE
"TGO","24-35",1277.46542395554,226264.636685562,564.589077050877,"IHME 2-4 rate shared; deaths and person-time divided equally","Togo",20.9673047922131,8690035,8690035,1,20.9024252758318,"estimated",FALSE,2024,2020,-0.758927272650136,0.0898638243172079,0.468168374755179,0.392563437025288,0.558334288037086,0,1,0.531831625244821,0.441665711962914,0.607436562974712,264.322750607436,300.266326443441,249.35963668216,342.952048456849,598.068911339199,679.396512616337,564.212675979328,775.979206446584,"age_band_separate_v1","posterior_median","conditional model uncertainty only; HIV imputation held fixed",TRUE,FALSE,FALSE
"TGO","36-47",1277.46542395554,226264.636685562,564.589077050877,"IHME 2-4 rate shared; deaths and person-time divided equally","Togo",20.9673047922131,8690035,8690035,1,20.9024252758318,"estimated",FALSE,2024,2020,-0.690940404318364,0.0957700198477211,0.501104606482188,0.415344827545111,0.604571936339801,0,1,0.498895393517812,0.395428063660199,0.584655172454889,282.918187279721,281.670889771156,223.254365501927,330.089924209327,640.14380856584,637.321615389696,505.145678987593,746.876767747882,"age_band_separate_v1","posterior_median","conditional model uncertainty only; HIV imputation held fixed",TRUE,FALSE,FALSE
"TGO","48-59",1277.46542395554,226264.636685562,564.589077050877,"IHME 2-4 rate shared; deaths and person-time divided equally","Togo",20.9673047922131,8690035,8690035,1,20.9024252758318,"estimated",FALSE,2024,2020,-0.641634140164818,0.110901216009357,0.526431457975526,0.423586926156303,0.654246065762608,0,1,0.473568542024474,0.345753934237392,0.576413073843697,297.21745098895,267.371626061927,195.208894617799,325.436525361472,672.497985646236,604.9674383093,441.688696184864,736.347771751252,"age_band_separate_v1","posterior_median","conditional model uncertainty only; HIV imputation held fixed",TRUE,FALSE,FALSE
"TZA","<1",42012.4212402503,156637.408980584,26821.4480267979,"0-27 days mapped to model <1 completed month","Tanzania",8.82121978993696,56146192,57136840,0.982661834291151,8.79149395204094,"estimated",FALSE,2024,2020,-0.0117389140904553,0.0151823354349385,0.988329718143085,0.959353417627038,1.01818121853456,0,1,0.0116702818569154,-0.0181812185345569,0.0406465823729621,26508.4341685146,313.01385828334,-487.646607988473,1090.20019658336,41522.1244428851,490.296797365182,-763.837011734851,1707.66134062942,"age_band_separate_v1","posterior_median","conditional model uncertainty only; HIV imputation held fixed",TRUE,FALSE,FALSE
"TZA","1-5",14120.1741105649,849015.161572165,1663.123905163,"direct age match","Tanzania",8.82121978993696,56146192,57136840,0.982661834291151,8.79149395204094,"estimated",FALSE,2024,2020,-0.0372251461121684,0.0206159410127536,0.963459191836701,0.925305201794529,1.00318642166323,0,1,0.0365408081632993,-0.0031864216632318,0.0746947982054708,1602.35201359264,60.7718915703584,-5.29941404005005,124.226704486845,13604.2115371584,515.962573406539,-44.9928286745089,1054.70355581476,"age_band_separate_v1","posterior_median","conditional model uncertainty only; HIV imputation held fixed",TRUE,FALSE,FALSE
"TZA","6-11",10986.6468135169,1004760.59483424,1093.45916529792,"direct age match","Tanzania",8.82121978993696,56146192,57136840,0.982661834291151,8.79149395204094,"estimated",FALSE,2024,2020,-0.121297661225439,0.0305964100711063,0.88577026088707,0.834213826310774,0.940513007967889,0,1,0.11422973911293,0.0594869920321114,0.165786173689226,968.553610115298,124.905555182624,65.0465966535167,181.280411100158,9731.64501428295,1255.00179923394,653.562571455301,1821.4341368879,"age_band_separate_v1","posterior_median","conditional model uncertainty only; HIV imputation held fixed",TRUE,FALSE,FALSE
"TZA","12-23",9971.56922708526,1979984.24290051,503.618615291491,"direct age match","Tanzania",8.82121978993696,56146192,57136840,0.982661834291151,8.79149395204094,"estimated",FALSE,2024,2020,-0.301192057509561,0.046659516165871,0.739935648901205,0.675269756469015,0.810794144517518,0,1,0.260064351098795,0.189205855482482,0.324730243530985,372.645366904436,130.973248387055,95.2875909431296,163.540195590343,7378.31954660662,2593.24968047864,1886.67928611346,3238.07010349747,"age_band_separate_v1","posterior_median","conditional model uncertainty only; HIV imputation held fixed",TRUE,FALSE,FALSE
"TZA","24-35",4131.21665433247,1962971.98392679,210.457239744617,"IHME 2-4 rate shared; deaths and person-time divided equally","Tanzania",8.82121978993696,56146192,57136840,0.982661834291151,8.79149395204094,"estimated",FALSE,2024,2020,-0.383631531698841,0.0514395158069741,0.681382448763294,0.616035227204963,0.753661513139719,0,1,0.318617551236706,0.246338486860281,0.383964772795037,143.401869377151,67.0553703674662,51.8437179874803,80.8081662416125,2814.93852030076,1316.27813403171,1017.67765952025,1586.24166404784,"age_band_separate_v1","posterior_median","conditional model uncertainty only; HIV imputation held fixed",TRUE,FALSE,FALSE
"TZA","36-47",4131.21665433247,1962971.98392679,210.457239744617,"IHME 2-4 rate shared; deaths and person-time divided equally","Tanzania",8.82121978993696,56146192,57136840,0.982661834291151,8.79149395204094,"estimated",FALSE,2024,2020,-0.345881185845373,0.0549112889521577,0.707596554598651,0.635396964453929,0.788000119752201,0,1,0.292403445401349,0.211999880247799,0.364603035546071,148.918817733633,61.5384220109837,44.6169096231411,76.7333484635344,2923.23467090622,1207.98198342625,875.817435996196,1506.2541326681,"age_band_separate_v1","posterior_median","conditional model uncertainty only; HIV imputation held fixed",TRUE,FALSE,FALSE
"TZA","48-59",4131.21665433247,1962971.98392679,210.457239744617,"IHME 2-4 rate shared; deaths and person-time divided equally","Tanzania",8.82121978993696,56146192,57136840,0.982661834291151,8.79149395204094,"estimated",FALSE,2024,2020,-0.340498103075474,0.0640428673617601,0.711415876058635,0.627494849127777,0.806560483184485,0,1,0.288584123941365,0.193439516815515,0.372505150872223,149.722621585799,60.734618158818,40.7107467665256,78.39640584322,2939.01311532996,1192.20353900251,799.14055347428,1538.89948310795,"age_band_separate_v1","posterior_median","conditional model uncertainty only; HIV imputation held fixed",TRUE,FALSE,FALSE
"UGA","<1",32381.6513747244,123398.634192965,26241.4990137472,"0-27 days mapped to model <1 completed month","Uganda",21.8964090477387,41922696,43130096,0.972005626882908,21.8888318498397,"estimated",FALSE,2024,2020,-0.028975993962616,0.0307661473394312,0.971439784606477,0.914592622013046,1.03182032350007,0,1,0.0285602153935227,-0.0318203235000707,0.0854073779869541,25492.0361496657,749.462864081535,-835.012987744223,2241.21762521139,31456.8244366643,924.82693806009,-1030.39462221024,2765.63193880286,"age_band_separate_v1","posterior_median","conditional model uncertainty only; HIV imputation held fixed",TRUE,FALSE,FALSE
"UGA","1-5",15402.6450399722,666874.601395163,2309.67636310461,"direct age match","Uganda",21.8964090477387,41922696,43130096,0.972005626882908,21.8888318498397,"estimated",FALSE,2024,2020,-0.089255859389291,0.0425101945692623,0.914611531686886,0.841495755173722,0.994080182522058,0,1,0.0853884683131143,0.00591981747794201,0.158504244826278,2112.4566361601,197.219726944507,13.6728625026962,366.093507726999,14087.4367720384,1315.20826793381,91.180847314164,2441.384620388,"age_band_separate_v1","posterior_median","conditional model uncertainty only; HIV imputation held fixed",TRUE,FALSE,FALSE
"UGA","6-11",13759.6104335713,790222.306521599,1741.23285561735,"direct age match","Uganda",21.8964090477387,41922696,43130096,0.972005626882908,21.8888318498397,"estimated",FALSE,2024,2020,-0.279347515357065,0.059201533003247,0.756277039657654,0.673423828264528,0.849323912679662,0,1,0.243722960342346,0.150676087320338,0.326576171735472,1316.85442940094,424.378426216417,262.362153798042,568.645160087539,10406.0774455439,3353.53298802744,2073.24426318264,4493.56089996719,"age_band_separate_v1","posterior_median","conditional model uncertainty only; HIV imputation held fixed",TRUE,FALSE,FALSE
"UGA","12-23",13947.6470606145,1545563.29829532,902.431306178021,"direct age match","Uganda",21.8964090477387,41922696,43130096,0.972005626882908,21.8888318498397,"estimated",FALSE,2024,2020,-0.599307653705725,0.0826478744982238,0.549191735361508,0.467061419298305,0.645764239406701,0,1,0.450808264638492,0.354235760593299,0.532938580701695,495.60781508446,406.823491093562,319.673440127176,480.940459495291,7659.93249342872,6287.7145671858,4940.75536500368,7433.23922861206,"age_band_separate_v1","posterior_median","conditional model uncertainty only; HIV imputation held fixed",TRUE,FALSE,FALSE
"UGA","24-35",5977.14959224439,1496415.70281466,399.431092643692,"IHME 2-4 rate shared; deaths and person-time divided equally","Uganda",21.8964090477387,41922696,43130096,0.972005626882908,21.8888318498397,"estimated",FALSE,2024,2020,-0.77573623546113,0.0905855460536757,0.460364719368231,0.385474343027226,0.549804879812769,0,1,0.539635280631769,0.450195120187231,0.614525656972774,183.883982871859,215.547109771833,179.821928759244,245.460654622218,2751.66879465552,3225.48079758886,2690.88357905752,3673.11177999853,"age_band_separate_v1","posterior_median","conditional model uncertainty only; HIV imputation held fixed",TRUE,FALSE,FALSE
"UGA","36-47",5977.14959224439,1496415.70281466,399.431092643692,"IHME 2-4 rate shared; deaths and person-time divided equally","Uganda",21.8964090477387,41922696,43130096,0.972005626882908,21.8888318498397,"estimated",FALSE,2024,2020,-0.707084717412266,0.0965319038567379,0.493079570471568,0.408083376074868,0.595778894879123,0,1,0.506920429528432,0.404221105120877,0.591916623925132,196.951311593741,202.479781049951,161.458477688072,236.429903848381,2947.21035358817,3029.93923865621,2416.09001364982,3537.97420733678,"age_band_separate_v1","posterior_median","conditional model uncertainty only; HIV imputation held fixed",TRUE,FALSE,FALSE
"UGA","48-59",5977.14959224439,1496415.70281466,399.431092643692,"IHME 2-4 rate shared; deaths and person-time divided equally","Uganda",21.8964090477387,41922696,43130096,0.972005626882908,21.8888318498397,"estimated",FALSE,2024,2020,-0.651689121873932,0.111682957760291,0.521164722134097,0.418707079936048,0.648693754207824,0,1,0.478835277865903,0.351306245792176,0.581292920063952,208.169394409369,191.261698234324,140.322637609322,232.186466207187,3115.07950639598,2862.07008584841,2099.80998378961,3474.4747401348,"age_band_separate_v1","posterior_median","conditional model uncertainty only; HIV imputation held fixed",TRUE,FALSE,FALSE
"ZMB","<1",11726.4328914842,50379.2602022434,23276.3102205341,"0-27 days mapped to model <1 completed month","Zambia",14.2728881701827,18732428,18732522,0.999994981989078,14.224126117973,"estimated",FALSE,2024,2020,-0.018965095538537,0.0230598593125965,0.981213610377747,0.937853440223928,1.02657846940419,0,1,0.0187863896222534,-0.0265784694041877,0.0621465597760715,22839.0323877627,437.277832771393,-618.648699038847,1446.54260448681,11506.1355543056,220.297337178631,-311.670637826575,728.757462650717,"age_band_separate_v1","posterior_median","conditional model uncertainty only; HIV imputation held fixed",TRUE,FALSE,FALSE
"ZMB","1-5",5736.98336389339,272762.739288706,2103.28704677697,"direct age match","Zambia",14.2728881701827,18732428,18732522,0.999994981989078,14.224126117973,"estimated",FALSE,2024,2020,-0.059588742559838,0.0314705483258438,0.942151920908066,0.885794865599919,1.00209458932637,0,1,0.0578480790919345,-0.00209458932636997,0.114205134400081,1981.61593134198,121.671115434996,-4.40552259847125,240.206179859114,5405.10989650977,331.873467383617,-12.0166241195732,655.192956124473,"age_band_separate_v1","posterior_median","conditional model uncertainty only; HIV imputation held fixed",TRUE,FALSE,FALSE
"ZMB","6-11",5023.15884841313,323699.445269421,1551.79717538047,"direct age match","Zambia",14.2728881701827,18732428,18732522,0.999994981989078,14.224126117973,"estimated",FALSE,2024,2020,-0.19180614770541,0.0458916438599688,0.825466871629867,0.754460679436189,0.903155823399052,0,1,0.174533128370133,0.0968441766009482,0.245539320563811,1280.95715976538,270.84001561509,150.282519701399,381.027224095763,4146.45122029947,876.707628113659,486.463682610337,1233.38301072346,"age_band_separate_v1","posterior_median","conditional model uncertainty only; HIV imputation held fixed",TRUE,FALSE,FALSE
"ZMB","12-23",5276.15118278898,645263.59634041,817.673771263788,"direct age match","Zambia",14.2728881701827,18732428,18732522,0.999994981989078,14.224126117973,"estimated",FALSE,2024,2020,-0.456792386837137,0.0683547128882125,0.633311810282825,0.553903296640637,0.724104462775792,0,1,0.366688189717175,0.275895537224208,0.446096703359363,517.842456299854,299.831314963934,225.592544396967,364.761573784194,3341.44885689795,1934.70232589102,1455.66656505171,2353.67364906777,"age_band_separate_v1","posterior_median","conditional model uncertainty only; HIV imputation held fixed",TRUE,FALSE,FALSE
"ZMB","24-35",2340.47961608497,646917.117600749,361.789718096379,"IHME 2-4 rate shared; deaths and person-time divided equally","Zambia",14.2728881701827,18732428,18732522,0.999994981989078,14.224126117973,"estimated",FALSE,2024,2020,-0.584398543751209,0.07526075119444,0.557441037400621,0.480990910789837,0.646042374622032,0,1,0.442558962599379,0.353957625377968,0.519009089210163,201.676435776523,160.113282319855,128.058229503559,187.772152074803,1304.67938520541,1035.80023087956,828.430607154974,1214.73019385921,"age_band_separate_v1","posterior_median","conditional model uncertainty only; HIV imputation held fixed",TRUE,FALSE,FALSE
"ZMB","36-47",2340.47961608497,646917.117600749,361.789718096379,"IHME 2-4 rate shared; deaths and person-time divided equally","Zambia",14.2728881701827,18732428,18732522,0.999994981989078,14.224126117973,"estimated",FALSE,2024,2020,-0.528488579394889,0.0802857094760039,0.589495271998951,0.503664111540117,0.689953220304913,0,1,0.410504728001049,0.310046779695087,0.496335888459883,213.273328275648,148.51638982073,112.171737022575,179.569221167017,1379.70166789201,960.77794819296,725.658167909136,1161.66402967178,"age_band_separate_v1","posterior_median","conditional model uncertainty only; HIV imputation held fixed",TRUE,FALSE,FALSE
"ZMB","48-59",2340.47961608497,646917.117600749,361.789718096379,"IHME 2-4 rate shared; deaths and person-time divided equally","Zambia",14.2728881701827,18732428,18732522,0.999994981989078,14.224126117973,"estimated",FALSE,2024,2020,-0.511089886475937,0.0934362079186712,0.599841463322621,0.499463134286986,0.720393070921388,0,1,0.400158536677379,0.279606929078612,0.500536865713014,217.01647391801,144.773244178368,101.158912049145,181.089091543156,1403.91671778917,936.562898295794,654.414318024606,1171.49633130037,"age_band_separate_v1","posterior_median","conditional model uncertainty only; HIV imputation held fixed",TRUE,FALSE,FALSE
"ZWE","<1",10400.9006178896,35090.1457919579,29640.5169689357,"0-27 days mapped to model <1 completed month","Zimbabwe",3.38446214555114,14232977,14327908,0.993374399109765,3.37660316677918,"estimated",FALSE,2024,2020,-0.00450747888160676,0.00601872560351868,0.995502664555162,0.983828225945227,1.00731563600372,0,1,0.00449733544483799,-0.00731563600371943,0.0161717740547728,29507.213621368,133.303347567717,-216.839233106803,479.339743288287,10354.1242788825,46.7763390070721,-76.0892030313405,168.201014758656,"age_band_separate_v1","posterior_median","conditional model uncertainty only; HIV imputation held fixed",TRUE,FALSE,FALSE
"ZWE","1-5",4355.17870409773,190115.171320181,2290.81070903226,"direct age match","Zimbabwe",3.38446214555114,14232977,14327908,0.993374399109765,3.37660316677918,"estimated",FALSE,2024,2020,-0.0143623858390781,0.00815272320994136,0.985740261217939,0.970114251172868,1.00161796552442,0,1,0.0142597387820607,-0.00161796552441751,0.0298857488271325,2258.14434672231,32.6663623099472,-3.70645275018062,68.4625934606433,4293.07499342811,62.1037106696271,-7.04652899590745,130.157776847941,"age_band_separate_v1","posterior_median","conditional model uncertainty only; HIV imputation held fixed",TRUE,FALSE,FALSE
"ZWE","6-11",3145.58263472609,223800.267211793,1405.53122385206,"direct age match","Zimbabwe",3.38446214555114,14232977,14327908,0.993374399109765,3.37660316677918,"estimated",FALSE,2024,2020,-0.0470944189778253,0.0122012149490084,0.953997317886218,0.931454104351167,0.977086126179094,0,1,0.0460026821137816,0.0229138738209065,0.0685458956488334,1340.8730177602,64.6582060918606,32.2061651146903,96.3433966013402,3000.87739671816,144.705238007936,72.0774835853482,215.616779034717,"age_band_separate_v1","posterior_median","conditional model uncertainty only; HIV imputation held fixed",TRUE,FALSE,FALSE
"ZWE","12-23",2912.67191658923,441219.641899661,660.141036343893,"direct age match","Zimbabwe",3.38446214555114,14232977,14327908,0.993374399109765,3.37660316677918,"estimated",FALSE,2024,2020,-0.119369063630703,0.0188107947875997,0.887480203647443,0.855355981610796,0.920810900723309,0,1,0.112519796352557,0.0791890992766915,0.144644018389204,585.862101370512,74.278934973381,52.2759740636546,95.4854522003945,2584.9386656928,327.733250896433,230.651865563216,421.300570264852,"age_band_separate_v1","posterior_median","conditional model uncertainty only; HIV imputation held fixed",TRUE,FALSE,FALSE
"ZWE","24-35",1129.45670798353,434696.136224507,259.826718910655,"IHME 2-4 rate shared; deaths and person-time divided equally","Zimbabwe",3.38446214555114,14232977,14327908,0.993374399109765,3.37660316677918,"estimated",FALSE,2024,2020,-0.151720157679802,0.020748984604499,0.859228695652194,0.82498718985178,0.894891412271275,0,1,0.140771304347806,0.105108587728725,0.17501281014822,223.250572785191,36.5761461254638,27.3100194788874,45.4730042281454,970.461613996308,158.995093987221,118.715599476884,197.669392404955,"age_band_separate_v1","posterior_median","conditional model uncertainty only; HIV imputation held fixed",TRUE,FALSE,FALSE
"ZWE","36-47",1129.45670798353,434696.136224507,259.826718910655,"IHME 2-4 rate shared; deaths and person-time divided equally","Zimbabwe",3.38446214555114,14232977,14327908,0.993374399109765,3.37660316677918,"estimated",FALSE,2024,2020,-0.136591359828724,0.0221573434876472,0.872326621008336,0.83525437896636,0.911044291275087,0,1,0.127673378991664,0.0889557087249125,0.16474562103364,226.653763755014,33.1729551556407,23.113069926366,42.805314168069,985.255153650471,144.201554333059,100.471621932781,186.073046787358,"age_band_separate_v1","posterior_median","conditional model uncertainty only; HIV imputation held fixed",TRUE,FALSE,FALSE
"ZWE","48-59",1129.45670798353,434696.136224507,259.826718910655,"IHME 2-4 rate shared; deaths and person-time divided equally","Zimbabwe",3.38446214555114,14232977,14327908,0.993374399109765,3.37660316677918,"estimated",FALSE,2024,2020,-0.135609882447267,0.0258676898483406,0.873183210148769,0.830016563046187,0.918594823803873,0,1,0.126816789851231,0.0814051761961265,0.169983436953813,226.876328500828,32.9503904098275,21.1512398333833,44.1662386928654,986.222634001119,143.234073982411,91.9436223192962,191.988933113579,"age_band_separate_v1","posterior_median","conditional model uncertainty only; HIV imputation held fixed",TRUE,FALSE,FALSE
