"fit_id","age_band","pfpr_pct","log_hazard_ratio","standard_error","lower_95","upper_95","pfpr_min","pfpr_p025","pfpr_p975","pfpr_max","within_observed_support","within_central_support","reference_within_observed_support","series"
"map_full_age_1","<1",0,-0.0652003846347729,0.02683653151977,-0.117799986413522,-0.0126007828560236,0.0164865959077473,1.74418423246995,63.5411089133486,94.7588284788529,FALSE,FALSE,TRUE,"map_full"
"map_full_age_1","<1",0.0164865959077473,-0.0651491540432354,0.0268089132691499,-0.117694624050769,-0.0126036840357016,0.0164865959077473,1.74418423246995,63.5411089133486,94.7588284788529,TRUE,FALSE,TRUE,"map_full"
"map_full_age_1","<1",0.5,-0.0636466370243807,0.0259994492646703,-0.114605557583134,-0.012687716465627,0.0164865959077473,1.74418423246995,63.5411089133486,94.7588284788529,TRUE,FALSE,TRUE,"map_full"
"map_full_age_1","<1",1,-0.0620926118434777,0.0251638929458164,-0.111413842017278,-0.0127713816696776,0.0164865959077473,1.74418423246995,63.5411089133486,94.7588284788529,TRUE,FALSE,TRUE,"map_full"
"map_full_age_1","<1",1.5,-0.060538022060582,0.0243305633736447,-0.108225926272926,-0.0128501178482383,0.0164865959077473,1.74418423246995,63.5411089133486,94.7588284788529,TRUE,FALSE,TRUE,"map_full"
"map_full_age_1","<1",1.74418423246995,-0.0597785177105485,0.0239246109213054,-0.106670755116307,-0.0128862803047898,0.0164865959077473,1.74418423246995,63.5411089133486,94.7588284788529,TRUE,TRUE,TRUE,"map_full"
"map_full_age_1","<1",2,-0.0589825806424972,0.0235001570515776,-0.105042888463589,-0.0129222728214051,0.0164865959077473,1.74418423246995,63.5411089133486,94.7588284788529,TRUE,TRUE,TRUE,"map_full"
"map_full_age_1","<1",2.5,-0.0574260005560266,0.0226733653650533,-0.101865796671531,-0.0129862044405221,0.0164865959077473,1.74418423246995,63.5411089133486,94.7588284788529,TRUE,TRUE,TRUE,"map_full"
"map_full_age_1","<1",3,-0.0558679947679736,0.0218508737060945,-0.0986957072319189,-0.0130402823040283,0.0164865959077473,1.74418423246995,63.5411089133486,94.7588284788529,TRUE,TRUE,TRUE,"map_full"
"map_full_age_1","<1",3.5,-0.0543082762451417,0.0210333605200929,-0.0955336628645238,-0.0130828896257595,0.0164865959077473,1.74418423246995,63.5411089133486,94.7588284788529,TRUE,TRUE,TRUE,"map_full"
"map_full_age_1","<1",4,-0.0527465579543342,0.0202214962641692,-0.0923806906321058,-0.0131124252765625,0.0164865959077473,1.74418423246995,63.5411089133486,94.7588284788529,TRUE,TRUE,TRUE,"map_full"
"map_full_age_1","<1",4.5,-0.0511825528623544,0.0194159422652794,-0.089237799702302,-0.0131273060224069,0.0164865959077473,1.74418423246995,63.5411089133486,94.7588284788529,TRUE,TRUE,TRUE,"map_full"
"map_full_age_1","<1",5,-0.0496159739360059,0.0186173494649194,-0.086105978887248,-0.0131259689847639,0.0164865959077473,1.74418423246995,63.5411089133486,94.7588284788529,TRUE,TRUE,TRUE,"map_full"
"map_full_age_1","<1",5.5,-0.048046534142092,0.0178263570358283,-0.0829861939323154,-0.0131068743518686,0.0164865959077473,1.74418423246995,63.5411089133486,94.7588284788529,TRUE,TRUE,TRUE,"map_full"
"map_full_age_1","<1",6,-0.0464739464474161,0.0170435908544996,-0.0798793845222354,-0.0130685083725969,0.0164865959077473,1.74418423246995,63.5411089133486,94.7588284788529,TRUE,TRUE,TRUE,"map_full"
"map_full_age_1","<1",6.5,-0.0448979238187816,0.0162696618115933,-0.0767864609695045,-0.0130093866680587,0.0164865959077473,1.74418423246995,63.5411089133486,94.7588284788529,TRUE,TRUE,TRUE,"map_full"
"map_full_age_1","<1",7,-0.0433181792229919,0.015505163940495,-0.0737083005463621,-0.0129280578996217,0.0164865959077473,1.74418423246995,63.5411089133486,94.7588284788529,TRUE,TRUE,TRUE,"map_full"
"map_full_age_1","<1",7.5,-0.0417344256268504,0.0147506723423299,-0.070645743417817,-0.0128231078358838,0.0164865959077473,1.74418423246995,63.5411089133486,94.7588284788529,TRUE,TRUE,TRUE,"map_full"
"map_full_age_1","<1",8,-0.0401463759971604,0.0140067408837293,-0.0675995881292699,-0.0126931638650509,0.0164865959077473,1.74418423246995,63.5411089133486,94.7588284788529,TRUE,TRUE,TRUE,"map_full"
"map_full_age_1","<1",8.5,-0.0385537433007254,0.0132738996416259,-0.0645705865983121,-0.0125369000031387,0.0164865959077473,1.74418423246995,63.5411089133486,94.7588284788529,TRUE,TRUE,TRUE,"map_full"
"map_full_age_1","<1",9,-0.0369562405043488,0.0125526520673916,-0.0615594385564364,-0.0123530424522612,0.0164865959077473,1.74418423246995,63.5411089133486,94.7588284788529,TRUE,TRUE,TRUE,"map_full"
"map_full_age_1","<1",9.5,-0.035353580574834,0.0118434718408444,-0.058566785382889,-0.012140375766779,0.0164865959077473,1.74418423246995,63.5411089133486,94.7588284788529,TRUE,TRUE,TRUE,"map_full"
"map_full_age_1","<1",10,-0.0337454764789843,0.011146799383165,-0.0555932032699877,-0.011897749687981,0.0164865959077473,1.74418423246995,63.5411089133486,94.7588284788529,TRUE,TRUE,TRUE,"map_full"
"map_full_age_1","<1",10.5,-0.0321316411836032,0.0104630379967978,-0.0526391956573269,-0.0116240867098795,0.0164865959077473,1.74418423246995,63.5411089133486,94.7588284788529,TRUE,TRUE,TRUE,"map_full"
"map_full_age_1","<1",11,-0.030511787655494,0.00979254960018845,-0.0497051848718634,-0.0113183904391247,0.0164865959077473,1.74418423246995,63.5411089133486,94.7588284788529,TRUE,TRUE,TRUE,"map_full"
"map_full_age_1","<1",11.5,-0.0288856288614602,0.00913565002607149,-0.0467915029125603,-0.0109797548103601,0.0164865959077473,1.74418423246995,63.5411089133486,94.7588284788529,TRUE,TRUE,TRUE,"map_full"
"map_full_age_1","<1",12,-0.0272528777683051,0.00849260385435356,-0.0438983813228381,-0.0106073742137722,0.0164865959077473,1.74418423246995,63.5411089133486,94.7588284788529,TRUE,TRUE,TRUE,"map_full"
"map_full_age_1","<1",12.5,-0.0256132473428322,0.00786361875492583,-0.0410259401024868,-0.0102005545831776,0.0164865959077473,1.74418423246995,63.5411089133486,94.7588284788529,TRUE,TRUE,TRUE,"map_full"
"map_full_age_1","<1",13,-0.0239664505518448,0.00724883932255888,-0.0381741756240602,-0.00975872547962938,0.0164865959077473,1.74418423246995,63.5411089133486,94.7588284788529,TRUE,TRUE,TRUE,"map_full"
"map_full_age_1","<1",13.5,-0.0223122003621463,0.00664834039603672,-0.0353429475383783,-0.00928145318591434,0.0164865959077473,1.74418423246995,63.5411089133486,94.7588284788529,TRUE,TRUE,TRUE,"map_full"
"map_full_age_1","<1",14,-0.0206502097405402,0.00606211986759341,-0.0325319646810233,-0.00876845480005709,0.0164865959077473,1.74418423246995,63.5411089133486,94.7588284788529,TRUE,TRUE,TRUE,"map_full"
"map_full_age_1","<1",14.5,-0.0189801916538298,0.0054900910072685,-0.029740770028076,-0.0082196132795835,0.0164865959077473,1.74418423246995,63.5411089133486,94.7588284788529,TRUE,TRUE,TRUE,"map_full"
"map_full_age_1","<1",15,-0.0173018590688184,0.00493207435069775,-0.026968724796186,-0.00763499334145084,0.0164865959077473,1.74418423246995,63.5411089133486,94.7588284788529,TRUE,TRUE,TRUE,"map_full"
"map_full_age_1","<1",15.5,-0.0156149249523096,0.00438778922866606,-0.0242149918404951,-0.00701485806412416,0.0164865959077473,1.74418423246995,63.5411089133486,94.7588284788529,TRUE,TRUE,TRUE,"map_full"
"map_full_age_1","<1",16,-0.0139191022711067,0.00385684505275852,-0.0214785185745134,-0.00635968596770005,0.0164865959077473,1.74418423246995,63.5411089133486,94.7588284788529,TRUE,TRUE,TRUE,"map_full"
"map_full_age_1","<1",16.5,-0.0122141039920132,0.0033387325135017,-0.0187580197184765,-0.00567018826554983,0.0164865959077473,1.74418423246995,63.5411089133486,94.7588284788529,TRUE,TRUE,TRUE,"map_full"
"map_full_age_1","<1",17,-0.0104996430818323,0.00283281489472557,-0.0160519602754944,-0.00494732588817016,0.0164865959077473,1.74418423246995,63.5411089133486,94.7588284788529,TRUE,TRUE,TRUE,"map_full"
"map_full_age_1","<1",17.5,-0.00877543250736749,0.00233831975905409,-0.0133585392351135,-0.00419232577962147,0.0164865959077473,1.74418423246995,63.5411089133486,94.7588284788529,TRUE,TRUE,TRUE,"map_full"
"map_full_age_1","<1",18,-0.00704118523542217,0.00185433131281446,-0.0106756746085385,-0.00340669586230582,0.0164865959077473,1.74418423246995,63.5411089133486,94.7588284788529,TRUE,TRUE,TRUE,"map_full"
"map_full_age_1","<1",18.5,-0.00529661423279975,0.00137978381604515,-0.00800099051224825,-0.00259223795335125,0.0164865959077473,1.74418423246995,63.5411089133486,94.7588284788529,TRUE,TRUE,TRUE,"map_full"
"map_full_age_1","<1",19,-0.0035414324663036,0.000913456498234372,-0.00533180720284297,-0.00175105772976424,0.0164865959077473,1.74418423246995,63.5411089133486,94.7588284788529,TRUE,TRUE,TRUE,"map_full"
"map_full_age_1","<1",19.5,-0.00177551899030485,0.000453982669458359,-0.00266532502244323,-0.000885712958166466,0.0164865959077473,1.74418423246995,63.5411089133486,94.7588284788529,TRUE,TRUE,TRUE,"map_full"
"map_full_age_1","<1",20,0,0,0,0,0.0164865959077473,1.74418423246995,63.5411089133486,94.7588284788529,TRUE,TRUE,TRUE,"map_full"
"map_full_age_1","<1",20.5,0.00178343155446967,0.000449710069511584,0.000901999818226966,0.00266486329071238,0.0164865959077473,1.74418423246995,63.5411089133486,94.7588284788529,TRUE,TRUE,TRUE,"map_full"
"map_full_age_1","<1",21,0.0035730798785036,0.000896217569859303,0.00181649344157937,0.00532966631542783,0.0164865959077473,1.74418423246995,63.5411089133486,94.7588284788529,TRUE,TRUE,TRUE,"map_full"
"map_full_age_1","<1",21.5,0.00536724917750117,0.0013404445072172,0.00273997794335545,0.00799452041164689,0.0164865959077473,1.74418423246995,63.5411089133486,94.7588284788529,TRUE,TRUE,TRUE,"map_full"
"map_full_age_1","<1",22,0.0071642436568618,0.00178316696791641,0.00366923639974564,0.010659250913978,0.0164865959077473,1.74418423246995,63.5411089133486,94.7588284788529,TRUE,TRUE,TRUE,"map_full"
"map_full_age_1","<1",22.5,0.00896236752198488,0.00222501871752844,0.00460133083562913,0.0133234042083406,0.0164865959077473,1.74418423246995,63.5411089133486,94.7588284788529,TRUE,TRUE,TRUE,"map_full"
"map_full_age_1","<1",23,0.0107599249782698,0.00266649607274628,0.00553359267568714,0.0159862572808525,0.0164865959077473,1.74418423246995,63.5411089133486,94.7588284788529,TRUE,TRUE,TRUE,"map_full"
"map_full_age_1","<1",23.5,0.0125552202311161,0.00310796381686831,0.00646361115005418,0.018646829312178,0.0164865959077473,1.74418423246995,63.5411089133486,94.7588284788529,TRUE,TRUE,TRUE,"map_full"
"map_full_age_1","<1",24,0.014346557485923,0.00354966193372327,0.00738922009582537,0.0213038948760206,0.0164865959077473,1.74418423246995,63.5411089133486,94.7588284788529,TRUE,TRUE,TRUE,"map_full"
"map_full_age_1","<1",24.5,0.01613224094809,0.0039917129481448,0.00830848356972619,0.0239559983264538,0.0164865959077473,1.74418423246995,63.5411089133486,94.7588284788529,TRUE,TRUE,TRUE,"map_full"
"map_full_age_1","<1",25,0.0179105748230165,0.00443412968103563,0.00921968064818666,0.0266014689978463,0.0164865959077473,1.74418423246995,63.5411089133486,94.7588284788529,TRUE,TRUE,TRUE,"map_full"
"map_full_age_1","<1",25.5,0.0196798633161019,0.0048768232512175,0.0101212897437156,0.0292384368884882,0.0164865959077473,1.74418423246995,63.5411089133486,94.7588284788529,TRUE,TRUE,TRUE,"map_full"
"map_full_age_1","<1",26,0.0214384106327456,0.00531961118252187,0.0110119727150027,0.0318648485504885,0.0164865959077473,1.74418423246995,63.5411089133486,94.7588284788529,TRUE,TRUE,TRUE,"map_full"
"map_full_age_1","<1",26.5,0.023184520978347,0.00576222550121847,0.0118905589959588,0.0344784829607353,0.0164865959077473,1.74418423246995,63.5411089133486,94.7588284788529,TRUE,TRUE,TRUE,"map_full"
"map_full_age_1","<1",27,0.0249164985583056,0.00620432073461105,0.0127560299184679,0.0370769671981432,0.0164865959077473,1.74418423246995,63.5411089133486,94.7588284788529,TRUE,TRUE,TRUE,"map_full"
"map_full_age_1","<1",27.5,0.0266326475780207,0.00664548174556788,0.0136075033567076,0.0396577917993337,0.0164865959077473,1.74418423246995,63.5411089133486,94.7588284788529,TRUE,TRUE,TRUE,"map_full"
"map_full_age_1","<1",28,0.0283312722428917,0.00708523135936768,0.014444218778531,0.0422183257072523,0.0164865959077473,1.74418423246995,63.5411089133486,94.7588284788529,TRUE,TRUE,TRUE,"map_full"
"map_full_age_1","<1",28.5,0.030010676758318,0.00752303775829132,0.0152655227520671,0.044755830764569,0.0164865959077473,1.74418423246995,63.5411089133486,94.7588284788529,TRUE,TRUE,TRUE,"map_full"
"map_full_age_1","<1",29,0.0316691653296992,0.00795832163586028,0.016070854923413,0.0472674757359853,0.0164865959077473,1.74418423246995,63.5411089133486,94.7588284788529,TRUE,TRUE,TRUE,"map_full"
"map_full_age_1","<1",29.5,0.0333050421624344,0.00839046311665638,0.0168597344537879,0.049750349871081,0.0164865959077473,1.74418423246995,63.5411089133486,94.7588284788529,TRUE,TRUE,TRUE,"map_full"
"map_full_age_1","<1",30,0.0349166114619233,0.00881880845950375,0.0176317468812959,0.0522014760425506,0.0164865959077473,1.74418423246995,63.5411089133486,94.7588284788529,TRUE,TRUE,TRUE,"map_full"
"map_full_age_1","<1",30.5,0.0365021774335651,0.00924267657176139,0.0183865313529127,0.0546178235142174,0.0164865959077473,1.74418423246995,63.5411089133486,94.7588284788529,TRUE,TRUE,TRUE,"map_full"
"map_full_age_1","<1",31,0.0380600442827593,0.00966136537090085,0.0191237681557936,0.0569963204097249,0.0164865959077473,1.74418423246995,63.5411089133486,94.7588284788529,TRUE,TRUE,TRUE,"map_full"
"map_full_age_1","<1",31.5,0.0395885162149052,0.0100741580367675,0.0198431664628409,0.0593338659669696,0.0164865959077473,1.74418423246995,63.5411089133486,94.7588284788529,TRUE,TRUE,TRUE,"map_full"
"map_full_age_1","<1",32,0.0410858974354024,0.0104803292042745,0.0205444521950243,0.0616273426757804,0.0164865959077473,1.74418423246995,63.5411089133486,94.7588284788529,TRUE,TRUE,TRUE,"map_full"
"map_full_age_1","<1",32.5,0.0425504921496501,0.0108791511520573,0.0212273558916178,0.0638736284076824,0.0164865959077473,1.74418423246995,63.5411089133486,94.7588284788529,TRUE,TRUE,TRUE,"map_full"
"map_full_age_1","<1",33,0.0439806045630479,0.0112699000481019,0.0218916004687682,0.0660696086573275,0.0164865959077473,1.74418423246995,63.5411089133486,94.7588284788529,TRUE,TRUE,TRUE,"map_full"
"map_full_age_1","<1",33.5,0.0453745388809951,0.0116518623187873,0.0225368887361719,0.0682121890258182,0.0164865959077473,1.74418423246995,63.5411089133486,94.7588284788529,TRUE,TRUE,TRUE,"map_full"
"map_full_age_1","<1",34,0.046730599308891,0.0120243412133655,0.0231628905306947,0.0702983080870873,0.0164865959077473,1.74418423246995,63.5411089133486,94.7588284788529,TRUE,TRUE,TRUE,"map_full"
"map_full_age_1","<1",34.5,0.0480470900521352,0.0123866636417956,0.0237692293142159,0.0723249507900545,0.0164865959077473,1.74418423246995,63.5411089133486,94.7588284788529,TRUE,TRUE,TRUE,"map_full"
"map_full_age_1","<1",35,0.0493223153161271,0.0127381873701895,0.0243554680705558,0.0742891625616984,0.0164865959077473,1.74418423246995,63.5411089133486,94.7588284788529,TRUE,TRUE,TRUE,"map_full"
"map_full_age_1","<1",35.5,0.050554579306266,0.0130783086649672,0.0249210943229303,0.0761880642896017,0.0164865959077473,1.74418423246995,63.5411089133486,94.7588284788529,TRUE,TRUE,TRUE,"map_full"
"map_full_age_1","<1",36,0.0517421862279513,0.0134064704841818,0.0254655040789549,0.0780188683769477,0.0164865959077473,1.74418423246995,63.5411089133486,94.7588284788529,TRUE,TRUE,TRUE,"map_full"
"map_full_age_1","<1",36.5,0.0528834402865825,0.0137221713222649,0.0259879844949433,0.0797788960782217,0.0164865959077473,1.74418423246995,63.5411089133486,94.7588284788529,TRUE,TRUE,TRUE,"map_full"
"map_full_age_1","<1",37,0.0539766456875589,0.0140249748224785,0.026487695035501,0.0814655963396168,0.0164865959077473,1.74418423246995,63.5411089133486,94.7588284788529,TRUE,TRUE,TRUE,"map_full"
"map_full_age_1","<1",37.5,0.05502010663628,0.0143145202792945,0.0269636468888628,0.0830765663836972,0.0164865959077473,1.74418423246995,63.5411089133486,94.7588284788529,TRUE,TRUE,TRUE,"map_full"
"map_full_age_1","<1",38,0.0560121273381452,0.0145905341602081,0.0274146803841374,0.084609574292153,0.0164865959077473,1.74418423246995,63.5411089133486,94.7588284788529,TRUE,TRUE,TRUE,"map_full"
"map_full_age_1","<1",38.5,0.0569510442459501,0.0148528618768824,0.0278394349672606,0.0860626535246397,0.0164865959077473,1.74418423246995,63.5411089133486,94.7588284788529,TRUE,TRUE,TRUE,"map_full"
"map_full_age_1","<1",39,0.0578362313135486,0.015102062850166,0.0282361881272233,0.0874362744998739,0.0164865959077473,1.74418423246995,63.5411089133486,94.7588284788529,TRUE,TRUE,TRUE,"map_full"
"map_full_age_1","<1",39.5,0.0586682970559259,0.0153394680242844,0.0286029397283284,0.0887336543835234,0.0164865959077473,1.74418423246995,63.5411089133486,94.7588284788529,TRUE,TRUE,TRUE,"map_full"
"map_full_age_1","<1",40,0.0594479220214811,0.0155664521014493,0.0289376759026404,0.0899581681403217,0.0164865959077473,1.74418423246995,63.5411089133486,94.7588284788529,TRUE,TRUE,TRUE,"map_full"
"map_full_age_1","<1",40.5,0.060175786758613,0.0157843792328525,0.0292384034622221,0.0911131700550039,0.0164865959077473,1.74418423246995,63.5411089133486,94.7588284788529,TRUE,TRUE,TRUE,"map_full"
"map_full_age_1","<1",41,0.0608525718157207,0.0159945929392291,0.0295031696548316,0.0922019739766098,0.0164865959077473,1.74418423246995,63.5411089133486,94.7588284788529,TRUE,TRUE,TRUE,"map_full"
"map_full_age_1","<1",41.5,0.061478957741203,0.0161984066613742,0.0297300806849096,0.0932278347974966,0.0164865959077473,1.74418423246995,63.5411089133486,94.7588284788529,TRUE,TRUE,TRUE,"map_full"
"map_full_age_1","<1",42,0.0620556250834591,0.0163970948521111,0.0299173191733214,0.0941939309935968,0.0164865959077473,1.74418423246995,63.5411089133486,94.7588284788529,TRUE,TRUE,TRUE,"map_full"
"map_full_age_1","<1",42.5,0.0625832543908877,0.0165918845766938,0.030063160620568,0.0951033481612075,0.0164865959077473,1.74418423246995,63.5411089133486,94.7588284788529,TRUE,TRUE,TRUE,"map_full"
"map_full_age_1","<1",43,0.063062526211888,0.0167839476314952,0.0301659888541574,0.0959590635696186,0.0164865959077473,1.74418423246995,63.5411089133486,94.7588284788529,TRUE,TRUE,TRUE,"map_full"
"map_full_age_1","<1",43.5,0.0634941210948587,0.016974393223197,0.0302243103773926,0.0967639318123249,0.0164865959077473,1.74418423246995,63.5411089133486,94.7588284788529,TRUE,TRUE,TRUE,"map_full"
"map_full_age_1","<1",44,0.063878719588199,0.0171642612738547,0.0302367674914439,0.0975206716849541,0.0164865959077473,1.74418423246995,63.5411089133486,94.7588284788529,TRUE,TRUE,TRUE,"map_full"
"map_full_age_1","<1",44.5,0.0642170022403077,0.0173545164319868,0.0302021500336136,0.0982318544470019,0.0164865959077473,1.74418423246995,63.5411089133486,94.7588284788529,TRUE,TRUE,TRUE,"map_full"
"map_full_age_1","<1",45,0.0645096495995839,0.0175460428768398,0.0301194055609779,0.0988998936381898,0.0164865959077473,1.74418423246995,63.5411089133486,94.7588284788529,TRUE,TRUE,TRUE,"map_full"
"map_full_age_1","<1",45.5,0.0647573422144263,0.017739640002782,0.0299876478089737,0.099527036619879,0.0164865959077473,1.74418423246995,63.5411089133486,94.7588284788529,TRUE,TRUE,TRUE,"map_full"
"map_full_age_1","<1",46,0.0649607606332342,0.0179360190640669,0.0298061632676631,0.100115357998805,0.0164865959077473,1.74418423246995,63.5411089133486,94.7588284788529,TRUE,TRUE,TRUE,"map_full"
"map_full_age_1","<1",46.5,0.0651205854044063,0.0181358008478108,0.029574415742697,0.100666755066116,0.0164865959077473,1.74418423246995,63.5411089133486,94.7588284788529,TRUE,TRUE,TRUE,"map_full"
"map_full_age_1","<1",47,0.0652374970763416,0.0183395144260176,0.0292920488013472,0.101182945351336,0.0164865959077473,1.74418423246995,63.5411089133486,94.7588284788529,TRUE,TRUE,TRUE,"map_full"
"map_full_age_1","<1",47.5,0.0653121761974392,0.0185475970170769,0.0289588860439685,0.10166546635091,0.0164865959077473,1.74418423246995,63.5411089133486,94.7588284788529,TRUE,TRUE,TRUE,"map_full"
"map_full_age_1","<1",48,0.065345303316098,0.0187603949647413,0.028574929185205,0.102115677446991,0.0164865959077473,1.74418423246995,63.5411089133486,94.7588284788529,TRUE,TRUE,TRUE,"map_full"
"map_full_age_1","<1",48.5,0.0653375589807168,0.0189781658195584,0.0281403539743823,0.102534763987051,0.0164865959077473,1.74418423246995,63.5411089133486,94.7588284788529,TRUE,TRUE,TRUE,"map_full"
"map_full_age_1","<1",49,0.0652896237396947,0.0192010814854964,0.0276555040281217,0.102923743451268,0.0164865959077473,1.74418423246995,63.5411089133486,94.7588284788529,TRUE,TRUE,TRUE,"map_full"
"map_full_age_1","<1",49.5,0.0652021781414307,0.0194292323742838,0.0271208826878345,0.103283473595027,0.0164865959077473,1.74418423246995,63.5411089133486,94.7588284788529,TRUE,TRUE,TRUE,"map_full"
"map_full_age_1","<1",50,0.0650759027343236,0.0196626324928335,0.02653714304837,0.103614662420277,0.0164865959077473,1.74418423246995,63.5411089133486,94.7588284788529,TRUE,TRUE,TRUE,"map_full"
"map_full_age_1","<1",50.5,0.0649114780667726,0.0199012253757869,0.0259050763302302,0.103917879803315,0.0164865959077473,1.74418423246995,63.5411089133486,94.7588284788529,TRUE,TRUE,TRUE,"map_full"
"map_full_age_1","<1",51,0.0647095846871764,0.02014489076614,0.025225598785542,0.104193570588811,0.0164865959077473,1.74418423246995,63.5411089133486,94.7588284788529,TRUE,TRUE,TRUE,"map_full"
"map_full_age_1","<1",51.5,0.0644709031439341,0.0203934519422405,0.0244997373371428,0.104442068950725,0.0164865959077473,1.74418423246995,63.5411089133486,94.7588284788529,TRUE,TRUE,TRUE,"map_full"
"map_full_age_1","<1",52,0.0641961139854446,0.0206466835890105,0.0237286141509841,0.104663613819905,0.0164865959077473,1.74418423246995,63.5411089133486,94.7588284788529,TRUE,TRUE,TRUE,"map_full"
"map_full_age_1","<1",52.5,0.063885897760107,0.0209043201146533,0.0229134303353866,0.104858365184827,0.0164865959077473,1.74418423246995,63.5411089133486,94.7588284788529,TRUE,TRUE,TRUE,"map_full"
"map_full_age_1","<1",53,0.06354093501632,0.021166064320753,0.0220554489476441,0.105026421084996,0.0164865959077473,1.74418423246995,63.5411089133486,94.7588284788529,TRUE,TRUE,TRUE,"map_full"
"map_full_age_1","<1",53.5,0.0631619063024828,0.021431596342868,0.0211559774704615,0.105167835134504,0.0164865959077473,1.74418423246995,63.5411089133486,94.7588284788529,TRUE,TRUE,TRUE,"map_full"
"map_full_age_1","<1",54,0.0627494921669943,0.0217005827896684,0.0202163498992442,0.105282634434744,0.0164865959077473,1.74418423246995,63.5411089133486,94.7588284788529,TRUE,TRUE,TRUE,"map_full"
"map_full_age_1","<1",54.5,0.0623043731582533,0.0219726860206107,0.0192379085578564,0.10537083775865,0.0164865959077473,1.74418423246995,63.5411089133486,94.7588284788529,TRUE,TRUE,TRUE,"map_full"
"map_full_age_1","<1",55,0.061827229824659,0.022247573514335,0.0182219857365624,0.105432473912756,0.0164865959077473,1.74418423246995,63.5411089133486,94.7588284788529,TRUE,TRUE,TRUE,"map_full"
"map_full_age_1","<1",55.5,0.0613187427146102,0.0225249272917448,0.0171698852227903,0.10546760020643,0.0164865959077473,1.74418423246995,63.5411089133486,94.7588284788529,TRUE,TRUE,TRUE,"map_full"
"map_full_age_1","<1",56,0.0607795923765059,0.0228044533685146,0.0160828637742173,0.105476320978794,0.0164865959077473,1.74418423246995,63.5411089133486,94.7588284788529,TRUE,TRUE,TRUE,"map_full"
"map_full_age_1","<1",56.5,0.060210459358745,0.0230858912210715,0.014962112565445,0.105458806152045,0.0164865959077473,1.74418423246995,63.5411089133486,94.7588284788529,TRUE,TRUE,TRUE,"map_full"
"map_full_age_1","<1",57,0.0596120242097266,0.0233690232575298,0.0138087386249682,0.105415309794485,0.0164865959077473,1.74418423246995,63.5411089133486,94.7588284788529,TRUE,TRUE,TRUE,"map_full"
"map_full_age_1","<1",57.5,0.0589849674778496,0.0236536842902941,0.012623746268873,0.105346188686826,0.0164865959077473,1.74418423246995,63.5411089133486,94.7588284788529,TRUE,TRUE,TRUE,"map_full"
"map_full_age_1","<1",58,0.0583299346973687,0.0239398190036642,0.0114078894501869,0.105251979944551,0.0164865959077473,1.74418423246995,63.5411089133486,94.7588284788529,TRUE,TRUE,TRUE,"map_full"
"map_full_age_1","<1",58.5,0.0576473713562651,0.0242277167861625,0.0101610464553866,0.105133696257144,0.0164865959077473,1.74418423246995,63.5411089133486,94.7588284788529,TRUE,TRUE,TRUE,"map_full"
"map_full_age_1","<1",59,0.0569376520124725,0.0245178349668049,0.00888269547753479,0.10499260854741,0.0164865959077473,1.74418423246995,63.5411089133486,94.7588284788529,TRUE,TRUE,TRUE,"map_full"
"map_full_age_1","<1",59.5,0.0562011511403441,0.0248106938257555,0.00757219124186332,0.104830111038825,0.0164865959077473,1.74418423246995,63.5411089133486,94.7588284788529,TRUE,TRUE,TRUE,"map_full"
"map_full_age_1","<1",60,0.0554382432142334,0.0251068681264077,0.00622878168647438,0.104647704741992,0.0164865959077473,1.74418423246995,63.5411089133486,94.7588284788529,TRUE,TRUE,TRUE,"map_full"
"map_full_age_1","<1",60.5,0.0546493027084935,0.0254069791888406,0.00485162349836601,0.104446981918621,0.0164865959077473,1.74418423246995,63.5411089133486,94.7588284788529,TRUE,TRUE,TRUE,"map_full"
"map_full_age_1","<1",61,0.0538347040974777,0.0257116873367181,0.00343979691751035,0.104229611277445,0.0164865959077473,1.74418423246995,63.5411089133486,94.7588284788529,TRUE,TRUE,TRUE,"map_full"
"map_full_age_1","<1",61.5,0.0529948218555393,0.026021684674452,0.00199231989361329,0.103997323817465,0.0164865959077473,1.74418423246995,63.5411089133486,94.7588284788529,TRUE,TRUE,TRUE,"map_full"
"map_full_age_1","<1",62,0.0521300304570314,0.0263376881619609,0.000508161659588134,0.103751899254475,0.0164865959077473,1.74418423246995,63.5411089133486,94.7588284788529,TRUE,TRUE,TRUE,"map_full"
"map_full_age_1","<1",62.5,0.0512407043763075,0.0266604329645462,-0.00101374423420312,0.103495152986818,0.0164865959077473,1.74418423246995,63.5411089133486,94.7588284788529,TRUE,TRUE,TRUE,"map_full"
"map_full_age_1","<1",63,0.0503272180877206,0.0269906660650212,-0.00257448739972103,0.103228923575162,0.0164865959077473,1.74418423246995,63.5411089133486,94.7588284788529,TRUE,TRUE,TRUE,"map_full"
"map_full_age_1","<1",63.5,0.0493899460656241,0.0273291401340149,-0.00417516859704514,0.102955060728293,0.0164865959077473,1.74418423246995,63.5411089133486,94.7588284788529,TRUE,TRUE,TRUE,"map_full"
"map_full_age_1","<1",63.5411089133486,0.0493118389614195,0.0273573586290064,-0.00430858395143309,0.102932261874272,0.0164865959077473,1.74418423246995,63.5411089133486,94.7588284788529,TRUE,TRUE,TRUE,"map_full"
"map_full_age_1","<1",64,0.0484292627843713,0.0276766076621581,-0.00581688823345863,0.102675413802201,0.0164865959077473,1.74418423246995,63.5411089133486,94.7588284788529,TRUE,FALSE,TRUE,"map_full"
"map_full_age_1","<1",64.5,0.0474455427183153,0.0280338153644563,-0.00750073539601897,0.10239182083265,0.0164865959077473,1.74418423246995,63.5411089133486,94.7588284788529,TRUE,FALSE,TRUE,"map_full"
"map_full_age_1","<1",65,0.0464391603418095,0.0284014988724398,-0.00922777744817257,0.102106098131792,0.0164865959077473,1.74418423246995,63.5411089133486,94.7588284788529,TRUE,FALSE,TRUE,"map_full"
"map_full_age_1","<1",65.5,0.0454104901292071,0.0287803777335558,-0.0109990502285622,0.101820030486976,0.0164865959077473,1.74418423246995,63.5411089133486,94.7588284788529,TRUE,FALSE,TRUE,"map_full"
"map_full_age_1","<1",66,0.0443599065548613,0.0291711507396683,-0.0128155488948886,0.101535362004611,0.0164865959077473,1.74418423246995,63.5411089133486,94.7588284788529,TRUE,FALSE,TRUE,"map_full"
"map_full_age_1","<1",66.5,0.0432877840931255,0.0295744916074624,-0.0146782194575008,0.101253787643752,0.0164865959077473,1.74418423246995,63.5411089133486,94.7588284788529,TRUE,FALSE,TRUE,"map_full"
"map_full_age_1","<1",67,0.0421944972183528,0.0299910450330293,-0.0165879510463846,0.10097694548309,0.0164865959077473,1.74418423246995,63.5411089133486,94.7588284788529,TRUE,FALSE,TRUE,"map_full"
"map_full_age_1","<1",67.5,0.0410804204048966,0.0304214231410528,-0.0185455689515669,0.10070640976136,0.0164865959077473,1.74418423246995,63.5411089133486,94.7588284788529,TRUE,FALSE,TRUE,"map_full"
"map_full_age_1","<1",68,0.03994592812711,0.0308662023459387,-0.0205518284709299,0.10044368472515,0.0164865959077473,1.74418423246995,63.5411089133486,94.7588284788529,TRUE,FALSE,TRUE,"map_full"
"map_full_age_1","<1",68.5,0.0387913948593464,0.0313259206381324,-0.0226074095913932,0.100190199310086,0.0164865959077473,1.74418423246995,63.5411089133486,94.7588284788529,TRUE,FALSE,TRUE,"map_full"
"map_full_age_1","<1",69,0.037617195075959,0.0318010753039525,-0.024712912519788,0.0999473026717059,0.0164865959077473,1.74418423246995,63.5411089133486,94.7588284788529,TRUE,FALSE,TRUE,"map_full"
"map_full_age_1","<1",69.5,0.036423703251301,0.0322921210817875,-0.0268688540690026,0.0997162605716046,0.0164865959077473,1.74418423246995,63.5411089133486,94.7588284788529,TRUE,FALSE,TRUE,"map_full"
"map_full_age_1","<1",70,0.0352112938597258,0.0327994687517033,-0.0290756648936127,0.0994982526130642,0.0164865959077473,1.74418423246995,63.5411089133486,94.7588284788529,TRUE,FALSE,TRUE,"map_full"
"map_full_age_1","<1",70.5,0.0339803413755865,0.0333234841496476,-0.0313336875577228,0.0992943703088958,0.0164865959077473,1.74418423246995,63.5411089133486,94.7588284788529,TRUE,FALSE,TRUE,"map_full"
"map_full_age_1","<1",71,0.0327312202732365,0.0338644875917586,-0.0336431754066104,0.0991056159530833,0.0164865959077473,1.74418423246995,63.5411089133486,94.7588284788529,TRUE,FALSE,TRUE,"map_full"
"map_full_age_1","<1",71.5,0.0314643050270289,0.0344227536889982,-0.0360042922034075,0.0989329022574653,0.0164865959077473,1.74418423246995,63.5411089133486,94.7588284788529,TRUE,FALSE,TRUE,"map_full"
"map_full_age_1","<1",72,0.0301799701113171,0.0349985115276274,-0.0384171124828326,0.0987770527054667,0.0164865959077473,1.74418423246995,63.5411089133486,94.7588284788529,TRUE,FALSE,TRUE,"map_full"
"map_full_age_1","<1",72.5,0.0288785900004542,0.0355919451870595,-0.0408816225661824,0.0986388025670909,0.0164865959077473,1.74418423246995,63.5411089133486,94.7588284788529,TRUE,FALSE,TRUE,"map_full"
"map_full_age_1","<1",73,0.0275605391687937,0.0362031945634663,-0.0433977221756002,0.0985188005131876,0.0164865959077473,1.74418423246995,63.5411089133486,94.7588284788529,TRUE,FALSE,TRUE,"map_full"
"map_full_age_1","<1",73.5,0.0262261920906886,0.0368323564652318,-0.0459652265811657,0.098417610762543,0.0164865959077473,1.74418423246995,63.5411089133486,94.7588284788529,TRUE,FALSE,TRUE,"map_full"
"map_full_age_1","<1",74,0.0248759232404923,0.0374794859449531,-0.0485838692116157,0.0983357156926004,0.0164865959077473,1.74418423246995,63.5411089133486,94.7588284788529,TRUE,FALSE,TRUE,"map_full"
"map_full_age_1","<1",74.5,0.0235101070925581,0.038144597832155,-0.0512533046584657,0.0982735188435819,0.0164865959077473,1.74418423246995,63.5411089133486,94.7588284788529,TRUE,FALSE,TRUE,"map_full"
"map_full_age_1","<1",75,0.0221291181212391,0.0388276684311565,-0.0539731120038276,0.0982313482463057,0.0164865959077473,1.74418423246995,63.5411089133486,94.7588284788529,TRUE,FALSE,TRUE,"map_full"
"map_full_age_1","<1",75.5,0.0207333308008886,0.0395286373495119,-0.0567427984041546,0.0982094600059319,0.0164865959077473,1.74418423246995,63.5411089133486,94.7588284788529,TRUE,FALSE,TRUE,"map_full"
"map_full_age_1","<1",76,0.01932311960586,0.040247409424052,-0.059561802865282,0.098208042077002,0.0164865959077473,1.74418423246995,63.5411089133486,94.7588284788529,TRUE,FALSE,TRUE,"map_full"
"map_full_age_1","<1",76.5,0.0178988590105064,0.0409838567136509,-0.0624295001482493,0.0982272181692621,0.0164865959077473,1.74418423246995,63.5411089133486,94.7588284788529,TRUE,FALSE,TRUE,"map_full"
"map_full_age_1","<1",77,0.0164609234891811,0.0417378205303268,-0.0653452047502594,0.0982670517286217,0.0164865959077473,1.74418423246995,63.5411089133486,94.7588284788529,TRUE,FALSE,TRUE,"map_full"
"map_full_age_1","<1",77.5,0.0150096875162374,0.0425091134830412,-0.0683081749105233,0.0983275499429981,0.0164865959077473,1.74418423246995,63.5411089133486,94.7588284788529,TRUE,FALSE,TRUE,"map_full"
"map_full_age_1","<1",78,0.0135455255660285,0.0432975215114663,-0.0713176165964454,0.0984086677285024,0.0164865959077473,1.74418423246995,63.5411089133486,94.7588284788529,TRUE,FALSE,TRUE,"map_full"
"map_full_age_1","<1",78.5,0.0120688121129077,0.0441028058899687,-0.0743726874314309,0.0985103116572463,0.0164865959077473,1.74418423246995,63.5411089133486,94.7588284788529,TRUE,FALSE,TRUE,"map_full"
"map_full_age_1","<1",79,0.0105799216312282,0.0449247051850042,-0.07747250053138,0.0986323437938364,0.0164865959077473,1.74418423246995,63.5411089133486,94.7588284788529,TRUE,FALSE,TRUE,"map_full"
"map_full_age_1","<1",79.5,0.0090792285953433,0.0457629371519772,-0.080616128222532,0.0987745854132186,0.0164865959077473,1.74418423246995,63.5411089133486,94.7588284788529,TRUE,FALSE,TRUE,"map_full"
"map_full_age_1","<1",80,0.00756710747960628,0.0466172005603242,-0.0838026056186292,0.0989368205778418,0.0164865959077473,1.74418423246995,63.5411089133486,94.7588284788529,TRUE,FALSE,TRUE,"map_full"
"map_full_age_1","<1",80.5,0.00604393275837034,0.0474871769380982,-0.0870309340403021,0.0991187995570428,0.0164865959077473,1.74418423246995,63.5411089133486,94.7588284788529,TRUE,FALSE,TRUE,"map_full"
"map_full_age_1","<1",81,0.00451007890598876,0.0483725322296247,-0.0903000842640756,0.0993202420760532,0.0164865959077473,1.74418423246995,63.5411089133486,94.7588284788529,TRUE,FALSE,TRUE,"map_full"
"map_full_age_1","<1",81.5,0.00296592039681481,0.049272918361862,-0.0936089995924346,0.0995408403860642,0.0164865959077473,1.74418423246995,63.5411089133486,94.7588284788529,TRUE,FALSE,TRUE,"map_full"
"map_full_age_1","<1",82,0.00141183170520175,0.0501879747169097,-0.0969565987399413,0.0997802621503448,0.0164865959077473,1.74418423246995,63.5411089133486,94.7588284788529,TRUE,FALSE,TRUE,"map_full"
"map_full_age_1","<1",82.5,-0.000151812694497205,0.051117329509684,-0.100341778533478,0.100038153144483,0.0164865959077473,1.74418423246995,63.5411089133486,94.7588284788529,TRUE,FALSE,TRUE,"map_full"
"map_full_age_1","<1",83,-0.00172463832792874,0.0520606010711114,-0.103763416427307,0.10031413977145,0.0164865959077473,1.74418423246995,63.5411089133486,94.7588284788529,TRUE,FALSE,TRUE,"map_full"
"map_full_age_1","<1",83.5,-0.00330627072073963,0.0530173990383102,-0.107220372835828,0.100607831394348,0.0164865959077473,1.74418423246995,63.5411089133486,94.7588284788529,TRUE,FALSE,TRUE,"map_full"
"map_full_age_1","<1",84,-0.00489633539857664,0.0539873254541341,-0.110711493288679,0.100918822491526,0.0164865959077473,1.74418423246995,63.5411089133486,94.7588284788529,TRUE,FALSE,TRUE,"map_full"
"map_full_age_1","<1",84.5,-0.00649445788708648,0.0549699757791718,-0.114235610414263,0.10124669464009,0.0164865959077473,1.74418423246995,63.5411089133486,94.7588284788529,TRUE,FALSE,TRUE,"map_full"
"map_full_age_1","<1",85,-0.00810026371191589,0.0559649398198504,-0.117791545758823,0.101591018334991,0.0164865959077473,1.74418423246995,63.5411089133486,94.7588284788529,TRUE,FALSE,TRUE,"map_full"
"map_full_age_1","<1",85.5,-0.00971337839871163,0.0569718025766924,-0.121378111449029,0.101951354651605,0.0164865959077473,1.74418423246995,63.5411089133486,94.7588284788529,TRUE,FALSE,TRUE,"map_full"
"map_full_age_1","<1",86,-0.0113334274731204,0.0579901450170506,-0.12499411170654,0.102327256760299,0.0164865959077473,1.74418423246995,63.5411089133486,94.7588284788529,TRUE,FALSE,TRUE,"map_full"
"map_full_age_1","<1",86.5,-0.0129600364607891,0.0590195447768118,-0.12863834422334,0.102718271301762,0.0164865959077473,1.74418423246995,63.5411089133486,94.7588284788529,TRUE,FALSE,TRUE,"map_full"
"map_full_age_1","<1",87,-0.0145928308873642,0.0600595767956313,-0.132309601406802,0.103123939632073,0.0164865959077473,1.74418423246995,63.5411089133486,94.7588284788529,TRUE,FALSE,TRUE,"map_full"
"map_full_age_1","<1",87.5,-0.0162314362784927,0.0611098138902579,-0.136006671503398,0.103543798946413,0.0164865959077473,1.74418423246995,63.5411089133486,94.7588284788529,TRUE,FALSE,TRUE,"map_full"
"map_full_age_1","<1",88,-0.0178754781598212,0.0621698272704425,-0.139728339609888,0.103977383290246,0.0164865959077473,1.74418423246995,63.5411089133486,94.7588284788529,TRUE,FALSE,TRUE,"map_full"
"map_full_age_1","<1",88.5,-0.0195245820569965,0.0632391870018092,-0.143473388580543,0.10442422446655,0.0164865959077473,1.74418423246995,63.5411089133486,94.7588284788529,TRUE,FALSE,TRUE,"map_full"
"map_full_age_1","<1",89,-0.0211783734956653,0.0643174624199166,-0.147240599838702,0.104883852847371,0.0164865959077473,1.74418423246995,63.5411089133486,94.7588284788529,TRUE,FALSE,TRUE,"map_full"
"map_full_age_1","<1",89.5,-0.0228364780014744,0.0654042224995543,-0.151028754100601,0.105355798097652,0.0164865959077473,1.74418423246995,63.5411089133486,94.7588284788529,TRUE,FALSE,TRUE,"map_full"
"map_full_age_1","<1",90,-0.0244985211000706,0.0664990361831227,-0.154836632018991,0.10583958981885,0.0164865959077473,1.74418423246995,63.5411089133486,94.7588284788529,TRUE,FALSE,TRUE,"map_full"
"map_full_age_1","<1",90.5,-0.0261641283171004,0.0676014726717277,-0.158663014753687,0.106334758119486,0.0164865959077473,1.74418423246995,63.5411089133486,94.7588284788529,TRUE,FALSE,TRUE,"map_full"
"map_full_age_1","<1",91,-0.0278329251782108,0.0687111016824064,-0.162506684475727,0.106840834119306,0.0164865959077473,1.74418423246995,63.5411089133486,94.7588284788529,TRUE,FALSE,TRUE,"map_full"
"map_full_age_1","<1",91.5,-0.0295045372090484,0.0698274936746736,-0.166366424811409,0.107357350393312,0.0164865959077473,1.74418423246995,63.5411089133486,94.7588284788529,TRUE,FALSE,TRUE,"map_full"
"map_full_age_1","<1",92,-0.03117858993526,0.0709502200493604,-0.170241021232006,0.107883841361486,0.0164865959077473,1.74418423246995,63.5411089133486,94.7588284788529,TRUE,FALSE,TRUE,"map_full"
"map_full_age_1","<1",92.5,-0.0328547088824923,0.0720788533225006,-0.174129261394594,0.108419843629609,0.0164865959077473,1.74418423246995,63.5411089133486,94.7588284788529,TRUE,FALSE,TRUE,"map_full"
"map_full_age_1","<1",93,-0.0345325195763921,0.07321296727681,-0.17802993543894,0.108964896286155,0.0164865959077473,1.74418423246995,63.5411089133486,94.7588284788529,TRUE,FALSE,TRUE,"map_full"
"map_full_age_1","<1",93.5,-0.0362116475426062,0.0743521370931014,-0.181941836245085,0.109518541159873,0.0164865959077473,1.74418423246995,63.5411089133486,94.7588284788529,TRUE,FALSE,TRUE,"map_full"
"map_full_age_1","<1",94,-0.0378917183067811,0.0754959394637916,-0.185863759655813,0.11008032304225,0.0164865959077473,1.74418423246995,63.5411089133486,94.7588284788529,TRUE,FALSE,TRUE,"map_full"
"map_full_age_1","<1",94.5,-0.0395723573945638,0.0766439526904691,-0.189794504667883,0.110649789878756,0.0164865959077473,1.74418423246995,63.5411089133486,94.7588284788529,TRUE,FALSE,TRUE,"map_full"
"map_full_age_1","<1",94.7588284788529,-0.0404424517088428,0.0772397452763238,-0.191832352450438,0.110947449032752,0.0164865959077473,1.74418423246995,63.5411089133486,94.7588284788529,TRUE,FALSE,TRUE,"map_full"
"map_full_age_1","<1",95,-0.041253197335484,0.0777957616149614,-0.193732890100808,0.11122649542984,0.0164865959077473,1.74418423246995,63.5411089133486,94.7588284788529,FALSE,FALSE,TRUE,"map_full"
"map_full_age_1","<1",95.5,-0.0429340459339937,0.0789510751054074,-0.197678153140592,0.111810061272605,0.0164865959077473,1.74418423246995,63.5411089133486,94.7588284788529,FALSE,FALSE,TRUE,"map_full"
"map_full_age_1","<1",96,-0.0446148945325035,0.080109735844339,-0.201629976787408,0.112400187722401,0.0164865959077473,1.74418423246995,63.5411089133486,94.7588284788529,FALSE,FALSE,TRUE,"map_full"
"map_full_age_1","<1",96.5,-0.0462957431310133,0.0812716006702352,-0.205588080444674,0.112996594182648,0.0164865959077473,1.74418423246995,63.5411089133486,94.7588284788529,FALSE,FALSE,TRUE,"map_full"
"map_full_age_1","<1",97,-0.047976591729523,0.0824365341074994,-0.209552198580222,0.113599015121176,0.0164865959077473,1.74418423246995,63.5411089133486,94.7588284788529,FALSE,FALSE,TRUE,"map_full"
"map_full_age_1","<1",97.5,-0.0496574403280328,0.0836044078832806,-0.213522079779263,0.114207199123197,0.0164865959077473,1.74418423246995,63.5411089133486,94.7588284788529,FALSE,FALSE,TRUE,"map_full"
"map_full_age_1","<1",98,-0.0513382889265426,0.0847751004781081,-0.217497485863634,0.114820908010549,0.0164865959077473,1.74418423246995,63.5411089133486,94.7588284788529,FALSE,FALSE,TRUE,"map_full"
"map_full_age_1","<1",98.5,-0.0530191375250523,0.085948496707825,-0.221478191072389,0.115439916022285,0.0164865959077473,1.74418423246995,63.5411089133486,94.7588284788529,FALSE,FALSE,TRUE,"map_full"
"map_full_age_1","<1",99,-0.0546999861235621,0.0871244873344975,-0.225463981299177,0.116064009052053,0.0164865959077473,1.74418423246995,63.5411089133486,94.7588284788529,FALSE,FALSE,TRUE,"map_full"
"map_full_age_1","<1",99.5,-0.0563808347220719,0.0883029687041457,-0.229454653382197,0.116692983938054,0.0164865959077473,1.74418423246995,63.5411089133486,94.7588284788529,FALSE,FALSE,TRUE,"map_full"
"map_full_age_1","<1",100,-0.0580616833205816,0.0894838424093086,-0.233450014442826,0.117326647801663,0.0164865959077473,1.74418423246995,63.5411089133486,94.7588284788529,FALSE,FALSE,TRUE,"map_full"
"map_full_age_2","1-5",0,-0.149441061257853,0.0364641236397641,-0.22091074359179,-0.077971378923915,0.0164865959077473,1.71186420675262,63.5304360657503,94.7588284788529,FALSE,FALSE,TRUE,"map_full"
"map_full_age_2","1-5",0.0164865959077473,-0.149306361640347,0.0364269350998902,-0.220703154436131,-0.0779095688445618,0.0164865959077473,1.71186420675262,63.5304360657503,94.7588284788529,TRUE,FALSE,TRUE,"map_full"
"map_full_age_2","1-5",0.5,-0.145356133859783,0.0353369296692851,-0.214616516011582,-0.0760957517079841,0.0164865959077473,1.71186420675262,63.5304360657503,94.7588284788529,TRUE,FALSE,TRUE,"map_full"
"map_full_age_2","1-5",1,-0.141272475731031,0.0342116703618042,-0.208327349640167,-0.0742176018218947,0.0164865959077473,1.71186420675262,63.5304360657503,94.7588284788529,TRUE,FALSE,TRUE,"map_full"
"map_full_age_2","1-5",1.5,-0.137191399403866,0.0330892501353157,-0.202046329669085,-0.0723364691386478,0.0164865959077473,1.71186420675262,63.5304360657503,94.7588284788529,TRUE,FALSE,TRUE,"map_full"
"map_full_age_2","1-5",1.71186420675262,-0.135463230033553,0.0326147244200488,-0.199388089896849,-0.0715383701702579,0.0164865959077473,1.71186420675262,63.5304360657503,94.7588284788529,TRUE,TRUE,TRUE,"map_full"
"map_full_age_2","1-5",2,-0.133114217418402,0.0319705677878936,-0.195776530282673,-0.0704519045541303,0.0164865959077473,1.71186420675262,63.5304360657503,94.7588284788529,TRUE,TRUE,TRUE,"map_full"
"map_full_age_2","1-5",2.5,-0.129042242314749,0.0308565154753947,-0.189521012646523,-0.0685634719829755,0.0164865959077473,1.71186420675262,63.5304360657503,94.7588284788529,TRUE,TRUE,TRUE,"map_full"
"map_full_age_2","1-5",3,-0.124976786633021,0.0297479776120072,-0.183282822752555,-0.0666707505134867,0.0164865959077473,1.71186420675262,63.5304360657503,94.7588284788529,TRUE,TRUE,TRUE,"map_full"
"map_full_age_2","1-5",3.5,-0.120919162913329,0.0286458296776097,-0.177064989081444,-0.0647733367452139,0.0164865959077473,1.71186420675262,63.5304360657503,94.7588284788529,TRUE,TRUE,TRUE,"map_full"
"map_full_age_2","1-5",4,-0.116870683695786,0.0275509369195713,-0.170870520058145,-0.0628708473334261,0.0164865959077473,1.71186420675262,63.5304360657503,94.7588284788529,TRUE,TRUE,TRUE,"map_full"
"map_full_age_2","1-5",4.5,-0.112832661520504,0.0264641529353057,-0.164702401273703,-0.0609629217673044,0.0164865959077473,1.71186420675262,63.5304360657503,94.7588284788529,TRUE,TRUE,TRUE,"map_full"
"map_full_age_2","1-5",5,-0.108806408927595,0.0253863181204318,-0.158563592443641,-0.0590492254115482,0.0164865959077473,1.71186420675262,63.5304360657503,94.7588284788529,TRUE,TRUE,TRUE,"map_full"
"map_full_age_2","1-5",5.5,-0.104793238457171,0.024318257965787,-0.152457024070113,-0.0571294528442284,0.0164865959077473,1.71186420675262,63.5304360657503,94.7588284788529,TRUE,TRUE,TRUE,"map_full"
"map_full_age_2","1-5",6,-0.100794462649345,0.0232607811847932,-0.14638559377154,-0.0552033315271503,0.0164865959077473,1.71186420675262,63.5304360657503,94.7588284788529,TRUE,TRUE,TRUE,"map_full"
"map_full_age_2","1-5",6.5,-0.0968113940442289,0.0222146776507833,-0.140352162239764,-0.0532706258486936,0.0164865959077473,1.71186420675262,63.5304360657503,94.7588284788529,TRUE,TRUE,TRUE,"map_full"
"map_full_age_2","1-5",7,-0.0928453451819349,0.0211807161218757,-0.134359548780811,-0.0513311415830584,0.0164865959077473,1.71186420675262,63.5304360657503,94.7588284788529,TRUE,TRUE,TRUE,"map_full"
"map_full_age_2","1-5",7.5,-0.0888976286025753,0.0201596417288561,-0.128410526391133,-0.0493847308140174,0.0164865959077473,1.71186420675262,63.5304360657503,94.7588284788529,TRUE,TRUE,TRUE,"map_full"
"map_full_age_2","1-5",8,-0.0849695568462622,0.0191521731993178,-0.122507816316925,-0.0474312973755992,0.0164865959077473,1.71186420675262,63.5304360657503,94.7588284788529,TRUE,TRUE,TRUE,"map_full"
"map_full_age_2","1-5",8.5,-0.0810624424531079,0.018158999789087,-0.116654082039718,-0.0454708028664973,0.0164865959077473,1.71186420675262,63.5304360657503,94.7588284788529,TRUE,TRUE,TRUE,"map_full"
"map_full_age_2","1-5",9,-0.0771775979632246,0.0171807778897743,-0.110851922627182,-0.0435032732992669,0.0164865959077473,1.71186420675262,63.5304360657503,94.7588284788529,TRUE,TRUE,TRUE,"map_full"
"map_full_age_2","1-5",9.5,-0.0733163359167246,0.0162181272792746,-0.105103865384103,-0.0415288064493464,0.0164865959077473,1.71186420675262,63.5304360657503,94.7588284788529,TRUE,TRUE,TRUE,"map_full"
"map_full_age_2","1-5",10,-0.0694799688537201,0.0152716269803009,-0.0994123577351099,-0.0395475799723303,0.0164865959077473,1.71186420675262,63.5304360657503,94.7588284788529,TRUE,TRUE,TRUE,"map_full"
"map_full_age_2","1-5",10.5,-0.0656698093143232,0.01434181069079,-0.0937797582682717,-0.0375598603603748,0.0164865959077473,1.71186420675262,63.5304360657503,94.7588284788529,TRUE,TRUE,TRUE,"map_full"
"map_full_age_2","1-5",11,-0.0618871698386464,0.013429161749486,-0.088208326867639,-0.0355660128096538,0.0164865959077473,1.71186420675262,63.5304360657503,94.7588284788529,TRUE,TRUE,TRUE,"map_full"
"map_full_age_2","1-5",11.5,-0.0581333629668017,0.0125341076005102,-0.0827002138638016,-0.0335665120698017,0.0164865959077473,1.71186420675262,63.5304360657503,94.7588284788529,TRUE,TRUE,TRUE,"map_full"
"map_full_age_2","1-5",12,-0.0544097012389013,0.0116570137226398,-0.0772574481352754,-0.0315619543425272,0.0164865959077473,1.71186420675262,63.5304360657503,94.7588284788529,TRUE,TRUE,TRUE,"map_full"
"map_full_age_2","1-5",12.5,-0.0507174971950577,0.0107981769928181,-0.0718819241009811,-0.0295530702891343,0.0164865959077473,1.71186420675262,63.5304360657503,94.7588284788529,TRUE,TRUE,TRUE,"map_full"
"map_full_age_2","1-5",13,-0.0470580633753829,0.00995781845965671,-0.06657538755631,-0.0275407391944557,0.0164865959077473,1.71186420675262,63.5304360657503,94.7588284788529,TRUE,TRUE,TRUE,"map_full"
"map_full_age_2","1-5",13.5,-0.0434327123199892,0.00913607551203219,-0.0613394203235723,-0.0255260043164061,0.0164865959077473,1.71186420675262,63.5304360657503,94.7588284788529,TRUE,TRUE,TRUE,"map_full"
"map_full_age_2","1-5",14,-0.0398427565689888,0.00833299344102375,-0.0561754237133953,-0.0235100894245822,0.0164865959077473,1.71186420675262,63.5304360657503,94.7588284788529,TRUE,TRUE,TRUE,"map_full"
"map_full_age_2","1-5",14.5,-0.0362895086624939,0.00754851641119459,-0.0510846008284353,-0.0214944164965525,0.0164865959077473,1.71186420675262,63.5304360657503,94.7588284788529,TRUE,TRUE,TRUE,"map_full"
"map_full_age_2","1-5",15,-0.0327742811406169,0.00678247788033829,-0.04606793778608,-0.0194806244951538,0.0164865959077473,1.71186420675262,63.5304360657503,94.7588284788529,TRUE,TRUE,TRUE,"map_full"
"map_full_age_2","1-5",15.5,-0.0292983865434699,0.00603459053601622,-0.0411261839940617,-0.0174705890928781,0.0164865959077473,1.71186420675262,63.5304360657503,94.7588284788529,TRUE,TRUE,TRUE,"map_full"
"map_full_age_2","1-5",16,-0.0258631374111651,0.00530443585302175,-0.0362598316830877,-0.0154664431392424,0.0164865959077473,1.71186420675262,63.5304360657503,94.7588284788529,TRUE,TRUE,TRUE,"map_full"
"map_full_age_2","1-5",16.5,-0.0224698462838147,0.0045914534185416,-0.0314690949841563,-0.0134705975834732,0.0164865959077473,1.71186420675262,63.5304360657503,94.7588284788529,TRUE,TRUE,TRUE,"map_full"
"map_full_age_2","1-5",17,-0.0191198257015311,0.00389493022103404,-0.0267538889347578,-0.0114857624683044,0.0164865959077473,1.71186420675262,63.5304360657503,94.7588284788529,TRUE,TRUE,TRUE,"map_full"
"map_full_age_2","1-5",17.5,-0.0158143882044264,0.00321399015411779,-0.0221138089064973,-0.00951496750235554,0.0164865959077473,1.71186420675262,63.5304360657503,94.7588284788529,TRUE,TRUE,TRUE,"map_full"
"map_full_age_2","1-5",18,-0.0125548463326129,0.00254758404801558,-0.0175481110667234,-0.00756158159850234,0.0164865959077473,1.71186420675262,63.5304360657503,94.7588284788529,TRUE,TRUE,TRUE,"map_full"
"map_full_age_2","1-5",18.5,-0.00934251262620273,0.00189448061478483,-0.013055694631181,-0.00562933062122446,0.0164865959077473,1.71186420675262,63.5304360657503,94.7588284788529,TRUE,TRUE,TRUE,"map_full"
"map_full_age_2","1-5",19,-0.00617869962530821,0.00125325883889267,-0.00863508694953784,-0.00372231230107858,0.0164865959077473,1.71186420675262,63.5304360657503,94.7588284788529,TRUE,TRUE,TRUE,"map_full"
"map_full_age_2","1-5",19.5,-0.00306452297922005,0.000622313056466795,-0.00428425656989497,-0.00184478938854514,0.0164865959077473,1.71186420675262,63.5304360657503,94.7588284788529,TRUE,TRUE,TRUE,"map_full"
"map_full_age_2","1-5",20,0,0,0,0,0.0164865959077473,1.71186420675262,63.5304360657503,94.7588284788529,TRUE,TRUE,TRUE,"map_full"
"map_full_age_2","1-5",20.5,0.00301523270789881,0.000615176820982787,0.00180948613877255,0.00422097927702508,0.0164865959077473,1.71186420675262,63.5304360657503,94.7588284788529,TRUE,TRUE,TRUE,"map_full"
"map_full_age_2","1-5",21,0.00598153891290536,0.00122454348973733,0.00358143367302019,0.00838164415279053,0.0164865959077473,1.71186420675262,63.5304360657503,94.7588284788529,TRUE,TRUE,TRUE,"map_full"
"map_full_age_2","1-5",21.5,0.00889928238344867,0.00182925556938551,0.00531394146745307,0.0124846232994443,0.0164865959077473,1.71186420675262,63.5304360657503,94.7588284788529,TRUE,TRUE,TRUE,"map_full"
"map_full_age_2","1-5",22,0.0117688268879577,0.00243029975877008,0.00700543936076838,0.0165322144151471,0.0164865959077473,1.71186420675262,63.5304360657503,94.7588284788529,TRUE,TRUE,TRUE,"map_full"
"map_full_age_2","1-5",22.5,0.0145905361948615,0.00302849714568951,0.00865468178931009,0.020526390600413,0.0164865959077473,1.71186420675262,63.5304360657503,94.7588284788529,TRUE,TRUE,TRUE,"map_full"
"map_full_age_2","1-5",23,0.017364774072589,0.00362450786195415,0.0102607386631589,0.0244688094820192,0.0164865959077473,1.71186420675262,63.5304360657503,94.7588284788529,TRUE,TRUE,TRUE,"map_full"
"map_full_age_2","1-5",23.5,0.0200919042895693,0.00421883693122658,0.0118229839043652,0.0283608246747734,0.0164865959077473,1.71186420675262,63.5304360657503,94.7588284788529,TRUE,TRUE,TRUE,"map_full"
"map_full_age_2","1-5",24,0.0227722906142312,0.00481184109777246,0.0133410820625972,0.0322034991658652,0.0164865959077473,1.71186420675262,63.5304360657503,94.7588284788529,TRUE,TRUE,TRUE,"map_full"
"map_full_age_2","1-5",24.5,0.0254062968150038,0.00540373643038814,0.0148149734114431,0.0359976202185646,0.0164865959077473,1.71186420675262,63.5304360657503,94.7588284788529,TRUE,TRUE,TRUE,"map_full"
"map_full_age_2","1-5",25,0.0279942866603162,0.00599460650897805,0.0162448579027193,0.0397437154179132,0.0164865959077473,1.71186420675262,63.5304360657503,94.7588284788529,TRUE,TRUE,TRUE,"map_full"
"map_full_age_2","1-5",25.5,0.0305366239185973,0.00658441101958363,0.0176311783202134,0.0434420695169812,0.0164865959077473,1.71186420675262,63.5304360657503,94.7588284788529,TRUE,TRUE,TRUE,"map_full"
"map_full_age_2","1-5",26,0.0330336723582761,0.00717299460529427,0.0189746029318993,0.0470927417846528,0.0164865959077473,1.71186420675262,63.5304360657503,94.7588284788529,TRUE,TRUE,TRUE,"map_full"
"map_full_age_2","1-5",26.5,0.0354857957477816,0.00776009584380536,0.020276007893923,0.0506955836016401,0.0164865959077473,1.71186420675262,63.5304360657503,94.7588284788529,TRUE,TRUE,TRUE,"map_full"
"map_full_age_2","1-5",27,0.0378933578555427,0.00834535624612489,0.0215364596131379,0.0542502560979475,0.0164865959077473,1.71186420675262,63.5304360657503,94.7588284788529,TRUE,TRUE,TRUE,"map_full"
"map_full_age_2","1-5",27.5,0.0402567224499885,0.00892832919406687,0.0227571972296175,0.0577562476703596,0.0164865959077473,1.71186420675262,63.5304360657503,94.7588284788529,TRUE,TRUE,TRUE,"map_full"
"map_full_age_2","1-5",28,0.042576253299548,0.00950848875600272,0.0239396153377827,0.0612128912613134,0.0164865959077473,1.71186420675262,63.5304360657503,94.7588284788529,TRUE,TRUE,TRUE,"map_full"
"map_full_age_2","1-5",28.5,0.0448523141726502,0.0100852383404255,0.0250852470254162,0.0646193813198842,0.0164865959077473,1.71186420675262,63.5304360657503,94.7588284788529,TRUE,TRUE,TRUE,"map_full"
"map_full_age_2","1-5",29,0.0470852688377241,0.0106579191649954,0.026195747274333,0.0679747904011151,0.0164865959077473,1.71186420675262,63.5304360657503,94.7588284788529,TRUE,TRUE,TRUE,"map_full"
"map_full_age_2","1-5",29.5,0.0492754810631986,0.0112258185348288,0.0272728767349341,0.071278085391463,0.0164865959077473,1.71186420675262,63.5304360657503,94.7588284788529,TRUE,TRUE,TRUE,"map_full"
"map_full_age_2","1-5",30,0.0514233146175027,0.0117881779379527,0.0283184858591155,0.07452814337589,0.0164865959077473,1.71186420675262,63.5304360657503,94.7588284788529,TRUE,TRUE,TRUE,"map_full"
"map_full_age_2","1-5",30.5,0.0535291332690656,0.0123442009782482,0.0293344993516991,0.077723767186432,0.0164865959077473,1.71186420675262,63.5304360657503,94.7588284788529,TRUE,TRUE,TRUE,"map_full"
"map_full_age_2","1-5",31,0.055593300786316,0.0128930611770852,0.030322900879229,0.080863700693403,0.0164865959077473,1.71186420675262,63.5304360657503,94.7588284788529,TRUE,TRUE,TRUE,"map_full"
"map_full_age_2","1-5",31.5,0.0576161809376831,0.013433909684477,0.0312857179561082,0.0839466439192581,0.0164865959077473,1.71186420675262,63.5304360657503,94.7588284788529,TRUE,TRUE,TRUE,"map_full"
"map_full_age_2","1-5",32,0.0595981374915959,0.0139658829492416,0.0322250069110823,0.0869712680721095,0.0164865959077473,1.71186420675262,63.5304360657503,94.7588284788529,TRUE,TRUE,TRUE,"map_full"
"map_full_age_2","1-5",32.5,0.0615395342164833,0.0144881104056224,0.0331428378214634,0.0899362306115031,0.0164865959077473,1.71186420675262,63.5304360657503,94.7588284788529,TRUE,TRUE,TRUE,"map_full"
"map_full_age_2","1-5",33,0.0634407348807743,0.0149997222413685,0.034041279287692,0.0928401904738566,0.0164865959077473,1.71186420675262,63.5304360657503,94.7588284788529,TRUE,TRUE,TRUE,"map_full"
"map_full_age_2","1-5",33.5,0.0653021032528979,0.0154998573196486,0.0349223829063866,0.0956818235994092,0.0164865959077473,1.71186420675262,63.5304360657503,94.7588284788529,TRUE,TRUE,TRUE,"map_full"
"map_full_age_2","1-5",34,0.0671240031012831,0.0159876713345861,0.0357881672854944,0.0984598389170719,0.0164865959077473,1.71186420675262,63.5304360657503,94.7588284788529,TRUE,TRUE,TRUE,"map_full"
"map_full_age_2","1-5",34.5,0.068906798194359,0.016462345287856,0.0366406014301612,0.101172994958557,0.0164865959077473,1.71186420675262,63.5304360657503,94.7588284788529,TRUE,TRUE,TRUE,"map_full"
"map_full_age_2","1-5",35,0.0706508523005544,0.0169230943818028,0.0374815873122209,0.103820117288888,0.0164865959077473,1.71186420675262,63.5304360657503,94.7588284788529,TRUE,TRUE,TRUE,"map_full"
"map_full_age_2","1-5",35.5,0.0723565291882985,0.0173691774330248,0.03831294141957,0.106400116957027,0.0164865959077473,1.71186420675262,63.5304360657503,94.7588284788529,TRUE,TRUE,TRUE,"map_full"
"map_full_age_2","1-5",36,0.0740241926260202,0.0177999069193428,0.0391363750641082,0.108912010187932,0.0164865959077473,1.71186420675262,63.5304360657503,94.7588284788529,TRUE,TRUE,TRUE,"map_full"
"map_full_age_2","1-5",36.5,0.0756542063821484,0.0182146597824692,0.0399534732085088,0.111354939555788,0.0164865959077473,1.71186420675262,63.5304360657503,94.7588284788529,TRUE,TRUE,TRUE,"map_full"
"map_full_age_2","1-5",37,0.0772469342251122,0.0186128891183214,0.0407656715532023,0.113728196897022,0.0164865959077473,1.71186420675262,63.5304360657503,94.7588284788529,TRUE,TRUE,TRUE,"map_full"
"map_full_age_2","1-5",37.5,0.0788027399233406,0.0189941368964618,0.0415742316062754,0.116031248240406,0.0164865959077473,1.71186420675262,63.5304360657503,94.7588284788529,TRUE,TRUE,TRUE,"map_full"
"map_full_age_2","1-5",38,0.0803219872452626,0.0193580478590158,0.0423802134415917,0.118263761048934,0.0164865959077473,1.71186420675262,63.5304360657503,94.7588284788529,TRUE,TRUE,TRUE,"map_full"
"map_full_age_2","1-5",38.5,0.0818050329551338,0.0197044542702627,0.0431843025854189,0.120425763324849,0.0164865959077473,1.71186420675262,63.5304360657503,94.7588284788529,TRUE,TRUE,TRUE,"map_full"
"map_full_age_2","1-5",39,0.0832521380333813,0.0200342500691479,0.0439850078978514,0.122519268168911,0.0164865959077473,1.71186420675262,63.5304360657503,94.7588284788529,TRUE,TRUE,TRUE,"map_full"
"map_full_age_2","1-5",39.5,0.0846634940826097,0.0203490554349493,0.0447793454301091,0.12454764273511,0.0164865959077473,1.71186420675262,63.5304360657503,94.7588284788529,TRUE,TRUE,TRUE,"map_full"
"map_full_age_2","1-5",40,0.0860392911552687,0.0206505064648509,0.045564298484161,0.126514283826376,0.0164865959077473,1.71186420675262,63.5304360657503,94.7588284788529,TRUE,TRUE,TRUE,"map_full"
"map_full_age_2","1-5",40.5,0.0873797193038083,0.0209402268321649,0.0463368747127652,0.128422563894851,0.0164865959077473,1.71186420675262,63.5304360657503,94.7588284788529,TRUE,TRUE,TRUE,"map_full"
"map_full_age_2","1-5",41,0.0886849685806784,0.0212198161248789,0.0470941289759158,0.130275808185441,0.0164865959077473,1.71186420675262,63.5304360657503,94.7588284788529,TRUE,TRUE,TRUE,"map_full"
"map_full_age_2","1-5",41.5,0.0899552290383288,0.021490839016601,0.0478331845657909,0.132077273510867,0.0164865959077473,1.71186420675262,63.5304360657503,94.7588284788529,TRUE,TRUE,TRUE,"map_full"
"map_full_age_2","1-5",42,0.0911906907292095,0.0217548151526924,0.0485512530299324,0.133830128428487,0.0164865959077473,1.71186420675262,63.5304360657503,94.7588284788529,TRUE,TRUE,TRUE,"map_full"
"map_full_age_2","1-5",42.5,0.0923915437057704,0.0220132096960179,0.0492456527015752,0.135537434709966,0.0164865959077473,1.71186420675262,63.5304360657503,94.7588284788529,TRUE,TRUE,TRUE,"map_full"
"map_full_age_2","1-5",43,0.0935579780204612,0.0222674245241362,0.0499138259531543,0.137202130087768,0.0164865959077473,1.71186420675262,63.5304360657503,94.7588284788529,TRUE,TRUE,TRUE,"map_full"
"map_full_age_2","1-5",43.5,0.094690183725732,0.0225187901054975,0.0505533551189569,0.138827012332507,0.0164865959077473,1.71186420675262,63.5304360657503,94.7588284788529,TRUE,TRUE,TRUE,"map_full"
"map_full_age_2","1-5",44,0.0957883508740326,0.0227685581080131,0.0511619769823269,0.140414724765738,0.0164865959077473,1.71186420675262,63.5304360657503,94.7588284788529,TRUE,TRUE,TRUE,"map_full"
"map_full_age_2","1-5",44.5,0.0968526695178129,0.0230178948103521,0.0517375956895228,0.141967743346103,0.0164865959077473,1.71186420675262,63.5304360657503,94.7588284788529,TRUE,TRUE,TRUE,"map_full"
"map_full_age_2","1-5",45,0.0978833297095228,0.0232678753953533,0.0522782939346304,0.143488365484415,0.0164865959077473,1.71186420675262,63.5304360657503,94.7588284788529,TRUE,TRUE,TRUE,"map_full"
"map_full_age_2","1-5",45.5,0.0988805215016121,0.02351947920675,0.052782342256382,0.144978700746842,0.0164865959077473,1.71186420675262,63.5304360657503,94.7588284788529,TRUE,TRUE,TRUE,"map_full"
"map_full_age_2","1-5",46,0.0998444349465309,0.0237735860457513,0.0532482062968584,0.146440663596203,0.0164865959077473,1.71186420675262,63.5304360657503,94.7588284788529,TRUE,TRUE,TRUE,"map_full"
"map_full_age_2","1-5",46.5,0.100775260096729,0.0240309735737563,0.0536745518921665,0.147875968301291,0.0164865959077473,1.71186420675262,63.5304360657503,94.7588284788529,TRUE,TRUE,TRUE,"map_full"
"map_full_age_2","1-5",47,0.101673187004656,0.0242923158726052,0.0540602478943498,0.149286126114962,0.0164865959077473,1.71186420675262,63.5304360657503,94.7588284788529,TRUE,TRUE,TRUE,"map_full"
"map_full_age_2","1-5",47.5,0.102538405722762,0.0245581831954039,0.0544043666597706,0.150672444785754,0.0164865959077473,1.71186420675262,63.5304360657503,94.7588284788529,TRUE,TRUE,TRUE,"map_full"
"map_full_age_2","1-5",48,0.103371106303497,0.0248290429203511,0.054706182179609,0.152036030427385,0.0164865959077473,1.71186420675262,63.5304360657503,94.7588284788529,TRUE,TRUE,TRUE,"map_full"
"map_full_age_2","1-5",48.5,0.104171478799311,0.0251052616984169,0.0549651658704139,0.153377791728208,0.0164865959077473,1.71186420675262,63.5304360657503,94.7588284788529,TRUE,TRUE,TRUE,"map_full"
"map_full_age_2","1-5",49,0.104939713262654,0.0253871087644269,0.055180980084377,0.15469844644093,0.0164865959077473,1.71186420675262,63.5304360657503,94.7588284788529,TRUE,TRUE,TRUE,"map_full"
"map_full_age_2","1-5",49.5,0.105675999745975,0.025674760361264,0.0553534694378975,0.155998530054052,0.0164865959077473,1.71186420675262,63.5304360657503,94.7588284788529,TRUE,TRUE,TRUE,"map_full"
"map_full_age_2","1-5",50,0.106380528301725,0.0259683052094906,0.055482650091123,0.157278406512326,0.0164865959077473,1.71186420675262,63.5304360657503,94.7588284788529,TRUE,TRUE,TRUE,"map_full"
"map_full_age_2","1-5",50.5,0.107053488982353,0.0262677509404971,0.0555686971389784,0.158538280825727,0.0164865959077473,1.71186420675262,63.5304360657503,94.7588284788529,TRUE,TRUE,TRUE,"map_full"
"map_full_age_2","1-5",51,0.107695071840309,0.0265730314008061,0.0556119302947291,0.159778213385889,0.0164865959077473,1.71186420675262,63.5304360657503,94.7588284788529,TRUE,TRUE,TRUE,"map_full"
"map_full_age_2","1-5",51.5,0.108305466928044,0.0268840147286554,0.0556127980598789,0.160998135796208,0.0164865959077473,1.71186420675262,63.5304360657503,94.7588284788529,TRUE,TRUE,TRUE,"map_full"
"map_full_age_2","1-5",52,0.108884864298006,0.0272005121014252,0.0555718605792127,0.162197868016799,0.0164865959077473,1.71186420675262,63.5304360657503,94.7588284788529,TRUE,TRUE,TRUE,"map_full"
"map_full_age_2","1-5",52.5,0.109433454002647,0.0275222870536218,0.0554897713775478,0.163377136627745,0.0164865959077473,1.71186420675262,63.5304360657503,94.7588284788529,TRUE,TRUE,TRUE,"map_full"
"map_full_age_2","1-5",53,0.109951426094415,0.0278490652695453,0.0553672581661061,0.164535594022724,0.0164865959077473,1.71186420675262,63.5304360657503,94.7588284788529,TRUE,TRUE,TRUE,"map_full"
"map_full_age_2","1-5",53.5,0.110438970625761,0.0281805447618607,0.0552051028925139,0.165672838359008,0.0164865959077473,1.71186420675262,63.5304360657503,94.7588284788529,TRUE,TRUE,TRUE,"map_full"
"map_full_age_2","1-5",54,0.110896277649134,0.0285164063564111,0.0550041211905686,0.1667884341077,0.0164865959077473,1.71186420675262,63.5304360657503,94.7588284788529,TRUE,TRUE,TRUE,"map_full"
"map_full_age_2","1-5",54.5,0.111323537216986,0.0288563244140284,0.05476514136549,0.167881933068481,0.0164865959077473,1.71186420675262,63.5304360657503,94.7588284788529,TRUE,TRUE,TRUE,"map_full"
"map_full_age_2","1-5",55,0.111720939381764,0.0291999777311207,0.0544889830287675,0.168952895734761,0.0164865959077473,1.71186420675262,63.5304360657503,94.7588284788529,TRUE,TRUE,TRUE,"map_full"
"map_full_age_2","1-5",55.5,0.11208867419592,0.0295470605717715,0.0541764354752478,0.170000912916592,0.0164865959077473,1.71186420675262,63.5304360657503,94.7588284788529,TRUE,TRUE,TRUE,"map_full"
"map_full_age_2","1-5",56,0.112426931711903,0.0298972937943502,0.0538282358749763,0.171025627548829,0.0164865959077473,1.71186420675262,63.5304360657503,94.7588284788529,TRUE,TRUE,TRUE,"map_full"
"map_full_age_2","1-5",56.5,0.112735901982163,0.0302504360446872,0.0534450473345758,0.17202675662975,0.0164865959077473,1.71186420675262,63.5304360657503,94.7588284788529,TRUE,TRUE,TRUE,"map_full"
"map_full_age_2","1-5",57,0.11301577505915,0.0306062949952133,0.0530274368685315,0.173004113249768,0.0164865959077473,1.71186420675262,63.5304360657503,94.7588284788529,TRUE,TRUE,TRUE,"map_full"
"map_full_age_2","1-5",57.5,0.113266740995313,0.0309647386147399,0.0525758533104231,0.173957628680204,0.0164865959077473,1.71186420675262,63.5304360657503,94.7588284788529,TRUE,TRUE,TRUE,"map_full"
"map_full_age_2","1-5",58,0.113489005773036,0.0313257436458524,0.0520905482271649,0.174887463318906,0.0164865959077473,1.71186420675262,63.5304360657503,94.7588284788529,TRUE,TRUE,TRUE,"map_full"
"map_full_age_2","1-5",58.5,0.113682898039851,0.0316896553711131,0.0515711735124691,0.175794622567232,0.0164865959077473,1.71186420675262,63.5304360657503,94.7588284788529,TRUE,TRUE,TRUE,"map_full"
"map_full_age_2","1-5",59,0.113848803413605,0.0320570357493292,0.0510170133449203,0.176680593482291,0.0164865959077473,1.71186420675262,63.5304360657503,94.7588284788529,TRUE,TRUE,TRUE,"map_full"
"map_full_age_2","1-5",59.5,0.11398710782642,0.0324285221688351,0.0504272043755028,0.177547011277336,0.0164865959077473,1.71186420675262,63.5304360657503,94.7588284788529,TRUE,TRUE,TRUE,"map_full"
"map_full_age_2","1-5",60,0.114098197210412,0.0328048167337749,0.0498007564122136,0.178395638008611,0.0164865959077473,1.71186420675262,63.5304360657503,94.7588284788529,TRUE,TRUE,TRUE,"map_full"
"map_full_age_2","1-5",60.5,0.114182457497704,0.033186676763227,0.0491365710417788,0.179228343953629,0.0164865959077473,1.71186420675262,63.5304360657503,94.7588284788529,TRUE,TRUE,TRUE,"map_full"
"map_full_age_2","1-5",61,0.114240274620413,0.0335749057175085,0.0484334594140968,0.18004708982673,0.0164865959077473,1.71186420675262,63.5304360657503,94.7588284788529,TRUE,TRUE,TRUE,"map_full"
"map_full_age_2","1-5",61.5,0.114272034510661,0.0339703445083343,0.0476901592743255,0.180853909746996,0.0164865959077473,1.71186420675262,63.5304360657503,94.7588284788529,TRUE,TRUE,TRUE,"map_full"
"map_full_age_2","1-5",62,0.114278123100565,0.0343738631606383,0.0469053513057145,0.181650894895417,0.0164865959077473,1.71186420675262,63.5304360657503,94.7588284788529,TRUE,TRUE,TRUE,"map_full"
"map_full_age_2","1-5",62.5,0.114258926322247,0.0347863528047033,0.0460776748250288,0.182440177819466,0.0164865959077473,1.71186420675262,63.5304360657503,94.7588284788529,TRUE,TRUE,TRUE,"map_full"
"map_full_age_2","1-5",63,0.114214830107826,0.035208717987476,0.0452057428523727,0.183223917363279,0.0164865959077473,1.71186420675262,63.5304360657503,94.7588284788529,TRUE,TRUE,TRUE,"map_full"
"map_full_age_2","1-5",63.5,0.114146220389421,0.0356418693012805,0.0442881565589107,0.18400428421993,0.0164865959077473,1.71186420675262,63.5304360657503,94.7588284788529,TRUE,TRUE,TRUE,"map_full"
"map_full_age_2","1-5",63.5304360657503,0.114141261018996,0.0356686046185611,0.0442307959666158,0.184051726071375,0.0164865959077473,1.71186420675262,63.5304360657503,94.7588284788529,TRUE,TRUE,TRUE,"map_full"
"map_full_age_2","1-5",64,0.114053483099151,0.0360867163363636,0.0433235190798787,0.184783447118424,0.0164865959077473,1.71186420675262,63.5304360657503,94.7588284788529,TRUE,FALSE,TRUE,"map_full"
"map_full_age_2","1-5",64.5,0.113937004169138,0.0365441609706125,0.0423104486667371,0.185563559671538,0.0164865959077473,1.71186420675262,63.5304360657503,94.7588284788529,TRUE,FALSE,TRUE,"map_full"
"map_full_age_2","1-5",65,0.113797169531499,0.0370150910152303,0.0412475911416477,0.18634674792135,0.0164865959077473,1.71186420675262,63.5304360657503,94.7588284788529,TRUE,FALSE,TRUE,"map_full"
"map_full_age_2","1-5",65.5,0.113634365118355,0.0375003742390276,0.0401336316098612,0.18713509862685,0.0164865959077473,1.71186420675262,63.5304360657503,94.7588284788529,TRUE,FALSE,TRUE,"map_full"
"map_full_age_2","1-5",66,0.113448976861826,0.0380008527962423,0.0389673053811912,0.187930648342461,0.0164865959077473,1.71186420675262,63.5304360657503,94.7588284788529,TRUE,FALSE,TRUE,"map_full"
"map_full_age_2","1-5",66.5,0.113241390694031,0.0385173380834175,0.0377474080505327,0.188735373337529,0.0164865959077473,1.71186420675262,63.5304360657503,94.7588284788529,TRUE,FALSE,TRUE,"map_full"
"map_full_age_2","1-5",67,0.11301199254709,0.0390506060499209,0.0364728046892447,0.189551180404934,0.0164865959077473,1.71186420675262,63.5304360657503,94.7588284788529,TRUE,FALSE,TRUE,"map_full"
"map_full_age_2","1-5",67.5,0.112761168353121,0.039601392984267,0.0351424381039582,0.190379898602285,0.0164865959077473,1.71186420675262,63.5304360657503,94.7588284788529,TRUE,FALSE,TRUE,"map_full"
"map_full_age_2","1-5",68,0.112489304044246,0.0401703917946852,0.0337553361266635,0.191223271961829,0.0164865959077473,1.71186420675262,63.5304360657503,94.7588284788529,TRUE,FALSE,TRUE,"map_full"
"map_full_age_2","1-5",68.5,0.112196785552584,0.0407582487975559,0.0323106179093744,0.192082953195793,0.0164865959077473,1.71186420675262,63.5304360657503,94.7588284788529,TRUE,FALSE,TRUE,"map_full"
"map_full_age_2","1-5",69,0.111883998810254,0.0413655610216648,0.0308074992077907,0.192960498412717,0.0164865959077473,1.71186420675262,63.5304360657503,94.7588284788529,TRUE,FALSE,TRUE,"map_full"
"map_full_age_2","1-5",69.5,0.111551329749375,0.0419928740299646,0.0292452966506449,0.193857362848106,0.0164865959077473,1.71186420675262,63.5304360657503,94.7588284788529,TRUE,FALSE,TRUE,"map_full"
"map_full_age_2","1-5",70,0.111199164302069,0.0426406802539663,0.0276234310042946,0.194774897599843,0.0164865959077473,1.71186420675262,63.5304360657503,94.7588284788529,TRUE,FALSE,TRUE,"map_full"
"map_full_age_2","1-5",70.5,0.110827888400453,0.0433094178292873,0.0259414294550498,0.195714347345856,0.0164865959077473,1.71186420675262,63.5304360657503,94.7588284788529,TRUE,FALSE,TRUE,"map_full"
"map_full_age_2","1-5",71,0.110437887976648,0.0439994699145119,0.0241989269442047,0.196676849009091,0.0164865959077473,1.71186420675262,63.5304360657503,94.7588284788529,TRUE,FALSE,TRUE,"map_full"
"map_full_age_2","1-5",71.5,0.110029548962773,0.0447111644696247,0.022395666602309,0.197663431323238,0.0164865959077473,1.71186420675262,63.5304360657503,94.7588284788529,TRUE,FALSE,TRUE,"map_full"
"map_full_age_2","1-5",72,0.109603257290949,0.0454447744650332,0.0205314993394839,0.198675015242414,0.0164865959077473,1.71186420675262,63.5304360657503,94.7588284788529,TRUE,FALSE,TRUE,"map_full"
"map_full_age_2","1-5",72.5,0.109159398893294,0.0462005184877717,0.0186063826572617,0.199712415129327,0.0164865959077473,1.71186420675262,63.5304360657503,94.7588284788529,TRUE,FALSE,TRUE,"map_full"
"map_full_age_2","1-5",73,0.108698359701929,0.0469785617079755,0.0166203787542967,0.200776340649561,0.0164865959077473,1.71186420675262,63.5304360657503,94.7588284788529,TRUE,FALSE,TRUE,"map_full"
"map_full_age_2","1-5",73.5,0.108220525648972,0.0477790171661863,0.0145736520032471,0.201867399294697,0.0164865959077473,1.71186420675262,63.5304360657503,94.7588284788529,TRUE,FALSE,TRUE,"map_full"
"map_full_age_2","1-5",74,0.107726282666544,0.0486019473405085,0.0124664658791475,0.202986099453941,0.0164865959077473,1.71186420675262,63.5304360657503,94.7588284788529,TRUE,FALSE,TRUE,"map_full"
"map_full_age_2","1-5",74.5,0.107216016686764,0.0494473659520613,0.0102991794207241,0.204132853952804,0.0164865959077473,1.71186420675262,63.5304360657503,94.7588284788529,TRUE,FALSE,TRUE,"map_full"
"map_full_age_2","1-5",75,0.106690113641752,0.0503152399674793,0.00807224330549289,0.205307983978012,0.0164865959077473,1.71186420675262,63.5304360657503,94.7588284788529,TRUE,FALSE,TRUE,"map_full"
"map_full_age_2","1-5",75.5,0.106148959463628,0.0512054917583311,0.00578619561729882,0.206511723309957,0.0164865959077473,1.71186420675262,63.5304360657503,94.7588284788529,TRUE,FALSE,TRUE,"map_full"
"map_full_age_2","1-5",76,0.10559294008451,0.0521180013791271,0.00344165738142119,0.207744222787599,0.0164865959077473,1.71186420675262,63.5304360657503,94.7588284788529,TRUE,FALSE,TRUE,"map_full"
"map_full_age_2","1-5",76.5,0.10502244143652,0.0530526089279514,0.00103932793773483,0.209005554935304,0.0164865959077473,1.71186420675262,63.5304360657503,94.7588284788529,TRUE,FALSE,TRUE,"map_full"
"map_full_age_2","1-5",77,0.104437849451775,0.0540091169565556,-0.00142001978307381,0.210295718686624,0.0164865959077473,1.71186420675262,63.5304360657503,94.7588284788529,TRUE,FALSE,TRUE,"map_full"
"map_full_age_2","1-5",77.5,0.103839550062397,0.0549872928998609,-0.00393554402133058,0.211614644146124,0.0164865959077473,1.71186420675262,63.5304360657503,94.7588284788529,TRUE,FALSE,TRUE,"map_full"
"map_full_age_2","1-5",78,0.103227929200504,0.0559868714981135,-0.00650633893579851,0.212962197336806,0.0164865959077473,1.71186420675262,63.5304360657503,94.7588284788529,TRUE,FALSE,TRUE,"map_full"
"map_full_age_2","1-5",78.5,0.102603372798216,0.0570075571883184,-0.00913143929088776,0.21433818488732,0.0164865959077473,1.71186420675262,63.5304360657503,94.7588284788529,TRUE,FALSE,TRUE,"map_full"
"map_full_age_2","1-5",79,0.101966266787654,0.0580490264449405,-0.0118098250444298,0.215742358619737,0.0164865959077473,1.71186420675262,63.5304360657503,94.7588284788529,TRUE,FALSE,TRUE,"map_full"
"map_full_age_2","1-5",79.5,0.101316997100935,0.059110930053134,-0.0145404258032073,0.217174420005078,0.0164865959077473,1.71186420675262,63.5304360657503,94.7588284788529,TRUE,FALSE,TRUE,"map_full"
"map_full_age_2","1-5",80,0.100655949670181,0.0601928953008747,-0.0173221251195332,0.218634024459896,0.0164865959077473,1.71186420675262,63.5304360657503,94.7588284788529,TRUE,FALSE,TRUE,"map_full"
"map_full_age_2","1-5",80.5,0.0999835104275111,0.0612945280792763,-0.0201537646078704,0.220120785462893,0.0164865959077473,1.71186420675262,63.5304360657503,94.7588284788529,TRUE,FALSE,TRUE,"map_full"
"map_full_age_2","1-5",81,0.0993000653050441,0.062415414883039,-0.0230341478657123,0.221634278475801,0.0164865959077473,1.71186420675262,63.5304360657503,94.7588284788529,TRUE,FALSE,TRUE,"map_full"
"map_full_age_2","1-5",81.5,0.0986060002349003,0.0635551247053845,-0.0259620441876533,0.223174044657454,0.0164865959077473,1.71186420675262,63.5304360657503,94.7588284788529,TRUE,FALSE,TRUE,"map_full"
"map_full_age_2","1-5",82,0.097901701149199,0.0647132108239619,-0.0289361920657663,0.224739594364164,0.0164865959077473,1.71186420675262,63.5304360657503,94.7588284788529,TRUE,FALSE,TRUE,"map_full"
"map_full_age_2","1-5",82.5,0.0971875539800601,0.0658892124760732,-0.0319553024730433,0.226330410433164,0.0164865959077473,1.71186420675262,63.5304360657503,94.7588284788529,TRUE,FALSE,TRUE,"map_full"
"map_full_age_2","1-5",83,0.0964639446596031,0.0670826564231581,-0.0350180619297868,0.227945951248993,0.0164865959077473,1.71186420675262,63.5304360657503,94.7588284788529,TRUE,FALSE,TRUE,"map_full"
"map_full_age_2","1-5",83.5,0.0957312591199477,0.0682930584058223,-0.0381231353554641,0.229585653595359,0.0164865959077473,1.71186420675262,63.5304360657503,94.7588284788529,TRUE,FALSE,TRUE,"map_full"
"map_full_age_2","1-5",84,0.0949898832932134,0.0695199244917967,-0.041269168710708,0.231248935297135,0.0164865959077473,1.71186420675262,63.5304360657503,94.7588284788529,TRUE,FALSE,TRUE,"map_full"
"map_full_age_2","1-5",84.5,0.09424020311152,0.0707627523201039,-0.0444547914358837,0.232935197658924,0.0164865959077473,1.71186420675262,63.5304360657503,94.7588284788529,TRUE,FALSE,TRUE,"map_full"
"map_full_age_2","1-5",85,0.093482604506987,0.0720210322454041,-0.047678618694005,0.234643827707979,0.0164865959077473,1.71186420675262,63.5304360657503,94.7588284788529,TRUE,FALSE,TRUE,"map_full"
"map_full_age_2","1-5",85.5,0.092717473411734,0.0732942483870067,-0.050939253426799,0.236374200250267,0.0164865959077473,1.71186420675262,63.5304360657503,94.7588284788529,TRUE,FALSE,TRUE,"map_full"
"map_full_age_2","1-5",86,0.0919451957578808,0.0745818795874088,-0.0542352882334405,0.238125679749202,0.0164865959077473,1.71186420675262,63.5304360657503,94.7588284788529,TRUE,FALSE,TRUE,"map_full"
"map_full_age_2","1-5",86.5,0.091166157477547,0.0758834002854536,-0.057565307081942,0.239897622037036,0.0164865959077473,1.71186420675262,63.5304360657503,94.7588284788529,TRUE,FALSE,TRUE,"map_full"
"map_full_age_2","1-5",87,0.090380744502852,0.0771982813093294,-0.0609278868634337,0.241689375869138,0.0164865959077473,1.71186420675262,63.5304360657503,94.7588284788529,TRUE,FALSE,TRUE,"map_full"
"map_full_age_2","1-5",87.5,0.0895893427659157,0.0785259905946661,-0.0643215987996299,0.243500284331461,0.0164865959077473,1.71186420675262,63.5304360657503,94.7588284788529,TRUE,FALSE,TRUE,"map_full"
"map_full_age_2","1-5",88,0.0887923381988577,0.0798659938329376,-0.0677450097137001,0.245329686111415,0.0164865959077473,1.71186420675262,63.5304360657503,94.7588284788529,TRUE,FALSE,TRUE,"map_full"
"map_full_age_2","1-5",88.5,0.0879901167337975,0.0812177550552814,-0.0711966831745541,0.247176916642149,0.0164865959077473,1.71186420675262,63.5304360657503,94.7588284788529,TRUE,FALSE,TRUE,"map_full"
"map_full_age_2","1-5",89,0.0871830643028547,0.0825807371566892,-0.074675180524256,0.249041309129966,0.0164865959077473,1.71186420675262,63.5304360657503,94.7588284788529,TRUE,FALSE,TRUE,"map_full"
"map_full_age_2","1-5",89.5,0.0863715668381492,0.0839544023653374,-0.0781790617979121,0.250922195474211,0.0164865959077473,1.71186420675262,63.5304360657503,94.7588284788529,TRUE,FALSE,TRUE,"map_full"
"map_full_age_2","1-5",90,0.0855560102718003,0.0853382126616104,-0.0817068865449561,0.252818907088557,0.0164865959077473,1.71186420675262,63.5304360657503,94.7588284788529,TRUE,FALSE,TRUE,"map_full"
"map_full_age_2","1-5",90.5,0.0847367805359279,0.0867316301511348,-0.0852572145602963,0.254730775632152,0.0164865959077473,1.71186420675262,63.5304360657503,94.7588284788529,TRUE,FALSE,TRUE,"map_full"
"map_full_age_2","1-5",91,0.0839142635626515,0.0881341173959006,-0.0888286065333137,0.256657133658617,0.0164865959077473,1.71186420675262,63.5304360657503,94.7588284788529,TRUE,FALSE,TRUE,"map_full"
"map_full_age_2","1-5",91.5,0.0830888452840908,0.089545137707294,-0.0924196246222054,0.258597315190387,0.0164865959077473,1.71186420675262,63.5304360657503,94.7588284788529,TRUE,FALSE,TRUE,"map_full"
"map_full_age_2","1-5",92,0.0822609116323653,0.0909641554046141,-0.0960288329606783,0.260550656225409,0.0164865959077473,1.71186420675262,63.5304360657503,94.7588284788529,TRUE,FALSE,TRUE,"map_full"
"map_full_age_2","1-5",92.5,0.0814308485395947,0.0923906360424027,-0.0996547981035145,0.262516495182704,0.0164865959077473,1.71186420675262,63.5304360657503,94.7588284788529,TRUE,FALSE,TRUE,"map_full"
"map_full_age_2","1-5",93,0.0805990419378987,0.0938240466096678,-0.10329608941705,0.264494173292848,0.0164865959077473,1.71186420675262,63.5304360657503,94.7588284788529,TRUE,FALSE,TRUE,"map_full"
"map_full_age_2","1-5",93.5,0.0797658777593969,0.0952638557038549,-0.106951279420159,0.266483034938952,0.0164865959077473,1.71186420675262,63.5304360657503,94.7588284788529,TRUE,FALSE,TRUE,"map_full"
"map_full_age_2","1-5",94,0.0789317419362088,0.096709533682191,-0.110618944080886,0.268482427953303,0.0164865959077473,1.71186420675262,63.5304360657503,94.7588284788529,TRUE,FALSE,TRUE,"map_full"
"map_full_age_2","1-5",94.5,0.0780970204004543,0.098160552792817,-0.114297663073467,0.270491703874376,0.0164865959077473,1.71186420675262,63.5304360657503,94.7588284788529,TRUE,FALSE,TRUE,"map_full"
"map_full_age_2","1-5",94.7588284788529,0.0776648181391431,0.098913607598148,-0.116205852753227,0.271535489031513,0.0164865959077473,1.71186420675262,63.5304360657503,94.7588284788529,TRUE,FALSE,TRUE,"map_full"
"map_full_age_2","1-5",95,0.0772620918660724,0.0996163933487478,-0.117986039097473,0.272510222829618,0.0164865959077473,1.71186420675262,63.5304360657503,94.7588284788529,FALSE,FALSE,TRUE,"map_full"
"map_full_age_2","1-5",95.5,0.0764271544092052,0.101076690623106,-0.121683159212083,0.274537468030494,0.0164865959077473,1.71186420675262,63.5304360657503,94.7588284788529,FALSE,FALSE,TRUE,"map_full"
"map_full_age_2","1-5",96,0.075592216952338,0.102541247088985,-0.125388627342072,0.276573061246748,0.0164865959077473,1.71186420675262,63.5304360657503,94.7588284788529,FALSE,FALSE,TRUE,"map_full"
"map_full_age_2","1-5",96.5,0.0747572794954709,0.104009882826333,-0.129102090844141,0.278616649835083,0.0164865959077473,1.71186420675262,63.5304360657503,94.7588284788529,FALSE,FALSE,TRUE,"map_full"
"map_full_age_2","1-5",97,0.0739223420386037,0.105482427447746,-0.132823215758979,0.280667899836187,0.0164865959077473,1.71186420675262,63.5304360657503,94.7588284788529,FALSE,FALSE,TRUE,"map_full"
"map_full_age_2","1-5",97.5,0.0730874045817365,0.10695871950771,-0.136551685653375,0.282726494816848,0.0164865959077473,1.71186420675262,63.5304360657503,94.7588284788529,FALSE,FALSE,TRUE,"map_full"
"map_full_age_2","1-5",98,0.0722524671248693,0.108438605952526,-0.140287200542081,0.28479213479182,0.0164865959077473,1.71186420675262,63.5304360657503,94.7588284788529,FALSE,FALSE,TRUE,"map_full"
"map_full_age_2","1-5",98.5,0.0714175296680022,0.10992194160796,-0.144029475883599,0.286864535219603,0.0164865959077473,1.71186420675262,63.5304360657503,94.7588284788529,FALSE,FALSE,TRUE,"map_full"
"map_full_age_2","1-5",99,0.070582592211135,0.111408588701852,-0.147778241644495,0.288943426066765,0.0164865959077473,1.71186420675262,63.5304360657503,94.7588284788529,FALSE,FALSE,TRUE,"map_full"
"map_full_age_2","1-5",99.5,0.0697476547542678,0.112898416419149,-0.151533241427264,0.2910285509358,0.0164865959077473,1.71186420675262,63.5304360657503,94.7588284788529,FALSE,FALSE,TRUE,"map_full"
"map_full_age_2","1-5",100,0.0689127172974006,0.114391300486982,-0.155294231657083,0.293119666251885,0.0164865959077473,1.71186420675262,63.5304360657503,94.7588284788529,FALSE,FALSE,TRUE,"map_full"
"map_full_age_3","6-11",0,-0.379095442010585,0.0493294776862135,-0.475781218275564,-0.282409665745607,0.0164865959077473,1.71186420675262,63.5304360657503,94.7588284788529,FALSE,FALSE,TRUE,"map_full"
"map_full_age_3","6-11",0.0164865959077473,-0.378745835021004,0.0492768407061515,-0.475328442805061,-0.282163227236947,0.0164865959077473,1.71186420675262,63.5304360657503,94.7588284788529,TRUE,FALSE,TRUE,"map_full"
"map_full_age_3","6-11",0.5,-0.368493315199083,0.047734091040719,-0.462052133638892,-0.274934496759274,0.0164865959077473,1.71186420675262,63.5304360657503,94.7588284788529,TRUE,FALSE,TRUE,"map_full"
"map_full_age_3","6-11",1,-0.357895280294232,0.0461417013806027,-0.448333015000213,-0.26745754558825,0.0164865959077473,1.71186420675262,63.5304360657503,94.7588284788529,TRUE,FALSE,TRUE,"map_full"
"map_full_age_3","6-11",1.5,-0.347305568675021,0.0445538161237045,-0.434631048277482,-0.259980089072561,0.0164865959077473,1.71186420675262,63.5304360657503,94.7588284788529,TRUE,FALSE,TRUE,"map_full"
"map_full_age_3","6-11",1.71186420675262,-0.342821948756825,0.0438827087996142,-0.428832058004069,-0.256811839509581,0.0164865959077473,1.71186420675262,63.5304360657503,94.7588284788529,TRUE,TRUE,TRUE,"map_full"
"map_full_age_3","6-11",2,-0.336728411745725,0.042971936448717,-0.42095340718521,-0.252503416306239,0.0164865959077473,1.71186420675262,63.5304360657503,94.7588284788529,TRUE,TRUE,TRUE,"map_full"
"map_full_age_3","6-11",2.5,-0.326168040910615,0.0413975559317743,-0.407307250536893,-0.245028831284338,0.0164865959077473,1.71186420675262,63.5304360657503,94.7588284788529,TRUE,TRUE,TRUE,"map_full"
"map_full_age_3","6-11",3,-0.315628687573966,0.0398321590584617,-0.393699719328551,-0.237557655819381,0.0164865959077473,1.71186420675262,63.5304360657503,94.7588284788529,TRUE,TRUE,TRUE,"map_full"
"map_full_age_3","6-11",3.5,-0.305114583140049,0.038277219581666,-0.380137933520114,-0.230091232759983,0.0164865959077473,1.71186420675262,63.5304360657503,94.7588284788529,TRUE,TRUE,TRUE,"map_full"
"map_full_age_3","6-11",4,-0.294629959013138,0.0367341987008445,-0.366628988466793,-0.222630929559483,0.0164865959077473,1.71186420675262,63.5304360657503,94.7588284788529,TRUE,TRUE,TRUE,"map_full"
"map_full_age_3","6-11",4.5,-0.284179046597505,0.0352045430348328,-0.353179950945777,-0.215178142249233,0.0164865959077473,1.71186420675262,63.5304360657503,94.7588284788529,TRUE,TRUE,TRUE,"map_full"
"map_full_age_3","6-11",5,-0.273766077297424,0.0336896823563237,-0.339797854715818,-0.20773429987903,0.0164865959077473,1.71186420675262,63.5304360657503,94.7588284788529,TRUE,TRUE,TRUE,"map_full"
"map_full_age_3","6-11",5.5,-0.263395282517167,0.0321910270515644,-0.326489695538233,-0.200300869496101,0.0164865959077473,1.71186420675262,63.5304360657503,94.7588284788529,TRUE,TRUE,TRUE,"map_full"
"map_full_age_3","6-11",6,-0.253070893661008,0.0307099652635838,-0.313262425577632,-0.192879361744383,0.0164865959077473,1.71186420675262,63.5304360657503,94.7588284788529,TRUE,TRUE,TRUE,"map_full"
"map_full_age_3","6-11",6.5,-0.242797142133219,0.0292478596712894,-0.300122947088946,-0.185471337177491,0.0164865959077473,1.71186420675262,63.5304360657503,94.7588284788529,TRUE,TRUE,TRUE,"map_full"
"map_full_age_3","6-11",7,-0.232578259338072,0.0278060438500214,-0.287078105284114,-0.17807841339203,0.0164865959077473,1.71186420675262,63.5304360657503,94.7588284788529,TRUE,TRUE,TRUE,"map_full"
"map_full_age_3","6-11",7.5,-0.222418476679842,0.0263858181515593,-0.274134680256899,-0.170702273102786,0.0164865959077473,1.71186420675262,63.5304360657503,94.7588284788529,TRUE,TRUE,TRUE,"map_full"
"map_full_age_3","6-11",8,-0.212322025562801,0.0249884450331255,-0.261299377827727,-0.163344673297875,0.0164865959077473,1.71186420675262,63.5304360657503,94.7588284788529,TRUE,TRUE,TRUE,"map_full"
"map_full_age_3","6-11",8.5,-0.202293137391222,0.0236151437556336,-0.248578819152264,-0.15600745563018,0.0164865959077473,1.71186420675262,63.5304360657503,94.7588284788529,TRUE,TRUE,TRUE,"map_full"
"map_full_age_3","6-11",9,-0.192336043569378,0.0222670843613624,-0.235979528917648,-0.148692558221107,0.0164865959077473,1.71186420675262,63.5304360657503,94.7588284788529,TRUE,TRUE,TRUE,"map_full"
"map_full_age_3","6-11",9.5,-0.182454975501541,0.0209453808305673,-0.223507921929453,-0.141402029073629,0.0164865959077473,1.71186420675262,63.5304360657503,94.7588284788529,TRUE,TRUE,TRUE,"map_full"
"map_full_age_3","6-11",10,-0.172654164591985,0.0196510833055576,-0.211170287870878,-0.134138041313092,0.0164865959077473,1.71186420675262,63.5304360657503,94.7588284788529,TRUE,TRUE,TRUE,"map_full"
"map_full_age_3","6-11",10.5,-0.162937842244983,0.0183851692599644,-0.198972773994513,-0.126902910495453,0.0164865959077473,1.71186420675262,63.5304360657503,94.7588284788529,TRUE,TRUE,TRUE,"map_full"
"map_full_age_3","6-11",11,-0.153310239864807,0.0171485334810061,-0.186921365487579,-0.119699114242035,0.0164865959077473,1.71186420675262,63.5304360657503,94.7588284788529,TRUE,TRUE,TRUE,"map_full"
"map_full_age_3","6-11",11.5,-0.14377558885573,0.0159419767246084,-0.175021863235963,-0.112529314475498,0.0164865959077473,1.71186420675262,63.5304360657503,94.7588284788529,TRUE,TRUE,TRUE,"map_full"
"map_full_age_3","6-11",12,-0.134338120622026,0.0147661928987208,-0.163279858703519,-0.105396382540533,0.0164865959077473,1.71186420675262,63.5304360657503,94.7588284788529,TRUE,TRUE,TRUE,"map_full"
"map_full_age_3","6-11",12.5,-0.125002066567967,0.0136217546311459,-0.151700705645013,-0.0983034274909208,0.0164865959077473,1.71186420675262,63.5304360657503,94.7588284788529,TRUE,TRUE,TRUE,"map_full"
"map_full_age_3","6-11",13,-0.115771658097826,0.0125090970873196,-0.140289488388972,-0.0912538278066792,0.0164865959077473,1.71186420675262,63.5304360657503,94.7588284788529,TRUE,TRUE,TRUE,"map_full"
"map_full_age_3","6-11",13.5,-0.106651126615876,0.011428499924216,-0.129050986467339,-0.0842512667644123,0.0164865959077473,1.71186420675262,63.5304360657503,94.7588284788529,TRUE,TRUE,TRUE,"map_full"
"map_full_age_3","6-11",14,-0.0976447035263896,0.0103800673031055,-0.117989635440476,-0.0772997716123027,0.0164865959077473,1.71186420675262,63.5304360657503,94.7588284788529,TRUE,TRUE,TRUE,"map_full"
"map_full_age_3","6-11",14.5,-0.0887566202336404,0.00936370594129704,-0.107109483878583,-0.0704037565886982,0.0164865959077473,1.71186420675262,63.5304360657503,94.7588284788529,TRUE,TRUE,TRUE,"map_full"
"map_full_age_3","6-11",15,-0.0799911081419009,0.00837910126675062,-0.0964141466247321,-0.0635680696590697,0.0164865959077473,1.71186420675262,63.5304360657503,94.7588284788529,TRUE,TRUE,TRUE,"map_full"
"map_full_age_3","6-11",15.5,-0.0713523986554443,0.00742569185519907,-0.0859067546916344,-0.0567980426192541,0.0164865959077473,1.71186420675262,63.5304360657503,94.7588284788529,TRUE,TRUE,TRUE,"map_full"
"map_full_age_3","6-11",16,-0.0628447231785431,0.00650264248200965,-0.075589902443282,-0.0500995439138042,0.0164865959077473,1.71186420675262,63.5304360657503,94.7588284788529,TRUE,TRUE,TRUE,"map_full"
"map_full_age_3","6-11",16.5,-0.0544723131154705,0.0056088163133389,-0.0654655930896147,-0.0434790331413262,0.0164865959077473,1.71186420675262,63.5304360657503,94.7588284788529,TRUE,TRUE,TRUE,"map_full"
"map_full_age_3","6-11",17,-0.0462393998704992,0.00474274699242473,-0.0555351839756517,-0.0369436157653468,0.0164865959077473,1.71186420675262,63.5304360657503,94.7588284788529,TRUE,TRUE,TRUE,"map_full"
"map_full_age_3","6-11",17.5,-0.0381502148479024,0.00390261164122682,-0.045799333664707,-0.0305010960310978,0.0164865959077473,1.71186420675262,63.5304360657503,94.7588284788529,TRUE,TRUE,TRUE,"map_full"
"map_full_age_3","6-11",18,-0.0302089894519528,0.00308620608481567,-0.0362579533781915,-0.0241600255257141,0.0164865959077473,1.71186420675262,63.5304360657503,94.7588284788529,TRUE,TRUE,TRUE,"map_full"
"map_full_age_3","6-11",18.5,-0.0224199550869234,0.00229092391674199,-0.0269101659637377,-0.0179297442101091,0.0164865959077473,1.71186420675262,63.5304360657503,94.7588284788529,TRUE,TRUE,TRUE,"map_full"
"map_full_age_3","6-11",19,-0.0147873431570871,0.0015137415006827,-0.0177542764984252,-0.011820409815749,0.0164865959077473,1.71186420675262,63.5304360657503,94.7588284788529,TRUE,TRUE,TRUE,"map_full"
"map_full_age_3","6-11",19.5,-0.00731436982692005,0.000751246570763066,-0.00878681310561566,-0.00584192654822445,0.0164865959077473,1.71186420675262,63.5304360657503,94.7588284788529,TRUE,TRUE,TRUE,"map_full"
"map_full_age_3","6-11",20,0,0,0,0,0.0164865959077473,1.71186420675262,63.5304360657503,94.7588284788529,TRUE,TRUE,TRUE,"map_full"
"map_full_age_3","6-11",20.5,0.00715791401917946,0.000743110622598588,0.00570141719888623,0.00861441083947269,0.0164865959077473,1.71186420675262,63.5304360657503,94.7588284788529,TRUE,TRUE,TRUE,"map_full"
"map_full_age_3","6-11",21,0.0141615199299052,0.0014808296318822,0.0112590938514161,0.0170639460083944,0.0164865959077473,1.71186420675262,63.5304360657503,94.7588284788529,TRUE,TRUE,TRUE,"map_full"
"map_full_age_3","6-11",21.5,0.0210129654314644,0.00221552724899194,0.0166705320234402,0.0253553988394886,0.0164865959077473,1.71186420675262,63.5304360657503,94.7588284788529,TRUE,TRUE,TRUE,"map_full"
"map_full_age_3","6-11",22,0.0277143982231439,0.00294919999009876,0.0219339662425503,0.0334948302037374,0.0164865959077473,1.71186420675262,63.5304360657503,94.7588284788529,TRUE,TRUE,TRUE,"map_full"
"map_full_age_3","6-11",22.5,0.0342679660042305,0.00368347685799235,0.0270483513625655,0.0414875806458955,0.0164865959077473,1.71186420675262,63.5304360657503,94.7588284788529,TRUE,TRUE,TRUE,"map_full"
"map_full_age_3","6-11",23,0.0406758164740114,0.00441963048440211,0.0320133407245833,0.0493382922234395,0.0164865959077473,1.71186420675262,63.5304360657503,94.7588284788529,TRUE,TRUE,TRUE,"map_full"
"map_full_age_3","6-11",23.5,0.0469400973317735,0.0051585923040987,0.0368292564157401,0.057050938247807,0.0164865959077473,1.71186420675262,63.5304360657503,94.7588284788529,TRUE,TRUE,TRUE,"map_full"
"map_full_age_3","6-11",24,0.0530629562768036,0.00590097082756153,0.041497053454783,0.0646288590988242,0.0164865959077473,1.71186420675262,63.5304360657503,94.7588284788529,TRUE,TRUE,TRUE,"map_full"
"map_full_age_3","6-11",24.5,0.0590465410083888,0.00664707212284732,0.0460182796476081,0.0720748023691696,0.0164865959077473,1.71186420675262,63.5304360657503,94.7588284788529,TRUE,TRUE,TRUE,"map_full"
"map_full_age_3","6-11",25,0.064892999225816,0.00739692170272281,0.0503950326884793,0.0793909657631527,0.0164865959077473,1.71186420675262,63.5304360657503,94.7588284788529,TRUE,TRUE,TRUE,"map_full"
"map_full_age_3","6-11",25.5,0.0706044786283722,0.00815028712403459,0.0546299158652644,0.08657904139148,0.0164865959077473,1.71186420675262,63.5304360657503,94.7588284788529,TRUE,TRUE,TRUE,"map_full"
"map_full_age_3","6-11",26,0.0761831269153443,0.00890670072871236,0.0587259934870681,0.0936402603436206,0.0164865959077473,1.71186420675262,63.5304360657503,94.7588284788529,TRUE,TRUE,TRUE,"map_full"
"map_full_age_3","6-11",26.5,0.0816310917860194,0.00966548207877098,0.0626867469116283,0.100575436660411,0.0164865959077473,1.71186420675262,63.5304360657503,94.7588284788529,TRUE,TRUE,TRUE,"map_full"
"map_full_age_3","6-11",27,0.0869505209396843,0.010425759753422,0.0665160318229772,0.107385010056391,0.0164865959077473,1.71186420675262,63.5304360657503,94.7588284788529,TRUE,TRUE,TRUE,"map_full"
"map_full_age_3","6-11",27.5,0.092143562075626,0.0111864922801071,0.070218037206616,0.114069086944636,0.0164865959077473,1.71186420675262,63.5304360657503,94.7588284788529,TRUE,TRUE,TRUE,"map_full"
"map_full_age_3","6-11",28,0.0972123628931314,0.0119464880605471,0.0737972462944591,0.120627479491804,0.0164865959077473,1.71186420675262,63.5304360657503,94.7588284788529,TRUE,TRUE,TRUE,"map_full"
"map_full_age_3","6-11",28.5,0.102159071091488,0.0127044242272258,0.0772583996061249,0.12705974257685,0.0164865959077473,1.71186420675262,63.5304360657503,94.7588284788529,TRUE,TRUE,TRUE,"map_full"
"map_full_age_3","6-11",29,0.106985834369981,0.0134588644258565,0.0806064600953026,0.13336520864466,0.0164865959077473,1.71186420675262,63.5304360657503,94.7588284788529,TRUE,TRUE,TRUE,"map_full"
"map_full_age_3","6-11",29.5,0.1116948004279,0.0142082755668249,0.0838465803169232,0.139543020538877,0.0164865959077473,1.71186420675262,63.5304360657503,94.7588284788529,TRUE,TRUE,TRUE,"map_full"
"map_full_age_3","6-11",30,0.11628811696453,0.0149510436253248,0.0869840714588934,0.145592162470167,0.0164865959077473,1.71186420675262,63.5304360657503,94.7588284788529,TRUE,TRUE,TRUE,"map_full"
"map_full_age_3","6-11",30.5,0.120767931679159,0.0156854885979613,0.0900243740271544,0.151511489331163,0.0164865959077473,1.71186420675262,63.5304360657503,94.7588284788529,TRUE,TRUE,TRUE,"map_full"
"map_full_age_3","6-11",31,0.125136392271073,0.0164098787450272,0.0929730299308194,0.157299754611326,0.0164865959077473,1.71186420675262,63.5304360657503,94.7588284788529,TRUE,TRUE,TRUE,"map_full"
"map_full_age_3","6-11",31.5,0.129395646439559,0.0171224442643471,0.0958356556814391,0.16295563719768,0.0164865959077473,1.71186420675262,63.5304360657503,94.7588284788529,TRUE,TRUE,TRUE,"map_full"
"map_full_age_3","6-11",32,0.133547841883905,0.0178213905562207,0.0986179163937128,0.168477767374098,0.0164865959077473,1.71186420675262,63.5304360657503,94.7588284788529,TRUE,TRUE,TRUE,"map_full"
"map_full_age_3","6-11",32.5,0.137595126303398,0.0185049112510706,0.101325500251299,0.173864752355496,0.0164865959077473,1.71186420675262,63.5304360657503,94.7588284788529,TRUE,TRUE,TRUE,"map_full"
"map_full_age_3","6-11",33,0.141539647397323,0.0191712011832153,0.103964093078221,0.179115201716425,0.0164865959077473,1.71186420675262,63.5304360657503,94.7588284788529,TRUE,TRUE,TRUE,"map_full"
"map_full_age_3","6-11",33.5,0.145383552864969,0.0198184695068868,0.106539352631471,0.184227753098468,0.0164865959077473,1.71186420675262,63.5304360657503,94.7588284788529,TRUE,TRUE,TRUE,"map_full"
"map_full_age_3","6-11",34,0.149128990405623,0.0204449531652001,0.109056882201831,0.189201098609415,0.0164865959077473,1.71186420675262,63.5304360657503,94.7588284788529,TRUE,TRUE,TRUE,"map_full"
"map_full_age_3","6-11",34.5,0.15277810771857,0.0210489309401782,0.111522203075821,0.194034012361319,0.0164865959077473,1.71186420675262,63.5304360657503,94.7588284788529,TRUE,TRUE,TRUE,"map_full"
"map_full_age_3","6-11",35,0.156333052503099,0.0216287383329743,0.113940725370469,0.198725379635728,0.0164865959077473,1.71186420675262,63.5304360657503,94.7588284788529,TRUE,TRUE,TRUE,"map_full"
"map_full_age_3","6-11",35.5,0.159795972458495,0.0221827835488792,0.116317716702692,0.203274228214299,0.0164865959077473,1.71186420675262,63.5304360657503,94.7588284788529,TRUE,TRUE,TRUE,"map_full"
"map_full_age_3","6-11",36,0.163169015284047,0.0227095648922727,0.118658268095193,0.207679762472902,0.0164865959077473,1.71186420675262,63.5304360657503,94.7588284788529,TRUE,TRUE,TRUE,"map_full"
"map_full_age_3","6-11",36.5,0.166454328679041,0.0232076899129689,0.120967256449622,0.21194140090846,0.0164865959077473,1.71186420675262,63.5304360657503,94.7588284788529,TRUE,TRUE,TRUE,"map_full"
"map_full_age_3","6-11",37,0.169654060342764,0.0236758966878726,0.123249302834534,0.216058817850994,0.0164865959077473,1.71186420675262,63.5304360657503,94.7588284788529,TRUE,TRUE,TRUE,"map_full"
"map_full_age_3","6-11",37.5,0.172770357974503,0.0241130776706793,0.125508725739971,0.220031990209034,0.0164865959077473,1.71186420675262,63.5304360657503,94.7588284788529,TRUE,TRUE,TRUE,"map_full"
"map_full_age_3","6-11",38,0.175805369273544,0.0245183065972302,0.127749488342973,0.223861250204115,0.0164865959077473,1.71186420675262,63.5304360657503,94.7588284788529,TRUE,TRUE,TRUE,"map_full"
"map_full_age_3","6-11",38.5,0.178761261007142,0.0248911678757381,0.129974571970695,0.227547950043589,0.0164865959077473,1.71186420675262,63.5304360657503,94.7588284788529,TRUE,TRUE,TRUE,"map_full"
"map_full_age_3","6-11",39,0.181640335227834,0.025233555973874,0.132182565519041,0.231098104936627,0.0164865959077473,1.71186420675262,63.5304360657503,94.7588284788529,TRUE,TRUE,TRUE,"map_full"
"map_full_age_3","6-11",39.5,0.184444952485113,0.0255483462585157,0.134370193818422,0.234519711151804,0.0164865959077473,1.71186420675262,63.5304360657503,94.7588284788529,TRUE,TRUE,TRUE,"map_full"
"map_full_age_3","6-11",40,0.187177473561553,0.0258384332238726,0.136534144442763,0.237820802680343,0.0164865959077473,1.71186420675262,63.5304360657503,94.7588284788529,TRUE,TRUE,TRUE,"map_full"
"map_full_age_3","6-11",40.5,0.18984025923973,0.0261067061313837,0.138671115222218,0.241009403257241,0.0164865959077473,1.71186420675262,63.5304360657503,94.7588284788529,TRUE,TRUE,TRUE,"map_full"
"map_full_age_3","6-11",41,0.192435670302217,0.0263560292227525,0.140777853025622,0.244093487578812,0.0164865959077473,1.71186420675262,63.5304360657503,94.7588284788529,TRUE,TRUE,TRUE,"map_full"
"map_full_age_3","6-11",41.5,0.194966067531591,0.0265892224233061,0.142851191581912,0.247080943481271,0.0164865959077473,1.71186420675262,63.5304360657503,94.7588284788529,TRUE,TRUE,TRUE,"map_full"
"map_full_age_3","6-11",42,0.197433811710427,0.0268090423214541,0.144888088760377,0.249979534660477,0.0164865959077473,1.71186420675262,63.5304360657503,94.7588284788529,TRUE,TRUE,TRUE,"map_full"
"map_full_age_3","6-11",42.5,0.199841263621298,0.0270181633422753,0.146885663470439,0.252796863772158,0.0164865959077473,1.71186420675262,63.5304360657503,94.7588284788529,TRUE,TRUE,TRUE,"map_full"
"map_full_age_3","6-11",43,0.202190784046781,0.0272191591455093,0.148841232121583,0.255540335971979,0.0164865959077473,1.71186420675262,63.5304360657503,94.7588284788529,TRUE,TRUE,TRUE,"map_full"
"map_full_age_3","6-11",43.5,0.20448473376945,0.0274144843741053,0.150752344396204,0.258217123142696,0.0164865959077473,1.71186420675262,63.5304360657503,94.7588284788529,TRUE,TRUE,TRUE,"map_full"
"map_full_age_3","6-11",44,0.20672547357188,0.0276064569601426,0.15261681793,0.260834129213759,0.0164865959077473,1.71186420675262,63.5304360657503,94.7588284788529,TRUE,TRUE,TRUE,"map_full"
"map_full_age_3","6-11",44.5,0.208915364236646,0.0277972412599263,0.15443277136719,0.263397957106101,0.0164865959077473,1.71186420675262,63.5304360657503,94.7588284788529,TRUE,TRUE,TRUE,"map_full"
"map_full_age_3","6-11",45,0.211056766546323,0.0279888323379643,0.156198655163913,0.265914877928733,0.0164865959077473,1.71186420675262,63.5304360657503,94.7588284788529,TRUE,TRUE,TRUE,"map_full"
"map_full_age_3","6-11",45.5,0.213152041283486,0.02818304174862,0.15791327945619,0.268390803110781,0.0164865959077473,1.71186420675262,63.5304360657503,94.7588284788529,TRUE,TRUE,TRUE,"map_full"
"map_full_age_3","6-11",46,0.215203549230709,0.0283814851730192,0.159575838291592,0.270831260169827,0.0164865959077473,1.71186420675262,63.5304360657503,94.7588284788529,TRUE,TRUE,TRUE,"map_full"
"map_full_age_3","6-11",46.5,0.217213651170569,0.0285855722565314,0.161185929547767,0.273241372793371,0.0164865959077473,1.71186420675262,63.5304360657503,94.7588284788529,TRUE,TRUE,TRUE,"map_full"
"map_full_age_3","6-11",47,0.219184707885639,0.0287964989592437,0.162743569925522,0.275625845845757,0.0164865959077473,1.71186420675262,63.5304360657503,94.7588284788529,TRUE,TRUE,TRUE,"map_full"
"map_full_age_3","6-11",47.5,0.221119080158496,0.0290152426800545,0.164249204505589,0.277988955811402,0.0164865959077473,1.71186420675262,63.5304360657503,94.7588284788529,TRUE,TRUE,TRUE,"map_full"
"map_full_age_3","6-11",48,0.223019128771712,0.0292425603475109,0.165703710490591,0.280334547052834,0.0164865959077473,1.71186420675262,63.5304360657503,94.7588284788529,TRUE,TRUE,TRUE,"map_full"
"map_full_age_3","6-11",48.5,0.224887214507865,0.0294789895917294,0.167108394908075,0.282666034107655,0.0164865959077473,1.71186420675262,63.5304360657503,94.7588284788529,TRUE,TRUE,TRUE,"map_full"
"map_full_age_3","6-11",49,0.226725698149528,0.0297248530270142,0.16846498621658,0.284986410082476,0.0164865959077473,1.71186420675262,63.5304360657503,94.7588284788529,TRUE,TRUE,TRUE,"map_full"
"map_full_age_3","6-11",49.5,0.228536940479277,0.0299802655899294,0.169775619923015,0.287298261035538,0.0164865959077473,1.71186420675262,63.5304360657503,94.7588284788529,TRUE,TRUE,TRUE,"map_full"
"map_full_age_3","6-11",50,0.230323302279686,0.0302451447982618,0.171042818475093,0.289603786084279,0.0164865959077473,1.71186420675262,63.5304360657503,94.7588284788529,TRUE,TRUE,TRUE,"map_full"
"map_full_age_3","6-11",50.5,0.232087144333331,0.0305192237275999,0.172269465827235,0.291904822839426,0.0164865959077473,1.71186420675262,63.5304360657503,94.7588284788529,TRUE,TRUE,TRUE,"map_full"
"map_full_age_3","6-11",51,0.233830827422786,0.0308020664481219,0.173458777184467,0.294202877661105,0.0164865959077473,1.71186420675262,63.5304360657503,94.7588284788529,TRUE,TRUE,TRUE,"map_full"
"map_full_age_3","6-11",51.5,0.235556712330626,0.0310930856272229,0.174614264501269,0.296499160159983,0.0164865959077473,1.71186420675262,63.5304360657503,94.7588284788529,TRUE,TRUE,TRUE,"map_full"
"map_full_age_3","6-11",52,0.237267159839427,0.0313915619849069,0.17573969834901,0.298794621329845,0.0164865959077473,1.71186420675262,63.5304360657503,94.7588284788529,TRUE,TRUE,TRUE,"map_full"
"map_full_age_3","6-11",52.5,0.238964530731763,0.0316966652880619,0.176839066767162,0.301089994696365,0.0164865959077473,1.71186420675262,63.5304360657503,94.7588284788529,TRUE,TRUE,TRUE,"map_full"
"map_full_age_3","6-11",53,0.24065118579021,0.0320074765851866,0.177916531683244,0.303385839897175,0.0164865959077473,1.71186420675262,63.5304360657503,94.7588284788529,TRUE,TRUE,TRUE,"map_full"
"map_full_age_3","6-11",53.5,0.242329485797341,0.0323230114122699,0.178976383429292,0.30568258816539,0.0164865959077473,1.71186420675262,63.5304360657503,94.7588284788529,TRUE,TRUE,TRUE,"map_full"
"map_full_age_3","6-11",54,0.244001791535733,0.0326422437401366,0.180022993805065,0.307980589266401,0.0164865959077473,1.71186420675262,63.5304360657503,94.7588284788529,TRUE,TRUE,TRUE,"map_full"
"map_full_age_3","6-11",54.5,0.24567046378796,0.0329641304801844,0.181060768046799,0.310280159529121,0.0164865959077473,1.71186420675262,63.5304360657503,94.7588284788529,TRUE,TRUE,TRUE,"map_full"
"map_full_age_3","6-11",55,0.247337863336597,0.0332876364155858,0.182094095962049,0.312581630711145,0.0164865959077473,1.71186420675262,63.5304360657503,94.7588284788529,TRUE,TRUE,TRUE,"map_full"
"map_full_age_3","6-11",55.5,0.249006350964219,0.0336117594754877,0.183127302392263,0.314885399536175,0.0164865959077473,1.71186420675262,63.5304360657503,94.7588284788529,TRUE,TRUE,TRUE,"map_full"
"map_full_age_3","6-11",56,0.250678287453401,0.0339355563176282,0.18416459707085,0.317191977835952,0.0164865959077473,1.71186420675262,63.5304360657503,94.7588284788529,TRUE,TRUE,TRUE,"map_full"
"map_full_age_3","6-11",56.5,0.252356033586718,0.0342581682276423,0.185210023860539,0.319502043312897,0.0164865959077473,1.71186420675262,63.5304360657503,94.7588284788529,TRUE,TRUE,TRUE,"map_full"
"map_full_age_3","6-11",57,0.254041950146744,0.0345788473790467,0.186267409283813,0.321816491009676,0.0164865959077473,1.71186420675262,63.5304360657503,94.7588284788529,TRUE,TRUE,TRUE,"map_full"
"map_full_age_3","6-11",57.5,0.255738397759996,0.0348969835788857,0.18734030994538,0.324136485574612,0.0164865959077473,1.71186420675262,63.5304360657503,94.7588284788529,TRUE,TRUE,TRUE,"map_full"
"map_full_age_3","6-11",58,0.257447218251806,0.0352123130916881,0.188431084592098,0.326463351911515,0.0164865959077473,1.71186420675262,63.5304360657503,94.7588284788529,TRUE,TRUE,TRUE,"map_full"
"map_full_age_3","6-11",58.5,0.259168578456737,0.0355253544564814,0.189538883722034,0.328798273191441,0.0164865959077473,1.71186420675262,63.5304360657503,94.7588284788529,TRUE,TRUE,TRUE,"map_full"
"map_full_age_3","6-11",59,0.260902307807423,0.035836949869429,0.190661886063342,0.331142729551504,0.0164865959077473,1.71186420675262,63.5304360657503,94.7588284788529,TRUE,TRUE,TRUE,"map_full"
"map_full_age_3","6-11",59.5,0.262648235736498,0.0361481303224169,0.19179790030456,0.333498571168435,0.0164865959077473,1.71186420675262,63.5304360657503,94.7588284788529,TRUE,TRUE,TRUE,"map_full"
"map_full_age_3","6-11",60,0.264406191676595,0.0364600973613539,0.192944400848341,0.335867982504848,0.0164865959077473,1.71186420675262,63.5304360657503,94.7588284788529,TRUE,TRUE,TRUE,"map_full"
"map_full_age_3","6-11",60.5,0.266176005060348,0.0367742056030869,0.194098562078297,0.338253448042398,0.0164865959077473,1.71186420675262,63.5304360657503,94.7588284788529,TRUE,TRUE,TRUE,"map_full"
"map_full_age_3","6-11",61,0.267957505320391,0.0370919457865558,0.195257291578741,0.34065771906204,0.0164865959077473,1.71186420675262,63.5304360657503,94.7588284788529,TRUE,TRUE,TRUE,"map_full"
"map_full_age_3","6-11",61.5,0.269750521889357,0.0374149281592651,0.196417262697198,0.343083781081517,0.0164865959077473,1.71186420675262,63.5304360657503,94.7588284788529,TRUE,TRUE,TRUE,"map_full"
"map_full_age_3","6-11",62,0.271554884199881,0.0377448660309286,0.197574946779261,0.345534821620502,0.0164865959077473,1.71186420675262,63.5304360657503,94.7588284788529,TRUE,TRUE,TRUE,"map_full"
"map_full_age_3","6-11",62.5,0.273370421684597,0.0380835593613241,0.198726645336401,0.348014198032792,0.0164865959077473,1.71186420675262,63.5304360657503,94.7588284788529,TRUE,TRUE,TRUE,"map_full"
"map_full_age_3","6-11",63,0.275196963776136,0.0384328782881464,0.199868522331369,0.350525405220903,0.0164865959077473,1.71186420675262,63.5304360657503,94.7588284788529,TRUE,TRUE,TRUE,"map_full"
"map_full_age_3","6-11",63.5,0.277034339907135,0.0387947465421124,0.200996636684594,0.353072043129675,0.0164865959077473,1.71186420675262,63.5304360657503,94.7588284788529,TRUE,TRUE,TRUE,"map_full"
"map_full_age_3","6-11",63.5304360657503,0.277146530943091,0.0388172227862981,0.201064774281947,0.353228287604236,0.0164865959077473,1.71186420675262,63.5304360657503,94.7588284788529,TRUE,TRUE,TRUE,"map_full"
"map_full_age_3","6-11",64,0.278882379510226,0.0391711247397001,0.202106975020413,0.355657784000038,0.0164865959077473,1.71186420675262,63.5304360657503,94.7588284788529,TRUE,FALSE,TRUE,"map_full"
"map_full_age_3","6-11",64.5,0.280740912018042,0.0395639935874721,0.203195484586597,0.358286339449488,0.0164865959077473,1.71186420675262,63.5304360657503,94.7588284788529,TRUE,FALSE,TRUE,"map_full"
"map_full_age_3","6-11",65,0.282609766863219,0.0399753370744519,0.204258106197293,0.360961427529145,0.0164865959077473,1.71186420675262,63.5304360657503,94.7588284788529,TRUE,FALSE,TRUE,"map_full"
"map_full_age_3","6-11",65.5,0.284488773478389,0.0404071257688249,0.205290806971492,0.363686739985286,0.0164865959077473,1.71186420675262,63.5304360657503,94.7588284788529,TRUE,FALSE,TRUE,"map_full"
"map_full_age_3","6-11",66,0.286377761296186,0.040861300370505,0.206289612569996,0.366465910022376,0.0164865959077473,1.71186420675262,63.5304360657503,94.7588284788529,TRUE,FALSE,TRUE,"map_full"
"map_full_age_3","6-11",66.5,0.288276559749244,0.0413397557000358,0.207250638577174,0.369302480921315,0.0164865959077473,1.71186420675262,63.5304360657503,94.7588284788529,TRUE,FALSE,TRUE,"map_full"
"map_full_age_3","6-11",67,0.290184998270197,0.0418443253251787,0.208170120632847,0.372199875907548,0.0164865959077473,1.71186420675262,63.5304360657503,94.7588284788529,TRUE,FALSE,TRUE,"map_full"
"map_full_age_3","6-11",67.5,0.292102906291679,0.0423767670379994,0.2090444428972,0.375161369686158,0.0164865959077473,1.71186420675262,63.5304360657503,94.7588284788529,TRUE,FALSE,TRUE,"map_full"
"map_full_age_3","6-11",68,0.294030113246322,0.0429387493963272,0.209870164429521,0.378190062063124,0.0164865959077473,1.71186420675262,63.5304360657503,94.7588284788529,TRUE,FALSE,TRUE,"map_full"
"map_full_age_3","6-11",68.5,0.295966448566762,0.0435318395337708,0.210644043080571,0.381288854052952,0.0164865959077473,1.71186420675262,63.5304360657503,94.7588284788529,TRUE,FALSE,TRUE,"map_full"
"map_full_age_3","6-11",69,0.297911741685631,0.0441574924223047,0.211363056537914,0.384460426833348,0.0164865959077473,1.71186420675262,63.5304360657503,94.7588284788529,TRUE,FALSE,TRUE,"map_full"
"map_full_age_3","6-11",69.5,0.299865822035564,0.0448170417417689,0.212024420221696,0.387707223849431,0.0164865959077473,1.71186420675262,63.5304360657503,94.7588284788529,TRUE,FALSE,TRUE,"map_full"
"map_full_age_3","6-11",70,0.301828519049193,0.0455116924730535,0.212625601802008,0.391031436296378,0.0164865959077473,1.71186420675262,63.5304360657503,94.7588284788529,TRUE,FALSE,TRUE,"map_full"
"map_full_age_3","6-11",70.5,0.303799662159154,0.0462425152884132,0.213164332193864,0.394434992124444,0.0164865959077473,1.71186420675262,63.5304360657503,94.7588284788529,TRUE,FALSE,TRUE,"map_full"
"map_full_age_3","6-11",71,0.305779080798079,0.0470104427657614,0.213638612977186,0.397919548618971,0.0164865959077473,1.71186420675262,63.5304360657503,94.7588284788529,TRUE,FALSE,TRUE,"map_full"
"map_full_age_3","6-11",71.5,0.307766604398602,0.0478162674065768,0.214046720281712,0.401486488515493,0.0164865959077473,1.71186420675262,63.5304360657503,94.7588284788529,TRUE,FALSE,TRUE,"map_full"
"map_full_age_3","6-11",72,0.309762062393358,0.0486606413917988,0.214387205265432,0.405136919521284,0.0164865959077473,1.71186420675262,63.5304360657503,94.7588284788529,TRUE,FALSE,TRUE,"map_full"
"map_full_age_3","6-11",72.5,0.311765284214979,0.0495440779691046,0.214658891395534,0.408871677034424,0.0164865959077473,1.71186420675262,63.5304360657503,94.7588284788529,TRUE,FALSE,TRUE,"map_full"
"map_full_age_3","6-11",73,0.3137760992961,0.0504669543301258,0.214860868809053,0.412691329783146,0.0164865959077473,1.71186420675262,63.5304360657503,94.7588284788529,TRUE,FALSE,TRUE,"map_full"
"map_full_age_3","6-11",73.5,0.315794337069354,0.0514295158088125,0.214992486084082,0.416596188054626,0.0164865959077473,1.71186420675262,63.5304360657503,94.7588284788529,TRUE,FALSE,TRUE,"map_full"
"map_full_age_3","6-11",74,0.317819826967375,0.0524318812130147,0.215053339789866,0.420586314144884,0.0164865959077473,1.71186420675262,63.5304360657503,94.7588284788529,TRUE,FALSE,TRUE,"map_full"
"map_full_age_3","6-11",74.5,0.319852398422797,0.0534740490905777,0.215043262205265,0.424661534640329,0.0164865959077473,1.71186420675262,63.5304360657503,94.7588284788529,TRUE,FALSE,TRUE,"map_full"
"map_full_age_3","6-11",75,0.321891880868253,0.0545559047284406,0.21496230760051,0.428821454135997,0.0164865959077473,1.71186420675262,63.5304360657503,94.7588284788529,TRUE,FALSE,TRUE,"map_full"
"map_full_age_3","6-11",75.5,0.323938103736378,0.055677227687595,0.214810737468692,0.433065470004064,0.0164865959077473,1.71186420675262,63.5304360657503,94.7588284788529,TRUE,FALSE,TRUE,"map_full"
"map_full_age_3","6-11",76,0.325990896459804,0.0568376996871611,0.214589005072969,0.43739278784664,0.0164865959077473,1.71186420675262,63.5304360657503,94.7588284788529,TRUE,FALSE,TRUE,"map_full"
"map_full_age_3","6-11",76.5,0.328050088471167,0.0580369126659961,0.214297739645814,0.441802437296519,0.0164865959077473,1.71186420675262,63.5304360657503,94.7588284788529,TRUE,FALSE,TRUE,"map_full"
"map_full_age_3","6-11",77,0.330115509203098,0.0592743768687975,0.213937730540255,0.446293287865941,0.0164865959077473,1.71186420675262,63.5304360657503,94.7588284788529,TRUE,FALSE,TRUE,"map_full"
"map_full_age_3","6-11",77.5,0.332186988088233,0.0605495288242947,0.213509911592615,0.45086406458385,0.0164865959077473,1.71186420675262,63.5304360657503,94.7588284788529,TRUE,FALSE,TRUE,"map_full"
"map_full_age_3","6-11",78,0.334264354559205,0.0618617391046499,0.213015345914091,0.455513363204318,0.0164865959077473,1.71186420675262,63.5304360657503,94.7588284788529,TRUE,FALSE,TRUE,"map_full"
"map_full_age_3","6-11",78.5,0.336347438048647,0.0632103197765948,0.212455211286521,0.460239664810773,0.0164865959077473,1.71186420675262,63.5304360657503,94.7588284788529,TRUE,FALSE,TRUE,"map_full"
"map_full_age_3","6-11",79,0.338436067989193,0.0645945314753039,0.211830786297598,0.465041349680789,0.0164865959077473,1.71186420675262,63.5304360657503,94.7588284788529,TRUE,FALSE,TRUE,"map_full"
"map_full_age_3","6-11",79.5,0.340530073813478,0.0660135900509406,0.211143437313635,0.469916710313322,0.0164865959077473,1.71186420675262,63.5304360657503,94.7588284788529,TRUE,FALSE,TRUE,"map_full"
"map_full_age_3","6-11",80,0.342629284954135,0.0674666727548048,0.210394606354717,0.474863963553552,0.0164865959077473,1.71186420675262,63.5304360657503,94.7588284788529,TRUE,FALSE,TRUE,"map_full"
"map_full_age_3","6-11",80.5,0.344733530843797,0.0689529239468231,0.209585799908024,0.47988126177957,0.0164865959077473,1.71186420675262,63.5304360657503,94.7588284788529,TRUE,FALSE,TRUE,"map_full"
"map_full_age_3","6-11",81,0.346842640915098,0.0704714603186825,0.208718578690481,0.484966703139716,0.0164865959077473,1.71186420675262,63.5304360657503,94.7588284788529,TRUE,FALSE,TRUE,"map_full"
"map_full_age_3","6-11",81.5,0.348956444600673,0.0720213756372362,0.20779454835169,0.490118340849656,0.0164865959077473,1.71186420675262,63.5304360657503,94.7588284788529,TRUE,FALSE,TRUE,"map_full"
"map_full_age_3","6-11",82,0.351074771333154,0.0736017450210411,0.206815351091914,0.495334191574395,0.0164865959077473,1.71186420675262,63.5304360657503,94.7588284788529,TRUE,FALSE,TRUE,"map_full"
"map_full_age_3","6-11",82.5,0.353197450545176,0.0752116287691875,0.205782658157568,0.500612242932783,0.0164865959077473,1.71186420675262,63.5304360657503,94.7588284788529,TRUE,FALSE,TRUE,"map_full"
"map_full_age_3","6-11",83,0.355324311669372,0.076850075766181,0.204698163167657,0.505950460171087,0.0164865959077473,1.71186420675262,63.5304360657503,94.7588284788529,TRUE,FALSE,TRUE,"map_full"
"map_full_age_3","6-11",83.5,0.357455184138376,0.0785161264897526,0.203563576218461,0.511346792058291,0.0164865959077473,1.71186420675262,63.5304360657503,94.7588284788529,TRUE,FALSE,TRUE,"map_full"
"map_full_age_3","6-11",84,0.359589897384822,0.0802088156503484,0.202380618710139,0.516799176059505,0.0164865959077473,1.71186420675262,63.5304360657503,94.7588284788529,TRUE,FALSE,TRUE,"map_full"
"map_full_age_3","6-11",84.5,0.361728280841343,0.0819271744919016,0.201151018837216,0.52230554284547,0.0164865959077473,1.71186420675262,63.5304360657503,94.7588284788529,TRUE,FALSE,TRUE,"map_full"
"map_full_age_3","6-11",85,0.363870163940573,0.083670232783522,0.19987650768487,0.527863820196277,0.0164865959077473,1.71186420675262,63.5304360657503,94.7588284788529,TRUE,FALSE,TRUE,"map_full"
"map_full_age_3","6-11",85.5,0.366015376115147,0.0854370205311371,0.198558815874118,0.533471936356175,0.0164865959077473,1.71186420675262,63.5304360657503,94.7588284788529,TRUE,FALSE,TRUE,"map_full"
"map_full_age_3","6-11",86,0.368163746797697,0.0872265694370395,0.197199670701099,0.539127822894294,0.0164865959077473,1.71186420675262,63.5304360657503,94.7588284788529,TRUE,FALSE,TRUE,"map_full"
"map_full_age_3","6-11",86.5,0.370315105420857,0.0890379141338831,0.195800793718446,0.544829417123268,0.0164865959077473,1.71186420675262,63.5304360657503,94.7588284788529,TRUE,FALSE,TRUE,"map_full"
"map_full_age_3","6-11",87,0.372469281417261,0.0908700932180223,0.194363898709938,0.550574664124585,0.0164865959077473,1.71186420675262,63.5304360657503,94.7588284788529,TRUE,FALSE,TRUE,"map_full"
"map_full_age_3","6-11",87.5,0.374626104219544,0.0927221501053176,0.192890690013121,0.556361518425966,0.0164865959077473,1.71186420675262,63.5304360657503,94.7588284788529,TRUE,FALSE,TRUE,"map_full"
"map_full_age_3","6-11",88,0.376785403260338,0.0945931337306885,0.191382861148188,0.562187945372487,0.0164865959077473,1.71186420675262,63.5304360657503,94.7588284788529,TRUE,FALSE,TRUE,"map_full"
"map_full_age_3","6-11",88.5,0.378947007972277,0.0964820991108577,0.189842093714996,0.568051922229558,0.0164865959077473,1.71186420675262,63.5304360657503,94.7588284788529,TRUE,FALSE,TRUE,"map_full"
"map_full_age_3","6-11",89,0.381110747787995,0.0983881077879242,0.188270056523664,0.573951439052327,0.0164865959077473,1.71186420675262,63.5304360657503,94.7588284788529,TRUE,FALSE,TRUE,"map_full"
"map_full_age_3","6-11",89.5,0.383276452140127,0.100310228169675,0.186668404927564,0.579884499352689,0.0164865959077473,1.71186420675262,63.5304360657503,94.7588284788529,TRUE,FALSE,TRUE,"map_full"
"map_full_age_3","6-11",90,0.385443950461304,0.102247535780899,0.185038780330742,0.585849120591867,0.0164865959077473,1.71186420675262,63.5304360657503,94.7588284788529,TRUE,FALSE,TRUE,"map_full"
"map_full_age_3","6-11",90.5,0.387613072184162,0.104199113438443,0.183382809844814,0.591843334523511,0.0164865959077473,1.71186420675262,63.5304360657503,94.7588284788529,TRUE,FALSE,TRUE,"map_full"
"map_full_age_3","6-11",91,0.389783646741335,0.106164051361304,0.181702106073179,0.59786518740949,0.0164865959077473,1.71186420675262,63.5304360657503,94.7588284788529,TRUE,FALSE,TRUE,"map_full"
"map_full_age_3","6-11",91.5,0.391955503565454,0.10814144722578,0.179998267002926,0.603912740127983,0.0164865959077473,1.71186420675262,63.5304360657503,94.7588284788529,TRUE,FALSE,TRUE,"map_full"
"map_full_age_3","6-11",92,0.394128472089156,0.110130406174478,0.178272875987178,0.609984068191133,0.0164865959077473,1.71186420675262,63.5304360657503,94.7588284788529,TRUE,FALSE,TRUE,"map_full"
"map_full_age_3","6-11",92.5,0.396302381745072,0.112130040786922,0.176527501802705,0.61607726168744,0.0164865959077473,1.71186420675262,63.5304360657503,94.7588284788529,TRUE,FALSE,TRUE,"map_full"
"map_full_age_3","6-11",93,0.398477061965838,0.114139471018514,0.17476369876955,0.622190425162125,0.0164865959077473,1.71186420675262,63.5304360657503,94.7588284788529,TRUE,FALSE,TRUE,"map_full"
"map_full_age_3","6-11",93.5,0.400652342184086,0.116157824113753,0.17298300692113,0.628321677447041,0.0164865959077473,1.71186420675262,63.5304360657503,94.7588284788529,TRUE,FALSE,TRUE,"map_full"
"map_full_age_3","6-11",94,0.40282805183245,0.118184234498818,0.171186952214768,0.634469151450133,0.0164865959077473,1.71186420675262,63.5304360657503,94.7588284788529,TRUE,FALSE,TRUE,"map_full"
"map_full_age_3","6-11",94.5,0.405004020343565,0.120217843657945,0.169377046773994,0.640630993913137,0.0164865959077473,1.71186420675262,63.5304360657503,94.7588284788529,TRUE,FALSE,TRUE,"map_full"
"map_full_age_3","6-11",94.7588284788529,0.40613047103915,0.121273102355188,0.168435190422982,0.643825751655319,0.0164865959077473,1.71186420675262,63.5304360657503,94.7588284788529,TRUE,FALSE,TRUE,"map_full"
"map_full_age_3","6-11",95,0.407180080340226,0.122257810246594,0.167554772256903,0.646805388423549,0.0164865959077473,1.71186420675262,63.5304360657503,94.7588284788529,FALSE,FALSE,TRUE,"map_full"
"map_full_age_3","6-11",95.5,0.409356144280287,0.124303557815023,0.165721170962843,0.652991117597731,0.0164865959077473,1.71186420675262,63.5304360657503,94.7588284788529,FALSE,FALSE,TRUE,"map_full"
"map_full_age_3","6-11",96,0.411532208220348,0.126354793587663,0.163876812788529,0.659187603652167,0.0164865959077473,1.71186420675262,63.5304360657503,94.7588284788529,FALSE,FALSE,TRUE,"map_full"
"map_full_age_3","6-11",96.5,0.413708272160409,0.12841125455978,0.16202221322324,0.665394331097578,0.0164865959077473,1.71186420675262,63.5304360657503,94.7588284788529,FALSE,FALSE,TRUE,"map_full"
"map_full_age_3","6-11",97,0.41588433610047,0.130472693658788,0.160157856529245,0.671610815671695,0.0164865959077473,1.71186420675262,63.5304360657503,94.7588284788529,FALSE,FALSE,TRUE,"map_full"
"map_full_age_3","6-11",97.5,0.418060400040531,0.132538878603491,0.158284197977688,0.677836602103374,0.0164865959077473,1.71186420675262,63.5304360657503,94.7588284788529,FALSE,FALSE,TRUE,"map_full"
"map_full_age_3","6-11",98,0.420236463980592,0.134609590855517,0.156401665903779,0.684071262057405,0.0164865959077473,1.71186420675262,63.5304360657503,94.7588284788529,FALSE,FALSE,TRUE,"map_full"
"map_full_age_3","6-11",98.5,0.422412527920653,0.136684624654845,0.154510663597157,0.690314392244149,0.0164865959077473,1.71186420675262,63.5304360657503,94.7588284788529,FALSE,FALSE,TRUE,"map_full"
"map_full_age_3","6-11",99,0.424588591860714,0.13876378613208,0.152611571041837,0.696565612679591,0.0164865959077473,1.71186420675262,63.5304360657503,94.7588284788529,FALSE,FALSE,TRUE,"map_full"
"map_full_age_3","6-11",99.5,0.426764655800775,0.140846892490786,0.150704746518834,0.702824565082716,0.0164865959077473,1.71186420675262,63.5304360657503,94.7588284788529,FALSE,FALSE,TRUE,"map_full"
"map_full_age_3","6-11",100,0.428940719740836,0.142933771253823,0.148790528083344,0.709090911398329,0.0164865959077473,1.71186420675262,63.5304360657503,94.7588284788529,FALSE,FALSE,TRUE,"map_full"
"map_full_age_4","12-23",0,-0.62800329368861,0.0635655065549974,-0.752591686536405,-0.503414900840815,0.0164865959077473,1.68818322535867,63.1664103499948,94.7588284788529,FALSE,FALSE,TRUE,"map_full"
"map_full_age_4","12-23",0.0164865959077473,-0.627394224604756,0.0634951946219685,-0.751844806063814,-0.502943643145698,0.0164865959077473,1.68818322535867,63.1664103499948,94.7588284788529,TRUE,FALSE,TRUE,"map_full"
"map_full_age_4","12-23",0.5,-0.60953322020473,0.0614345475968925,-0.72994493349464,-0.489121506914821,0.0164865959077473,1.68818322535867,63.1664103499948,94.7588284788529,TRUE,FALSE,TRUE,"map_full"
"map_full_age_4","12-23",1,-0.591073227937441,0.059308049545592,-0.707317005046801,-0.474829450828081,0.0164865959077473,1.68818322535867,63.1664103499948,94.7588284788529,TRUE,FALSE,TRUE,"map_full"
"map_full_age_4","12-23",1.5,-0.572633741720865,0.0571882772027485,-0.684722765038252,-0.460544718403478,0.0164865959077473,1.68818322535867,63.1664103499948,94.7588284788529,TRUE,FALSE,TRUE,"map_full"
"map_full_age_4","12-23",1.68818322535867,-0.565701187836695,0.0563926715623975,-0.676230824098994,-0.455171551574396,0.0164865959077473,1.68818322535867,63.1664103499948,94.7588284788529,TRUE,TRUE,TRUE,"map_full"
"map_full_age_4","12-23",2,-0.554225186451413,0.055077488629469,-0.662177064165173,-0.446273308737654,0.0164865959077473,1.68818322535867,63.1664103499948,94.7588284788529,TRUE,TRUE,TRUE,"map_full"
"map_full_age_4","12-23",2.5,-0.535857987025498,0.0529779333290156,-0.639694736350369,-0.432021237700628,0.0164865959077473,1.68818322535867,63.1664103499948,94.7588284788529,TRUE,TRUE,TRUE,"map_full"
"map_full_age_4","12-23",3,-0.51754256833953,0.0508918502371981,-0.617290594804438,-0.417794541874622,0.0164865959077473,1.68818322535867,63.1664103499948,94.7588284788529,TRUE,TRUE,TRUE,"map_full"
"map_full_age_4","12-23",3.5,-0.49928935528992,0.0488214654706316,-0.594979427612358,-0.403599282967482,0.0164865959077473,1.68818322535867,63.1664103499948,94.7588284788529,TRUE,TRUE,TRUE,"map_full"
"map_full_age_4","12-23",4,-0.48110877277308,0.0467689897889958,-0.572775992759512,-0.389441552786648,0.0164865959077473,1.68818322535867,63.1664103499948,94.7588284788529,TRUE,TRUE,TRUE,"map_full"
"map_full_age_4","12-23",4.5,-0.463011245685421,0.044736615720031,-0.550695012496682,-0.37532747887416,0.0164865959077473,1.68818322535867,63.1664103499948,94.7588284788529,TRUE,TRUE,TRUE,"map_full"
"map_full_age_4","12-23",5,-0.445007198923354,0.0427265142872434,-0.528751166926351,-0.361263230920357,0.0164865959077473,1.68818322535867,63.1664103499948,94.7588284788529,TRUE,TRUE,TRUE,"map_full"
"map_full_age_4","12-23",5.5,-0.42710705738329,0.0407408312699498,-0.506959086672392,-0.347255028094189,0.0164865959077473,1.68818322535867,63.1664103499948,94.7588284788529,TRUE,TRUE,TRUE,"map_full"
"map_full_age_4","12-23",6,-0.409321245961641,0.0387816829131106,-0.485333344471338,-0.333309147451945,0.0164865959077473,1.68818322535867,63.1664103499948,94.7588284788529,TRUE,TRUE,TRUE,"map_full"
"map_full_age_4","12-23",6.5,-0.391660189554818,0.0368511509901227,-0.463888445495459,-0.319431933614178,0.0164865959077473,1.68818322535867,63.1664103499948,94.7588284788529,TRUE,TRUE,TRUE,"map_full"
"map_full_age_4","12-23",7,-0.374134313059232,0.0349512771050655,-0.442638816185161,-0.305629809933304,0.0164865959077473,1.68818322535867,63.1664103499948,94.7588284788529,TRUE,TRUE,TRUE,"map_full"
"map_full_age_4","12-23",7.5,-0.356754041371295,0.033084056101549,-0.421598791330331,-0.291909291412259,0.0164865959077473,1.68818322535867,63.1664103499948,94.7588284788529,TRUE,TRUE,TRUE,"map_full"
"map_full_age_4","12-23",8,-0.339529799387417,0.0312514284230482,-0.400782599096591,-0.278276999678242,0.0164865959077473,1.68818322535867,63.1664103499948,94.7588284788529,TRUE,TRUE,TRUE,"map_full"
"map_full_age_4","12-23",8.5,-0.32247201200401,0.0294552712442526,-0.380204343642745,-0.264739680365275,0.0164865959077473,1.68818322535867,63.1664103499948,94.7588284788529,TRUE,TRUE,TRUE,"map_full"
"map_full_age_4","12-23",9,-0.305591104117485,0.0276973881644931,-0.359877984919891,-0.251304223315078,0.0164865959077473,1.68818322535867,63.1664103499948,94.7588284788529,TRUE,TRUE,TRUE,"map_full"
"map_full_age_4","12-23",9.5,-0.288897500624253,0.0259794972229637,-0.339817315181262,-0.237977686067244,0.0164865959077473,1.68818322535867,63.1664103499948,94.7588284788529,TRUE,TRUE,TRUE,"map_full"
"map_full_age_4","12-23",10,-0.272401626420726,0.0243032169618634,-0.320035931665978,-0.224767321175474,0.0164865959077473,1.68818322535867,63.1664103499948,94.7588284788529,TRUE,TRUE,TRUE,"map_full"
"map_full_age_4","12-23",10.5,-0.256113906403315,0.0226700502289925,-0.30054720485214,-0.21168060795449,0.0164865959077473,1.68818322535867,63.1664103499948,94.7588284788529,TRUE,TRUE,TRUE,"map_full"
"map_full_age_4","12-23",11,-0.240044765468431,0.0210813653778971,-0.281364241609109,-0.198725289327752,0.0164865959077473,1.68818322535867,63.1664103499948,94.7588284788529,TRUE,TRUE,TRUE,"map_full"
"map_full_age_4","12-23",11.5,-0.224204628512485,0.0195383744947995,-0.262499842522292,-0.185909414502678,0.0164865959077473,1.68818322535867,63.1664103499948,94.7588284788529,TRUE,TRUE,TRUE,"map_full"
"map_full_age_4","12-23",12,-0.208603920431889,0.0180421082624477,-0.243966452626286,-0.173241388237491,0.0164865959077473,1.68818322535867,63.1664103499948,94.7588284788529,TRUE,TRUE,TRUE,"map_full"
"map_full_age_4","12-23",12.5,-0.193253066123053,0.0165933870691688,-0.225776104778624,-0.160730027467482,0.0164865959077473,1.68818322535867,63.1664103499948,94.7588284788529,TRUE,TRUE,TRUE,"map_full"
"map_full_age_4","12-23",13,-0.17816249048239,0.0151927879971892,-0.20794035495688,-0.148384626007899,0.0164865959077473,1.68818322535867,63.1664103499948,94.7588284788529,TRUE,TRUE,TRUE,"map_full"
"map_full_age_4","12-23",13.5,-0.16334261840631,0.013840607391458,-0.190470208893567,-0.136215027919052,0.0164865959077473,1.68818322535867,63.1664103499948,94.7588284788529,TRUE,TRUE,TRUE,"map_full"
"map_full_age_4","12-23",14,-0.148803874791224,0.0125368188361827,-0.173376039710142,-0.124231709872306,0.0164865959077473,1.68818322535867,63.1664103499948,94.7588284788529,TRUE,TRUE,TRUE,"map_full"
"map_full_age_4","12-23",14.5,-0.134556684533544,0.0112810265716001,-0.15666749661388,-0.112445872453208,0.0164865959077473,1.68818322535867,63.1664103499948,94.7588284788529,TRUE,TRUE,TRUE,"map_full"
"map_full_age_4","12-23",15,-0.120611472529681,0.0100724146903711,-0.140353405322809,-0.100869539736554,0.0164865959077473,1.68818322535867,63.1664103499948,94.7588284788529,TRUE,TRUE,TRUE,"map_full"
"map_full_age_4","12-23",15.5,-0.106978663676047,0.00890969288193225,-0.124441661724634,-0.0895156656274598,0.0164865959077473,1.68818322535867,63.1664103499948,94.7588284788529,TRUE,TRUE,TRUE,"map_full"
"map_full_age_4","12-23",16,-0.0936686828690519,0.00779104005740157,-0.108939121381559,-0.0783982443565448,0.0164865959077473,1.68818322535867,63.1664103499948,94.7588284788529,TRUE,TRUE,TRUE,"map_full"
"map_full_age_4","12-23",16.5,-0.0806919550051077,0.00671404788525893,-0.0938514888602152,-0.0675324211500002,0.0164865959077473,1.68818322535867,63.1664103499948,94.7588284788529,TRUE,TRUE,TRUE,"map_full"
"map_full_age_4","12-23",17,-0.0680589049806254,0.00567566707304763,-0.0791832124437987,-0.056934597517452,0.0164865959077473,1.68818322535867,63.1664103499948,94.7588284788529,TRUE,TRUE,TRUE,"map_full"
"map_full_age_4","12-23",17.5,-0.0557799576920162,0.00467216009025387,-0.0649373914689138,-0.0466225239151187,0.0164865959077473,1.68818322535867,63.1664103499948,94.7588284788529,TRUE,TRUE,TRUE,"map_full"
"map_full_age_4","12-23",18,-0.0438655380356918,0.00369906489441037,-0.0511157052287361,-0.0366153708426475,0.0164865959077473,1.68818322535867,63.1664103499948,94.7588284788529,TRUE,TRUE,TRUE,"map_full"
"map_full_age_4","12-23",18.5,-0.0323260709080629,0.002751175267183,-0.0377183744317416,-0.0269337673843842,0.0164865959077473,1.68818322535867,63.1664103499948,94.7588284788529,TRUE,TRUE,TRUE,"map_full"
"map_full_age_4","12-23",19,-0.021170754722042,0.00182258441363926,-0.0247430201727749,-0.017598489271309,0.0164865959077473,1.68818322535867,63.1664103499948,94.7588284788529,TRUE,TRUE,TRUE,"map_full"
"map_full_age_4","12-23",19.5,-0.0103978758468166,0.000907313093084343,-0.0121762095092619,-0.0086195421843713,0.0164865959077473,1.68818322535867,63.1664103499948,94.7588284788529,TRUE,TRUE,TRUE,"map_full"
"map_full_age_4","12-23",20,0,0,0,0,0.0164865959077473,1.68818322535867,63.1664103499948,94.7588284788529,TRUE,TRUE,TRUE,"map_full"
"map_full_age_4","12-23",20.5,0.0100303575125225,0.00090403182938646,0.00825845512692504,0.01180225989812,0.0164865959077473,1.68818322535867,63.1664103499948,94.7588284788529,TRUE,TRUE,TRUE,"map_full"
"map_full_age_4","12-23",21,0.0197006813848655,0.00180876164197202,0.0161555085666004,0.0232458542031307,0.0164865959077473,1.68818322535867,63.1664103499948,94.7588284788529,TRUE,TRUE,TRUE,"map_full"
"map_full_age_4","12-23",21.5,0.0290184563111435,0.00271747343551865,0.023692208377527,0.0343447042447601,0.0164865959077473,1.68818322535867,63.1664103499948,94.7588284788529,TRUE,TRUE,TRUE,"map_full"
"map_full_age_4","12-23",22,0.0379911669854713,0.00363277266807735,0.0308709325560397,0.0451114014149029,0.0164865959077473,1.68818322535867,63.1664103499948,94.7588284788529,TRUE,TRUE,TRUE,"map_full"
"map_full_age_4","12-23",22.5,0.0466262981019633,0.00455661448806306,0.0376953337053597,0.0555572624985669,0.0164865959077473,1.68818322535867,63.1664103499948,94.7588284788529,TRUE,TRUE,TRUE,"map_full"
"map_full_age_4","12-23",23,0.0549313343547342,0.00549034062116053,0.0441702667372596,0.0656924019722089,0.0164865959077473,1.68818322535867,63.1664103499948,94.7588284788529,TRUE,TRUE,TRUE,"map_full"
"map_full_age_4","12-23",23.5,0.0629137604378986,0.00643472216755083,0.050301704989499,0.0755258158862982,0.0164865959077473,1.68818322535867,63.1664103499948,94.7588284788529,TRUE,TRUE,TRUE,"map_full"
"map_full_age_4","12-23",24,0.0705810610455711,0.00739000585971925,0.0560966495605214,0.0850654725306208,0.0164865959077473,1.68818322535867,63.1664103499948,94.7588284788529,TRUE,TRUE,TRUE,"map_full"
"map_full_age_4","12-23",24.5,0.0779407208718664,0.00835596172863706,0.0615630358837377,0.094318405859995,0.0164865959077473,1.68818322535867,63.1664103499948,94.7588284788529,TRUE,TRUE,TRUE,"map_full"
"map_full_age_4","12-23",25,0.0850002246108989,0.00933193055865183,0.0667096407159413,0.103290808505856,0.0164865959077473,1.68818322535867,63.1664103499948,94.7588284788529,TRUE,TRUE,TRUE,"map_full"
"map_full_age_4","12-23",25.5,0.0917670569567835,0.0103168699309407,0.0715459918921397,0.111988122021427,0.0164865959077473,1.68818322535867,63.1664103499948,94.7588284788529,TRUE,TRUE,TRUE,"map_full"
"map_full_age_4","12-23",26,0.0982487026036344,0.0113093980315955,0.0760822824617071,0.120415122745562,0.0164865959077473,1.68818322535867,63.1664103499948,94.7588284788529,TRUE,TRUE,TRUE,"map_full"
"map_full_age_4","12-23",26.5,0.104452646245567,0.0123078347180606,0.0803292901981679,0.128576002292965,0.0164865959077473,1.68818322535867,63.1664103499948,94.7588284788529,TRUE,TRUE,TRUE,"map_full"
"map_full_age_4","12-23",27,0.110386372576694,0.0133102395926342,0.0842983029751315,0.136474442178257,0.0164865959077473,1.68818322535867,63.1664103499948,94.7588284788529,TRUE,TRUE,TRUE,"map_full"
"map_full_age_4","12-23",27.5,0.116057366291133,0.0143144470273259,0.088001050117574,0.144113682464692,0.0164865959077473,1.68818322535867,63.1664103499948,94.7588284788529,TRUE,TRUE,TRUE,"map_full"
"map_full_age_4","12-23",28,0.121473112082996,0.0153180982278885,0.0914496395563346,0.151496584609658,0.0164865959077473,1.68818322535867,63.1664103499948,94.7588284788529,TRUE,TRUE,TRUE,"map_full"
"map_full_age_4","12-23",28.5,0.126641094646399,0.0163186705254521,0.0946565004165128,0.158625688876285,0.0164865959077473,1.68818322535867,63.1664103499948,94.7588284788529,TRUE,TRUE,TRUE,"map_full"
"map_full_age_4","12-23",29,0.131568798675456,0.0173135041511849,0.0976343305391333,0.165503266811778,0.0164865959077473,1.68818322535867,63.1664103499948,94.7588284788529,TRUE,TRUE,TRUE,"map_full"
"map_full_age_4","12-23",29.5,0.136263708864282,0.0182998267913866,0.100396048353164,0.172131369375399,0.0164865959077473,1.68818322535867,63.1664103499948,94.7588284788529,TRUE,TRUE,TRUE,"map_full"
"map_full_age_4","12-23",30,0.140733309906991,0.019274776244826,0.102954748467132,0.17851187134685,0.0164865959077473,1.68818322535867,63.1664103499948,94.7588284788529,TRUE,TRUE,TRUE,"map_full"
"map_full_age_4","12-23",30.5,0.144985086497698,0.0202354215171555,0.105323660324073,0.184646512671323,0.0164865959077473,1.68818322535867,63.1664103499948,94.7588284788529,TRUE,TRUE,TRUE,"map_full"
"map_full_age_4","12-23",31,0.149026523330518,0.021178782693845,0.107516109250582,0.190536937410454,0.0164865959077473,1.68818322535867,63.1664103499948,94.7588284788529,TRUE,TRUE,TRUE,"map_full"
"map_full_age_4","12-23",31.5,0.152865105099565,0.0221018499372711,0.109545479222513,0.196184730976616,0.0164865959077473,1.68818322535867,63.1664103499948,94.7588284788529,TRUE,TRUE,TRUE,"map_full"
"map_full_age_4","12-23",32,0.156508316498953,0.0230016019585247,0.111425176660245,0.201591456337662,0.0164865959077473,1.68818322535867,63.1664103499948,94.7588284788529,TRUE,TRUE,TRUE,"map_full"
"map_full_age_4","12-23",32.5,0.159963642222799,0.0238750243227405,0.113168594550227,0.20675868989537,0.0164865959077473,1.68818322535867,63.1664103499948,94.7588284788529,TRUE,TRUE,TRUE,"map_full"
"map_full_age_4","12-23",33,0.163238566965215,0.024719127960485,0.114789076162664,0.211688057767765,0.0164865959077473,1.68818322535867,63.1664103499948,94.7588284788529,TRUE,TRUE,TRUE,"map_full"
"map_full_age_4","12-23",33.5,0.166340575420317,0.0255309682789042,0.116299877593664,0.216381273246969,0.0164865959077473,1.68818322535867,63.1664103499948,94.7588284788529,TRUE,TRUE,TRUE,"map_full"
"map_full_age_4","12-23",34,0.169277152282219,0.0263076652968269,0.117714128300438,0.220840176263999,0.0164865959077473,1.68818322535867,63.1664103499948,94.7588284788529,TRUE,TRUE,TRUE,"map_full"
"map_full_age_4","12-23",34.5,0.172055782245036,0.0270464252697616,0.119044788716303,0.225066775773768,0.0164865959077473,1.68818322535867,63.1664103499948,94.7588284788529,TRUE,TRUE,TRUE,"map_full"
"map_full_age_4","12-23",35,0.174683950002882,0.0277445643258101,0.120304603924294,0.22906329608147,0.0164865959077473,1.68818322535867,63.1664103499948,94.7588284788529,TRUE,TRUE,TRUE,"map_full"
"map_full_age_4","12-23",35.5,0.177169140249873,0.0283995347042333,0.121506052229575,0.23283222827017,0.0164865959077473,1.68818322535867,63.1664103499948,94.7588284788529,TRUE,TRUE,TRUE,"map_full"
"map_full_age_4","12-23",36,0.179518837680122,0.0290089542772958,0.122661287296622,0.236376388063622,0.0164865959077473,1.68818322535867,63.1664103499948,94.7588284788529,TRUE,TRUE,TRUE,"map_full"
"map_full_age_4","12-23",36.5,0.181740526987744,0.0295706401457998,0.123782072301977,0.239698981673512,0.0164865959077473,1.68818322535867,63.1664103499948,94.7588284788529,TRUE,TRUE,TRUE,"map_full"
"map_full_age_4","12-23",37,0.183841692866855,0.0300826472321776,0.124879704291786,0.242803681441923,0.0164865959077473,1.68818322535867,63.1664103499948,94.7588284788529,TRUE,TRUE,TRUE,"map_full"
"map_full_age_4","12-23",37.5,0.185829798741595,0.0305433457379051,0.125964841095301,0.245694756387889,0.0164865959077473,1.68818322535867,63.1664103499948,94.7588284788529,TRUE,TRUE,TRUE,"map_full"
"map_full_age_4","12-23",38,0.187711002251661,0.0309534234016656,0.127042292384397,0.248379712118926,0.0164865959077473,1.68818322535867,63.1664103499948,94.7588284788529,TRUE,TRUE,TRUE,"map_full"
"map_full_age_4","12-23",38.5,0.189489419873003,0.0313168889238777,0.128108317582203,0.250870522163804,0.0164865959077473,1.68818322535867,63.1664103499948,94.7588284788529,TRUE,TRUE,TRUE,"map_full"
"map_full_age_4","12-23",39,0.191168990472063,0.0316380921380734,0.129158329881439,0.253179651062687,0.0164865959077473,1.68818322535867,63.1664103499948,94.7588284788529,TRUE,TRUE,TRUE,"map_full"
"map_full_age_4","12-23",39.5,0.192753652915282,0.0319214201909627,0.130187669340995,0.255319636489569,0.0164865959077473,1.68818322535867,63.1664103499948,94.7588284788529,TRUE,TRUE,TRUE,"map_full"
"map_full_age_4","12-23",40,0.194247346069101,0.0321712716480623,0.131191653638899,0.257303038499303,0.0164865959077473,1.68818322535867,63.1664103499948,94.7588284788529,TRUE,TRUE,TRUE,"map_full"
"map_full_age_4","12-23",40.5,0.195654008799963,0.0323920306225787,0.132165628779708,0.259142388820217,0.0164865959077473,1.68818322535867,63.1664103499948,94.7588284788529,TRUE,TRUE,TRUE,"map_full"
"map_full_age_4","12-23",41,0.196977579974307,0.0325880403384475,0.13310502091095,0.260850139037665,0.0164865959077473,1.68818322535867,63.1664103499948,94.7588284788529,TRUE,TRUE,TRUE,"map_full"
"map_full_age_4","12-23",41.5,0.198221998458578,0.0327635757576433,0.134005389973597,0.262438606943558,0.0164865959077473,1.68818322535867,63.1664103499948,94.7588284788529,TRUE,TRUE,TRUE,"map_full"
"map_full_age_4","12-23",42,0.199391203119214,0.0329228150980888,0.13486248552696,0.263919920711468,0.0164865959077473,1.68818322535867,63.1664103499948,94.7588284788529,TRUE,TRUE,TRUE,"map_full"
"map_full_age_4","12-23",42.5,0.200489132822658,0.0330698102525149,0.135672304727729,0.265305960917588,0.0164865959077473,1.68818322535867,63.1664103499948,94.7588284788529,TRUE,TRUE,TRUE,"map_full"
"map_full_age_4","12-23",43,0.201519726435352,0.0332084562953244,0.136431152096517,0.266608300774188,0.0164865959077473,1.68818322535867,63.1664103499948,94.7588284788529,TRUE,TRUE,TRUE,"map_full"
"map_full_age_4","12-23",43.5,0.202486922823737,0.0333424604339549,0.137135700373186,0.267838145274289,0.0164865959077473,1.68818322535867,63.1664103499948,94.7588284788529,TRUE,TRUE,TRUE,"map_full"
"map_full_age_4","12-23",44,0.203394660854255,0.0334753109195509,0.137783051451935,0.269006270256575,0.0164865959077473,1.68818322535867,63.1664103499948,94.7588284788529,TRUE,TRUE,TRUE,"map_full"
"map_full_age_4","12-23",44.5,0.204246879393346,0.0336102465720067,0.138370796112213,0.270122962674479,0.0164865959077473,1.68818322535867,63.1664103499948,94.7588284788529,TRUE,TRUE,TRUE,"map_full"
"map_full_age_4","12-23",45,0.205047517307453,0.0337502276877308,0.138897071039501,0.271197963575406,0.0164865959077473,1.68818322535867,63.1664103499948,94.7588284788529,TRUE,TRUE,TRUE,"map_full"
"map_full_age_4","12-23",45.5,0.205800513463017,0.033897909175179,0.139360611479666,0.272240415446368,0.0164865959077473,1.68818322535867,63.1664103499948,94.7588284788529,TRUE,TRUE,TRUE,"map_full"
"map_full_age_4","12-23",46,0.20650980672648,0.0340556167945243,0.139760797809212,0.273258815643747,0.0164865959077473,1.68818322535867,63.1664103499948,94.7588284788529,TRUE,TRUE,TRUE,"map_full"
"map_full_age_4","12-23",46.5,0.207179335964282,0.034225327357363,0.14009769434385,0.274260977584713,0.0164865959077473,1.68818322535867,63.1664103499948,94.7588284788529,TRUE,TRUE,TRUE,"map_full"
"map_full_age_4","12-23",47,0.207813040042866,0.0344086536674918,0.140372078854582,0.27525400123115,0.0164865959077473,1.68818322535867,63.1664103499948,94.7588284788529,TRUE,TRUE,TRUE,"map_full"
"map_full_age_4","12-23",47.5,0.208414857828672,0.0346068348567444,0.140585461509453,0.276244254147891,0.0164865959077473,1.68818322535867,63.1664103499948,94.7588284788529,TRUE,TRUE,TRUE,"map_full"
"map_full_age_4","12-23",48,0.208988728188143,0.0348207325980574,0.140740092295951,0.277237364080336,0.0164865959077473,1.68818322535867,63.1664103499948,94.7588284788529,TRUE,TRUE,TRUE,"map_full"
"map_full_age_4","12-23",48.5,0.20953858998772,0.0350508334735457,0.14083895637957,0.27823822359587,0.0164865959077473,1.68818322535867,63.1664103499948,94.7588284788529,TRUE,TRUE,TRUE,"map_full"
"map_full_age_4","12-23",49,0.210068382093844,0.0352972575542405,0.140885757287533,0.279251006900156,0.0164865959077473,1.68818322535867,63.1664103499948,94.7588284788529,TRUE,TRUE,TRUE,"map_full"
"map_full_age_4","12-23",49.5,0.210582043372958,0.0355597730279644,0.140884888238147,0.280279198507768,0.0164865959077473,1.68818322535867,63.1664103499948,94.7588284788529,TRUE,TRUE,TRUE,"map_full"
"map_full_age_4","12-23",50,0.211083512691501,0.0358378165100398,0.140841392331823,0.281325633051179,0.0164865959077473,1.68818322535867,63.1664103499948,94.7588284788529,TRUE,TRUE,TRUE,"map_full"
"map_full_age_4","12-23",50.5,0.211576728915916,0.0361305185033157,0.140760912649418,0.282392545182415,0.0164865959077473,1.68818322535867,63.1664103499948,94.7588284788529,TRUE,TRUE,TRUE,"map_full"
"map_full_age_4","12-23",51,0.212065630912645,0.0364367333506119,0.140649633545446,0.283481628279844,0.0164865959077473,1.68818322535867,63.1664103499948,94.7588284788529,TRUE,TRUE,TRUE,"map_full"
"map_full_age_4","12-23",51.5,0.212554157548129,0.0367550729504475,0.140514214565252,0.284594100531006,0.0164865959077473,1.68818322535867,63.1664103499948,94.7588284788529,TRUE,TRUE,TRUE,"map_full"
"map_full_age_4","12-23",52,0.213046247688809,0.0370839434870233,0.140361718454243,0.285730776923374,0.0164865959077473,1.68818322535867,63.1664103499948,94.7588284788529,TRUE,TRUE,TRUE,"map_full"
"map_full_age_4","12-23",52.5,0.213545840201126,0.0374215844543689,0.140199534670563,0.286892145731689,0.0164865959077473,1.68818322535867,63.1664103499948,94.7588284788529,TRUE,TRUE,TRUE,"map_full"
"map_full_age_4","12-23",53,0.214056873951523,0.0377661093251693,0.140035299674192,0.288078448228855,0.0164865959077473,1.68818322535867,63.1664103499948,94.7588284788529,TRUE,TRUE,TRUE,"map_full"
"map_full_age_4","12-23",53.5,0.214583287806441,0.0381155473175204,0.139876815064101,0.289289760548781,0.0164865959077473,1.68818322535867,63.1664103499948,94.7588284788529,TRUE,TRUE,TRUE,"map_full"
"map_full_age_4","12-23",54,0.215129020632321,0.0384678858371671,0.139731964391474,0.290526076873169,0.0164865959077473,1.68818322535867,63.1664103499948,94.7588284788529,TRUE,TRUE,TRUE,"map_full"
"map_full_age_4","12-23",54.5,0.215698011295605,0.038821113308244,0.139608629211447,0.291787393379763,0.0164865959077473,1.68818322535867,63.1664103499948,94.7588284788529,TRUE,TRUE,TRUE,"map_full"
"map_full_age_4","12-23",55,0.216294198662734,0.0391732622427803,0.139514604666885,0.293073792658584,0.0164865959077473,1.68818322535867,63.1664103499948,94.7588284788529,TRUE,TRUE,TRUE,"map_full"
"map_full_age_4","12-23",55.5,0.21692152160015,0.039522452530365,0.139457514640635,0.294385528559665,0.0164865959077473,1.68818322535867,63.1664103499948,94.7588284788529,TRUE,TRUE,TRUE,"map_full"
"map_full_age_4","12-23",56,0.217583918974294,0.0398669350481703,0.13944472627988,0.295723111668708,0.0164865959077473,1.68818322535867,63.1664103499948,94.7588284788529,TRUE,TRUE,TRUE,"map_full"
"map_full_age_4","12-23",56.5,0.218285329651608,0.040205135793263,0.139483263496813,0.297087395806404,0.0164865959077473,1.68818322535867,63.1664103499948,94.7588284788529,TRUE,TRUE,TRUE,"map_full"
"map_full_age_4","12-23",57,0.219029010794262,0.0405358956054133,0.139578655407651,0.298479366180872,0.0164865959077473,1.68818322535867,63.1664103499948,94.7588284788529,TRUE,TRUE,TRUE,"map_full"
"map_full_age_4","12-23",57.5,0.219815222583584,0.0408591982217937,0.139731194068868,0.2998992510983,0.0164865959077473,1.68818322535867,63.1664103499948,94.7588284788529,TRUE,TRUE,TRUE,"map_full"
"map_full_age_4","12-23",58,0.220643401854543,0.0411756008382204,0.139939224211631,0.301347579497455,0.0164865959077473,1.68818322535867,63.1664103499948,94.7588284788529,TRUE,TRUE,TRUE,"map_full"
"map_full_age_4","12-23",58.5,0.221512985418717,0.0414859808789937,0.140200462895889,0.302825507941545,0.0164865959077473,1.68818322535867,63.1664103499948,94.7588284788529,TRUE,TRUE,TRUE,"map_full"
"map_full_age_4","12-23",59,0.222423410087683,0.0417915099896719,0.140512050507926,0.30433476966744,0.0164865959077473,1.68818322535867,63.1664103499948,94.7588284788529,TRUE,TRUE,TRUE,"map_full"
"map_full_age_4","12-23",59.5,0.22337411267302,0.0420936297734694,0.14087059831702,0.30587762702902,0.0164865959077473,1.68818322535867,63.1664103499948,94.7588284788529,TRUE,TRUE,TRUE,"map_full"
"map_full_age_4","12-23",60,0.224364529986306,0.0423940288413458,0.141272233457268,0.307456826515344,0.0164865959077473,1.68818322535867,63.1664103499948,94.7588284788529,TRUE,TRUE,TRUE,"map_full"
"map_full_age_4","12-23",60.5,0.225394098839118,0.042694620761156,0.141712642147252,0.309075555530984,0.0164865959077473,1.68818322535867,63.1664103499948,94.7588284788529,TRUE,TRUE,TRUE,"map_full"
"map_full_age_4","12-23",61,0.226462256043035,0.0429975225125519,0.142187111918433,0.310737400167636,0.0164865959077473,1.68818322535867,63.1664103499948,94.7588284788529,TRUE,TRUE,TRUE,"map_full"
"map_full_age_4","12-23",61.5,0.227568438409634,0.0433050330865127,0.142690573560069,0.312446303259199,0.0164865959077473,1.68818322535867,63.1664103499948,94.7588284788529,TRUE,TRUE,TRUE,"map_full"
"map_full_age_4","12-23",62,0.228712082750493,0.043619611910622,0.143217643405674,0.314206522095312,0.0164865959077473,1.68818322535867,63.1664103499948,94.7588284788529,TRUE,TRUE,TRUE,"map_full"
"map_full_age_4","12-23",62.5,0.229892625877191,0.0439438568331201,0.143762666484276,0.316022585270106,0.0164865959077473,1.68818322535867,63.1664103499948,94.7588284788529,TRUE,TRUE,TRUE,"map_full"
"map_full_age_4","12-23",63,0.231109504601305,0.0442804814600799,0.144319760939549,0.317899248263062,0.0164865959077473,1.68818322535867,63.1664103499948,94.7588284788529,TRUE,TRUE,TRUE,"map_full"
"map_full_age_4","12-23",63.1664103499948,0.231522468956884,0.0443957446034566,0.144506809534109,0.318538128379659,0.0164865959077473,1.68818322535867,63.1664103499948,94.7588284788529,TRUE,TRUE,TRUE,"map_full"
"map_full_age_4","12-23",63.5,0.232362155734413,0.0446322917102663,0.144882863982292,0.319841447486535,0.0164865959077473,1.68818322535867,63.1664103499948,94.7588284788529,TRUE,FALSE,TRUE,"map_full"
"map_full_age_4","12-23",64,0.233650016088094,0.0450021615303439,0.14544577948862,0.321854252687568,0.0164865959077473,1.68818322535867,63.1664103499948,94.7588284788529,TRUE,FALSE,TRUE,"map_full"
"map_full_age_4","12-23",64.5,0.234972522473925,0.045393007797342,0.146002227191134,0.323942817756715,0.0164865959077473,1.68818322535867,63.1664103499948,94.7588284788529,TRUE,FALSE,TRUE,"map_full"
"map_full_age_4","12-23",65,0.236329111703483,0.0458077645230605,0.146545893238285,0.326112330168682,0.0164865959077473,1.68818322535867,63.1664103499948,94.7588284788529,TRUE,FALSE,TRUE,"map_full"
"map_full_age_4","12-23",65.5,0.237719220588348,0.0462493565628943,0.147070481725075,0.328367959451621,0.0164865959077473,1.68818322535867,63.1664103499948,94.7588284788529,TRUE,FALSE,TRUE,"map_full"
"map_full_age_4","12-23",66,0.239142285940097,0.046720673115047,0.147569766634605,0.330714805245589,0.0164865959077473,1.68818322535867,63.1664103499948,94.7588284788529,TRUE,FALSE,TRUE,"map_full"
"map_full_age_4","12-23",66.5,0.240597744570307,0.0472245413704282,0.148037643484268,0.333157845656347,0.0164865959077473,1.68818322535867,63.1664103499948,94.7588284788529,TRUE,FALSE,TRUE,"map_full"
"map_full_age_4","12-23",67,0.242085033290558,0.0477637007336124,0.148468179852678,0.335701886728438,0.0164865959077473,1.68818322535867,63.1664103499948,94.7588284788529,TRUE,FALSE,TRUE,"map_full"
"map_full_age_4","12-23",67.5,0.243603588912426,0.0483407780763243,0.148855663882831,0.338351513942022,0.0164865959077473,1.68818322535867,63.1664103499948,94.7588284788529,TRUE,FALSE,TRUE,"map_full"
"map_full_age_4","12-23",68,0.245152848247491,0.0489582645030564,0.1491946498215,0.341111046673481,0.0164865959077473,1.68818322535867,63.1664103499948,94.7588284788529,TRUE,FALSE,TRUE,"map_full"
"map_full_age_4","12-23",68.5,0.246732248107329,0.0496184941010534,0.149479999669264,0.343984496545393,0.0164865959077473,1.68818322535867,63.1664103499948,94.7588284788529,TRUE,FALSE,TRUE,"map_full"
"map_full_age_4","12-23",69,0.248341225303518,0.0503236251131945,0.149706920081657,0.346975530525379,0.0164865959077473,1.68818322535867,63.1664103499948,94.7588284788529,TRUE,FALSE,TRUE,"map_full"
"map_full_age_4","12-23",69.5,0.249979216647637,0.0510756239135022,0.149870993777173,0.350087439518102,0.0164865959077473,1.68818322535867,63.1664103499948,94.7588284788529,TRUE,FALSE,TRUE,"map_full"
"map_full_age_4","12-23",70,0.251645658951265,0.0518762520843655,0.149968204865908,0.353323113036621,0.0164865959077473,1.68818322535867,63.1664103499948,94.7588284788529,TRUE,FALSE,TRUE,"map_full"
"map_full_age_4","12-23",70.5,0.253339989025977,0.0527270567971787,0.149994957703507,0.356685020348447,0.0164865959077473,1.68818322535867,63.1664103499948,94.7588284788529,TRUE,FALSE,TRUE,"map_full"
"map_full_age_4","12-23",71,0.255061643683353,0.0536293645904071,0.149948089086155,0.360175198280551,0.0164865959077473,1.68818322535867,63.1664103499948,94.7588284788529,TRUE,FALSE,TRUE,"map_full"
"map_full_age_4","12-23",71.5,0.25681005973497,0.0545842785282637,0.149824873819573,0.363795245650367,0.0164865959077473,1.68818322535867,63.1664103499948,94.7588284788529,TRUE,FALSE,TRUE,"map_full"
"map_full_age_4","12-23",72,0.258584673992407,0.0555926786164046,0.149623023904254,0.36754632408056,0.0164865959077473,1.68818322535867,63.1664103499948,94.7588284788529,TRUE,FALSE,TRUE,"map_full"
"map_full_age_4","12-23",72.5,0.260384923267241,0.0566552252548177,0.149340681767799,0.371429164766684,0.0164865959077473,1.68818322535867,63.1664103499948,94.7588284788529,TRUE,FALSE,TRUE,"map_full"
"map_full_age_4","12-23",73,0.262210244371051,0.0577723654276358,0.148976408132885,0.375444080609217,0.0164865959077473,1.68818322535867,63.1664103499948,94.7588284788529,TRUE,FALSE,TRUE,"map_full"
"map_full_age_4","12-23",73.5,0.264060074115414,0.0589443412685461,0.148529165229063,0.379590983001764,0.0164865959077473,1.68818322535867,63.1664103499948,94.7588284788529,TRUE,FALSE,TRUE,"map_full"
"map_full_age_4","12-23",74,0.265933849311908,0.0601712006005719,0.147998296134787,0.383869402489029,0.0164865959077473,1.68818322535867,63.1664103499948,94.7588284788529,TRUE,FALSE,TRUE,"map_full"
"map_full_age_4","12-23",74.5,0.267831006772111,0.06145280903029,0.147383501072743,0.388278512471479,0.0164865959077473,1.68818322535867,63.1664103499948,94.7588284788529,TRUE,FALSE,TRUE,"map_full"
"map_full_age_4","12-23",75,0.269750983307601,0.0627888631774936,0.146684811479714,0.392817155135489,0.0164865959077473,1.68818322535867,63.1664103499948,94.7588284788529,TRUE,FALSE,TRUE,"map_full"
"map_full_age_4","12-23",75.5,0.271693215729957,0.0641789046392458,0.145902562637035,0.397483868822878,0.0164865959077473,1.68818322535867,63.1664103499948,94.7588284788529,TRUE,FALSE,TRUE,"map_full"
"map_full_age_4","12-23",76,0.273657140850755,0.0656223343187441,0.145037365586016,0.402276916115493,0.0164865959077473,1.68818322535867,63.1664103499948,94.7588284788529,TRUE,FALSE,TRUE,"map_full"
"map_full_age_4","12-23",76.5,0.275642195481574,0.0671184267906716,0.144090078971858,0.407194311991291,0.0164865959077473,1.68818322535867,63.1664103499948,94.7588284788529,TRUE,FALSE,TRUE,"map_full"
"map_full_age_4","12-23",77,0.277647816433993,0.0686663444220154,0.143061781366842,0.412233851501143,0.0164865959077473,1.68818322535867,63.1664103499948,94.7588284788529,TRUE,FALSE,TRUE,"map_full"
"map_full_age_4","12-23",77.5,0.279673440519588,0.0702651510172728,0.141953744525733,0.417393136513442,0.0164865959077473,1.68818322535867,63.1664103499948,94.7588284788529,TRUE,FALSE,TRUE,"map_full"
"map_full_age_4","12-23",78,0.281718504549938,0.0719138248066561,0.140767407928892,0.422669601170984,0.0164865959077473,1.68818322535867,63.1664103499948,94.7588284788529,TRUE,FALSE,TRUE,"map_full"
"map_full_age_4","12-23",78.5,0.28378244533662,0.0736112706430673,0.139504354876208,0.428060535797032,0.0164865959077473,1.68818322535867,63.1664103499948,94.7588284788529,TRUE,FALSE,TRUE,"map_full"
"map_full_age_4","12-23",79,0.285864699691214,0.0753563313166124,0.138166290310654,0.433563109071774,0.0164865959077473,1.68818322535867,63.1664103499948,94.7588284788529,TRUE,FALSE,TRUE,"map_full"
"map_full_age_4","12-23",79.5,0.287964704425296,0.0771477979332235,0.136755020476178,0.439174388374414,0.0164865959077473,1.68818322535867,63.1664103499948,94.7588284788529,TRUE,FALSE,TRUE,"map_full"
"map_full_age_4","12-23",80,0.290081896350445,0.0789844193360501,0.135272434451786,0.444891358249103,0.0164865959077473,1.68818322535867,63.1664103499948,94.7588284788529,TRUE,FALSE,TRUE,"map_full"
"map_full_age_4","12-23",80.5,0.292215712278238,0.0808649105745747,0.133720487552072,0.450710937004405,0.0164865959077473,1.68818322535867,63.1664103499948,94.7588284788529,TRUE,FALSE,TRUE,"map_full"
"map_full_age_4","12-23",81,0.294365589020254,0.0827879604471425,0.132101186543855,0.456629991496653,0.0164865959077473,1.68818322535867,63.1664103499948,94.7588284788529,TRUE,FALSE,TRUE,"map_full"
"map_full_age_4","12-23",81.5,0.29653096338807,0.0847522381582217,0.130416576597956,0.462645350178185,0.0164865959077473,1.68818322535867,63.1664103499948,94.7588284788529,TRUE,FALSE,TRUE,"map_full"
"map_full_age_4","12-23",82,0.298711272193265,0.0867563991428136,0.128668729873351,0.46875381451318,0.0164865959077473,1.68818322535867,63.1664103499948,94.7588284788529,TRUE,FALSE,TRUE,"map_full"
"map_full_age_4","12-23",82.5,0.300905952247416,0.0887990901176704,0.126859735616783,0.47495216887805,0.0164865959077473,1.68818322535867,63.1664103499948,94.7588284788529,TRUE,FALSE,TRUE,"map_full"
"map_full_age_4","12-23",83,0.303114440362102,0.090878953423002,0.124991691653018,0.481237189071186,0.0164865959077473,1.68818322535867,63.1664103499948,94.7588284788529,TRUE,FALSE,TRUE,"map_full"
"map_full_age_4","12-23",83.5,0.3053361733489,0.0929946307197982,0.123066697138095,0.487605649559704,0.0164865959077473,1.68818322535867,63.1664103499948,94.7588284788529,TRUE,FALSE,TRUE,"map_full"
"map_full_age_4","12-23",84,0.307570588019388,0.0951447661073292,0.121086846449023,0.494054329589753,0.0164865959077473,1.68818322535867,63.1664103499948,94.7588284788529,TRUE,FALSE,TRUE,"map_full"
"map_full_age_4","12-23",84.5,0.309817121185144,0.0973280087233297,0.119054224087418,0.50058001828287,0.0164865959077473,1.68818322535867,63.1664103499948,94.7588284788529,TRUE,FALSE,TRUE,"map_full"
"map_full_age_4","12-23",85,0.312075209657747,0.099543014886236,0.116970900480724,0.507179518834769,0.0164865959077473,1.68818322535867,63.1664103499948,94.7588284788529,TRUE,FALSE,TRUE,"map_full"
"map_full_age_4","12-23",85.5,0.314344290248773,0.101788449835011,0.114838928572152,0.513849651925394,0.0164865959077473,1.68818322535867,63.1664103499948,94.7588284788529,TRUE,FALSE,TRUE,"map_full"
"map_full_age_4","12-23",86,0.316623799769802,0.104062989117826,0.112660341098862,0.520587258440741,0.0164865959077473,1.68818322535867,63.1664103499948,94.7588284788529,TRUE,FALSE,TRUE,"map_full"
"map_full_age_4","12-23",86.5,0.31891317503241,0.106365319676427,0.110437148466613,0.527389201598207,0.0164865959077473,1.68818322535867,63.1664103499948,94.7588284788529,TRUE,FALSE,TRUE,"map_full"
"map_full_age_4","12-23",87,0.321211852848177,0.108694140668512,0.108171337137894,0.53425236855846,0.0164865959077473,1.68818322535867,63.1664103499948,94.7588284788529,TRUE,FALSE,TRUE,"map_full"
"map_full_age_4","12-23",87.5,0.323519270028679,0.111048164066115,0.105864868459093,0.541173671598265,0.0164865959077473,1.68818322535867,63.1664103499948,94.7588284788529,TRUE,FALSE,TRUE,"map_full"
"map_full_age_4","12-23",88,0.325834863385495,0.113426115063799,0.10351967786045,0.54815004891054,0.0164865959077473,1.68818322535867,63.1664103499948,94.7588284788529,TRUE,FALSE,TRUE,"map_full"
"map_full_age_4","12-23",88.5,0.328158069730203,0.115826732326531,0.101137674370203,0.555178465090204,0.0164865959077473,1.68818322535867,63.1664103499948,94.7588284788529,TRUE,FALSE,TRUE,"map_full"
"map_full_age_4","12-23",89,0.330488325874381,0.118248768103542,0.0987207403914386,0.562255911357324,0.0164865959077473,1.68818322535867,63.1664103499948,94.7588284788529,TRUE,FALSE,TRUE,"map_full"
"map_full_age_4","12-23",89.5,0.332825068629607,0.120690988231089,0.0962707316966718,0.569379405562542,0.0164865959077473,1.68818322535867,63.1664103499948,94.7588284788529,TRUE,FALSE,TRUE,"map_full"
"map_full_age_4","12-23",90,0.335167734807458,0.123152172044092,0.0937894776010384,0.576545992013877,0.0164865959077473,1.68818322535867,63.1664103499948,94.7588284788529,TRUE,FALSE,TRUE,"map_full"
"map_full_age_4","12-23",90.5,0.337515761219513,0.125631112213882,0.0912787812803041,0.583752741158721,0.0164865959077473,1.68818322535867,63.1664103499948,94.7588284788529,TRUE,FALSE,TRUE,"map_full"
"map_full_age_4","12-23",91,0.339868584677349,0.128126614526918,0.0887404202045898,0.590996749150108,0.0164865959077473,1.68818322535867,63.1664103499948,94.7588284788529,TRUE,FALSE,TRUE,"map_full"
"map_full_age_4","12-23",91.5,0.342225641992545,0.130637497617164,0.0861761466629044,0.598275137322186,0.0164865959077473,1.68818322535867,63.1664103499948,94.7588284788529,TRUE,FALSE,TRUE,"map_full"
"map_full_age_4","12-23",92,0.344586369976678,0.133162592662971,0.0835876883572544,0.605585051596102,0.0164865959077473,1.68818322535867,63.1664103499948,94.7588284788529,TRUE,FALSE,TRUE,"map_full"
"map_full_age_4","12-23",92.5,0.346950205441327,0.135700743057651,0.0809767490483314,0.612923661834323,0.0164865959077473,1.68818322535867,63.1664103499948,94.7588284788529,TRUE,FALSE,TRUE,"map_full"
"map_full_age_4","12-23",93,0.349316585198069,0.138250804061467,0.0783450092375932,0.620288161158545,0.0164865959077473,1.68818322535867,63.1664103499948,94.7588284788529,TRUE,FALSE,TRUE,"map_full"
"map_full_age_4","12-23",93.5,0.351684946058483,0.140811642441572,0.0756941268730011,0.627675765243964,0.0164865959077473,1.68818322535867,63.1664103499948,94.7588284788529,TRUE,FALSE,TRUE,"map_full"
"map_full_age_4","12-23",94,0.354054724834145,0.143382136105282,0.0730257380677922,0.635083711600498,0.0164865959077473,1.68818322535867,63.1664103499948,94.7588284788529,TRUE,FALSE,TRUE,"map_full"
"map_full_age_4","12-23",94.5,0.356425358336635,0.145961173731198,0.0703414578234874,0.642509258849783,0.0164865959077473,1.68818322535867,63.1664103499948,94.7588284788529,TRUE,FALSE,TRUE,"map_full"
"map_full_age_4","12-23",94.7588284788529,0.357652683352604,0.147299223353083,0.0689462055805607,0.646359161124647,0.0164865959077473,1.68818322535867,63.1664103499948,94.7588284788529,TRUE,FALSE,TRUE,"map_full"
"map_full_age_4","12-23",95,0.358796293910977,0.148547668058011,0.067642864517275,0.64994972330468,0.0164865959077473,1.68818322535867,63.1664103499948,94.7588284788529,FALSE,FALSE,TRUE,"map_full"
"map_full_age_4","12-23",95.5,0.361167242505849,0.151140885517375,0.0649311068917942,0.657403378119904,0.0164865959077473,1.68818322535867,63.1664103499948,94.7588284788529,FALSE,FALSE,TRUE,"map_full"
"map_full_age_4","12-23",96,0.36353819110072,0.153740469956318,0.0622068699863369,0.664869512215104,0.0164865959077473,1.68818322535867,63.1664103499948,94.7588284788529,FALSE,FALSE,TRUE,"map_full"
"map_full_age_4","12-23",96.5,0.365909139695592,0.156346103781684,0.0594707762834908,0.672347503107693,0.0164865959077473,1.68818322535867,63.1664103499948,94.7588284788529,FALSE,FALSE,TRUE,"map_full"
"map_full_age_4","12-23",97,0.368280088290463,0.158957489508821,0.0567234088531733,0.679836767727753,0.0164865959077473,1.68818322535867,63.1664103499948,94.7588284788529,FALSE,FALSE,TRUE,"map_full"
"map_full_age_4","12-23",97.5,0.370651036885335,0.161574348249007,0.0539653143172817,0.687336759453388,0.0164865959077473,1.68818322535867,63.1664103499948,94.7588284788529,FALSE,FALSE,TRUE,"map_full"
"map_full_age_4","12-23",98,0.373021985480206,0.16419641832618,0.0511970055608943,0.694846965399518,0.0164865959077473,1.68818322535867,63.1664103499948,94.7588284788529,FALSE,FALSE,TRUE,"map_full"
"map_full_age_4","12-23",98.5,0.375392934075078,0.166823454010851,0.0484189642138098,0.702366903936346,0.0164865959077473,1.68818322535867,63.1664103499948,94.7588284788529,FALSE,FALSE,TRUE,"map_full"
"map_full_age_4","12-23",99,0.377763882669949,0.169455224360259,0.0456316429238423,0.709896122416056,0.0164865959077473,1.68818322535867,63.1664103499948,94.7588284788529,FALSE,FALSE,TRUE,"map_full"
"map_full_age_4","12-23",99.5,0.380134831264821,0.172091512154931,0.0428354674411549,0.717434195088486,0.0164865959077473,1.68818322535867,63.1664103499948,94.7588284788529,FALSE,FALSE,TRUE,"map_full"
"map_full_age_4","12-23",100,0.382505779859692,0.174732112922801,0.0400308385310017,0.724980721188383,0.0164865959077473,1.68818322535867,63.1664103499948,94.7588284788529,FALSE,FALSE,TRUE,"map_full"
"map_full_age_5","24-35",0,-0.771992635018101,0.0677901212537773,-0.904861272675505,-0.639123997360698,0.0164865959077473,1.66143275150509,62.8081860722526,94.7588284788529,FALSE,FALSE,TRUE,"map_full"
"map_full_age_5","24-35",0.0164865959077473,-0.771214877097686,0.0677142229481368,-0.903934754076034,-0.638495000119337,0.0164865959077473,1.66143275150509,62.8081860722526,94.7588284788529,TRUE,FALSE,TRUE,"map_full"
"map_full_age_5","24-35",0.5,-0.748407482320774,0.0654898497967855,-0.876767587922473,-0.620047376719074,0.0164865959077473,1.66143275150509,62.8081860722526,94.7588284788529,TRUE,FALSE,TRUE,"map_full"
"map_full_age_5","24-35",1,-0.72483792711719,0.0631944341344476,-0.848699018020707,-0.600976836213672,0.0164865959077473,1.66143275150509,62.8081860722526,94.7588284788529,TRUE,FALSE,TRUE,"map_full"
"map_full_age_5","24-35",1.5,-0.701300098540531,0.0609063975753465,-0.82067663778821,-0.581923559292852,0.0164865959077473,1.66143275150509,62.8081860722526,94.7588284788529,TRUE,FALSE,TRUE,"map_full"
"map_full_age_5","24-35",1.66143275150509,-0.693709988024323,0.0601696617548637,-0.811642525063856,-0.57577745098479,0.0164865959077473,1.66143275150509,62.8081860722526,94.7588284788529,TRUE,TRUE,TRUE,"map_full"
"map_full_age_5","24-35",2,-0.677810125820351,0.0586282572429209,-0.792721510016476,-0.562898741624226,0.0164865959077473,1.66143275150509,62.8081860722526,94.7588284788529,TRUE,TRUE,TRUE,"map_full"
"map_full_age_5","24-35",2.5,-0.654384138186201,0.0563625222409837,-0.764854681778529,-0.543913594593873,0.0164865959077473,1.66143275150509,62.8081860722526,94.7588284788529,TRUE,TRUE,TRUE,"map_full"
"map_full_age_5","24-35",3,-0.631038264867635,0.0541116916179861,-0.737097180438888,-0.524979349296383,0.0164865959077473,1.66143275150509,62.8081860722526,94.7588284788529,TRUE,TRUE,TRUE,"map_full"
"map_full_age_5","24-35",3.5,-0.607788635094206,0.0518782520749431,-0.709470009161094,-0.506107261027317,0.0164865959077473,1.66143275150509,62.8081860722526,94.7588284788529,TRUE,TRUE,TRUE,"map_full"
"map_full_age_5","24-35",4,-0.584651378095465,0.0496646753682888,-0.681994141817311,-0.487308614373619,0.0164865959077473,1.66143275150509,62.8081860722526,94.7588284788529,TRUE,TRUE,TRUE,"map_full"
"map_full_age_5","24-35",4.5,-0.561642623100966,0.0474734153501828,-0.654690517187324,-0.468594729014608,0.0164865959077473,1.66143275150509,62.8081860722526,94.7588284788529,TRUE,TRUE,TRUE,"map_full"
"map_full_age_5","24-35",5,-0.538778499340261,0.0453069045783262,-0.627580032313781,-0.449976966366742,0.0164865959077473,1.66143275150509,62.8081860722526,94.7588284788529,TRUE,TRUE,TRUE,"map_full"
"map_full_age_5","24-35",5.5,-0.516075136042904,0.0431675504148359,-0.600683534855982,-0.431466737229826,0.0164865959077473,1.66143275150509,62.8081860722526,94.7588284788529,TRUE,TRUE,TRUE,"map_full"
"map_full_age_5","24-35",6,-0.493548662438446,0.0410577305188143,-0.574021814255322,-0.41307551062157,0.0164865959077473,1.66143275150509,62.8081860722526,94.7588284788529,TRUE,TRUE,TRUE,"map_full"
"map_full_age_5","24-35",6.5,-0.471215207756441,0.0389797876195165,-0.547615591490693,-0.394814824022188,0.0164865959077473,1.66143275150509,62.8081860722526,94.7588284788529,TRUE,TRUE,TRUE,"map_full"
"map_full_age_5","24-35",7,-0.44909090122644,0.0369360234359984,-0.521485507160997,-0.376696295291884,0.0164865959077473,1.66143275150509,62.8081860722526,94.7588284788529,TRUE,TRUE,TRUE,"map_full"
"map_full_age_5","24-35",7.5,-0.427191872077998,0.03492869158436,-0.495652107583344,-0.358731636572652,0.0164865959077473,1.66143275150509,62.8081860722526,94.7588284788529,TRUE,TRUE,TRUE,"map_full"
"map_full_age_5","24-35",8,-0.405534249540666,0.0329599892846745,-0.470135828538628,-0.340932670542704,0.0164865959077473,1.66143275150509,62.8081860722526,94.7588284788529,TRUE,TRUE,TRUE,"map_full"
"map_full_age_5","24-35",8.5,-0.384134162843997,0.0310320476460081,-0.444956976230173,-0.323311349457821,0.0164865959077473,1.66143275150509,62.8081860722526,94.7588284788529,TRUE,TRUE,TRUE,"map_full"
"map_full_age_5","24-35",9,-0.363007741217545,0.0291469202692879,-0.420135704945349,-0.30587977748974,0.0164865959077473,1.66143275150509,62.8081860722526,94.7588284788529,TRUE,TRUE,TRUE,"map_full"
"map_full_age_5","24-35",9.5,-0.34217111389086,0.0273065698641462,-0.395691990824587,-0.288650236957134,0.0164865959077473,1.66143275150509,62.8081860722526,94.7588284788529,TRUE,TRUE,TRUE,"map_full"
"map_full_age_5","24-35",10,-0.321640410093498,0.0255128525277216,-0.371645601047832,-0.271635219139163,0.0164865959077473,1.66143275150509,62.8081860722526,94.7588284788529,TRUE,TRUE,TRUE,"map_full"
"map_full_age_5","24-35",10.5,-0.301431759055009,0.0237674992819504,-0.348016057647631,-0.254847460462386,0.0164865959077473,1.66143275150509,62.8081860722526,94.7588284788529,TRUE,TRUE,TRUE,"map_full"
"map_full_age_5","24-35",11,-0.281561290004946,0.0220720944135614,-0.324822595055527,-0.238299984954366,0.0164865959077473,1.66143275150509,62.8081860722526,94.7588284788529,TRUE,TRUE,TRUE,"map_full"
"map_full_age_5","24-35",11.5,-0.262045132172863,0.0204280501119981,-0.30208411039238,-0.222006153953347,0.0164865959077473,1.66143275150509,62.8081860722526,94.7588284788529,TRUE,TRUE,TRUE,"map_full"
"map_full_age_5","24-35",12,-0.242899414788313,0.0188365768615739,-0.279819105436997,-0.205979724139628,0.0164865959077473,1.66143275150509,62.8081860722526,94.7588284788529,TRUE,TRUE,TRUE,"map_full"
"map_full_age_5","24-35",12.5,-0.224140267080847,0.0172986490255725,-0.258045619170969,-0.190234914990724,0.0164865959077473,1.66143275150509,62.8081860722526,94.7588284788529,TRUE,TRUE,TRUE,"map_full"
"map_full_age_5","24-35",13,-0.205783818280018,0.0158149650765355,-0.236781149830027,-0.174786486730008,0.0164865959077473,1.66143275150509,62.8081860722526,94.7588284788529,TRUE,TRUE,TRUE,"map_full"
"map_full_age_5","24-35",13.5,-0.18784619761538,0.0143859019990904,-0.216042565533597,-0.159649829697162,0.0164865959077473,1.66143275150509,62.8081860722526,94.7588284788529,TRUE,TRUE,TRUE,"map_full"
"map_full_age_5","24-35",14,-0.170343534316484,0.0130114635461032,-0.195846002866846,-0.144841065766122,0.0164865959077473,1.66143275150509,62.8081860722526,94.7588284788529,TRUE,TRUE,TRUE,"map_full"
"map_full_age_5","24-35",14.5,-0.153291957612884,0.0116912222984994,-0.176206753317942,-0.130377161907825,0.0164865959077473,1.66143275150509,62.8081860722526,94.7588284788529,TRUE,TRUE,TRUE,"map_full"
"map_full_age_5","24-35",15,-0.136707596734132,0.0104242559005192,-0.157139138299149,-0.116276055169114,0.0164865959077473,1.66143275150509,62.8081860722526,94.7588284788529,TRUE,TRUE,TRUE,"map_full"
"map_full_age_5","24-35",15.5,-0.120606580909781,0.00920907845091623,-0.138656374673577,-0.102556787145985,0.0164865959077473,1.66143275150509,62.8081860722526,94.7588284788529,TRUE,TRUE,TRUE,"map_full"
"map_full_age_5","24-35",16,-0.105005039369383,0.00804356885129137,-0.120770434317915,-0.0892396444208524,0.0164865959077473,1.66143275150509,62.8081860722526,94.7588284788529,TRUE,TRUE,TRUE,"map_full"
"map_full_age_5","24-35",16.5,-0.0899191013424925,0.00692489894466792,-0.103491903274042,-0.0763462994109434,0.0164865959077473,1.66143275150509,62.8081860722526,94.7588284788529,TRUE,TRUE,TRUE,"map_full"
"map_full_age_5","24-35",17,-0.0753648960586604,0.0058494654770267,-0.0868298483936327,-0.063899943723688,0.0164865959077473,1.66143275150509,62.8081860722526,94.7588284788529,TRUE,TRUE,TRUE,"map_full"
"map_full_age_5","24-35",17.5,-0.0613585527474398,0.00481283118443504,-0.0707917018689325,-0.0519254036259472,0.0164865959077473,1.66143275150509,62.8081860722526,94.7588284788529,TRUE,TRUE,TRUE,"map_full"
"map_full_age_5","24-35",18,-0.0479162006383839,0.00380968152889903,-0.055383176435026,-0.0404492248417418,0.0164865959077473,1.66143275150509,62.8081860722526,94.7588284788529,TRUE,TRUE,TRUE,"map_full"
"map_full_age_5","24-35",18.5,-0.0350539689610449,0.00283380489091603,-0.0406082265472404,-0.0294997113748495,0.0164865959077473,1.66143275150509,62.8081860722526,94.7588284788529,TRUE,TRUE,TRUE,"map_full"
"map_full_age_5","24-35",19,-0.0227858121443088,0.00187815729603962,-0.0264670004445465,-0.0191046238440712,0.0164865959077473,1.66143275150509,62.8081860722526,94.7588284788529,TRUE,TRUE,TRUE,"map_full"
"map_full_age_5","24-35",19.5,-0.0111063353800046,0.000935658044024244,-0.0129402251462921,-0.00927244561371711,0.0164865959077473,1.66143275150509,62.8081860722526,94.7588284788529,TRUE,TRUE,TRUE,"map_full"
"map_full_age_5","24-35",20,0,0,0,0,0.0164865959077473,1.66143275150509,62.8081860722526,94.7588284788529,TRUE,TRUE,TRUE,"map_full"
"map_full_age_5","24-35",20.5,0.0105488220539183,0.00093428811382346,0.00871761735082435,0.0123800267570123,0.0164865959077473,1.66143275150509,62.8081860722526,94.7588284788529,TRUE,TRUE,TRUE,"map_full"
"map_full_age_5","24-35",21,0.0205557588399636,0.00187182461027655,0.0168869826038216,0.0242245350761056,0.0164865959077473,1.66143275150509,62.8081860722526,94.7588284788529,TRUE,TRUE,TRUE,"map_full"
"map_full_age_5","24-35",21.5,0.0300364384163489,0.00281637956642342,0.024516334466159,0.0355565423665388,0.0164865959077473,1.66143275150509,62.8081860722526,94.7588284788529,TRUE,TRUE,TRUE,"map_full"
"map_full_age_5","24-35",22,0.0390064888412875,0.00377089888060844,0.031615527035295,0.0463974506472801,0.0164865959077473,1.66143275150509,62.8081860722526,94.7588284788529,TRUE,TRUE,TRUE,"map_full"
"map_full_age_5","24-35",22.5,0.0474815381729928,0.00473754352912129,0.038195952855915,0.0567671234900705,0.0164865959077473,1.66143275150509,62.8081860722526,94.7588284788529,TRUE,TRUE,TRUE,"map_full"
"map_full_age_5","24-35",23,0.0554772144696777,0.00571773977417292,0.0442704445122988,0.0666839844270566,0.0164865959077473,1.66143275150509,62.8081860722526,94.7588284788529,TRUE,TRUE,TRUE,"map_full"
"map_full_age_5","24-35",23.5,0.0630091457895557,0.00671223635777224,0.0498531625283221,0.0761651290507892,0.0164865959077473,1.66143275150509,62.8081860722526,94.7588284788529,TRUE,TRUE,TRUE,"map_full"
"map_full_age_5","24-35",24,0.0700929601908399,0.00772116525549226,0.054959476290075,0.0852264440916047,0.0164865959077473,1.66143275150509,62.8081860722526,94.7588284788529,TRUE,TRUE,TRUE,"map_full"
"map_full_age_5","24-35",24.5,0.0767442857317436,0.00874410322576728,0.0596058434092397,0.0938827280542474,0.0164865959077473,1.66143275150509,62.8081860722526,94.7588284788529,TRUE,TRUE,TRUE,"map_full"
"map_full_age_5","24-35",25,0.0829787504704798,0.00978013206965772,0.0638096916139507,0.102147809327009,0.0164865959077473,1.66143275150509,62.8081860722526,94.7588284788529,TRUE,TRUE,TRUE,"map_full"
"map_full_age_5","24-35",25.5,0.0888119824652622,0.0108278961430145,0.0675893060249537,0.110034658905571,0.0164865959077473,1.66143275150509,62.8081860722526,94.7588284788529,TRUE,TRUE,TRUE,"map_full"
"map_full_age_5","24-35",26,0.0942596097743034,0.0118856561992222,0.0709637236238279,0.117555495924779,0.0164865959077473,1.66143275150509,62.8081860722526,94.7588284788529,TRUE,TRUE,TRUE,"map_full"
"map_full_age_5","24-35",26.5,0.0993372604558171,0.012951339072091,0.0739526358745187,0.124721885037116,0.0164865959077473,1.66143275150509,62.8081860722526,94.7588284788529,TRUE,TRUE,TRUE,"map_full"
"map_full_age_5","24-35",27,0.104060562568016,0.0140225830372594,0.076576299814988,0.131544825321045,0.0164865959077473,1.66143275150509,62.8081860722526,94.7588284788529,TRUE,TRUE,TRUE,"map_full"
"map_full_age_5","24-35",27.5,0.108445144169115,0.0150967789283204,0.0788554574696066,0.138034830868622,0.0164865959077473,1.66143275150509,62.8081860722526,94.7588284788529,TRUE,TRUE,TRUE,"map_full"
"map_full_age_5","24-35",28,0.112506633317325,0.0161711072466149,0.0808112631139594,0.14420200352069,0.0164865959077473,1.66143275150509,62.8081860722526,94.7588284788529,TRUE,TRUE,TRUE,"map_full"
"map_full_age_5","24-35",28.5,0.11626065807086,0.0172425716077702,0.0824652177196304,0.150056098422089,0.0164865959077473,1.66143275150509,62.8081860722526,94.7588284788529,TRUE,TRUE,TRUE,"map_full"
"map_full_age_5","24-35",29,0.119722846487934,0.0183080289288474,0.0838391097873928,0.155606583188475,0.0164865959077473,1.66143275150509,62.8081860722526,94.7588284788529,TRUE,TRUE,TRUE,"map_full"
"map_full_age_5","24-35",29.5,0.122908826626759,0.0193642167904259,0.0849549617175243,0.160862691535994,0.0164865959077473,1.66143275150509,62.8081860722526,94.7588284788529,TRUE,TRUE,TRUE,"map_full"
"map_full_age_5","24-35",30,0.125834226545549,0.0204077784186742,0.0858349808449481,0.165833472246151,0.0164865959077473,1.66143275150509,62.8081860722526,94.7588284788529,TRUE,TRUE,TRUE,"map_full"
"map_full_age_5","24-35",30.5,0.128514674302518,0.0214352857317292,0.0865015142683286,0.170527834336707,0.0164865959077473,1.66143275150509,62.8081860722526,94.7588284788529,TRUE,TRUE,TRUE,"map_full"
"map_full_age_5","24-35",31,0.130965797955878,0.0224432608888617,0.086977006613709,0.174954589298047,0.0164865959077473,1.66143275150509,62.8081860722526,94.7588284788529,TRUE,TRUE,TRUE,"map_full"
"map_full_age_5","24-35",31.5,0.133203225563842,0.0234281967747428,0.0872839598853465,0.179122491242338,0.0164865959077473,1.66143275150509,62.8081860722526,94.7588284788529,TRUE,TRUE,TRUE,"map_full"
"map_full_age_5","24-35",32,0.135242585184625,0.024386576848323,0.0874448945619116,0.183040275807338,0.0164865959077473,1.66143275150509,62.8081860722526,94.7588284788529,TRUE,TRUE,TRUE,"map_full"
"map_full_age_5","24-35",32.5,0.137099504876438,0.0253148947892714,0.087482311089466,0.18671669866341,0.0164865959077473,1.66143275150509,62.8081860722526,94.7588284788529,TRUE,TRUE,TRUE,"map_full"
"map_full_age_5","24-35",33,0.138789612697495,0.0262096743870538,0.0874186508988701,0.190160574496121,0.0164865959077473,1.66143275150509,62.8081860722526,94.7588284788529,TRUE,TRUE,TRUE,"map_full"
"map_full_age_5","24-35",33.5,0.14032853670601,0.0270674901407907,0.0872762560300607,0.19338081738196,0.0164865959077473,1.66143275150509,62.8081860722526,94.7588284788529,TRUE,TRUE,TRUE,"map_full"
"map_full_age_5","24-35",34,0.141731904960196,0.0278849890743097,0.0870773263745493,0.196386483545843,0.0164865959077473,1.66143275150509,62.8081860722526,94.7588284788529,TRUE,TRUE,TRUE,"map_full"
"map_full_age_5","24-35",34.5,0.143015345518266,0.0286589143227868,0.0868438734456037,0.199186817590928,0.0164865959077473,1.66143275150509,62.8081860722526,94.7588284788529,TRUE,TRUE,TRUE,"map_full"
"map_full_age_5","24-35",35,0.144194486438433,0.0293861311179297,0.0865976694472904,0.201791303429575,0.0164865959077473,1.66143275150509,62.8081860722526,94.7588284788529,TRUE,TRUE,TRUE,"map_full"
"map_full_age_5","24-35",35.5,0.14528495577891,0.0300636558911666,0.0863601902322234,0.204209721325596,0.0164865959077473,1.66143275150509,62.8081860722526,94.7588284788529,TRUE,TRUE,TRUE,"map_full"
"map_full_age_5","24-35",36,0.146302381597911,0.0306886893327544,0.086152550505712,0.206452212690109,0.0164865959077473,1.66143275150509,62.8081860722526,94.7588284788529,TRUE,TRUE,TRUE,"map_full"
"map_full_age_5","24-35",36.5,0.147262391953648,0.0312586543937053,0.0859954293419858,0.208529354565311,0.0164865959077473,1.66143275150509,62.8081860722526,94.7588284788529,TRUE,TRUE,TRUE,"map_full"
"map_full_age_5","24-35",37,0.148180614904336,0.0317712404020835,0.0859089837162523,0.21045224609242,0.0164865959077473,1.66143275150509,62.8081860722526,94.7588284788529,TRUE,TRUE,TRUE,"map_full"
"map_full_age_5","24-35",37.5,0.149072583225731,0.032224493008153,0.0859125769297514,0.212232589521711,0.0164865959077473,1.66143275150509,62.8081860722526,94.7588284788529,TRUE,TRUE,TRUE,"map_full"
"map_full_age_5","24-35",38,0.14994798021015,0.0326191558289604,0.0860144347853879,0.213881525634913,0.0164865959077473,1.66143275150509,62.8081860722526,94.7588284788529,TRUE,TRUE,TRUE,"map_full"
"map_full_age_5","24-35",38.5,0.150807345409885,0.0329598526169322,0.0862060342806984,0.215408656539072,0.0164865959077473,1.66143275150509,62.8081860722526,94.7588284788529,TRUE,TRUE,TRUE,"map_full"
"map_full_age_5","24-35",39,0.151650422745235,0.0332516122954022,0.0864772626462465,0.216823582844223,0.0164865959077473,1.66143275150509,62.8081860722526,94.7588284788529,TRUE,TRUE,TRUE,"map_full"
"map_full_age_5","24-35",39.5,0.152476956136497,0.0334995174673139,0.0868179019005612,0.218136010372432,0.0164865959077473,1.66143275150509,62.8081860722526,94.7588284788529,TRUE,TRUE,TRUE,"map_full"
"map_full_age_5","24-35",40,0.153286689503969,0.0337086771015157,0.0872176823849978,0.219355696622939,0.0164865959077473,1.66143275150509,62.8081860722526,94.7588284788529,TRUE,TRUE,TRUE,"map_full"
"map_full_age_5","24-35",40.5,0.154079366767949,0.0338841987122841,0.087666337291872,0.220492396244025,0.0164865959077473,1.66143275150509,62.8081860722526,94.7588284788529,TRUE,TRUE,TRUE,"map_full"
"map_full_age_5","24-35",41,0.154854731848735,0.0340311592847984,0.0881536596505305,0.22155580404694,0.0164865959077473,1.66143275150509,62.8081860722526,94.7588284788529,TRUE,TRUE,TRUE,"map_full"
"map_full_age_5","24-35",41.5,0.155612528666626,0.0341545744392778,0.0886695627656421,0.222555494567611,0.0164865959077473,1.66143275150509,62.8081860722526,94.7588284788529,TRUE,TRUE,TRUE,"map_full"
"map_full_age_5","24-35",42,0.15635250114192,0.0342593655499214,0.089204144664074,0.223500857619766,0.0164865959077473,1.66143275150509,62.8081860722526,94.7588284788529,TRUE,TRUE,TRUE,"map_full"
"map_full_age_5","24-35",42.5,0.157074393194914,0.0343503247558906,0.089747756673368,0.224401029716459,0.0164865959077473,1.66143275150509,62.8081860722526,94.7588284788529,TRUE,TRUE,TRUE,"map_full"
"map_full_age_5","24-35",43,0.157777948745906,0.0344320780272922,0.0902910758124135,0.225264821679399,0.0164865959077473,1.66143275150509,62.8081860722526,94.7588284788529,TRUE,TRUE,TRUE,"map_full"
"map_full_age_5","24-35",43.5,0.158462911715195,0.034509046679989,0.0908251802224166,0.226100643207974,0.0164865959077473,1.66143275150509,62.8081860722526,94.7588284788529,TRUE,TRUE,TRUE,"map_full"
"map_full_age_5","24-35",44,0.159129026023079,0.0345854079637308,0.0913416264141662,0.226916425631991,0.0164865959077473,1.66143275150509,62.8081860722526,94.7588284788529,TRUE,TRUE,TRUE,"map_full"
"map_full_age_5","24-35",44.5,0.159776035589855,0.034665055567941,0.0918325266766903,0.227719544503019,0.0164865959077473,1.66143275150509,62.8081860722526,94.7588284788529,TRUE,TRUE,TRUE,"map_full"
"map_full_age_5","24-35",45,0.160403684335822,0.0347515610837306,0.0922906246117095,0.228516744059934,0.0164865959077473,1.66143275150509,62.8081860722526,94.7588284788529,TRUE,TRUE,TRUE,"map_full"
"map_full_age_5","24-35",45.5,0.161011716181277,0.0348481376119751,0.092709366461806,0.229314065900748,0.0164865959077473,1.66143275150509,62.8081860722526,94.7588284788529,TRUE,TRUE,TRUE,"map_full"
"map_full_age_5","24-35",46,0.161599875046519,0.0349576067980039,0.0930829657224317,0.230116784370607,0.0164865959077473,1.66143275150509,62.8081860722526,94.7588284788529,TRUE,TRUE,TRUE,"map_full"
"map_full_age_5","24-35",46.5,0.162167904851846,0.0350823705885464,0.0934064584982956,0.230929351205397,0.0164865959077473,1.66143275150509,62.8081860722526,94.7588284788529,TRUE,TRUE,TRUE,"map_full"
"map_full_age_5","24-35",47,0.162715549517556,0.0352243889363604,0.0936757472022898,0.231755351832823,0.0164865959077473,1.66143275150509,62.8081860722526,94.7588284788529,TRUE,TRUE,TRUE,"map_full"
"map_full_age_5","24-35",47.5,0.163242552963947,0.0353851645206063,0.0938876305035584,0.232597475424335,0.0164865959077473,1.66143275150509,62.8081860722526,94.7588284788529,TRUE,TRUE,TRUE,"map_full"
"map_full_age_5","24-35",48,0.163748659111316,0.035565735313957,0.0940398178959606,0.233457500326672,0.0164865959077473,1.66143275150509,62.8081860722526,94.7588284788529,TRUE,TRUE,TRUE,"map_full"
"map_full_age_5","24-35",48.5,0.164233611879963,0.0357666755275126,0.0941309278460381,0.234336295913887,0.0164865959077473,1.66143275150509,62.8081860722526,94.7588284788529,TRUE,TRUE,TRUE,"map_full"
"map_full_age_5","24-35",49,0.164697155190184,0.0359881051264859,0.0941604691422719,0.235233841238096,0.0164865959077473,1.66143275150509,62.8081860722526,94.7588284788529,TRUE,TRUE,TRUE,"map_full"
"map_full_age_5","24-35",49.5,0.165139032962279,0.03622970776295,0.0941288057468967,0.236149260177661,0.0164865959077473,1.66143275150509,62.8081860722526,94.7588284788529,TRUE,TRUE,TRUE,"map_full"
"map_full_age_5","24-35",50,0.165558989116544,0.036490756647315,0.0940371060878066,0.237080872145282,0.0164865959077473,1.66143275150509,62.8081860722526,94.7588284788529,TRUE,TRUE,TRUE,"map_full"
"map_full_age_5","24-35",50.5,0.165956767573278,0.03677014760525,0.0938872782669886,0.238026256879568,0.0164865959077473,1.66143275150509,62.8081860722526,94.7588284788529,TRUE,TRUE,TRUE,"map_full"
"map_full_age_5","24-35",51,0.16633211225278,0.0370664383626321,0.0936818930620212,0.238982331443539,0.0164865959077473,1.66143275150509,62.8081860722526,94.7588284788529,TRUE,TRUE,TRUE,"map_full"
"map_full_age_5","24-35",51.5,0.166684767075347,0.0373778929802021,0.0934240968341508,0.239945437316543,0.0164865959077473,1.66143275150509,62.8081860722526,94.7588284788529,TRUE,TRUE,TRUE,"map_full"
"map_full_age_5","24-35",52,0.167014475961277,0.0377025303248879,0.0931175165244965,0.240911435398057,0.0164865959077473,1.66143275150509,62.8081860722526,94.7588284788529,TRUE,TRUE,TRUE,"map_full"
"map_full_age_5","24-35",52.5,0.167320982830868,0.0380381755104897,0.0927661588303083,0.241875806831428,0.0164865959077473,1.66143275150509,62.8081860722526,94.7588284788529,TRUE,TRUE,TRUE,"map_full"
"map_full_age_5","24-35",53,0.167604031604418,0.0383825133540249,0.0923743054305296,0.242833757778307,0.0164865959077473,1.66143275150509,62.8081860722526,94.7588284788529,TRUE,TRUE,TRUE,"map_full"
"map_full_age_5","24-35",53.5,0.167863366202226,0.0387331430586978,0.0919464058071785,0.243780326597274,0.0164865959077473,1.66143275150509,62.8081860722526,94.7588284788529,TRUE,TRUE,TRUE,"map_full"
"map_full_age_5","24-35",54,0.168098730544589,0.0390876335316377,0.0914869688225793,0.244710492266599,0.0164865959077473,1.66143275150509,62.8081860722526,94.7588284788529,TRUE,TRUE,TRUE,"map_full"
"map_full_age_5","24-35",54.5,0.168309868551806,0.0394435789563069,0.0910004537974441,0.245619283306167,0.0164865959077473,1.66143275150509,62.8081860722526,94.7588284788529,TRUE,TRUE,TRUE,"map_full"
"map_full_age_5","24-35",55,0.168496524144173,0.0397986544499652,0.0904911614222416,0.246501886866105,0.0164865959077473,1.66143275150509,62.8081860722526,94.7588284788529,TRUE,TRUE,TRUE,"map_full"
"map_full_age_5","24-35",55.5,0.168658441241991,0.0401506718329447,0.0899631244494192,0.247353758034562,0.0164865959077473,1.66143275150509,62.8081860722526,94.7588284788529,TRUE,TRUE,TRUE,"map_full"
"map_full_age_5","24-35",56,0.168795363765555,0.040497635708934,0.0894199977760448,0.248170729755066,0.0164865959077473,1.66143275150509,62.8081860722526,94.7588284788529,TRUE,TRUE,TRUE,"map_full"
"map_full_age_5","24-35",56.5,0.168907035635166,0.040837800196835,0.0888649472493692,0.248949124020962,0.0164865959077473,1.66143275150509,62.8081860722526,94.7588284788529,TRUE,TRUE,TRUE,"map_full"
"map_full_age_5","24-35",57,0.168993290058853,0.041169949568923,0.088300188903764,0.249686391213942,0.0164865959077473,1.66143275150509,62.8081860722526,94.7588284788529,TRUE,TRUE,TRUE,"map_full"
"map_full_age_5","24-35",57.5,0.169054352780881,0.0414942317976098,0.0877256584575655,0.250383047104196,0.0164865959077473,1.66143275150509,62.8081860722526,94.7588284788529,TRUE,TRUE,TRUE,"map_full"
"map_full_age_5","24-35",58,0.169090557385134,0.0418114983712339,0.087140020577515,0.251041094192752,0.0164865959077473,1.66143275150509,62.8081860722526,94.7588284788529,TRUE,TRUE,TRUE,"map_full"
"map_full_age_5","24-35",58.5,0.16910223745856,0.0421230098953496,0.0865411380636747,0.251663336853445,0.0164865959077473,1.66143275150509,62.8081860722526,94.7588284788529,TRUE,TRUE,TRUE,"map_full"
"map_full_age_5","24-35",59,0.169089726588108,0.0424304028807159,0.0859261369419048,0.252253316234311,0.0164865959077473,1.66143275150509,62.8081860722526,94.7588284788529,TRUE,TRUE,TRUE,"map_full"
"map_full_age_5","24-35",59.5,0.169053358360726,0.0427356585218086,0.0852914676579809,0.25281524906347,0.0164865959077473,1.66143275150509,62.8081860722526,94.7588284788529,TRUE,TRUE,TRUE,"map_full"
"map_full_age_5","24-35",60,0.168993466363362,0.0430410728094678,0.0846329636568049,0.253353969069919,0.0164865959077473,1.66143275150509,62.8081860722526,94.7588284788529,TRUE,TRUE,TRUE,"map_full"
"map_full_age_5","24-35",60.5,0.168910384182964,0.0433492273442329,0.0839458985882675,0.253874869777661,0.0164865959077473,1.66143275150509,62.8081860722526,94.7588284788529,TRUE,TRUE,TRUE,"map_full"
"map_full_age_5","24-35",61,0.168804445406481,0.0436629602547837,0.0832250433071052,0.254383847505857,0.0164865959077473,1.66143275150509,62.8081860722526,94.7588284788529,TRUE,TRUE,TRUE,"map_full"
"map_full_age_5","24-35",61.5,0.168675983620861,0.0439853366845964,0.0824647237190521,0.25488724352267,0.0164865959077473,1.66143275150509,62.8081860722526,94.7588284788529,TRUE,TRUE,TRUE,"map_full"
"map_full_age_5","24-35",62,0.168525332413052,0.0443196183890033,0.0816588803706054,0.255391784455498,0.0164865959077473,1.66143275150509,62.8081860722526,94.7588284788529,TRUE,TRUE,TRUE,"map_full"
"map_full_age_5","24-35",62.5,0.168352825370002,0.0446692320842118,0.0808011304849472,0.255904520255057,0.0164865959077473,1.66143275150509,62.8081860722526,94.7588284788529,TRUE,TRUE,TRUE,"map_full"
"map_full_age_5","24-35",62.8081860722526,0.168235754418697,0.0448939032816584,0.0802437039866465,0.256227804850747,0.0164865959077473,1.66143275150509,62.8081860722526,94.7588284788529,TRUE,TRUE,TRUE,"map_full"
"map_full_age_5","24-35",63,0.16815879607866,0.0450377363090092,0.0798848329130023,0.256432759244318,0.0164865959077473,1.66143275150509,62.8081860722526,94.7588284788529,TRUE,FALSE,TRUE,"map_full"
"map_full_age_5","24-35",63.5,0.167943578125974,0.0454287866972098,0.0789031561994431,0.256984000052505,0.0164865959077473,1.66143275150509,62.8081860722526,94.7588284788529,TRUE,FALSE,TRUE,"map_full"
"map_full_age_5","24-35",64,0.167707505098892,0.0458460997110688,0.0778491496651975,0.257565860532587,0.0164865959077473,1.66143275150509,62.8081860722526,94.7588284788529,TRUE,FALSE,TRUE,"map_full"
"map_full_age_5","24-35",64.5,0.167450910584363,0.0462934150474584,0.0767158170913442,0.258186004077381,0.0164865959077473,1.66143275150509,62.8081860722526,94.7588284788529,TRUE,FALSE,TRUE,"map_full"
"map_full_age_5","24-35",65,0.167174128169333,0.0467744570919095,0.0754961922691909,0.258852064069476,0.0164865959077473,1.66143275150509,62.8081860722526,94.7588284788529,TRUE,FALSE,TRUE,"map_full"
"map_full_age_5","24-35",65.5,0.166877491440753,0.0472928959510211,0.074183415376752,0.259571567504755,0.0164865959077473,1.66143275150509,62.8081860722526,94.7588284788529,TRUE,FALSE,TRUE,"map_full"
"map_full_age_5","24-35",66,0.16656133398557,0.0478523087301882,0.0727708088744013,0.260351859096739,0.0164865959077473,1.66143275150509,62.8081860722526,94.7588284788529,TRUE,FALSE,TRUE,"map_full"
"map_full_age_5","24-35",66.5,0.166225989390732,0.0484561418296892,0.0712519514045415,0.261200027376923,0.0164865959077473,1.66143275150509,62.8081860722526,94.7588284788529,TRUE,FALSE,TRUE,"map_full"
"map_full_age_5","24-35",67,0.165871791243188,0.0491076750974054,0.0696207480522733,0.262122834434102,0.0164865959077473,1.66143275150509,62.8081860722526,94.7588284788529,TRUE,FALSE,TRUE,"map_full"
"map_full_age_5","24-35",67.5,0.165499073129885,0.0498099886926524,0.0678714952922867,0.263126650967484,0.0164865959077473,1.66143275150509,62.8081860722526,94.7588284788529,TRUE,FALSE,TRUE,"map_full"
"map_full_age_5","24-35",68,0.165108168637773,0.0505659334782655,0.0659989390203726,0.264217398255173,0.0164865959077473,1.66143275150509,62.8081860722526,94.7588284788529,TRUE,FALSE,TRUE,"map_full"
"map_full_age_5","24-35",68.5,0.164699411353799,0.0513781056672934,0.0639983242459038,0.265400498461694,0.0164865959077473,1.66143275150509,62.8081860722526,94.7588284788529,TRUE,FALSE,TRUE,"map_full"
"map_full_age_5","24-35",69,0.164273134864911,0.0522488263115336,0.0618654352943054,0.266680834435517,0.0164865959077473,1.66143275150509,62.8081860722526,94.7588284788529,TRUE,FALSE,TRUE,"map_full"
"map_full_age_5","24-35",69.5,0.163829672758058,0.0531801260415153,0.0595966257166884,0.268062719799428,0.0164865959077473,1.66143275150509,62.8081860722526,94.7588284788529,TRUE,FALSE,TRUE,"map_full"
"map_full_age_5","24-35",70,0.163369358620189,0.0541737352649905,0.0571888375008075,0.26954987973957,0.0164865959077473,1.66143275150509,62.8081860722526,94.7588284788529,TRUE,FALSE,TRUE,"map_full"
"map_full_age_5","24-35",70.5,0.16289252603825,0.0552310798192886,0.0546396095924445,0.271145442484056,0.0164865959077473,1.66143275150509,62.8081860722526,94.7588284788529,TRUE,FALSE,TRUE,"map_full"
"map_full_age_5","24-35",71,0.162399508599191,0.056353281868165,0.0519470761375879,0.272851941060795,0.0164865959077473,1.66143275150509,62.8081860722526,94.7588284788529,TRUE,FALSE,TRUE,"map_full"
"map_full_age_5","24-35",71.5,0.16189063988996,0.0575411656506604,0.0491099552146657,0.274671324565255,0.0164865959077473,1.66143275150509,62.8081860722526,94.7588284788529,TRUE,FALSE,TRUE,"map_full"
"map_full_age_5","24-35",72,0.161366253497505,0.0587952675396184,0.0461275291198527,0.276604977875157,0.0164865959077473,1.66143275150509,62.8081860722526,94.7588284788529,TRUE,FALSE,TRUE,"map_full"
"map_full_age_5","24-35",72.5,0.160826683008774,0.0601158497584669,0.0429996174821787,0.278653748535369,0.0164865959077473,1.66143275150509,62.8081860722526,94.7588284788529,TRUE,FALSE,TRUE,"map_full"
"map_full_age_5","24-35",73,0.160272262010716,0.0615029170398654,0.0397265446125794,0.280817979408852,0.0164865959077473,1.66143275150509,62.8081860722526,94.7588284788529,TRUE,FALSE,TRUE,"map_full"
"map_full_age_5","24-35",73.5,0.159703324090278,0.0629562354878572,0.0363091025340777,0.283097545646478,0.0164865959077473,1.66143275150509,62.8081860722526,94.7588284788529,TRUE,FALSE,TRUE,"map_full"
"map_full_age_5","24-35",74,0.159120202834409,0.0644753529218274,0.0327485111076275,0.285491894561191,0.0164865959077473,1.66143275150509,62.8081860722526,94.7588284788529,TRUE,FALSE,TRUE,"map_full"
"map_full_age_5","24-35",74.5,0.158523231830058,0.0660596200289805,0.0290463765732558,0.288000087086859,0.0164865959077473,1.66143275150509,62.8081860722526,94.7588284788529,TRUE,FALSE,TRUE,"map_full"
"map_full_age_5","24-35",75,0.157912744664172,0.0677082117240378,0.0252046496850575,0.290620839643286,0.0164865959077473,1.66143275150509,62.8081860722526,94.7588284788529,TRUE,FALSE,TRUE,"map_full"
"map_full_age_5","24-35",75.5,0.157289074923699,0.0694201482019485,0.0212255844478802,0.293352565399518,0.0164865959077473,1.66143275150509,62.8081860722526,94.7588284788529,TRUE,FALSE,TRUE,"map_full"
"map_full_age_5","24-35",76,0.156652556195589,0.0711943152637166,0.0171116982787044,0.296193414112473,0.0164865959077473,1.66143275150509,62.8081860722526,94.7588284788529,TRUE,FALSE,TRUE,"map_full"
"map_full_age_5","24-35",76.5,0.156003522066789,0.0730294835902161,0.0128657342299652,0.299141309903612,0.0164865959077473,1.66143275150509,62.8081860722526,94.7588284788529,TRUE,FALSE,TRUE,"map_full"
"map_full_age_5","24-35",77,0.155342306124247,0.0749243267288158,0.00849062573576806,0.302193986512726,0.0164865959077473,1.66143275150509,62.8081860722526,94.7588284788529,TRUE,FALSE,TRUE,"map_full"
"map_full_age_5","24-35",77.5,0.154669241954912,0.0768774376390307,0.003989464182412,0.305349019727412,0.0164865959077473,1.66143275150509,62.8081860722526,94.7588284788529,TRUE,FALSE,TRUE,"map_full"
"map_full_age_5","24-35",78,0.153984663145732,0.0788873437139825,-0.000634530533673572,0.308603856825138,0.0164865959077473,1.66143275150509,62.8081860722526,94.7588284788529,TRUE,FALSE,TRUE,"map_full"
"map_full_age_5","24-35",78.5,0.153288903283655,0.0809525202531641,-0.00537803641254647,0.311955842979857,0.0164865959077473,1.66143275150509,62.8081860722526,94.7588284788529,TRUE,FALSE,TRUE,"map_full"
"map_full_age_5","24-35",79,0.15258229595563,0.0830714024088314,-0.0102376527656796,0.315402244676939,0.0164865959077473,1.66143275150509,62.8081860722526,94.7588284788529,TRUE,FALSE,TRUE,"map_full"
"map_full_age_5","24-35",79.5,0.151865174748604,0.0852423956639694,-0.0152099207527761,0.318940270249984,0.0164865959077473,1.66143275150509,62.8081860722526,94.7588284788529,TRUE,FALSE,TRUE,"map_full"
"map_full_age_5","24-35",80,0.151137873249526,0.0874638849253529,-0.0202913412041655,0.322567087703218,0.0164865959077473,1.66143275150509,62.8081860722526,94.7588284788529,TRUE,FALSE,TRUE,"map_full"
"map_full_age_5","24-35",80.5,0.150400725045345,0.0897342423321234,-0.0254783899256173,0.326279840016306,0.0164865959077473,1.66143275150509,62.8081860722526,94.7588284788529,TRUE,FALSE,TRUE,"map_full"
"map_full_age_5","24-35",81,0.149654063723007,0.0920518338900384,-0.030767530701468,0.330075658147482,0.0164865959077473,1.66143275150509,62.8081860722526,94.7588284788529,TRUE,FALSE,TRUE,"map_full"
"map_full_age_5","24-35",81.5,0.148898222869463,0.0944150250455266,-0.0361552262197696,0.333951671958695,0.0164865959077473,1.66143275150509,62.8081860722526,94.7588284788529,TRUE,FALSE,TRUE,"map_full"
"map_full_age_5","24-35",82,0.148133536071659,0.0968221853132592,-0.0416379471423292,0.337905019285647,0.0164865959077473,1.66143275150509,62.8081860722526,94.7588284788529,TRUE,FALSE,TRUE,"map_full"
"map_full_age_5","24-35",82.5,0.147360336916544,0.099271692067264,-0.0472121795352931,0.341932853368382,0.0164865959077473,1.66143275150509,62.8081860722526,94.7588284788529,TRUE,FALSE,TRUE,"map_full"
"map_full_age_5","24-35",83,0.146578958991067,0.101761933599671,-0.0528744308642876,0.346032348846422,0.0164865959077473,1.66143275150509,62.8081860722526,94.7588284788529,TRUE,FALSE,TRUE,"map_full"
"map_full_age_5","24-35",83.5,0.145789735882175,0.10429131154378,-0.0586212347436334,0.350200706507984,0.0164865959077473,1.66143275150509,62.8081860722526,94.7588284788529,TRUE,FALSE,TRUE,"map_full"
"map_full_age_5","24-35",84,0.144993001176818,0.106858242749935,-0.0644491546130547,0.35443515696669,0.0164865959077473,1.66143275150509,62.8081860722526,94.7588284788529,TRUE,FALSE,TRUE,"map_full"
"map_full_age_5","24-35",84.5,0.144189088461942,0.109461160694146,-0.0703547864985839,0.358732963422468,0.0164865959077473,1.66143275150509,62.8081860722526,94.7588284788529,TRUE,FALSE,TRUE,"map_full"
"map_full_age_5","24-35",85,0.143378331324497,0.112098516490921,-0.0763347609977089,0.363091423646703,0.0164865959077473,1.66143275150509,62.8081860722526,94.7588284788529,TRUE,FALSE,TRUE,"map_full"
"map_full_age_5","24-35",85.5,0.14256106335143,0.11476877957356,-0.0823857446127466,0.367507871315607,0.0164865959077473,1.66143275150509,62.8081860722526,94.7588284788529,TRUE,FALSE,TRUE,"map_full"
"map_full_age_5","24-35",86,0.14173761812969,0.117470438097435,-0.0885044405412823,0.371979676800663,0.0164865959077473,1.66143275150509,62.8081860722526,94.7588284788529,TRUE,FALSE,TRUE,"map_full"
"map_full_age_5","24-35",86.5,0.140908329246226,0.120201999114649,-0.0946875890184861,0.376504247510938,0.0164865959077473,1.66143275150509,62.8081860722526,94.7588284788529,TRUE,FALSE,TRUE,"map_full"
"map_full_age_5","24-35",87,0.140073530287984,0.122961988561899,-0.100931967293337,0.381079027869305,0.0164865959077473,1.66143275150509,62.8081860722526,94.7588284788529,TRUE,FALSE,TRUE,"map_full"
"map_full_age_5","24-35",87.5,0.139233554841915,0.125748951097536,-0.107234389309256,0.385701498993085,0.0164865959077473,1.66143275150509,62.8081860722526,94.7588284788529,TRUE,FALSE,TRUE,"map_full"
"map_full_age_5","24-35",88,0.138388736494965,0.128561449818543,-0.11359170514938,0.390369178139309,0.0164865959077473,1.66143275150509,62.8081860722526,94.7588284788529,TRUE,FALSE,TRUE,"map_full"
"map_full_age_5","24-35",88.5,0.137539408834083,0.131398065883518,-0.120000800297612,0.395079617965777,0.0164865959077473,1.66143275150509,62.8081860722526,94.7588284788529,TRUE,FALSE,TRUE,"map_full"
"map_full_age_5","24-35",89,0.136685905446217,0.134257398063704,-0.126458594758643,0.399830405651077,0.0164865959077473,1.66143275150509,62.8081860722526,94.7588284788529,TRUE,FALSE,TRUE,"map_full"
"map_full_age_5","24-35",89.5,0.135828559918316,0.137138062240547,-0.132962042073155,0.404619161909787,0.0164865959077473,1.66143275150509,62.8081860722526,94.7588284788529,TRUE,FALSE,TRUE,"map_full"
"map_full_age_5","24-35",90,0.134967705837328,0.140038690865199,-0.139508128258461,0.409443539933117,0.0164865959077473,1.66143275150509,62.8081860722526,94.7588284788529,TRUE,FALSE,TRUE,"map_full"
"map_full_age_5","24-35",90.5,0.134103676790201,0.142957932392754,-0.146093870699598,0.414301224279999,0.0164865959077473,1.66143275150509,62.8081860722526,94.7588284788529,TRUE,FALSE,TRUE,"map_full"
"map_full_age_5","24-35",91,0.133236806363883,0.145894450701728,-0.152716317011505,0.41918992973927,0.0164865959077473,1.66143275150509,62.8081860722526,94.7588284788529,TRUE,FALSE,TRUE,"map_full"
"map_full_age_5","24-35",91.5,0.132367428145322,0.148846924507365,-0.159372543889114,0.424107400179758,0.0164865959077473,1.66143275150509,62.8081860722526,94.7588284788529,TRUE,FALSE,TRUE,"map_full"
"map_full_age_5","24-35",92,0.131495875721468,0.151814046775727,-0.166059655958958,0.429051407401893,0.0164865959077473,1.66143275150509,62.8081860722526,94.7588284788529,TRUE,FALSE,TRUE,"map_full"
"map_full_age_5","24-35",92.5,0.130622482679267,0.154794524144127,-0.172774784643221,0.434019750001755,0.0164865959077473,1.66143275150509,62.8081860722526,94.7588284788529,TRUE,FALSE,TRUE,"map_full"
"map_full_age_5","24-35",93,0.129747582605669,0.157787076352298,-0.179515087044835,0.439010252256173,0.0164865959077473,1.66143275150509,62.8081860722526,94.7588284788529,TRUE,FALSE,TRUE,"map_full"
"map_full_age_5","24-35",93.5,0.128871509087621,0.160790435687739,-0.186277744860348,0.44402076303559,0.0164865959077473,1.66143275150509,62.8081860722526,94.7588284788529,TRUE,FALSE,TRUE,"map_full"
"map_full_age_5","24-35",94,0.127994595712072,0.163803346447829,-0.193059963325672,0.449049154749816,0.0164865959077473,1.66143275150509,62.8081860722526,94.7588284788529,TRUE,FALSE,TRUE,"map_full"
"map_full_age_5","24-35",94.5,0.12711717606597,0.166824564420654,-0.199858970198512,0.454093322330452,0.0164865959077473,1.66143275150509,62.8081860722526,94.7588284788529,TRUE,FALSE,TRUE,"map_full"
"map_full_age_5","24-35",94.7588284788529,0.1266628847807,0.168391375142999,-0.203384210499578,0.456709980060978,0.0164865959077473,1.66143275150509,62.8081860722526,94.7588284788529,TRUE,FALSE,TRUE,"map_full"
"map_full_age_5","24-35",95,0.126239577497107,0.16985287278366,-0.206672053158867,0.459151208153081,0.0164865959077473,1.66143275150509,62.8081860722526,94.7588284788529,FALSE,FALSE,TRUE,"map_full"
"map_full_age_5","24-35",95.5,0.125361971215943,0.172887477402449,-0.213497484492858,0.464221426924743,0.0164865959077473,1.66143275150509,62.8081860722526,94.7588284788529,FALSE,FALSE,TRUE,"map_full"
"map_full_age_5","24-35",96,0.124484364934779,0.175928033318775,-0.220334580370019,0.469303310239577,0.0164865959077473,1.66143275150509,62.8081860722526,94.7588284788529,FALSE,FALSE,TRUE,"map_full"
"map_full_age_5","24-35",96.5,0.123606758653615,0.178974237216843,-0.227182746291396,0.474396263598626,0.0164865959077473,1.66143275150509,62.8081860722526,94.7588284788529,FALSE,FALSE,TRUE,"map_full"
"map_full_age_5","24-35",97,0.122729152372451,0.18202580553976,-0.234041426485479,0.479499731230382,0.0164865959077473,1.66143275150509,62.8081860722526,94.7588284788529,FALSE,FALSE,TRUE,"map_full"
"map_full_age_5","24-35",97.5,0.121851546091287,0.185082472948024,-0.24091010088684,0.484613193069414,0.0164865959077473,1.66143275150509,62.8081860722526,94.7588284788529,FALSE,FALSE,TRUE,"map_full"
"map_full_age_5","24-35",98,0.120973939810123,0.188143990916061,-0.247788282385355,0.489736162005602,0.0164865959077473,1.66143275150509,62.8081860722526,94.7588284788529,FALSE,FALSE,TRUE,"map_full"
"map_full_age_5","24-35",98.5,0.12009633352896,0.191210126453069,-0.254675514319055,0.494868181376975,0.0164865959077473,1.66143275150509,62.8081860722526,94.7588284788529,FALSE,FALSE,TRUE,"map_full"
"map_full_age_5","24-35",99,0.119218727247796,0.194280660935884,-0.261571368186536,0.500008822682128,0.0164865959077473,1.66143275150509,62.8081860722526,94.7588284788529,FALSE,FALSE,TRUE,"map_full"
"map_full_age_5","24-35",99.5,0.118341120966632,0.19735538904291,-0.268475441557472,0.505157683490735,0.0164865959077473,1.66143275150509,62.8081860722526,94.7588284788529,FALSE,FALSE,TRUE,"map_full"
"map_full_age_5","24-35",100,0.117463514685468,0.20043411777934,-0.275387356162038,0.510314385532973,0.0164865959077473,1.66143275150509,62.8081860722526,94.7588284788529,FALSE,FALSE,TRUE,"map_full"
"map_full_age_6","36-47",0,-0.601217008614976,0.0723656371841925,-0.743053657495993,-0.459380359733958,0.0164865959077473,1.65691527829735,63.1664103499948,94.7588284788529,FALSE,FALSE,TRUE,"map_full"
"map_full_age_6","36-47",0.0164865959077473,-0.600630319875018,0.0722854307898562,-0.742309764223136,-0.4589508755269,0.0164865959077473,1.65691527829735,63.1664103499948,94.7588284788529,TRUE,FALSE,TRUE,"map_full"
"map_full_age_6","36-47",0.5,-0.583425673613445,0.0699348647257492,-0.720498008475913,-0.446353338750976,0.0164865959077473,1.65691527829735,63.1664103499948,94.7588284788529,TRUE,FALSE,TRUE,"map_full"
"map_full_age_6","36-47",1,-0.565644386801944,0.0675093220907882,-0.697962658099889,-0.433326115503999,0.0164865959077473,1.65691527829735,63.1664103499948,94.7588284788529,TRUE,FALSE,TRUE,"map_full"
"map_full_age_6","36-47",1.5,-0.547883538862327,0.0650916184923923,-0.675463111107416,-0.420303966617239,0.0164865959077473,1.65691527829735,63.1664103499948,94.7588284788529,TRUE,FALSE,TRUE,"map_full"
"map_full_age_6","36-47",1.65691527829735,-0.542315507943318,0.064334899203809,-0.668411910382784,-0.416219105503852,0.0164865959077473,1.65691527829735,63.1664103499948,94.7588284788529,TRUE,TRUE,TRUE,"map_full"
"map_full_age_6","36-47",2,-0.530153520538534,0.0626843552567364,-0.653014856841737,-0.407292184235331,0.0164865959077473,1.65691527829735,63.1664103499948,94.7588284788529,TRUE,TRUE,TRUE,"map_full"
"map_full_age_6","36-47",2.5,-0.512464722574503,0.060290123662788,-0.630633364953568,-0.394296080195439,0.0164865959077473,1.65691527829735,63.1664103499948,94.7588284788529,TRUE,TRUE,TRUE,"map_full"
"map_full_age_6","36-47",3,-0.494827535714174,0.0579115025497104,-0.608334080711606,-0.381320990716741,0.0164865959077473,1.65691527829735,63.1664103499948,94.7588284788529,TRUE,TRUE,TRUE,"map_full"
"map_full_age_6","36-47",3.5,-0.477252350701484,0.0555510556323624,-0.586132419740914,-0.368372281662053,0.0164865959077473,1.65691527829735,63.1664103499948,94.7588284788529,TRUE,TRUE,TRUE,"map_full"
"map_full_age_6","36-47",4,-0.459749558280372,0.0532113284716805,-0.564043762084866,-0.355455354475878,0.0164865959077473,1.65691527829735,63.1664103499948,94.7588284788529,TRUE,TRUE,TRUE,"map_full"
"map_full_age_6","36-47",4.5,-0.442329549194779,0.050894845037708,-0.542083445468686,-0.342575652920871,0.0164865959077473,1.65691527829735,63.1664103499948,94.7588284788529,TRUE,TRUE,TRUE,"map_full"
"map_full_age_6","36-47",5,-0.425002714188641,0.0486041037923545,-0.520266757621656,-0.329738670755626,0.0164865959077473,1.65691527829735,63.1664103499948,94.7588284788529,TRUE,TRUE,TRUE,"map_full"
"map_full_age_6","36-47",5.5,-0.407779444005899,0.046341573206369,-0.498608927490382,-0.316949960521416,0.0164865959077473,1.65691527829735,63.1664103499948,94.7588284788529,TRUE,TRUE,TRUE,"map_full"
"map_full_age_6","36-47",6,-0.39067012939049,0.0441096866101949,-0.477125115146472,-0.304215143634509,0.0164865959077473,1.65691527829735,63.1664103499948,94.7588284788529,TRUE,TRUE,TRUE,"map_full"
"map_full_age_6","36-47",6.5,-0.373685161086355,0.0419108362610154,-0.455830400157945,-0.291539922014764,0.0164865959077473,1.65691527829735,63.1664103499948,94.7588284788529,TRUE,TRUE,TRUE,"map_full"
"map_full_age_6","36-47",7,-0.356834929837431,0.039747366488081,-0.434739768154069,-0.278930091520792,0.0164865959077473,1.65691527829735,63.1664103499948,94.7588284788529,TRUE,TRUE,TRUE,"map_full"
"map_full_age_6","36-47",7.5,-0.340129826387657,0.0376215657550105,-0.413868095267478,-0.266391557507836,0.0164865959077473,1.65691527829735,63.1664103499948,94.7588284788529,TRUE,TRUE,TRUE,"map_full"
"map_full_age_6","36-47",8,-0.323580241480972,0.0355356574509346,-0.393230130084804,-0.25393035287714,0.0164865959077473,1.65691527829735,63.1664103499948,94.7588284788529,TRUE,TRUE,TRUE,"map_full"
"map_full_age_6","36-47",8.5,-0.307196565861316,0.0334917891919503,-0.372840472677538,-0.241552659045093,0.0164865959077473,1.65691527829735,63.1664103499948,94.7588284788529,TRUE,TRUE,TRUE,"map_full"
"map_full_age_6","36-47",9,-0.290989190272626,0.0314920203804682,-0.352713550218344,-0.229264830326908,0.0164865959077473,1.65691527829735,63.1664103499948,94.7588284788529,TRUE,TRUE,TRUE,"map_full"
"map_full_age_6","36-47",9.5,-0.274968505458842,0.0295383077330766,-0.332863588615672,-0.217073422302012,0.0164865959077473,1.65691527829735,63.1664103499948,94.7588284788529,TRUE,TRUE,TRUE,"map_full"
"map_full_age_6","36-47",10,-0.259144902163902,0.0276324884484863,-0.313304579522935,-0.204985224804869,0.0164865959077473,1.65691527829735,63.1664103499948,94.7588284788529,TRUE,TRUE,TRUE,"map_full"
"map_full_age_6","36-47",10.5,-0.243528771131745,0.0257762606477611,-0.294050242001357,-0.193007300262134,0.0164865959077473,1.65691527829735,63.1664103499948,94.7588284788529,TRUE,TRUE,TRUE,"map_full"
"map_full_age_6","36-47",11,-0.228130503106311,0.0239711606823472,-0.275113978043711,-0.18114702816891,0.0164865959077473,1.65691527829735,63.1664103499948,94.7588284788529,TRUE,TRUE,TRUE,"map_full"
"map_full_age_6","36-47",11.5,-0.212960488831537,0.0222185368760369,-0.25650882110857,-0.169412156554505,0.0164865959077473,1.65691527829735,63.1664103499948,94.7588284788529,TRUE,TRUE,TRUE,"map_full"
"map_full_age_6","36-47",12,-0.198029119051363,0.0205195192517999,-0.238247376784891,-0.157810861317835,0.0164865959077473,1.65691527829735,63.1664103499948,94.7588284788529,TRUE,TRUE,TRUE,"map_full"
"map_full_age_6","36-47",12.5,-0.183346784509728,0.0188749848031521,-0.220341754723906,-0.14635181429555,0.0164865959077473,1.65691527829735,63.1664103499948,94.7588284788529,TRUE,TRUE,TRUE,"map_full"
"map_full_age_6","36-47",13,-0.168923875950569,0.017285517915669,-0.202803491065281,-0.135044260835858,0.0164865959077473,1.65691527829735,63.1664103499948,94.7588284788529,TRUE,TRUE,TRUE,"map_full"
"map_full_age_6","36-47",13.5,-0.154770784117827,0.0157513656446477,-0.185643460781337,-0.123898107454318,0.0164865959077473,1.65691527829735,63.1664103499948,94.7588284788529,TRUE,TRUE,TRUE,"map_full"
"map_full_age_6","36-47",14,-0.14089789975544,0.0142723877309966,-0.168871779708193,-0.112924019802687,0.0164865959077473,1.65691527829735,63.1664103499948,94.7588284788529,TRUE,TRUE,TRUE,"map_full"
"map_full_age_6","36-47",14.5,-0.127315613607347,0.0128480015133941,-0.152497696573599,-0.102133530641094,0.0164865959077473,1.65691527829735,63.1664103499948,94.7588284788529,TRUE,TRUE,TRUE,"map_full"
"map_full_age_6","36-47",15,-0.114034316417486,0.0114771222953559,-0.136529476116383,-0.0915391567185879,0.0164865959077473,1.65691527829735,63.1664103499948,94.7588284788529,TRUE,TRUE,TRUE,"map_full"
"map_full_age_6","36-47",15.5,-0.101064398929796,0.0101581002714952,-0.120974275461926,-0.0811545223976652,0.0164865959077473,1.65691527829735,63.1664103499948,94.7588284788529,TRUE,TRUE,TRUE,"map_full"
"map_full_age_6","36-47",16,-0.0884162518882163,0.00888865581649968,-0.105838017288556,-0.0709944864878769,0.0164865959077473,1.65691527829735,63.1664103499948,94.7588284788529,TRUE,TRUE,TRUE,"map_full"
"map_full_age_6","36-47",16.5,-0.0761002660366858,0.00766581577961376,-0.0911252649647288,-0.0610752671086428,0.0164865959077473,1.65691527829735,63.1664103499948,94.7588284788529,TRUE,TRUE,TRUE,"map_full"
"map_full_age_6","36-47",17,-0.064126832119143,0.00648585436071369,-0.0768391066661419,-0.0514145575721442,0.0164865959077473,1.65691527829735,63.1664103499948,94.7588284788529,TRUE,TRUE,TRUE,"map_full"
"map_full_age_6","36-47",17.5,-0.0525063408795268,0.00534424309122112,-0.0629810573383202,-0.0420316244207334,0.0164865959077473,1.65691527829735,63.1664103499948,94.7588284788529,TRUE,TRUE,TRUE,"map_full"
"map_full_age_6","36-47",18,-0.041249183061776,0.00423561532940677,-0.0495509891074133,-0.0329473770161387,0.0164865959077473,1.65691527829735,63.1664103499948,94.7588284788529,TRUE,TRUE,TRUE,"map_full"
"map_full_age_6","36-47",18.5,-0.0303657494098295,0.00315375168829399,-0.0365471027188857,-0.0241843961007733,0.0164865959077473,1.65691527829735,63.1664103499948,94.7588284788529,TRUE,TRUE,TRUE,"map_full"
"map_full_age_6","36-47",19,-0.0198652028463435,0.0020916569657945,-0.0239648504993007,-0.0157655551933863,0.0164865959077473,1.65691527829735,63.1664103499948,94.7588284788529,TRUE,TRUE,TRUE,"map_full"
"map_full_age_6","36-47",19.5,-0.00974578234796954,0.00104243095366114,-0.0117889470171454,-0.00770261767879371,0.0164865959077473,1.65691527829735,63.1664103499948,94.7588284788529,TRUE,TRUE,TRUE,"map_full"
"map_full_age_6","36-47",20,0,0,0,0,0.0164865959077473,1.65691527829735,63.1664103499948,94.7588284788529,TRUE,TRUE,TRUE,"map_full"
"map_full_age_6","36-47",20.5,0.00937968257898671,0.00104088941573779,0.00733953932414064,0.0114198258338328,0.0164865959077473,1.65691527829735,63.1664103499948,94.7588284788529,TRUE,TRUE,TRUE,"map_full"
"map_full_age_6","36-47",21,0.0184008037704124,0.00208466285104738,0.0143148645823595,0.0224867429584653,0.0164865959077473,1.65691527829735,63.1664103499948,94.7588284788529,TRUE,TRUE,TRUE,"map_full"
"map_full_age_6","36-47",21.5,0.0270709019556985,0.00313492773851157,0.0209264435882159,0.0332153603231812,0.0164865959077473,1.65691527829735,63.1664103499948,94.7588284788529,TRUE,TRUE,TRUE,"map_full"
"map_full_age_6","36-47",22,0.035397515516267,0.00419449926481023,0.027176296957239,0.0436187340752951,0.0164865959077473,1.65691527829735,63.1664103499948,94.7588284788529,TRUE,TRUE,TRUE,"map_full"
"map_full_age_6","36-47",22.5,0.0433881828335395,0.00526543881214587,0.0330679227617336,0.0537084429053454,0.0164865959077473,1.65691527829735,63.1664103499948,94.7588284788529,TRUE,TRUE,TRUE,"map_full"
"map_full_age_6","36-47",23,0.0510504422889376,0.00634910146036231,0.0386062034266275,0.0634946811512477,0.0164865959077473,1.65691527829735,63.1664103499948,94.7588284788529,TRUE,TRUE,TRUE,"map_full"
"map_full_age_6","36-47",23.5,0.0583918322638831,0.00744618930831009,0.0437973012195953,0.0729863633081709,0.0164865959077473,1.65691527829735,63.1664103499948,94.7588284788529,TRUE,TRUE,TRUE,"map_full"
"map_full_age_6","36-47",24,0.0654198911397976,0.00855680781243387,0.0486485478274272,0.082191234452168,0.0164865959077473,1.65691527829735,63.1664103499948,94.7588284788529,TRUE,TRUE,TRUE,"map_full"
"map_full_age_6","36-47",24.5,0.072142157298103,0.00968052286510679,0.0531683324824937,0.0911159821137123,0.0164865959077473,1.65691527829735,63.1664103499948,94.7588284788529,TRUE,TRUE,TRUE,"map_full"
"map_full_age_6","36-47",25,0.0785661691202207,0.0108164168715793,0.0573659920519254,0.0997663461885161,0.0164865959077473,1.65691527829735,63.1664103499948,94.7588284788529,TRUE,TRUE,TRUE,"map_full"
"map_full_age_6","36-47",25.5,0.0846994649875727,0.0119631425827478,0.0612517055253871,0.108147224449758,0.0164865959077473,1.65691527829735,63.1664103499948,94.7588284788529,TRUE,TRUE,TRUE,"map_full"
"map_full_age_6","36-47",26,0.0905495832815804,0.0131189738729314,0.064836394490635,0.116262772072526,0.0164865959077473,1.65691527829735,63.1664103499948,94.7588284788529,TRUE,TRUE,TRUE,"map_full"
"map_full_age_6","36-47",26.5,0.0961240623836657,0.014281853006002,0.0681316304919017,0.12411649427543,0.0164865959077473,1.65691527829735,63.1664103499948,94.7588284788529,TRUE,TRUE,TRUE,"map_full"
"map_full_age_6","36-47",27,0.10143044067525,0.015449434209806,0.0711495496240305,0.13171133172647,0.0164865959077473,1.65691527829735,63.1664103499948,94.7588284788529,TRUE,TRUE,TRUE,"map_full"
"map_full_age_6","36-47",27.5,0.106476256537756,0.0166191235851904,0.0739027743107824,0.139049738764729,0.0164865959077473,1.65691527829735,63.1664103499948,94.7588284788529,TRUE,TRUE,TRUE,"map_full"
"map_full_age_6","36-47",28,0.111269048352604,0.0177881155229719,0.0764043419275789,0.146133754777629,0.0164865959077473,1.65691527829735,63.1664103499948,94.7588284788529,TRUE,TRUE,TRUE,"map_full"
"map_full_age_6","36-47",28.5,0.115816354501216,0.0189534259017137,0.0786676397338574,0.152965069268575,0.0164865959077473,1.65691527829735,63.1664103499948,94.7588284788529,TRUE,TRUE,TRUE,"map_full"
"map_full_age_6","36-47",29,0.120125713365015,0.0201119224025752,0.0807063454559671,0.159545081274062,0.0164865959077473,1.65691527829735,63.1664103499948,94.7588284788529,TRUE,TRUE,TRUE,"map_full"
"map_full_age_6","36-47",29.5,0.124204663325421,0.0212603523147953,0.082534372788422,0.165874953862419,0.0164865959077473,1.65691527829735,63.1664103499948,94.7588284788529,TRUE,TRUE,TRUE,"map_full"
"map_full_age_6","36-47",30,0.128060742763856,0.0223953682250004,0.0841658210428555,0.171955664484857,0.0164865959077473,1.65691527829735,63.1664103499948,94.7588284788529,TRUE,TRUE,TRUE,"map_full"
"map_full_age_6","36-47",30.5,0.131701490061743,0.0235135519923217,0.0856149281567923,0.177788051966693,0.0164865959077473,1.65691527829735,63.1664103499948,94.7588284788529,TRUE,TRUE,TRUE,"map_full"
"map_full_age_6","36-47",31,0.135134443600502,0.0246114374146602,0.0868960262677684,0.183372860933236,0.0164865959077473,1.65691527829735,63.1664103499948,94.7588284788529,TRUE,TRUE,TRUE,"map_full"
"map_full_age_6","36-47",31.5,0.138367141761556,0.0256855319936072,0.0880234990540861,0.188710784469026,0.0164865959077473,1.65691527829735,63.1664103499948,94.7588284788529,TRUE,TRUE,TRUE,"map_full"
"map_full_age_6","36-47",32,0.141407122926326,0.0267323382098534,0.0890117400350137,0.193802505817639,0.0164865959077473,1.65691527829735,63.1664103499948,94.7588284788529,TRUE,TRUE,TRUE,"map_full"
"map_full_age_6","36-47",32.5,0.144261925476234,0.0277483747301016,0.0898751110052352,0.198648739947234,0.0164865959077473,1.65691527829735,63.1664103499948,94.7588284788529,TRUE,TRUE,TRUE,"map_full"
"map_full_age_6","36-47",33,0.146939087792702,0.0287301979828529,0.0906278997463101,0.203250275839094,0.0164865959077473,1.65691527829735,63.1664103499948,94.7588284788529,TRUE,TRUE,TRUE,"map_full"
"map_full_age_6","36-47",33.5,0.149446148257151,0.0296744245660272,0.0912842761077374,0.207608020406564,0.0164865959077473,1.65691527829735,63.1664103499948,94.7588284788529,TRUE,TRUE,TRUE,"map_full"
"map_full_age_6","36-47",34,0.151790645251003,0.0305777549862528,0.091858245477947,0.211723045024058,0.0164865959077473,1.65691527829735,63.1664103499948,94.7588284788529,TRUE,TRUE,TRUE,"map_full"
"map_full_age_6","36-47",34.5,0.153980117155679,0.0314369992799115,0.0923635985670523,0.215596635744306,0.0164865959077473,1.65691527829735,63.1664103499948,94.7588284788529,TRUE,TRUE,TRUE,"map_full"
"map_full_age_6","36-47",35,0.156022102352602,0.0322491051319288,0.0928138562940213,0.219230348411182,0.0164865959077473,1.65691527829735,63.1664103499948,94.7588284788529,TRUE,TRUE,TRUE,"map_full"
"map_full_age_6","36-47",35.5,0.157924139223193,0.0330111891923482,0.0932222084061901,0.222626070040195,0.0164865959077473,1.65691527829735,63.1664103499948,94.7588284788529,TRUE,TRUE,TRUE,"map_full"
"map_full_age_6","36-47",36,0.159693766148873,0.0337205723956146,0.0936014442534686,0.225786088044278,0.0164865959077473,1.65691527829735,63.1664103499948,94.7588284788529,TRUE,TRUE,TRUE,"map_full"
"map_full_age_6","36-47",36.5,0.161338521511065,0.0343748202160237,0.0939638738876587,0.228713169134472,0.0164865959077473,1.65691527829735,63.1664103499948,94.7588284788529,TRUE,TRUE,TRUE,"map_full"
"map_full_age_6","36-47",37,0.16286594369119,0.034971788947642,0.094321237353812,0.231410650028569,0.0164865959077473,1.65691527829735,63.1664103499948,94.7588284788529,TRUE,TRUE,TRUE,"map_full"
"map_full_age_6","36-47",37.5,0.164283543302288,0.0355097177664356,0.0946844964800747,0.233882590124502,0.0164865959077473,1.65691527829735,63.1664103499948,94.7588284788529,TRUE,TRUE,TRUE,"map_full"
"map_full_age_6","36-47",38,0.165597126229176,0.0359895778490699,0.0950575536449993,0.236136698813353,0.0164865959077473,1.65691527829735,63.1664103499948,94.7588284788529,TRUE,TRUE,TRUE,"map_full"
"map_full_age_6","36-47",38.5,0.166809833575783,0.036416235591507,0.0954340118164296,0.238185655335137,0.0164865959077473,1.65691527829735,63.1664103499948,94.7588284788529,TRUE,TRUE,TRUE,"map_full"
"map_full_age_6","36-47",39,0.167924574573203,0.0367949449218315,0.0958064825264131,0.240042666619992,0.0164865959077473,1.65691527829735,63.1664103499948,94.7588284788529,TRUE,TRUE,TRUE,"map_full"
"map_full_age_6","36-47",39.5,0.168944258452528,0.0371309890408681,0.0961675199324267,0.24172099697263,0.0164865959077473,1.65691527829735,63.1664103499948,94.7588284788529,TRUE,TRUE,TRUE,"map_full"
"map_full_age_6","36-47",40,0.169871794444853,0.0374296484190679,0.0965096835434795,0.243233905346226,0.0164865959077473,1.65691527829735,63.1664103499948,94.7588284788529,TRUE,TRUE,TRUE,"map_full"
"map_full_age_6","36-47",40.5,0.170710091781269,0.0376961685419955,0.096825601438958,0.24459458212358,0.0164865959077473,1.65691527829735,63.1664103499948,94.7588284788529,TRUE,TRUE,TRUE,"map_full"
"map_full_age_6","36-47",41,0.171462059692872,0.0379357267972693,0.0971080351702239,0.24581608421552,0.0164865959077473,1.65691527829735,63.1664103499948,94.7588284788529,TRUE,TRUE,TRUE,"map_full"
"map_full_age_6","36-47",41.5,0.172130607410753,0.038153398164843,0.0973499470076606,0.246911267813845,0.0164865959077473,1.65691527829735,63.1664103499948,94.7588284788529,TRUE,TRUE,TRUE,"map_full"
"map_full_age_6","36-47",42,0.172718644166006,0.0383541196166202,0.0975445697174308,0.247892718614582,0.0164865959077473,1.65691527829735,63.1664103499948,94.7588284788529,TRUE,TRUE,TRUE,"map_full"
"map_full_age_6","36-47",42.5,0.173229079189725,0.0385426533610381,0.0976854786020905,0.24877267977736,0.0164865959077473,1.65691527829735,63.1664103499948,94.7588284788529,TRUE,TRUE,TRUE,"map_full"
"map_full_age_6","36-47",43,0.173664821713003,0.0387235492867403,0.0977666651109917,0.249562978315014,0.0164865959077473,1.65691527829735,63.1664103499948,94.7588284788529,TRUE,TRUE,TRUE,"map_full"
"map_full_age_6","36-47",43.5,0.174028780966932,0.0389011071642861,0.0977826109249312,0.250274951008933,0.0164865959077473,1.65691527829735,63.1664103499948,94.7588284788529,TRUE,TRUE,TRUE,"map_full"
"map_full_age_6","36-47",44,0.174323866182607,0.039079339349062,0.0977283610584452,0.250919371306768,0.0164865959077473,1.65691527829735,63.1664103499948,94.7588284788529,TRUE,TRUE,TRUE,"map_full"
"map_full_age_6","36-47",44.5,0.17455298659112,0.0392619348820235,0.0975995942223538,0.251506378959886,0.0164865959077473,1.65691527829735,63.1664103499948,94.7588284788529,TRUE,TRUE,TRUE,"map_full"
"map_full_age_6","36-47",45,0.174719051423565,0.0394522259959842,0.0973926884714358,0.252045414375694,0.0164865959077473,1.65691527829735,63.1664103499948,94.7588284788529,TRUE,TRUE,TRUE,"map_full"
"map_full_age_6","36-47",45.5,0.174824969911035,0.0396531580925689,0.0971047800495998,0.25254515977247,0.0164865959077473,1.65691527829735,63.1664103499948,94.7588284788529,TRUE,TRUE,TRUE,"map_full"
"map_full_age_6","36-47",46,0.174873651284623,0.039867264249757,0.0967338133550994,0.253013489214147,0.0164865959077473,1.65691527829735,63.1664103499948,94.7588284788529,TRUE,TRUE,TRUE,"map_full"
"map_full_age_6","36-47",46.5,0.174868004775423,0.0400966452474811,0.0962785800903601,0.253457429460486,0.0164865959077473,1.65691527829735,63.1664103499948,94.7588284788529,TRUE,TRUE,TRUE,"map_full"
"map_full_age_6","36-47",47,0.174810939614528,0.0403429559600911,0.0957387459327491,0.253883133296306,0.0164865959077473,1.65691527829735,63.1664103499948,94.7588284788529,TRUE,TRUE,TRUE,"map_full"
"map_full_age_6","36-47",47.5,0.17470536503303,0.0406073987671525,0.0951148634494115,0.25429586661665,0.0164865959077473,1.65691527829735,63.1664103499948,94.7588284788529,TRUE,TRUE,TRUE,"map_full"
"map_full_age_6","36-47",48,0.174554190262025,0.0408907243917632,0.0944083704541689,0.25470001006988,0.0164865959077473,1.65691527829735,63.1664103499948,94.7588284788529,TRUE,TRUE,TRUE,"map_full"
"map_full_age_6","36-47",48.5,0.174360324532604,0.0411932403070756,0.0936215735307354,0.255099075534472,0.0164865959077473,1.65691527829735,63.1664103499948,94.7588284788529,TRUE,TRUE,TRUE,"map_full"
"map_full_age_6","36-47",49,0.17412667707586,0.0415148265786772,0.0927576169816532,0.255495737170068,0.0164865959077473,1.65691527829735,63.1664103499948,94.7588284788529,TRUE,TRUE,TRUE,"map_full"
"map_full_age_6","36-47",49.5,0.173856157122888,0.0418549587549261,0.0918204379632333,0.255891876282544,0.0164865959077473,1.65691527829735,63.1664103499948,94.7588284788529,TRUE,TRUE,TRUE,"map_full"
"map_full_age_6","36-47",50,0.173551673904781,0.0422127371990407,0.090814708994661,0.256288638814901,0.0164865959077473,1.65691527829735,63.1664103499948,94.7588284788529,TRUE,TRUE,TRUE,"map_full"
"map_full_age_6","36-47",50.5,0.173216136652631,0.0425869220909625,0.0897457693543447,0.256686503950918,0.0164865959077473,1.65691527829735,63.1664103499948,94.7588284788529,TRUE,TRUE,TRUE,"map_full"
"map_full_age_6","36-47",51,0.172852454597532,0.0429759732230932,0.0886195470802697,0.257085362114795,0.0164865959077473,1.65691527829735,63.1664103499948,94.7588284788529,TRUE,TRUE,TRUE,"map_full"
"map_full_age_6","36-47",51.5,0.172463536970578,0.0433780936748215,0.0874424733679278,0.257484600573228,0.0164865959077473,1.65691527829735,63.1664103499948,94.7588284788529,TRUE,TRUE,TRUE,"map_full"
"map_full_age_6","36-47",52,0.172052293002861,0.0437912764731111,0.086221391115563,0.257883194890159,0.0164865959077473,1.65691527829735,63.1664103499948,94.7588284788529,TRUE,TRUE,TRUE,"map_full"
"map_full_age_6","36-47",52.5,0.171621631925475,0.0442133534222577,0.0849634592178496,0.2582798046331,0.0164865959077473,1.65691527829735,63.1664103499948,94.7588284788529,TRUE,TRUE,TRUE,"map_full"
"map_full_age_6","36-47",53,0.171174462969513,0.0446420454038216,0.0836760539780223,0.258672871961003,0.0164865959077473,1.65691527829735,63.1664103499948,94.7588284788529,TRUE,TRUE,TRUE,"map_full"
"map_full_age_6","36-47",53.5,0.170713695366068,0.045075013594713,0.0823666687204305,0.259060722011705,0.0164865959077473,1.65691527829735,63.1664103499948,94.7588284788529,TRUE,TRUE,TRUE,"map_full"
"map_full_age_6","36-47",54,0.170242238346234,0.0455099112143374,0.0810428123661326,0.259441664326335,0.0164865959077473,1.65691527829735,63.1664103499948,94.7588284788529,TRUE,TRUE,TRUE,"map_full"
"map_full_age_6","36-47",54.5,0.169763001141104,0.0459444355786089,0.0797119074070304,0.259814094875177,0.0164865959077473,1.65691527829735,63.1664103499948,94.7588284788529,TRUE,TRUE,TRUE,"map_full"
"map_full_age_6","36-47",55,0.169278892981771,0.0463763803992896,0.0783811873991632,0.260176598564379,0.0164865959077473,1.65691527829735,63.1664103499948,94.7588284788529,TRUE,TRUE,TRUE,"map_full"
"map_full_age_6","36-47",55.5,0.168792823099328,0.0468036884133718,0.0770575938091196,0.260528052389537,0.0164865959077473,1.65691527829735,63.1664103499948,94.7588284788529,TRUE,TRUE,TRUE,"map_full"
"map_full_age_6","36-47",56,0.168307700724869,0.0472245045528323,0.0757476718013183,0.260867729648421,0.0164865959077473,1.65691527829735,63.1664103499948,94.7588284788529,TRUE,TRUE,TRUE,"map_full"
"map_full_age_6","36-47",56.5,0.167826435089488,0.0476372299653057,0.0744574643574884,0.261195405821487,0.0164865959077473,1.65691527829735,63.1664103499948,94.7588284788529,TRUE,TRUE,TRUE,"map_full"
"map_full_age_6","36-47",57,0.167351481330545,0.0480408235389063,0.0731914671942883,0.261511495466801,0.0164865959077473,1.65691527829735,63.1664103499948,94.7588284788529,TRUE,TRUE,TRUE,"map_full"
"map_full_age_6","36-47",57.5,0.166883298250232,0.0484357079500015,0.0719493106682291,0.261817285832235,0.0164865959077473,1.65691527829735,63.1664103499948,94.7588284788529,TRUE,TRUE,TRUE,"map_full"
"map_full_age_6","36-47",58,0.166421796207029,0.0488230247158608,0.0707286677639419,0.262114924650116,0.0164865959077473,1.65691527829735,63.1664103499948,94.7588284788529,TRUE,TRUE,TRUE,"map_full"
"map_full_age_6","36-47",58.5,0.165966885543835,0.0492043101945628,0.0695264375624916,0.262407333525178,0.0164865959077473,1.65691527829735,63.1664103499948,94.7588284788529,TRUE,TRUE,TRUE,"map_full"
"map_full_age_6","36-47",59,0.165518476603548,0.0495814624639671,0.0683388101741721,0.262698143032923,0.0164865959077473,1.65691527829735,63.1664103499948,94.7588284788529,TRUE,TRUE,TRUE,"map_full"
"map_full_age_6","36-47",59.5,0.165076479729066,0.0499567100562534,0.0671613280188098,0.262991631439323,0.0164865959077473,1.65691527829735,63.1664103499948,94.7588284788529,TRUE,TRUE,TRUE,"map_full"
"map_full_age_6","36-47",60,0.16464080526329,0.0503325819236911,0.0659889446928559,0.263292665833725,0.0164865959077473,1.65691527829735,63.1664103499948,94.7588284788529,TRUE,TRUE,TRUE,"map_full"
"map_full_age_6","36-47",60.5,0.164211363549118,0.0507118780533061,0.0648160825646383,0.263606644533598,0.0164865959077473,1.65691527829735,63.1664103499948,94.7588284788529,TRUE,TRUE,TRUE,"map_full"
"map_full_age_6","36-47",61,0.163788064929449,0.0510976401985624,0.0636366901402662,0.263939439718631,0.0164865959077473,1.65691527829735,63.1664103499948,94.7588284788529,TRUE,TRUE,TRUE,"map_full"
"map_full_age_6","36-47",61.5,0.16337081974718,0.0514931222622628,0.0624443001131453,0.264297339381215,0.0164865959077473,1.65691527829735,63.1664103499948,94.7588284788529,TRUE,TRUE,TRUE,"map_full"
"map_full_age_6","36-47",62,0.162959538345212,0.0519017599461421,0.0612320888507737,0.264686987839651,0.0164865959077473,1.65691527829735,63.1664103499948,94.7588284788529,TRUE,TRUE,TRUE,"map_full"
"map_full_age_6","36-47",62.5,0.162554131066443,0.0523271393787049,0.0599929378841817,0.265115324248705,0.0164865959077473,1.65691527829735,63.1664103499948,94.7588284788529,TRUE,TRUE,TRUE,"map_full"
"map_full_age_6","36-47",63,0.162154508253772,0.0527729645428772,0.058719497749733,0.265589518757811,0.0164865959077473,1.65691527829735,63.1664103499948,94.7588284788529,TRUE,TRUE,TRUE,"map_full"
"map_full_age_6","36-47",63.1664103499948,0.162022773012995,0.0529265307145311,0.0582867728125145,0.265758773213477,0.0164865959077473,1.65691527829735,63.1664103499948,94.7588284788529,TRUE,TRUE,TRUE,"map_full"
"map_full_age_6","36-47",63.5,0.161760580250098,0.0532430234472036,0.0574042542935787,0.266116906206617,0.0164865959077473,1.65691527829735,63.1664103499948,94.7588284788529,TRUE,FALSE,TRUE,"map_full"
"map_full_age_6","36-47",64,0.161372257398319,0.0537411531154869,0.0560395972919647,0.266704917504673,0.0164865959077473,1.65691527829735,63.1664103499948,94.7588284788529,TRUE,FALSE,TRUE,"map_full"
"map_full_age_6","36-47",64.5,0.160989450041334,0.0542712036052968,0.0546178909749526,0.267361009107716,0.0164865959077473,1.65691527829735,63.1664103499948,94.7588284788529,TRUE,FALSE,TRUE,"map_full"
"map_full_age_6","36-47",65,0.160612068522043,0.0548370013995177,0.0531315457789881,0.268092591265098,0.0164865959077473,1.65691527829735,63.1664103499948,94.7588284788529,TRUE,FALSE,TRUE,"map_full"
"map_full_age_6","36-47",65.5,0.160240023183343,0.055442312639612,0.051573090409704,0.268906955956983,0.0164865959077473,1.65691527829735,63.1664103499948,94.7588284788529,TRUE,FALSE,TRUE,"map_full"
"map_full_age_6","36-47",66,0.159873224368135,0.0560908067763671,0.0499352430864552,0.269811205649814,0.0164865959077473,1.65691527829735,63.1664103499948,94.7588284788529,TRUE,FALSE,TRUE,"map_full"
"map_full_age_6","36-47",66.5,0.159511582419316,0.0567860212953092,0.0482109806805095,0.270812184158122,0.0164865959077473,1.65691527829735,63.1664103499948,94.7588284788529,TRUE,FALSE,TRUE,"map_full"
"map_full_age_6","36-47",67,0.159155007679785,0.0575313282223318,0.0463936043640147,0.271916410995555,0.0164865959077473,1.65691527829735,63.1664103499948,94.7588284788529,TRUE,FALSE,TRUE,"map_full"
"map_full_age_6","36-47",67.5,0.158803410492441,0.0583299031248179,0.0444768003677984,0.273130020617084,0.0164865959077473,1.65691527829735,63.1664103499948,94.7588284788529,TRUE,FALSE,TRUE,"map_full"
"map_full_age_6","36-47",68,0.158456701200184,0.0591846972917052,0.0424546945084418,0.274458707891926,0.0164865959077473,1.65691527829735,63.1664103499948,94.7588284788529,TRUE,FALSE,TRUE,"map_full"
"map_full_age_6","36-47",68.5,0.158114790145911,0.0600984137028973,0.0403218992882327,0.27590768100359,0.0164865959077473,1.65691527829735,63.1664103499948,94.7588284788529,TRUE,FALSE,TRUE,"map_full"
"map_full_age_6","36-47",69,0.157777587672523,0.0610734872880175,0.0380735525880083,0.277481622757037,0.0164865959077473,1.65691527829735,63.1664103499948,94.7588284788529,TRUE,FALSE,TRUE,"map_full"
"map_full_age_6","36-47",69.5,0.157445004122916,0.0621120698338843,0.0357053472485031,0.27918466099733,0.0164865959077473,1.65691527829735,63.1664103499948,94.7588284788529,TRUE,FALSE,TRUE,"map_full"
"map_full_age_6","36-47",70,0.157116949839991,0.063216019739079,0.0332135511513963,0.281020348528586,0.0164865959077473,1.65691527829735,63.1664103499948,94.7588284788529,TRUE,FALSE,TRUE,"map_full"
"map_full_age_6","36-47",70.5,0.156793335166646,0.0643868966440348,0.0305950177443381,0.282991652588954,0.0164865959077473,1.65691527829735,63.1664103499948,94.7588284788529,TRUE,FALSE,TRUE,"map_full"
"map_full_age_6","36-47",71,0.15647407044578,0.0656259607980996,0.0278471872815053,0.285100953610056,0.0164865959077473,1.65691527829735,63.1664103499948,94.7588284788529,TRUE,FALSE,TRUE,"map_full"
"map_full_age_6","36-47",71.5,0.156159066020292,0.066934176872102,0.0249680793509724,0.287350052689612,0.0164865959077473,1.65691527829735,63.1664103499948,94.7588284788529,TRUE,FALSE,TRUE,"map_full"
"map_full_age_6","36-47",72,0.155848232233081,0.0683122217952642,0.0219562775143627,0.289740186951798,0.0164865959077473,1.65691527829735,63.1664103499948,94.7588284788529,TRUE,FALSE,TRUE,"map_full"
"map_full_age_6","36-47",72.5,0.155541479427044,0.0697604960954046,0.0188109070800515,0.292272051774037,0.0164865959077473,1.65691527829735,63.1664103499948,94.7588284788529,TRUE,FALSE,TRUE,"map_full"
"map_full_age_6","36-47",73,0.155238717945083,0.0712791381547221,0.0155316071618272,0.294945828728338,0.0164865959077473,1.65691527829735,63.1664103499948,94.7588284788529,TRUE,FALSE,TRUE,"map_full"
"map_full_age_6","36-47",73.5,0.154939858130094,0.0728680407605419,0.0121184982394316,0.297761218020756,0.0164865959077473,1.65691527829735,63.1664103499948,94.7588284788529,TRUE,FALSE,TRUE,"map_full"
"map_full_age_6","36-47",74,0.154644810324977,0.0745268693290012,0.00857214644013429,0.300717474209819,0.0164865959077473,1.65691527829735,63.1664103499948,94.7588284788529,TRUE,FALSE,TRUE,"map_full"
"map_full_age_6","36-47",74.5,0.15435348487263,0.076255081205553,0.00489352570974652,0.303813444035514,0.0164865959077473,1.65691527829735,63.1664103499948,94.7588284788529,TRUE,FALSE,TRUE,"map_full"
"map_full_age_6","36-47",75,0.154065792115954,0.0780519454937611,0.00108397894818182,0.307047605283725,0.0164865959077473,1.65691527829735,63.1664103499948,94.7588284788529,TRUE,FALSE,TRUE,"map_full"
"map_full_age_6","36-47",75.5,0.153781642397845,0.0799165629270263,-0.0028548209391264,0.310418105734817,0.0164865959077473,1.65691527829735,63.1664103499948,94.7588284788529,TRUE,FALSE,TRUE,"map_full"
"map_full_age_6","36-47",76,0.153500946061204,0.0818478853704931,-0.00692090926496283,0.31392280138737,0.0164865959077473,1.65691527829735,63.1664103499948,94.7588284788529,TRUE,FALSE,TRUE,"map_full"
"map_full_age_6","36-47",76.5,0.153223613448928,0.0838447346169149,-0.0111120664002247,0.317559293298082,0.0164865959077473,1.65691527829735,63.1664103499948,94.7588284788529,TRUE,FALSE,TRUE,"map_full"
"map_full_age_6","36-47",77,0.152949554903918,0.0859058202160269,-0.015425852719495,0.321324962527331,0.0164865959077473,1.65691527829735,63.1664103499948,94.7588284788529,TRUE,FALSE,TRUE,"map_full"
"map_full_age_6","36-47",77.5,0.152678680769071,0.0880297561484014,-0.019859641281796,0.325217002819938,0.0164865959077473,1.65691527829735,63.1664103499948,94.7588284788529,TRUE,FALSE,TRUE,"map_full"
"map_full_age_6","36-47",78,0.152410901387286,0.0902150762192805,-0.0244106480025036,0.329232450777076,0.0164865959077473,1.65691527829735,63.1664103499948,94.7588284788529,TRUE,FALSE,TRUE,"map_full"
"map_full_age_6","36-47",78.5,0.152146127101463,0.0924602481039977,-0.0290759591823725,0.333368213385298,0.0164865959077473,1.65691527829735,63.1664103499948,94.7588284788529,TRUE,FALSE,TRUE,"map_full"
"map_full_age_6","36-47",79,0.1518842682545,0.0947636860235964,-0.0338525563517494,0.337621092860749,0.0164865959077473,1.65691527829735,63.1664103499948,94.7588284788529,TRUE,FALSE,TRUE,"map_full"
"map_full_age_6","36-47",79.5,0.151625235189295,0.0971237620671592,-0.038737338462337,0.341987808840927,0.0164865959077473,1.65691527829735,63.1664103499948,94.7588284788529,TRUE,FALSE,TRUE,"map_full"
"map_full_age_6","36-47",80,0.151368938248748,0.099538816206645,-0.0437271415162759,0.346465018013772,0.0164865959077473,1.65691527829735,63.1664103499948,94.7588284788529,TRUE,FALSE,TRUE,"map_full"
"map_full_age_6","36-47",80.5,0.151115287775758,0.102007165071532,-0.0488187557644441,0.35104933131596,0.0164865959077473,1.65691527829735,63.1664103499948,94.7588284788529,TRUE,FALSE,TRUE,"map_full"
"map_full_age_6","36-47",81,0.150864194113223,0.104527109565272,-0.0540089406347092,0.355737328861156,0.0164865959077473,1.65691527829735,63.1664103499948,94.7588284788529,TRUE,FALSE,TRUE,"map_full"
"map_full_age_6","36-47",81.5,0.150615567604042,0.107096941414567,-0.0592944375685084,0.360525572776593,0.0164865959077473,1.65691527829735,63.1664103499948,94.7588284788529,TRUE,FALSE,TRUE,"map_full"
"map_full_age_6","36-47",82,0.150369318591115,0.109714948746829,-0.0646719809526697,0.365410618134899,0.0164865959077473,1.65691527829735,63.1664103499948,94.7588284788529,TRUE,FALSE,TRUE,"map_full"
"map_full_age_6","36-47",82.5,0.150125357417339,0.11237942079188,-0.0701383073347459,0.370389022169423,0.0164865959077473,1.65691527829735,63.1664103499948,94.7588284788529,TRUE,FALSE,TRUE,"map_full"
"map_full_age_6","36-47",83,0.149883594425613,0.115088651801887,-0.0756901631060863,0.375457351957313,0.0164865959077473,1.65691527829735,63.1664103499948,94.7588284788529,TRUE,FALSE,TRUE,"map_full"
"map_full_age_6","36-47",83.5,0.149643939958837,0.117840944279445,-0.081324310828876,0.38061219074655,0.0164865959077473,1.65691527829735,63.1664103499948,94.7588284788529,TRUE,FALSE,TRUE,"map_full"
"map_full_age_6","36-47",84,0.149406304359909,0.120634611598281,-0.0870375343727221,0.385850143092541,0.0164865959077473,1.65691527829735,63.1664103499948,94.7588284788529,TRUE,FALSE,TRUE,"map_full"
"map_full_age_6","36-47",84.5,0.149170597971729,0.123467980094788,-0.0928266430140553,0.391167838957513,0.0164865959077473,1.65691527829735,63.1664103499948,94.7588284788529,TRUE,FALSE,TRUE,"map_full"
"map_full_age_6","36-47",85,0.148936731137194,0.12633939070186,-0.0986884746384523,0.39656193691284,0.0164865959077473,1.65691527829735,63.1664103499948,94.7588284788529,TRUE,FALSE,TRUE,"map_full"
"map_full_age_6","36-47",85.5,0.148704614199203,0.129247200189689,-0.104619898172588,0.402029126570995,0.0164865959077473,1.65691527829735,63.1664103499948,94.7588284788529,TRUE,FALSE,TRUE,"map_full"
"map_full_age_6","36-47",86,0.148474157500657,0.132189782071428,-0.110617815359342,0.407566130360655,0.0164865959077473,1.65691527829735,63.1664103499948,94.7588284788529,TRUE,FALSE,TRUE,"map_full"
"map_full_age_6","36-47",86.5,0.148245271384453,0.135165527225201,-0.116679161976941,0.413169704745846,0.0164865959077473,1.65691527829735,63.1664103499948,94.7588284788529,TRUE,FALSE,TRUE,"map_full"
"map_full_age_6","36-47",87,0.148017866193489,0.138172844277862,-0.122800908591121,0.418836640978099,0.0164865959077473,1.65691527829735,63.1664103499948,94.7588284788529,TRUE,FALSE,TRUE,"map_full"
"map_full_age_6","36-47",87.5,0.147791852270666,0.141210159790269,-0.128980060918261,0.424563765459593,0.0164865959077473,1.65691527829735,63.1664103499948,94.7588284788529,TRUE,FALSE,TRUE,"map_full"
"map_full_age_6","36-47",88,0.147567139958882,0.144275918278722,-0.135213659867413,0.430347939785176,0.0164865959077473,1.65691527829735,63.1664103499948,94.7588284788529,TRUE,FALSE,TRUE,"map_full"
"map_full_age_6","36-47",88.5,0.147343639601035,0.147368582102554,-0.141498781319971,0.43618606052204,0.0164865959077473,1.65691527829735,63.1664103499948,94.7588284788529,TRUE,FALSE,TRUE,"map_full"
"map_full_age_6","36-47",89,0.147121261540024,0.1504866312437,-0.147832535697627,0.442075058777675,0.0164865959077473,1.65691527829735,63.1664103499948,94.7588284788529,TRUE,FALSE,TRUE,"map_full"
"map_full_age_6","36-47",89.5,0.146899916118749,0.153628563000361,-0.154212067361959,0.448011899599457,0.0164865959077473,1.65691527829735,63.1664103499948,94.7588284788529,TRUE,FALSE,TRUE,"map_full"
"map_full_age_6","36-47",90,0.146679513680108,0.156792891613624,-0.160634553882596,0.453993581242812,0.0164865959077473,1.65691527829735,63.1664103499948,94.7588284788529,TRUE,FALSE,TRUE,"map_full"
"map_full_age_6","36-47",90.5,0.146459964567,0.159978147843001,-0.167097205205283,0.460017134339282,0.0164865959077473,1.65691527829735,63.1664103499948,94.7588284788529,TRUE,FALSE,TRUE,"map_full"
"map_full_age_6","36-47",91,0.146241179122323,0.163182878504376,-0.173597262746255,0.4660796209909,0.0164865959077473,1.65691527829735,63.1664103499948,94.7588284788529,TRUE,FALSE,TRUE,"map_full"
"map_full_age_6","36-47",91.5,0.146023067688977,0.166405645981649,-0.180131998435055,0.472178133813008,0.0164865959077473,1.65691527829735,63.1664103499948,94.7588284788529,TRUE,FALSE,TRUE,"map_full"
"map_full_age_6","36-47",92,0.14580554060986,0.169645027721494,-0.186698713724269,0.478309794943989,0.0164865959077473,1.65691527829735,63.1664103499948,94.7588284788529,TRUE,FALSE,TRUE,"map_full"
"map_full_age_6","36-47",92.5,0.145588508227871,0.172899615719039,-0.193294738581446,0.484471755037188,0.0164865959077473,1.65691527829735,63.1664103499948,94.7588284788529,TRUE,FALSE,TRUE,"map_full"
"map_full_age_6","36-47",93,0.14537188088591,0.176168016000858,-0.199917430475771,0.490661192247591,0.0164865959077473,1.65691527829735,63.1664103499948,94.7588284788529,TRUE,FALSE,TRUE,"map_full"
"map_full_age_6","36-47",93.5,0.145155568926874,0.179448848110521,-0.206564173369747,0.496875311223495,0.0164865959077473,1.65691527829735,63.1664103499948,94.7588284788529,TRUE,FALSE,TRUE,"map_full"
"map_full_age_6","36-47",94,0.144939482693663,0.182740744600915,-0.213232376724131,0.503111342111456,0.0164865959077473,1.65691527829735,63.1664103499948,94.7588284788529,TRUE,FALSE,TRUE,"map_full"
"map_full_age_6","36-47",94.5,0.144723532529175,0.186042350536692,-0.219919474522742,0.509366539581091,0.0164865959077473,1.65691527829735,63.1664103499948,94.7588284788529,TRUE,FALSE,TRUE,"map_full"
"map_full_age_6","36-47",94.7588284788529,0.144611768317551,0.187754820653153,-0.22338768016263,0.512611216797731,0.0164865959077473,1.65691527829735,63.1664103499948,94.7588284788529,TRUE,FALSE,TRUE,"map_full"
"map_full_age_6","36-47",95,0.144507630453187,0.189352340349487,-0.226622956631807,0.515638217538181,0.0164865959077473,1.65691527829735,63.1664103499948,94.7588284788529,FALSE,FALSE,TRUE,"map_full"
"map_full_age_6","36-47",95.5,0.14429173045001,0.192669836094971,-0.233341148296133,0.521924609196153,0.0164865959077473,1.65691527829735,63.1664103499948,94.7588284788529,FALSE,FALSE,TRUE,"map_full"
"map_full_age_6","36-47",96,0.144075830446833,0.195994436370597,-0.240073264839537,0.528224925733203,0.0164865959077473,1.65691527829735,63.1664103499948,94.7588284788529,FALSE,FALSE,TRUE,"map_full"
"map_full_age_6","36-47",96.5,0.143859930443656,0.199325785682442,-0.24681860949393,0.534538470381242,0.0164865959077473,1.65691527829735,63.1664103499948,94.7588284788529,FALSE,FALSE,TRUE,"map_full"
"map_full_age_6","36-47",97,0.143644030440479,0.202663551212218,-0.253576529935469,0.540864590816427,0.0164865959077473,1.65691527829735,63.1664103499948,94.7588284788529,FALSE,FALSE,TRUE,"map_full"
"map_full_age_6","36-47",97.5,0.143428130437302,0.206007421090363,-0.260346414899809,0.547202675774413,0.0164865959077473,1.65691527829735,63.1664103499948,94.7588284788529,FALSE,FALSE,TRUE,"map_full"
"map_full_age_6","36-47",98,0.143212230434125,0.209357102819528,-0.26712769109215,0.553552151960401,0.0164865959077473,1.65691527829735,63.1664103499948,94.7588284788529,FALSE,FALSE,TRUE,"map_full"
"map_full_age_6","36-47",98.5,0.142996330430948,0.212712321833976,-0.273919820363644,0.55991248122554,0.0164865959077473,1.65691527829735,63.1664103499948,94.7588284788529,FALSE,FALSE,TRUE,"map_full"
"map_full_age_6","36-47",99,0.142780430427771,0.216072820181866,-0.280722297128686,0.566283157984229,0.0164865959077473,1.65691527829735,63.1664103499948,94.7588284788529,FALSE,FALSE,TRUE,"map_full"
"map_full_age_6","36-47",99.5,0.142564530424594,0.219438355318798,-0.28753464600025,0.572663706849438,0.0164865959077473,1.65691527829735,63.1664103499948,94.7588284788529,FALSE,FALSE,TRUE,"map_full"
"map_full_age_6","36-47",100,0.142348630421417,0.222808699002133,-0.294356419622763,0.579053680465597,0.0164865959077473,1.65691527829735,63.1664103499948,94.7588284788529,FALSE,FALSE,TRUE,"map_full"
"map_full_age_7","48-59",0,-0.559356484024142,0.0821846134929375,-0.720438326470299,-0.398274641577984,0.0164865959077473,1.62295251492351,63.1664103499948,94.7588284788529,FALSE,FALSE,TRUE,"map_full"
"map_full_age_7","48-59",0.0164865959077473,-0.558790623249046,0.0820929267224621,-0.719692759625072,-0.39788848687302,0.0164865959077473,1.62295251492351,63.1664103499948,94.7588284788529,TRUE,FALSE,TRUE,"map_full"
"map_full_age_7","48-59",0.5,-0.542197047922051,0.0794061255860851,-0.697833054070778,-0.386561041773324,0.0164865959077473,1.62295251492351,63.1664103499948,94.7588284788529,TRUE,FALSE,TRUE,"map_full"
"map_full_age_7","48-59",1,-0.525049169770546,0.076634121083916,-0.675252047095021,-0.374846292446071,0.0164865959077473,1.62295251492351,63.1664103499948,94.7588284788529,TRUE,FALSE,TRUE,"map_full"
"map_full_age_7","48-59",1.5,-0.507924801472115,0.0738716770133767,-0.652713288418333,-0.363136314525897,0.0164865959077473,1.62295251492351,63.1664103499948,94.7588284788529,TRUE,FALSE,TRUE,"map_full"
"map_full_age_7","48-59",1.62295251492351,-0.503718805249656,0.0731941946805104,-0.647179426823457,-0.360258183675856,0.0164865959077473,1.62295251492351,63.1664103499948,94.7588284788529,TRUE,TRUE,TRUE,"map_full"
"map_full_age_7","48-59",2,-0.490835895000659,0.0711218608194213,-0.630234742206725,-0.351437047794593,0.0164865959077473,1.62295251492351,63.1664103499948,94.7588284788529,TRUE,TRUE,TRUE,"map_full"
"map_full_age_7","48-59",2.5,-0.47379440233008,0.068387727593201,-0.607834348412754,-0.339754456247406,0.0164865959077473,1.62295251492351,63.1664103499948,94.7588284788529,TRUE,TRUE,TRUE,"map_full"
"map_full_age_7","48-59",3,-0.456812275434278,0.0656723169871009,-0.585530016728996,-0.32809453413956,0.0164865959077473,1.62295251492351,63.1664103499948,94.7588284788529,TRUE,TRUE,TRUE,"map_full"
"map_full_age_7","48-59",3.5,-0.439901466287154,0.0629786497379607,-0.563339619773557,-0.316463312800752,0.0164865959077473,1.62295251492351,63.1664103499948,94.7588284788529,TRUE,TRUE,TRUE,"map_full"
"map_full_age_7","48-59",4,-0.423073926862611,0.060309723725516,-0.541280985364622,-0.304866868360599,0.0164865959077473,1.62295251492351,63.1664103499948,94.7588284788529,TRUE,TRUE,TRUE,"map_full"
"map_full_age_7","48-59",4.5,-0.406341609134548,0.0576685094804975,-0.519371887716323,-0.293311330552773,0.0164865959077473,1.62295251492351,63.1664103499948,94.7588284788529,TRUE,TRUE,TRUE,"map_full"
"map_full_age_7","48-59",5,-0.389716465076866,0.0550579450419369,-0.497630037359063,-0.28180289279467,0.0164865959077473,1.62295251492351,63.1664103499948,94.7588284788529,TRUE,TRUE,TRUE,"map_full"
"map_full_age_7","48-59",5.5,-0.373210446663468,0.0524809300456818,-0.476073069553005,-0.270347823773932,0.0164865959077473,1.62295251492351,63.1664103499948,94.7588284788529,TRUE,TRUE,TRUE,"map_full"
"map_full_age_7","48-59",6,-0.356835505868254,0.0499403189055462,-0.454718530923125,-0.258952480813384,0.0164865959077473,1.62295251492351,63.1664103499948,94.7588284788529,TRUE,TRUE,TRUE,"map_full"
"map_full_age_7","48-59",6.5,-0.340603594665125,0.047438912924523,-0.43358386399719,-0.24762332533306,0.0164865959077473,1.62295251492351,63.1664103499948,94.7588284788529,TRUE,TRUE,TRUE,"map_full"
"map_full_age_7","48-59",7,-0.324526665027982,0.0449794511456915,-0.412686389273538,-0.236366940782427,0.0164865959077473,1.62295251492351,63.1664103499948,94.7588284788529,TRUE,TRUE,TRUE,"map_full"
"map_full_age_7","48-59",7.5,-0.308616668930727,0.0425645997205743,-0.392043284383052,-0.225190053478401,0.0164865959077473,1.62295251492351,63.1664103499948,94.7588284788529,TRUE,TRUE,TRUE,"map_full"
"map_full_age_7","48-59",8,-0.29288555834726,0.0401969395365788,-0.371671559838954,-0.214099556855565,0.0164865959077473,1.62295251492351,63.1664103499948,94.7588284788529,TRUE,TRUE,TRUE,"map_full"
"map_full_age_7","48-59",8.5,-0.277345285251482,0.0378789518049156,-0.351588030789116,-0.203102539713847,0.0164865959077473,1.62295251492351,63.1664103499948,94.7588284788529,TRUE,TRUE,TRUE,"map_full"
"map_full_age_7","48-59",9,-0.262007801617295,0.0356130012665669,-0.331809284099766,-0.192206319134824,0.0164865959077473,1.62295251492351,63.1664103499948,94.7588284788529,TRUE,TRUE,TRUE,"map_full"
"map_full_age_7","48-59",9.5,-0.246885059418599,0.0334013166277005,-0.312351640008892,-0.181418478828306,0.0164865959077473,1.62295251492351,63.1664103499948,94.7588284788529,TRUE,TRUE,TRUE,"map_full"
"map_full_age_7","48-59",10,-0.231989010629297,0.0312459677896212,-0.293231107496954,-0.170746913761639,0.0164865959077473,1.62295251492351,63.1664103499948,94.7588284788529,TRUE,TRUE,TRUE,"map_full"
"map_full_age_7","48-59",10.5,-0.217331607223288,0.0291488393955909,-0.274463332438646,-0.16019988200793,0.0164865959077473,1.62295251492351,63.1664103499948,94.7588284788529,TRUE,TRUE,TRUE,"map_full"
"map_full_age_7","48-59",11,-0.202924801174474,0.0271116001833266,-0.256063537533794,-0.149786064815154,0.0164865959077473,1.62295251492351,63.1664103499948,94.7588284788529,TRUE,TRUE,TRUE,"map_full"
"map_full_age_7","48-59",11.5,-0.188780544456756,0.0251356676160777,-0.238046452984269,-0.139514635929244,0.0164865959077473,1.62295251492351,63.1664103499948,94.7588284788529,TRUE,TRUE,TRUE,"map_full"
"map_full_age_7","48-59",12,-0.174910789044036,0.0232221672787035,-0.220426236910295,-0.129395341177777,0.0164865959077473,1.62295251492351,63.1664103499948,94.7588284788529,TRUE,TRUE,TRUE,"map_full"
"map_full_age_7","48-59",12.5,-0.161327486910213,0.0213718865840927,-0.203216384615035,-0.119438589205392,0.0164865959077473,1.62295251492351,63.1664103499948,94.7588284788529,TRUE,TRUE,TRUE,"map_full"
"map_full_age_7","48-59",13,-0.14804259002919,0.0195852224601161,-0.186429626051018,-0.109655554007363,0.0164865959077473,1.62295251492351,63.1664103499948,94.7588284788529,TRUE,TRUE,TRUE,"map_full"
"map_full_age_7","48-59",13.5,-0.135068050374868,0.01786212290304,-0.170077811264826,-0.100058289484909,0.0164865959077473,1.62295251492351,63.1664103499948,94.7588284788529,TRUE,TRUE,TRUE,"map_full"
"map_full_age_7","48-59",14,-0.122415819921147,0.0162020226178723,-0.154171784252176,-0.0906598555901171,0.0164865959077473,1.62295251492351,63.1664103499948,94.7588284788529,TRUE,TRUE,TRUE,"map_full"
"map_full_age_7","48-59",14.5,-0.110097850641928,0.0146037734470842,-0.138721246598213,-0.0814744546856434,0.0164865959077473,1.62295251492351,63.1664103499948,94.7588284788529,TRUE,TRUE,TRUE,"map_full"
"map_full_age_7","48-59",15,-0.0981260945111137,0.0130655709376939,-0.123734613548994,-0.0725175754732336,0.0164865959077473,1.62295251492351,63.1664103499948,94.7588284788529,TRUE,TRUE,TRUE,"map_full"
"map_full_age_7","48-59",15.5,-0.0865125035026037,0.0115848792180176,-0.109218866769918,-0.0638061402352893,0.0164865959077473,1.62295251492351,63.1664103499948,94.7588284788529,TRUE,TRUE,TRUE,"map_full"
"map_full_age_7","48-59",16,-0.0752690295902997,0.0101583573260337,-0.0951794099493258,-0.0553586492312736,0.0164865959077473,1.62295251492351,63.1664103499948,94.7588284788529,TRUE,TRUE,TRUE,"map_full"
"map_full_age_7","48-59",16.5,-0.0644076247481027,0.00878179118527962,-0.0816199354712508,-0.0471953140249547,0.0164865959077473,1.62295251492351,63.1664103499948,94.7588284788529,TRUE,TRUE,TRUE,"map_full"
"map_full_age_7","48-59",17,-0.0539402409499138,0.00745003644346274,-0.0685423123791008,-0.0393381695207269,0.0164865959077473,1.62295251492351,63.1664103499948,94.7588284788529,TRUE,TRUE,TRUE,"map_full"
"map_full_age_7","48-59",17.5,-0.0438788301696341,0.00615697821174063,-0.0559465074646457,-0.0318111528746224,0.0164865959077473,1.62295251492351,63.1664103499948,94.7588284788529,TRUE,TRUE,TRUE,"map_full"
"map_full_age_7","48-59",18,-0.0342353443811646,0.00489551422974285,-0.0438305522714606,-0.0246401364908687,0.0164865959077473,1.62295251492351,63.1664103499948,94.7588284788529,TRUE,TRUE,TRUE,"map_full"
"map_full_age_7","48-59",18.5,-0.0250217355584066,0.0036575683387225,-0.0321905695023027,-0.0178529016145105,0.0164865959077473,1.62295251492351,63.1664103499948,94.7588284788529,TRUE,TRUE,TRUE,"map_full"
"map_full_age_7","48-59",19,-0.0162483698659431,0.00243426426049248,-0.0210195278165084,-0.0114772119153778,0.0164865959077473,1.62295251492351,63.1664103499948,94.7588284788529,TRUE,TRUE,TRUE,"map_full"
"map_full_age_7","48-59",19.5,-0.00791150449695354,0.00121737426344433,-0.0102975580533044,-0.00552545094060265,0.0164865959077473,1.62295251492351,63.1664103499948,94.7588284788529,TRUE,TRUE,TRUE,"map_full"
"map_full_age_7","48-59",20,0,0,0,0,0.0164865959077473,1.62295251492351,63.1664103499948,94.7588284788529,TRUE,TRUE,TRUE,"map_full"
"map_full_age_7","48-59",20.5,0.00749734825732804,0.0012236747879535,0.00509894567293917,0.0098957508417169,0.0164865959077473,1.62295251492351,63.1664103499948,94.7588284788529,TRUE,TRUE,TRUE,"map_full"
"map_full_age_7","48-59",21,0.0145917449074413,0.00245840175765354,0.00977327746244034,0.0194102123524422,0.0164865959077473,1.62295251492351,63.1664103499948,94.7588284788529,TRUE,TRUE,TRUE,"map_full"
"map_full_age_7","48-59",21.5,0.0212943945827502,0.00370790434629661,0.0140269020640088,0.0285618871014915,0.0164865959077473,1.62295251492351,63.1664103499948,94.7588284788529,TRUE,TRUE,TRUE,"map_full"
"map_full_age_7","48-59",22,0.0276165019156655,0.0049749314214177,0.0178656363296869,0.0373673675016442,0.0164865959077473,1.62295251492351,63.1664103499948,94.7588284788529,TRUE,TRUE,TRUE,"map_full"
"map_full_age_7","48-59",22.5,0.0335692715385979,0.00626132297634783,0.0212970785049561,0.0458414645722396,0.0164865959077473,1.62295251492351,63.1664103499948,94.7588284788529,TRUE,TRUE,TRUE,"map_full"
"map_full_age_7","48-59",23,0.0391639080839579,0.00756808314477467,0.0243304651201995,0.0539973510477162,0.0164865959077473,1.62295251492351,63.1664103499948,94.7588284788529,TRUE,TRUE,TRUE,"map_full"
"map_full_age_7","48-59",23.5,0.044411616184156,0.00889545655213537,0.0269765213419707,0.0618467110263413,0.0164865959077473,1.62295251492351,63.1664103499948,94.7588284788529,TRUE,TRUE,TRUE,"map_full"
"map_full_age_7","48-59",24,0.0493236004716031,0.0102430048592625,0.0292473109474486,0.0693998899957575,0.0164865959077473,1.62295251492351,63.1664103499948,94.7588284788529,TRUE,TRUE,TRUE,"map_full"
"map_full_age_7","48-59",24.5,0.0539110655787097,0.0116096811747139,0.0311560904762704,0.0766660406811489,0.0164865959077473,1.62295251492351,63.1664103499948,94.7588284788529,TRUE,TRUE,TRUE,"map_full"
"map_full_age_7","48-59",25,0.0581852161378863,0.0129939007474067,0.0327171706729692,0.0836532616028035,0.0164865959077473,1.62295251492351,63.1664103499948,94.7588284788529,TRUE,TRUE,TRUE,"map_full"
"map_full_age_7","48-59",25.5,0.0621572567815437,0.0143936069663997,0.0339457871274003,0.0903687264356872,0.0164865959077473,1.62295251492351,63.1664103499948,94.7588284788529,TRUE,TRUE,TRUE,"map_full"
"map_full_age_7","48-59",26,0.0658383921420924,0.0158063321813418,0.0348579810666625,0.0968188032175224,0.0164865959077473,1.62295251492351,63.1664103499948,94.7588284788529,TRUE,TRUE,TRUE,"map_full"
"map_full_age_7","48-59",26.5,0.0692398268519431,0.0172292532229001,0.035470490535059,0.103009163168827,0.0164865959077473,1.62295251492351,63.1664103499948,94.7588284788529,TRUE,TRUE,TRUE,"map_full"
"map_full_age_7","48-59",27,0.0723727655435065,0.01865924176376,0.0358006516865369,0.108944879400476,0.0164865959077473,1.62295251492351,63.1664103499948,94.7588284788529,TRUE,TRUE,TRUE,"map_full"
"map_full_age_7","48-59",27.5,0.0752484128491928,0.0200929098371683,0.0358663095683429,0.114630516130043,0.0164865959077473,1.62295251492351,63.1664103499948,94.7588284788529,TRUE,TRUE,TRUE,"map_full"
"map_full_age_7","48-59",28,0.0778779734014132,0.0215266509409189,0.0356857375572121,0.120070209245614,0.0164865959077473,1.62295251492351,63.1664103499948,94.7588284788529,TRUE,TRUE,TRUE,"map_full"
"map_full_age_7","48-59",28.5,0.080272651832578,0.0229566772175916,0.0352775644860985,0.125267739179057,0.0164865959077473,1.62295251492351,63.1664103499948,94.7588284788529,TRUE,TRUE,TRUE,"map_full"
"map_full_age_7","48-59",29,0.0824436527750978,0.0243790532313647,0.034660708441623,0.130226597108573,0.0164865959077473,1.62295251492351,63.1664103499948,94.7588284788529,TRUE,TRUE,TRUE,"map_full"
"map_full_age_7","48-59",29.5,0.0844021808613833,0.025789726869546,0.0338543161970732,0.134950045525693,0.0164865959077473,1.62295251492351,63.1664103499948,94.7588284788529,TRUE,TRUE,TRUE,"map_full"
"map_full_age_7","48-59",30,0.0861594407238451,0.0271845578921661,0.0328777072551996,0.139441174192491,0.0164865959077473,1.62295251492351,63.1664103499948,94.7588284788529,TRUE,TRUE,TRUE,"map_full"
"map_full_age_7","48-59",30.5,0.0877266369948938,0.028559344642413,0.0317503214957644,0.143702952494023,0.0164865959077473,1.62295251492351,63.1664103499948,94.7588284788529,TRUE,TRUE,TRUE,"map_full"
"map_full_age_7","48-59",31,0.0891149743069401,0.0299098494194463,0.0304916694448253,0.147738279169055,0.0164865959077473,1.62295251492351,63.1664103499948,94.7588284788529,TRUE,TRUE,TRUE,"map_full"
"map_full_age_7","48-59",31.5,0.0903356572923946,0.0312318230070325,0.0291212841986108,0.151550030386178,0.0164865959077473,1.62295251492351,63.1664103499948,94.7588284788529,TRUE,TRUE,TRUE,"map_full"
"map_full_age_7","48-59",32,0.0913998905836678,0.0325210288493633,0.0276586740389157,0.15514110712842,0.0164865959077473,1.62295251492351,63.1664103499948,94.7588284788529,TRUE,TRUE,TRUE,"map_full"
"map_full_age_7","48-59",32.5,0.0923188788131705,0.0337732673716584,0.0261232747647201,0.158514482861621,0.0164865959077473,1.62295251492351,63.1664103499948,94.7588284788529,TRUE,TRUE,TRUE,"map_full"
"map_full_age_7","48-59",33,0.0931038266133132,0.0349844009596653,0.0245344007323692,0.161673252494257,0.0164865959077473,1.62295251492351,63.1664103499948,94.7588284788529,TRUE,TRUE,TRUE,"map_full"
"map_full_age_7","48-59",33.5,0.0937659386165065,0.0361503801407833,0.0229111935405713,0.164620683692442,0.0164865959077473,1.62295251492351,63.1664103499948,94.7588284788529,TRUE,TRUE,TRUE,"map_full"
"map_full_age_7","48-59",34,0.0943164194551611,0.0372672715521003,0.0212725672130445,0.167360271697278,0.0164865959077473,1.62295251492351,63.1664103499948,94.7588284788529,TRUE,TRUE,TRUE,"map_full"
"map_full_age_7","48-59",34.5,0.0947664737616876,0.0383312883391364,0.0196371486169802,0.169895798906395,0.0164865959077473,1.62295251492351,63.1664103499948,94.7588284788529,TRUE,TRUE,TRUE,"map_full"
"map_full_age_7","48-59",35,0.0951273061684965,0.0393388237057091,0.0180232117053066,0.172231400631686,0.0164865959077473,1.62295251492351,63.1664103499948,94.7588284788529,TRUE,TRUE,TRUE,"map_full"
"map_full_age_7","48-59",35.5,0.0954101213079987,0.0402864884324904,0.0164486039803176,0.17437163863568,0.0164865959077473,1.62295251492351,63.1664103499948,94.7588284788529,TRUE,TRUE,TRUE,"map_full"
"map_full_age_7","48-59",36,0.0956261238126046,0.0411711533020403,0.0149306633406057,0.176321584284604,0.0164865959077473,1.62295251492351,63.1664103499948,94.7588284788529,TRUE,TRUE,TRUE,"map_full"
"map_full_age_7","48-59",36.5,0.0957865183147248,0.0419899975139081,0.0134861231874649,0.178086913441985,0.0164865959077473,1.62295251492351,63.1664103499948,94.7588284788529,TRUE,TRUE,TRUE,"map_full"
"map_full_age_7","48-59",37,0.09590250944677,0.0427405643468889,0.0121310033268679,0.179674015566672,0.0164865959077473,1.62295251492351,63.1664103499948,94.7588284788529,TRUE,TRUE,TRUE,"map_full"
"map_full_age_7","48-59",37.5,0.095985241034857,0.0434208718965318,0.0108803321176546,0.181090149952059,0.0164865959077473,1.62295251492351,63.1664103499948,94.7588284788529,TRUE,TRUE,TRUE,"map_full"
"map_full_age_7","48-59",38,0.0960421239470546,0.0440322397882733,0.00973893396203897,0.18234531393207,0.0164865959077473,1.62295251492351,63.1664103499948,94.7588284788529,TRUE,TRUE,TRUE,"map_full"
"map_full_age_7","48-59",38.5,0.0960747338014908,0.0445806720999304,0.00869661648562731,0.183452851117354,0.0164865959077473,1.62295251492351,63.1664103499948,94.7588284788529,TRUE,TRUE,TRUE,"map_full"
"map_full_age_7","48-59",39,0.0960841384687486,0.0450726210477181,0.00774180121522106,0.184426475722276,0.0164865959077473,1.62295251492351,63.1664103499948,94.7588284788529,TRUE,TRUE,TRUE,"map_full"
"map_full_age_7","48-59",39.5,0.0960714058194112,0.0455145550949298,0.00686287783334873,0.185279933805474,0.0164865959077473,1.62295251492351,63.1664103499948,94.7588284788529,TRUE,TRUE,TRUE,"map_full"
"map_full_age_7","48-59",40,0.0960376037240613,0.0459129201173328,0.00604828029408901,0.186026927154034,0.0164865959077473,1.62295251492351,63.1664103499948,94.7588284788529,TRUE,TRUE,TRUE,"map_full"
"map_full_age_7","48-59",40.5,0.0959838000532823,0.0462740999868278,0.00528656407909983,0.186681036027465,0.0164865959077473,1.62295251492351,63.1664103499948,94.7588284788529,TRUE,TRUE,TRUE,"map_full"
"map_full_age_7","48-59",41,0.095911062677657,0.04660437598578,0.0045664857455282,0.187255639609786,0.0164865959077473,1.62295251492351,63.1664103499948,94.7588284788529,TRUE,TRUE,TRUE,"map_full"
"map_full_age_7","48-59",41.5,0.0958204594677685,0.0469098847801413,0.00387708529869148,0.187763833636846,0.0164865959077473,1.62295251492351,63.1664103499948,94.7588284788529,TRUE,TRUE,TRUE,"map_full"
"map_full_age_7","48-59",42,0.0957130582941998,0.0471965749672874,0.00320777135831642,0.188218345230083,0.0164865959077473,1.62295251492351,63.1664103499948,94.7588284788529,TRUE,TRUE,TRUE,"map_full"
"map_full_age_7","48-59",42.5,0.0955899270275339,0.047470162483857,0.00254840855917414,0.188631445495894,0.0164865959077473,1.62295251492351,63.1664103499948,94.7588284788529,TRUE,TRUE,TRUE,"map_full"
"map_full_age_7","48-59",43,0.0954521335383538,0.0477360854111395,0.00188940613252039,0.189014860944187,0.0164865959077473,1.62295251492351,63.1664103499948,94.7588284788529,TRUE,TRUE,TRUE,"map_full"
"map_full_age_7","48-59",43.5,0.0953007456972427,0.0479994589457758,0.00122180616352212,0.189379685230963,0.0164865959077473,1.62295251492351,63.1664103499948,94.7588284788529,TRUE,TRUE,TRUE,"map_full"
"map_full_age_7","48-59",44,0.0951368313747835,0.0482650315021777,0.000537369630515233,0.189736293119052,0.0164865959077473,1.62295251492351,63.1664103499948,94.7588284788529,TRUE,TRUE,TRUE,"map_full"
"map_full_age_7","48-59",44.5,0.0949614584415592,0.0485371430678084,-0.000171341971345246,0.190094258854464,0.0164865959077473,1.62295251492351,63.1664103499948,94.7588284788529,TRUE,TRUE,TRUE,"map_full"
"map_full_age_7","48-59",45,0.094775694768153,0.0488196870303017,-0.000910891811238462,0.190462281347544,0.0164865959077473,1.62295251492351,63.1664103499948,94.7588284788529,TRUE,TRUE,TRUE,"map_full"
"map_full_age_7","48-59",45.5,0.0945806082251476,0.0491160767248964,-0.00168690215564934,0.190848118605945,0.0164865959077473,1.62295251492351,63.1664103499948,94.7588284788529,TRUE,TRUE,TRUE,"map_full"
"map_full_age_7","48-59",46,0.0943772666831261,0.0494292179042416,-0.0025040004091875,0.19125853377544,0.0164865959077473,1.62295251492351,63.1664103499948,94.7588284788529,TRUE,TRUE,TRUE,"map_full"
"map_full_age_7","48-59",46.5,0.094166738012672,0.0497614882084548,-0.00336577887589946,0.191699254901243,0.0164865959077473,1.62295251492351,63.1664103499948,94.7588284788529,TRUE,TRUE,TRUE,"map_full"
"map_full_age_7","48-59",47,0.0939500900843677,0.0501147245165367,-0.00427476996804417,0.19217495013678,0.0164865959077473,1.62295251492351,63.1664103499948,94.7588284788529,TRUE,TRUE,TRUE,"map_full"
"map_full_age_7","48-59",47.5,0.0937283907687967,0.0504902188032854,-0.00523243808564279,0.192689219623236,0.0164865959077473,1.62295251492351,63.1664103499948,94.7588284788529,TRUE,TRUE,TRUE,"map_full"
"map_full_age_7","48-59",48,0.0935027079365416,0.0508887228274989,-0.00623918880535615,0.193244604678439,0.0164865959077473,1.62295251492351,63.1664103499948,94.7588284788529,TRUE,TRUE,TRUE,"map_full"
"map_full_age_7","48-59",48.5,0.0932741094581859,0.0513104616608356,-0.00729439539705184,0.193842614313424,0.0164865959077473,1.62295251492351,63.1664103499948,94.7588284788529,TRUE,TRUE,TRUE,"map_full"
"map_full_age_7","48-59",49,0.0930436632043122,0.0517551557573921,-0.00839644208017636,0.194483768488801,0.0164865959077473,1.62295251492351,63.1664103499948,94.7588284788529,TRUE,TRUE,TRUE,"map_full"
"map_full_age_7","48-59",49.5,0.0928124370455038,0.0522220509859194,-0.00954278288689814,0.195167656977906,0.0164865959077473,1.62295251492351,63.1664103499948,94.7588284788529,TRUE,TRUE,TRUE,"map_full"
"map_full_age_7","48-59",50,0.0925814988523436,0.0527099558198633,-0.0107300145545885,0.195893012259276,0.0164865959077473,1.62295251492351,63.1664103499948,94.7588284788529,TRUE,TRUE,TRUE,"map_full"
"map_full_age_7","48-59",50.5,0.0923519164954147,0.0532172847193466,-0.0119539615545046,0.196657794545334,0.0164865959077473,1.62295251492351,63.1664103499948,94.7588284788529,TRUE,TRUE,TRUE,"map_full"
"map_full_age_7","48-59",51,0.0921247578453001,0.0537421066509842,-0.0132097711906289,0.197459286881229,0.0164865959077473,1.62295251492351,63.1664103499948,94.7588284788529,TRUE,TRUE,TRUE,"map_full"
"map_full_age_7","48-59",51.5,0.0919010907725827,0.0542821976761033,-0.0144920166725798,0.198294198217745,0.0164865959077473,1.62295251492351,63.1664103499948,94.7588284788529,TRUE,TRUE,TRUE,"map_full"
"map_full_age_7","48-59",52,0.0916819831478458,0.0548350965892623,-0.0157948061671083,0.1991587724628,0.0164865959077473,1.62295251492351,63.1664103499948,94.7588284788529,TRUE,TRUE,TRUE,"map_full"
"map_full_age_7","48-59",52.5,0.0914685028416721,0.0553981626959768,-0.0171118960424425,0.200048901725787,0.0164865959077473,1.62295251492351,63.1664103499948,94.7588284788529,TRUE,TRUE,TRUE,"map_full"
"map_full_age_7","48-59",53,0.0912617177246448,0.0559686349674222,-0.0184368068115027,0.200960242260792,0.0164865959077473,1.62295251492351,63.1664103499948,94.7588284788529,TRUE,TRUE,TRUE,"map_full"
"map_full_age_7","48-59",53.5,0.091062695667347,0.0565436919857231,-0.0197629406246702,0.201888331959364,0.0164865959077473,1.62295251492351,63.1664103499948,94.7588284788529,TRUE,TRUE,TRUE,"map_full"
"map_full_age_7","48-59",54,0.0908725045403617,0.0571205122819445,-0.0210836995322496,0.202828708612973,0.0164865959077473,1.62295251492351,63.1664103499948,94.7588284788529,TRUE,TRUE,TRUE,"map_full"
"map_full_age_7","48-59",54.5,0.0906922122142719,0.0576963348573628,-0.0223926041061592,0.203777028534703,0.0164865959077473,1.62295251492351,63.1664103499948,94.7588284788529,TRUE,TRUE,TRUE,"map_full"
"map_full_age_7","48-59",55,0.0905228865596604,0.0582685198565664,-0.0236834123592098,0.204729185478531,0.0164865959077473,1.62295251492351,63.1664103499948,94.7588284788529,TRUE,TRUE,TRUE,"map_full"
"map_full_age_7","48-59",55.5,0.0903655954471106,0.0588346095203028,-0.0249502392126829,0.205681430106904,0.0164865959077473,1.62295251492351,63.1664103499948,94.7588284788529,TRUE,TRUE,TRUE,"map_full"
"map_full_age_7","48-59",56,0.0902214067472052,0.0593923896807195,-0.026187677027005,0.206630490521415,0.0164865959077473,1.62295251492351,63.1664103499948,94.7588284788529,TRUE,TRUE,TRUE,"map_full"
"map_full_age_7","48-59",56.5,0.0900913883305274,0.0599399521672563,-0.0273909179172948,0.20757369457835,0.0164865959077473,1.62295251492351,63.1664103499948,94.7588284788529,TRUE,TRUE,TRUE,"map_full"
"map_full_age_7","48-59",57,0.0899764161362503,0.0604760786805401,-0.0285566980776083,0.208509530350109,0.0164865959077473,1.62295251492351,63.1664103499948,94.7588284788529,TRUE,TRUE,TRUE,"map_full"
"map_full_age_7","48-59",57.5,0.089876522314263,0.0610014071992538,-0.0296862357962744,0.2094392804248,0.0164865959077473,1.62295251492351,63.1664103499948,94.7588284788529,TRUE,TRUE,TRUE,"map_full"
"map_full_age_7","48-59",58,0.0897915072042191,0.0615174548886584,-0.0307827043775513,0.210365718785989,0.0164865959077473,1.62295251492351,63.1664103499948,94.7588284788529,TRUE,TRUE,TRUE,"map_full"
"map_full_age_7","48-59",58.5,0.0897211711391866,0.0620261988221862,-0.0318501785522984,0.211292520830672,0.0164865959077473,1.62295251492351,63.1664103499948,94.7588284788529,TRUE,TRUE,TRUE,"map_full"
"map_full_age_7","48-59",59,0.0896653144522333,0.0625300360869221,-0.0328935562781341,0.212224185182601,0.0164865959077473,1.62295251492351,63.1664103499948,94.7588284788529,TRUE,TRUE,TRUE,"map_full"
"map_full_age_7","48-59",59.5,0.0896237374764273,0.0630317461208614,-0.0339184849204611,0.213165959873316,0.0164865959077473,1.62295251492351,63.1664103499948,94.7588284788529,TRUE,TRUE,TRUE,"map_full"
"map_full_age_7","48-59",60,0.0895962405448369,0.0635344545463168,-0.0349312903659439,0.214123771455618,0.0164865959077473,1.62295251492351,63.1664103499948,94.7588284788529,TRUE,TRUE,TRUE,"map_full"
"map_full_age_7","48-59",60.5,0.0895826239905299,0.0640415978268985,-0.0359389077501911,0.215104155731251,0.0164865959077473,1.62295251492351,63.1664103499948,94.7588284788529,TRUE,TRUE,TRUE,"map_full"
"map_full_age_7","48-59",61,0.0895826881465743,0.064556888144565,-0.036948812616773,0.216114188909922,0.0164865959077473,1.62295251492351,63.1664103499948,94.7588284788529,TRUE,TRUE,TRUE,"map_full"
"map_full_age_7","48-59",61.5,0.0895962333460382,0.0650842779779181,-0.0379689514906813,0.217161418182758,0.0164865959077473,1.62295251492351,63.1664103499948,94.7588284788529,TRUE,TRUE,TRUE,"map_full"
"map_full_age_7","48-59",62,0.0896230599219896,0.0656279239625544,-0.039007671044617,0.218253790888596,0.0164865959077473,1.62295251492351,63.1664103499948,94.7588284788529,TRUE,TRUE,TRUE,"map_full"
"map_full_age_7","48-59",62.5,0.0896629682074963,0.0661921497282215,-0.0400736452598178,0.21939958167481,0.0164865959077473,1.62295251492351,63.1664103499948,94.7588284788529,TRUE,TRUE,TRUE,"map_full"
"map_full_age_7","48-59",63,0.0897157585356267,0.0667814075345342,-0.0411758002320603,0.220607317303314,0.0164865959077473,1.62295251492351,63.1664103499948,94.7588284788529,TRUE,TRUE,TRUE,"map_full"
"map_full_age_7","48-59",63.1664103499948,0.0897361509878365,0.066983858163085,-0.0415522110118101,0.221024512987483,0.0164865959077473,1.62295251492351,63.1664103499948,94.7588284788529,TRUE,TRUE,TRUE,"map_full"
"map_full_age_7","48-59",63.5,0.0897812312394485,0.0674002386648004,-0.0423232365435603,0.221885699022457,0.0164865959077473,1.62295251492351,63.1664103499948,94.7588284788529,TRUE,FALSE,TRUE,"map_full"
"map_full_age_7","48-59",64,0.08985918665203,0.0680532326824745,-0.0435251494056201,0.22324352270968,0.0164865959077473,1.62295251492351,63.1664103499948,94.7588284788529,TRUE,FALSE,TRUE,"map_full"
"map_full_age_7","48-59",64.5,0.0899494251064389,0.0687449858017527,-0.0447907470649964,0.224689597277874,0.0164865959077473,1.62295251492351,63.1664103499948,94.7588284788529,TRUE,FALSE,TRUE,"map_full"
"map_full_age_7","48-59",65,0.0900517469357433,0.069480058766292,-0.0461291682461889,0.226232662117676,0.0164865959077473,1.62295251492351,63.1664103499948,94.7588284788529,TRUE,FALSE,TRUE,"map_full"
"map_full_age_7","48-59",65.5,0.0901659524730114,0.0702629347602605,-0.0475493996570991,0.227881304603122,0.0164865959077473,1.62295251492351,63.1664103499948,94.7588284788529,TRUE,FALSE,TRUE,"map_full"
"map_full_age_7","48-59",66,0.0902918420513111,0.0710979779856263,-0.0490601948005164,0.229643878903139,0.0164865959077473,1.62295251492351,63.1664103499948,94.7588284788529,TRUE,FALSE,TRUE,"map_full"
"map_full_age_7","48-59",66.5,0.0904292160037104,0.0719893936206368,-0.0506699954927377,0.231528427500159,0.0164865959077473,1.62295251492351,63.1664103499948,94.7588284788529,TRUE,FALSE,TRUE,"map_full"
"map_full_age_7","48-59",67,0.0905778746632774,0.0729411899197501,-0.0523868575794327,0.233542606905988,0.0164865959077473,1.62295251492351,63.1664103499948,94.7588284788529,TRUE,FALSE,TRUE,"map_full"
"map_full_age_7","48-59",67.5,0.09073761836308,0.0739571432197327,-0.054218382347596,0.235693619073756,0.0164865959077473,1.62295251492351,63.1664103499948,94.7588284788529,TRUE,FALSE,TRUE,"map_full"
"map_full_age_7","48-59",68,0.0909082474361862,0.0750407665778409,-0.056171655056382,0.237988149928754,0.0164865959077473,1.62295251492351,63.1664103499948,94.7588284788529,TRUE,FALSE,TRUE,"map_full"
"map_full_age_7","48-59",68.5,0.0910895622156641,0.0761952826868513,-0.0582531918505644,0.240432316281893,0.0164865959077473,1.62295251492351,63.1664103499948,94.7588284788529,TRUE,FALSE,TRUE,"map_full"
"map_full_age_7","48-59",69,0.0912813630345818,0.0774236015925247,-0.0604688960867666,0.24303162215593,0.0164865959077473,1.62295251492351,63.1664103499948,94.7588284788529,TRUE,FALSE,TRUE,"map_full"
"map_full_age_7","48-59",69.5,0.0914834502260073,0.0787283035894182,-0.0628240248092523,0.245790925261267,0.0164865959077473,1.62295251492351,63.1664103499948,94.7588284788529,TRUE,FALSE,TRUE,"map_full"
"map_full_age_7","48-59",70,0.0916956241230083,0.0801116275008501,-0.0653231657786578,0.248714414024674,0.0164865959077473,1.62295251492351,63.1664103499948,94.7588284788529,TRUE,FALSE,TRUE,"map_full"
"map_full_age_7","48-59",70.5,0.091917685058653,0.0815754643698981,-0.0679702251063472,0.251805595223653,0.0164865959077473,1.62295251492351,63.1664103499948,94.7588284788529,TRUE,FALSE,TRUE,"map_full"
"map_full_age_7","48-59",71,0.0921494333660098,0.0831213564125394,-0.0707684252025674,0.255067291934587,0.0164865959077473,1.62295251492351,63.1664103499948,94.7588284788529,TRUE,FALSE,TRUE,"map_full"
"map_full_age_7","48-59",71.5,0.0923906693781461,0.0847505009225858,-0.0737203124301221,0.258501651186414,0.0164865959077473,1.62295251492351,63.1664103499948,94.7588284788529,TRUE,FALSE,TRUE,"map_full"
"map_full_age_7","48-59",72,0.0926411934281303,0.0864637586802318,-0.076827773585124,0.262110160441385,0.0164865959077473,1.62295251492351,63.1664103499948,94.7588284788529,TRUE,FALSE,TRUE,"map_full"
"map_full_age_7","48-59",72.5,0.0929008058490303,0.0882616663085109,-0.080092060115651,0.265893671813712,0.0164865959077473,1.62295251492351,63.1664103499948,94.7588284788529,TRUE,FALSE,TRUE,"map_full"
"map_full_age_7","48-59",73,0.0931693069739141,0.0901444519484709,-0.0835138188450888,0.269852432792917,0.0164865959077473,1.62295251492351,63.1664103499948,94.7588284788529,TRUE,FALSE,TRUE,"map_full"
"map_full_age_7","48-59",73.5,0.0934464971358499,0.0921120535851556,-0.0870931278910551,0.273986122162755,0.0164865959077473,1.62295251492351,63.1664103499948,94.7588284788529,TRUE,FALSE,TRUE,"map_full"
"map_full_age_7","48-59",74,0.0937321766679054,0.0941641393505952,-0.0908295364592612,0.278293889795072,0.0164865959077473,1.62295251492351,63.1664103499948,94.7588284788529,TRUE,FALSE,TRUE,"map_full"
"map_full_age_7","48-59",74.5,0.094026145903149,0.0963001291529379,-0.0947221072366092,0.282774399042907,0.0164865959077473,1.62295251492351,63.1664103499948,94.7588284788529,TRUE,FALSE,TRUE,"map_full"
"map_full_age_7","48-59",75,0.0943282051746482,0.0985192170271662,-0.0987694601985976,0.287425870547894,0.0164865959077473,1.62295251492351,63.1664103499948,94.7588284788529,TRUE,FALSE,TRUE,"map_full"
"map_full_age_7","48-59",75.5,0.0946381548154715,0.10082039366642,-0.102969816770713,0.292246126401656,0.0164865959077473,1.62295251492351,63.1664103499948,94.7588284788529,TRUE,FALSE,TRUE,"map_full"
"map_full_age_7","48-59",76,0.0949557951586867,0.103202468667601,-0.107321043429811,0.297232633747184,0.0164865959077473,1.62295251492351,63.1664103499948,94.7588284788529,TRUE,FALSE,TRUE,"map_full"
"map_full_age_7","48-59",76.5,0.0952809265373619,0.105664092104928,-0.111820693988296,0.30238254706302,0.0164865959077473,1.62295251492351,63.1664103499948,94.7588284788529,TRUE,FALSE,TRUE,"map_full"
"map_full_age_7","48-59",77,0.095613349284565,0.108203775125565,-0.116466049961543,0.307692748530673,0.0164865959077473,1.62295251492351,63.1664103499948,94.7588284788529,TRUE,FALSE,TRUE,"map_full"
"map_full_age_7","48-59",77.5,0.0959528637333641,0.110819909338348,-0.121254158569798,0.313159886036526,0.0164865959077473,1.62295251492351,63.1664103499948,94.7588284788529,TRUE,FALSE,TRUE,"map_full"
"map_full_age_7","48-59",78,0.0962992702168273,0.113510784837224,-0.126181868064131,0.318780408497786,0.0164865959077473,1.62295251492351,63.1664103499948,94.7588284788529,TRUE,FALSE,TRUE,"map_full"
"map_full_age_7","48-59",78.5,0.0966523690680224,0.116274606763382,-0.131245860188206,0.32455059832425,0.0164865959077473,1.62295251492351,63.1664103499948,94.7588284788529,TRUE,FALSE,TRUE,"map_full"
"map_full_age_7","48-59",79,0.0970119606200175,0.119109510363226,-0.136442679691905,0.33046660093194,0.0164865959077473,1.62295251492351,63.1664103499948,94.7588284788529,TRUE,FALSE,TRUE,"map_full"
"map_full_age_7","48-59",79.5,0.0973778452058807,0.122013574543116,-0.141768760898627,0.336524451310389,0.0164865959077473,1.62295251492351,63.1664103499948,94.7588284788529,TRUE,FALSE,TRUE,"map_full"
"map_full_age_7","48-59",80,0.09774982315868,0.124984833956483,-0.147220451396026,0.342720097713386,0.0164865959077473,1.62295251492351,63.1664103499948,94.7588284788529,TRUE,FALSE,TRUE,"map_full"
"map_full_age_7","48-59",80.5,0.0981276948114833,0.128021289685173,-0.152794032971456,0.349049422594422,0.0164865959077473,1.62295251492351,63.1664103499948,94.7588284788529,TRUE,FALSE,TRUE,"map_full"
"map_full_age_7","48-59",81,0.0985112604973588,0.131120918595744,-0.158485739950299,0.355508260945017,0.0164865959077473,1.62295251492351,63.1664103499948,94.7588284788529,TRUE,FALSE,TRUE,"map_full"
"map_full_age_7","48-59",81.5,0.0989003205493744,0.134281681463788,-0.164291775119649,0.362092416218398,0.0164865959077473,1.62295251492351,63.1664103499948,94.7588284788529,TRUE,FALSE,TRUE,"map_full"
"map_full_age_7","48-59",82,0.0992946753005981,0.137501529966503,-0.170208323433747,0.368797674034943,0.0164865959077473,1.62295251492351,63.1664103499948,94.7588284788529,TRUE,FALSE,TRUE,"map_full"
"map_full_age_7","48-59",82.5,0.0996941250840979,0.140778412646508,-0.176231563703057,0.375619813871253,0.0164865959077473,1.62295251492351,63.1664103499948,94.7588284788529,TRUE,FALSE,TRUE,"map_full"
"map_full_age_7","48-59",83,0.100098470232942,0.144110279949369,-0.182357678467822,0.382554618933706,0.0164865959077473,1.62295251492351,63.1664103499948,94.7588284788529,TRUE,FALSE,TRUE,"map_full"
"map_full_age_7","48-59",83.5,0.100507511080198,0.147495088434262,-0.188582862250956,0.389597884411352,0.0164865959077473,1.62295251492351,63.1664103499948,94.7588284788529,TRUE,FALSE,TRUE,"map_full"
"map_full_age_7","48-59",84,0.100921047958935,0.150930804252369,-0.194903328375708,0.396745424293577,0.0164865959077473,1.62295251492351,63.1664103499948,94.7588284788529,TRUE,FALSE,TRUE,"map_full"
"map_full_age_7","48-59",84.5,0.101338881202219,0.154415405981578,-0.201315314521673,0.403993076926112,0.0164865959077473,1.62295251492351,63.1664103499948,94.7588284788529,TRUE,FALSE,TRUE,"map_full"
"map_full_age_7","48-59",85,0.10176081114312,0.157946886899325,-0.207815087179557,0.411336709465797,0.0164865959077473,1.62295251492351,63.1664103499948,94.7588284788529,TRUE,FALSE,TRUE,"map_full"
"map_full_age_7","48-59",85.5,0.102186638114705,0.161523256768318,-0.214398945151199,0.418772221380609,0.0164865959077473,1.62295251492351,63.1664103499948,94.7588284788529,TRUE,FALSE,TRUE,"map_full"
"map_full_age_7","48-59",86,0.102616162450043,0.165142543202771,-0.221063222227389,0.426295547127474,0.0164865959077473,1.62295251492351,63.1664103499948,94.7588284788529,TRUE,FALSE,TRUE,"map_full"
"map_full_age_7","48-59",86.5,0.1030491844822,0.16880279267579,-0.227804289162348,0.433902658126748,0.0164865959077473,1.62295251492351,63.1664103499948,94.7588284788529,TRUE,FALSE,TRUE,"map_full"
"map_full_age_7","48-59",87,0.103485504544246,0.172502071221893,-0.234618555050664,0.441589564139156,0.0164865959077473,1.62295251492351,63.1664103499948,94.7588284788529,TRUE,FALSE,TRUE,"map_full"
"map_full_age_7","48-59",87.5,0.103924922969248,0.176238464882378,-0.241502468200213,0.44935231413871,0.0164865959077473,1.62295251492351,63.1664103499948,94.7588284788529,TRUE,FALSE,TRUE,"map_full"
"map_full_age_7","48-59",88,0.104367240090275,0.180010079935468,-0.248452516583243,0.457186996763793,0.0164865959077473,1.62295251492351,63.1664103499948,94.7588284788529,TRUE,FALSE,TRUE,"map_full"
"map_full_age_7","48-59",88.5,0.104812256240394,0.183815042947843,-0.255465227937378,0.465089740418166,0.0164865959077473,1.62295251492351,63.1664103499948,94.7588284788529,TRUE,FALSE,TRUE,"map_full"
"map_full_age_7","48-59",89,0.105259771752673,0.187651500679389,-0.262537169578929,0.473056713084276,0.0164865959077473,1.62295251492351,63.1664103499948,94.7588284788529,TRUE,FALSE,TRUE,"map_full"
"map_full_age_7","48-59",89.5,0.105709586960181,0.191517619868658,-0.269664947982388,0.48108412190275,0.0164865959077473,1.62295251492351,63.1664103499948,94.7588284788529,TRUE,FALSE,TRUE,"map_full"
"map_full_age_7","48-59",90,0.106161502195985,0.195411586922699,-0.276845208172505,0.489168212564475,0.0164865959077473,1.62295251492351,63.1664103499948,94.7588284788529,TRUE,FALSE,TRUE,"map_full"
"map_full_age_7","48-59",90.5,0.106615317793154,0.199331607531518,-0.284074632968621,0.497305268554929,0.0164865959077473,1.62295251492351,63.1664103499948,94.7588284788529,TRUE,FALSE,TRUE,"map_full"
"map_full_age_7","48-59",91,0.107070834084755,0.20327590622441,-0.291349942115088,0.505491610284597,0.0164865959077473,1.62295251492351,63.1664103499948,94.7588284788529,TRUE,FALSE,TRUE,"map_full"
"map_full_age_7","48-59",91.5,0.107527851403856,0.207242725882799,-0.298667891326431,0.513723594134143,0.0164865959077473,1.62295251492351,63.1664103499948,94.7588284788529,TRUE,FALSE,TRUE,"map_full"
"map_full_age_7","48-59",92,0.107986170083526,0.211230327221923,-0.306025271271442,0.521997611438494,0.0164865959077473,1.62295251492351,63.1664103499948,94.7588284788529,TRUE,FALSE,TRUE,"map_full"
"map_full_age_7","48-59",92.5,0.108445590456832,0.215236988251693,-0.313418906516485,0.53031008743015,0.0164865959077473,1.62295251492351,63.1664103499948,94.7588284788529,TRUE,FALSE,TRUE,"map_full"
"map_full_age_7","48-59",93,0.108905912856843,0.219261003725386,-0.320845654444914,0.5386574801586,0.0164865959077473,1.62295251492351,63.1664103499948,94.7588284788529,TRUE,FALSE,TRUE,"map_full"
"map_full_age_7","48-59",93.5,0.109366937616626,0.223300684583295,-0.328302404166633,0.547036279399885,0.0164865959077473,1.62295251492351,63.1664103499948,94.7588284788529,TRUE,FALSE,TRUE,"map_full"
"map_full_age_7","48-59",94,0.10982846506925,0.227354357397223,-0.335786075429308,0.555443005567808,0.0164865959077473,1.62295251492351,63.1664103499948,94.7588284788529,TRUE,FALSE,TRUE,"map_full"
"map_full_age_7","48-59",94.5,0.110290295547783,0.231420363820624,-0.34329361754064,0.563874208636205,0.0164865959077473,1.62295251492351,63.1664103499948,94.7588284788529,TRUE,FALSE,TRUE,"map_full"
"map_full_age_7","48-59",94.7588284788529,0.110529418519343,0.23352946268252,-0.347188328338397,0.568247165377082,0.0164865959077473,1.62295251492351,63.1664103499948,94.7588284788529,TRUE,FALSE,TRUE,"map_full"
"map_full_age_7","48-59",95,0.11075223311971,0.235497080929722,-0.350822045502545,0.572326511741965,0.0164865959077473,1.62295251492351,63.1664103499948,94.7588284788529,FALSE,FALSE,TRUE,"map_full"
"map_full_age_7","48-59",95.5,0.111214175307799,0.239583425113656,-0.358369337914967,0.580797688530565,0.0164865959077473,1.62295251492351,63.1664103499948,94.7588284788529,FALSE,FALSE,TRUE,"map_full"
"map_full_age_7","48-59",96,0.111676117495889,0.243678887654764,-0.365934502307449,0.589286737299226,0.0164865959077473,1.62295251492351,63.1664103499948,94.7588284788529,FALSE,FALSE,TRUE,"map_full"
"map_full_age_7","48-59",96.5,0.112138059683978,0.247783016417261,-0.373516652493853,0.597792771861809,0.0164865959077473,1.62295251492351,63.1664103499948,94.7588284788529,FALSE,FALSE,TRUE,"map_full"
"map_full_age_7","48-59",97,0.112600001872067,0.251895387805556,-0.381114958226822,0.606314961970957,0.0164865959077473,1.62295251492351,63.1664103499948,94.7588284788529,FALSE,FALSE,TRUE,"map_full"
"map_full_age_7","48-59",97.5,0.113061944060157,0.256015604616765,-0.388728640988702,0.614852529109015,0.0164865959077473,1.62295251492351,63.1664103499948,94.7588284788529,FALSE,FALSE,TRUE,"map_full"
"map_full_age_7","48-59",98,0.113523886248246,0.260143294077639,-0.396356970143926,0.623404742640419,0.0164865959077473,1.62295251492351,63.1664103499948,94.7588284788529,FALSE,FALSE,TRUE,"map_full"
"map_full_age_7","48-59",98.5,0.113985828436336,0.264278106048427,-0.403999259418581,0.631970916291253,0.0164865959077473,1.62295251492351,63.1664103499948,94.7588284788529,FALSE,FALSE,TRUE,"map_full"
"map_full_age_7","48-59",99,0.114447770624425,0.268419711377953,-0.411654863676363,0.640550404925213,0.0164865959077473,1.62295251492351,63.1664103499948,94.7588284788529,FALSE,FALSE,TRUE,"map_full"
"map_full_age_7","48-59",99.5,0.114909712812514,0.272567800395801,-0.419323175963255,0.649142601588284,0.0164865959077473,1.62295251492351,63.1664103499948,94.7588284788529,FALSE,FALSE,TRUE,"map_full"
"map_full_age_7","48-59",100,0.115371655000604,0.276722081528901,-0.427003624796042,0.65774693479725,0.0164865959077473,1.62295251492351,63.1664103499948,94.7588284788529,FALSE,FALSE,TRUE,"map_full"
