"model","age_band","calendar_year","hr","lower_95","upper_95"
"separate","<1",2000.5,0.940096622732904,0.892017699371052,0.990766955293548
"separate","<1",2000.75,0.940096622732904,0.892017699371052,0.990766955293548
"separate","<1",2001,0.940096622732904,0.892017699371052,0.990766955293548
"separate","<1",2001.25,0.940096622732904,0.892017699371052,0.990766955293548
"separate","<1",2001.5,0.940096622732904,0.892017699371052,0.990766955293548
"separate","<1",2001.75,0.940096622732904,0.892017699371052,0.990766955293548
"separate","<1",2002,0.940096622732904,0.892017699371052,0.990766955293548
"separate","<1",2002.25,0.940096622732904,0.892017699371052,0.990766955293548
"separate","<1",2002.5,0.940096622732904,0.892017699371052,0.990766955293548
"separate","<1",2002.75,0.940096622732904,0.892017699371052,0.990766955293548
"separate","<1",2003,0.940096622732904,0.892017699371052,0.990766955293548
"separate","<1",2003.25,0.940096622732904,0.892017699371052,0.990766955293548
"separate","<1",2003.5,0.940096622732904,0.892017699371052,0.990766955293548
"separate","<1",2003.75,0.940096622732904,0.892017699371052,0.990766955293548
"separate","<1",2004,0.940096622732904,0.892017699371052,0.990766955293548
"separate","<1",2004.25,0.940096622732904,0.892017699371052,0.990766955293548
"separate","<1",2004.5,0.940096622732904,0.892017699371052,0.990766955293548
"separate","<1",2004.75,0.940096622732904,0.892017699371052,0.990766955293548
"separate","<1",2005,0.940096622732904,0.892017699371052,0.990766955293548
"separate","<1",2005.25,0.940096622732904,0.892017699371052,0.990766955293548
"separate","<1",2005.5,0.940096622732904,0.892017699371052,0.990766955293548
"separate","<1",2005.75,0.940096622732904,0.892017699371052,0.990766955293548
"separate","<1",2006,0.940096622732904,0.892017699371052,0.990766955293548
"separate","<1",2006.25,0.940096622732904,0.892017699371052,0.990766955293548
"separate","<1",2006.5,0.940096622732904,0.892017699371052,0.990766955293548
"separate","<1",2006.75,0.940096622732904,0.892017699371052,0.990766955293548
"separate","<1",2007,0.940096622732904,0.892017699371052,0.990766955293548
"separate","<1",2007.25,0.940096622732904,0.892017699371052,0.990766955293548
"separate","<1",2007.5,0.940096622732904,0.892017699371052,0.990766955293548
"separate","<1",2007.75,0.940096622732904,0.892017699371052,0.990766955293548
"separate","<1",2008,0.940096622732904,0.892017699371052,0.990766955293548
"separate","<1",2008.25,0.940096622732904,0.892017699371052,0.990766955293548
"separate","<1",2008.5,0.940096622732904,0.892017699371052,0.990766955293548
"separate","<1",2008.75,0.940096622732904,0.892017699371052,0.990766955293548
"separate","<1",2009,0.940096622732904,0.892017699371052,0.990766955293548
"separate","<1",2009.25,0.940096622732904,0.892017699371052,0.990766955293548
"separate","<1",2009.5,0.940096622732904,0.892017699371052,0.990766955293548
"separate","<1",2009.75,0.940096622732904,0.892017699371052,0.990766955293548
"separate","<1",2010,0.940096622732904,0.892017699371052,0.990766955293548
"separate","<1",2010.25,0.940096622732904,0.892017699371052,0.990766955293548
"separate","<1",2010.5,0.940096622732904,0.892017699371052,0.990766955293548
"separate","<1",2010.75,0.940096622732904,0.892017699371052,0.990766955293548
"separate","<1",2011,0.940096622732904,0.892017699371052,0.990766955293548
"separate","<1",2011.25,0.940096622732904,0.892017699371052,0.990766955293548
"separate","<1",2011.5,0.940096622732904,0.892017699371052,0.990766955293548
"separate","<1",2011.75,0.940096622732904,0.892017699371052,0.990766955293548
"separate","<1",2012,0.940096622732904,0.892017699371052,0.990766955293548
"separate","<1",2012.25,0.940096622732904,0.892017699371052,0.990766955293548
"separate","<1",2012.5,0.940096622732904,0.892017699371052,0.990766955293548
"separate","<1",2012.75,0.940096622732904,0.892017699371052,0.990766955293548
"separate","<1",2013,0.940096622732904,0.892017699371052,0.990766955293548
"separate","<1",2013.25,0.940096622732904,0.892017699371052,0.990766955293548
"separate","<1",2013.5,0.940096622732904,0.892017699371052,0.990766955293548
"separate","<1",2013.75,0.940096622732904,0.892017699371052,0.990766955293548
"separate","<1",2014,0.940096622732904,0.892017699371052,0.990766955293548
"separate","<1",2014.25,0.940096622732904,0.892017699371052,0.990766955293548
"separate","<1",2014.5,0.940096622732904,0.892017699371052,0.990766955293548
"separate","<1",2014.75,0.940096622732904,0.892017699371052,0.990766955293548
"separate","<1",2015,0.940096622732904,0.892017699371052,0.990766955293548
"separate","<1",2015.25,0.940096622732904,0.892017699371052,0.990766955293548
"separate","<1",2015.5,0.940096622732904,0.892017699371052,0.990766955293548
"separate","<1",2015.75,0.940096622732904,0.892017699371052,0.990766955293548
"separate","<1",2016,0.940096622732904,0.892017699371052,0.990766955293548
"separate","<1",2016.25,0.940096622732904,0.892017699371052,0.990766955293548
"separate","<1",2016.5,0.940096622732904,0.892017699371052,0.990766955293548
"separate","<1",2016.75,0.940096622732904,0.892017699371052,0.990766955293548
"separate","<1",2017,0.940096622732904,0.892017699371052,0.990766955293548
"separate","<1",2017.25,0.940096622732904,0.892017699371052,0.990766955293548
"separate","<1",2017.5,0.940096622732904,0.892017699371052,0.990766955293548
"separate","<1",2017.75,0.940096622732904,0.892017699371052,0.990766955293548
"separate","<1",2018,0.940096622732904,0.892017699371052,0.990766955293548
"separate","<1",2018.25,0.940096622732904,0.892017699371052,0.990766955293548
"separate","<1",2018.5,0.940096622732904,0.892017699371052,0.990766955293548
"separate","<1",2018.75,0.940096622732904,0.892017699371052,0.990766955293548
"separate","<1",2019,0.940096622732904,0.892017699371052,0.990766955293548
"separate","<1",2019.25,0.940096622732904,0.892017699371052,0.990766955293548
"separate","<1",2019.5,0.940096622732904,0.892017699371052,0.990766955293548
"separate","<1",2019.75,0.940096622732904,0.892017699371052,0.990766955293548
"separate","<1",2020,0.940096622732904,0.892017699371052,0.990766955293548
"separate","<1",2020.25,0.940096622732904,0.892017699371052,0.990766955293548
"separate","<1",2020.5,0.940096622732904,0.892017699371052,0.990766955293548
"separate","<1",2020.75,0.940096622732904,0.892017699371052,0.990766955293548
"separate","<1",2021,0.940096622732904,0.892017699371052,0.990766955293548
"separate","<1",2021.25,0.940096622732904,0.892017699371052,0.990766955293548
"separate","<1",2021.5,0.940096622732904,0.892017699371052,0.990766955293548
"separate","<1",2021.75,0.940096622732904,0.892017699371052,0.990766955293548
"separate","<1",2022,0.940096622732904,0.892017699371052,0.990766955293548
"separate","<1",2022.25,0.940096622732904,0.892017699371052,0.990766955293548
"separate","<1",2022.5,0.940096622732904,0.892017699371052,0.990766955293548
"separate","<1",2022.75,0.940096622732904,0.892017699371052,0.990766955293548
"separate","<1",2023,0.940096622732904,0.892017699371052,0.990766955293548
"separate","<1",2023.25,0.940096622732904,0.892017699371052,0.990766955293548
"separate","<1",2023.5,0.940096622732904,0.892017699371052,0.990766955293548
"separate","<1",2023.75,0.940096622732904,0.892017699371052,0.990766955293548
"separate","<1",2023.91666666667,0.940096622732904,0.892017699371052,0.990766955293548
"separate","1-5",2000.5,0.861612671992023,0.802300718045657,0.925309400626743
"separate","1-5",2000.75,0.861612671992023,0.802300718045657,0.925309400626743
"separate","1-5",2001,0.861612671992023,0.802300718045657,0.925309400626743
"separate","1-5",2001.25,0.861612671992023,0.802300718045657,0.925309400626743
"separate","1-5",2001.5,0.861612671992023,0.802300718045657,0.925309400626743
"separate","1-5",2001.75,0.861612671992023,0.802300718045657,0.925309400626743
"separate","1-5",2002,0.861612671992023,0.802300718045657,0.925309400626743
"separate","1-5",2002.25,0.861612671992023,0.802300718045657,0.925309400626743
"separate","1-5",2002.5,0.861612671992023,0.802300718045657,0.925309400626743
"separate","1-5",2002.75,0.861612671992023,0.802300718045657,0.925309400626743
"separate","1-5",2003,0.861612671992023,0.802300718045657,0.925309400626743
"separate","1-5",2003.25,0.861612671992023,0.802300718045657,0.925309400626743
"separate","1-5",2003.5,0.861612671992023,0.802300718045657,0.925309400626743
"separate","1-5",2003.75,0.861612671992023,0.802300718045657,0.925309400626743
"separate","1-5",2004,0.861612671992023,0.802300718045657,0.925309400626743
"separate","1-5",2004.25,0.861612671992023,0.802300718045657,0.925309400626743
"separate","1-5",2004.5,0.861612671992023,0.802300718045657,0.925309400626743
"separate","1-5",2004.75,0.861612671992023,0.802300718045657,0.925309400626743
"separate","1-5",2005,0.861612671992023,0.802300718045657,0.925309400626743
"separate","1-5",2005.25,0.861612671992023,0.802300718045657,0.925309400626743
"separate","1-5",2005.5,0.861612671992023,0.802300718045657,0.925309400626743
"separate","1-5",2005.75,0.861612671992023,0.802300718045657,0.925309400626743
"separate","1-5",2006,0.861612671992023,0.802300718045657,0.925309400626743
"separate","1-5",2006.25,0.861612671992023,0.802300718045657,0.925309400626743
"separate","1-5",2006.5,0.861612671992023,0.802300718045657,0.925309400626743
"separate","1-5",2006.75,0.861612671992023,0.802300718045657,0.925309400626743
"separate","1-5",2007,0.861612671992023,0.802300718045657,0.925309400626743
"separate","1-5",2007.25,0.861612671992023,0.802300718045657,0.925309400626743
"separate","1-5",2007.5,0.861612671992023,0.802300718045657,0.925309400626743
"separate","1-5",2007.75,0.861612671992023,0.802300718045657,0.925309400626743
"separate","1-5",2008,0.861612671992023,0.802300718045657,0.925309400626743
"separate","1-5",2008.25,0.861612671992023,0.802300718045657,0.925309400626743
"separate","1-5",2008.5,0.861612671992023,0.802300718045657,0.925309400626743
"separate","1-5",2008.75,0.861612671992023,0.802300718045657,0.925309400626743
"separate","1-5",2009,0.861612671992023,0.802300718045657,0.925309400626743
"separate","1-5",2009.25,0.861612671992023,0.802300718045657,0.925309400626743
"separate","1-5",2009.5,0.861612671992023,0.802300718045657,0.925309400626743
"separate","1-5",2009.75,0.861612671992023,0.802300718045657,0.925309400626743
"separate","1-5",2010,0.861612671992023,0.802300718045657,0.925309400626743
"separate","1-5",2010.25,0.861612671992023,0.802300718045657,0.925309400626743
"separate","1-5",2010.5,0.861612671992023,0.802300718045657,0.925309400626743
"separate","1-5",2010.75,0.861612671992023,0.802300718045657,0.925309400626743
"separate","1-5",2011,0.861612671992023,0.802300718045657,0.925309400626743
"separate","1-5",2011.25,0.861612671992023,0.802300718045657,0.925309400626743
"separate","1-5",2011.5,0.861612671992023,0.802300718045657,0.925309400626743
"separate","1-5",2011.75,0.861612671992023,0.802300718045657,0.925309400626743
"separate","1-5",2012,0.861612671992023,0.802300718045657,0.925309400626743
"separate","1-5",2012.25,0.861612671992023,0.802300718045657,0.925309400626743
"separate","1-5",2012.5,0.861612671992023,0.802300718045657,0.925309400626743
"separate","1-5",2012.75,0.861612671992023,0.802300718045657,0.925309400626743
"separate","1-5",2013,0.861612671992023,0.802300718045657,0.925309400626743
"separate","1-5",2013.25,0.861612671992023,0.802300718045657,0.925309400626743
"separate","1-5",2013.5,0.861612671992023,0.802300718045657,0.925309400626743
"separate","1-5",2013.75,0.861612671992023,0.802300718045657,0.925309400626743
"separate","1-5",2014,0.861612671992023,0.802300718045657,0.925309400626743
"separate","1-5",2014.25,0.861612671992023,0.802300718045657,0.925309400626743
"separate","1-5",2014.5,0.861612671992023,0.802300718045657,0.925309400626743
"separate","1-5",2014.75,0.861612671992023,0.802300718045657,0.925309400626743
"separate","1-5",2015,0.861612671992023,0.802300718045657,0.925309400626743
"separate","1-5",2015.25,0.861612671992023,0.802300718045657,0.925309400626743
"separate","1-5",2015.5,0.861612671992023,0.802300718045657,0.925309400626743
"separate","1-5",2015.75,0.861612671992023,0.802300718045657,0.925309400626743
"separate","1-5",2016,0.861612671992023,0.802300718045657,0.925309400626743
"separate","1-5",2016.25,0.861612671992023,0.802300718045657,0.925309400626743
"separate","1-5",2016.5,0.861612671992023,0.802300718045657,0.925309400626743
"separate","1-5",2016.75,0.861612671992023,0.802300718045657,0.925309400626743
"separate","1-5",2017,0.861612671992023,0.802300718045657,0.925309400626743
"separate","1-5",2017.25,0.861612671992023,0.802300718045657,0.925309400626743
"separate","1-5",2017.5,0.861612671992023,0.802300718045657,0.925309400626743
"separate","1-5",2017.75,0.861612671992023,0.802300718045657,0.925309400626743
"separate","1-5",2018,0.861612671992023,0.802300718045657,0.925309400626743
"separate","1-5",2018.25,0.861612671992023,0.802300718045657,0.925309400626743
"separate","1-5",2018.5,0.861612671992023,0.802300718045657,0.925309400626743
"separate","1-5",2018.75,0.861612671992023,0.802300718045657,0.925309400626743
"separate","1-5",2019,0.861612671992023,0.802300718045657,0.925309400626743
"separate","1-5",2019.25,0.861612671992023,0.802300718045657,0.925309400626743
"separate","1-5",2019.5,0.861612671992023,0.802300718045657,0.925309400626743
"separate","1-5",2019.75,0.861612671992023,0.802300718045657,0.925309400626743
"separate","1-5",2020,0.861612671992023,0.802300718045657,0.925309400626743
"separate","1-5",2020.25,0.861612671992023,0.802300718045657,0.925309400626743
"separate","1-5",2020.5,0.861612671992023,0.802300718045657,0.925309400626743
"separate","1-5",2020.75,0.861612671992023,0.802300718045657,0.925309400626743
"separate","1-5",2021,0.861612671992023,0.802300718045657,0.925309400626743
"separate","1-5",2021.25,0.861612671992023,0.802300718045657,0.925309400626743
"separate","1-5",2021.5,0.861612671992023,0.802300718045657,0.925309400626743
"separate","1-5",2021.75,0.861612671992023,0.802300718045657,0.925309400626743
"separate","1-5",2022,0.861612671992023,0.802300718045657,0.925309400626743
"separate","1-5",2022.25,0.861612671992023,0.802300718045657,0.925309400626743
"separate","1-5",2022.5,0.861612671992023,0.802300718045657,0.925309400626743
"separate","1-5",2022.75,0.861612671992023,0.802300718045657,0.925309400626743
"separate","1-5",2023,0.861612671992023,0.802300718045657,0.925309400626743
"separate","1-5",2023.25,0.861612671992023,0.802300718045657,0.925309400626743
"separate","1-5",2023.5,0.861612671992023,0.802300718045657,0.925309400626743
"separate","1-5",2023.75,0.861612671992023,0.802300718045657,0.925309400626743
"separate","1-5",2023.91666666667,0.861612671992023,0.802300718045657,0.925309400626743
"separate","6-11",2000.5,0.681741658833855,0.618722254692689,0.751179848250944
"separate","6-11",2000.75,0.681741658833855,0.618722254692689,0.751179848250944
"separate","6-11",2001,0.681741658833855,0.618722254692689,0.751179848250944
"separate","6-11",2001.25,0.681741658833855,0.618722254692689,0.751179848250944
"separate","6-11",2001.5,0.681741658833855,0.618722254692689,0.751179848250944
"separate","6-11",2001.75,0.681741658833855,0.618722254692689,0.751179848250944
"separate","6-11",2002,0.681741658833855,0.618722254692689,0.751179848250944
"separate","6-11",2002.25,0.681741658833855,0.618722254692689,0.751179848250944
"separate","6-11",2002.5,0.681741658833855,0.618722254692689,0.751179848250944
"separate","6-11",2002.75,0.681741658833855,0.618722254692689,0.751179848250944
"separate","6-11",2003,0.681741658833855,0.618722254692689,0.751179848250944
"separate","6-11",2003.25,0.681741658833855,0.618722254692689,0.751179848250944
"separate","6-11",2003.5,0.681741658833855,0.618722254692689,0.751179848250944
"separate","6-11",2003.75,0.681741658833855,0.618722254692689,0.751179848250944
"separate","6-11",2004,0.681741658833855,0.618722254692689,0.751179848250944
"separate","6-11",2004.25,0.681741658833855,0.618722254692689,0.751179848250944
"separate","6-11",2004.5,0.681741658833855,0.618722254692689,0.751179848250944
"separate","6-11",2004.75,0.681741658833855,0.618722254692689,0.751179848250944
"separate","6-11",2005,0.681741658833855,0.618722254692689,0.751179848250944
"separate","6-11",2005.25,0.681741658833855,0.618722254692689,0.751179848250944
"separate","6-11",2005.5,0.681741658833855,0.618722254692689,0.751179848250944
"separate","6-11",2005.75,0.681741658833855,0.618722254692689,0.751179848250944
"separate","6-11",2006,0.681741658833855,0.618722254692689,0.751179848250944
"separate","6-11",2006.25,0.681741658833855,0.618722254692689,0.751179848250944
"separate","6-11",2006.5,0.681741658833855,0.618722254692689,0.751179848250944
"separate","6-11",2006.75,0.681741658833855,0.618722254692689,0.751179848250944
"separate","6-11",2007,0.681741658833855,0.618722254692689,0.751179848250944
"separate","6-11",2007.25,0.681741658833855,0.618722254692689,0.751179848250944
"separate","6-11",2007.5,0.681741658833855,0.618722254692689,0.751179848250944
"separate","6-11",2007.75,0.681741658833855,0.618722254692689,0.751179848250944
"separate","6-11",2008,0.681741658833855,0.618722254692689,0.751179848250944
"separate","6-11",2008.25,0.681741658833855,0.618722254692689,0.751179848250944
"separate","6-11",2008.5,0.681741658833855,0.618722254692689,0.751179848250944
"separate","6-11",2008.75,0.681741658833855,0.618722254692689,0.751179848250944
"separate","6-11",2009,0.681741658833855,0.618722254692689,0.751179848250944
"separate","6-11",2009.25,0.681741658833855,0.618722254692689,0.751179848250944
"separate","6-11",2009.5,0.681741658833855,0.618722254692689,0.751179848250944
"separate","6-11",2009.75,0.681741658833855,0.618722254692689,0.751179848250944
"separate","6-11",2010,0.681741658833855,0.618722254692689,0.751179848250944
"separate","6-11",2010.25,0.681741658833855,0.618722254692689,0.751179848250944
"separate","6-11",2010.5,0.681741658833855,0.618722254692689,0.751179848250944
"separate","6-11",2010.75,0.681741658833855,0.618722254692689,0.751179848250944
"separate","6-11",2011,0.681741658833855,0.618722254692689,0.751179848250944
"separate","6-11",2011.25,0.681741658833855,0.618722254692689,0.751179848250944
"separate","6-11",2011.5,0.681741658833855,0.618722254692689,0.751179848250944
"separate","6-11",2011.75,0.681741658833855,0.618722254692689,0.751179848250944
"separate","6-11",2012,0.681741658833855,0.618722254692689,0.751179848250944
"separate","6-11",2012.25,0.681741658833855,0.618722254692689,0.751179848250944
"separate","6-11",2012.5,0.681741658833855,0.618722254692689,0.751179848250944
"separate","6-11",2012.75,0.681741658833855,0.618722254692689,0.751179848250944
"separate","6-11",2013,0.681741658833855,0.618722254692689,0.751179848250944
"separate","6-11",2013.25,0.681741658833855,0.618722254692689,0.751179848250944
"separate","6-11",2013.5,0.681741658833855,0.618722254692689,0.751179848250944
"separate","6-11",2013.75,0.681741658833855,0.618722254692689,0.751179848250944
"separate","6-11",2014,0.681741658833855,0.618722254692689,0.751179848250944
"separate","6-11",2014.25,0.681741658833855,0.618722254692689,0.751179848250944
"separate","6-11",2014.5,0.681741658833855,0.618722254692689,0.751179848250944
"separate","6-11",2014.75,0.681741658833855,0.618722254692689,0.751179848250944
"separate","6-11",2015,0.681741658833855,0.618722254692689,0.751179848250944
"separate","6-11",2015.25,0.681741658833855,0.618722254692689,0.751179848250944
"separate","6-11",2015.5,0.681741658833855,0.618722254692689,0.751179848250944
"separate","6-11",2015.75,0.681741658833855,0.618722254692689,0.751179848250944
"separate","6-11",2016,0.681741658833855,0.618722254692689,0.751179848250944
"separate","6-11",2016.25,0.681741658833855,0.618722254692689,0.751179848250944
"separate","6-11",2016.5,0.681741658833855,0.618722254692689,0.751179848250944
"separate","6-11",2016.75,0.681741658833855,0.618722254692689,0.751179848250944
"separate","6-11",2017,0.681741658833855,0.618722254692689,0.751179848250944
"separate","6-11",2017.25,0.681741658833855,0.618722254692689,0.751179848250944
"separate","6-11",2017.5,0.681741658833855,0.618722254692689,0.751179848250944
"separate","6-11",2017.75,0.681741658833855,0.618722254692689,0.751179848250944
"separate","6-11",2018,0.681741658833855,0.618722254692689,0.751179848250944
"separate","6-11",2018.25,0.681741658833855,0.618722254692689,0.751179848250944
"separate","6-11",2018.5,0.681741658833855,0.618722254692689,0.751179848250944
"separate","6-11",2018.75,0.681741658833855,0.618722254692689,0.751179848250944
"separate","6-11",2019,0.681741658833855,0.618722254692689,0.751179848250944
"separate","6-11",2019.25,0.681741658833855,0.618722254692689,0.751179848250944
"separate","6-11",2019.5,0.681741658833855,0.618722254692689,0.751179848250944
"separate","6-11",2019.75,0.681741658833855,0.618722254692689,0.751179848250944
"separate","6-11",2020,0.681741658833855,0.618722254692689,0.751179848250944
"separate","6-11",2020.25,0.681741658833855,0.618722254692689,0.751179848250944
"separate","6-11",2020.5,0.681741658833855,0.618722254692689,0.751179848250944
"separate","6-11",2020.75,0.681741658833855,0.618722254692689,0.751179848250944
"separate","6-11",2021,0.681741658833855,0.618722254692689,0.751179848250944
"separate","6-11",2021.25,0.681741658833855,0.618722254692689,0.751179848250944
"separate","6-11",2021.5,0.681741658833855,0.618722254692689,0.751179848250944
"separate","6-11",2021.75,0.681741658833855,0.618722254692689,0.751179848250944
"separate","6-11",2022,0.681741658833855,0.618722254692689,0.751179848250944
"separate","6-11",2022.25,0.681741658833855,0.618722254692689,0.751179848250944
"separate","6-11",2022.5,0.681741658833855,0.618722254692689,0.751179848250944
"separate","6-11",2022.75,0.681741658833855,0.618722254692689,0.751179848250944
"separate","6-11",2023,0.681741658833855,0.618722254692689,0.751179848250944
"separate","6-11",2023.25,0.681741658833855,0.618722254692689,0.751179848250944
"separate","6-11",2023.5,0.681741658833855,0.618722254692689,0.751179848250944
"separate","6-11",2023.75,0.681741658833855,0.618722254692689,0.751179848250944
"separate","6-11",2023.91666666667,0.681741658833855,0.618722254692689,0.751179848250944
"separate","12-23",2000.5,0.519555046574202,0.45997250590069,0.586855611928687
"separate","12-23",2000.75,0.519555046574202,0.45997250590069,0.586855611928687
"separate","12-23",2001,0.519555046574202,0.45997250590069,0.586855611928687
"separate","12-23",2001.25,0.519555046574202,0.45997250590069,0.586855611928687
"separate","12-23",2001.5,0.519555046574202,0.45997250590069,0.586855611928687
"separate","12-23",2001.75,0.519555046574202,0.45997250590069,0.586855611928687
"separate","12-23",2002,0.519555046574202,0.45997250590069,0.586855611928687
"separate","12-23",2002.25,0.519555046574202,0.45997250590069,0.586855611928687
"separate","12-23",2002.5,0.519555046574202,0.45997250590069,0.586855611928687
"separate","12-23",2002.75,0.519555046574202,0.45997250590069,0.586855611928687
"separate","12-23",2003,0.519555046574202,0.45997250590069,0.586855611928687
"separate","12-23",2003.25,0.519555046574202,0.45997250590069,0.586855611928687
"separate","12-23",2003.5,0.519555046574202,0.45997250590069,0.586855611928687
"separate","12-23",2003.75,0.519555046574202,0.45997250590069,0.586855611928687
"separate","12-23",2004,0.519555046574202,0.45997250590069,0.586855611928687
"separate","12-23",2004.25,0.519555046574202,0.45997250590069,0.586855611928687
"separate","12-23",2004.5,0.519555046574202,0.45997250590069,0.586855611928687
"separate","12-23",2004.75,0.519555046574202,0.45997250590069,0.586855611928687
"separate","12-23",2005,0.519555046574202,0.45997250590069,0.586855611928687
"separate","12-23",2005.25,0.519555046574202,0.45997250590069,0.586855611928687
"separate","12-23",2005.5,0.519555046574202,0.45997250590069,0.586855611928687
"separate","12-23",2005.75,0.519555046574202,0.45997250590069,0.586855611928687
"separate","12-23",2006,0.519555046574202,0.45997250590069,0.586855611928687
"separate","12-23",2006.25,0.519555046574202,0.45997250590069,0.586855611928687
"separate","12-23",2006.5,0.519555046574202,0.45997250590069,0.586855611928687
"separate","12-23",2006.75,0.519555046574202,0.45997250590069,0.586855611928687
"separate","12-23",2007,0.519555046574202,0.45997250590069,0.586855611928687
"separate","12-23",2007.25,0.519555046574202,0.45997250590069,0.586855611928687
"separate","12-23",2007.5,0.519555046574202,0.45997250590069,0.586855611928687
"separate","12-23",2007.75,0.519555046574202,0.45997250590069,0.586855611928687
"separate","12-23",2008,0.519555046574202,0.45997250590069,0.586855611928687
"separate","12-23",2008.25,0.519555046574202,0.45997250590069,0.586855611928687
"separate","12-23",2008.5,0.519555046574202,0.45997250590069,0.586855611928687
"separate","12-23",2008.75,0.519555046574202,0.45997250590069,0.586855611928687
"separate","12-23",2009,0.519555046574202,0.45997250590069,0.586855611928687
"separate","12-23",2009.25,0.519555046574202,0.45997250590069,0.586855611928687
"separate","12-23",2009.5,0.519555046574202,0.45997250590069,0.586855611928687
"separate","12-23",2009.75,0.519555046574202,0.45997250590069,0.586855611928687
"separate","12-23",2010,0.519555046574202,0.45997250590069,0.586855611928687
"separate","12-23",2010.25,0.519555046574202,0.45997250590069,0.586855611928687
"separate","12-23",2010.5,0.519555046574202,0.45997250590069,0.586855611928687
"separate","12-23",2010.75,0.519555046574202,0.45997250590069,0.586855611928687
"separate","12-23",2011,0.519555046574202,0.45997250590069,0.586855611928687
"separate","12-23",2011.25,0.519555046574202,0.45997250590069,0.586855611928687
"separate","12-23",2011.5,0.519555046574202,0.45997250590069,0.586855611928687
"separate","12-23",2011.75,0.519555046574202,0.45997250590069,0.586855611928687
"separate","12-23",2012,0.519555046574202,0.45997250590069,0.586855611928687
"separate","12-23",2012.25,0.519555046574202,0.45997250590069,0.586855611928687
"separate","12-23",2012.5,0.519555046574202,0.45997250590069,0.586855611928687
"separate","12-23",2012.75,0.519555046574202,0.45997250590069,0.586855611928687
"separate","12-23",2013,0.519555046574202,0.45997250590069,0.586855611928687
"separate","12-23",2013.25,0.519555046574202,0.45997250590069,0.586855611928687
"separate","12-23",2013.5,0.519555046574202,0.45997250590069,0.586855611928687
"separate","12-23",2013.75,0.519555046574202,0.45997250590069,0.586855611928687
"separate","12-23",2014,0.519555046574202,0.45997250590069,0.586855611928687
"separate","12-23",2014.25,0.519555046574202,0.45997250590069,0.586855611928687
"separate","12-23",2014.5,0.519555046574202,0.45997250590069,0.586855611928687
"separate","12-23",2014.75,0.519555046574202,0.45997250590069,0.586855611928687
"separate","12-23",2015,0.519555046574202,0.45997250590069,0.586855611928687
"separate","12-23",2015.25,0.519555046574202,0.45997250590069,0.586855611928687
"separate","12-23",2015.5,0.519555046574202,0.45997250590069,0.586855611928687
"separate","12-23",2015.75,0.519555046574202,0.45997250590069,0.586855611928687
"separate","12-23",2016,0.519555046574202,0.45997250590069,0.586855611928687
"separate","12-23",2016.25,0.519555046574202,0.45997250590069,0.586855611928687
"separate","12-23",2016.5,0.519555046574202,0.45997250590069,0.586855611928687
"separate","12-23",2016.75,0.519555046574202,0.45997250590069,0.586855611928687
"separate","12-23",2017,0.519555046574202,0.45997250590069,0.586855611928687
"separate","12-23",2017.25,0.519555046574202,0.45997250590069,0.586855611928687
"separate","12-23",2017.5,0.519555046574202,0.45997250590069,0.586855611928687
"separate","12-23",2017.75,0.519555046574202,0.45997250590069,0.586855611928687
"separate","12-23",2018,0.519555046574202,0.45997250590069,0.586855611928687
"separate","12-23",2018.25,0.519555046574202,0.45997250590069,0.586855611928687
"separate","12-23",2018.5,0.519555046574202,0.45997250590069,0.586855611928687
"separate","12-23",2018.75,0.519555046574202,0.45997250590069,0.586855611928687
"separate","12-23",2019,0.519555046574202,0.45997250590069,0.586855611928687
"separate","12-23",2019.25,0.519555046574202,0.45997250590069,0.586855611928687
"separate","12-23",2019.5,0.519555046574202,0.45997250590069,0.586855611928687
"separate","12-23",2019.75,0.519555046574202,0.45997250590069,0.586855611928687
"separate","12-23",2020,0.519555046574202,0.45997250590069,0.586855611928687
"separate","12-23",2020.25,0.519555046574202,0.45997250590069,0.586855611928687
"separate","12-23",2020.5,0.519555046574202,0.45997250590069,0.586855611928687
"separate","12-23",2020.75,0.519555046574202,0.45997250590069,0.586855611928687
"separate","12-23",2021,0.519555046574202,0.45997250590069,0.586855611928687
"separate","12-23",2021.25,0.519555046574202,0.45997250590069,0.586855611928687
"separate","12-23",2021.5,0.519555046574202,0.45997250590069,0.586855611928687
"separate","12-23",2021.75,0.519555046574202,0.45997250590069,0.586855611928687
"separate","12-23",2022,0.519555046574202,0.45997250590069,0.586855611928687
"separate","12-23",2022.25,0.519555046574202,0.45997250590069,0.586855611928687
"separate","12-23",2022.5,0.519555046574202,0.45997250590069,0.586855611928687
"separate","12-23",2022.75,0.519555046574202,0.45997250590069,0.586855611928687
"separate","12-23",2023,0.519555046574202,0.45997250590069,0.586855611928687
"separate","12-23",2023.25,0.519555046574202,0.45997250590069,0.586855611928687
"separate","12-23",2023.5,0.519555046574202,0.45997250590069,0.586855611928687
"separate","12-23",2023.75,0.519555046574202,0.45997250590069,0.586855611928687
"separate","12-23",2023.91666666667,0.519555046574202,0.45997250590069,0.586855611928687
"separate","24-35",2000.5,0.473873931388063,0.41596881282334,0.539839757036178
"separate","24-35",2000.75,0.473873931388063,0.41596881282334,0.539839757036178
"separate","24-35",2001,0.473873931388063,0.41596881282334,0.539839757036178
"separate","24-35",2001.25,0.473873931388063,0.41596881282334,0.539839757036178
"separate","24-35",2001.5,0.473873931388063,0.41596881282334,0.539839757036178
"separate","24-35",2001.75,0.473873931388063,0.41596881282334,0.539839757036178
"separate","24-35",2002,0.473873931388063,0.41596881282334,0.539839757036178
"separate","24-35",2002.25,0.473873931388063,0.41596881282334,0.539839757036178
"separate","24-35",2002.5,0.473873931388063,0.41596881282334,0.539839757036178
"separate","24-35",2002.75,0.473873931388063,0.41596881282334,0.539839757036178
"separate","24-35",2003,0.473873931388063,0.41596881282334,0.539839757036178
"separate","24-35",2003.25,0.473873931388063,0.41596881282334,0.539839757036178
"separate","24-35",2003.5,0.473873931388063,0.41596881282334,0.539839757036178
"separate","24-35",2003.75,0.473873931388063,0.41596881282334,0.539839757036178
"separate","24-35",2004,0.473873931388063,0.41596881282334,0.539839757036178
"separate","24-35",2004.25,0.473873931388063,0.41596881282334,0.539839757036178
"separate","24-35",2004.5,0.473873931388063,0.41596881282334,0.539839757036178
"separate","24-35",2004.75,0.473873931388063,0.41596881282334,0.539839757036178
"separate","24-35",2005,0.473873931388063,0.41596881282334,0.539839757036178
"separate","24-35",2005.25,0.473873931388063,0.41596881282334,0.539839757036178
"separate","24-35",2005.5,0.473873931388063,0.41596881282334,0.539839757036178
"separate","24-35",2005.75,0.473873931388063,0.41596881282334,0.539839757036178
"separate","24-35",2006,0.473873931388063,0.41596881282334,0.539839757036178
"separate","24-35",2006.25,0.473873931388063,0.41596881282334,0.539839757036178
"separate","24-35",2006.5,0.473873931388063,0.41596881282334,0.539839757036178
"separate","24-35",2006.75,0.473873931388063,0.41596881282334,0.539839757036178
"separate","24-35",2007,0.473873931388063,0.41596881282334,0.539839757036178
"separate","24-35",2007.25,0.473873931388063,0.41596881282334,0.539839757036178
"separate","24-35",2007.5,0.473873931388063,0.41596881282334,0.539839757036178
"separate","24-35",2007.75,0.473873931388063,0.41596881282334,0.539839757036178
"separate","24-35",2008,0.473873931388063,0.41596881282334,0.539839757036178
"separate","24-35",2008.25,0.473873931388063,0.41596881282334,0.539839757036178
"separate","24-35",2008.5,0.473873931388063,0.41596881282334,0.539839757036178
"separate","24-35",2008.75,0.473873931388063,0.41596881282334,0.539839757036178
"separate","24-35",2009,0.473873931388063,0.41596881282334,0.539839757036178
"separate","24-35",2009.25,0.473873931388063,0.41596881282334,0.539839757036178
"separate","24-35",2009.5,0.473873931388063,0.41596881282334,0.539839757036178
"separate","24-35",2009.75,0.473873931388063,0.41596881282334,0.539839757036178
"separate","24-35",2010,0.473873931388063,0.41596881282334,0.539839757036178
"separate","24-35",2010.25,0.473873931388063,0.41596881282334,0.539839757036178
"separate","24-35",2010.5,0.473873931388063,0.41596881282334,0.539839757036178
"separate","24-35",2010.75,0.473873931388063,0.41596881282334,0.539839757036178
"separate","24-35",2011,0.473873931388063,0.41596881282334,0.539839757036178
"separate","24-35",2011.25,0.473873931388063,0.41596881282334,0.539839757036178
"separate","24-35",2011.5,0.473873931388063,0.41596881282334,0.539839757036178
"separate","24-35",2011.75,0.473873931388063,0.41596881282334,0.539839757036178
"separate","24-35",2012,0.473873931388063,0.41596881282334,0.539839757036178
"separate","24-35",2012.25,0.473873931388063,0.41596881282334,0.539839757036178
"separate","24-35",2012.5,0.473873931388063,0.41596881282334,0.539839757036178
"separate","24-35",2012.75,0.473873931388063,0.41596881282334,0.539839757036178
"separate","24-35",2013,0.473873931388063,0.41596881282334,0.539839757036178
"separate","24-35",2013.25,0.473873931388063,0.41596881282334,0.539839757036178
"separate","24-35",2013.5,0.473873931388063,0.41596881282334,0.539839757036178
"separate","24-35",2013.75,0.473873931388063,0.41596881282334,0.539839757036178
"separate","24-35",2014,0.473873931388063,0.41596881282334,0.539839757036178
"separate","24-35",2014.25,0.473873931388063,0.41596881282334,0.539839757036178
"separate","24-35",2014.5,0.473873931388063,0.41596881282334,0.539839757036178
"separate","24-35",2014.75,0.473873931388063,0.41596881282334,0.539839757036178
"separate","24-35",2015,0.473873931388063,0.41596881282334,0.539839757036178
"separate","24-35",2015.25,0.473873931388063,0.41596881282334,0.539839757036178
"separate","24-35",2015.5,0.473873931388063,0.41596881282334,0.539839757036178
"separate","24-35",2015.75,0.473873931388063,0.41596881282334,0.539839757036178
"separate","24-35",2016,0.473873931388063,0.41596881282334,0.539839757036178
"separate","24-35",2016.25,0.473873931388063,0.41596881282334,0.539839757036178
"separate","24-35",2016.5,0.473873931388063,0.41596881282334,0.539839757036178
"separate","24-35",2016.75,0.473873931388063,0.41596881282334,0.539839757036178
"separate","24-35",2017,0.473873931388063,0.41596881282334,0.539839757036178
"separate","24-35",2017.25,0.473873931388063,0.41596881282334,0.539839757036178
"separate","24-35",2017.5,0.473873931388063,0.41596881282334,0.539839757036178
"separate","24-35",2017.75,0.473873931388063,0.41596881282334,0.539839757036178
"separate","24-35",2018,0.473873931388063,0.41596881282334,0.539839757036178
"separate","24-35",2018.25,0.473873931388063,0.41596881282334,0.539839757036178
"separate","24-35",2018.5,0.473873931388063,0.41596881282334,0.539839757036178
"separate","24-35",2018.75,0.473873931388063,0.41596881282334,0.539839757036178
"separate","24-35",2019,0.473873931388063,0.41596881282334,0.539839757036178
"separate","24-35",2019.25,0.473873931388063,0.41596881282334,0.539839757036178
"separate","24-35",2019.5,0.473873931388063,0.41596881282334,0.539839757036178
"separate","24-35",2019.75,0.473873931388063,0.41596881282334,0.539839757036178
"separate","24-35",2020,0.473873931388063,0.41596881282334,0.539839757036178
"separate","24-35",2020.25,0.473873931388063,0.41596881282334,0.539839757036178
"separate","24-35",2020.5,0.473873931388063,0.41596881282334,0.539839757036178
"separate","24-35",2020.75,0.473873931388063,0.41596881282334,0.539839757036178
"separate","24-35",2021,0.473873931388063,0.41596881282334,0.539839757036178
"separate","24-35",2021.25,0.473873931388063,0.41596881282334,0.539839757036178
"separate","24-35",2021.5,0.473873931388063,0.41596881282334,0.539839757036178
"separate","24-35",2021.75,0.473873931388063,0.41596881282334,0.539839757036178
"separate","24-35",2022,0.473873931388063,0.41596881282334,0.539839757036178
"separate","24-35",2022.25,0.473873931388063,0.41596881282334,0.539839757036178
"separate","24-35",2022.5,0.473873931388063,0.41596881282334,0.539839757036178
"separate","24-35",2022.75,0.473873931388063,0.41596881282334,0.539839757036178
"separate","24-35",2023,0.473873931388063,0.41596881282334,0.539839757036178
"separate","24-35",2023.25,0.473873931388063,0.41596881282334,0.539839757036178
"separate","24-35",2023.5,0.473873931388063,0.41596881282334,0.539839757036178
"separate","24-35",2023.75,0.473873931388063,0.41596881282334,0.539839757036178
"separate","24-35",2023.91666666667,0.473873931388063,0.41596881282334,0.539839757036178
"separate","36-47",2000.5,0.553087114104507,0.480094126301194,0.637177876232833
"separate","36-47",2000.75,0.553087114104507,0.480094126301194,0.637177876232833
"separate","36-47",2001,0.553087114104507,0.480094126301194,0.637177876232833
"separate","36-47",2001.25,0.553087114104507,0.480094126301194,0.637177876232833
"separate","36-47",2001.5,0.553087114104507,0.480094126301194,0.637177876232833
"separate","36-47",2001.75,0.553087114104507,0.480094126301194,0.637177876232833
"separate","36-47",2002,0.553087114104507,0.480094126301194,0.637177876232833
"separate","36-47",2002.25,0.553087114104507,0.480094126301194,0.637177876232833
"separate","36-47",2002.5,0.553087114104507,0.480094126301194,0.637177876232833
"separate","36-47",2002.75,0.553087114104507,0.480094126301194,0.637177876232833
"separate","36-47",2003,0.553087114104507,0.480094126301194,0.637177876232833
"separate","36-47",2003.25,0.553087114104507,0.480094126301194,0.637177876232833
"separate","36-47",2003.5,0.553087114104507,0.480094126301194,0.637177876232833
"separate","36-47",2003.75,0.553087114104507,0.480094126301194,0.637177876232833
"separate","36-47",2004,0.553087114104507,0.480094126301194,0.637177876232833
"separate","36-47",2004.25,0.553087114104507,0.480094126301194,0.637177876232833
"separate","36-47",2004.5,0.553087114104507,0.480094126301194,0.637177876232833
"separate","36-47",2004.75,0.553087114104507,0.480094126301194,0.637177876232833
"separate","36-47",2005,0.553087114104507,0.480094126301194,0.637177876232833
"separate","36-47",2005.25,0.553087114104507,0.480094126301194,0.637177876232833
"separate","36-47",2005.5,0.553087114104507,0.480094126301194,0.637177876232833
"separate","36-47",2005.75,0.553087114104507,0.480094126301194,0.637177876232833
"separate","36-47",2006,0.553087114104507,0.480094126301194,0.637177876232833
"separate","36-47",2006.25,0.553087114104507,0.480094126301194,0.637177876232833
"separate","36-47",2006.5,0.553087114104507,0.480094126301194,0.637177876232833
"separate","36-47",2006.75,0.553087114104507,0.480094126301194,0.637177876232833
"separate","36-47",2007,0.553087114104507,0.480094126301194,0.637177876232833
"separate","36-47",2007.25,0.553087114104507,0.480094126301194,0.637177876232833
"separate","36-47",2007.5,0.553087114104507,0.480094126301194,0.637177876232833
"separate","36-47",2007.75,0.553087114104507,0.480094126301194,0.637177876232833
"separate","36-47",2008,0.553087114104507,0.480094126301194,0.637177876232833
"separate","36-47",2008.25,0.553087114104507,0.480094126301194,0.637177876232833
"separate","36-47",2008.5,0.553087114104507,0.480094126301194,0.637177876232833
"separate","36-47",2008.75,0.553087114104507,0.480094126301194,0.637177876232833
"separate","36-47",2009,0.553087114104507,0.480094126301194,0.637177876232833
"separate","36-47",2009.25,0.553087114104507,0.480094126301194,0.637177876232833
"separate","36-47",2009.5,0.553087114104507,0.480094126301194,0.637177876232833
"separate","36-47",2009.75,0.553087114104507,0.480094126301194,0.637177876232833
"separate","36-47",2010,0.553087114104507,0.480094126301194,0.637177876232833
"separate","36-47",2010.25,0.553087114104507,0.480094126301194,0.637177876232833
"separate","36-47",2010.5,0.553087114104507,0.480094126301194,0.637177876232833
"separate","36-47",2010.75,0.553087114104507,0.480094126301194,0.637177876232833
"separate","36-47",2011,0.553087114104507,0.480094126301194,0.637177876232833
"separate","36-47",2011.25,0.553087114104507,0.480094126301194,0.637177876232833
"separate","36-47",2011.5,0.553087114104507,0.480094126301194,0.637177876232833
"separate","36-47",2011.75,0.553087114104507,0.480094126301194,0.637177876232833
"separate","36-47",2012,0.553087114104507,0.480094126301194,0.637177876232833
"separate","36-47",2012.25,0.553087114104507,0.480094126301194,0.637177876232833
"separate","36-47",2012.5,0.553087114104507,0.480094126301194,0.637177876232833
"separate","36-47",2012.75,0.553087114104507,0.480094126301194,0.637177876232833
"separate","36-47",2013,0.553087114104507,0.480094126301194,0.637177876232833
"separate","36-47",2013.25,0.553087114104507,0.480094126301194,0.637177876232833
"separate","36-47",2013.5,0.553087114104507,0.480094126301194,0.637177876232833
"separate","36-47",2013.75,0.553087114104507,0.480094126301194,0.637177876232833
"separate","36-47",2014,0.553087114104507,0.480094126301194,0.637177876232833
"separate","36-47",2014.25,0.553087114104507,0.480094126301194,0.637177876232833
"separate","36-47",2014.5,0.553087114104507,0.480094126301194,0.637177876232833
"separate","36-47",2014.75,0.553087114104507,0.480094126301194,0.637177876232833
"separate","36-47",2015,0.553087114104507,0.480094126301194,0.637177876232833
"separate","36-47",2015.25,0.553087114104507,0.480094126301194,0.637177876232833
"separate","36-47",2015.5,0.553087114104507,0.480094126301194,0.637177876232833
"separate","36-47",2015.75,0.553087114104507,0.480094126301194,0.637177876232833
"separate","36-47",2016,0.553087114104507,0.480094126301194,0.637177876232833
"separate","36-47",2016.25,0.553087114104507,0.480094126301194,0.637177876232833
"separate","36-47",2016.5,0.553087114104507,0.480094126301194,0.637177876232833
"separate","36-47",2016.75,0.553087114104507,0.480094126301194,0.637177876232833
"separate","36-47",2017,0.553087114104507,0.480094126301194,0.637177876232833
"separate","36-47",2017.25,0.553087114104507,0.480094126301194,0.637177876232833
"separate","36-47",2017.5,0.553087114104507,0.480094126301194,0.637177876232833
"separate","36-47",2017.75,0.553087114104507,0.480094126301194,0.637177876232833
"separate","36-47",2018,0.553087114104507,0.480094126301194,0.637177876232833
"separate","36-47",2018.25,0.553087114104507,0.480094126301194,0.637177876232833
"separate","36-47",2018.5,0.553087114104507,0.480094126301194,0.637177876232833
"separate","36-47",2018.75,0.553087114104507,0.480094126301194,0.637177876232833
"separate","36-47",2019,0.553087114104507,0.480094126301194,0.637177876232833
"separate","36-47",2019.25,0.553087114104507,0.480094126301194,0.637177876232833
"separate","36-47",2019.5,0.553087114104507,0.480094126301194,0.637177876232833
"separate","36-47",2019.75,0.553087114104507,0.480094126301194,0.637177876232833
"separate","36-47",2020,0.553087114104507,0.480094126301194,0.637177876232833
"separate","36-47",2020.25,0.553087114104507,0.480094126301194,0.637177876232833
"separate","36-47",2020.5,0.553087114104507,0.480094126301194,0.637177876232833
"separate","36-47",2020.75,0.553087114104507,0.480094126301194,0.637177876232833
"separate","36-47",2021,0.553087114104507,0.480094126301194,0.637177876232833
"separate","36-47",2021.25,0.553087114104507,0.480094126301194,0.637177876232833
"separate","36-47",2021.5,0.553087114104507,0.480094126301194,0.637177876232833
"separate","36-47",2021.75,0.553087114104507,0.480094126301194,0.637177876232833
"separate","36-47",2022,0.553087114104507,0.480094126301194,0.637177876232833
"separate","36-47",2022.25,0.553087114104507,0.480094126301194,0.637177876232833
"separate","36-47",2022.5,0.553087114104507,0.480094126301194,0.637177876232833
"separate","36-47",2022.75,0.553087114104507,0.480094126301194,0.637177876232833
"separate","36-47",2023,0.553087114104507,0.480094126301194,0.637177876232833
"separate","36-47",2023.25,0.553087114104507,0.480094126301194,0.637177876232833
"separate","36-47",2023.5,0.553087114104507,0.480094126301194,0.637177876232833
"separate","36-47",2023.75,0.553087114104507,0.480094126301194,0.637177876232833
"separate","36-47",2023.91666666667,0.553087114104507,0.480094126301194,0.637177876232833
"separate","48-59",2000.5,0.57381000160338,0.488120219976763,0.67454267302376
"separate","48-59",2000.75,0.57381000160338,0.488120219976763,0.67454267302376
"separate","48-59",2001,0.57381000160338,0.488120219976763,0.67454267302376
"separate","48-59",2001.25,0.57381000160338,0.488120219976763,0.67454267302376
"separate","48-59",2001.5,0.57381000160338,0.488120219976763,0.67454267302376
"separate","48-59",2001.75,0.57381000160338,0.488120219976763,0.67454267302376
"separate","48-59",2002,0.57381000160338,0.488120219976763,0.67454267302376
"separate","48-59",2002.25,0.57381000160338,0.488120219976763,0.67454267302376
"separate","48-59",2002.5,0.57381000160338,0.488120219976763,0.67454267302376
"separate","48-59",2002.75,0.57381000160338,0.488120219976763,0.67454267302376
"separate","48-59",2003,0.57381000160338,0.488120219976763,0.67454267302376
"separate","48-59",2003.25,0.57381000160338,0.488120219976763,0.67454267302376
"separate","48-59",2003.5,0.57381000160338,0.488120219976763,0.67454267302376
"separate","48-59",2003.75,0.57381000160338,0.488120219976763,0.67454267302376
"separate","48-59",2004,0.57381000160338,0.488120219976763,0.67454267302376
"separate","48-59",2004.25,0.57381000160338,0.488120219976763,0.67454267302376
"separate","48-59",2004.5,0.57381000160338,0.488120219976763,0.67454267302376
"separate","48-59",2004.75,0.57381000160338,0.488120219976763,0.67454267302376
"separate","48-59",2005,0.57381000160338,0.488120219976763,0.67454267302376
"separate","48-59",2005.25,0.57381000160338,0.488120219976763,0.67454267302376
"separate","48-59",2005.5,0.57381000160338,0.488120219976763,0.67454267302376
"separate","48-59",2005.75,0.57381000160338,0.488120219976763,0.67454267302376
"separate","48-59",2006,0.57381000160338,0.488120219976763,0.67454267302376
"separate","48-59",2006.25,0.57381000160338,0.488120219976763,0.67454267302376
"separate","48-59",2006.5,0.57381000160338,0.488120219976763,0.67454267302376
"separate","48-59",2006.75,0.57381000160338,0.488120219976763,0.67454267302376
"separate","48-59",2007,0.57381000160338,0.488120219976763,0.67454267302376
"separate","48-59",2007.25,0.57381000160338,0.488120219976763,0.67454267302376
"separate","48-59",2007.5,0.57381000160338,0.488120219976763,0.67454267302376
"separate","48-59",2007.75,0.57381000160338,0.488120219976763,0.67454267302376
"separate","48-59",2008,0.57381000160338,0.488120219976763,0.67454267302376
"separate","48-59",2008.25,0.57381000160338,0.488120219976763,0.67454267302376
"separate","48-59",2008.5,0.57381000160338,0.488120219976763,0.67454267302376
"separate","48-59",2008.75,0.57381000160338,0.488120219976763,0.67454267302376
"separate","48-59",2009,0.57381000160338,0.488120219976763,0.67454267302376
"separate","48-59",2009.25,0.57381000160338,0.488120219976763,0.67454267302376
"separate","48-59",2009.5,0.57381000160338,0.488120219976763,0.67454267302376
"separate","48-59",2009.75,0.57381000160338,0.488120219976763,0.67454267302376
"separate","48-59",2010,0.57381000160338,0.488120219976763,0.67454267302376
"separate","48-59",2010.25,0.57381000160338,0.488120219976763,0.67454267302376
"separate","48-59",2010.5,0.57381000160338,0.488120219976763,0.67454267302376
"separate","48-59",2010.75,0.57381000160338,0.488120219976763,0.67454267302376
"separate","48-59",2011,0.57381000160338,0.488120219976763,0.67454267302376
"separate","48-59",2011.25,0.57381000160338,0.488120219976763,0.67454267302376
"separate","48-59",2011.5,0.57381000160338,0.488120219976763,0.67454267302376
"separate","48-59",2011.75,0.57381000160338,0.488120219976763,0.67454267302376
"separate","48-59",2012,0.57381000160338,0.488120219976763,0.67454267302376
"separate","48-59",2012.25,0.57381000160338,0.488120219976763,0.67454267302376
"separate","48-59",2012.5,0.57381000160338,0.488120219976763,0.67454267302376
"separate","48-59",2012.75,0.57381000160338,0.488120219976763,0.67454267302376
"separate","48-59",2013,0.57381000160338,0.488120219976763,0.67454267302376
"separate","48-59",2013.25,0.57381000160338,0.488120219976763,0.67454267302376
"separate","48-59",2013.5,0.57381000160338,0.488120219976763,0.67454267302376
"separate","48-59",2013.75,0.57381000160338,0.488120219976763,0.67454267302376
"separate","48-59",2014,0.57381000160338,0.488120219976763,0.67454267302376
"separate","48-59",2014.25,0.57381000160338,0.488120219976763,0.67454267302376
"separate","48-59",2014.5,0.57381000160338,0.488120219976763,0.67454267302376
"separate","48-59",2014.75,0.57381000160338,0.488120219976763,0.67454267302376
"separate","48-59",2015,0.57381000160338,0.488120219976763,0.67454267302376
"separate","48-59",2015.25,0.57381000160338,0.488120219976763,0.67454267302376
"separate","48-59",2015.5,0.57381000160338,0.488120219976763,0.67454267302376
"separate","48-59",2015.75,0.57381000160338,0.488120219976763,0.67454267302376
"separate","48-59",2016,0.57381000160338,0.488120219976763,0.67454267302376
"separate","48-59",2016.25,0.57381000160338,0.488120219976763,0.67454267302376
"separate","48-59",2016.5,0.57381000160338,0.488120219976763,0.67454267302376
"separate","48-59",2016.75,0.57381000160338,0.488120219976763,0.67454267302376
"separate","48-59",2017,0.57381000160338,0.488120219976763,0.67454267302376
"separate","48-59",2017.25,0.57381000160338,0.488120219976763,0.67454267302376
"separate","48-59",2017.5,0.57381000160338,0.488120219976763,0.67454267302376
"separate","48-59",2017.75,0.57381000160338,0.488120219976763,0.67454267302376
"separate","48-59",2018,0.57381000160338,0.488120219976763,0.67454267302376
"separate","48-59",2018.25,0.57381000160338,0.488120219976763,0.67454267302376
"separate","48-59",2018.5,0.57381000160338,0.488120219976763,0.67454267302376
"separate","48-59",2018.75,0.57381000160338,0.488120219976763,0.67454267302376
"separate","48-59",2019,0.57381000160338,0.488120219976763,0.67454267302376
"separate","48-59",2019.25,0.57381000160338,0.488120219976763,0.67454267302376
"separate","48-59",2019.5,0.57381000160338,0.488120219976763,0.67454267302376
"separate","48-59",2019.75,0.57381000160338,0.488120219976763,0.67454267302376
"separate","48-59",2020,0.57381000160338,0.488120219976763,0.67454267302376
"separate","48-59",2020.25,0.57381000160338,0.488120219976763,0.67454267302376
"separate","48-59",2020.5,0.57381000160338,0.488120219976763,0.67454267302376
"separate","48-59",2020.75,0.57381000160338,0.488120219976763,0.67454267302376
"separate","48-59",2021,0.57381000160338,0.488120219976763,0.67454267302376
"separate","48-59",2021.25,0.57381000160338,0.488120219976763,0.67454267302376
"separate","48-59",2021.5,0.57381000160338,0.488120219976763,0.67454267302376
"separate","48-59",2021.75,0.57381000160338,0.488120219976763,0.67454267302376
"separate","48-59",2022,0.57381000160338,0.488120219976763,0.67454267302376
"separate","48-59",2022.25,0.57381000160338,0.488120219976763,0.67454267302376
"separate","48-59",2022.5,0.57381000160338,0.488120219976763,0.67454267302376
"separate","48-59",2022.75,0.57381000160338,0.488120219976763,0.67454267302376
"separate","48-59",2023,0.57381000160338,0.488120219976763,0.67454267302376
"separate","48-59",2023.25,0.57381000160338,0.488120219976763,0.67454267302376
"separate","48-59",2023.5,0.57381000160338,0.488120219976763,0.67454267302376
"separate","48-59",2023.75,0.57381000160338,0.488120219976763,0.67454267302376
"separate","48-59",2023.91666666667,0.57381000160338,0.488120219976763,0.67454267302376
"tensor","<1",2000.5,0.9482185924767,0.848850549461344,1.05921884563667
"tensor","<1",2000.75,0.948058335219991,0.85011951047253,1.05728029519109
"tensor","<1",2001,0.947898103946002,0.851382558769727,1.05535497081688
"tensor","<1",2001.25,0.947737898283389,0.852639295509863,1.05344326560214
"tensor","<1",2001.5,0.947577717861058,0.853889299561206,1.05154559478399
"tensor","<1",2001.75,0.947417562308161,0.8551321261042,1.04966239715401
"tensor","<1",2002,0.947257431254103,0.856367305145403,1.04779413655192
"tensor","<1",2002.25,0.947097324328534,0.857594339941837,1.04594130345019
"tensor","<1",2002.5,0.946937241161353,0.858812705333671,1.04410441663167
"tensor","<1",2002.75,0.94677718138271,0.860021845983931,1.04228402496154
"tensor","<1",2003,0.946617144623,0.861221174524967,1.04048070925389
"tensor","<1",2003.25,0.946457130512868,0.862410069612709,1.03869508423172
"tensor","<1",2003.5,0.946297138683208,0.863587873891416,1.03692780057796
"tensor","<1",2003.75,0.94613716876516,0.864753891873618,1.03517954707255
"tensor","<1",2004,0.945977220390114,0.865907387742507,1.03345105280833
"tensor","<1",2004.25,0.945817293189707,0.867047583087045,1.03174308947574
"tensor","<1",2004.5,0.945657386795823,0.868173654583723,1.03005647370202
"tensor","<1",2004.75,0.945497500840595,0.869284731643262,1.02839206942689
"tensor","<1",2005,0.945337634956403,0.870379894045694,1.02675079029117
"tensor","<1",2005.25,0.945177788775875,0.871458169593251,1.02513360200895
"tensor","<1",2005.5,0.945017961931886,0.872518531817435,1.02354152468679
"tensor","<1",2005.75,0.94485815410905,0.873559897670569,1.0219756352907
"tensor","<1",2006,0.944698365590656,0.874581124325668,1.02043707224732
"tensor","<1",2006.25,0.944538597045844,0.875581008146622,1.01892703588648
"tensor","<1",2006.5,0.944378849149732,0.876558284487837,1.01744678762859
"tensor","<1",2006.75,0.944219122576984,0.877511627070221,1.01599765055729
"tensor","<1",2007,0.944059418001803,0.878439647841072,1.01458100953015
"tensor","<1",2007.25,0.943899736097934,0.879340897439751,1.01319831068905
"tensor","<1",2007.5,0.943740077538668,0.880213866387225,1.0118510602523
"tensor","<1",2007.75,0.943580442996837,0.881056987126719,1.01054082246107
"tensor","<1",2008,0.943420833144816,0.881868637049713,1.00926921654601
"tensor","<1",2008.25,0.943261248654523,0.882647142645053,1.00803791257623
"tensor","<1",2008.5,0.943101690197421,0.883390784907916,1.00684862605392
"tensor","<1",2008.75,0.942942158444515,0.884097806138228,1.005703111125
"tensor","<1",2009,0.942782654066356,0.884766418243472,1.00460315229077
"tensor","<1",2009.25,0.942623177733035,0.885394812637178,1.00355055452944
"tensor","<1",2009.5,0.942463730114193,0.885981171790504,1.00254713176996
"tensor","<1",2009.75,0.942304311879009,0.88652368244929,1.00159469370584
"tensor","<1",2010,0.942144923696212,0.887020550472699,1.00069503099281
"tensor","<1",2010.25,0.941985566227692,0.887470017145343,0.999849898969582
"tensor","<1",2010.5,0.94182623975209,0.887870374667082,0.999061001689764
"tensor","<1",2010.75,0.941666943954619,0.888219983866223,0.998329973929504
"tensor","<1",2011,0.941507678469679,0.888517297533626,0.997658358568778
"tensor","<1",2011.25,0.941348442931914,0.888760881386844,0.997047585653849
"tensor","<1",2011.5,0.941189236976214,0.888949434524956,0.996498951904108
"tensor","<1",2011.75,0.94103006023771,0.889081809083385,0.996013601025028
"tensor","<1",2012,0.940870912351781,0.889157028473487,0.995592505442439
"tensor","<1",2012.25,0.940711792954047,0.88917430358983,0.995236450075186
"tensor","<1",2012.5,0.940552701680373,0.889133046400943,0.994946018730398
"tensor","<1",2012.75,0.940393638166867,0.889032880408065,0.994721583636823
"tensor","<1",2013,0.940234602049883,0.888873647559179,0.994563298528934
"tensor","<1",2013.25,0.940075592966015,0.888655411336986,0.994471095563139
"tensor","<1",2013.5,0.939916610552103,0.888378455891,0.994444686195934
"tensor","<1",2013.75,0.939757654445229,0.888043281245043,0.994483565992667
"tensor","<1",2014,0.93959872428272,0.887650594770405,0.994587023176689
"tensor","<1",2014.25,0.939439819702144,0.887201299260171,0.994754150583351
"tensor","<1",2014.5,0.939280940341313,0.8866964780619,0.994983860561666
"tensor","<1",2014.75,0.939122085838283,0.886137377816527,0.995274902275766
"tensor","<1",2015,0.938963255603438,0.885525388407073,0.99562588144352
"tensor","<1",2015.25,0.938804448136066,0.884862020004264,0.996035282241875
"tensor","<1",2015.5,0.938645661708631,0.884148886143198,0.996501485273303
"tensor","<1",2015.75,0.938486894594765,0.883387684807962,0.997022786793312
"tensor","<1",2016,0.93832814506927,0.882580178922505,0.997597418179097
"tensor","<1",2016.25,0.938169411408109,0.881728177681879,0.998223564563673
"tensor","<1",2016.5,0.938010691888414,0.88083351905473,0.998899382304628
"tensor","<1",2016.75,0.937851984788485,0.879898053702627,0.999623015041879
"tensor","<1",2017,0.937693288387784,0.878923630479977,1.00039260818068
"tensor","<1",2017.25,0.93753460096694,0.877912083603615,1.0012063217108
"tensor","<1",2017.5,0.937375920807749,0.87686522151645,1.00206234133747
"tensor","<1",2017.75,0.937217246193169,0.875784817416036,1.00295888795323
"tensor","<1",2018,0.937058575407325,0.874672601376921,1.00389422552178
"tensor","<1",2018.25,0.936899906735507,0.873530253964747,1.00486666747598
"tensor","<1",2018.5,0.93674123846417,0.872359401219161,1.00587458175273
"tensor","<1",2018.75,0.936582568880932,0.87116161087039,1.00691639460007
"tensor","<1",2019,0.936423896274579,0.869938389649338,1.00799059329653
"tensor","<1",2019.25,0.936265218935059,0.868691181551684,1.00909572792222
"tensor","<1",2019.5,0.936106535329767,0.867421366928773,1.0102304126883
"tensor","<1",2019.75,0.935947845976059,0.866130262419734,1.01139333007476
"tensor","<1",2020,0.9357891527126,0.864819121690601,1.0125832285284
"tensor","<1",2020.25,0.935630457398842,0.863489136734056,1.01379891833194
"tensor","<1",2020.5,0.93547176189298,0.862141439546179,1.01503926984394
"tensor","<1",2020.75,0.935313068051953,0.86077710405847,1.01630321153307
"tensor","<1",2021,0.935154377731444,0.859397148255203,1.0175897278293
"tensor","<1",2021.25,0.934995692785882,0.858002536417264,1.01889785685086
"tensor","<1",2021.5,0.93483701506844,0.856594181443208,1.02022668805626
"tensor","<1",2021.75,0.934678346431035,0.855172947206727,1.02157535986211
"tensor","<1",2022,0.934519688724331,0.853739650917264,1.02294305726003
"tensor","<1",2022.25,0.934361043797734,0.852295065457025,1.02432900945947
"tensor","<1",2022.5,0.934202413499397,0.850839921673293,1.02573248757739
"tensor","<1",2022.75,0.93404379967622,0.849374910609718,1.02715280239125
"tensor","<1",2023,0.933885204173845,0.847900685664353,1.02858930216748
"tensor","<1",2023.25,0.933726628836664,0.846417864665553,1.0300413705743
"tensor","<1",2023.5,0.933568075507815,0.844927031859706,1.03150842468498
"tensor","<1",2023.75,0.93340954602918,0.843428739807044,1.0329899130752
"tensor","<1",2023.91666666667,0.933303873869216,0.842425993701875,1.03398533223269
"tensor","1-5",2000.5,0.911736813698078,0.755107921231021,1.10085458525869
"tensor","1-5",2000.75,0.911412812332817,0.759791615302343,1.09329097314909
"tensor","1-5",2001,0.911068961108945,0.764251792006713,1.08609055363372
"tensor","1-5",2001.25,0.91069863033664,0.768457845173252,1.07926804379237
"tensor","1-5",2001.5,0.910295203116513,0.772381601066938,1.07283414787753
"tensor","1-5",2001.75,0.909852077509269,0.775998185732961,1.06679476597747
"tensor","1-5",2002,0.909362669184332,0.779286912523383,1.06115020131464
"tensor","1-5",2002.25,0.908820414544796,0.782232129081004,1.05589442722551
"tensor","1-5",2002.5,0.90821877432547,0.784823950573063,1.05101448730631
"tensor","1-5",2002.75,0.907551237660078,0.787058801046743,1.0464901070707
"tensor","1-5",2003,0.906811326612949,0.788939690626286,1.04229358954011
"tensor","1-5",2003.25,0.905992601169608,0.790476174130935,1.03839004923393
"tensor","1-5",2003.5,0.905088664679755,0.791683964827366,1.03473801077986
"tensor","1-5",2003.75,0.904093169745057,0.792584210606408,1.03129036465953
"tensor","1-5",2004,0.90299982454304,0.793202472034506,1.02799564029761
"tensor","1-5",2004.25,0.901802399577156,0.793567465568526,1.02479953270324
"tensor","1-5",2004.5,0.900494734841813,0.793709645864154,1.02164660805522
"tensor","1-5",2004.75,0.899070747389754,0.793659697009908,1.01848211753391
"tensor","1-5",2005,0.897524439287779,0.793446985506201,1.01525386551809
"tensor","1-5",2005.25,0.895849905945236,0.793098002025949,1.01191410384593
"tensor","1-5",2005.5,0.8940413447982,0.792634789417896,1.00842145320871
"tensor","1-5",2005.75,0.892093770538011,0.792072622889048,1.00474536353746
"tensor","1-5",2006,0.890010502070577,0.79141151836918,1.00089356221173
"tensor","1-5",2006.25,0.887800169549707,0.790640768292965,0.996899189443811
"tensor","1-5",2006.5,0.88547147110923,0.789746415278231,0.992799347968064
"tensor","1-5",2006.75,0.883033073017475,0.788713303939985,0.988632249700226
"tensor","1-5",2007,0.880493599108029,0.787526923030609,0.984434887745518
"tensor","1-5",2007.25,0.877861621019722,0.786175105840452,0.980240941152071
"tensor","1-5",2007.5,0.875145649244856,0.784649540672328,0.976078959704679
"tensor","1-5",2007.75,0.872354124982323,0.782947023310676,0.971970895496599
"tensor","1-5",2008,0.869495412790033,0.781070374657534,0.96793105639731
"tensor","1-5",2008.25,0.866577794029088,0.779028952983978,0.96396554996816
"tensor","1-5",2008.5,0.863609461090397,0.776838711863542,0.960072264544735
"tensor","1-5",2008.75,0.86059851239278,0.774521787663788,0.956241401247923
"tensor","1-5",2009,0.857552948140319,0.77210563649625,0.952456534576437
"tensor","1-5",2009.25,0.854480666825449,0.76962177017953,0.948696149549076
"tensor","1-5",2009.5,0.851389462463385,0.767104155816052,0.944935588339467
"tensor","1-5",2009.75,0.848287022542624,0.764587339496449,0.941149343498348
"tensor","1-5",2010,0.845180926675697,0.76210433146752,0.937313658145549
"tensor","1-5",2010.25,0.842078668620956,0.759684090342246,0.933409680630519
"tensor","1-5",2010.5,0.838988989493372,0.757339538277314,0.929441140881466
"tensor","1-5",2010.75,0.835922596810359,0.755061573402373,0.92544318565898
"tensor","1-5",2011,0.832890220856241,0.752834921841067,0.921458476317081
"tensor","1-5",2011.25,0.829902436235488,0.750641934694647,0.917532077327614
"tensor","1-5",2011.5,0.826969666948437,0.748464853785393,0.913708675289244
"tensor","1-5",2011.75,0.824102192790444,0.746287851873884,0.910030121027331
"tensor","1-5",2012,0.821310157042695,0.744098825678202,0.906533313564477
"tensor","1-5",2012.25,0.818603575425434,0.741890883562756,0.903248481072109
"tensor","1-5",2012.5,0.815992346287324,0.739663449430441,0.900197934225637
"tensor","1-5",2012.75,0.813486262008085,0.737422905892778,0.897395365926031
"tensor","1-5",2013,0.811095021595355,0.735182723883409,0.894845747437749
"tensor","1-5",2013.25,0.808828244460977,0.732963066625733,0.892545830514372
"tensor","1-5",2013.5,0.806695485366549,0.730789901801224,0.890485219495794
"tensor","1-5",2013.75,0.804706250533138,0.72869369345001,0.888647940098476
"tensor","1-5",2014,0.802870014915506,0.726707763775252,0.887014413471686
"tensor","1-5",2014.25,0.801196240647077,0.724866409852709,0.885563749819011
"tensor","1-5",2014.5,0.799694396668167,0.723202833216139,0.884276303535079
"tensor","1-5",2014.75,0.798373979556713,0.721746898302285,0.883136474479539
"tensor","1-5",2015,0.797242134330281,0.720516106144979,0.882138532824984
"tensor","1-5",2015.25,0.796296496579247,0.719494542546123,0.881296622793681
"tensor","1-5",2015.5,0.795532444453773,0.718654704786938,0.880634143160901
"tensor","1-5",2015.75,0.794945497394543,0.717966643842798,0.880177859580652
"tensor","1-5",2016,0.794531306617357,0.717400139710584,0.879955219202713
"tensor","1-5",2016.25,0.794285645971933,0.716926587986835,0.879992035402983
"tensor","1-5",2016.5,0.794204403153116,0.716520594811146,0.880310543138049
"tensor","1-5",2016.75,0.79428357124415,0.716161243778398,0.880927859513684
"tensor","1-5",2017,0.794519240573085,0.715832982494082,0.881854900624184
"tensor","1-5",2017.25,0.794907590864728,0.715526080356,0.883095802322097
"tensor","1-5",2017.5,0.795444883671786,0.715236630610785,0.88464787159921
"tensor","1-5",2017.75,0.79612745507004,0.714966101960755,0.88650206349376
"tensor","1-5",2018,0.796951708603533,0.71472047847437,0.888643945395036
"tensor","1-5",2018.25,0.797914108466797,0.714509052092451,0.891055085482646
"tensor","1-5",2018.5,0.799011172912191,0.714342943686709,0.893714790746933
"tensor","1-5",2018.75,0.800239467871382,0.714233425267493,0.896602123737401
"tensor","1-5",2019,0.801595600780914,0.714190100885959,0.899698142545268
"tensor","1-5",2019.25,0.803076214602712,0.714218983258483,0.902988329319179
"tensor","1-5",2019.5,0.804677864571113,0.714319194681658,0.906466563619773
"tensor","1-5",2019.75,0.806395760645547,0.714467792363192,0.910151765744747
"tensor","1-5",2020,0.808224233027208,0.71462634596109,0.914081064243307
"tensor","1-5",2020.25,0.810157586460197,0.714752860325791,0.918296870613207
"tensor","1-5",2020.5,0.812190106797049,0.714804161586694,0.9228440529987
"tensor","1-5",2020.75,0.814316053333886,0.714737999283689,0.927767427199682
"tensor","1-5",2021,0.816529651566668,0.71451498063632,0.933109437808886
"tensor","1-5",2021.25,0.818825086368272,0.714100258383355,0.938908107362808
"tensor","1-5",2021.5,0.821196495587656,0.713464883548018,0.94519534165701
"tensor","1-5",2021.75,0.823637964073735,0.712586748385446,0.95199566565134
"tensor","1-5",2022,0.826143518127949,0.711451079103102,0.959325430225283
"tensor","1-5",2022.25,0.828707120390703,0.71005048358245,0.967192484570017
"tensor","1-5",2022.5,0.831322665168002,0.708384604500065,0.97559626399527
"tensor","1-5",2022.75,0.833983974205665,0.706459462507898,0.984528208827126
"tensor","1-5",2023,0.836684792919447,0.704286591505855,0.993972412858066
"tensor","1-5",2023.25,0.839418787090256,0.701882068014384,1.00390639999316
"tensor","1-5",2023.5,0.842179540034437,0.699265523055419,1.01430194149069
"tensor","1-5",2023.75,0.844960550259739,0.696459203656594,1.02512584764014
"tensor","1-5",2023.91666666667,0.846822561325195,0.694494704496847,1.03256143743947
"tensor","6-11",2000.5,0.678959399318171,0.54727280837702,0.842332852767857
"tensor","6-11",2000.75,0.680374194555572,0.552061706378559,0.838509607293279
"tensor","6-11",2001,0.681779300967776,0.556740323793031,0.834900932020343
"tensor","6-11",2001.25,0.683170425524819,0.561290278243105,0.831515970261677
"tensor","6-11",2001.5,0.684543241507871,0.565694266326882,0.828361674119086
"tensor","6-11",2001.75,0.685893389521585,0.569936455027879,0.825442446502912
"tensor","6-11",2002,0.687216478782127,0.574002882968416,0.82275978522514
"tensor","6-11",2002.25,0.688508088684131,0.577881851388307,0.820311949656543
"tensor","6-11",2002.5,0.689763770649602,0.581564280580244,0.818093674573796
"tensor","6-11",2002.75,0.690979050261454,0.585044004936064,0.816095958375643
"tensor","6-11",2003,0.692149429684035,0.58831797952627,0.814305953045487
"tensor","6-11",2003.25,0.693270390372602,0.591386373755698,0.812706980573627
"tensor","6-11",2003.5,0.694337396073222,0.594252533146674,0.811278694990012
"tensor","6-11",2003.75,0.695345896114098,0.596922798137407,0.809997401257607
"tensor","6-11",2004,0.696291328988739,0.5994061778167,0.808836533168271
"tensor","6-11",2004.25,0.697169126230802,0.601713885241088,0.807767283573117
"tensor","6-11",2004.5,0.697974716579759,0.603858747841665,0.806759373323402
"tensor","6-11",2004.75,0.698703530435837,0.605854510175218,0.805781941447157
"tensor","6-11",2005,0.69935100460191,0.60771504623702,0.804804539012426
"tensor","6-11",2005.25,0.699912587309224,0.609453494757506,0.803798212805077
"tensor","6-11",2005.5,0.700383743522971,0.611081324033646,0.802736671697469
"tensor","6-11",2005.75,0.700760233348018,0.61260682848317,0.801598809888975
"tensor","6-11",2006,0.701041018342302,0.614029075005803,0.800383124192884
"tensor","6-11",2006.25,0.701227145164831,0.615340471260316,0.799101525223748
"tensor","6-11",2006.5,0.701319734495789,0.616531539797066,0.79776838368259
"tensor","6-11",2006.75,0.701319945397479,0.617592035830248,0.79639897744328
"tensor","6-11",2007,0.701228973753623,0.618511957291378,0.79500819318827
"tensor","6-11",2007.25,0.701048050704372,0.619282487615817,0.793609345047864
"tensor","6-11",2007.5,0.7007784410792,0.619896840578727,0.792213141500962
"tensor","6-11",2007.75,0.700421441829753,0.620350970361148,0.790826837732299
"tensor","6-11",2008,0.69997838046471,0.620644107956563,0.789453612523926
"tensor","6-11",2008.25,0.699450613488636,0.620779088304646,0.788092205305633
"tensor","6-11",2008.5,0.698839524846735,0.62076244124616,0.786736840114892
"tensor","6-11",2008.75,0.698146524377379,0.620604232198116,0.785377450253383
"tensor","6-11",2009,0.697373046274198,0.620317652783609,0.784000202940227
"tensor","6-11",2009.25,0.696520547559462,0.619918374312937,0.782588310453324
"tensor","6-11",2009.5,0.695590506570429,0.619423684996026,0.781123106124059
"tensor","6-11",2009.75,0.69458442146025,0.618851433038087,0.779585362139055
"tensor","6-11",2010,0.693503808714955,0.618218791735738,0.777956832000884
"tensor","6-11",2010.25,0.692350248576153,0.617540785027793,0.776222199934352
"tensor","6-11",2010.5,0.691128144691761,0.616824934700138,0.774381976982308
"tensor","6-11",2010.75,0.689846238163904,0.616068604301652,0.77245915306516
"tensor","6-11",2011,0.688513597967816,0.615265729545532,0.770481682665385
"tensor","6-11",2011.25,0.68713923808488,0.614408804221079,0.768479112395622
"tensor","6-11",2011.5,0.685732111545198,0.613490208376322,0.766480902847257
"tensor","6-11",2011.75,0.684301105638926,0.612503391969174,0.764514955048972
"tensor","6-11",2012,0.682855038283747,0.611443896456014,0.762606358510019
"tensor","6-11",2012.25,0.681402655534315,0.610310185299358,0.76077638904465
"tensor","6-11",2012.5,0.679952630218412,0.609104249224989,0.759041789528151
"tensor","6-11",2012.75,0.678513561683885,0.607831954853654,0.757414363810135
"tensor","6-11",2013,0.677093976640133,0.606503115848389,0.75590090342908
"tensor","6-11",2013.25,0.675702331077998,0.605131281720771,0.754503450765119
"tensor","6-11",2013.5,0.674347013252441,0.603733257128163,0.753219884631854
"tensor","6-11",2013.75,0.673036347713208,0.602328379529933,0.752044799377786
"tensor","6-11",2014,0.671778600369962,0.600937591828658,0.750970639965719
"tensor","6-11",2014.25,0.670581984579911,0.59958234718471,0.74998905513908
"tensor","6-11",2014.5,0.669454668247959,0.598283375744075,0.749092438481353
"tensor","6-11",2014.75,0.668404781931669,0.59705932962844,0.74827564085993
"tensor","6-11",2015,0.667438926434894,0.595921337636166,0.747539469366247
"tensor","6-11",2015.25,0.666557694142243,0.594860359453169,0.746896565823701
"tensor","6-11",2015.5,0.665760206611466,0.5938604254102,0.746365027440889
"tensor","6-11",2015.75,0.665045619721088,0.592904183747416,0.745964842944379
"tensor","6-11",2016,0.664413122801675,0.591974232070052,0.745716238707558
"tensor","6-11",2016.25,0.663861937795479,0.591054252060732,0.745638274180428
"tensor","6-11",2016.5,0.663391318443405,0.590129940482629,0.745747692493215
"tensor","6-11",2016.75,0.663000549498292,0.58918971927821,0.746058042515634
"tensor","6-11",2017,0.662688945963515,0.588225205088738,0.746579091312458
"tensor","6-11",2017.25,0.662455852355973,0.587231423903507,0.747316540731971
"tensor","6-11",2017.5,0.662300641992544,0.58620676813293,0.748272050458938
"tensor","6-11",2017.75,0.662222716299136,0.585152708133139,0.749443555310054
"tensor","6-11",2018,0.662221504141484,0.584073284468555,0.750825850469145
"tensor","6-11",2018.25,0.662296461176871,0.582974417807361,0.752411407926223
"tensor","6-11",2018.5,0.662447069225992,0.5818630784102,0.754191382490051
"tensor","6-11",2018.75,0.66267283566419,0.5807463564526,0.756156766629772
"tensor","6-11",2019,0.662973292831348,0.579630469158628,0.758299658825134
"tensor","6-11",2019.25,0.663347997459693,0.578519733116821,0.760614617868063
"tensor","6-11",2019.5,0.663796359225581,0.57741470725265,0.763100767934438
"tensor","6-11",2019.75,0.664315822375297,0.576302893305152,0.765770078521003
"tensor","6-11",2020,0.664902562295251,0.575163122645838,0.76864353770298
"tensor","6-11",2020.25,0.66555274013569,0.573973013912161,0.771744383734937
"tensor","6-11",2020.5,0.666262520297657,0.572710267403537,0.775096538719125
"tensor","6-11",2020.75,0.667028066802406,0.571353708586304,0.778723293847228
"tensor","6-11",2021,0.667845539888611,0.569884172855791,0.782646169859457
"tensor","6-11",2021.25,0.66871109283603,0.56828521623542,0.786883967603883
"tensor","6-11",2021.5,0.669620869014878,0.56654363873551,0.791452021632479
"tensor","6-11",2021.75,0.670570999160611,0.564649814219028,0.796361662736392
"tensor","6-11",2022,0.671557598874356,0.562597831003713,0.801619885027454
"tensor","6-11",2022.25,0.672576766349607,0.560385458706687,0.807229201980534
"tensor","6-11",2022.5,0.673624580326226,0.558013966713865,0.813187666057767
"tensor","6-11",2022.75,0.674697098273149,0.555487826437343,0.81948901983643
"tensor","6-11",2023,0.675790354801503,0.552814332414287,0.82612294375264
"tensor","6-11",2023.25,0.676900360310137,0.550003176410392,0.833075366543167
"tensor","6-11",2023.5,0.678023099865809,0.547066004806127,0.840328808430635
"tensor","6-11",2023.75,0.67915453232048,0.544015983787377,0.847862732929782
"tensor","6-11",2023.91666666667,0.679911642239145,0.541926958482228,0.853029793068489
"tensor","12-23",2000.5,0.547042001798728,0.415542269738431,0.720155261028752
"tensor","12-23",2000.75,0.547307794853047,0.418830232114963,0.715196276052691
"tensor","12-23",2001,0.547571112721989,0.422057692177219,0.710410280501887
"tensor","12-23",2001.25,0.547831083189549,0.425215686127945,0.705803914341792
"tensor","12-23",2001.5,0.548086832443229,0.428295775078389,0.701382533700388
"tensor","12-23",2001.75,0.548337485134229,0.431290191720625,0.697150093777456
"tensor","12-23",2002,0.548582164451598,0.434191989093634,0.693109036356499
"tensor","12-23",2002.25,0.548819992210382,0.436995186159422,0.689260187273367
"tensor","12-23",2002.5,0.549050088953799,0.439694903861013,0.685602670244874
"tensor","12-23",2002.75,0.549271574069477,0.442287484476214,0.682133844320857
"tensor","12-23",2003,0.549483565919782,0.444770586525188,0.678849272778564
"tensor","12-23",2003.25,0.54968518198624,0.447143247338173,0.675742731426575
"tensor","12-23",2003.5,0.549875539028095,0.449405905708438,0.67280626396041
"tensor","12-23",2003.75,0.55005375325498,0.451560377854603,0.670030291203518
"tensor","12-23",2004,0.550218940513725,0.453609781133734,0.667403779837789
"tensor","12-23",2004.25,0.550370216489277,0.455558401445638,0.664914474713293
"tensor","12-23",2004.5,0.550506696919725,0.457411501849702,0.662549197228203
"tensor","12-23",2004.75,0.550627497825398,0.459175071342603,0.660294210822347
"tensor","12-23",2005,0.550731735752004,0.460855513785827,0.658135653564882
"tensor","12-23",2005.25,0.550818528027758,0.462459277441719,0.656060037322749
"tensor","12-23",2005.5,0.550886993034451,0.463992425385244,0.654054813163316
"tensor","12-23",2005.75,0.550936254345286,0.465459814698643,0.652109477052345
"tensor","12-23",2006,0.550965481963947,0.4668611104179,0.650221137597083
"tensor","12-23",2006.25,0.550973876744581,0.46819217780826,0.648392321025225
"tensor","12-23",2006.5,0.550960642278558,0.469447970126884,0.646626780083753
"tensor","12-23",2006.75,0.550924984719594,0.470623050772393,0.644928756231014
"tensor","12-23",2007,0.550866113101423,0.47171206159247,0.6433023432537
"tensor","12-23",2007.25,0.550783239666301,0.47271016587732,0.641750905725256
"tensor","12-23",2007.5,0.550675580204209,0.473613450708881,0.640276567693257
"tensor","12-23",2007.75,0.550542354402568,0.474419271569754,0.638879788732526
"tensor","12-23",2008,0.550382786206332,0.475126521525991,0.637559045071481
"tensor","12-23",2008.25,0.55019610418822,0.475735808259383,0.636310632515697
"tensor","12-23",2008.5,0.549981541928926,0.476249524832002,0.635128605260486
"tensor","12-23",2008.75,0.549738338407062,0.476671804063365,0.63400486065751
"tensor","12-23",2009,0.549465738398617,0.477008351196022,0.632929375171188
"tensor","12-23",2009.25,0.549162992885668,0.477266154289835,0.63189059195679
"tensor","12-23",2009.5,0.5488293594741,0.477453075631123,0.63087595660074
"tensor","12-23",2009.75,0.548464102820026,0.477577329629318,0.629872595325366
"tensor","12-23",2010,0.548066495064651,0.477646852791641,0.628868129784332
"tensor","12-23",2010.25,0.547635787990764,0.477668490343673,0.6278516635512
"tensor","12-23",2010.5,0.547169546110823,0.477642531336437,0.62681711227311
"tensor","12-23",2010.75,0.54666272313429,0.477559784066487,0.625764863029153
"tensor","12-23",2011,0.546110074473934,0.477408876098609,0.624697671897337
"tensor","12-23",2011.25,0.545506387905407,0.477177640343326,0.623619369573769
"tensor","12-23",2011.5,0.544846488251958,0.476853807887208,0.622533973411633
"tensor","12-23",2011.75,0.544125242555814,0.476425627603803,0.621444906470559
"tensor","12-23",2012,0.543337565726757,0.475882399764548,0.62035433644098
"tensor","12-23",2012.25,0.542478426656982,0.475214908442068,0.619262649719899
"tensor","12-23",2012.5,0.541542854789746,0.474415737217342,0.618168076156111
"tensor","12-23",2012.75,0.540525947127626,0.473479454966546,0.617066477655004
"tensor","12-23",2013,0.53942287566445,0.472402663157737,0.615951309091047
"tensor","12-23",2013.25,0.538228895223032,0.471183902438387,0.614813753512911
"tensor","12-23",2013.5,0.536939351678924,0.469823423262208,0.61364302652165
"tensor","12-23",2013.75,0.53554969054829,0.468322831684256,0.612426838159664
"tensor","12-23",2014,0.534055465915929,0.46668462622233,0.611151995692276
"tensor","12-23",2014.25,0.532452349677263,0.46491164424707,0.609805127888286
"tensor","12-23",2014.5,0.530736141065897,0.463006436692823,0.608373510842567
"tensor","12-23",2014.75,0.5289027764361,0.46097058850532,0.606845976505477
"tensor","12-23",2015,0.526950560737594,0.458804640314567,0.605218145290081
"tensor","12-23",2015.25,0.524886772253928,0.456509687441534,0.60350553617207
"tensor","12-23",2015.5,0.522720873150096,0.454086182293515,0.601729631689566
"tensor","12-23",2015.75,0.520462254094067,0.451534133873654,0.599912470875289
"tensor","12-23",2016,0.51812021791049,0.448853797223324,0.598075725031796
"tensor","12-23",2016.25,0.515703964832222,0.446046228913218,0.596239945782427
"tensor","12-23",2016.5,0.51322257933736,0.443113704994352,0.594423988635265
"tensor","12-23",2016.75,0.510685018553013,0.440059999067076,0.59264461375127
"tensor","12-23",2017,0.508100102201283,0.436890521462518,0.590916262025389
"tensor","12-23",2017.25,0.505476504057966,0.433612325435489,0.589250999491424
"tensor","12-23",2017.5,0.502822744890173,0.43023399183079,0.587658617356123
"tensor","12-23",2017.75,0.500147186835505,0.42676540886207,0.586146869697016
"tensor","12-23",2018,0.497458029182514,0.423217467519286,0.584721826933748
"tensor","12-23",2018.25,0.49476330550994,0.419601695116135,0.583388321182474
"tensor","12-23",2018.5,0.492070882140613,0.415929849450167,0.582150459676617
"tensor","12-23",2018.75,0.489388457864917,0.412213494226246,0.581012184331718
"tensor","12-23",2019,0.486723564888292,0.408463573326136,0.579977858707161
"tensor","12-23",2019.25,0.484083570957396,0.404689997859878,0.579052867404948
"tensor","12-23",2019.5,0.481475259886056,0.400900644523425,0.578244083787697
"tensor","12-23",2019.75,0.478900379637285,0.397094770615466,0.577558785932305
"tensor","12-23",2020,0.476357501927253,0.393266369228322,0.577004512457128
"tensor","12-23",2020.25,0.473845174489473,0.389409382096996,0.576589213587648
"tensor","12-23",2020.5,0.471361973403015,0.385518216380534,0.5763206523841
"tensor","12-23",2020.75,0.468906502334968,0.381588086668211,0.576205902683729
"tensor","12-23",2021,0.466477391823829,0.377615267308938,0.576250951486919
"tensor","12-23",2021.25,0.464073298602516,0.373597262175491,0.57646039808144
"tensor","12-23",2021.5,0.461692904959769,0.369532899611173,0.576837241594674
"tensor","12-23",2021.75,0.459334918138758,0.365422361219113,0.577382747781621
"tensor","12-23",2022,0.456998069771714,0.361267154062755,0.578096384978285
"tensor","12-23",2022.25,0.454681115349507,0.357070036507507,0.5789758185188
"tensor","12-23",2022.5,0.452382833725075,0.352834908183809,0.580016952694817
"tensor","12-23",2022.75,0.45010202664966,0.348566674320875,0.581214009597584
"tensor","12-23",2023,0.447837518340871,0.344271094005898,0.582559634908745
"tensor","12-23",2023.25,0.445588155081565,0.339954620850121,0.58404502181051
"tensor","12-23",2023.5,0.443352804848614,0.335624243214165,0.585660045545949
"tensor","12-23",2023.75,0.441130356970637,0.331287329694135,0.587393402641462
"tensor","12-23",2023.91666666667,0.439655354079282,0.328396172358365,0.588608658202149
"tensor","24-35",2000.5,0.586103327603015,0.460246185401514,0.746376877252436
"tensor","24-35",2000.75,0.58407655136175,0.460389363769639,0.740993265042785
"tensor","24-35",2001,0.582056785204836,0.460522432685405,0.735664708508185
"tensor","24-35",2001.25,0.580044005341567,0.460644887649557,0.730391364700541
"tensor","24-35",2001.5,0.578038188058783,0.46075619527493,0.725173422041365
"tensor","24-35",2001.75,0.576039309720634,0.46085579148585,0.720011102114168
"tensor","24-35",2002,0.574047346768346,0.460943079617562,0.714904661558614
"tensor","24-35",2002.25,0.572062275719989,0.461017428415202,0.709854394066854
"tensor","24-35",2002.5,0.570084073170236,0.461078169933257,0.704860632481065
"tensor","24-35",2002.75,0.568112715790142,0.461124597338174,0.699923750989485
"tensor","24-35",2003,0.5661481803269,0.461155962619036,0.695044167415973
"tensor","24-35",2003.25,0.564190443603616,0.4611714742139,0.690222345595484
"tensor","24-35",2003.5,0.562239482519078,0.46117029456275,0.68545879782443
"tensor","24-35",2003.75,0.560295274047523,0.461151537602052,0.680754087370935
"tensor","24-35",2004,0.558357795238408,0.461114266220729,0.676108831025104
"tensor","24-35",2004.25,0.556427023216182,0.461057489703152,0.671523701663673
"tensor","24-35",2004.5,0.554502935180057,0.460980161191555,0.666999430796614
"tensor","24-35",2004.75,0.552585508403779,0.4608811752082,0.662536811055308
"tensor","24-35",2005,0.550674720235404,0.460759365286823,0.658136698572739
"tensor","24-35",2005.25,0.548770548097065,0.460613501773375,0.653800015195647
"tensor","24-35",2005.5,0.546872969484752,0.46044228986794,0.649527750456735
"tensor","24-35",2005.75,0.544981961954103,0.460244367894904,0.645320963326083
"tensor","24-35",2006,0.543097502972365,0.460018305085366,0.64118078449092
"tensor","24-35",2006.25,0.541219569978254,0.459762601493865,0.637108416334196
"tensor","24-35",2006.5,0.539348140485564,0.459475688998629,0.633105131806231
"tensor","24-35",2006.75,0.537483192084662,0.459155932424071,0.629172273237024
"tensor","24-35",2007,0.53562470244224,0.458801631642866,0.625311250178067
"tensor","24-35",2007.25,0.53377264930105,0.458411024843631,0.621523536086526
"tensor","24-35",2007.5,0.531927010479657,0.457982293147695,0.617810663668122
"tensor","24-35",2007.75,0.530087763872185,0.45751356676328,0.614174218690219
"tensor","24-35",2008,0.52825488744806,0.457002932863505,0.610615832078496
"tensor","24-35",2008.25,0.526428359251763,0.456448445363766,0.607137170121473
"tensor","24-35",2008.5,0.524608157402577,0.45584813675197,0.603739922629259
"tensor","24-35",2008.75,0.522794260094337,0.455200032089454,0.600425788928493
"tensor","24-35",2009,0.520986645595183,0.454502165249374,0.597196461626527
"tensor","24-35",2009.25,0.519185292247309,0.453752597391413,0.594053608145857
"tensor","24-35",2009.5,0.517390178466713,0.45294943758649,0.590998850114924
"tensor","24-35",2009.75,0.515601282742958,0.452090865403794,0.588033740802835
"tensor","24-35",2010,0.513818583638919,0.45117515515761,0.585159740900355
"tensor","24-35",2010.25,0.512042059786582,0.450200701368728,0.582378193088923
"tensor","24-35",2010.5,0.510271689654206,0.44916604379452,0.579690296850831
"tensor","24-35",2010.75,0.50850745142048,0.448069893113458,0.577097082674723
"tensor","24-35",2011,0.506749323313451,0.44691115841296,0.574599384787241
"tensor","24-35",2011.25,0.504997283641979,0.445688971681574,0.57219781661544
"tensor","24-35",2011.5,0.503251310795415,0.44440270968364,0.569892748848436
"tensor","24-35",2011.75,0.501511383243285,0.443052012505278,0.567684290836162
"tensor","24-35",2012,0.499777479534981,0.441636797979114,0.565572276117605
"tensor","24-35",2012.25,0.498049578299442,0.440157271321775,0.563556252744293
"tensor","24-35",2012.5,0.496327658244847,0.43861392949447,0.561635478888546
"tensor","24-35",2012.75,0.494611698158301,0.437007560012562,0.559808924010389
"tensor","24-35",2013,0.492901676905529,0.435339234169438,0.558075275617642
"tensor","24-35",2013.25,0.491197573430566,0.433610294885228,0.55643295140845
"tensor","24-35",2013.5,0.489499366755451,0.431822339622555,0.554880116353927
"tensor","24-35",2013.75,0.487807035979925,0.429977199012005,0.553414704078009
"tensor","24-35",2014,0.48612056028112,0.428076911985102,0.552034441736616
"tensor","24-35",2014.25,0.484439918913264,0.426123698313111,0.550736877497596
"tensor","24-35",2014.5,0.482765091207375,0.424119929492654,0.549519409680327
"tensor","24-35",2014.75,0.48109605657096,0.422068098906127,0.548379316626832
"tensor","24-35",2015,0.47943279464612,0.419970791910761,0.547313787076483
"tensor","24-35",2015.25,0.477775285780068,0.417830656550313,0.546319950735206
"tensor","24-35",2015.5,0.476123510542021,0.41565037737011,0.545394903103869
"tensor","24-35",2015.75,0.47447744956351,0.413432650813072,0.544535729583879
"tensor","24-35",2016,0.472837083538205,0.411180162742377,0.543739527893994
"tensor","24-35",2016.25,0.471202393221732,0.408895568538559,0.543003427920373
"tensor","24-35",2016.5,0.469573359431488,0.406581475872171,0.542324608898556
"tensor","24-35",2016.75,0.467949963046467,0.404240430150348,0.541700313928881
"tensor","24-35",2017,0.466332185007077,0.401874902552368,0.541127861910055
"tensor","24-35",2017.25,0.464720006314962,0.399487280506078,0.540604657038867
"tensor","24-35",2017.5,0.463113408032819,0.397079860412606,0.540128196068448
"tensor","24-35",2017.75,0.461512371284225,0.39465484239908,0.539696073545213
"tensor","24-35",2018,0.459916877253457,0.3922143268655,0.539305985258178
"tensor","24-35",2018.25,0.458326907185311,0.389760312589827,0.538955730136427
"tensor","24-35",2018.5,0.456742442384929,0.387294696161858,0.538643210824056
"tensor","24-35",2018.75,0.455163464217621,0.384819272529336,0.538366433148932
"tensor","24-35",2019,0.453589954108688,0.382335736456694,0.538123504684802
"tensor","24-35",2019.25,0.452021893543244,0.379845684716187,0.537912632586801
"tensor","24-35",2019.5,0.450459264015555,0.37735061874365,0.537732120893337
"tensor","24-35",2019.75,0.448902046495102,0.374851946733865,0.537580367671292
"tensor","24-35",2020,0.44735022164336,0.372350987808593,0.537455861154414
"tensor","24-35",2020.25,0.445803770188579,0.369848976759468,0.537357175503565
"tensor","24-35",2020.5,0.444262672931819,0.367347068093478,0.537282966718275
"tensor","24-35",2020.75,0.442726910746661,0.364846340098919,0.537231968521707
"tensor","24-35",2021,0.441196464578912,0.362347798890605,0.537202988269562
"tensor","24-35",2021.25,0.439671315446312,0.35985238239094,0.537194902926275
"tensor","24-35",2021.5,0.438151444438246,0.35736096421325,0.537206655142005
"tensor","24-35",2021.75,0.436636832715459,0.354874357422113,0.537237249455623
"tensor","24-35",2022,0.435127461509758,0.352393318152391,0.537285748641942
"tensor","24-35",2022.25,0.433623312123736,0.349918549074389,0.537351270215704
"tensor","24-35",2022.5,0.432124365930482,0.347450702697276,0.537432983100094
"tensor","24-35",2022.75,0.430630604373297,0.344990384506718,0.537530104463825
"tensor","24-35",2023,0.429142008965415,0.342538155935664,0.537641896727738
"tensor","24-35",2023.25,0.427658561289715,0.340094537169609,0.53776766473958
"tensor","24-35",2023.5,0.426180242998448,0.337660009789514,0.537906753113695
"tensor","24-35",2023.75,0.424707035812952,0.335235019256895,0.538058543731076
"tensor","24-35",2023.91666666667,0.423727728197153,0.333623861770107,0.538166504909177
"tensor","36-47",2000.5,0.800503646929212,0.620245931897305,1.03314839451953
"tensor","36-47",2000.75,0.795014679790898,0.618382461954759,1.02209939635912
"tensor","36-47",2001,0.789563350867778,0.616509829463099,1.01119277461718
"tensor","36-47",2001.25,0.784149402383234,0.614627454686435,1.00042762582365
"tensor","36-47",2001.5,0.77877257832179,0.612734727371517,0.989803093661181
"tensor","36-47",2001.75,0.77343262441713,0.610831005067403,0.979318370466084
"tensor","36-47",2002,0.768129288140192,0.608915611379984,0.968972698797444
"tensor","36-47",2002.25,0.762862318687338,0.606987834166234,0.958765373069476
"tensor","36-47",2002.5,0.757631466968613,0.605046923675117,0.948695741240109
"tensor","36-47",2002.75,0.752436485596073,0.603092090644463,0.938763206546403
"tensor","36-47",2003,0.747277128872205,0.601122504366056,0.928967229274504
"tensor","36-47",2003.25,0.742153152778412,0.599137290734586,0.919307328548398
"tensor","36-47",2003.5,0.737064314963588,0.597135530300152,0.909783084117722
"tensor","36-47",2003.75,0.73201037473276,0.595116256348728,0.900394138120138
"tensor","36-47",2004,0.726991093035815,0.593078453040439,0.891140196788387
"tensor","36-47",2004.25,0.722006232456297,0.591021053641782,0.882021032065791
"tensor","36-47",2004.5,0.717055557200285,0.58894293889506,0.87303648308691
"tensor","36-47",2004.75,0.712138833085348,0.58684293557635,0.864186457471942
"tensor","36-47",2005,0.707255827529563,0.5847198153023,0.855470932374539
"tensor","36-47",2005.25,0.702406309540621,0.582572293655899,0.84688995521282
"tensor","36-47",2005.5,0.697590049705001,0.580399029712092,0.838443644002681
"tensor","36-47",2005.75,0.692806820203349,0.578198626025016,0.830132187307393
"tensor","36-47",2006,0.68805639507463,0.575969628938394,0.82195584457411
"tensor","36-47",2006.25,0.683338550088877,0.573710530148036,0.813914944034721
"tensor","36-47",2006.5,0.678653062541414,0.571419769247571,0.806009879397953
"tensor","36-47",2006.75,0.673999711239341,0.569095737031369,0.798241106356549
"tensor","36-47",2007,0.669378276491387,0.566736779917579,0.790609137991261
"tensor","36-47",2007.25,0.664788540097823,0.564341205644543,0.783114538908502
"tensor","36-47",2007.5,0.660230285340445,0.561907290390533,0.77575791796146
"tensor","36-47",2007.75,0.655703296972621,0.559433287461461,0.768539919409755
"tensor","36-47",2008,0.651207361209409,0.556917437678664,0.761461212385321
"tensor","36-47",2008.25,0.646742265717732,0.554357981577171,0.754522478553831
"tensor","36-47",2008.5,0.642307799606625,0.551753173492719,0.747724397893197
"tensor","36-47",2008.75,0.637903753417543,0.549101297571699,0.741067632554731
"tensor","36-47",2009,0.633529919114738,0.546400685681184,0.734552808829587
"tensor","36-47",2009.25,0.62918609007569,0.543649737126323,0.728180497313011
"tensor","36-47",2009.5,0.624872061081611,0.540846940000074,0.7219511914412
"tensor","36-47",2009.75,0.620587628308011,0.537990893897717,0.715865284668151
"tensor","36-47",2010,0.616332589315317,0.535080333629155,0.70992304664928
"tensor","36-47",2010.25,0.612106743032652,0.532114153445996,0.704124598903507
"tensor","36-47",2010.5,0.607909889343697,0.529091430387733,0.69846989071633
"tensor","36-47",2010.75,0.603741828866584,0.526011447419318,0.692958675541138
"tensor","36-47",2011,0.599602363541982,0.522873717039247,0.687590488198406
"tensor","36-47",2011.25,0.595491296679211,0.519678001630664,0.682364624455877
"tensor","36-47",2011.5,0.591408432946721,0.516424330787976,0.677280123550367
"tensor","36-47",2011.75,0.587353578362636,0.513113015021992,0.672335754337876
"tensor","36-47",2012,0.583326540285373,0.509744655214508,0.66753000570082
"tensor","36-47",2012.25,0.57932712740432,0.506320147321115,0.662861081713359
"tensor","36-47",2012.5,0.575355149730581,0.502840681985742,0.65832690190108
"tensor","36-47",2012.75,0.571410418587785,0.499307738922824,0.653925106738903
"tensor","36-47",2013,0.567492746602963,0.49572307613039,0.649653068323708
"tensor","36-47",2013.25,0.563601947697485,0.492088714205324,0.645507905950185
"tensor","36-47",2013.5,0.55973783707806,0.488406916225694,0.641486506124835
"tensor","36-47",2013.75,0.555900231227807,0.484680163830915,0.637585546387112
"tensor","36-47",2014,0.552088947897375,0.480911130257613,0.633801522179689
"tensor","36-47",2014.25,0.548303806096138,0.477102651170486,0.630130775928308
"tensor","36-47",2014.5,0.544544626083446,0.473257694160571,0.626569527458651
"tensor","36-47",2014.75,0.540811229359935,0.469379327769631,0.623113904891335
"tensor","36-47",2015,0.537103438672163,0.46547069066732,0.619759975477475
"tensor","36-47",2015.25,0.533421078043082,0.461534961595424,0.61650377582894
"tensor","36-47",2015.5,0.529763972722514,0.457575332169095,0.613341338713222
"tensor","36-47",2015.75,0.526131949165291,0.453594981419741,0.610268718287059
"tensor","36-47",2016,0.52252483502291,0.449597052598385,0.607282013166607
"tensor","36-47",2016.25,0.518942459135242,0.445584632647634,0.604377386834824
"tensor","36-47",2016.5,0.51538465152229,0.441560734450905,0.60155108527723
"tensor","36-47",2016.75,0.511851243376022,0.437528281867771,0.59879945183694
"tensor","36-47",2017,0.508342067052242,0.43349009748167,0.596118939362561
"tensor","36-47",2017.25,0.504856956062534,0.42944889292136,0.593506119787346
"tensor","36-47",2017.5,0.501395745066249,0.425407261570045,0.590957691325506
"tensor","36-47",2017.75,0.497958269862558,0.421367673444626,0.588470483503046
"tensor","36-47",2018,0.494544367382552,0.417332472009929,0.58604146025807
"tensor","36-47",2018.25,0.491153875681405,0.413303872686788,0.583667721351541
"tensor","36-47",2018.5,0.487786633930585,0.409283962816072,0.5813465023262
"tensor","36-47",2018.75,0.484442482410123,0.405274702850863,0.579075173241307
"tensor","36-47",2019,0.481121262500938,0.40127792856404,0.576851236395761
"tensor","36-47",2019.25,0.477822816677205,0.39729535407664,0.574672323234102
"tensor","36-47",2019.5,0.474546988499352,0.393328575499773,0.572536190658576
"tensor","36-47",2019.75,0.47129362261244,0.389379074777058,0.570440717294149
"tensor","36-47",2020,0.468062564736192,0.385448224441676,0.568383898576169
"tensor","36-47",2020.25,0.464853661653387,0.381537292728004,0.566363841415131
"tensor","36-47",2020.5,0.46166676120243,0.377647448571916,0.56437875909164
"tensor","36-47",2020.75,0.458501712270049,0.373779766657988,0.562426966109494
"tensor","36-47",2021,0.455358364784037,0.369935232452201,0.560506873066175
"tensor","36-47",2021.25,0.452236569706047,0.366114747167457,0.558616981593337
"tensor","36-47",2021.5,0.449136179024442,0.362319132620376,0.556755879408757
"tensor","36-47",2021.75,0.446057045747184,0.358549135947469,0.554922235511554
"tensor","36-47",2022,0.442999023894782,0.354805434156902,0.55311479554438
"tensor","36-47",2022.25,0.439961968493287,0.351088638498943,0.551332377339436
"tensor","36-47",2022.5,0.43694573556733,0.347399298643837,0.549573866659452
"tensor","36-47",2022.75,0.433950182133219,0.343737906660554,0.547838213140152
"tensor","36-47",2023,0.430975166192074,0.340104900793595,0.546124426436913
"tensor","36-47",2023.25,0.428020546723011,0.336500669038116,0.54443157257531
"tensor","36-47",2023.5,0.425086183676387,0.332925552515955,0.542758770502888
"tensor","36-47",2023.75,0.422171937967067,0.329379848657039,0.541105188837605
"tensor","36-47",2023.91666666667,0.420240215542464,0.327032514822308,0.540013089692726
"tensor","48-59",2000.5,0.955886232982758,0.702619337382686,1.300445976636
"tensor","48-59",2000.75,0.946551899995503,0.69923703117719,1.28134017427068
"tensor","48-59",2001,0.937309129140175,0.695844479564415,1.26256430764453
"tensor","48-59",2001.25,0.928157154048955,0.692440791647991,1.24411460590293
"tensor","48-59",2001.5,0.919095211978999,0.689025118028066,1.22598724862206
"tensor","48-59",2001.75,0.910122543854013,0.685596650387517,1.2081783718796
"tensor","48-59",2002,0.901238394304339,0.682154620321841,1.19068407538609
"tensor","48-59",2002.25,0.892442011705546,0.678698297342809,1.17350043071459
"tensor","48-59",2002.5,0.883732648215587,0.675226985981212,1.15662349067291
"tensor","48-59",2002.75,0.875109559810506,0.67174002190935,1.14004929986899
"tensor","48-59",2003,0.866572006318744,0.668236766999683,1.12377390652563
"tensor","48-59",2003.25,0.858119251454064,0.664716603232164,1.10779337560626
"tensor","48-59",2003.5,0.849750562847096,0.661178925359596,1.09210380331805
"tensor","48-59",2003.75,0.841465212075552,0.657623132238067,1.07670133306233
"tensor","48-59",2004,0.833262474693115,0.6540486167284,1.06158217290447
"tensor","48-59",2004.25,0.825141630257033,0.65045475407512,1.04674261463635
"tensor","48-59",2004.5,0.817101962354431,0.646840888672148,1.03217905450295
"tensor","48-59",2004.75,0.809142758627371,0.643206319129953,1.01788801565992
"tensor","48-59",2005,0.801263310796678,0.639550281568208,1.00386617242132
"tensor","48-59",2005.25,0.79346291468455,0.635871931072059,0.990110376342993
"tensor","48-59",2005.5,0.785740870235985,0.632170321270453,0.976617684168494
"tensor","48-59",2005.75,0.778096498366763,0.628444376075027,0.963385438424765
"tensor","48-59",2006,0.770529317220155,0.624692809248033,0.950411818267025
"tensor","48-59",2006.25,0.763038964714052,0.620914163087872,0.937695572567403
"tensor","48-59",2006.5,0.755625072231686,0.617106882121275,0.925235589372235
"tensor","48-59",2006.75,0.748287262842375,0.61326934267231,0.913030847575443
"tensor","48-59",2007,0.741025151640675,0.609399880903022,0.901080378536322
"tensor","48-59",2007.25,0.733838346079808,0.605496819937409,0.889383231166788
"tensor","48-59",2007.5,0.726726446299373,0.601558495873094,0.877938440524214
"tensor","48-59",2007.75,0.719689045447327,0.597583282438872,0.866744999999005
"tensor","48-59",2008,0.712725729996258,0.593569614008697,0.855801837240367
"tensor","48-59",2008.25,0.705836080053941,0.589516006636463,0.845107794016426
"tensor","48-59",2008.5,0.69901966966822,0.585421076734391,0.834661610252821
"tensor","48-59",2008.75,0.692276067126193,0.581283556984699,0.824461912533204
"tensor","48-59",2009,0.685604835247758,0.577102309053818,0.814507207371563
"tensor","48-59",2009.25,0.679005531673519,0.572876332675105,0.804795879575482
"tensor","48-59",2009.5,0.67247770914708,0.568604770684219,0.795326196006988
"tensor","48-59",2009.75,0.666020915791773,0.564286909634831,0.786096315009628
"tensor","48-59",2010,0.659634695381821,0.559922175694213,0.777104301704058
"tensor","48-59",2010.25,0.65331858471333,0.555510120003925,0.768348150216981
"tensor","48-59",2010.5,0.647071944849915,0.55105007696648,0.75982586576668
"tensor","48-59",2010.75,0.640893875878161,0.546541001122786,0.75153549192891
"tensor","48-59",2011,0.634783468627434,0.541982008552919,0.743474959839617
"tensor","48-59",2011.25,0.628739827812283,0.537372487828481,0.735641998857961
"tensor","48-59",2011.5,0.622762071797985,0.532712158526085,0.72803406466858
"tensor","48-59",2011.75,0.616849332370419,0.528001120369326,0.720648279268189
"tensor","48-59",2012,0.611000754510191,0.523239891304375,0.713481384382553
"tensor","48-59",2012.25,0.605215496170919,0.518429433095085,0.706529709585821
"tensor","48-59",2012.5,0.599492728061602,0.513571163424924,0.699789155999369
"tensor","48-59",2012.75,0.593831633432976,0.508666953993987,0.693255195952526
"tensor","48-59",2013,0.588231407867804,0.503719114665601,0.686922888427304
"tensor","48-59",2013.25,0.582691259074991,0.498730364304639,0.680786909527336
"tensor","48-59",2013.5,0.577210406687474,0.493703789510303,0.674841596656139
"tensor","48-59",2013.75,0.571788082063799,0.488642792933505,0.669081004607569
"tensor","48-59",2014,0.56642352809331,0.483551033244923,0.663498971400537
"tensor","48-59",2014.25,0.561115999004891,0.478432359058651,0.658089191455922
"tensor","48-59",2014.5,0.555864760179175,0.4732907392083,0.652845293626302
"tensor","48-59",2014.75,0.550669087964169,0.468130191722556,0.647760921643368
"tensor","48-59",2015,0.545528252550897,0.462954633520558,0.642829886090814
"tensor","48-59",2015.25,0.540441468229601,0.457767601991101,0.638046422052918
"tensor","48-59",2015.5,0.535407946212169,0.452572514293837,0.633404945756417
"tensor","48-59",2015.75,0.530426911626993,0.447372755492521,0.628899961215572
"tensor","48-59",2016,0.525497603255226,0.442171677957669,0.624526049028006
"tensor","48-59",2016.25,0.520619273272667,0.436972596531901,0.620277861481807
"tensor","48-59",2016.5,0.515791186997126,0.431778780229292,0.616150123085311
"tensor","48-59",2016.75,0.511012622641147,0.426593441240147,0.612137635636035
"tensor","48-59",2017,0.506282871069963,0.421419721980833,0.608235286981902
"tensor","48-59",2017.25,0.501601235564554,0.416260680872205,0.604438062688732
"tensor","48-59",2017.5,0.496967031589697,0.411119277456634,0.60074105990597
"tensor","48-59",2017.75,0.492379586566877,0.4059983573798,0.597139502810784
"tensor","48-59",2018,0.487838239651966,0.40090063767521,0.593628759102982
"tensor","48-59",2018.25,0.483342341517535,0.395828692701918,0.590204357114613
"tensor","48-59",2018.5,0.478891254139706,0.390784941003166,0.586862003184618
"tensor","48-59",2018.75,0.474484350589434,0.385771633278338,0.583597599027815
"tensor","48-59",2019,0.470121014828114,0.380790841594751,0.580407258896803
"tensor","48-59",2019.25,0.465800641507416,0.375844449910031,0.577287326394358
"tensor","48-59",2019.5,0.461522636021635,0.370934135501018,0.574234407606237
"tensor","48-59",2019.75,0.457286416919276,0.366061258854438,0.571245555329366
"tensor","48-59",2020,0.453091414578046,0.361226935613645,0.568318167125575
"tensor","48-59",2020.25,0.448937069157583,0.356432143646679,0.565449821673731
"tensor","48-59",2020.5,0.444822830391979,0.351677747421946,0.562638244496398
"tensor","48-59",2020.75,0.440748157417199,0.346964517460499,0.559881280335162
"tensor","48-59",2021,0.436712518601968,0.342293146584265,0.55717686961262
"tensor","48-59",2021.25,0.432715391382057,0.337664263321943,0.554523028575286
"tensor","48-59",2021.5,0.428756262097877,0.333078442813568,0.55191783273419
"tensor","48-59",2021.75,0.424834625835319,0.328536215531184,0.549359403245162
"tensor","48-59",2022,0.420949986269758,0.324038074108076,0.546845895897432
"tensor","48-59",2022.25,0.417101855513154,0.319584478543523,0.544375492406222
"tensor","48-59",2022.5,0.413289753964172,0.315175860024909,0.541946393731634
"tensor","48-59",2022.75,0.409513210161267,0.310812623584635,0.539556815172022
"tensor","48-59",2023,0.405771760638649,0.306495149785996,0.537204983004635
"tensor","48-59",2023.25,0.402064949785076,0.302223795610288,0.534889132469663
"tensor","48-59",2023.5,0.398392329705409,0.297998894696908,0.53260750691553
"tensor","48-59",2023.75,0.394753460084862,0.293820757069258,0.530358357943511
"tensor","48-59",2023.91666666667,0.392346083195298,0.291061453718077,0.528876108575317
"ti","<1",2000.5,0.874134296782121,0.785431313558708,0.972854985051037
"ti","<1",2000.75,0.879865579354032,0.79351164996198,0.975616977733217
"ti","<1",2001,0.885574629076046,0.801335930725687,0.978668737533047
"ti","<1",2001.25,0.891240464265594,0.808858390537058,0.982013136584951
"ti","<1",2001.5,0.896841594918165,0.816039211739596,0.98564484990952
"ti","<1",2001.75,0.902356035519826,0.822846245533664,0.989548678454467
"ti","<1",2002,0.907761323128318,0.829256381705448,0.993698255385112
"ti","<1",2002.25,0.913034540906672,0.835256352470632,0.998055352015976
"ti","<1",2002.5,0.918152347279396,0.840842825440539,1.00256993020425
"ti","<1",2002.75,0.923091010863577,0.846021751909423,1.00718097662856
"ti","<1",2003,0.92782645130564,0.850807058302639,1.01181803246889
"ti","<1",2003.25,0.93233428612888,0.855218863860344,1.01640323643913
"ti","<1",2003.5,0.936589883667207,0.859281450687478,1.02085365567468
"ti","<1",2003.75,0.940568422126679,0.863021198457693,1.02508369236221
"ti","<1",2004,0.944244954778495,0.866464639772165,1.02900740976468
"ti","<1",2004.25,0.947594481245117,0.869636716671783,1.03254069621476
"ti","<1",2004.5,0.950592024795234,0.872559244848302,1.03560325896427
"ti","<1",2004.75,0.953212715513553,0.875249531646997,1.03812049954136
"ti","<1",2005,0.95543187915812,0.877719049618445,1.04002536587128
"ti","<1",2005.25,0.957225131461264,0.879972035487262,1.04126030754337
"ti","<1",2005.5,0.958568477570824,0.882003858949967,1.04177948528065
"ti","<1",2005.75,0.959441224142485,0.88379950516577,1.04155688841597
"ti","<1",2006,0.95985593961069,0.885338265045153,1.04064566186906
"ti","<1",2006.25,0.959846953409816,0.886596021730848,1.03914990749845
"ti","<1",2006.5,0.959449537748934,0.887545359788942,1.03717900762339
"ti","<1",2006.75,0.958699407782655,0.88815856479148,1.03484286581034
"ti","<1",2007,0.957632584607823,0.888410889411158,1.03224777862695
"ti","<1",2007.25,0.956285270940706,0.88828401615085,1.02949226012285
"ti","<1",2007.5,0.954693739861468,0.887769540681553,1.0266629966049
"ti","<1",2007.75,0.952894236891229,0.886872140202873,1.02383126669512
"ti","<1",2008,0.950922895558689,0.885611987056222,1.02105026412692
"ti","<1",2008.25,0.94881566651841,0.884025977189399,1.01835375007074
"ti","<1",2008.5,0.946608260201995,0.882167492541531,1.01575631142457
"ti","<1",2008.75,0.944336102916524,0.880104670799348,1.01325524663064
"ti","<1",2009,0.942034306251927,0.877917423180739,1.01083383325547
"ti","<1",2009.25,0.939737649620228,0.87569361714482,1.00846555555938
"ti","<1",2009.5,0.937480575724661,0.873524865457687,1.00611884631419
"ti","<1",2009.75,0.935297198745291,0.871502241592983,1.00376201945484
"ti","<1",2010,0.933221325029596,0.869712026199641,1.00136828657591
"ti","<1",2010.25,0.93128631144937,0.868230816356506,0.998921228726407
"ti","<1",2010.5,0.929514827860713,0.867090232143321,0.996433569638139
"ti","<1",2010.75,0.927913260140179,0.866258630283997,0.993956063747031
"ti","<1",2011,0.926486644334397,0.865689464276418,0.991553596932684
"ti","<1",2011.25,0.925240076878273,0.865329956573075,0.989298005181702
"ti","<1",2011.5,0.924178725136308,0.865125364328085,0.987263061762071
"ti","<1",2011.75,0.923307838323846,0.865023288380272,0.985519552781668
"ti","<1",2012,0.922632758827857,0.864978069899943,0.984130392763335
"ti","<1",2012.25,0.92215893394887,0.864955055141462,0.983145996323057
"ti","<1",2012.5,0.921891928087799,0.864934277197773,0.982600354129689
"ti","<1",2012.75,0.921837435403624,0.86491299400155,0.982508371599292
"ti","<1",2013,0.922001292970303,0.864906608119891,0.982864943172078
"ti","<1",2013.25,0.922389494463723,0.864947771738267,0.983645957937094
"ti","<1",2013.5,0.923008204412208,0.865083842812663,0.984811070615197
"ti","<1",2013.75,0.92386377304687,0.865373147449092,0.98630778371663
"ti","<1",2014,0.92496275179109,0.865880602717379,0.988076288481308
"ti","<1",2014.25,0.926311909431572,0.866673147570781,0.990054619737353
"ti","<1",2014.5,0.927918249016803,0.867815185640549,0.992183924763735
"ti","<1",2014.75,0.929789025532354,0.869363952333691,0.994413938695928
"ti","<1",2015,0.931923230838601,0.87134661188376,0.996711178229168
"ti","<1",2015.25,0.934285837093018,0.873703062615877,0.999069435305811
"ti","<1",2015.5,0.936833052667077,0.87634206881056,1.00149952833
"ti","<1",2015.75,0.939520720413708,0.87916382809273,1.00402127098613
"ti","<1",2016,0.942304239833029,0.882064471995033,1.00665802625401
"ti","<1",2016.25,0.945138510300773,0.884940622643556,1.00943134578349
"ti","<1",2016.5,0.947977895719971,0.887694070698678,1.01235563065815
"ti","<1",2016.75,0.950776211018529,0.890236342075082,1.01543304930873
"ti","<1",2017,0.953486730948332,0.892492677396904,1.0186491935667
"ti","<1",2017.25,0.956062221644631,0.894404846367894,1.02197005681261
"ti","<1",2017.5,0.958454995376773,0.895932321629517,1.02534081647136
"ti","<1",2017.75,0.960616988862102,0.89705162298343,1.02868661696579
"ti","<1",2018,0.962499865423155,0.897753999512563,1.03191519218247
"ti","<1",2018.25,0.964055141143826,0.898041895377025,1.03492088726623
"ti","<1",2018.5,0.965234335022523,0.897924746311376,1.03758953668851
"ti","<1",2018.75,0.965989142929768,0.897414574403329,1.03980373271585
"ti","<1",2019,0.966271634954793,0.896521657692063,1.04144820652945
"ti","<1",2019.25,0.96603447547159,0.895250334499746,1.04241525731587
"ti","<1",2019.5,0.965235046875379,0.893596127638324,1.04261720356694
"ti","<1",2019.75,0.963876870019378,0.891555643228338,1.04206465139317
"ti","<1",2020,0.961993442522347,0.889120586721215,1.04083900123006
"ti","<1",2020.25,0.959619394265268,0.88627134207117,1.03903775078411
"ti","<1",2020.5,0.956789826975944,0.88298037084688,1.03676910974435
"ti","<1",2020.75,0.953540150055754,0.879215771163303,1.03414752963919
"ti","<1",2021,0.94990592766503,0.874945007014512,1.03128912580696
"ti","<1",2021.25,0.945922737575437,0.870138807765476,1.02830699823628
"ti","<1",2021.5,0.941626042157988,0.864775044398546,1.02530664941516
"ti","<1",2021.75,0.937051071745742,0.858842223819706,1.02238186096003
"ti","<1",2022,0.932232720491588,0.852342165440944,1.01961146637109
"ti","<1",2022.25,0.927205454734447,0.845291481514176,1.01705739864941
"ti","<1",2022.5,0.922003233792,0.837721671746857,1.01476420127733
"ti","<1",2022.75,0.916659443014961,0.829677901237123,1.01275993155367
"ti","<1",2023,0.911206838866886,0.821216764204642,1.01105815101319
"ti","<1",2023.25,0.905677505734447,0.812403467405912,1.0096605655962
"ti","<1",2023.5,0.900102824125745,0.803308872863487,1.00855987200931
"ti","<1",2023.75,0.894513449878176,0.794006748800966,1.00774245712807
"ti","<1",2023.91666666667,0.890793843902904,0.787726788570908,1.00734630819767
"ti","1-5",2000.5,0.901487879840308,0.775668412471395,1.04771624631413
"ti","1-5",2000.75,0.900087285306532,0.776425662175745,1.04344454419527
"ti","1-5",2001,0.898688813551266,0.777152090283145,1.03923233778851
"ti","1-5",2001.25,0.897292443718883,0.777846076320537,1.03508104503599
"ti","1-5",2001.5,0.895898155068405,0.778506173525866,1.03099182967276
"ti","1-5",2001.75,0.894505926973081,0.779131120171768,1.02696559369054
"ti","1-5",2002,0.893115738919975,0.779719848935049,1.02300297240864
"ti","1-5",2002.25,0.891727570509556,0.780271493911663,1.01910433254518
"ti","1-5",2002.5,0.890341401455295,0.780785394855468,1.01526977370282
"ti","1-5",2002.75,0.888957211583263,0.781261098203285,1.01149913369969
"ti","1-5",2003,0.887574980831738,0.781698354439103,1.00779199818545
"ti","1-5",2003.25,0.88619468925081,0.782097111346811,1.00414771498637
"ti","1-5",2003.5,0.884816317002,0.782457502703328,1.00056541362071
"ti","1-5",2003.75,0.883439844357872,0.78277983197169,0.997044030418106
"ti","1-5",2004,0.882065251701661,0.783064550565488,0.993582339664916
"ti","1-5",2004.25,0.880692519526892,0.783312230270651,0.990178991182906
"ti","1-5",2004.5,0.879321628437021,0.783523529426427,0.98683255473279
"ti","1-5",2004.75,0.877952559145059,0.783699152483252,0.983541571618365
"ti","1-5",2005,0.87658529247322,0.783839802570179,0.980304613851967
"ti","1-5",2005.25,0.87521980935256,0.783946126718942,0.977120351227603
"ti","1-5",2005.5,0.873856090822624,0.784018653407296,0.973987626632523
"ti","1-5",2005.75,0.872494150554655,0.784057692720498,0.970905648678406
"ti","1-5",2006,0.871134379621878,0.784062968465803,0.967875206304037
"ti","1-5",2006.25,0.869777409816397,0.784033781165436,0.964898146993608
"ti","1-5",2006.5,0.868423873025147,0.783969308862296,0.961976463510339
"ti","1-5",2006.75,0.867074397180938,0.783868688236978,0.959112184896201
"ti","1-5",2007,0.865729606289856,0.783731086995594,0.956307289123779
"ti","1-5",2007.25,0.864390120463167,0.783555769966731,0.953563624942808
"ti","1-5",2007.5,0.863056555953693,0.78334215746722,0.950882844328239
"ti","1-5",2007.75,0.861729525196586,0.783089874397032,0.94826634703623
"ti","1-5",2008,0.860409636854485,0.782798788467051,0.945715238831426
"ti","1-5",2008.25,0.859097495866976,0.782469035961156,0.943230304951705
"ti","1-5",2008.5,0.857793703504323,0.782101033493412,0.940812000317938
"ti","1-5",2008.75,0.856498857425442,0.781695474343779,0.938460457874499
"ti","1-5",2009,0.855213551740029,0.781253308137427,0.936175516265641
"ti","1-5",2009.25,0.853938377074856,0.780775702863416,0.933956767823245
"ti","1-5",2009.5,0.85267392064414,0.780263988494104,0.931803627577185
"ti","1-5",2009.75,0.851420766323986,0.779719581751104,0.929715423716428
"ti","1-5",2010,0.85017949473084,0.779143891852829,0.927691509641348
"ti","1-5",2010.25,0.848950682139871,0.778538196826461,0.925731407455147
"ti","1-5",2010.5,0.847734831999074,0.777902895528345,0.923835544919002
"ti","1-5",2010.75,0.846532337209705,0.777237104157363,0.922005645521314
"ti","1-5",2011,0.845343579490427,0.776539641521912,0.920243770150815
"ti","1-5",2011.25,0.844168938768808,0.775809235751967,0.918552092888318
"ti","1-5",2011.5,0.843008793248681,0.775044636715137,0.916932769842259
"ti","1-5",2011.75,0.841863519479214,0.774244715655154,0.915387823900365
"ti","1-5",2012,0.840733492425699,0.7734085500564,0.913919047358304
"ti","1-5",2012.25,0.839619085542046,0.772535491846016,0.912527924279466
"ti","1-5",2012.5,0.838520670844973,0.771625217267741,0.911215574218764
"ti","1-5",2012.75,0.837438618989889,0.770677757102495,0.90998271860391
"ti","1-5",2013,0.836373299348458,0.769693506356979,0.908829670622936
"ti","1-5",2013.25,0.835325080087854,0.768673213065332,0.907756348944704
"ti","1-5",2013.5,0.834294328251684,0.767617946410882,0.906762315038888
"ti","1-5",2013.75,0.833281409842597,0.766529044930835,0.905846833308082
"ti","1-5",2014,0.832286689906561,0.765408046073243,0.905008952740138
"ti","1-5",2014.25,0.831310532618824,0.7642565987979,0.904247608368694
"ti","1-5",2014.5,0.830353301371544,0.76307636122939,0.903561740515448
"ti","1-5",2014.75,0.829415358863102,0.761868885576495,0.902950429584039
"ti","1-5",2015,0.828496913877356,0.760635118531194,0.902413153930852
"ti","1-5",2015.25,0.827597562771673,0.75937422287787,0.901950191711694
"ti","1-5",2015.5,0.826716751737877,0.758084822743841,0.901562156501543
"ti","1-5",2015.75,0.825853930338618,0.756765512268027,0.901249730860069
"ti","1-5",2016,0.825008551392259,0.755414964932446,0.901013537547831
"ti","1-5",2016.25,0.824180070861502,0.754032021964312,0.900854034601492
"ti","1-5",2016.5,0.823367947745692,0.752615759677848,0.900771434370625
"ti","1-5",2016.75,0.822571643976772,0.75116553601337,0.90076564623248
"ti","1-5",2017,0.821790624318837,0.749681016930906,0.900836242303553
"ti","1-5",2017.25,0.821024356271247,0.748162183705443,0.900982445079055
"ti","1-5",2017.5,0.820272309975265,0.746609322525383,0.901203135578692
"ti","1-5",2017.75,0.819533958124179,0.745022998090755,0.901496880284049
"ti","1-5",2018,0.81880877587687,0.743404013124016,0.901861974938159
"ti","1-5",2018.25,0.818096240774797,0.74175335583318,0.902296503152426
"ti","1-5",2018.5,0.817395832662368,0.740072137402943,0.902798407731475
"ti","1-5",2018.75,0.816707033610656,0.738361521541986,0.903365572675213
"ti","1-5",2019,0.816029327844443,0.736622647998404,0.903995913934615
"ti","1-5",2019.25,0.815362201672551,0.734856551790266,0.904687477163644
"ti","1-5",2019.5,0.814705142239868,0.733064027178666,0.905438603155345
"ti","1-5",2019.75,0.814057624924586,0.731245010906241,0.906248667428963
"ti","1-5",2020,0.813419118198272,0.729398854846184,0.907117768905715
"ti","1-5",2020.25,0.812789092295464,0.727524809521215,0.908046158576011
"ti","1-5",2020.5,0.812167019305659,0.72562211029917,0.909034134827952
"ti","1-5",2020.75,0.811552373120925,0.723690044713296,0.910081959990383
"ti","1-5",2021,0.810944629386937,0.721728008242882,0.911189789533851
"ti","1-5",2021.25,0.810343265457424,0.719735549279423,0.912357613195048
"ti","1-5",2021.5,0.809747760351983,0.717712404044711,0.913585207249958
"ti","1-5",2021.75,0.809157594717271,0.715658522262388,0.914872097126496
"ti","1-5",2022,0.808572250791527,0.713574084412874,0.916217529519743
"ti","1-5",2022.25,0.80799121237242,0.711459511421462,0.917620453153672
"ti","1-5",2022.5,0.807413964788202,0.70931546763846,0.919079507324783
"ti","1-5",2022.75,0.806839994872153,0.707142857966969,0.920593017366943
"ti","1-5",2023,0.80626879094028,0.704942819977182,0.922158996193964
"ti","1-5",2023.25,0.805699842772286,0.702716711815935,0.923775151107152
"ti","1-5",2023.5,0.805132641595766,0.700466096677445,0.925438895098274
"ti","1-5",2023.75,0.804566680073619,0.698192724547434,0.927147361932597
"ti","1-5",2023.91666666667,0.804189811197914,0.696665440547563,0.928309651654643
"ti","6-11",2000.5,0.627221979739738,0.541445483487276,0.726587299860414
"ti","6-11",2000.75,0.630450379433464,0.545926040156887,0.728061407024246
"ti","6-11",2001,0.633676367333292,0.550290367263726,0.729697923867667
"ti","6-11",2001.25,0.636893361782572,0.554525343352357,0.731496150979267
"ti","6-11",2001.5,0.640094651747269,0.558620270559249,0.733452015239752
"ti","6-11",2001.75,0.64327339811692,0.56256715808472,0.735557806349182
"ti","6-11",2002,0.646422635724084,0.566360910435711,0.737802020367196
"ti","6-11",2002.25,0.649535276104312,0.569999401009761,0.740169330277383
"ti","6-11",2002.5,0.652604111017981,0.573483420186784,0.74264069496352
"ti","6-11",2002.75,0.655621816754401,0.576816497159518,0.745193607882316
"ti","6-11",2003,0.658580959237406,0.580004604570763,0.747802476828691
"ti","6-11",2003.25,0.661473999950289,0.583055762950548,0.750439118200339
"ti","6-11",2003.5,0.664293302696231,0.58597956669489,0.753073344342119
"ti","6-11",2003.75,0.667031141208503,0.588786654322064,0.755673621465174
"ti","6-11",2004,0.669679707622541,0.591488143135321,0.758207778137677
"ti","6-11",2004.25,0.672231121819562,0.59409504293314,0.760643749713365
"ti","6-11",2004.5,0.674677441648693,0.596617656050522,0.762950351290107
"ti","6-11",2004.75,0.677010674031659,0.599064962812234,0.765098079849581
"ti","6-11",2005,0.679222786950797,0.6014439832836,0.767059954269539
"ti","6-11",2005.25,0.681305722317751,0.603759098644137,0.768812409295887
"ti","6-11",2005.5,0.683251409716397,0.606011309072952,0.77033626582577
"ti","6-11",2005.75,0.685052225884157,0.608197023176947,0.771619285042607
"ti","6-11",2006,0.686705753705052,0.610303755897406,0.772672276083607
"ti","6-11",2006.25,0.688213010445392,0.612313480433497,0.773520693045972
"ti","6-11",2006.5,0.689575182113599,0.614207058796475,0.774191577541883
"ti","6-11",2006.75,0.690793564469265,0.615965517963032,0.774711789533635
"ti","6-11",2007,0.691869559408813,0.617571214290795,0.775106540200799
"ti","6-11",2007.25,0.692804671274136,0.619008915108825,0.77539806103581
"ti","6-11",2007.5,0.693600503093682,0.620266758255825,0.775604450002446
"ti","6-11",2007.75,0.69425875276528,0.621337038702848,0.775738746876338
"ti","6-11",2008,0.694781209189872,0.62221676811141,0.775808292837437
"ti","6-11",2008.25,0.695169748365149,0.622907959632795,0.775814422610602
"ti","6-11",2008.5,0.695426329447877,0.623417605664964,0.775752521736211
"ti","6-11",2008.75,0.695552990793503,0.623757337444078,0.775612460102181
"ti","6-11",2009,0.69555184598142,0.623942777247678,0.775379390690689
"ti","6-11",2009.25,0.695425079833996,0.623992611150633,0.77503488506112
"ti","6-11",2009.5,0.695174944437262,0.623927418306251,0.774558368800747
"ti","6-11",2009.75,0.694803755170862,0.623768289424294,0.773928823225507
"ti","6-11",2010,0.694313886754594,0.623535252813322,0.773126733677395
"ti","6-11",2010.25,0.693707811833985,0.623245416515639,0.772136489811507
"ti","6-11",2010.5,0.692990602669235,0.62290598874599,0.770960600900084
"ti","6-11",2010.75,0.692171311919927,0.622510988163853,0.769626776321011
"ti","6-11",2011,0.691259337738252,0.622050250218119,0.768168603489468
"ti","6-11",2011.25,0.690264070377402,0.621511963301755,0.766621585725852
"ti","6-11",2011.5,0.689194880467986,0.620884339462656,0.765021040270337
"ti","6-11",2011.75,0.688061108547206,0.620157117378283,0.763400234922127
"ti","6-11",2012,0.686872055841458,0.619322875415473,0.761788785501212
"ti","6-11",2012.25,0.685636976299366,0.618378111483164,0.760211356998745
"ti","6-11",2012.5,0.684365069869051,0.617324035991028,0.758686721318069
"ti","6-11",2012.75,0.683065477010719,0.616167027510725,0.757227220951482
"ti","6-11",2013,0.681747274433391,0.614918717492438,0.755838670991623
"ti","6-11",2013.25,0.680419472042775,0.613595696680886,0.754520705473179
"ti","6-11",2013.5,0.679091011085953,0.612218864797074,0.753267545080629
"ti","6-11",2013.75,0.677770763477623,0.610812468758176,0.752069139582198
"ti","6-11",2014,0.676467532292205,0.609402886883428,0.750912626268934
"ti","6-11",2014.25,0.675190053406044,0.608017214208553,0.749784048157043
"ti","6-11",2014.5,0.673946998274372,0.606681688035455,0.748670291918375
"ti","6-11",2014.75,0.672746977828468,0.605419967016906,0.747561231598262
"ti","6-11",2015,0.671596951879603,0.604246575986574,0.746454317986894
"ti","6-11",2015.25,0.670497469209474,0.603151871506382,0.745362615046702
"ti","6-11",2015.5,0.669447494153269,0.602117641171758,0.744306289641247
"ti","6-11",2015.75,0.668446007102554,0.601123773665543,0.743307924234506
"ti","6-11",2016,0.667492003843761,0.600149974425388,0.742390392704667
"ti","6-11",2016.25,0.666584494915067,0.599177259985011,0.741575020507773
"ti","6-11",2016.5,0.66572250498111,0.598189226838435,0.740880032194269
"ti","6-11",2016.75,0.664905072224992,0.597173069206228,0.740319310879451
"ti","6-11",2017,0.664131247757062,0.596120310190556,0.739901504289226
"ti","6-11",2017.25,0.663400095039995,0.595027214025183,0.739629508912593
"ti","6-11",2017.5,0.662710689329678,0.593894862032553,0.73950034901589
"ti","6-11",2017.75,0.662062117131483,0.592728897144903,0.739505445157104
"ti","6-11",2018,0.661453475671481,0.591538965226968,0.739631243581749
"ti","6-11",2018.25,0.660883872382205,0.59033789972981,0.739860159706501
"ti","6-11",2018.5,0.660352424402566,0.589140705007097,0.740171780201631
"ti","6-11",2018.75,0.659858258091571,0.587963391434136,0.74054427046827
"ti","6-11",2019,0.659400508555472,0.586821703653958,0.740955946202728
"ti","6-11",2019.25,0.658978319188041,0.585729765186566,0.741386985893706
"ti","6-11",2019.5,0.658590787712263,0.584697768243543,0.74182226992663
"ti","6-11",2019.75,0.658236397636972,0.583721267807635,0.742263780796288
"ti","6-11",2020,0.657913239836514,0.582784474303655,0.742727114804101
"ti","6-11",2020.25,0.657619406779917,0.581867751402833,0.743232947918043
"ti","6-11",2020.5,0.657352998356306,0.580948905338829,0.743805454278295
"ti","6-11",2020.75,0.657112121063402,0.580004290727527,0.74447094021808
"ti","6-11",2021,0.656894887251433,0.579009864141714,0.745256548498903
"ti","6-11",2021.25,0.656699414421994,0.577942189740872,0.746189028171742
"ti","6-11",2021.5,0.656523824581429,0.576779383446833,0.747293583323368
"ti","6-11",2021.75,0.656366243648392,0.575501967803793,0.748592828353248
"ti","6-11",2022,0.656224800915277,0.57409360124373,0.750105885875345
"ti","6-11",2022.25,0.656097628563242,0.57254164476306,0.751847664084684
"ti","6-11",2022.5,0.655982861230626,0.570837536394132,0.753828343080808
"ti","6-11",2022.75,0.655878635634556,0.568976957961743,0.756053085564093
"ti","6-11",2023,0.655783090245599,0.56695979651251,0.75852196945428
"ti","6-11",2023.25,0.655694365015328,0.564789920740037,0.7612301220771
"ti","6-11",2023.5,0.655610601156714,0.562474807189924,0.764168021135806
"ti","6-11",2023.75,0.655529940977239,0.56002505967756,0.767321919067404
"ti","6-11",2023.91666666667,0.655476974857394,0.558323521817325,0.769536026656557
"ti","12-23",2000.5,0.521101042198805,0.438949539248915,0.618627591329342
"ti","12-23",2000.75,0.521016268894956,0.439650404354556,0.617440470347671
"ti","12-23",2001,0.520931507164336,0.440343778636672,0.616267671583057
"ti","12-23",2001.25,0.520846756266644,0.441029352457933,0.6151094978182
"ti","12-23",2001.5,0.520762015462057,0.441706807280688,0.613966260600939
"ti","12-23",2001.75,0.520677284011234,0.44237581559216,0.612838280326009
"ti","12-23",2002,0.520592561175315,0.443036040851063,0.611725886296874
"ti","12-23",2002.25,0.520507846215921,0.443687137458598,0.610629416764686
"ti","12-23",2002.5,0.520423138395152,0.444328750757038,0.609549218941174
"ti","12-23",2002.75,0.52033843697559,0.444960517059273,0.60848564898205
"ti","12-23",2003,0.520253741220297,0.445582063712915,0.60743907193738
"ti","12-23",2003.25,0.520169050392814,0.446193009202716,0.606409861665118
"ti","12-23",2003.5,0.520084363757164,0.446792963295247,0.605398400703889
"ti","12-23",2003.75,0.519999680577849,0.447381527229895,0.604405080100939
"ti","12-23",2004,0.519915000119851,0.447958293960353,0.603430299191086
"ti","12-23",2004.25,0.519830321648632,0.448522848450859,0.602474465322421
"ti","12-23",2004.5,0.519745644430135,0.449074768031409,0.601537993524506
"ti","12-23",2004.75,0.519660967730783,0.449613622816193,0.600621306114855
"ti","12-23",2005,0.519576290817476,0.450138976189331,0.599724832239588
"ti","12-23",2005.25,0.519491612957597,0.45065038536185,0.598849007344336
"ti","12-23",2005.5,0.519406933419009,0.451147402003533,0.597994272571753
"ti","12-23",2005.75,0.519322251484039,0.451629572861864,0.597161074234926
"ti","12-23",2006,0.519237566598044,0.452096439633481,0.596349864611259
"ti","12-23",2006.25,0.519152878311608,0.452547540455203,0.595561100140166
"ti","12-23",2006.5,0.519068186177354,0.452982411828268,0.594795238989529
"ti","12-23",2006.75,0.518983489748205,0.453400589951738,0.594052739675295
"ti","12-23",2007,0.518898788577378,0.453801612126034,0.593334059624914
"ti","12-23",2007.25,0.518814082218384,0.454185018234463,0.592639653668963
"ti","12-23",2007.5,0.51872937022503,0.454550352297574,0.591969972466111
"ti","12-23",2007.75,0.51864465215142,0.45489716409365,0.591325460868096
"ti","12-23",2008,0.518559927551953,0.455225010837105,0.590706556232934
"ti","12-23",2008.25,0.518475195981322,0.455533458904917,0.590113686696238
"ti","12-23",2008.5,0.518390456994517,0.455822085599624,0.589547269412094
"ti","12-23",2008.75,0.518305710146824,0.45609048093582,0.589007708776552
"ti","12-23",2009,0.518220954993824,0.456338249435597,0.588495394648288
"ti","12-23",2009.25,0.518136191091394,0.456565011916977,0.588010700582366
"ti","12-23",2009.5,0.518051417995708,0.456770407258187,0.587553982094258
"ti","12-23",2009.75,0.517966635263235,0.456954094119642,0.587125574972246
"ti","12-23",2010,0.517881842450739,0.457115752604751,0.586725793657072
"ti","12-23",2010.25,0.517797039114716,0.457255085825195,0.58635492972617
"ti","12-23",2010.5,0.517712224777904,0.457371820501813,0.586013251516934
"ti","12-23",2010.75,0.517627398910592,0.457465707984133,0.585701003215389
"ti","12-23",2011,0.517542560978885,0.457536527148015,0.585418401661148
"ti","12-23",2011.25,0.517457710449243,0.457584086034974,0.585165634634653
"ti","12-23",2011.5,0.517372846788485,0.45760822320027,0.584942859466217
"ti","12-23",2011.75,0.517287969463784,0.457608808871273,0.584750201841587
"ti","12-23",2012,0.517203077942673,0.457585745899954,0.584587754820188
"ti","12-23",2012.25,0.517118171693043,0.45753897049592,0.584455578079638
"ti","12-23",2012.5,0.517033250183139,0.457468452729355,0.584353697397124
"ti","12-23",2012.75,0.516948312881567,0.457374196796469,0.58428210437507
"ti","12-23",2013,0.516863359257289,0.457256241043441,0.584240756415067
"ti","12-23",2013.25,0.516778388779627,0.457114657748408,0.584229576940529
"ti","12-23",2013.5,0.516693400918258,0.456949552664571,0.584248455864994
"ti","12-23",2013.75,0.51660839514322,0.456761064330948,0.584297250299516
"ti","12-23",2014,0.516523370924909,0.456549363160612,0.58437578548932
"ti","12-23",2014.25,0.51643832773408,0.456314650319269,0.584483855966853
"ti","12-23",2014.5,0.516353265041845,0.456057156409753,0.584621226905656
"ti","12-23",2014.75,0.516268182319679,0.455777139980312,0.58478763565715
"ti","12-23",2015,0.516183079472372,0.455474885896514,0.584982794406184
"ti","12-23",2015.25,0.516097958136348,0.455150703723478,0.585206394746848
"ti","12-23",2015.5,0.51601282037978,0.454804926147269,0.585458106296049
"ti","12-23",2015.75,0.515927668269484,0.454437907393799,0.585737577246881
"ti","12-23",2016,0.515842503870923,0.454050021577134,0.586044435975473
"ti","12-23",2016.25,0.515757329248202,0.453641660980988,0.586378292721194
"ti","12-23",2016.5,0.515672146464071,0.453213234292538,0.586738741321086
"ti","12-23",2016.75,0.515586957579922,0.452765164807055,0.58712536098002
"ti","12-23",2017,0.515501764655791,0.452297888620928,0.587537718058978
"ti","12-23",2017.25,0.515416569750355,0.451811852829524,0.587975367865035
"ti","12-23",2017.5,0.515331374920935,0.451307513744954,0.588437856427934
"ti","12-23",2017.75,0.515246182223494,0.450785335147384,0.588924722249644
"ti","12-23",2018,0.515160993712638,0.4502457865819,0.589435498014855
"ti","12-23",2018.25,0.515075811441614,0.449689341711365,0.589969712251982
"ti","12-23",2018.5,0.514990637462314,0.449116476734047,0.590526890935897
"ti","12-23",2018.75,0.514905473825272,0.448527668873204,0.591106559025187
"ti","12-23",2019,0.514820322579666,0.447923394944278,0.591708241928294
"ti","12-23",2019.25,0.514735185773318,0.44730413000387,0.592331466894348
"ti","12-23",2019.5,0.514650065343188,0.446670345890043,0.59297576433012
"ti","12-23",2019.75,0.514564961952161,0.446022508021672,0.593640669039877
"ti","12-23",2020,0.514479875441663,0.445361075308607,0.594325721104065
"ti","12-23",2020.25,0.51439480563954,0.444686500879579,0.595030466509696
"ti","12-23",2020.5,0.51430975237375,0.443999231488314,0.595754457727502
"ti","12-23",2020.75,0.514224715472366,0.443299706967147,0.596497254220456
"ti","12-23",2021,0.514139694763569,0.442588359748968,0.597258422886464
"ti","12-23",2021.25,0.514054690075656,0.441865614453828,0.598037538438943
"ti","12-23",2021.5,0.513969701237033,0.441131887536302,0.598834183729115
"ti","12-23",2021.75,0.513884728076221,0.440387586989649,0.599647950014037
"ti","12-23",2022,0.513799770421851,0.439633112102694,0.600478437174407
"ti","12-23",2022.25,0.513714828102665,0.438868853265401,0.601325253886173
"ti","12-23",2022.5,0.51362990094752,0.438095191819153,0.602188017749949
"ti","12-23",2022.75,0.513544988785383,0.437312499947823,0.603066355382125
"ti","12-23",2023,0.513460091445332,0.436521140605882,0.603959902471435
"ti","12-23",2023.25,0.513375208756557,0.435721467479918,0.604868303804621
"ti","12-23",2023.5,0.513290340548362,0.434913824980102,0.605791213264622
"ti","12-23",2023.75,0.513205486650159,0.434098548258352,0.606728293804561
"ti","12-23",2023.91666666667,0.513148925250497,0.433550950542739,0.607360724630178
"ti","24-35",2000.5,0.517817364919776,0.446062448503485,0.601114988074064
"ti","24-35",2000.75,0.516946491488378,0.445623114371832,0.599685398812507
"ti","24-35",2001,0.516077061847684,0.445179399440233,0.598265629766848
"ti","24-35",2001.25,0.515209066698692,0.444731250872873,0.596855700802582
"ti","24-35",2001.5,0.514342496792889,0.444278619273692,0.595455627461046
"ti","24-35",2001.75,0.513477342932052,0.443821458620802,0.594065421090485
"ti","24-35",2002,0.512613595968052,0.443359726158531,0.592685089031605
"ti","24-35",2002.25,0.51175124680266,0.442893382246135,0.591314634858405
"ti","24-35",2002.5,0.510890286387353,0.442422390162267,0.589954058675063
"ti","24-35",2002.75,0.510030705723121,0.441946715864412,0.588603357469529
"ti","24-35",2003,0.509172495860276,0.441466327702563,0.587262525524385
"ti","24-35",2003.25,0.508315647898267,0.44098119608655,0.585931554885443
"ti","24-35",2003.5,0.507460152985487,0.440491293106517,0.584610435888417
"ti","24-35",2003.75,0.50660600231909,0.43999659210619,0.583299157743906
"ti","24-35",2004,0.505753187144806,0.439497067208687,0.581997709180784
"ti","24-35",2004.25,0.504901698756759,0.438992692794767,0.580706079147976
"ti","24-35",2004.5,0.504051528497283,0.43848344293354,0.579424257574431
"ti","24-35",2004.75,0.503202667756742,0.437969290765844,0.57815223618699
"ti","24-35",2005,0.502355107973355,0.437450207840604,0.576890009385652
"ti","24-35",2005.25,0.501508840633012,0.4369261634047,0.57563757517562
"ti","24-35",2005.5,0.500663857269103,0.436397123647013,0.574394936155288
"ti","24-35",2005.75,0.499820150250229,0.435863050643508,0.573162102700209
"ti","24-35",2006,0.498977721130562,0.435323899636224,0.571939115662399
"ti","24-35",2006.25,0.498136577333548,0.434779622647662,0.570726033953688
"ti","24-35",2006.5,0.497296726321012,0.434230172488658,0.569522915904825
"ti","24-35",2006.75,0.496458175494748,0.433675504235815,0.568329817128784
"ti","24-35",2007,0.495620932196751,0.433115576468144,0.567146788934855
"ti","24-35",2007.25,0.49478500370946,0.43255035229405,0.565973877023559
"ti","24-35",2007.5,0.493950397255994,0.431979800163572,0.564811120466667
"ti","24-35",2007.75,0.493117120000395,0.431403894461298,0.563658550976059
"ti","24-35",2008,0.492285179047867,0.430822615875954,0.562516192464624
"ti","24-35",2008.25,0.491454581445024,0.430235951543282,0.561384060901768
"ti","24-35",2008.5,0.490625334180124,0.429643894959497,0.560262164465413
"ti","24-35",2008.75,0.489797444183322,0.429046445663373,0.559150503991681
"ti","24-35",2009,0.488970918326909,0.428443608685734,0.558049073722644
"ti","24-35",2009.25,0.488145763425563,0.427835393765956,0.556957862351797
"ti","24-35",2009.5,0.487321986236593,0.427221814335892,0.555876854366016
"ti","24-35",2009.75,0.486499593460185,0.426602886272467,0.554806031682023
"ti","24-35",2010,0.485678591739655,0.425978626421052,0.553745375574453
"ti","24-35",2010.25,0.484858987637732,0.425349050746294,0.552694869027246
"ti","24-35",2010.5,0.484040786225484,0.424714163955144,0.551654506993389
"ti","24-35",2010.75,0.483223990306514,0.424073954502502,0.550624301088436
"ti","24-35",2011,0.482408602462608,0.423428408834219,0.549604265737967
"ti","24-35",2011.25,0.481594625245915,0.422777514476023,0.548594414613568
"ti","24-35",2011.5,0.48078206117908,0.422121261695255,0.547594758490232
"ti","24-35",2011.75,0.479970912755392,0.421459644901087,0.546605303445626
"ti","24-35",2012,0.479161182438915,0.420792663779978,0.545626049403534
"ti","24-35",2012.25,0.47835287266463,0.420120324164024,0.544656989022904
"ti","24-35",2012.5,0.477545985838575,0.419442638630776,0.543698106933003
"ti","24-35",2012.75,0.476740524337984,0.418759626834082,0.542749379314228
"ti","24-35",2013,0.475936490511423,0.418071315566483,0.541810773823128
"ti","24-35",2013.25,0.475133886678932,0.417377738554754,0.540882249859169
"ti","24-35",2013.5,0.474332715132162,0.416678935991145,0.539963759169795
"ti","24-35",2013.75,0.473532978134517,0.415974953803945,0.53905524678928
"ti","24-35",2014,0.472734677921289,0.415265842671951,0.538156652305945
"ti","24-35",2014.25,0.471937816699798,0.414551656788389,0.537267911451295
"ti","24-35",2014.5,0.471142396649532,0.413832452380759,0.536388958003783
"ti","24-35",2014.75,0.470348419922288,0.413108285993939,0.535519725999005
"ti","24-35",2015,0.469555887638232,0.412379208552169,0.534660155127185
"ti","24-35",2015.25,0.468764796887367,0.411645252191289,0.533810200970671
"ti","24-35",2015.5,0.467975143765476,0.410906443590093,0.532969824636739
"ti","24-35",2015.75,0.467186924381546,0.410162809864291,0.532138987406743
"ti","24-35",2016,0.466400134857716,0.409414380185101,0.531317648630095
"ti","24-35",2016.25,0.465614771329234,0.408661187132125,0.530505763959135
"ti","24-35",2016.5,0.464830829944411,0.407903267781652,0.529703283922869
"ti","24-35",2016.75,0.464048306864576,0.407140664532458,0.528910152836656
"ti","24-35",2017,0.463267198264028,0.406373425672126,0.528126308043973
"ti","24-35",2017.25,0.46248750032999,0.40560160568783,0.527351679485476
"ti","24-35",2017.5,0.46170920926257,0.404825265326383,0.526586189589721
"ti","24-35",2017.75,0.46093232127471,0.404044471409265,0.525829753479014
"ti","24-35",2018,0.460156832592142,0.403259296409087,0.525082279483094
"ti","24-35",2018.25,0.459382739453345,0.402469817794769,0.524343669952591
"ti","24-35",2018.5,0.458610038109502,0.401676117153356,0.523613822363502
"ti","24-35",2018.75,0.45783872482445,0.400878279097038,0.522892630703341
"ti","24-35",2019,0.457068795874643,0.400076389964483,0.522179987129063
"ti","24-35",2019.25,0.456300247549103,0.399270536326064,0.521475783886388
"ti","24-35",2019.5,0.455533075976113,0.398460802172519,0.520779916561065
"ti","24-35",2019.75,0.454767275286782,0.397647255050607,0.52009229799774
"ti","24-35",2020,0.454002838344211,0.396829949781645,0.519412855148701
"ti","24-35",2020.25,0.453239758025673,0.396008937635066,0.518741520032249
"ti","24-35",2020.5,0.452478027244154,0.395184267591994,0.518078228129618
"ti","24-35",2020.75,0.451717638948212,0.394355987375233,0.517422917032557
"ti","24-35",2021,0.450958586121829,0.393524144385364,0.516775525208569
"ti","24-35",2021.25,0.450200861784268,0.392688786543677,0.516135990882832
"ti","24-35",2021.5,0.449444458989927,0.391849963042957,0.5155042510355
"ti","24-35",2021.75,0.448689370828201,0.391007725007425,0.514880240512854
"ti","24-35",2022,0.447935590423338,0.390162126063353,0.51426389125049
"ti","24-35",2022.25,0.447183110934297,0.389313222822166,0.513655131606514
"ti","24-35",2022.5,0.446431925554613,0.388461075278032,0.513053885802468
"ti","24-35",2022.75,0.445682027512256,0.387605747122175,0.512460073469513
"ti","24-35",2023,0.44493341006949,0.386747305976327,0.511873609297185
"ti","24-35",2023.25,0.444186066522744,0.385885823547951,0.511294402781891
"ti","24-35",2023.5,0.44343999020247,0.38502137570998,0.510722358072104
"ti","24-35",2023.75,0.442695174473009,0.384154042508014,0.510157373907107
"ti","24-35",2023.91666666667,0.442199327720014,0.383574258786172,0.509784587878298
"ti","36-47",2000.5,0.753324066193826,0.593050483808339,0.956912040712883
"ti","36-47",2000.75,0.748789517506856,0.591390760609744,0.948079981753628
"ti","36-47",2001,0.744282264128097,0.58972155425699,0.939351944484367
"ti","36-47",2001.25,0.739802141790777,0.588042380321287,0.930727490592072
"ti","36-47",2001.5,0.735348987216277,0.586352733150355,0.922206212111824
"ti","36-47",2001.75,0.730922638108195,0.584652085051436,0.91378773215534
"ti","36-47",2002,0.726522933146437,0.582939885478333,0.905471705636656
"ti","36-47",2002.25,0.722149711981353,0.581215560230068,0.897257819987339
"ti","36-47",2002.5,0.717802815227896,0.579478510670191,0.889145795852198
"ti","36-47",2002.75,0.713482084459829,0.577728112977293,0.881135387754879
"ti","36-47",2003,0.709187362203957,0.575963717439077,0.873226384721024
"ti","36-47",2003.25,0.704918491934401,0.574184647804224,0.865418610844674
"ti","36-47",2003.5,0.700675318066898,0.572390200708498,0.857711925781506
"ti","36-47",2003.75,0.696457685953146,0.570579645193798,0.850106225150149
"ti","36-47",2004,0.692265441875172,0.568752222341438,0.84260144082027
"ti","36-47",2004.25,0.68809843303974,0.566907145043607,0.835197541063493
"ti","36-47",2004.5,0.683956507572795,0.565043597939806,0.827894530540294
"ti","36-47",2004.75,0.679839514513931,0.56316073754801,0.820692450093143
"ti","36-47",2005,0.675747303810905,0.561257692623298,0.813591376313105
"ti","36-47",2005.25,0.671679726314169,0.55933356477968,0.80659142084417
"ti","36-47",2005.5,0.66763663377145,0.557387429413669,0.799692729386735
"ti","36-47",2005.75,0.663617878828335,0.555418336959915,0.792895480388869
"ti","36-47",2006,0.659623315085918,0.553425314435203,0.786199883626536
"ti","36-47",2006.25,0.655652797069007,0.551407367603241,0.779606177866177
"ti","36-47",2006.5,0.651706180176185,0.549363483662426,0.773114627947893
"ti","36-47",2006.75,0.647783320673837,0.547292634375922,0.766725521569863
"ti","36-47",2007,0.643884075690952,0.545193779766659,0.76043916551255
"ti","36-47",2007.25,0.64000830321397,0.543065872419058,0.75425588125845
"ti","36-47",2007.5,0.636155862081648,0.540907862422669,0.748175999972087
"ti","36-47",2007.75,0.632326611979958,0.538718702985596,0.742199856812367
"ti","36-47",2008,0.628520413437024,0.536497356735671,0.736327784559208
"ti","36-47",2008.25,0.624737127818078,0.534242802714859,0.730560106548958
"ti","36-47",2008.5,0.620976617320451,0.531954044056962,0.724897128928412
"ti","36-47",2008.75,0.617238744968599,0.52963011632058,0.719339132255473
"ti","36-47",2009,0.613523374609148,0.527270096428378,0.713886362495292
"ti","36-47",2009.25,0.609830370905977,0.52487311214055,0.708539021483989
"ti","36-47",2009.5,0.606159599335326,0.522438351965367,0.703297256956971
"ti","36-47",2009.75,0.602510926180937,0.519965075383706,0.698161152264932
"ti","36-47",2010,0.598884218529218,0.517452623238479,0.693130715926538
"ti","36-47",2010.25,0.595279344263048,0.514900428111633,0.688205871193056
"ti","36-47",2010.5,0.591696171975293,0.512308024293354,0.683386445904547
"ti","36-47",2010.75,0.588134570921114,0.509675057451066,0.678672162696077
"ti","36-47",2011,0.58459441113343,0.507001294108934,0.674062629621246
"ti","36-47",2011.25,0.581075563429373,0.504286629986936,0.669557331756964
"ti","36-47",2011.5,0.577577899405539,0.501531097208118,0.665155623925916
"ti","36-47",2011.75,0.574101291433278,0.498734870186556,0.660856724740485
"ti","36-47",2012,0.570645612654011,0.495898270002513,0.656659712161573
"ti","36-47",2012.25,0.567210736974571,0.4930217671028,0.652563520734273
"ti","36-47",2012.5,0.563796539062576,0.49010598220422,0.648566940622424
"ti","36-47",2012.75,0.560402894341831,0.48715168532476,0.644668618517328
"ti","36-47",2013,0.557029678987752,0.484159792918788,0.640867060444327
"ti","36-47",2013.25,0.553676769922825,0.481131363146424,0.637160636436992
"ti","36-47",2013.5,0.550344044812088,0.478067589360793,0.633547586995173
"ti","36-47",2013.75,0.547031382058643,0.474969791947307,0.63002603119271
"ti","36-47",2014,0.543738660799192,0.47183940869389,0.626593976255817
"ti","36-47",2014.25,0.540465760899601,0.468677983908073,0.623249328396186
"ti","36-47",2014.5,0.537212562950496,0.465487156524487,0.619989904655208
"ti","36-47",2014.75,0.533978948262878,0.462268647463605,0.616813445498438
"ti","36-47",2015,0.530764798871636,0.459024246464942,0.613717627970146
"ti","36-47",2015.25,0.527569997554446,0.455755798633974,0.610700079195547
"ti","36-47",2015.5,0.524394427803207,0.452465191330814,0.607758389329883
"ti","36-47",2015.75,0.52123797381182,0.449154341232987,0.604890124400511
"ti","36-47",2016,0.518100520471953,0.445825181815932,0.602092838766865
"ti","36-47",2016.25,0.514981953368834,0.442479651471105,0.599364086944682
"ti","36-47",2016.5,0.511882158777069,0.439119682402817,0.596701434653323
"ti","36-47",2016.75,0.508801023656482,0.435747190411494,0.594102468978435
"ti","36-47",2017,0.505738435647988,0.432364065638469,0.591564807574788
"ti","36-47",2017.25,0.502694283069479,0.428972164316833,0.589086106864722
"ti","36-47",2017.5,0.499668454911747,0.425573301545241,0.586664069215232
"ti","36-47",2017.75,0.496660840834424,0.42216924507745,0.58429644910089
"ti","36-47",2018,0.493671331161951,0.418761710100122,0.581981058280002
"ti","36-47",2018.25,0.490699816879563,0.415352354955084,0.579715770027775
"ti","36-47",2018.5,0.487746189629311,0.411942777749737,0.577498522482748
"ti","36-47",2018.75,0.484810341706099,0.408534513790347,0.575327321171704
"ti","36-47",2019,0.481892166053747,0.405129033767207,0.573200240784048
"ti","36-47",2019.25,0.478991556261075,0.401727742617658,0.571115426269596
"ti","36-47",2019.5,0.476108406557534,0.398331978981154,0.569071093349194
"ti","36-47",2019.75,0.473242611804209,0.394943015082583,0.567065528631869
"ti","36-47",2020,0.470394067492133,0.391562057263433,0.565097089023947
"ti","36-47",2020.25,0.467562669742098,0.388190246946593,0.563164200687491
"ti","36-47",2020.5,0.46474831530091,0.384828661844907,0.5612653577817
"ti","36-47",2020.75,0.461950901537623,0.38147831743736,0.559399120938147
"ti","36-47",2021,0.459170326439774,0.378140168662478,0.557564115519817
"ti","36-47",2021.25,0.45640648860966,0.374815111782414,0.555759029710425
"ti","36-47",2021.5,0.453659287260622,0.371503986376484,0.553982612475253
"ti","36-47",2021.75,0.450928622213365,0.368207577427896,0.552233671429703
"ti","36-47",2022,0.448214393892292,0.364926617472208,0.550511070647057
"ti","36-47",2022.25,0.445516503321857,0.361661788780411,0.548813728432472
"ti","36-47",2022.5,0.442834852122954,0.358413725553607,0.54714061508626
"ti","36-47",2022.75,0.44016934250931,0.355183016109877,0.545490750675819
"ti","36-47",2023,0.437519877283915,0.351970205047248,0.543863202832284
"ti","36-47",2023.25,0.434886359835463,0.348775795369557,0.542257084585085
"ti","36-47",2023.5,0.432268694134823,0.3456002505646,0.540671552245006
"ti","36-47",2023.75,0.429666784731522,0.342443996626188,0.539105803344096
"ti","36-47",2023.91666666667,0.42794088508561,0.340350738706185,0.538072583077156
"ti","48-59",2000.5,0.84539801925143,0.639724544717698,1.11719616959457
"ti","48-59",2000.75,0.839100811376823,0.637408273731813,1.10461410789513
"ti","48-59",2001,0.832850510946354,0.635083354568838,1.0922030448342
"ti","48-59",2001.25,0.826646768792162,0.63274921568222,1.07996163949054
"ti","48-59",2001.5,0.820489238341856,0.630405260984095,1.0678885978583
"ti","48-59",2001.75,0.814377575599263,0.628050868820388,1.05598267364009
"ti","48-59",2002,0.808311439125317,0.625685390936366,1.04424266905617
"ti","48-59",2002.25,0.802290490019097,0.623308151440552,1.03266743566159
"ti","48-59",2002.5,0.796314391898992,0.620918445776556,1.02125587516151
"ti","48-59",2002.75,0.790382810884016,0.618515539714231,1.01000694021293
"ti","48-59",2003,0.784495415575258,0.616098668373724,0.998919635199204
"ti","48-59",2003.25,0.778651877037465,0.613667035298372,0.987993016961028
"ti","48-59",2003.5,0.772851868780773,0.611219811595074,0.977226195465073
"ti","48-59",2003.75,0.767095066742556,0.608756135163773,0.966618334388466
"ti","48-59",2004,0.761381149269424,0.606275110040926,0.956168651593988
"ti","48-59",2004.25,0.75570979709935,0.603775805885473,0.945876419467309
"ti","48-59",2004.5,0.750080693343921,0.601257257639624,0.935740965083727
"ti","48-59",2004.75,0.744493523470735,0.598718465400955,0.925761670167766
"ti","48-59",2005,0.738947975285917,0.596158394546578,0.915937970804661
"ti","48-59",2005.25,0.733443738916768,0.593575976154622,0.906269356858337
"ti","48-59",2005.5,0.727980506794541,0.590970107772732,0.896755371046011
"ti","48-59",2005.75,0.722557973757114,0.588339654504042,0.887395608035459
"ti","48-59",2006,0.71717583829058,0.585683449822313,0.878189716960312
"ti","48-59",2006.25,0.71183380197431,0.583000298462846,0.869137396617462
"ti","48-59",2006.5,0.706531568568433,0.580288980291793,0.860238388695161
"ti","48-59",2006.75,0.701268843983475,0.577548254205292,0.851492473505277
"ti","48-59",2007,0.696045336265188,0.574776862731086,0.842899465080218
"ti","48-59",2007.25,0.690860755579482,0.571973537402544,0.834459205520808
"ti","48-59",2007.5,0.685714814197456,0.569137004958994,0.826171558540162
"ti","48-59",2007.75,0.68060722648053,0.566265994418041,0.818036402156876
"ti","48-59",2008,0.67553770886568,0.563359245053932,0.810053620502499
"ti","48-59",2008.25,0.670505979850772,0.560415515300658,0.802223094723651
"ti","48-59",2008.5,0.665511759979996,0.557433592578985,0.794544692978679
"ti","48-59",2008.75,0.660554771829396,0.554412304022914,0.787018259552465
"ti","48-59",2009,0.655634739992504,0.551350528053169,0.779643603140949
"ti","48-59",2009.25,0.650751391066061,0.548247206713494,0.772420484388745
"ti","48-59",2009.5,0.64590445363585,0.545101358650506,0.76534860279831
"ti","48-59",2009.75,0.641093658262606,0.541912092580495,0.75842758316651
"ti","48-59",2010,0.636318737468045,0.53867862104832,0.751656961742699
"ti","48-59",2010.25,0.631579425704262,0.535400274205687,0.745036172356687
"ti","48-59",2010.5,0.626875458362573,0.532076511066483,0.738564533716437
"ti","48-59",2010.75,0.622206571253896,0.528706931609385,0.73224123643144
"ti","48-59",2011,0.61757250203963,0.525291293231961,0.726065328303605
"ti","48-59",2011.25,0.612972990351274,0.521829523011792,0.720035701950296
"ti","48-59",2011.5,0.608407777775543,0.518321728139719,0.714151084088828
"ti","48-59",2011.75,0.603876607839609,0.514768204516559,0.708410026680548
"ti","48-59",2012,0.599379225996446,0.511169443210863,0.702810900235876
"ti","48-59",2012.25,0.594915379610288,0.507526134519365,0.697351889537718
"ti","48-59",2012.5,0.590484817942203,0.503839169430038,0.692030991982358
"ti","48-59",2012.75,0.586087292135769,0.500109638358021,0.686846018666676
"ti","48-59",2013,0.581722555202862,0.496338827103896,0.681794598271295
"ti","48-59",2013.25,0.577390362009554,0.492528210067952,0.676874183705191
"ti","48-59",2013.5,0.573090469262116,0.488679440838639,0.672082061392717
"ti","48-59",2013.75,0.568822635493128,0.484794340353803,0.66741536300365
"ti","48-59",2014,0.564586621047693,0.48087488290507,0.662871079355121
"ti","48-59",2014.25,0.560382188069758,0.476923180315254,0.658446076154805
"ti","48-59",2014.5,0.556209100488539,0.472941464662933,0.654137111210492
"ti","48-59",2014.75,0.552067124005047,0.468932069955804,0.649940852703739
"ti","48-59",2015,0.547956025982978,0.46489741251809,0.645853898787564
"ti","48-59",2015.25,0.54387557515393,0.460839970081009,0.641872798483648
"ti","48-59",2015.5,0.539825541901286,0.456762265363548,0.637994067782889
"ti","48-59",2015.75,0.535805698344022,0.452666848793673,0.634214206635619
"ti","48-59",2016,0.531815818323416,0.448556281283017,0.630529715936703
"ti","48-59",2016.25,0.527855677389877,0.444433117977157,0.626937113554726
"ti","48-59",2016.5,0.523925052789867,0.440299893183384,0.623432949202504
"ti","48-59",2016.75,0.520023723452929,0.436159106626177,0.6200138179979
"ti","48-59",2017,0.516151469978815,0.432013211130526,0.616676372613984
"ti","48-59",2017.25,0.512308074624711,0.427864601786821,0.61341733396409
"ti","48-59",2017.5,0.508493321292565,0.423715606609486,0.610233500408798
"ti","48-59",2017.75,0.504706995516512,0.419568478665911,0.60712175550761
"ti","48-59",2018,0.500948884450396,0.415425389622844,0.604079074367429
"ti","48-59",2018.25,0.497218776855387,0.41128842463436,0.601102528663078
"ti","48-59",2018.5,0.493516463087702,0.407159578478424,0.598189290422163
"ti","48-59",2018.75,0.48984173508641,0.40304075283757,0.595336634678143
"ti","48-59",2019,0.48619438636134,0.398933754612511,0.592541941102184
"ti","48-59",2019.25,0.482574211981078,0.394840295154952,0.589802694726907
"ti","48-59",2019.5,0.478981008560051,0.390761990193432,0.587116486042147
"ti","48-59",2019.75,0.475414574236085,0.386700359431028,0.584481011935524
"ti","48-59",2020,0.471874708663225,0.382656828665543,0.581894073215722
"ti","48-59",2020.25,0.468361213007661,0.378632732817196,0.579353570986466
"ti","48-59",2020.5,0.464873889936302,0.374629318480235,0.576857503895308
"ti","48-59",2020.75,0.461412543605314,0.370647746745958,0.57440396512716
"ti","48-59",2021,0.457976979648743,0.366689096241834,0.571991139190727
"ti","48-59",2021.25,0.454567005167225,0.362754366325437,0.569617298558788
"ti","48-59",2021.5,0.451182428716792,0.358844480380065,0.567280800215122
"ti","48-59",2021.75,0.447823060297753,0.354960289166435,0.564980082153394
"ti","48-59",2022,0.44448871134367,0.351102574191822,0.562713659866293
"ti","48-59",2022.25,0.441179194710418,0.347272051064346,0.560480122856959
"ti","48-59",2022.5,0.437894324665325,0.343469372805742,0.558278131199053
"ti","48-59",2022.75,0.434633916876401,0.339695133100997,0.55610641216681
"ti","48-59",2023,0.431397788401653,0.335949869467647,0.553963756952016
"ti","48-59",2023.25,0.42818575767847,0.332234066331358,0.551849017481024
"ti","48-59",2023.5,0.424997644513107,0.328548157997745,0.549761103341595
"ti","48-59",2023.75,0.421833270070238,0.324892531513187,0.547698978826567
"ti","48-59",2023.91666666667,0.419736787584291,0.322472441343092,0.546338068821626
