"iso3","state","key","age_band","year","series","exposure_source","pfpr_pct","ihme_deaths","implied_person_years","age_mapping","ihme_rate_per100000","log_hr_zero_vs_current","log_hr_se","hr_zero_vs_current","hr_lower_95","hr_upper_95","attributable_fraction","af_lower_95","af_upper_95","counterfactual_deaths","attributable_deaths","attributable_deaths_lower_95","attributable_deaths_upper_95","zero_below_observed_support","current_pfpr_outside_central95","current_pfpr_outside_observed_support","negative_attributable_estimate"
"NGA","Abia","abia","<1",2024,"map_full","MAP",29.3385490348385,3492.21115981618,11286.8864210489,"0-27 days mapped to model <1 completed month",30940.429712339,-0.0900527206283655,0.0303786298459208,0.913883003514955,0.861056775719398,0.969950144594979,0.0861169964850448,0.0300498554050215,0.138943224280602,3191.47242364125,300.738736174924,104.940440396278,485.219078413561,TRUE,FALSE,FALSE,FALSE
"NGA","Abia","abia","1-5",2024,"map_full","MAP",29.3385490348385,1505.75840401694,61049.6967925562,"direct age match",2466.44698192921,-0.198108882608968,0.0423286519462524,0.820280533990641,0.75497318990469,0.891237150459496,0.179719466009359,0.108762849540504,0.24502681009531,1235.14430770791,270.614096309028,163.770574740443,368.951178510475,TRUE,FALSE,FALSE,FALSE
"NGA","Abia","abia","6-11",2024,"map_full","MAP",29.3385490348385,2313.65525701036,71570.1764903117,"direct age match",3232.70860918382,-0.481111977473395,0.0539875201471594,0.618095701032726,0.556033065063111,0.687085570337035,0.381904298967274,0.312914429662965,0.443966934936889,1430.06036802987,883.594888980489,723.976115184118,1027.18643295551,TRUE,FALSE,FALSE,FALSE
"NGA","Abia","abia","12-23",2024,"map_full","MAP",29.3385490348385,2260.94653819113,138665.223521518,"IHME 1 to 4 minus 2 to 4",1630.50726113767,-0.760965912614865,0.0670386222908353,0.467214920201677,0.409687087329862,0.532820751275721,0.532785079798323,0.467179248724279,0.590312912670139,1056.34795642123,1204.59858176991,1056.26730511789,1334.66593635107,TRUE,FALSE,FALSE,FALSE
"NGA","Abia","abia","24-35",2024,"map_full","MAP",29.3385490348385,1163.33301142896,136057.723848422,"IHME 2-4 rate shared; deaths and person-time divided equally",855.029011601722,-0.87262433117907,0.0698190480129657,0.417853523056799,0.364412188768684,0.479132071078471,0.582146476943201,0.520867928921529,0.635587811231316,486.102797313866,677.230214115094,605.942856309048,739.400282467268,TRUE,FALSE,FALSE,FALSE
"NGA","Abia","abia","36-47",2024,"map_full","MAP",29.3385490348385,1163.33301142896,136057.723848422,"IHME 2-4 rate shared; deaths and person-time divided equally",855.029011601722,-0.713312727410802,0.0758478615540715,0.490018208966989,0.422327357896285,0.568558585253159,0.509981791033011,0.431441414746841,0.577672642103715,570.054358692593,593.278652736367,501.910040272614,672.025654358639,TRUE,FALSE,FALSE,FALSE
"NGA","Abia","abia","48-59",2024,"map_full","MAP",29.3385490348385,1163.33301142896,136057.723848422,"IHME 2-4 rate shared; deaths and person-time divided equally",855.029011601722,-0.632830044589675,0.0856777925153721,0.531086673255843,0.448988269273958,0.628196934779734,0.468913326744157,0.371803065220266,0.551011730726042,617.830658928508,545.502352500452,432.53077952121,641.01013603821,TRUE,FALSE,FALSE,FALSE
"NGA","Adamawa","adamawa","<1",2024,"map_full","MAP",24.3095856120304,4006.59711293149,9063.2871120074,"0-27 days mapped to model <1 completed month",44206.8872299477,-0.0737087935817691,0.0285684340616103,0.928942168379012,0.878356330449558,0.98244131940284,0.0710578316209876,0.0175586805971595,0.121643669550442,3721.89700990767,284.700103023821,70.3505589874654,487.377175227192,TRUE,FALSE,FALSE,FALSE
"NGA","Adamawa","adamawa","1-5",2024,"map_full","MAP",24.3095856120304,1548.61120434922,48597.1210571777,"direct age match",3186.63157541199,-0.173531809459926,0.0397438291021511,0.840690408828684,0.777688115886861,0.908796661616158,0.159309591171316,0.0912033383838416,0.222311884113139,1301.90258650102,246.708617848193,141.23851169527,344.274674597591,TRUE,FALSE,FALSE,FALSE
"NGA","Adamawa","adamawa","6-11",2024,"map_full","MAP",24.3095856120304,1484.10011009275,56836.3180710748,"direct age match",2611.18270933183,-0.428846455612468,0.0524017231831438,0.651259918809771,0.587691086017425,0.721704807065142,0.348740081190229,0.278295192934858,0.412308913982575,966.534917204573,517.565192888172,413.017926472905,611.90770463376,TRUE,FALSE,FALSE,FALSE
"NGA","Adamawa","adamawa","12-23",2024,"map_full","MAP",24.3095856120304,1337.29712476157,110759.916738091,"IHME 1 to 4 minus 2 to 4",1207.38364937906,-0.702774236605288,0.0665673929770796,0.49520956785483,0.434636023018081,0.564225013822119,0.50479043214517,0.435774986177881,0.565363976981919,662.242331246684,675.054793514885,582.760636058693,756.059620861686,TRUE,FALSE,FALSE,FALSE
"NGA","Adamawa","adamawa","24-35",2024,"map_full","MAP",24.3095856120304,785.846050261576,110275.251063573,"IHME 2-4 rate shared; deaths and person-time divided equally",712.622317956491,-0.826522246249787,0.07000779331444,0.437568398380038,0.381464486716094,0.501923796128815,0.562431601619962,0.498076203871185,0.618535513283906,343.861397586237,441.984652675339,391.41121754145,486.073690060674,TRUE,FALSE,FALSE,FALSE
"NGA","Adamawa","adamawa","36-47",2024,"map_full","MAP",24.3095856120304,785.846050261576,110275.251063573,"IHME 2-4 rate shared; deaths and person-time divided equally",712.622317956491,-0.662099768650766,0.0754098465441249,0.515767204871452,0.444901189349596,0.597921102458279,0.484232795128548,0.402078897541721,0.555098810650404,405.313620802683,380.532429458893,315.972113526691,436.222207854518,TRUE,FALSE,FALSE,FALSE
"NGA","Adamawa","adamawa","48-59",2024,"map_full","MAP",24.3095856120304,785.846050261576,110275.251063573,"IHME 2-4 rate shared; deaths and person-time divided equally",712.622317956491,-0.604773388808445,0.0854827107321794,0.546198187238447,0.461940353208979,0.645824634436304,0.453801812761553,0.354175365563696,0.538059646791021,429.227688101366,356.61836216021,278.327312128181,422.832048235863,TRUE,FALSE,FALSE,FALSE
"NGA","Akwa Ibom","akwaibom","<1",2024,"map_full","MAP",31.2500767570482,1428.76284217155,4448.64178875748,"0-27 days mapped to model <1 completed month",32116.8327326847,-0.0958164650252527,0.0309200720231092,0.908630766290735,0.855200096706667,0.965399644632257,0.0913692337092651,0.0346003553677431,0.144799903293333,1298.21787613007,130.544966041487,49.4357020753624,206.884721375549,TRUE,FALSE,FALSE,FALSE
"NGA","Akwa Ibom","akwaibom","1-5",2024,"map_full","MAP",31.2500767570482,560.346157309745,24147.9550549551,"direct age match",2320.47043335359,-0.206328541390107,0.0430940438810492,0.813565742350259,0.747670528923071,0.885268566194925,0.186434257649741,0.114731433805075,0.252329471076929,455.878437444818,104.467719864927,64.2893180553114,141.391849493958,TRUE,FALSE,FALSE,FALSE
"NGA","Akwa Ibom","akwaibom","6-11",2024,"map_full","MAP",31.2500767570482,453.116626724564,28591.940263283,"direct age match",1584.77047221047,-0.497826203412384,0.0543263229227962,0.607850568077394,0.546453645116932,0.676145756211303,0.392149431922606,0.323854243788697,0.453546354883068,275.427198959839,177.689427764725,146.743742495969,205.509394387838,TRUE,FALSE,FALSE,FALSE
"NGA","Akwa Ibom","akwaibom","12-23",2024,"map_full","MAP",31.2500767570482,463.164146340028,55214.1705496034,"IHME 1 to 4 minus 2 to 4",838.850138885868,-0.776573669909344,0.0669689339861297,0.459979355474511,0.403397528351515,0.524497530580748,0.540020644525489,0.475502469419252,0.596602471648485,213.045945512388,250.118200827639,220.235695331143,276.324874485421,TRUE,FALSE,FALSE,FALSE
"NGA","Akwa Ibom","akwaibom","24-35",2024,"map_full","MAP",31.2500767570482,205.93137665412,55681.6077976479,"IHME 2-4 rate shared; deaths and person-time divided equally",369.837339112932,-0.882493027123957,0.0695000766489326,0.41375013453783,0.361059260592396,0.474130406042486,0.58624986546217,0.525869593957514,0.638940739407604,85.2041347962026,120.727241857917,108.293049424214,131.577946066609,TRUE,FALSE,FALSE,FALSE
"NGA","Akwa Ibom","akwaibom","36-47",2024,"map_full","MAP",31.2500767570482,205.93137665412,55681.6077976479,"IHME 2-4 rate shared; deaths and person-time divided equally",369.837339112932,-0.726436973325485,0.075723407202913,0.483629107268514,0.41692253099051,0.56100857116466,0.516370892731486,0.43899142883534,0.58307746900949,99.5944078498082,106.336968804312,90.4021092794206,120.073945889124,TRUE,FALSE,FALSE,FALSE
"NGA","Akwa Ibom","akwaibom","48-59",2024,"map_full","MAP",31.2500767570482,205.93137665412,55681.6077976479,"IHME 2-4 rate shared; deaths and person-time divided equally",369.837339112932,-0.637465178252295,0.0854755722854545,0.528630711790779,0.447089133728885,0.625044109477025,0.471369288209221,0.374955890522975,0.552910866271115,108.861650220722,97.0697264333974,77.2151827199676,113.861695858233,TRUE,FALSE,FALSE,FALSE
"NGA","Anambra","anambra","<1",2024,"map_full","MAP",21.7136200822191,2649.20622319783,13662.0194049563,"0-27 days mapped to model <1 completed month",19391.0295738327,-0.0650019752656696,0.0272741672773069,0.937065612422041,0.888287929930261,0.988521775876019,0.062934387577959,0.0114782241239806,0.111712070069739,2482.48005197316,166.726171224673,30.4081827805089,295.948311235065,TRUE,FALSE,FALSE,FALSE
"NGA","Anambra","anambra","1-5",2024,"map_full","MAP",21.7136200822191,1719.71052730814,73999.7777422276,"direct age match",2323.94012492661,-0.15909772161428,0.0378977861343478,0.852913006860675,0.791854685078954,0.918679413003138,0.147086993139325,0.0813205869968622,0.208145314921046,1466.76347677634,252.947050531797,139.847869545381,357.94968927959,TRUE,FALSE,FALSE,FALSE
"NGA","Anambra","anambra","6-11",2024,"map_full","MAP",21.7136200822191,1730.01831915142,87138.4596022673,"direct age match",1985.36711234956,-0.396610130632967,0.0508112882855195,0.672596199177061,0.608839705259462,0.743029147474279,0.327403800822939,0.256970852525721,0.391160294740538,1163.60374596793,566.414573183486,444.564282357455,676.714475625799,TRUE,FALSE,FALSE,FALSE
"NGA","Anambra","anambra","12-23",2024,"map_full","MAP",21.7136200822191,1434.0385161781,170008.475443703,"IHME 1 to 4 minus 2 to 4",843.51001468334,-0.661078463787247,0.0653595435773923,0.516294229506832,0.454215661136751,0.58685720072915,0.483705770493168,0.41314279927085,0.545784338863249,740.385810793294,693.652705384807,592.462686836037,782.675763456699,TRUE,FALSE,FALSE,FALSE
"NGA","Anambra","anambra","24-35",2024,"map_full","MAP",21.7136200822191,671.88894407527,171418.855590109,"IHME 2-4 rate shared; deaths and person-time divided equally",391.957431848612,-0.787381609866769,0.0690584783765607,0.455034695147548,0.39743009281557,0.5209886657579,0.544965304852452,0.4790113342421,0.60256990718443,305.732780840299,366.156163234972,321.842419564011,404.86005866968,TRUE,FALSE,FALSE,FALSE
"NGA","Anambra","anambra","36-47",2024,"map_full","MAP",21.7136200822191,671.88894407527,171418.855590109,"IHME 2-4 rate shared; deaths and person-time divided equally",391.957431848612,-0.624248523130713,0.0740880481481328,0.535663816275153,0.463262654456044,0.619380218341529,0.464336183724847,0.380619781658471,0.536737345543956,359.906595896442,311.982348178828,255.73422319267,360.627888343292,TRUE,FALSE,FALSE,FALSE
"NGA","Anambra","anambra","48-59",2024,"map_full","MAP",21.7136200822191,671.88894407527,171418.855590109,"IHME 2-4 rate shared; deaths and person-time divided equally",391.957431848612,-0.578301764054974,0.0842022716790689,0.560850013929232,0.475523861403011,0.661486759457972,0.439149986070768,0.338513240542028,0.524476138596989,376.828923643512,295.060020431758,227.443303743281,352.389718954606,TRUE,FALSE,FALSE,FALSE
"NGA","Bauchi","bauchi","<1",2024,"map_full","MAP",24.5498471220122,11590.5811129923,25869.0222520997,"0-27 days mapped to model <1 completed month",44804.8673816866,-0.0745122330027403,0.0286726634563274,0.928196119363861,0.877471631116096,0.981852866179033,0.0718038806361392,0.018147133820967,0.122528368883904,10758.3324102515,832.248702740785,210.335826520243,1420.17499819152,TRUE,FALSE,FALSE,FALSE
"NGA","Bauchi","bauchi","1-5",2024,"map_full","MAP",24.5498471220122,3912.99426137705,138525.320001399,"direct age match",2824.75020547689,-0.17480629437065,0.0398928861093418,0.839619644069743,0.776470715047651,0.907904358845704,0.160380355930257,0.0920956411542959,0.223529284952349,3285.42684898435,627.567412392703,360.3697153346,874.668809268258,TRUE,FALSE,FALSE,FALSE
"NGA","Bauchi","bauchi","6-11",2024,"map_full","MAP",24.5498471220122,3045.56340665849,161163.146747608,"direct age match",1889.73935302221,-0.431639444913706,0.0525142162854946,0.649443494631653,0.585922758906154,0.71985060540536,0.350556505368347,0.28014939459464,0.414077241093846,1977.92134194257,1067.64206471592,853.212744574964,1261.09849300552,TRUE,FALSE,FALSE,FALSE
"NGA","Bauchi","bauchi","12-23",2024,"map_full","MAP",24.5498471220122,4361.23717629442,309061.782951558,"IHME 1 to 4 minus 2 to 4",1411.1214704854,-0.706198367896157,0.0666331641817554,0.493516805052964,0.433094482804194,0.562368828373647,0.506483194947036,0.437631171626353,0.566905517195806,2152.34383732303,2208.89333897139,1908.61333520214,2472.40941704077,TRUE,FALSE,FALSE,FALSE
"NGA","Bauchi","bauchi","24-35",2024,"map_full","MAP",24.5498471220122,3491.26819738479,286555.603550152,"IHME 2-4 rate shared; deaths and person-time divided equally",1218.35628203786,-0.829548802781787,0.0700450805914209,0.436246074938428,0.380283914907809,0.500443564501855,0.563753925061572,0.499556435498145,0.619716085092191,1523.05204766648,1968.21614971832,1744.08549605358,2163.59505929017,TRUE,FALSE,FALSE,FALSE
"NGA","Bauchi","bauchi","36-47",2024,"map_full","MAP",24.5498471220122,3491.26819738479,286555.603550152,"IHME 2-4 rate shared; deaths and person-time divided equally",1218.35628203786,-0.66517623906401,0.0754800027795594,0.514182900607716,0.443473582698378,0.596166413495663,0.485817099392284,0.403833586504337,0.556526417301622,1795.15040853078,1696.11778885401,1409.89135759843,1942.98298172965,TRUE,FALSE,FALSE,FALSE
"NGA","Bauchi","bauchi","48-59",2024,"map_full","MAP",24.5498471220122,3491.26819738479,286555.603550152,"IHME 2-4 rate shared; deaths and person-time divided equally",1218.35628203786,-0.606758919552768,0.0855433790302439,0.545114769880361,0.460969249344562,0.644620249103876,0.454885230119639,0.355379750896124,0.539030750655438,1903.14186000803,1588.12633737676,1240.72602229817,1881.90091717578,TRUE,FALSE,FALSE,FALSE
"NGA","Bayelsa","bayelsa","<1",2024,"map_full","MAP",26.0784711110067,543.113136850266,1528.47549497687,"0-27 days mapped to model <1 completed month",35532.9960234976,-0.0795895193738245,0.0292867963896147,0.923495345543117,0.871977515574284,0.978056931523193,0.0765046544568827,0.021943068476807,0.128022484425716,501.562453984543,41.5506828657233,11.9175687525589,69.5306931038148,TRUE,FALSE,FALSE,FALSE
"NGA","Bayelsa","bayelsa","1-5",2024,"map_full","MAP",26.0784711110067,259.883606325633,8254.66266636892,"direct age match",3148.32497497989,-0.182675855869269,0.0407714719306103,0.833038136400993,0.769058729713787,0.90234010731105,0.166961863599007,0.0976598926889497,0.230941270286213,216.492955094675,43.3906512309585,25.3802051053786,60.0178501714038,TRUE,FALSE,FALSE,FALSE
"NGA","Bayelsa","bayelsa","6-11",2024,"map_full","MAP",26.0784711110067,251.185569564079,9745.28238760831,"direct age match",2577.50939966066,-0.44868792183414,0.0531242978959177,0.638465318691669,0.575329967813898,0.708528993754611,0.361534681308331,0.291471006245389,0.424670032186102,160.373274722478,90.8122948416011,73.2133107151634,106.670983911462,TRUE,FALSE,FALSE,FALSE
"NGA","Bayelsa","bayelsa","12-23",2024,"map_full","MAP",26.0784711110067,192.404415500291,18730.0980897015,"IHME 1 to 4 minus 2 to 4",1027.24723906322,-0.726379631381911,0.066919544922071,0.483656840296619,0.424203519781178,0.551442711475796,0.516343159703381,0.448557288524204,0.575796480218822,93.0577116599886,99.3467038403024,86.3044029168949,110.785785223627,TRUE,FALSE,FALSE,FALSE
"NGA","Bayelsa","bayelsa","24-35",2024,"map_full","MAP",26.0784711110067,117.009673397157,18833.7548952923,"IHME 2-4 rate shared; deaths and person-time divided equally",621.276394684336,-0.846685084142402,0.0701388028732211,0.428834127441651,0.373754117440798,0.492031258726592,0.571165872558349,0.507968741273408,0.626245882559202,50.1777411935023,66.8319322036545,59.4372565123663,73.2768261845665,TRUE,FALSE,FALSE,FALSE
"NGA","Bayelsa","bayelsa","36-47",2024,"map_full","MAP",26.0784711110067,117.009673397157,18833.7548952923,"IHME 2-4 rate shared; deaths and person-time divided equally",621.276394684336,-0.683178576811185,0.0757765793820138,0.505009227896584,0.435308339567711,0.585870513103353,0.494990772103416,0.414129486896647,0.564691660432289,59.0909648187296,57.9187085784272,48.4571560059087,66.0743867572803,TRUE,FALSE,FALSE,FALSE
"NGA","Bayelsa","bayelsa","48-59",2024,"map_full","MAP",26.0784711110067,117.009673397157,18833.7548952923,"IHME 2-4 rate shared; deaths and person-time divided equally",621.276394684336,-0.617735644630811,0.0857686601646344,0.539163915114449,0.455735711034946,0.637864710451119,0.460836084885551,0.362135289548881,0.544264288965054,63.0873936150741,53.9222797820827,42.3733319556993,63.6841866935367,TRUE,FALSE,FALSE,FALSE
"NGA","Benue","benue","<1",2024,"map_full","MAP",29.6189343353326,10023.5037955967,24917.0729841917,"0-27 days mapped to model <1 completed month",40227.452887247,-0.0909187568115219,0.0304619316684173,0.913091890382484,0.860170939279808,0.96926873742133,0.0869081096175157,0.0307312625786705,0.139829060720192,9152.38002897738,871.123766619301,308.034927100782,1401.57712086356,TRUE,FALSE,FALSE,FALSE
"NGA","Benue","benue","1-5",2024,"map_full","MAP",29.6189343353326,4075.84508748986,134393.808100046,"direct age match",3032.7625543996,-0.199352297317684,0.0424468092790103,0.819261218956386,0.753860422992627,0.890335829305723,0.180738781043614,0.109664170694277,0.246139577007373,3339.18181465434,736.663272835519,446.974171397919,1003.22678578233,TRUE,FALSE,FALSE,FALSE
"NGA","Benue","benue","6-11",2024,"map_full","MAP",29.6189343353326,3169.55507822286,158880.797935873,"direct age match",1994.92646021463,-0.483665178225891,0.0540429076696932,0.616519591541903,0.554555006318602,0.685407944070787,0.383480408458097,0.314592055929213,0.445444993681398,1954.09280219552,1215.46227602734,997.116848439008,1411.86244179182,TRUE,FALSE,FALSE,FALSE
"NGA","Benue","benue","12-23",2024,"map_full","MAP",29.6189343353326,2455.94177704008,317220.653054462,"IHME 1 to 4 minus 2 to 4",774.206141180358,-0.763454745536911,0.0670316870280701,0.466053546159074,0.408674267545915,0.531489073661936,0.533946453840926,0.468510926338064,0.591325732454085,1144.60037434975,1311.34140269033,1150.6355569934,1452.26157017281,TRUE,FALSE,FALSE,FALSE
"NGA","Benue","benue","24-35",2024,"map_full","MAP",29.6189343353326,1338.77279326411,315653.274952672,"IHME 2-4 rate shared; deaths and person-time divided equally",424.127642415509,-0.87428532180218,0.0697746734378203,0.417160048360087,0.363839049170769,0.478295296627471,0.582839951639913,0.521704703372529,0.636160950829231,558.482523181226,780.290270082886,698.444062993065,851.674973107203,TRUE,FALSE,FALSE,FALSE
"NGA","Benue","benue","36-47",2024,"map_full","MAP",29.6189343353326,1338.77279326411,315653.274952672,"IHME 2-4 rate shared; deaths and person-time divided equally",424.127642415509,-0.715431313831443,0.0758338905620453,0.48898116196834,0.421445108344886,0.56733978405615,0.51101883803166,0.43266021594385,0.578554891655114,654.634676061886,684.138117202226,579.233725833402,774.553548357733,TRUE,FALSE,FALSE,FALSE
"NGA","Benue","benue","48-59",2024,"map_full","MAP",29.6189343353326,1338.77279326411,315653.274952672,"IHME 2-4 rate shared; deaths and person-time divided equally",424.127642415509,-0.633679276699756,0.085651418091032,0.530635848854051,0.448630326716042,0.627631230706524,0.469364151145949,0.372368769293476,0.551369673283958,710.400837576411,628.371955687701,498.517177391347,738.158717623485,TRUE,FALSE,FALSE,FALSE
"NGA","Borno","borno","<1",2024,"map_full","MAP",18.9105232538524,4461.33425366702,14435.1519212145,"0-27 days mapped to model <1 completed month",30906.0429569185,-0.0557278265130085,0.0254221735556419,0.945796521599293,0.899824723148164,0.994117006631778,0.0542034784007075,0.00588299336822196,0.100175276851836,4219.51441881004,241.819834856977,26.2459998277445,446.915393989673,TRUE,FALSE,FALSE,FALSE
"NGA","Borno","borno","1-5",2024,"map_full","MAP",18.9105232538524,2271.38747132121,77193.5402586685,"direct age match",2942.45796178022,-0.142114895012337,0.0352775354922407,0.867521576857401,0.809564472189374,0.9296278581468,0.132478423142599,0.0703721418531997,0.190435527810626,1970.47764077472,300.909830546488,159.842401335397,432.552871963498,TRUE,FALSE,FALSE,FALSE
"NGA","Borno","borno","6-11",2024,"map_full","MAP",18.9105232538524,1630.57403332069,89524.7228552426,"direct age match",1821.36730650063,-0.35731947922435,0.0480581300194368,0.699548970667841,0.636663886061075,0.768645392139443,0.300451029332159,0.231354607860557,0.363336113938925,1140.6663866072,489.90764671349,377.240816066515,592.446432756457,TRUE,FALSE,FALSE,FALSE
"NGA","Borno","borno","12-23",2024,"map_full","MAP",18.9105232538524,1667.84632157356,171965.5349658,"IHME 1 to 4 minus 2 to 4",969.872435139552,-0.605518951428411,0.0626174137830907,0.545791114055079,0.482753512130176,0.617060120116036,0.454208885944921,0.382939879883964,0.517246487869824,910.2957019243,757.550619649261,638.684870048291,862.68765214053,TRUE,FALSE,FALSE,FALSE
"NGA","Borno","borno","24-35",2024,"map_full","MAP",18.9105232538524,1077.63089813169,166429.155342318,"IHME 2-4 rate shared; deaths and person-time divided equally",647.501272187059,-0.730108601496189,0.0664426884985637,0.481856656894635,0.423019809123408,0.548876985866962,0.518143343105365,0.451123014133038,0.576980190876592,519.263621940097,558.367276191589,486.144098888059,621.771681298533,TRUE,FALSE,FALSE,FALSE
"NGA","Borno","borno","36-47",2024,"map_full","MAP",18.9105232538524,1077.63089813169,166429.155342318,"IHME 2-4 rate shared; deaths and person-time divided equally",647.501272187059,-0.573016830813504,0.0710275724725851,0.563821915043595,0.490548624260815,0.648040043660195,0.436178084956405,0.351959956339805,0.509451375739185,607.591916694756,470.038981436929,379.282923856853,549.000543592241,TRUE,FALSE,FALSE,FALSE
"NGA","Borno","borno","48-59",2024,"map_full","MAP",18.9105232538524,1077.63089813169,166429.155342318,"IHME 2-4 rate shared; deaths and person-time divided equally",647.501272187059,-0.538049297177063,0.0809599607919893,0.583886130505173,0.498211386901991,0.684293900860543,0.416113869494827,0.315706099139457,0.501788613098009,629.213735222925,448.417162908761,340.214647161304,540.74291380506,TRUE,FALSE,FALSE,FALSE
"NGA","Cross River","crossriver","<1",2024,"map_full","MAP",31.0693055166162,1171.17530797148,4491.63203705818,"0-27 days mapped to model <1 completed month",26074.6049166251,-0.09528644790624,0.0308714019153404,0.909112483799717,0.855735115138251,0.965819321399432,0.0908875162002831,0.0341806786005678,0.144264884861749,1064.73009319485,106.445214776629,40.0315667866942,168.959470957429,TRUE,FALSE,FALSE,FALSE
"NGA","Cross River","crossriver","1-5",2024,"map_full","MAP",31.0693055166162,706.283188280828,24302.7786488932,"direct age match",2906.18286281019,-0.20557686207153,0.0430255152244537,0.814177512791876,0.748333255179225,0.885815267126148,0.185822487208124,0.114184732873852,0.251666744820775,575.0398895612,131.243298719627,80.6467571871386,177.747990916275,TRUE,FALSE,FALSE,FALSE
"NGA","Cross River","crossriver","6-11",2024,"map_full","MAP",31.0693055166162,552.591302928032,28772.9868976828,"direct age match",1920.52116414974,-0.49631368582376,0.0542977714628319,0.608770648396292,0.547311418406913,0.677131318450419,0.391229351603708,0.322868681549581,0.452688581593087,336.40136578165,216.189937146382,178.414425412139,250.151773123167,TRUE,FALSE,FALSE,FALSE
"NGA","Cross River","crossriver","12-23",2024,"map_full","MAP",31.0693055166162,519.630531586347,55750.4857387361,"IHME 1 to 4 minus 2 to 4",932.064581502474,-0.77522944544598,0.0669771599470324,0.460598086740467,0.403933637170968,0.525211514928093,0.539401913259533,0.474788485071907,0.596066362829032,239.340828660603,280.289702925744,246.714592888992,309.73428097759,TRUE,FALSE,FALSE,FALSE
"NGA","Cross River","crossriver","24-35",2024,"map_full","MAP",31.0693055166162,227.962495310931,56191.8608630129,"IHME 2-4 rate shared; deaths and person-time divided equally",405.685969124013,-0.881696339487839,0.0695311741680686,0.414079895495255,0.361325002814714,0.474537213084273,0.585920104504745,0.525462786915727,0.638674997185286,94.3946862351878,133.567809075743,119.785808098345,145.59394605106,TRUE,FALSE,FALSE,FALSE
"NGA","Cross River","crossriver","36-47",2024,"map_full","MAP",31.0693055166162,227.962495310931,56191.8608630129,"IHME 2-4 rate shared; deaths and person-time divided equally",405.685969124013,-0.725323508871699,0.0757374743805919,0.484167911002009,0.417375510057879,0.561649067554398,0.515832088997991,0.438350932445602,0.582624489942121,110.372125141499,117.590370169432,99.9275723821728,132.816532556464,TRUE,FALSE,FALSE,FALSE
"NGA","Cross River","crossriver","48-59",2024,"map_full","MAP",31.0693055166162,227.962495310931,56191.8608630129,"IHME 2-4 rate shared; deaths and person-time divided equally",405.685969124013,-0.637135491635359,0.0854963581876011,0.528805022994215,0.447218337122443,0.62527568557045,0.471194977005785,0.37472431442955,0.552781662877557,120.547712574715,107.414782736215,85.423089771038,126.013487231694,TRUE,FALSE,FALSE,FALSE
"NGA","Delta","delta","<1",2024,"map_full","MAP",20.0233537267664,3454.47661765368,9382.87700791474,"0-27 days mapped to model <1 completed month",36816.8165770448,-0.0593767875387148,0.0262250406649017,0.942351635902913,0.895137566222741,0.992056013732224,0.0576483640970868,0.00794398626777615,0.104862433777259,3255.3316918343,199.144925819372,27.4423148129946,362.244825553799,TRUE,FALSE,FALSE,FALSE
"NGA","Delta","delta","1-5",2024,"map_full","MAP",20.0233537267664,1391.71193598787,50613.8470946548,"direct age match",2749.66637763216,-0.149033836538563,0.0364102898240717,0.861539962875582,0.802199455348453,0.925270021916489,0.138460037124418,0.074729978083511,0.197800544651547,1199.0154496645,192.696486323377,104.002602474934,275.28137893646,TRUE,FALSE,FALSE,FALSE
"NGA","Delta","delta","6-11",2024,"map_full","MAP",20.0233537267664,1763.47360634382,59742.3539790506,"direct age match",2951.79799403653,-0.373498615290461,0.0493065055537223,0.688321939421638,0.624915170176137,0.758162251295044,0.311678060578362,0.241837748704956,0.375084829823863,1213.83757283745,549.636033506371,426.4744868588,661.452197534346,TRUE,FALSE,FALSE,FALSE
"NGA","Delta","delta","12-23",2024,"map_full","MAP",20.0233537267664,1252.9776610683,115922.36764857,"IHME 1 to 4 minus 2 to 4",1080.87652666553,-0.628968666863531,0.0639264222535016,0.533141363921998,0.470356456107816,0.604307031898069,0.466858636078002,0.395692968101931,0.529643543892184,668.01421918575,584.963441882553,495.794449673532,663.631528825956,TRUE,FALSE,FALSE,FALSE
"NGA","Delta","delta","24-35",2024,"map_full","MAP",20.0233537267664,597.23861915235,115933.891765793,"IHME 2-4 rate shared; deaths and person-time divided equally",515.154464372572,-0.754878980169189,0.0677255438003538,0.470067498777592,0.411633846849772,0.536796123783433,0.529932501222408,0.463203876216567,0.588366153150228,280.742463878328,316.496155274022,276.643243417598,351.394988863422,TRUE,FALSE,FALSE,FALSE
"NGA","Delta","delta","36-47",2024,"map_full","MAP",20.0233537267664,597.23861915235,115933.891765793,"IHME 2-4 rate shared; deaths and person-time divided equally",515.154464372572,-0.594726895780037,0.0724932241026177,0.551713220503414,0.478636608789791,0.635946921084615,0.448286779496586,0.364053078915385,0.521363391210209,329.504441981555,267.734177170795,217.426558149586,311.378351842972,TRUE,FALSE,FALSE,FALSE
"NGA","Delta","delta","48-59",2024,"map_full","MAP",20.0233537267664,597.23861915235,115933.891765793,"IHME 2-4 rate shared; deaths and person-time divided equally",515.154464372572,-0.555607649924686,0.0825362510467066,0.573723532193462,0.488029852435591,0.674464256130693,0.426276467806538,0.325535743869307,0.511970147564409,342.649850142432,254.588769009918,194.422518153238,305.768343978592,TRUE,FALSE,FALSE,FALSE
"NGA","Ebonyi","ebonyi","<1",2024,"map_full","MAP",26.0077534160741,2810.67347916295,7215.19849765028,"0-27 days mapped to model <1 completed month",38954.9016576367,-0.0793563167699501,0.0292600889853768,0.92371073217575,0.872226543536351,0.97823383507372,0.0762892678242505,0.0217661649262805,0.127773456463649,2596.24925734457,214.42422181838,61.1775825013833,359.12946542336,TRUE,FALSE,FALSE,FALSE
"NGA","Ebonyi","ebonyi","1-5",2024,"map_full","MAP",26.0077534160741,1222.12579777099,38949.0080141125,"direct age match",3137.75846955634,-0.182320842023299,0.0407332689806874,0.833333928975759,0.769389412696822,0.902592920726635,0.166666071024241,0.0974070792733649,0.230610587303178,1018.43889275914,203.686905011858,119.043704465503,281.835147982333,TRUE,FALSE,FALSE,FALSE
"NGA","Ebonyi","ebonyi","6-11",2024,"map_full","MAP",26.0077534160741,1449.1219162559,45652.8684519433,"direct age match",3174.21876301447,-0.447926214459893,0.0530996752775778,0.638951827698343,0.575796155281143,0.709034672035477,0.361048172301657,0.290965327964523,0.424203844718857,925.919096949431,523.202819306466,421.644233623975,614.723088342109,TRUE,FALSE,FALSE,FALSE
"NGA","Ebonyi","ebonyi","12-23",2024,"map_full","MAP",26.0077534160741,1231.3056007064,88193.232653535,"IHME 1 to 4 minus 2 to 4",1396.14521846994,-0.725505364465091,0.0669106594555352,0.484079870364836,0.424581943298761,0.551915418427359,0.515920129635164,0.448084581572641,0.57541805670124,596.05025556945,635.255345136948,551.729054880576,708.515475963828,TRUE,FALSE,FALSE,FALSE
"NGA","Ebonyi","ebonyi","24-35",2024,"map_full","MAP",26.0077534160741,838.205476525291,87319.3348168848,"IHME 2-4 rate shared; deaths and person-time divided equally",959.931128979704,-0.845969504342396,0.0701391742629475,0.429141102300207,0.37402139179227,0.49238383077757,0.570858897699793,0.50761616922243,0.62597860820773,359.708422150133,478.497054375157,425.486653015029,524.698697587398,TRUE,FALSE,FALSE,FALSE
"NGA","Ebonyi","ebonyi","36-47",2024,"map_full","MAP",26.0077534160741,838.205476525291,87319.3348168848,"IHME 2-4 rate shared; deaths and person-time divided equally",959.931128979704,-0.682403843959775,0.0757678116671881,0.505400626730891,0.435653204425505,0.586314506367083,0.494599373269109,0.413685493632917,0.564346795574495,423.629573165147,414.575903360143,346.753446322179,473.038574710041,TRUE,FALSE,FALSE,FALSE
"NGA","Ebonyi","ebonyi","48-59",2024,"map_full","MAP",26.0077534160741,838.205476525291,87319.3348168848,"IHME 2-4 rate shared; deaths and person-time divided equally",959.931128979704,-0.617288197256744,0.0857634639569199,0.539405216573285,0.455944317982016,0.638143685953224,0.460594783426715,0.361856314046776,0.544055682017984,452.132406598038,386.073069927253,303.309944149263,456.030452202176,TRUE,FALSE,FALSE,FALSE
"NGA","Edo","edo","<1",2024,"map_full","MAP",28.0797252309271,2897.64738129121,7877.60167377257,"0-27 days mapped to model <1 completed month",36783.3701333052,-0.0860902556286375,0.0299859833566796,0.917511416913263,0.865140997011959,0.973052026286701,0.082488583086737,0.0269479737132987,0.134859002988041,2658.6245545235,239.022826767706,78.0857254614443,390.773836851841,TRUE,FALSE,FALSE,FALSE
"NGA","Edo","edo","1-5",2024,"map_full","MAP",28.0797252309271,878.076287231125,42684.2348411945,"direct age match",2057.14426063389,-0.192364135176185,0.0417701558677328,0.825006399938622,0.760154451510993,0.895391138717608,0.174993600061378,0.104608861282392,0.239845548489007,724.418556600022,153.657730631103,91.8545605263187,210.60268872614,TRUE,FALSE,FALSE,FALSE
"NGA","Edo","edo","6-11",2024,"map_full","MAP",28.0797252309271,992.285388286528,50571.8483128424,"direct age match",1962.12996240152,-0.469200880294574,0.0537079096624205,0.625501919525209,0.563004091679033,0.694937491773635,0.374498080474791,0.305062508226365,0.436995908320967,620.676415090041,371.608973196487,302.70906942706,433.624654567895,TRUE,FALSE,FALSE,FALSE
"NGA","Edo","edo","12-23",2024,"map_full","MAP",28.0797252309271,984.29477930954,97414.5536480873,"IHME 1 to 4 minus 2 to 4",1010.41861041147,-0.748883719680708,0.0670453604494552,0.472894140640541,0.414661553107435,0.539304564352065,0.527105859359459,0.460695435647935,0.585338446892565,465.467233798556,518.827545510984,453.460112159997,576.145577405506,TRUE,FALSE,FALSE,FALSE
"NGA","Edo","edo","24-35",2024,"map_full","MAP",28.0797252309271,521.477152545441,94082.1767193828,"IHME 2-4 rate shared; deaths and person-time divided equally",554.278366773806,-0.86413524609917,0.0699958665167394,0.421415816076326,0.367391535836783,0.483384271863497,0.578584183923674,0.516615728136503,0.632608464163217,219.758719805096,301.718432740345,269.403298868813,329.890860567979,TRUE,FALSE,FALSE,FALSE
"NGA","Edo","edo","36-47",2024,"map_full","MAP",28.0797252309271,521.477152545441,94082.1767193828,"IHME 2-4 rate shared; deaths and person-time divided equally",554.278366773806,-0.70291772598743,0.0758813206779039,0.495138515637649,0.426712363500999,0.574537254220618,0.504861484362351,0.425462745779382,0.573287636499001,258.203423250298,263.273729295144,221.869101183197,298.956404271005,TRUE,FALSE,FALSE,FALSE
"NGA","Edo","edo","48-59",2024,"map_full","MAP",28.0797252309271,521.477152545441,94082.1767193828,"IHME 2-4 rate shared; deaths and person-time divided equally",554.278366773806,-0.628202469454018,0.0857709892707908,0.533550011986492,0.450988423454245,0.631225992699272,0.466449988013508,0.368774007300728,0.549011576545755,278.234140991302,243.243011554139,192.307219259955,286.296993651564,TRUE,FALSE,FALSE,FALSE
"NGA","Ekiti","ekiti","<1",2024,"map_full","MAP",29.24066839713,1244.76337817043,3382.2946720426,"0-27 days mapped to model <1 completed month",36802.3338847263,-0.0897488826459193,0.0303492114067504,0.914160718070914,0.861368102396421,0.970188954221718,0.0858392819290862,0.0298110457782823,0.138631897603579,1137.91378361665,106.849594553773,37.1076980497679,172.563909183208,TRUE,FALSE,FALSE,FALSE
"NGA","Ekiti","ekiti","1-5",2024,"map_full","MAP",29.24066839713,507.597424228162,18302.2023942144,"direct age match",2773.4226367676,-0.197671730383594,0.0422868935688425,0.820639199841582,0.755365121664564,0.891553868455806,0.179360800158418,0.108446131544194,0.244634878335436,416.554344060247,91.043080167915,55.0469770393415,124.176034119437,TRUE,FALSE,FALSE,FALSE
"NGA","Ekiti","ekiti","6-11",2024,"map_full","MAP",29.24066839713,525.36799692789,21621.7261108432,"direct age match",2429.81524340196,-0.480212233852311,0.053967647784747,0.61865207895816,0.556555254709712,0.68767726395626,0.38134792104184,0.31232273604374,0.443444745290288,325.020003517524,200.347993410367,164.084370230338,232.971677581357,TRUE,FALSE,FALSE,FALSE
"NGA","Ekiti","ekiti","12-23",2024,"map_full","MAP",29.24066839713,539.652329516664,41775.6789574311,"IHME 1 to 4 minus 2 to 4",1291.78589788226,-0.760080164012925,0.0670406609788786,0.467628938495045,0.410048489365539,0.533295036536673,0.532371061504955,0.466704963463327,0.589951510634461,252.357046008256,287.295283508408,251.858420729974,318.368707015762,TRUE,FALSE,FALSE,FALSE
"NGA","Ekiti","ekiti","24-35",2024,"map_full","MAP",29.24066839713,291.054557922707,41748.5614114988,"IHME 2-4 rate shared; deaths and person-time divided equally",697.160687895085,-0.872025665799851,0.0698342079500754,0.418103752388983,0.364619580769215,0.479433242156005,0.581896247611017,0.520566757843995,0.635380419230785,121.6910028174,169.363555105307,151.513327573541,184.93036703196,TRUE,FALSE,FALSE,FALSE
"NGA","Ekiti","ekiti","36-47",2024,"map_full","MAP",29.24066839713,291.054557922707,41748.5614114988,"IHME 2-4 rate shared; deaths and person-time divided equally",697.160687895085,-0.712556708007412,0.0758522696595471,0.490388812314992,0.422643114693284,0.568993505118918,0.509611187685008,0.431006494881082,0.577356885306716,142.729898978581,148.324658944126,125.446404829429,168.042353016577,TRUE,FALSE,FALSE,FALSE
"NGA","Ekiti","ekiti","48-59",2024,"map_full","MAP",29.24066839713,291.054557922707,41748.5614114988,"IHME 2-4 rate shared; deaths and person-time divided equally",697.160687895085,-0.632518694248517,0.085686613076761,0.531252053016932,0.449120319095201,0.628403418494367,0.468747946983068,0.371596581505633,0.550879680904799,154.623331436374,136.431226486333,108.154878755711,160.336041994348,TRUE,FALSE,FALSE,FALSE
"NGA","Enugu","enugu","<1",2024,"map_full","MAP",20.5886799519834,1869.29695953493,9165.18749108863,"0-27 days mapped to model <1 completed month",20395.6215991485,-0.0612493245113699,0.0265972422028335,0.940588698721099,0.892811399455817,0.990922719738003,0.0594113012789009,0.00907728026199695,0.107188600544183,1758.23959469227,111.057364842663,16.9681323945973,200.367325094046,TRUE,FALSE,FALSE,FALSE
"NGA","Enugu","enugu","1-5",2024,"map_full","MAP",20.5886799519834,1049.70650814526,49573.4432024503,"direct age match",2117.47750475676,-0.152459150310414,0.0369370408659228,0.858593966537051,0.79863141270658,0.923058607068178,0.141406033462949,0.0769413929318222,0.20136858729342,901.271674528192,148.434833617063,80.7658809062952,211.377916617919,TRUE,FALSE,FALSE,FALSE
"NGA","Enugu","enugu","6-11",2024,"map_full","MAP",20.5886799519834,1134.49591091119,57970.0175204508,"direct age match",1957.03910303453,-0.381421704926016,0.0498586572765923,0.682889850876449,0.619312880242436,0.752993459860719,0.317110149123551,0.247006540139281,0.380687119757564,774.735743422086,359.760167489107,280.227909756336,431.887980701516,TRUE,FALSE,FALSE,FALSE
"NGA","Enugu","enugu","12-23",2024,"map_full","MAP",20.5886799519834,1429.77378191482,112550.837083721,"IHME 1 to 4 minus 2 to 4",1270.33598235372,-0.640167948222209,0.0644745269061745,0.527203873653995,0.464618787729484,0.598219296628196,0.472796126346005,0.401780703371804,0.535381212270516,753.782276274416,675.991505640406,574.455515760301,765.474020634157,TRUE,FALSE,FALSE,FALSE
"NGA","Enugu","enugu","24-35",2024,"map_full","MAP",20.5886799519834,449.728120299005,114604.410891627,"IHME 2-4 rate shared; deaths and person-time divided equally",392.41781079812,-0.766414979510436,0.0682475832915564,0.464675958614958,0.406496385106038,0.531182451864621,0.535324041385042,0.468817548135379,0.593503614893962,208.977845416044,240.750274882962,210.840434686112,266.915265116926,TRUE,FALSE,FALSE,FALSE
"NGA","Enugu","enugu","36-47",2024,"map_full","MAP",20.5886799519834,449.728120299005,114604.410891627,"IHME 2-4 rate shared; deaths and person-time divided equally",392.41781079812,-0.6050532098581,0.0731048087258806,0.546045370869989,0.473151978276019,0.630168657721654,0.453954629130011,0.369831342278346,0.526848021723981,245.571958239334,204.156162059672,166.323554390499,236.938370493175,TRUE,FALSE,FALSE,FALSE
"NGA","Enugu","enugu","48-59",2024,"map_full","MAP",20.5886799519834,449.728120299005,114604.410891627,"IHME 2-4 rate shared; deaths and person-time divided equally",392.41781079812,-0.563714555187981,0.0831832185358283,0.569091212130978,0.483475970922998,0.669867433341971,0.430908787869022,0.330132566658029,0.516524029077002,255.936321110347,193.791799188658,148.469898652601,232.295380686069,TRUE,FALSE,FALSE,FALSE
"NGA","FCT (Abuja)","fct","<1",2024,"map_full","MAP",25.3431153011793,6076.64431249435,16682.4872626296,"0-27 days mapped to model <1 completed month",36425.2896875074,-0.0771557638029609,0.029001355102032,0.925745644713329,0.874591446629072,0.979891813496282,0.0742543552866709,0.0201081865037185,0.125408553370928,5625.42700676366,451.217305730683,122.190297152397,762.063172579595,TRUE,FALSE,FALSE,FALSE
"NGA","FCT (Abuja)","fct","1-5",2024,"map_full","MAP",25.3431153011793,2490.67821548493,89861.8818290177,"direct age match",2771.67377845925,-0.178941501968442,0.0403631059901213,0.836154811376937,0.772554139084168,0.904991421594895,0.163845188623063,0.0950085784051051,0.227445860915832,2082.59257346944,408.085642015481,236.635796517787,566.494450985277,TRUE,FALSE,FALSE,FALSE
"NGA","FCT (Abuja)","fct","6-11",2024,"map_full","MAP",25.3431153011793,2531.08196456909,105516.884488401,"direct age match",2398.74592283601,-0.440640499410849,0.0528521056965505,0.64362404821126,0.5802880698565,0.713872879617001,0.35637595178874,0.286127120382999,0.4197119301435,1629.06522039047,902.016744178623,724.211193975498,1062.3252967007,TRUE,FALSE,FALSE,FALSE
"NGA","FCT (Abuja)","fct","12-23",2024,"map_full","MAP",25.3431153011793,2121.53273971366,207834.955429286,"IHME 1 to 4 minus 2 to 4",1020.77763354658,-0.717011161936608,0.0668079115955015,0.488209255913853,0.428290031732037,0.556511382242683,0.511790744086147,0.443488617757317,0.571709968267963,1035.75192025248,1085.78081946117,940.875622262503,1212.90141530114,TRUE,FALSE,FALSE,FALSE
"NGA","FCT (Abuja)","fct","24-35",2024,"map_full","MAP",25.3431153011793,1313.80284004939,197820.04804801,"IHME 2-4 rate shared; deaths and person-time divided equally",664.140390730537,-0.838886310736195,0.0701219952528794,0.432191582629606,0.376692745902309,0.495867165289998,0.567808417370394,0.504132834710002,0.623307254097691,567.814528704218,745.988311345174,662.331150004151,818.902840656934,TRUE,FALSE,FALSE,FALSE
"NGA","FCT (Abuja)","fct","36-47",2024,"map_full","MAP",25.3431153011793,1313.80284004939,197820.04804801,"IHME 2-4 rate shared; deaths and person-time divided equally",664.140390730537,-0.674851141793555,0.0756635574457565,0.50923221836054,0.439045724898278,0.590638827599283,0.49076778163946,0.409361172400717,0.560954275101722,669.030734726729,644.772105322663,537.819870906011,736.98331976649,TRUE,FALSE,FALSE,FALSE
"NGA","FCT (Abuja)","fct","48-59",2024,"map_full","MAP",25.3431153011793,1313.80284004939,197820.04804801,"IHME 2-4 rate shared; deaths and person-time divided equally",664.140390730537,-0.61280288027423,0.0856917829580708,0.54183005396856,0.458058316270459,0.64092233882777,0.45816994603144,0.35907766117223,0.541941683729541,711.857863728009,601.944976321382,471.757251046369,712.004523225021,TRUE,FALSE,FALSE,FALSE
"NGA","Gombe","gombe","<1",2024,"map_full","MAP",23.2960463398307,4569.43060949478,11451.0212756751,"0-27 days mapped to model <1 completed month",39904.1316882487,-0.0703107806971402,0.0281020701135805,0.932104094927386,0.882152056548375,0.984884677568915,0.067895905072614,0.0151153224310852,0.117847943451625,4259.18498259662,310.245626898154,69.0684169889835,538.498000073865,TRUE,FALSE,FALSE,FALSE
"NGA","Gombe","gombe","1-5",2024,"map_full","MAP",23.2960463398307,2187.44399693086,61280.5055888873,"direct age match",3569.55931729051,-0.168041660095934,0.0390774543025521,0.84531861789638,0.782991475104465,0.912607082557203,0.15468138210362,0.0873929174427973,0.217008524895535,1849.08713621133,338.356860719531,191.167112634521,474.693995065558,TRUE,FALSE,FALSE,FALSE
"NGA","Gombe","gombe","6-11",2024,"map_full","MAP",23.2960463398307,1639.23668523455,71665.1731057967,"direct age match",2287.3546720031,-0.416714840795571,0.0518682621165912,0.659208872622298,0.59548645588925,0.729750162151096,0.340791127377702,0.270249837848904,0.40451354411075,1080.59936723458,558.637317999968,443.003448380612,663.093441180585,TRUE,FALSE,FALSE,FALSE
"NGA","Gombe","gombe","12-23",2024,"map_full","MAP",23.2960463398307,1947.78015648815,138359.461957317,"IHME 1 to 4 minus 2 to 4",1407.76794657458,-0.687539281896372,0.0662132617712477,0.502811826180949,0.441614797844954,0.572489268432945,0.497188173819051,0.427510731567055,0.558385202155046,979.366897482821,968.413259005329,832.696919632042,1087.61161643422,TRUE,FALSE,FALSE,FALSE
"NGA","Gombe","gombe","24-35",2024,"map_full","MAP",23.2960463398307,1652.81537609071,131830.435879265,"IHME 2-4 rate shared; deaths and person-time divided equally",1253.74339018678,-0.812685124645862,0.0697664993733476,0.443665169120842,0.386962510236927,0.50867662133602,0.556334830879158,0.49132337866398,0.613037489763073,733.296613358811,919.518762731896,812.066834888664,1013.23778920046,TRUE,FALSE,FALSE,FALSE
"NGA","Gombe","gombe","36-47",2024,"map_full","MAP",23.2960463398307,1652.81537609071,131830.435879265,"IHME 2-4 rate shared; deaths and person-time divided equally",1253.74339018678,-0.648346737062578,0.0750269777745043,0.522909569536915,0.451400813016412,0.605746401044563,0.477090430463085,0.394253598955437,0.548599186983588,864.272976835585,788.542399255122,651.628410432645,906.733171557335,TRUE,FALSE,FALSE,FALSE
"NGA","Gombe","gombe","48-59",2024,"map_full","MAP",23.2960463398307,1652.81537609071,131830.435879265,"IHME 2-4 rate shared; deaths and person-time divided equally",1253.74339018678,-0.595563181443505,0.0851314639222319,0.551252023519853,0.466535645676836,0.651351716102794,0.448747976480147,0.348648283897206,0.533464354323164,911.117820574729,741.697555515978,576.25124447294,881.718087421626,TRUE,FALSE,FALSE,FALSE
"NGA","Imo","imo","<1",2024,"map_full","MAP",30.0971355588315,5931.65194029431,25619.1227471656,"0-27 days mapped to model <1 completed month",23153.2203457301,-0.0923803372731213,0.0306008003213863,0.911758307922292,0.858680898774997,0.968116576543472,0.0882416920777079,0.0318834234565283,0.141319101225003,5408.23293626672,523.419004027589,189.121370609141,838.255720981939,TRUE,FALSE,FALSE,FALSE
"NGA","Imo","imo","1-5",2024,"map_full","MAP",30.0971355588315,3096.7908698513,138736.999826029,"direct age match",2232.13048698944,-0.201442859189925,0.0426434816836179,0.817550291711389,0.751996143560234,0.888819025471292,0.182449708288611,0.111180974528708,0.248003856439766,2531.78227901609,565.008590835203,344.304226821672,768.016078310579,TRUE,FALSE,FALSE,FALSE
"NGA","Imo","imo","6-11",2024,"map_full","MAP",30.0971355588315,3742.60918533219,163346.534260952,"direct age match",2291.20819873241,-0.487937935734784,0.0541324555687836,0.61389097255263,0.552093673545833,0.682605406001502,0.38610902744737,0.317394593998498,0.447906326454167,2297.55399266799,1445.05519266421,1187.88392287356,1676.33833155576,TRUE,FALSE,FALSE,FALSE
"NGA","Imo","imo","12-23",2024,"map_full","MAP",30.0971355588315,3225.66025183895,321325.688549503,"IHME 1 to 4 minus 2 to 4",1003.86006061324,-0.767536969920967,0.0670166406860112,0.464154889017597,0.40702137126579,0.52930822853096,0.535845110982403,0.47069177146904,0.59297862873421,1497.20597620078,1728.45427563817,1518.29173809534,1912.7475928979,TRUE,FALSE,FALSE,FALSE
"NGA","Imo","imo","24-35",2024,"map_full","MAP",30.0971355588315,2102.72604748999,316972.070844237,"IHME 2-4 rate shared; deaths and person-time divided equally",663.378966446318,-0.876940183113045,0.0696963641891208,0.416054015119324,0.362930088502184,0.476953961605387,0.583945984880676,0.523046038394613,0.637069911497816,874.847614754195,1227.87843273579,1099.8225289688,1339.5834969786,TRUE,FALSE,FALSE,FALSE
"NGA","Imo","imo","36-47",2024,"map_full","MAP",30.0971355588315,2102.72604748999,316972.070844237,"IHME 2-4 rate shared; deaths and person-time divided equally",663.378966446318,-0.718886783555705,0.075806027180241,0.487294418291626,0.42001426801016,0.565351865838115,0.512705581708374,0.434648134161885,0.57998573198984,1024.64666613828,1078.0793813517,913.945953195119,1219.55110582758,TRUE,FALSE,FALSE,FALSE
"NGA","Imo","imo","48-59",2024,"map_full","MAP",30.0971355588315,2102.72604748999,316972.070844237,"IHME 2-4 rate shared; deaths and person-time divided equally",663.378966446318,-0.6349867028564,0.0856032167639209,0.529942534992706,0.448086489754026,0.626751970470388,0.470057465007294,0.373248029529612,0.551913510245974,1114.32397200204,988.40207548795,784.838353866227,1160.52291395584,TRUE,FALSE,FALSE,FALSE
"NGA","Jigawa","jigawa","<1",2024,"map_full","MAP",23.3264526626528,11777.3380757139,23046.9146078355,"0-27 days mapped to model <1 completed month",51101.5824726048,-0.0704128492527126,0.0281167293853103,0.932008961263934,0.882036677962994,0.984812452337409,0.067991038736066,0.0151875476625914,0.117963322037006,10976.5846264002,800.753449313606,178.868883363357,1389.29392416413,TRUE,FALSE,FALSE,FALSE
"NGA","Jigawa","jigawa","1-5",2024,"map_full","MAP",23.3264526626528,4046.35078182444,122952.714422562,"direct age match",3290.98125310027,-0.168209055474001,0.0390983832893214,0.845177127309516,0.78282830400709,0.912491759522144,0.154822872690484,0.0875082404778557,0.21717169599291,3419.88312986899,626.467651955445,354.089037273652,878.75286187105,TRUE,FALSE,FALSE,FALSE
"NGA","Jigawa","jigawa","6-11",2024,"map_full","MAP",23.3264526626528,3015.2143258726,141040.839696458,"direct age match",2137.83066830984,-0.417087118300715,0.0518857540833771,0.658963509662219,0.595244403075704,0.729503553200353,0.341036490337781,0.270496446799647,0.404755596924296,1986.91621456081,1028.29811131179,815.604761487933,1220.42487432325,TRUE,FALSE,FALSE,FALSE
"NGA","Jigawa","jigawa","12-23",2024,"map_full","MAP",23.3264526626528,4418.36957782646,267580.08201198,"IHME 1 to 4 minus 2 to 4",1651.23261216007,-0.688015300205457,0.0662258505245928,0.502572535503553,0.441393740076856,0.572230936937371,0.497427464496447,0.427769063062629,0.558606259923144,2220.55120152001,2197.81837630646,1890.04181457125,2468.12890482784,TRUE,FALSE,FALSE,FALSE
"NGA","Jigawa","jigawa","24-35",2024,"map_full","MAP",23.3264526626528,4851.2372161283,243462.611191741,"IHME 2-4 rate shared; deaths and person-time divided equally",1992.60050337161,-0.813126162074647,0.0697758962112428,0.443469539318615,0.386784759124841,0.508461690032588,0.556530460681385,0.491538309967412,0.613215240875159,2151.37593336174,2699.86128276656,2384.56894246672,2974.85259803065,TRUE,FALSE,FALSE,FALSE
"NGA","Jigawa","jigawa","36-47",2024,"map_full","MAP",23.3264526626528,4851.2372161283,243462.611191741,"IHME 2-4 rate shared; deaths and person-time divided equally",1992.60050337161,-0.648777939033844,0.0750406912761989,0.522684138506382,0.451194082489032,0.605501533041049,0.477315861493618,0.394498466958951,0.548805917510968,2535.66474500212,2315.57247112618,1913.80564461682,2662.38769146064,TRUE,FALSE,FALSE,FALSE
"NGA","Jigawa","jigawa","48-59",2024,"map_full","MAP",23.3264526626528,4851.2372161283,243462.611191741,"IHME 2-4 rate shared; deaths and person-time divided equally",1992.60050337161,-0.595859694233315,0.0851444637724964,0.551088594475069,0.466385448882077,0.651175202160511,0.448911405524931,0.348824797839489,0.533614551117923,2673.46149890129,2177.77571722701,1692.23184118736,2588.69076945087,TRUE,FALSE,FALSE,FALSE
"NGA","Kaduna","kaduna","<1",2024,"map_full","MAP",25.5483663968691,13742.9116837139,35141.201454024,"0-27 days mapped to model <1 completed month",39107.6887387987,-0.0778369234741298,0.0290827903719481,0.925115278828673,0.873856422966705,0.979380887556698,0.0748847211713275,0.0206191124433023,0.126143577033295,12713.7775741968,1029.1341095171,283.36664130487,1733.58003863634,TRUE,FALSE,FALSE,FALSE
"NGA","Kaduna","kaduna","1-5",2024,"map_full","MAP",25.5483663968691,4518.67636296697,189316.007220082,"direct age match",2386.84326239458,-0.17999336468962,0.0404796202245825,0.835275753706764,0.771565724453486,0.9042464726185,0.164724246293236,0.0957535273815003,0.228434275546514,3774.34080483417,744.335558132797,432.679200849496,1032.22056140352,TRUE,FALSE,FALSE,FALSE
"NGA","Kaduna","kaduna","6-11",2024,"map_full","MAP",25.5483663968691,4499.66226186677,223088.206106957,"direct age match",2016.98796202138,-0.442915062301165,0.0529317904229816,0.642161748512649,0.578879250492709,0.7123622256314,0.357838251487351,0.2876377743686,0.421120749507291,2889.51098579675,1610.15127607002,1294.27283841374,1894.90114424701,TRUE,FALSE,FALSE,FALSE
"NGA","Kaduna","kaduna","12-23",2024,"map_full","MAP",25.5483663968691,5286.12697687913,433501.638868924,"IHME 1 to 4 minus 2 to 4",1219.40184370963,-0.719688347245895,0.0668435339597965,0.486903977282065,0.427115131279656,0.555062243715892,0.513096022717936,0.444937756284108,0.572884868720344,2573.83624946046,2712.29072741866,2351.9974765255,3028.34215918847,TRUE,FALSE,FALSE,FALSE
"NGA","Kaduna","kaduna","24-35",2024,"map_full","MAP",25.5483663968691,4350.01432617406,408935.662388044,"IHME 2-4 rate shared; deaths and person-time divided equally",1063.74051623952,-0.841143789801036,0.0701314938786975,0.431217019621495,0.375836331920319,0.494758229097094,0.568782980378505,0.505241770902906,0.624163668079681,1875.80021304358,2474.21411313048,2197.80894160919,2715.12089802396,TRUE,FALSE,FALSE,FALSE
"NGA","Kaduna","kaduna","36-47",2024,"map_full","MAP",25.5483663968691,4350.01432617406,408935.662388044,"IHME 2-4 rate shared; deaths and person-time divided equally",1063.74051623952,-0.677236415344561,0.0757001714138786,0.508019007713614,0.437968297520358,0.589273958091291,0.491980992286386,0.410726041908709,0.562031702479642,2209.88996152295,2140.12436465111,1786.66416643565,2444.84595755044,TRUE,FALSE,FALSE,FALSE
"NGA","Kaduna","kaduna","48-59",2024,"map_full","MAP",25.5483663968691,4350.01432617406,408935.662388044,"IHME 2-4 rate shared; deaths and person-time divided equally",1063.74051623952,-0.614242829314555,0.0857185662693305,0.541050407762445,0.457375199616936,0.640033705336629,0.458949592237555,0.359966294663371,0.542624800383064,2353.57702494895,1996.43730122511,1565.85853872546,2360.42565540367,TRUE,FALSE,FALSE,FALSE
"NGA","Kano","kano","<1",2024,"map_full","MAP",19.8247401504606,27842.4260320173,60872.6730306289,"0-27 days mapped to model <1 completed month",45738.7931987281,-0.0587216380862486,0.0260887787827834,0.942969219343842,0.895963463214968,0.992441081737048,0.0570307806561579,0.00755891826295152,0.104036536785032,26254.55074005,1587.87529196728,210.458622618292,2896.6295800645,TRUE,FALSE,FALSE,FALSE
"NGA","Kano","kano","1-5",2024,"map_full","MAP",19.8247401504606,8644.38690592678,326132.089977131,"direct age match",2650.57845320678,-0.14781616568988,0.0362177102369846,0.862589673944933,0.803480086343106,0.926047774230328,0.137410326055067,0.073952225769672,0.196519913656894,7456.55888263723,1187.82802328955,639.271652107493,1698.79416836952,TRUE,FALSE,FALSE,FALSE
"NGA","Kano","kano","6-11",2024,"map_full","MAP",19.8247401504606,8372.91823130485,381431.135782852,"direct age match",2195.13234390795,-0.370668092172264,0.0490998846050153,0.690273010557268,0.62694035780101,0.760003440797837,0.309726989442732,0.239996559202163,0.37305964219899,5779.59947467263,2593.31875663221,2009.47156599422,3123.59787953199,TRUE,FALSE,FALSE,FALSE
"NGA","Kano","kano","12-23",2024,"map_full","MAP",19.8247401504606,10676.212995289,738397.965460992,"IHME 1 to 4 minus 2 to 4",1445.86164841661,-0.624921412340549,0.0637159208325446,0.535303495114788,0.472458854070537,0.606507486129844,0.464696504885212,0.393492513870156,0.527541145929463,5715.01413096811,4961.19886432087,4201.00989012949,5632.14163772178,TRUE,FALSE,FALSE,FALSE
"NGA","Kano","kano","24-35",2024,"map_full","MAP",19.8247401504606,12074.92691016,694505.435720073,"IHME 2-4 rate shared; deaths and person-time divided equally",1738.63677505138,-0.750661434687376,0.0675222436043054,0.4720542164243,0.413538346611538,0.538850109233721,0.5279457835757,0.461149890766279,0.586461653388462,5700.02016095627,6374.90674920373,5568.35122563109,7081.48160027727,TRUE,FALSE,FALSE,FALSE
"NGA","Kano","kano","36-47",2024,"map_full","MAP",19.8247401504606,12074.92691016,694505.435720073,"IHME 2-4 rate shared; deaths and person-time divided equally",1738.63677505138,-0.590988069919076,0.0722579567299247,0.55377984111996,0.480651085962891,0.638034785288147,0.44622015888004,0.361965214711853,0.519348914037109,6686.85110584354,5388.07580431647,4370.703511666,6271.10017786907,TRUE,FALSE,FALSE,FALSE
"NGA","Kano","kano","48-59",2024,"map_full","MAP",19.8247401504606,12074.92691016,694505.435720073,"IHME 2-4 rate shared; deaths and person-time divided equally",1738.63677505138,-0.552631681821871,0.0822854113699445,0.575433458205759,0.48972508903481,0.676141925820556,0.424566541794241,0.323858074179444,0.51027491096519,6948.31694949516,5126.60996066485,3910.56257498197,6161.53225399308,TRUE,FALSE,FALSE,FALSE
"NGA","Katsina","katsina","<1",2024,"map_full","MAP",25.7481666264205,13464.5709017229,39390.6056825539,"0-27 days mapped to model <1 completed month",34182.1880329358,-0.0784986707030338,0.0291607277069851,0.924503288870153,0.873144952847464,0.978882519270595,0.0754967111298466,0.0211174807294048,0.126855047152536,12448.0400818682,1016.53081985471,284.337816546837,1708.04877662672,TRUE,FALSE,FALSE,FALSE
"NGA","Katsina","katsina","1-5",2024,"map_full","MAP",25.7481666264205,4530.90651101085,211555.722273042,"direct age match",2141.70832267211,-0.181010188970348,0.0405911257258415,0.834426856701975,0.770613139918618,0.903524924658136,0.165573143298025,0.0964750753418638,0.229386860081382,3780.7100779933,750.196433017552,437.119547016713,1039.33041788307,TRUE,FALSE,FALSE,FALSE
"NGA","Katsina","katsina","6-11",2024,"map_full","MAP",25.7481666264205,4676.94483047689,246467.90090328,"direct age match",1897.58780487697,-0.445108030492674,0.0530065369219574,0.640755051209325,0.577526561987879,0.710905891907499,0.359244948790675,0.289094108092501,0.422473438012121,2996.7760243554,1680.16880612148,1352.07719436455,1975.88496192459,TRUE,FALSE,FALSE,FALSE
"NGA","Katsina","katsina","12-23",2024,"map_full","MAP",25.7481666264205,6578.35512092555,471186.688090155,"IHME 1 to 4 minus 2 to 4",1396.12499402082,-0.722247837971255,0.0668747928919665,0.485659344560489,0.425997231295805,0.553677304994367,0.514340655439511,0.446322695005633,0.574002768704195,3194.83963631484,3383.51548461072,2936.0691862756,3775.99405293069,TRUE,FALSE,FALSE,FALSE
"NGA","Katsina","katsina","24-35",2024,"map_full","MAP",25.7481666264205,5068.92590204995,433518.050029163,"IHME 2-4 rate shared; deaths and person-time divided equally",1169.25371428224,-0.843280736116974,0.0701370535623026,0.430296515883873,0.375029960664031,0.493707466075413,0.569703484116127,0.506292533924587,0.624970039335969,2181.14115492561,2887.78474712433,2566.35933922484,3167.92682039527,TRUE,FALSE,FALSE,FALSE
"NGA","Katsina","katsina","36-47",2024,"map_full","MAP",25.7481666264205,5068.92590204995,433518.050029163,"IHME 2-4 rate shared; deaths and person-time divided equally",1169.25371428224,-0.679512742054424,0.0757319342683243,0.506863905670833,0.436945269468685,0.58797070668436,0.493136094329167,0.41202929331564,0.563054730531315,2569.25558026909,2499.67032178086,2088.54595729098,2854.08270786193,TRUE,FALSE,FALSE,FALSE
"NGA","Katsina","katsina","48-59",2024,"map_full","MAP",25.7481666264205,5068.92590204995,433518.050029163,"IHME 2-4 rate shared; deaths and person-time divided equally",1169.25371428224,-0.615597160744537,0.0857405476577552,0.540318142167091,0.456736503040649,0.639195012466333,0.459681857832909,0.360804987533667,0.543263496959351,2738.83262617827,2330.09327587167,1828.89374689821,2753.76241137549,TRUE,FALSE,FALSE,FALSE
"NGA","Kebbi","kebbi","<1",2024,"map_full","MAP",29.8830654643758,7890.61280885477,18186.3293152143,"0-27 days mapped to model <1 completed month",43387.6054485259,-0.0917285250254,0.0305391237890824,0.912352796880902,0.859344656412837,0.9686307115134,0.0876472031190981,0.0313692884865999,0.140655343587163,7199.02266526292,691.590143591852,247.522909537026,1109.85685574274,TRUE,FALSE,FALSE,FALSE
"NGA","Kebbi","kebbi","1-5",2024,"map_full","MAP",29.8830654643758,3692.15538003259,97370.238592659,"direct age match",3791.87258180443,-0.200511684419128,0.0425561808292585,0.818311928470322,0.752825514229456,0.889494842589405,0.181688071529678,0.110505157410595,0.247174485770544,3021.33478924654,670.820590786045,408.002211454875,912.606607444503,TRUE,FALSE,FALSE,FALSE
"NGA","Kebbi","kebbi","6-11",2024,"map_full","MAP",29.8830654643758,3797.53303217737,112718.78948793,"direct age match",3369.03283776306,-0.486037860286243,0.0540931024811993,0.615058520581065,0.553186357173142,0.683850891899282,0.384941479418935,0.316149108100718,0.446813642826858,2335.70504862874,1461.82798354863,1200.58668110589,1696.7895678625,TRUE,FALSE,FALSE,FALSE
"NGA","Kebbi","kebbi","12-23",2024,"map_full","MAP",29.8830654643758,3804.86640156847,215137.075095927,"IHME 1 to 4 minus 2 to 4",1768.57773113813,-0.765734548304156,0.0670238279658734,0.464992246231787,0.407749912889827,0.53027059533451,0.535007753768213,0.46972940466549,0.592250087110173,1769.23337467718,2035.63302689129,1787.25762964048,2253.4324577715,TRUE,FALSE,FALSE,FALSE
"NGA","Kebbi","kebbi","24-35",2024,"map_full","MAP",29.8830654643758,2881.50884369996,198562.071470817,"IHME 2-4 rate shared; deaths and person-time divided equally",1451.18794458359,-0.875778818343232,0.0697317712784129,0.416537486283671,0.363326612592882,0.4775413401218,0.583462513716329,0.5224586598782,0.636673387407118,1200.25645045895,1681.25239324101,1505.46924890666,1834.57999636202,TRUE,FALSE,FALSE,FALSE
"NGA","Kebbi","kebbi","36-47",2024,"map_full","MAP",29.8830654643758,2881.50884369996,198562.071470817,"IHME 2-4 rate shared; deaths and person-time divided equally",1451.18794458359,-0.717364197795974,0.0758190767537906,0.488036930959875,0.420643503847852,0.56622780050559,0.511963069040125,0.43377219949441,0.579356496152148,1406.28273261307,1475.22611108689,1249.91842899432,1669.42086731743,TRUE,FALSE,FALSE,FALSE
"NGA","Kebbi","kebbi","48-59",2024,"map_full","MAP",29.8830654643758,2881.50884369996,198562.071470817,"IHME 2-4 rate shared; deaths and person-time divided equally",1451.18794458359,-0.634422906273929,0.0856252436204728,0.530241399024184,0.448319835046712,0.627132505100582,0.469758600975816,0.372867494899418,0.551680164953289,1527.89528058402,1353.61356311593,1074.42098408092,1589.67127420675,TRUE,FALSE,FALSE,FALSE
"NGA","Kogi","kogi","<1",2024,"map_full","MAP",25.3386039692607,1840.00721302685,5716.50919938374,"0-27 days mapped to model <1 completed month",32187.6017137383,-0.0771407775545536,0.0289995492244991,0.925759518271479,0.874607649257715,0.979903030115971,0.0742404817285212,0.0200969698840293,0.125392350742285,1703.40419114778,136.603021879067,36.9785695465973,230.722829824198,TRUE,FALSE,FALSE,FALSE
"NGA","Kogi","kogi","1-5",2024,"map_full","MAP",25.3386039692607,866.15831729227,30891.9260862551,"direct age match",2803.8339690242,-0.178918299254694,0.0403605222061725,0.836174212662756,0.772575977126807,0.905007836928144,0.163825787337244,0.0949921630718561,0.227424022873193,724.259249003161,141.899068289109,82.2782521222718,196.985208963683,TRUE,FALSE,FALSE,FALSE
"NGA","Kogi","kogi","6-11",2024,"map_full","MAP",25.3386039692607,747.925113908094,36409.2267945774,"direct age match",2054.21861367154,-0.440590256584177,0.0528503203452439,0.643656386515134,0.580319256602832,0.71390624934106,0.356343613484866,0.28609375065894,0.419680743397168,481.406776202004,266.51833770609,213.976701049982,313.88976781036,TRUE,FALSE,FALSE,FALSE
"NGA","Kogi","kogi","12-23",2024,"map_full","MAP",25.3386039692607,654.80995950868,71574.5021908919,"IHME 1 to 4 minus 2 to 4",914.864846369839,-0.716951769699521,0.0668070872255771,0.48823825261481,0.428316161648267,0.556543536435866,0.51176174738519,0.443456463564134,0.571683838351733,319.703270425292,335.106689083388,290.379708950293,374.344271042865,TRUE,FALSE,FALSE,FALSE
"NGA","Kogi","kogi","24-35",2024,"map_full","MAP",25.3386039692607,389.339142702484,73644.654587843,"IHME 2-4 rate shared; deaths and person-time divided equally",528.672644174171,-0.838835975881742,0.0701217417234453,0.432213337477522,0.376711894348808,0.495891878902257,0.567786662522477,0.504108121097743,0.623288105651192,168.277570278078,221.061572424406,196.269023697556,242.670456710891,TRUE,FALSE,FALSE,FALSE
"NGA","Kogi","kogi","36-47",2024,"map_full","MAP",25.3386039692607,389.339142702484,73644.654587843,"IHME 2-4 rate shared; deaths and person-time divided equally",528.672644174171,-0.674798177271432,0.0756627057050435,0.509259190315907,0.439069712348659,0.590669125260162,0.490740809684093,0.409330874739838,0.560930287651341,198.274536570957,191.064606131528,159.368531852867,218.392117310031,TRUE,FALSE,FALSE,FALSE
"NGA","Kogi","kogi","48-59",2024,"map_full","MAP",25.3386039692607,389.339142702484,73644.654587843,"IHME 2-4 rate shared; deaths and person-time divided equally",528.672644174171,-0.612770670682973,0.0856911445116258,0.541847506374195,0.458073643591608,0.640942180960074,0.458152493625805,0.359057819039926,0.541926356408392,210.962443607208,178.376699095276,139.795263445629,210.993143011924,TRUE,FALSE,FALSE,FALSE
"NGA","Kwara","kwara","<1",2024,"map_full","MAP",23.9522863197281,1672.05152744974,7240.32455208497,"0-27 days mapped to model <1 completed month",23093.599125584,-0.072512216470933,0.028409103870408,0.930054384608521,0.879682651314057,0.983310466606803,0.0699456153914793,0.0166895333931972,0.120317348685943,1555.098854396,116.952673053735,27.9057598025189,201.176806649035,TRUE,FALSE,FALSE,FALSE
"NGA","Kwara","kwara","1-5",2024,"map_full","MAP",23.9522863197281,737.559788725825,39335.5488787118,"direct age match",1875.04638870055,-0.171617430723816,0.0395160504635508,0.84230135015492,0.779526270256742,0.910131693495245,0.15769864984508,0.0898683065047554,0.220473729743258,621.247605863739,116.312182862085,66.2832491587951,162.612557529032,TRUE,FALSE,FALSE,FALSE
"NGA","Kwara","kwara","6-11",2024,"map_full","MAP",23.9522863197281,730.769330683555,46750.5763322708,"direct age match",1563.12368320286,-0.424634628000894,0.0522249202996239,0.654008697946564,0.590376109302501,0.724499806564154,0.345991302053436,0.275500193435846,0.409623890697499,477.929498459634,252.839832223921,201.327091960303,299.340576437005,TRUE,FALSE,FALSE,FALSE
"NGA","Kwara","kwara","12-23",2024,"map_full","MAP",23.9522863197281,549.383730387826,91524.1000111563,"IHME 1 to 4 minus 2 to 4",600.261275796058,-0.69755077817008,0.0664573089368907,0.497803042004644,0.437006546396503,0.567057566236634,0.502196957995356,0.432942433763366,0.562993453603497,273.484892214919,275.898838172907,237.851529304103,309.299443724615,TRUE,FALSE,FALSE,FALSE
"NGA","Kwara","kwara","24-35",2024,"map_full","MAP",23.9522863197281,317.922863453527,90450.7298549974,"IHME 2-4 rate shared; deaths and person-time divided equally",351.487338978019,-0.821844569573392,0.0699389180795268,0.439619996486916,0.383304775022595,0.504209062618026,0.560380003513084,0.495790937381974,0.616695224977405,139.76524811455,178.157615338977,157.623274486785,196.061511802933,TRUE,FALSE,FALSE,FALSE
"NGA","Kwara","kwara","36-47",2024,"map_full","MAP",23.9522863197281,317.922863453527,90450.7298549974,"IHME 2-4 rate shared; deaths and person-time divided equally",351.487338978019,-0.657395907769838,0.0752916028037701,0.518199017019211,0.447102479836733,0.600601055350298,0.481800982980789,0.399398944649702,0.552897520163267,164.747315329551,153.175548123976,126.97805614335,175.77876280666,TRUE,FALSE,FALSE,FALSE
"NGA","Kwara","kwara","48-59",2024,"map_full","MAP",23.9522863197281,317.922863453527,90450.7298549974,"IHME 2-4 rate shared; deaths and person-time divided equally",351.487338978019,-0.601682704464718,0.0853773051617178,0.547888924846571,0.463466013437479,0.647689938994902,0.452111075153429,0.352310061005098,0.536533986562521,174.186415841696,143.736447611831,112.007423418228,170.576421348093,TRUE,FALSE,FALSE,FALSE
"NGA","Lagos","lagos","<1",2024,"map_full","MAP",10.6486879119016,3898.17403845369,9756.04931751208,"0-27 days mapped to model <1 completed month",39956.4814771536,-0.03026762010351,0.016521023722629,0.970185857563176,0.939273263564652,1.00211582159105,0.029814142436824,-0.00211582159104706,0.0607267364353481,3781.9533224277,116.220716025988,-8.24784079621944,236.723387412294,TRUE,FALSE,FALSE,FALSE
"NGA","Lagos","lagos","1-5",2024,"map_full","MAP",10.6486879119016,1148.39497123614,52691.1600821169,"direct age match",2179.48317980931,-0.0843589026298963,0.0228598821238899,0.919101329008694,0.878829586951279,0.96121849506232,0.0808986709913057,0.0387815049376802,0.121170413048721,1055.49134429004,92.9036269461022,44.5364852474013,139.151493007757,TRUE,FALSE,FALSE,FALSE
"NGA","Lagos","lagos","6-11",2024,"map_full","MAP",10.6486879119016,1113.08504565672,61890.8436297823,"direct age match",1798.46481381795,-0.215763408650683,0.0320353987516749,0.805925954428226,0.75687831093484,0.858152010220523,0.194074045571774,0.141847989779477,0.24312168906516,897.06412778068,216.020917876043,157.888876180004,270.615116373233,TRUE,FALSE,FALSE,FALSE
"NGA","Lagos","lagos","12-23",2024,"map_full","MAP",10.6486879119016,888.3650324273,119324.09771868,"IHME 1 to 4 minus 2 to 4",744.497590521675,-0.377675862004546,0.0427588355776278,0.685452645907692,0.630348032408512,0.745374468746435,0.314547354092308,0.254625531253565,0.369651967591488,608.932162009165,279.432870418135,226.200418328892,328.385882176228,TRUE,FALSE,FALSE,FALSE
"NGA","Lagos","lagos","24-35",2024,"map_full","MAP",10.6486879119016,484.225441587968,119930.26380466,"IHME 2-4 rate shared; deaths and person-time divided equally",403.755837956519,-0.465985623042922,0.0456875849105415,0.627516305757482,0.573766196123802,0.686301696844044,0.372483694242518,0.313698303155956,0.426233803876198,303.859360259067,180.366081328901,151.900699371089,206.393251901671,TRUE,FALSE,FALSE,FALSE
"NGA","Lagos","lagos","36-47",2024,"map_full","MAP",10.6486879119016,484.225441587968,119930.26380466,"IHME 2-4 rate shared; deaths and person-time divided equally",403.755837956519,-0.358854053141978,0.0485756243915269,0.698476284332094,0.635043183462236,0.768245581528049,0.301523715667906,0.231754418471951,0.364956816537764,338.219987219431,146.005454368536,112.221385624543,176.721375648538,TRUE,FALSE,FALSE,FALSE
"NGA","Lagos","lagos","48-59",2024,"map_full","MAP",10.6486879119016,484.225441587968,119930.26380466,"IHME 2-4 rate shared; deaths and person-time divided equally",403.755837956519,-0.345501879377455,0.0557100897939132,0.707865001457082,0.634642357447556,0.789535798245615,0.292134998542918,0.210464201754385,0.365357642552444,342.766242915223,141.459198672745,101.912121032976,176.915465802496,TRUE,FALSE,FALSE,FALSE
"NGA","Nasarawa","nasarawa","<1",2024,"map_full","MAP",28.7946737320367,7156.32984103928,17049.1235408179,"0-27 days mapped to model <1 completed month",41974.7667609192,-0.0883549669679865,0.0302128697072868,0.915435869548333,0.862800149154723,0.971282668502915,0.0845641304516672,0.0287173314970847,0.137199850845277,6551.16103080648,605.168810232805,205.510696347604,981.847386790197,TRUE,FALSE,FALSE,FALSE
"NGA","Nasarawa","nasarawa","1-5",2024,"map_full","MAP",28.7946737320367,2945.13809821034,91790.4974939334,"direct age match",3208.54356237147,-0.195659554526698,0.0420931669330322,0.82229213266478,0.757174026919221,0.893010493497195,0.17770786733522,0.106989506502805,0.242825973080779,2421.76388776968,523.374210440667,315.098871710136,715.156024555201,TRUE,FALSE,FALSE,FALSE
"NGA","Nasarawa","nasarawa","6-11",2024,"map_full","MAP",28.7946737320367,2203.97843309204,108445.104614903,"direct age match",2032.34478948454,-0.476056668662052,0.0538733397760115,0.621228277074665,0.558976182190465,0.690413267207255,0.378771722925335,0.309586732792745,0.441023817809535,1369.17372469949,834.80470839255,682.322482246637,972.006982932126,TRUE,FALSE,FALSE,FALSE
"NGA","Nasarawa","nasarawa","12-23",2024,"map_full","MAP",28.7946737320367,2376.13748593942,213987.993093649,"IHME 1 to 4 minus 2 to 4",1110.40692124232,-0.755931370818924,0.0670470732181906,0.46957306435185,0.411748054731993,0.535518893728131,0.53042693564815,0.464481106271869,0.588251945268007,1115.77016059387,1260.36732534554,1103.6709681232,1397.76749832809,TRUE,FALSE,FALSE,FALSE
"NGA","Nasarawa","nasarawa","24-35",2024,"map_full","MAP",28.7946737320367,1486.91182273443,206034.24952994,"IHME 2-4 rate shared; deaths and person-time divided equally",721.681868974102,-0.86917035586923,0.0699006844729449,0.419299274165573,0.36561452995147,0.480866778842494,0.580700725834427,0.519133221157506,0.63438547004853,623.461048020756,863.450774713677,771.905324113305,943.2752555861,TRUE,FALSE,FALSE,FALSE
"NGA","Nasarawa","nasarawa","36-47",2024,"map_full","MAP",28.7946737320367,1486.91182273443,206034.24952994,"IHME 2-4 rate shared; deaths and person-time divided equally",721.681868974102,-0.709002152707852,0.0758688839945871,0.492135028138406,0.42413428442711,0.57103821787935,0.507864971861594,0.42896178212065,0.57586571557289,731.761391720739,755.150431013694,637.828345336427,856.261540792755,TRUE,FALSE,FALSE,FALSE
"NGA","Nasarawa","nasarawa","48-59",2024,"map_full","MAP",28.7946737320367,1486.91182273443,206034.24952994,"IHME 2-4 rate shared; deaths and person-time divided equally",721.681868974102,-0.630999306807187,0.0857238563253262,0.53205984423298,0.449770392553069,0.629404875314955,0.46794015576702,0.370595124685045,0.550229607446931,791.126072792259,695.785749942175,551.042272341935,818.142908531368,TRUE,FALSE,FALSE,FALSE
"NGA","Niger","niger","<1",2024,"map_full","MAP",30.0785876837372,10828.3984946862,37865.0277774755,"0-27 days mapped to model <1 completed month",28597.360494022,-0.0923240239240213,0.0305954872608842,0.911809653531889,0.858738197842081,0.968161013872629,0.088190346468111,0.0318389861273711,0.141261802157919,9873.43827974508,954.96021494115,344.765229453961,1529.63908584347,TRUE,FALSE,FALSE,FALSE
"NGA","Niger","niger","1-5",2024,"map_full","MAP",30.0785876837372,5465.84563468454,204153.343675442,"direct age match",2677.32359229639,-0.201362478048929,0.0426359643755614,0.817616009977878,0.752067673123864,0.888877375882164,0.182383990022122,0.111122624117836,0.247932326876136,4468.96289898578,996.882735698764,607.379109949164,1355.15982655311,TRUE,FALSE,FALSE,FALSE
"NGA","Niger","niger","6-11",2024,"map_full","MAP",30.0785876837372,3811.74710438707,239062.557395765,"direct age match",1594.45592229517,-0.487774112438953,0.0541290912409583,0.613991550433309,0.552187767919723,0.682712739950272,0.386008449566691,0.317287260049728,0.447812232080277,2340.38051448229,1471.36658990478,1209.41879475346,1706.94697894111,TRUE,FALSE,FALSE,FALSE
"NGA","Niger","niger","12-23",2024,"map_full","MAP",30.0785876837372,3573.90502610605,470516.420757803,"IHME 1 to 4 minus 2 to 4",759.570733015014,-0.767382388240817,0.0670172898348938,0.464226644406082,0.40708377623049,0.529390729770848,0.535773355593918,0.470609270229152,0.59291622376951,1659.10193769524,1914.80308841081,1681.91283620407,2119.02627218967,TRUE,FALSE,FALSE,FALSE
"NGA","Niger","niger","24-35",2024,"map_full","MAP",30.0785876837372,2379.48151450645,451475.594065196,"IHME 2-4 rate shared; deaths and person-time divided equally",527.045436295021,-0.876841261554586,0.0696994515555859,0.416095173866613,0.362963795500874,0.477004031424587,0.583904826133387,0.522995968575413,0.637036204499126,990.090774490952,1389.3907400155,1244.45923938659,1515.81587267702,TRUE,FALSE,FALSE,FALSE
"NGA","Niger","niger","36-47",2024,"map_full","MAP",30.0785876837372,2379.48151450645,451475.594065196,"IHME 2-4 rate shared; deaths and person-time divided equally",527.045436295021,-0.718756400709575,0.0758071921317896,0.487357957266892,0.420068075091403,0.565426873869613,0.512642042733108,0.434573126130387,0.579931924908597,1159.65925026419,1219.82226424226,1034.05872032854,1379.93729499215,TRUE,FALSE,FALSE,FALSE
"NGA","Niger","niger","48-59",2024,"map_full","MAP",30.0785876837372,2379.48151450645,451475.594065196,"IHME 2-4 rate shared; deaths and person-time divided equally",527.045436295021,-0.634939204669151,0.0856051514476383,0.529967706900269,0.448106074342955,0.626784117508237,0.470032293099731,0.373215882491763,0.551893925657045,1261.04836185456,1118.43315265189,888.060293309361,1313.22139406934,TRUE,FALSE,FALSE,FALSE
"NGA","Ogun","ogun","<1",2024,"map_full","MAP",23.0610670171334,13689.8941729241,33094.3508182859,"0-27 days mapped to model <1 completed month",41366.2568820053,-0.0695218957328588,0.0279872991692902,0.932839707951896,0.883046867593276,0.985440244076129,0.0671602920481036,0.0145597559238709,0.116953132406724,12770.4768821629,919.417290761217,199.321517781398,1601.07600584003,TRUE,FALSE,FALSE,FALSE
"NGA","Ogun","ogun","1-5",2024,"map_full","MAP",23.0610670171334,4541.33226759512,178780.945381636,"direct age match",2540.16570832028,-0.166742390762556,0.0389136410021166,0.84641762825417,0.784261218607598,0.913500227247466,0.153582371745829,0.0864997727525337,0.215738781392402,3843.863687052,697.468580543124,392.824209140727,979.741489308967,TRUE,FALSE,FALSE,FALSE
"NGA","Ogun","ogun","6-11",2024,"map_full","MAP",23.0610670171334,2926.5610291722,211250.736623776,"direct age match",1385.34950265485,-0.413820289387291,0.0517297558317021,0.661119750826317,0.597374767780303,0.731666867277856,0.338880249173683,0.268333132722144,0.402625232219697,1934.80729838433,991.753730787866,785.293289060319,1178.30731397557,TRUE,FALSE,FALSE,FALSE
"NGA","Ogun","ogun","12-23",2024,"map_full","MAP",23.0610670171334,2843.0106597488,418449.829700926,"IHME 1 to 4 minus 2 to 4",679.414940085112,-0.683820255048153,0.0661115240850341,0.504685278412357,0.443348630450207,0.574507763760342,0.495314721587643,0.425492236239658,0.556651369549793,1434.82562634462,1408.18503340418,1209.6789632697,1582.56577739383,TRUE,FALSE,FALSE,FALSE
"NGA","Ogun","ogun","24-35",2024,"map_full","MAP",23.0610670171334,1871.20997416716,401964.226483646,"IHME 2-4 rate shared; deaths and person-time divided equally",465.516543732354,-0.809221105653779,0.069688980179623,0.445204698633081,0.388364282731226,0.510364192842484,0.554795301366919,0.489635807157516,0.611635717268774,833.071472628306,1038.13850153885,916.211406062532,1144.49885471022,TRUE,FALSE,FALSE,FALSE
"NGA","Ogun","ogun","36-47",2024,"map_full","MAP",23.0610670171334,1871.20997416716,401964.226483646,"IHME 2-4 rate shared; deaths and person-time divided equally",465.516543732354,-0.644974793278458,0.0749159518960908,0.524675767295876,0.453024052448972,0.607660143648828,0.475324232704124,0.392339856351172,0.546975947551028,981.778528967852,889.431445199309,734.150252467623,1023.50684868702,TRUE,FALSE,FALSE,FALSE
"NGA","Ogun","ogun","48-59",2024,"map_full","MAP",23.0610670171334,1871.20997416716,401964.226483646,"IHME 2-4 rate shared; deaths and person-time divided equally",465.516543732354,-0.593228353527926,0.0850253796455731,0.552540605856508,0.467723440129158,0.652738552158025,0.447459394143492,0.347261447841975,0.532276559870842,1033.91949281106,837.290481356096,649.799084845633,996.001207845703,TRUE,FALSE,FALSE,FALSE
"NGA","Ondo","ondo","<1",2024,"map_full","MAP",31.9566648029974,1911.42565612544,7421.66059472205,"0-27 days mapped to model <1 completed month",25754.689691479,-0.0978545231135009,0.031105573083684,0.906780809807995,0.853148678174216,0.963784458760114,0.0932191901920048,0.0362155412398858,0.146851321825784,1733.2441043492,178.181551776235,69.2233146763866,280.695384173737,TRUE,FALSE,FALSE,FALSE
"NGA","Ondo","ondo","1-5",2024,"map_full","MAP",31.9566648029974,842.910125019572,40259.6939218849,"direct age match",2093.68239772278,-0.209215902992661,0.0433546811698474,0.811220071893675,0.745134099042557,0.883167212302808,0.188779928106325,0.116832787697192,0.254865900957443,683.785612218283,159.124512801288,98.4795396842255,214.829048439264,TRUE,FALSE,FALSE,FALSE
"NGA","Ondo","ondo","6-11",2024,"map_full","MAP",31.9566648029974,855.998413804906,47690.8655575338,"direct age match",1794.88965821398,-0.503606526950609,0.0544321347252169,0.604347130387458,0.543191413013228,0.672388121862047,0.395652869612542,0.327611878137953,0.456808586986772,517.320184999211,338.678228805695,280.435248029734,391.027425873138,TRUE,FALSE,FALSE,FALSE
"NGA","Ondo","ondo","12-23",2024,"map_full","MAP",31.9566648029974,914.214798958502,93766.2348617112,"IHME 1 to 4 minus 2 to 4",974.993610767041,-0.781580689586083,0.0669353044297828,0.457681986077278,0.401409214785238,0.521843526914831,0.542318013922722,0.478156473085169,0.598590785214762,418.419644888566,495.795154069936,437.137723912264,547.240554363526,TRUE,FALSE,FALSE,FALSE
"NGA","Ondo","ondo","24-35",2024,"map_full","MAP",31.9566648029974,562.328239273329,94479.7911586132,"IHME 2-4 rate shared; deaths and person-time divided equally",595.183617975286,-0.885367458943405,0.0693787791335635,0.412562545625183,0.360108513686432,0.472657123016374,0.587437454374817,0.527342876983626,0.639891486313568,231.995569871532,330.332669401797,296.539791507534,359.829052824702,TRUE,FALSE,FALSE,FALSE
"NGA","Ondo","ondo","36-47",2024,"map_full","MAP",31.9566648029974,562.328239273329,94479.7911586132,"IHME 2-4 rate shared; deaths and person-time divided equally",595.183617975286,-0.730550323574472,0.0756656251491166,0.481643857173344,0.415258131348145,0.558642414537883,0.518356142826656,0.441357585462117,0.584741868651856,270.841942161101,291.486297112227,248.18783392284,328.816865428394,TRUE,FALSE,FALSE,FALSE
"NGA","Ondo","ondo","48-59",2024,"map_full","MAP",31.9566648029974,562.328239273329,94479.7911586132,"IHME 2-4 rate shared; deaths and person-time divided equally",595.183617975286,-0.638562124032701,0.0853924849293898,0.528051150493862,0.446671705189324,0.624257176576037,0.471948849506138,0.375742823423963,0.553328294810676,296.938073703469,265.39016556986,211.290800315586,311.152125761001,TRUE,FALSE,FALSE,FALSE
"NGA","Osun","osun","<1",2024,"map_full","MAP",26.6930395242069,2581.26534439592,8905.03526343567,"0-27 days mapped to model <1 completed month",28986.5819509403,-0.0816073640024938,0.0295127134137191,0.921633754253158,0.869834528722963,0.97651765816404,0.0783662457468424,0.0234823418359599,0.130165471277037,2378.98127007918,202.284074316738,60.6141551864216,335.991620044377,TRUE,FALSE,FALSE,FALSE
"NGA","Osun","osun","1-5",2024,"map_full","MAP",26.6930395242069,989.086299039605,48280.4996556928,"direct age match",2048.62481973709,-0.185724464406923,0.0410945247754258,0.830502396429366,0.766232421480286,0.900163202625151,0.169497603570634,0.0998367973748489,0.233767578519714,821.438541627844,167.647757411761,98.7472084234562,231.216309073514,TRUE,FALSE,FALSE,FALSE
"NGA","Osun","osun","6-11",2024,"map_full","MAP",26.6930395242069,973.648363929499,56939.114797517,"direct age match",1709.98156081618,-0.455199876423352,0.0533256145423617,0.634321169430031,0.571370121280452,0.704207887324205,0.365678830569969,0.295792112675795,0.428629878719548,617.605768821396,356.042595108103,287.997506570038,417.334780146587,TRUE,FALSE,FALSE,FALSE
"NGA","Osun","osun","12-23",2024,"map_full","MAP",26.6930395242069,775.64683813652,111221.136630045,"IHME 1 to 4 minus 2 to 4",697.391576491935,-0.733744188394772,0.0669821648365345,0.480108005758479,0.421039244849536,0.547463686611345,0.519891994241521,0.452536313388655,0.578960755150464,372.394256630595,403.252581505926,351.008360621868,449.069079137589,TRUE,FALSE,FALSE,FALSE
"NGA","Osun","osun","24-35",2024,"map_full","MAP",26.6930395242069,490.625029675431,110701.698546373,"IHME 2-4 rate shared; deaths and person-time divided equally",443.195575242151,-0.852607252358089,0.0701200215564001,0.426302004830898,0.371560901351474,0.489107973045137,0.573697995169101,0.510892026954863,0.628439098648526,209.154433770855,281.470595904576,250.656415885671,308.327951423634,TRUE,FALSE,FALSE,FALSE
"NGA","Osun","osun","36-47",2024,"map_full","MAP",26.6930395242069,490.625029675431,110701.698546373,"IHME 2-4 rate shared; deaths and person-time divided equally",443.195575242151,-0.68968336730534,0.0758361637573464,0.501734909594106,0.432435434447049,0.582139897548638,0.498265090405894,0.417860102451362,0.567564565552951,246.163704908808,244.461324766623,205.012625165378,278.46138181714,TRUE,FALSE,FALSE,FALSE
"NGA","Osun","osun","48-59",2024,"map_full","MAP",26.6930395242069,490.625029675431,110701.698546373,"IHME 2-4 rate shared; deaths and person-time divided equally",443.195575242151,-0.621391902434897,0.085796741077815,0.537196192285185,0.454047475443107,0.635571751002634,0.462803807714815,0.364428248997366,0.545952524556893,263.561897781447,227.063131893984,178.797620478898,267.857973562102,TRUE,FALSE,FALSE,FALSE
"NGA","Oyo","oyo","<1",2024,"map_full","MAP",26.4300347178255,3139.62841247229,12669.3849348254,"0-27 days mapped to model <1 completed month",24781.2220452954,-0.0807458390461651,0.0294173582867069,0.922428106861207,0.87074695973633,0.97717666747318,0.0775718931387929,0.0228233325268199,0.12925304026367,2896.08149276447,243.546919707819,71.6567832685068,405.806517610243,TRUE,FALSE,FALSE,FALSE
"NGA","Oyo","oyo","1-5",2024,"map_full","MAP",26.4300347178255,1217.21525686519,68869.1231597202,"direct age match",1767.43248791224,-0.184427835925123,0.0409581973157265,0.831579947931795,0.767431616384266,0.90109033174884,0.168420052068205,0.0989096682511603,0.232568383615734,1012.21179992574,205.003456939449,120.394357246787,283.085784801548,TRUE,FALSE,FALSE,FALSE
"NGA","Oyo","oyo","6-11",2024,"map_full","MAP",26.4300347178255,987.588653512507,81715.4823472617,"direct age match",1208.56981461066,-0.452436596474002,0.0532421584649374,0.636076400379339,0.573044887828939,0.706041002568569,0.363923599620661,0.293958997431431,0.426955112171061,628.181835781714,359.406817730793,290.310570461193,421.656024339299,TRUE,FALSE,FALSE,FALSE
"NGA","Oyo","oyo","12-23",2024,"map_full","MAP",26.4300347178255,971.014929715855,158455.595439117,"IHME 1 to 4 minus 2 to 4",612.799394697896,-0.730643322486038,0.0669584408783029,0.48159906690162,0.422366496553404,0.549138397891807,0.51840093309838,0.450861602108193,0.577633503446596,467.639884098698,503.375045617156,437.793346882665,560.890755750719,TRUE,FALSE,FALSE,FALSE
"NGA","Oyo","oyo","24-35",2024,"map_full","MAP",26.4300347178255,749.886412914071,156367.409780586,"IHME 2-4 rate shared; deaths and person-time divided equally",479.566946824985,-0.85013715109798,0.0701313243541431,0.427356315541261,0.372471577222506,0.490328474980256,0.572643684458739,0.509671525019744,0.627528422777494,320.46869449741,429.417718416661,382.1957516615,470.57503795824,TRUE,FALSE,FALSE,FALSE
"NGA","Oyo","oyo","36-47",2024,"map_full","MAP",26.4300347178255,749.886412914071,156367.409780586,"IHME 2-4 rate shared; deaths and person-time divided equally",479.566946824985,-0.686949288699335,0.0758141651255277,0.503108569267379,0.433638061565745,0.583708523085659,0.496891430732621,0.416291476914341,0.566361938434255,377.274280314245,372.612132599826,312.171322349996,424.707122423524,TRUE,FALSE,FALSE,FALSE
"NGA","Oyo","oyo","48-59",2024,"map_full","MAP",26.4300347178255,749.886412914071,156367.409780586,"IHME 2-4 rate shared; deaths and person-time divided equally",479.566946824985,-0.619877578054442,0.0857883015981929,0.538010297830614,0.454743093489985,0.636524412829066,0.461989702169386,0.363475587170934,0.545256906510015,403.44661235103,346.439800563041,272.565404245447,408.880745739418,TRUE,FALSE,FALSE,FALSE
"NGA","Plateau","plateau","<1",2024,"map_full","MAP",19.8314319765802,12321.2442489447,33561.6825001908,"0-27 days mapped to model <1 completed month",36712.2364883663,-0.058743686748218,0.0260934177840847,0.942948428363485,0.895935562357548,0.99242822353593,0.0570515716365152,0.00757177646406981,0.104064437642452,11618.297900025,702.946348919669,93.2937072122149,1282.20335382172,TRUE,FALSE,FALSE,FALSE
"NGA","Plateau","plateau","1-5",2024,"map_full","MAP",19.8314319765802,5585.5693068276,180300.272399412,"direct age match",3097.9261608957,-0.147857313467437,0.0362242642799611,0.862554181027139,0.803436704650109,0.926021565732928,0.137445818972861,0.0739784342670718,0.196563295349891,4817.85615902101,767.713147806597,413.21167180932,1097.91790935524,TRUE,FALSE,FALSE,FALSE
"NGA","Plateau","plateau","6-11",2024,"map_full","MAP",19.8314319765802,5250.08126314068,211911.962485241,"direct age match",2477.48225327598,-0.370763860283964,0.0491069565504496,0.690206907579819,0.626871630645631,0.759941193670314,0.309793092420181,0.240058806329686,0.373128369354369,3623.64235317508,1626.4389099656,1260.3282411634,1958.95426069361,TRUE,FALSE,FALSE,FALSE
"NGA","Plateau","plateau","12-23",2024,"map_full","MAP",19.8314319765802,3787.838153222,422344.605124967,"IHME 1 to 4 minus 2 to 4",896.859604043294,-0.625058738861995,0.0637231702924038,0.535229988795185,0.472387265223707,0.606432818992338,0.464770011204815,0.393567181007662,0.527612734776293,2027.36457230698,1760.47358091501,1490.76878407685,1998.51164691144,TRUE,FALSE,FALSE,FALSE
"NGA","Plateau","plateau","24-35",2024,"map_full","MAP",19.8314319765802,2394.0289959606,420979.101864865,"IHME 2-4 rate shared; deaths and person-time divided equally",568.681197084477,-0.750804949062936,0.0675292676073175,0.47198647471927,0.413473309827226,0.538780199406368,0.52801352528073,0.461219800593632,0.586526690172774,1129.94930617916,1264.07968978144,1104.17357613232,1404.16190317842,TRUE,FALSE,FALSE,FALSE
"NGA","Plateau","plateau","36-47",2024,"map_full","MAP",19.8314319765802,2394.0289959606,420979.101864865,"IHME 2-4 rate shared; deaths and person-time divided equally",568.681197084477,-0.591114990033085,0.072266062244611,0.553709559779541,0.480582450561289,0.637963946109916,0.446290440220459,0.362036053890084,0.519417549438711,1325.5967414528,1068.4322545078,866.724810596015,1243.50067436707,TRUE,FALSE,FALSE,FALSE
"NGA","Plateau","plateau","48-59",2024,"map_full","MAP",19.8314319765802,2394.0289959606,420979.101864865,"IHME 2-4 rate shared; deaths and person-time divided equally",568.681197084477,-0.552733047422029,0.0822940694630879,0.575375132004103,0.489667140618538,0.676084864731896,0.424624867995897,0.323915135268104,0.510332859381462,1377.46474957248,1016.56424638812,775.462226062339,1221.7516629507,TRUE,FALSE,FALSE,FALSE
"NGA","Rivers","rivers","<1",2024,"map_full","MAP",26.6094897166155,2590.42585189572,6643.07852176267,"0-27 days mapped to model <1 completed month",38994.3584651228,-0.0813340230423501,0.0294826304231154,0.921885708941645,0.870123625918523,0.976727024799141,0.0781142910583545,0.0232729752008588,0.129876374081477,2388.07657293565,202.349278960068,60.2869166108326,336.435116971136,TRUE,FALSE,FALSE,FALSE
"NGA","Rivers","rivers","1-5",2024,"map_full","MAP",26.6094897166155,1232.67553413256,35917.7830485577,"direct age match",3431.93657711582,-0.185313857347621,0.0410515207074874,0.830843476596277,0.76661171994811,0.90045699099058,0.169156523403723,0.0995430090094203,0.23338828005189,1024.16042629387,208.515107838691,122.704231799849,287.692022773243,TRUE,FALSE,FALSE,FALSE
"NGA","Rivers","rivers","6-11",2024,"map_full","MAP",26.6094897166155,1836.06847232969,42030.681738894,"direct age match",4368.40040743532,-0.454325843564204,0.0532995235450115,0.634875829335548,0.571898981074381,0.704787614619087,0.365124170664452,0.295212385380913,0.428101018925619,1165.67549408716,670.392978242525,542.030153439135,786.022783821543,TRUE,FALSE,FALSE,FALSE
"NGA","Rivers","rivers","12-23",2024,"map_full","MAP",26.6094897166155,1287.34082579721,81786.574930229,"IHME 1 to 4 minus 2 to 4",1574.02462066106,-0.732767279182395,0.0669751007619905,0.480577256862785,0.421456598215006,0.547991182940117,0.519422743137215,0.452008817059883,0.578543401784994,618.666722709096,668.674103088117,581.889403821491,744.782540613423,TRUE,FALSE,FALSE,FALSE
"NGA","Rivers","rivers","24-35",2024,"map_full","MAP",26.6094897166155,543.261809405792,83440.6962482023,"IHME 2-4 rate shared; deaths and person-time divided equally",651.075355111861,-0.851832825343036,0.0701241118246006,0.426632272487602,0.371845778527515,0.489490822374543,0.573367727512398,0.510509177625457,0.628154221472485,231.77302030252,311.488789103273,277.340139555069,341.252198943029,TRUE,FALSE,FALSE,FALSE
"NGA","Rivers","rivers","36-47",2024,"map_full","MAP",26.6094897166155,543.261809405792,83440.6962482023,"IHME 2-4 rate shared; deaths and person-time divided equally",651.075355111861,-0.688822789975512,0.0758297138404747,0.50216687712696,0.432813210273395,0.582633723966406,0.49783312287304,0.417366276033594,0.567186789726605,272.808086291648,270.453723114144,226.739158302968,308.130921657938,TRUE,FALSE,FALSE,FALSE
"NGA","Rivers","rivers","48-59",2024,"map_full","MAP",26.6094897166155,543.261809405792,83440.6962482023,"IHME 2-4 rate shared; deaths and person-time divided equally",651.075355111861,-0.620918882837129,0.0857946062016003,0.537450356719622,0.454264200401105,0.635869799299613,0.462549643280378,0.364130200700387,0.545735799598895,291.976253257291,251.285556148502,197.818031691787,296.477417947613,TRUE,FALSE,FALSE,FALSE
"NGA","Sokoto","sokoto","<1",2024,"map_full","MAP",24.272861693209,14167.7111198834,27155.0491542837,"0-27 days mapped to model <1 completed month",52173.3952289623,-0.0735858972498339,0.0285522999110605,0.929056338979516,0.878492063912363,0.982530994251677,0.0709436610204836,0.0174690057483227,0.121507936087637,13162.6018247583,1005.10929512515,247.495826993819,1721.4893372629,TRUE,FALSE,FALSE,FALSE
"NGA","Sokoto","sokoto","1-5",2024,"map_full","MAP",24.272861693209,5855.30631650821,145114.377694248,"direct age match",4034.95946407542,-0.173336098006722,0.0397207591582886,0.840854957671812,0.77787550572454,0.908933440683039,0.159145042328188,0.0910665593169613,0.22212449427546,4923.46334492301,931.842971585205,533.222599991273,1300.60695438229,TRUE,FALSE,FALSE,FALSE
"NGA","Sokoto","sokoto","6-11",2024,"map_full","MAP",24.272861693209,6253.39392842587,166505.62302883,"direct age match",3755.66531308261,-0.428416779898209,0.052384084288839,0.651539809507365,0.587963983738838,0.721990011485891,0.348460190492635,0.278009988514109,0.412036016261162,4074.33508890111,2179.05883952476,1738.50597421587,2576.62352238033,TRUE,FALSE,FALSE,FALSE
"NGA","Sokoto","sokoto","12-23",2024,"map_full","MAP",24.272861693209,6589.37401281368,318971.447900767,"IHME 1 to 4 minus 2 to 4",2065.81938796718,-0.702244635050837,0.0665567689675388,0.495471901071653,0.434875323235235,0.564512152414693,0.504528098928347,0.435487847585307,0.565124676764765,3264.84966900094,3324.52434381274,2869.59230577479,3723.81785907347,TRUE,FALSE,FALSE,FALSE
"NGA","Sokoto","sokoto","24-35",2024,"map_full","MAP",24.272861693209,5961.19459564714,291444.568767806,"IHME 2-4 rate shared; deaths and person-time divided equally",2045.39567192842,-0.8260512821764,0.0700014700905202,0.437774525910845,0.381648915040754,0.502154016384406,0.562225474089155,0.497845983615594,0.618351084959246,2609.65913797172,3351.53545767542,2967.75678699392,3686.1111458716,TRUE,FALSE,FALSE,FALSE
"NGA","Sokoto","sokoto","36-47",2024,"map_full","MAP",24.272861693209,5961.19459564714,291444.568767806,"IHME 2-4 rate shared; deaths and person-time divided equally",2045.39567192842,-0.661623430164318,0.0753984760612388,0.516012943163836,0.445123083358127,0.598192651578071,0.483987056836164,0.401807348421929,0.554876916641873,3076.05356807224,2885.14102757491,2395.25179390411,3307.72927673489,TRUE,FALSE,FALSE,FALSE
"NGA","Sokoto","sokoto","48-59",2024,"map_full","MAP",24.272861693209,5961.19459564714,291444.568767806,"IHME 2-4 rate shared; deaths and person-time divided equally",2045.39567192842,-0.604463380400328,0.0854727330505981,0.546367539517948,0.462092617515369,0.646012242835644,0.453632460482052,0.353987757164356,0.537907382484631,3257.00322381142,2704.19137183572,2110.18990493342,3206.57058142608,TRUE,FALSE,FALSE,FALSE
"NGA","Taraba","taraba","<1",2024,"map_full","MAP",28.548499802928,12758.3277786285,27104.7141572891,"0-27 days mapped to model <1 completed month",47070.5121795115,-0.0875792030282921,0.0301359425550031,0.916146307215364,0.863599939466294,0.97188989700839,0.0838536927846361,0.0281101029916103,0.136400060533706,11688.4948806337,1069.8328979948,358.637907857971,1740.23668131379,TRUE,FALSE,FALSE,FALSE
"NGA","Taraba","taraba","1-5",2024,"map_full","MAP",28.548499802928,5273.55999623184,145762.835669011,"direct age match",3617.90436638231,-0.194534600176198,0.0419837302789101,0.823217694286479,0.758188903351876,0.893823912735151,0.176782305713521,0.106176087264849,0.241811096648124,4341.28790077939,932.272095452451,559.925966356327,1275.2053259285,TRUE,FALSE,FALSE,FALSE
"NGA","Taraba","taraba","6-11",2024,"map_full","MAP",28.548499802928,4996.51964255281,171091.607231272,"direct age match",2920.37682234103,-0.47372329643587,0.0538184704448749,0.622679526376458,0.560342262727324,0.691951720152668,0.377320473623542,0.308048279847332,0.439657737272676,3111.23048455545,1885.28915799736,1539.1692811118,2196.75852028325,TRUE,FALSE,FALSE,FALSE
"NGA","Taraba","taraba","12-23",2024,"map_full","MAP",28.548499802928,4586.56923310973,337359.443300342,"IHME 1 to 4 minus 2 to 4",1359.5496803765,-0.753560708018562,0.0670483229060262,0.470687584301082,0.412724317540722,0.536791249266114,0.529312415698918,0.463208750733886,0.587275682459278,2158.84119256208,2427.72804054764,2124.53900462323,2693.58057652124,TRUE,FALSE,FALSE,FALSE
"NGA","Taraba","taraba","24-35",2024,"map_full","MAP",28.548499802928,3076.34216195476,323319.889451117,"IHME 2-4 rate shared; deaths and person-time divided equally",951.485591306276,-0.867501973365842,0.0699352396099029,0.419999409622745,0.366200221089829,0.481702341845893,0.580000590377255,0.518297658154107,0.633799778910171,1292.06189181856,1784.2802701362,1594.4609382219,1949.78498209897,TRUE,FALSE,FALSE,FALSE
"NGA","Taraba","taraba","36-47",2024,"map_full","MAP",28.548499802928,3076.34216195476,323319.889451117,"IHME 2-4 rate shared; deaths and person-time divided equally",951.485591306276,-0.706961676806316,0.075875326769166,0.493140243013217,0.424995236959822,0.572211822934207,0.506859756986783,0.427788177065793,0.575004763040178,1517.06812133818,1559.27404061658,1316.02280549327,1768.91139586531,TRUE,FALSE,FALSE,FALSE
"NGA","Taraba","taraba","48-59",2024,"map_full","MAP",28.548499802928,3076.34216195476,323319.889451117,"IHME 2-4 rate shared; deaths and person-time divided equally",951.485591306276,-0.630087773327719,0.085742035136477,0.532545055703732,0.450164520377217,0.630001307337247,0.467454944296268,0.369998692662753,0.549835479622783,1638.29080800194,1438.05135395282,1138.24257810657,1691.48206810219,TRUE,FALSE,FALSE,FALSE
"NGA","Yobe","yobe","<1",2024,"map_full","MAP",26.5140228746164,5640.12221433255,15561.7872236674,"0-27 days mapped to model <1 completed month",36243.4091487556,-0.081021300188654,0.0294480196031427,0.922174048754202,0.870454823234782,0.976966240517164,0.0778259512457979,0.0230337594828358,0.129545176765218,5201.17433785956,438.947876472987,129.913218538735,730.650629233144,TRUE,FALSE,FALSE,FALSE
"NGA","Yobe","yobe","1-5",2024,"map_full","MAP",26.5140228746164,2556.86595777628,83184.7960205172,"direct age match",3073.71789088193,-0.18484320462824,0.0410020381639742,0.831234607374079,0.767047001808166,0.900793524865563,0.168765392625921,0.0992064751344371,0.232952998191834,2125.35547052031,431.510487255965,253.657659062221,595.62959083862,TRUE,FALSE,FALSE,FALSE
"NGA","Yobe","yobe","6-11",2024,"map_full","MAP",26.5140228746164,1746.83591556328,96028.9160472445,"direct age match",1819.07282458949,-0.453322828735064,0.0532692343426705,0.635512938668675,0.57250687891911,0.70545299993218,0.364487061331325,0.29454700006782,0.42749312108089,1110.1368260716,636.699089491674,514.525278539888,746.76033756034,TRUE,FALSE,FALSE,FALSE
"NGA","Yobe","yobe","12-23",2024,"map_full","MAP",26.5140228746164,1837.6289603123,184869.521959413,"IHME 1 to 4 minus 2 to 4",994.014016391375,-0.731641748405158,0.0669664952644375,0.481118465872788,0.42193834432166,0.548599057940376,0.518881534127212,0.451400942059624,0.57806165567834,884.11722622886,953.51173408344,829.50744384102,1062.26283932059,TRUE,FALSE,FALSE,FALSE
"NGA","Yobe","yobe","24-35",2024,"map_full","MAP",26.5140228746164,1426.7914497446,174356.84443825,"IHME 2-4 rate shared; deaths and person-time divided equally",818.316857214006,-0.850936273696385,0.0701282212604034,0.427014941869815,0.37217630925896,0.489933819116918,0.572985058130185,0.510066180883082,0.62782369074104,609.261267973038,817.530181771558,727.758065687862,895.773473896411,TRUE,FALSE,FALSE,FALSE
"NGA","Yobe","yobe","36-47",2024,"map_full","MAP",26.5140228746164,1426.7914497446,174356.84443825,"IHME 2-4 rate shared; deaths and person-time divided equally",818.316857214006,-0.687830397102533,0.0758217353320136,0.502665471316607,0.43324971926845,0.583203092388817,0.497334528683393,0.416796907611183,0.56675028073155,717.198796556372,709.592653188224,594.682264059625,808.634454688126,TRUE,FALSE,FALSE,FALSE
"NGA","Yobe","yobe","48-59",2024,"map_full","MAP",26.5140228746164,1426.7914497446,174356.84443825,"IHME 2-4 rate shared; deaths and person-time divided equally",818.316857214006,-0.620369250763191,0.0857915503359619,0.537745837869345,0.454516669521744,0.636215579177938,0.462254162130655,0.363784420822062,0.545483330478256,767.251163607726,659.540286136871,519.044501179207,778.290951904582,TRUE,FALSE,FALSE,FALSE
"NGA","Zamfara","zamfara","<1",2024,"map_full","MAP",34.6814501326872,5892.70477834681,13609.0028662262,"0-27 days mapped to model <1 completed month",43300.0480363693,-0.105140688479609,0.03175330429993,0.900197866207784,0.845880514718881,0.958003150828411,0.0998021337922165,0.041996849171589,0.154119485281119,5304.60026766021,588.104510686601,247.475033788932,908.180627352398,TRUE,FALSE,FALSE,FALSE
"NGA","Zamfara","zamfara","1-5",2024,"map_full","MAP",34.6814501326872,2976.74669786715,72652.6059386373,"direct age match",4097.23320920013,-0.219606475071565,0.0442572139396748,0.802834671262947,0.736128476965146,0.875585620650295,0.197165328737053,0.124414379349705,0.263871523034854,2389.83545661524,586.911241251915,370.350092896424,785.47868485518,TRUE,FALSE,FALSE,FALSE
"NGA","Zamfara","zamfara","6-11",2024,"map_full","MAP",34.6814501326872,2649.60060369837,83745.797168264,"direct age match",3163.86098561427,-0.524031878520528,0.0547683267148639,0.592128339131192,0.531858501904433,0.659227912587291,0.407871660868808,0.340772087412709,0.468141498095567,1568.90360482892,1080.69699886945,902.909928532265,1240.38799597027,TRUE,FALSE,FALSE,FALSE
"NGA","Zamfara","zamfara","12-23",2024,"map_full","MAP",34.6814501326872,2820.09327875277,160438.275665699,"IHME 1 to 4 minus 2 to 4",1757.74344809647,-0.797550273683686,0.0668050363449,0.450431046454206,0.395150669547257,0.513444979967489,0.549568953545794,0.486555020032511,0.604849330452743,1270.25756664708,1549.83571210569,1372.13054173711,1705.7315314679,TRUE,FALSE,FALSE,FALSE
"NGA","Zamfara","zamfara","24-35",2024,"map_full","MAP",34.6814501326872,1946.77246346309,152451.069548048,"IHME 2-4 rate shared; deaths and person-time divided equally",1276.98183373487,-0.893580530711006,0.0689407671410259,0.409188016423521,0.357469786285097,0.468388767970112,0.590811983576479,0.531611232029888,0.642530213714903,796.595962752393,1150.1765007107,1034.92610778347,1250.86012700323,TRUE,FALSE,FALSE,FALSE
"NGA","Zamfara","zamfara","36-47",2024,"map_full","MAP",34.6814501326872,1946.77246346309,152451.069548048,"IHME 2-4 rate shared; deaths and person-time divided equally",1276.98183373487,-0.74319946527004,0.0754203246458709,0.475589845523091,0.41023574300835,0.551355421899631,0.524410154476909,0.448644578100369,0.58976425699165,925.865215167018,1020.90724829607,873.408910527814,1148.13681544611,TRUE,FALSE,FALSE,FALSE
"NGA","Zamfara","zamfara","48-59",2024,"map_full","MAP",34.6814501326872,1946.77246346309,152451.069548048,"IHME 2-4 rate shared; deaths and person-time divided equally",1276.98183373487,-0.640468901909849,0.0850519171644857,0.527045233576936,0.446118503405334,0.622652223828036,0.472954766423064,0.377347776171964,0.553881496594666,1026.03714772705,920.735315736039,734.610259800613,1078.28124559222,TRUE,FALSE,FALSE,FALSE
