"age_band","records","deaths","complete_case_records","complete_case_deaths","baseline","survey","country"
"<1",8260,193,0,0,"previous_primary","AO62FL","AGO"
"1-5",7515,98,0,0,"previous_primary","AO62FL","AGO"
"6-11",7024,93,0,0,"previous_primary","AO62FL","AGO"
"12-23",6077,87,0,0,"previous_primary","AO62FL","AGO"
"24-35",5663,65,0,0,"previous_primary","AO62FL","AGO"
"36-47",5116,38,0,0,"previous_primary","AO62FL","AGO"
"48-59",4526,26,0,0,"previous_primary","AO62FL","AGO"
"<1",8260,193,0,0,"eligible_MAP","AO62FL","AGO"
"1-5",7515,98,0,0,"eligible_MAP","AO62FL","AGO"
"6-11",7024,93,0,0,"eligible_MAP","AO62FL","AGO"
"12-23",6077,87,0,0,"eligible_MAP","AO62FL","AGO"
"24-35",5663,65,0,0,"eligible_MAP","AO62FL","AGO"
"36-47",5116,38,0,0,"eligible_MAP","AO62FL","AGO"
"48-59",4526,26,0,0,"eligible_MAP","AO62FL","AGO"
"<1",8260,193,0,0,"regional_baseline","AO62FL","AGO"
"1-5",7515,98,0,0,"regional_baseline","AO62FL","AGO"
"6-11",7024,93,0,0,"regional_baseline","AO62FL","AGO"
"12-23",6077,87,0,0,"regional_baseline","AO62FL","AGO"
"24-35",5663,65,0,0,"regional_baseline","AO62FL","AGO"
"36-47",5116,38,0,0,"regional_baseline","AO62FL","AGO"
"48-59",4526,26,0,0,"regional_baseline","AO62FL","AGO"
"<1",14290,312,5986,139,"previous_primary","AO71FL","AGO"
"1-5",12767,133,4629,50,"previous_primary","AO71FL","AGO"
"6-11",12270,116,4290,40,"previous_primary","AO71FL","AGO"
"12-23",10560,79,2787,19,"previous_primary","AO71FL","AGO"
"24-35",10053,93,2725,24,"previous_primary","AO71FL","AGO"
"36-47",9525,54,2544,11,"previous_primary","AO71FL","AGO"
"48-59",8932,25,2496,12,"previous_primary","AO71FL","AGO"
"<1",14290,312,5986,139,"eligible_MAP","AO71FL","AGO"
"1-5",12767,133,4629,50,"eligible_MAP","AO71FL","AGO"
"6-11",12270,116,4290,40,"eligible_MAP","AO71FL","AGO"
"12-23",10560,79,2787,19,"eligible_MAP","AO71FL","AGO"
"24-35",10053,93,2725,24,"eligible_MAP","AO71FL","AGO"
"36-47",9525,54,2544,11,"eligible_MAP","AO71FL","AGO"
"48-59",8932,25,2496,12,"eligible_MAP","AO71FL","AGO"
"<1",14290,312,5986,139,"regional_baseline","AO71FL","AGO"
"1-5",12767,133,4629,50,"regional_baseline","AO71FL","AGO"
"6-11",12270,116,4290,40,"regional_baseline","AO71FL","AGO"
"12-23",10560,79,2787,19,"regional_baseline","AO71FL","AGO"
"24-35",10053,93,2725,24,"regional_baseline","AO71FL","AGO"
"36-47",9525,54,2544,11,"regional_baseline","AO71FL","AGO"
"48-59",8932,25,2496,12,"regional_baseline","AO71FL","AGO"
"<1",11400,185,11400,185,"previous_primary","AO81FL","AGO"
"1-5",10242,89,10242,89,"previous_primary","AO81FL","AGO"
"6-11",9981,62,9981,62,"previous_primary","AO81FL","AGO"
"12-23",8782,55,8782,55,"previous_primary","AO81FL","AGO"
"24-35",8523,46,8523,46,"previous_primary","AO81FL","AGO"
"36-47",8013,39,8013,39,"previous_primary","AO81FL","AGO"
"48-59",7763,22,7763,22,"previous_primary","AO81FL","AGO"
"<1",11400,185,11400,185,"eligible_MAP","AO81FL","AGO"
"1-5",10242,89,10242,89,"eligible_MAP","AO81FL","AGO"
"6-11",9981,62,9981,62,"eligible_MAP","AO81FL","AGO"
"12-23",8782,55,8782,55,"eligible_MAP","AO81FL","AGO"
"24-35",8523,46,8523,46,"eligible_MAP","AO81FL","AGO"
"36-47",8013,39,8013,39,"eligible_MAP","AO81FL","AGO"
"48-59",7763,22,7763,22,"eligible_MAP","AO81FL","AGO"
"<1",11400,185,11400,185,"regional_baseline","AO81FL","AGO"
"1-5",10242,89,10242,89,"regional_baseline","AO81FL","AGO"
"6-11",9981,62,9981,62,"regional_baseline","AO81FL","AGO"
"12-23",8782,55,8782,55,"regional_baseline","AO81FL","AGO"
"24-35",8523,46,8523,46,"regional_baseline","AO81FL","AGO"
"36-47",8013,39,8013,39,"regional_baseline","AO81FL","AGO"
"48-59",7763,22,7763,22,"regional_baseline","AO81FL","AGO"
"<1",7087,205,0,0,"previous_primary","BU61FL","BDI"
"1-5",6389,84,0,0,"previous_primary","BU61FL","BDI"
"6-11",6151,95,0,0,"previous_primary","BU61FL","BDI"
"12-23",5219,55,0,0,"previous_primary","BU61FL","BDI"
"24-35",4890,54,0,0,"previous_primary","BU61FL","BDI"
"36-47",4570,34,0,0,"previous_primary","BU61FL","BDI"
"48-59",4291,23,0,0,"previous_primary","BU61FL","BDI"
"<1",7088,205,0,0,"eligible_MAP","BU61FL","BDI"
"1-5",6390,84,0,0,"eligible_MAP","BU61FL","BDI"
"6-11",6152,95,0,0,"eligible_MAP","BU61FL","BDI"
"12-23",5220,55,0,0,"eligible_MAP","BU61FL","BDI"
"24-35",4891,54,0,0,"eligible_MAP","BU61FL","BDI"
"36-47",4571,34,0,0,"eligible_MAP","BU61FL","BDI"
"48-59",4292,23,0,0,"eligible_MAP","BU61FL","BDI"
"<1",7088,205,0,0,"regional_baseline","BU61FL","BDI"
"1-5",6390,84,0,0,"regional_baseline","BU61FL","BDI"
"6-11",6152,95,0,0,"regional_baseline","BU61FL","BDI"
"12-23",5220,55,0,0,"regional_baseline","BU61FL","BDI"
"24-35",4891,54,0,0,"regional_baseline","BU61FL","BDI"
"36-47",4571,34,0,0,"regional_baseline","BU61FL","BDI"
"48-59",4292,23,0,0,"regional_baseline","BU61FL","BDI"
"<1",13184,286,7805,164,"previous_primary","BU71FL","BDI"
"1-5",12052,154,6763,80,"previous_primary","BU71FL","BDI"
"6-11",11596,109,6283,56,"previous_primary","BU71FL","BDI"
"12-23",9917,100,4758,66,"previous_primary","BU71FL","BDI"
"24-35",9858,72,4928,38,"previous_primary","BU71FL","BDI"
"36-47",9871,75,4960,32,"previous_primary","BU71FL","BDI"
"48-59",9544,39,4759,17,"previous_primary","BU71FL","BDI"
"<1",13184,286,7805,164,"eligible_MAP","BU71FL","BDI"
"1-5",12052,154,6763,80,"eligible_MAP","BU71FL","BDI"
"6-11",11596,109,6283,56,"eligible_MAP","BU71FL","BDI"
"12-23",9917,100,4758,66,"eligible_MAP","BU71FL","BDI"
"24-35",9858,72,4928,38,"eligible_MAP","BU71FL","BDI"
"36-47",9871,75,4960,32,"eligible_MAP","BU71FL","BDI"
"48-59",9544,39,4759,17,"eligible_MAP","BU71FL","BDI"
"<1",13184,286,7805,164,"regional_baseline","BU71FL","BDI"
"1-5",12052,154,6763,80,"regional_baseline","BU71FL","BDI"
"6-11",11596,109,6283,56,"regional_baseline","BU71FL","BDI"
"12-23",9917,100,4758,66,"regional_baseline","BU71FL","BDI"
"24-35",9858,72,4928,38,"regional_baseline","BU71FL","BDI"
"36-47",9871,75,4960,32,"regional_baseline","BU71FL","BDI"
"48-59",9544,39,4759,17,"regional_baseline","BU71FL","BDI"
"<1",418,19,0,0,"eligible_MAP","BJ41FL","BEN"
"1-5",312,4,0,0,"eligible_MAP","BJ41FL","BEN"
"6-11",272,8,0,0,"eligible_MAP","BJ41FL","BEN"
"12-23",158,3,0,0,"eligible_MAP","BJ41FL","BEN"
"24-35",146,3,0,0,"eligible_MAP","BJ41FL","BEN"
"36-47",155,1,0,0,"eligible_MAP","BJ41FL","BEN"
"48-59",127,0,0,0,"eligible_MAP","BJ41FL","BEN"
"<1",15403,482,0,0,"previous_primary","BJ51FL","BEN"
"1-5",13683,212,0,0,"previous_primary","BJ51FL","BEN"
"6-11",12712,268,0,0,"previous_primary","BJ51FL","BEN"
"12-23",10571,212,0,0,"previous_primary","BJ51FL","BEN"
"24-35",10846,193,0,0,"previous_primary","BJ51FL","BEN"
"36-47",10321,157,0,0,"previous_primary","BJ51FL","BEN"
"48-59",10183,67,0,0,"previous_primary","BJ51FL","BEN"
"<1",16165,508,0,0,"eligible_MAP","BJ51FL","BEN"
"1-5",14460,226,0,0,"eligible_MAP","BJ51FL","BEN"
"6-11",13511,279,0,0,"eligible_MAP","BJ51FL","BEN"
"12-23",11476,243,0,0,"eligible_MAP","BJ51FL","BEN"
"24-35",11537,209,0,0,"eligible_MAP","BJ51FL","BEN"
"36-47",10953,172,0,0,"eligible_MAP","BJ51FL","BEN"
"48-59",10732,71,0,0,"eligible_MAP","BJ51FL","BEN"
"<1",15413,482,0,0,"regional_baseline","BJ51FL","BEN"
"1-5",13694,212,0,0,"regional_baseline","BJ51FL","BEN"
"6-11",12722,268,0,0,"regional_baseline","BJ51FL","BEN"
"12-23",10582,212,0,0,"regional_baseline","BJ51FL","BEN"
"24-35",10858,193,0,0,"regional_baseline","BJ51FL","BEN"
"36-47",10333,157,0,0,"regional_baseline","BJ51FL","BEN"
"48-59",10194,67,0,0,"regional_baseline","BJ51FL","BEN"
"<1",13458,316,0,0,"previous_primary","BJ61FL","BEN"
"1-5",12146,129,0,0,"previous_primary","BJ61FL","BEN"
"6-11",11550,99,0,0,"previous_primary","BJ61FL","BEN"
"12-23",10113,93,0,0,"previous_primary","BJ61FL","BEN"
"24-35",10564,97,0,0,"previous_primary","BJ61FL","BEN"
"36-47",10176,70,0,0,"previous_primary","BJ61FL","BEN"
"48-59",10164,50,0,0,"previous_primary","BJ61FL","BEN"
"<1",13458,316,0,0,"eligible_MAP","BJ61FL","BEN"
"1-5",12146,129,0,0,"eligible_MAP","BJ61FL","BEN"
"6-11",11550,99,0,0,"eligible_MAP","BJ61FL","BEN"
"12-23",10113,93,0,0,"eligible_MAP","BJ61FL","BEN"
"24-35",10564,97,0,0,"eligible_MAP","BJ61FL","BEN"
"36-47",10176,70,0,0,"eligible_MAP","BJ61FL","BEN"
"48-59",10164,50,0,0,"eligible_MAP","BJ61FL","BEN"
"<1",13458,316,0,0,"regional_baseline","BJ61FL","BEN"
"1-5",12146,129,0,0,"regional_baseline","BJ61FL","BEN"
"6-11",11550,99,0,0,"regional_baseline","BJ61FL","BEN"
"12-23",10113,93,0,0,"regional_baseline","BJ61FL","BEN"
"24-35",10564,97,0,0,"regional_baseline","BJ61FL","BEN"
"36-47",10176,70,0,0,"regional_baseline","BJ61FL","BEN"
"48-59",10164,50,0,0,"regional_baseline","BJ61FL","BEN"
"<1",13516,394,0,0,"previous_primary","BJ71FL","BEN"
"1-5",12129,137,0,0,"previous_primary","BJ71FL","BEN"
"6-11",11371,146,0,0,"previous_primary","BJ71FL","BEN"
"12-23",9958,148,0,0,"previous_primary","BJ71FL","BEN"
"24-35",9621,116,0,0,"previous_primary","BJ71FL","BEN"
"36-47",9350,103,0,0,"previous_primary","BJ71FL","BEN"
"48-59",8868,41,0,0,"previous_primary","BJ71FL","BEN"
"<1",13516,394,0,0,"eligible_MAP","BJ71FL","BEN"
"1-5",12129,137,0,0,"eligible_MAP","BJ71FL","BEN"
"6-11",11371,146,0,0,"eligible_MAP","BJ71FL","BEN"
"12-23",9958,148,0,0,"eligible_MAP","BJ71FL","BEN"
"24-35",9621,116,0,0,"eligible_MAP","BJ71FL","BEN"
"36-47",9350,103,0,0,"eligible_MAP","BJ71FL","BEN"
"48-59",8868,41,0,0,"eligible_MAP","BJ71FL","BEN"
"<1",13516,394,0,0,"regional_baseline","BJ71FL","BEN"
"1-5",12129,137,0,0,"regional_baseline","BJ71FL","BEN"
"6-11",11371,146,0,0,"regional_baseline","BJ71FL","BEN"
"12-23",9958,148,0,0,"regional_baseline","BJ71FL","BEN"
"24-35",9621,116,0,0,"regional_baseline","BJ71FL","BEN"
"36-47",9350,103,0,0,"regional_baseline","BJ71FL","BEN"
"48-59",8868,41,0,0,"regional_baseline","BJ71FL","BEN"
"<1",5786,162,0,0,"previous_primary","BF43FL","BFA"
"1-5",4821,119,0,0,"previous_primary","BF43FL","BFA"
"6-11",4534,128,0,0,"previous_primary","BF43FL","BFA"
"12-23",3343,139,0,0,"previous_primary","BF43FL","BFA"
"24-35",3109,83,0,0,"previous_primary","BF43FL","BFA"
"36-47",3316,71,0,0,"previous_primary","BF43FL","BFA"
"48-59",2984,27,0,0,"previous_primary","BF43FL","BFA"
"<1",7679,220,0,0,"eligible_MAP","BF43FL","BFA"
"1-5",6648,150,0,0,"eligible_MAP","BF43FL","BFA"
"6-11",6396,168,0,0,"eligible_MAP","BF43FL","BFA"
"12-23",5384,220,0,0,"eligible_MAP","BF43FL","BFA"
"24-35",4984,144,0,0,"eligible_MAP","BF43FL","BFA"
"36-47",4826,94,0,0,"eligible_MAP","BF43FL","BFA"
"48-59",4861,49,0,0,"eligible_MAP","BF43FL","BFA"
"<1",5786,162,0,0,"regional_baseline","BF43FL","BFA"
"1-5",4821,119,0,0,"regional_baseline","BF43FL","BFA"
"6-11",4534,128,0,0,"regional_baseline","BF43FL","BFA"
"12-23",3343,139,0,0,"regional_baseline","BF43FL","BFA"
"24-35",3109,83,0,0,"regional_baseline","BF43FL","BFA"
"36-47",3316,71,0,0,"regional_baseline","BF43FL","BFA"
"48-59",2984,27,0,0,"regional_baseline","BF43FL","BFA"
"<1",15120,427,0,0,"previous_primary","BF62FL","BFA"
"1-5",13560,196,0,0,"previous_primary","BF62FL","BFA"
"6-11",12954,275,0,0,"previous_primary","BF62FL","BFA"
"12-23",11131,279,0,0,"previous_primary","BF62FL","BFA"
"24-35",11040,229,0,0,"previous_primary","BF62FL","BFA"
"36-47",10633,120,0,0,"previous_primary","BF62FL","BFA"
"48-59",10256,84,0,0,"previous_primary","BF62FL","BFA"
"<1",15127,427,0,0,"eligible_MAP","BF62FL","BFA"
"1-5",13567,196,0,0,"eligible_MAP","BF62FL","BFA"
"6-11",12963,275,0,0,"eligible_MAP","BF62FL","BFA"
"12-23",11138,279,0,0,"eligible_MAP","BF62FL","BFA"
"24-35",11045,229,0,0,"eligible_MAP","BF62FL","BFA"
"36-47",10640,120,0,0,"eligible_MAP","BF62FL","BFA"
"48-59",10263,84,0,0,"eligible_MAP","BF62FL","BFA"
"<1",15127,427,0,0,"regional_baseline","BF62FL","BFA"
"1-5",13567,196,0,0,"regional_baseline","BF62FL","BFA"
"6-11",12963,275,0,0,"regional_baseline","BF62FL","BFA"
"12-23",11138,279,0,0,"regional_baseline","BF62FL","BFA"
"24-35",11045,229,0,0,"regional_baseline","BF62FL","BFA"
"36-47",10640,120,0,0,"regional_baseline","BF62FL","BFA"
"48-59",10263,84,0,0,"regional_baseline","BF62FL","BFA"
"<1",12320,236,12320,236,"previous_primary","BF81FL","BFA"
"1-5",11222,82,11222,82,"previous_primary","BF81FL","BFA"
"6-11",10938,59,10938,59,"previous_primary","BF81FL","BFA"
"12-23",9793,58,9793,58,"previous_primary","BF81FL","BFA"
"24-35",10184,42,10184,42,"previous_primary","BF81FL","BFA"
"36-47",9953,45,9953,45,"previous_primary","BF81FL","BFA"
"48-59",9717,21,9717,21,"previous_primary","BF81FL","BFA"
"<1",12320,236,12320,236,"eligible_MAP","BF81FL","BFA"
"1-5",11222,82,11222,82,"eligible_MAP","BF81FL","BFA"
"6-11",10938,59,10938,59,"eligible_MAP","BF81FL","BFA"
"12-23",9793,58,9793,58,"eligible_MAP","BF81FL","BFA"
"24-35",10184,42,10184,42,"eligible_MAP","BF81FL","BFA"
"36-47",9953,45,9953,45,"eligible_MAP","BF81FL","BFA"
"48-59",9717,21,9717,21,"eligible_MAP","BF81FL","BFA"
"<1",12320,236,12320,236,"regional_baseline","BF81FL","BFA"
"1-5",11222,82,11222,82,"regional_baseline","BF81FL","BFA"
"6-11",10938,59,10938,59,"regional_baseline","BF81FL","BFA"
"12-23",9793,58,9793,58,"regional_baseline","BF81FL","BFA"
"24-35",10184,42,10184,42,"regional_baseline","BF81FL","BFA"
"36-47",9953,45,9953,45,"regional_baseline","BF81FL","BFA"
"48-59",9717,21,9717,21,"regional_baseline","BF81FL","BFA"
"<1",7313,285,0,0,"previous_primary","CI62FL","CIV"
"1-5",6471,108,0,0,"previous_primary","CI62FL","CIV"
"6-11",6006,89,0,0,"previous_primary","CI62FL","CIV"
"12-23",5147,102,0,0,"previous_primary","CI62FL","CIV"
"24-35",5081,63,0,0,"previous_primary","CI62FL","CIV"
"36-47",4953,47,0,0,"previous_primary","CI62FL","CIV"
"48-59",4789,24,0,0,"previous_primary","CI62FL","CIV"
"<1",7319,286,0,0,"eligible_MAP","CI62FL","CIV"
"1-5",6476,108,0,0,"eligible_MAP","CI62FL","CIV"
"6-11",6010,89,0,0,"eligible_MAP","CI62FL","CIV"
"12-23",5149,102,0,0,"eligible_MAP","CI62FL","CIV"
"24-35",5084,63,0,0,"eligible_MAP","CI62FL","CIV"
"36-47",4956,47,0,0,"eligible_MAP","CI62FL","CIV"
"48-59",4791,24,0,0,"eligible_MAP","CI62FL","CIV"
"<1",7319,286,0,0,"regional_baseline","CI62FL","CIV"
"1-5",6476,108,0,0,"regional_baseline","CI62FL","CIV"
"6-11",6010,89,0,0,"regional_baseline","CI62FL","CIV"
"12-23",5149,102,0,0,"regional_baseline","CI62FL","CIV"
"24-35",5084,63,0,0,"regional_baseline","CI62FL","CIV"
"36-47",4956,47,0,0,"regional_baseline","CI62FL","CIV"
"48-59",4791,24,0,0,"regional_baseline","CI62FL","CIV"
"<1",10648,324,10369,313,"previous_primary","CI81FL","CIV"
"1-5",9552,124,9223,123,"previous_primary","CI81FL","CIV"
"6-11",9167,100,8797,94,"previous_primary","CI81FL","CIV"
"12-23",7997,86,7746,86,"previous_primary","CI81FL","CIV"
"24-35",8149,57,7922,56,"previous_primary","CI81FL","CIV"
"36-47",7900,41,7668,41,"previous_primary","CI81FL","CIV"
"48-59",7752,33,7516,33,"previous_primary","CI81FL","CIV"
"<1",10648,324,10369,313,"eligible_MAP","CI81FL","CIV"
"1-5",9552,124,9223,123,"eligible_MAP","CI81FL","CIV"
"6-11",9167,100,8797,94,"eligible_MAP","CI81FL","CIV"
"12-23",7997,86,7746,86,"eligible_MAP","CI81FL","CIV"
"24-35",8149,57,7922,56,"eligible_MAP","CI81FL","CIV"
"36-47",7900,41,7668,41,"eligible_MAP","CI81FL","CIV"
"48-59",7752,33,7516,33,"eligible_MAP","CI81FL","CIV"
"<1",10648,324,10369,313,"regional_baseline","CI81FL","CIV"
"1-5",9552,124,9223,123,"regional_baseline","CI81FL","CIV"
"6-11",9167,100,8797,94,"regional_baseline","CI81FL","CIV"
"12-23",7997,86,7746,86,"regional_baseline","CI81FL","CIV"
"24-35",8149,57,7922,56,"regional_baseline","CI81FL","CIV"
"36-47",7900,41,7668,41,"regional_baseline","CI81FL","CIV"
"48-59",7752,33,7516,33,"regional_baseline","CI81FL","CIV"
"<1",5834,157,0,0,"previous_primary","CM44FL","CMR"
"1-5",5057,101,0,0,"previous_primary","CM44FL","CMR"
"6-11",4545,126,0,0,"previous_primary","CM44FL","CMR"
"12-23",3393,97,0,0,"previous_primary","CM44FL","CMR"
"24-35",3618,71,0,0,"previous_primary","CM44FL","CMR"
"36-47",3195,45,0,0,"previous_primary","CM44FL","CMR"
"48-59",3207,26,0,0,"previous_primary","CM44FL","CMR"
"<1",7327,212,0,0,"eligible_MAP","CM44FL","CMR"
"1-5",6485,135,0,0,"eligible_MAP","CM44FL","CMR"
"6-11",6052,169,0,0,"eligible_MAP","CM44FL","CMR"
"12-23",5009,143,0,0,"eligible_MAP","CM44FL","CMR"
"24-35",4856,86,0,0,"eligible_MAP","CM44FL","CMR"
"36-47",4573,73,0,0,"eligible_MAP","CM44FL","CMR"
"48-59",4405,34,0,0,"eligible_MAP","CM44FL","CMR"
"<1",5844,157,0,0,"regional_baseline","CM44FL","CMR"
"1-5",5065,101,0,0,"regional_baseline","CM44FL","CMR"
"6-11",4552,126,0,0,"regional_baseline","CM44FL","CMR"
"12-23",3397,97,0,0,"regional_baseline","CM44FL","CMR"
"24-35",3625,71,0,0,"regional_baseline","CM44FL","CMR"
"36-47",3201,45,0,0,"regional_baseline","CM44FL","CMR"
"48-59",3212,26,0,0,"regional_baseline","CM44FL","CMR"
"<1",11826,361,0,0,"previous_primary","CM61FL","CMR"
"1-5",10570,130,0,0,"previous_primary","CM61FL","CMR"
"6-11",9939,186,0,0,"previous_primary","CM61FL","CMR"
"12-23",8399,201,0,0,"previous_primary","CM61FL","CMR"
"24-35",8159,160,0,0,"previous_primary","CM61FL","CMR"
"36-47",7979,70,0,0,"previous_primary","CM61FL","CMR"
"48-59",7747,43,0,0,"previous_primary","CM61FL","CMR"
"<1",11831,361,0,0,"eligible_MAP","CM61FL","CMR"
"1-5",10575,130,0,0,"eligible_MAP","CM61FL","CMR"
"6-11",9945,186,0,0,"eligible_MAP","CM61FL","CMR"
"12-23",8403,201,0,0,"eligible_MAP","CM61FL","CMR"
"24-35",8163,160,0,0,"eligible_MAP","CM61FL","CMR"
"36-47",7982,70,0,0,"eligible_MAP","CM61FL","CMR"
"48-59",7750,43,0,0,"eligible_MAP","CM61FL","CMR"
"<1",11831,361,0,0,"regional_baseline","CM61FL","CMR"
"1-5",10575,130,0,0,"regional_baseline","CM61FL","CMR"
"6-11",9945,186,0,0,"regional_baseline","CM61FL","CMR"
"12-23",8403,201,0,0,"regional_baseline","CM61FL","CMR"
"24-35",8163,160,0,0,"regional_baseline","CM61FL","CMR"
"36-47",7982,70,0,0,"regional_baseline","CM61FL","CMR"
"48-59",7750,43,0,0,"regional_baseline","CM61FL","CMR"
"<1",8042,271,7443,255,"previous_primary","CM71FL","CMR"
"1-5",7197,71,6584,62,"previous_primary","CM71FL","CMR"
"6-11",7058,75,6294,68,"previous_primary","CM71FL","CMR"
"12-23",6112,62,5550,60,"previous_primary","CM71FL","CMR"
"24-35",5997,59,5496,57,"previous_primary","CM71FL","CMR"
"36-47",5893,50,5397,43,"previous_primary","CM71FL","CMR"
"48-59",5675,25,5270,23,"previous_primary","CM71FL","CMR"
"<1",8042,271,7443,255,"eligible_MAP","CM71FL","CMR"
"1-5",7197,71,6584,62,"eligible_MAP","CM71FL","CMR"
"6-11",7058,75,6294,68,"eligible_MAP","CM71FL","CMR"
"12-23",6112,62,5550,60,"eligible_MAP","CM71FL","CMR"
"24-35",5997,59,5496,57,"eligible_MAP","CM71FL","CMR"
"36-47",5893,50,5397,43,"eligible_MAP","CM71FL","CMR"
"48-59",5675,25,5270,23,"eligible_MAP","CM71FL","CMR"
"<1",8042,271,7443,255,"regional_baseline","CM71FL","CMR"
"1-5",7197,71,6584,62,"regional_baseline","CM71FL","CMR"
"6-11",7058,75,6294,68,"regional_baseline","CM71FL","CMR"
"12-23",6112,62,5550,60,"regional_baseline","CM71FL","CMR"
"24-35",5997,59,5496,57,"regional_baseline","CM71FL","CMR"
"36-47",5893,50,5397,43,"regional_baseline","CM71FL","CMR"
"48-59",5675,25,5270,23,"regional_baseline","CM71FL","CMR"
"<1",8990,334,0,0,"previous_primary","CD51FL","COD"
"1-5",7933,208,0,0,"previous_primary","CD51FL","COD"
"6-11",7500,221,0,0,"previous_primary","CD51FL","COD"
"12-23",6196,155,0,0,"previous_primary","CD51FL","COD"
"24-35",5915,110,0,0,"previous_primary","CD51FL","COD"
"36-47",5618,51,0,0,"previous_primary","CD51FL","COD"
"48-59",5226,36,0,0,"previous_primary","CD51FL","COD"
"<1",9043,340,0,0,"eligible_MAP","CD51FL","COD"
"1-5",7977,209,0,0,"eligible_MAP","CD51FL","COD"
"6-11",7541,221,0,0,"eligible_MAP","CD51FL","COD"
"12-23",6230,158,0,0,"eligible_MAP","CD51FL","COD"
"24-35",5945,110,0,0,"eligible_MAP","CD51FL","COD"
"36-47",5651,51,0,0,"eligible_MAP","CD51FL","COD"
"48-59",5260,36,0,0,"eligible_MAP","CD51FL","COD"
"<1",9043,340,0,0,"regional_baseline","CD51FL","COD"
"1-5",7977,209,0,0,"regional_baseline","CD51FL","COD"
"6-11",7541,221,0,0,"regional_baseline","CD51FL","COD"
"12-23",6230,158,0,0,"regional_baseline","CD51FL","COD"
"24-35",5945,110,0,0,"regional_baseline","CD51FL","COD"
"36-47",5651,51,0,0,"regional_baseline","CD51FL","COD"
"48-59",5260,36,0,0,"regional_baseline","CD51FL","COD"
"<1",18750,522,0,0,"previous_primary","CD61FL","COD"
"1-5",16701,253,0,0,"previous_primary","CD61FL","COD"
"6-11",15974,263,0,0,"previous_primary","CD61FL","COD"
"12-23",13639,225,0,0,"previous_primary","CD61FL","COD"
"24-35",13191,210,0,0,"previous_primary","CD61FL","COD"
"36-47",12263,124,0,0,"previous_primary","CD61FL","COD"
"48-59",11607,89,0,0,"previous_primary","CD61FL","COD"
"<1",18750,522,0,0,"eligible_MAP","CD61FL","COD"
"1-5",16701,253,0,0,"eligible_MAP","CD61FL","COD"
"6-11",15974,263,0,0,"eligible_MAP","CD61FL","COD"
"12-23",13639,225,0,0,"eligible_MAP","CD61FL","COD"
"24-35",13191,210,0,0,"eligible_MAP","CD61FL","COD"
"36-47",12263,124,0,0,"eligible_MAP","CD61FL","COD"
"48-59",11607,89,0,0,"eligible_MAP","CD61FL","COD"
"<1",18750,522,0,0,"regional_baseline","CD61FL","COD"
"1-5",16701,253,0,0,"regional_baseline","CD61FL","COD"
"6-11",15974,263,0,0,"regional_baseline","CD61FL","COD"
"12-23",13639,225,0,0,"regional_baseline","CD61FL","COD"
"24-35",13191,210,0,0,"regional_baseline","CD61FL","COD"
"36-47",12263,124,0,0,"regional_baseline","CD61FL","COD"
"48-59",11607,89,0,0,"regional_baseline","CD61FL","COD"
"<1",24202,594,23832,587,"previous_primary","CD81FL","COD"
"1-5",21708,324,21301,322,"previous_primary","CD81FL","COD"
"6-11",20905,396,20469,385,"previous_primary","CD81FL","COD"
"12-23",18432,267,18114,262,"previous_primary","CD81FL","COD"
"24-35",18266,241,17988,237,"previous_primary","CD81FL","COD"
"36-47",17299,131,17013,130,"previous_primary","CD81FL","COD"
"48-59",16809,90,16571,89,"previous_primary","CD81FL","COD"
"<1",24202,594,23832,587,"eligible_MAP","CD81FL","COD"
"1-5",21708,324,21301,322,"eligible_MAP","CD81FL","COD"
"6-11",20905,396,20469,385,"eligible_MAP","CD81FL","COD"
"12-23",18432,267,18114,262,"eligible_MAP","CD81FL","COD"
"24-35",18266,241,17988,237,"eligible_MAP","CD81FL","COD"
"36-47",17299,131,17013,130,"eligible_MAP","CD81FL","COD"
"48-59",16809,90,16571,89,"eligible_MAP","CD81FL","COD"
"<1",24202,594,23832,587,"regional_baseline","CD81FL","COD"
"1-5",21708,324,21301,322,"regional_baseline","CD81FL","COD"
"6-11",20905,396,20469,385,"regional_baseline","CD81FL","COD"
"12-23",18432,267,18114,262,"regional_baseline","CD81FL","COD"
"24-35",18266,241,17988,237,"regional_baseline","CD81FL","COD"
"36-47",17299,131,17013,130,"regional_baseline","CD81FL","COD"
"48-59",16809,90,16571,89,"regional_baseline","CD81FL","COD"
"<1",3970,134,0,0,"previous_primary","CG51FL","COG"
"1-5",3413,58,0,0,"previous_primary","CG51FL","COG"
"6-11",3263,59,0,0,"previous_primary","CG51FL","COG"
"12-23",2690,44,0,0,"previous_primary","CG51FL","COG"
"24-35",2381,22,0,0,"previous_primary","CG51FL","COG"
"36-47",2378,16,0,0,"previous_primary","CG51FL","COG"
"48-59",2169,14,0,0,"previous_primary","CG51FL","COG"
"<1",4855,158,0,0,"eligible_MAP","CG51FL","COG"
"1-5",4277,71,0,0,"eligible_MAP","CG51FL","COG"
"6-11",4075,74,0,0,"eligible_MAP","CG51FL","COG"
"12-23",3468,59,0,0,"eligible_MAP","CG51FL","COG"
"24-35",3181,32,0,0,"eligible_MAP","CG51FL","COG"
"36-47",3010,21,0,0,"eligible_MAP","CG51FL","COG"
"48-59",2928,17,0,0,"eligible_MAP","CG51FL","COG"
"<1",3972,134,0,0,"regional_baseline","CG51FL","COG"
"1-5",3415,58,0,0,"regional_baseline","CG51FL","COG"
"6-11",3265,59,0,0,"regional_baseline","CG51FL","COG"
"12-23",2691,44,0,0,"regional_baseline","CG51FL","COG"
"24-35",2383,22,0,0,"regional_baseline","CG51FL","COG"
"36-47",2378,16,0,0,"regional_baseline","CG51FL","COG"
"48-59",2170,14,0,0,"regional_baseline","CG51FL","COG"
"<1",9364,182,0,0,"previous_primary","CG61FL","COG"
"1-5",8387,103,0,0,"previous_primary","CG61FL","COG"
"6-11",7921,68,0,0,"previous_primary","CG61FL","COG"
"12-23",6676,70,0,0,"previous_primary","CG61FL","COG"
"24-35",6551,60,0,0,"previous_primary","CG61FL","COG"
"36-47",6180,30,0,0,"previous_primary","CG61FL","COG"
"48-59",5937,22,0,0,"previous_primary","CG61FL","COG"
"<1",9367,182,0,0,"eligible_MAP","CG61FL","COG"
"1-5",8390,103,0,0,"eligible_MAP","CG61FL","COG"
"6-11",7924,69,0,0,"eligible_MAP","CG61FL","COG"
"12-23",6678,70,0,0,"eligible_MAP","CG61FL","COG"
"24-35",6552,60,0,0,"eligible_MAP","CG61FL","COG"
"36-47",6181,30,0,0,"eligible_MAP","CG61FL","COG"
"48-59",5937,22,0,0,"eligible_MAP","CG61FL","COG"
"<1",9367,182,0,0,"regional_baseline","CG61FL","COG"
"1-5",8390,103,0,0,"regional_baseline","CG61FL","COG"
"6-11",7924,69,0,0,"regional_baseline","CG61FL","COG"
"12-23",6678,70,0,0,"regional_baseline","CG61FL","COG"
"24-35",6552,60,0,0,"regional_baseline","CG61FL","COG"
"36-47",6181,30,0,0,"regional_baseline","CG61FL","COG"
"48-59",5937,22,0,0,"regional_baseline","CG61FL","COG"
"<1",3147,72,0,0,"previous_primary","KM61FL","COM"
"1-5",2824,22,0,0,"previous_primary","KM61FL","COM"
"6-11",2707,7,0,0,"previous_primary","KM61FL","COM"
"12-23",2309,5,0,0,"previous_primary","KM61FL","COM"
"24-35",2339,9,0,0,"previous_primary","KM61FL","COM"
"36-47",2302,7,0,0,"previous_primary","KM61FL","COM"
"48-59",2308,7,0,0,"previous_primary","KM61FL","COM"
"<1",3160,72,0,0,"eligible_MAP","KM61FL","COM"
"1-5",2835,22,0,0,"eligible_MAP","KM61FL","COM"
"6-11",2715,7,0,0,"eligible_MAP","KM61FL","COM"
"12-23",2316,5,0,0,"eligible_MAP","KM61FL","COM"
"24-35",2346,9,0,0,"eligible_MAP","KM61FL","COM"
"36-47",2308,7,0,0,"eligible_MAP","KM61FL","COM"
"48-59",2318,7,0,0,"eligible_MAP","KM61FL","COM"
"<1",3160,72,0,0,"regional_baseline","KM61FL","COM"
"1-5",2835,22,0,0,"regional_baseline","KM61FL","COM"
"6-11",2715,7,0,0,"regional_baseline","KM61FL","COM"
"12-23",2316,5,0,0,"regional_baseline","KM61FL","COM"
"24-35",2346,9,0,0,"regional_baseline","KM61FL","COM"
"36-47",2308,7,0,0,"regional_baseline","KM61FL","COM"
"48-59",2318,7,0,0,"regional_baseline","KM61FL","COM"
"<1",464,23,0,0,"eligible_MAP","ET41FL","ETH"
"1-5",4,0,0,0,"eligible_MAP","ET41FL","ETH"
"<1",7815,266,0,0,"previous_primary","ET51FL","ETH"
"1-5",6751,147,0,0,"previous_primary","ET51FL","ETH"
"6-11",6446,86,0,0,"previous_primary","ET51FL","ETH"
"12-23",5601,64,0,0,"previous_primary","ET51FL","ETH"
"24-35",5744,69,0,0,"previous_primary","ET51FL","ETH"
"36-47",5559,68,0,0,"previous_primary","ET51FL","ETH"
"48-59",5658,37,0,0,"previous_primary","ET51FL","ETH"
"<1",9888,340,0,0,"eligible_MAP","ET51FL","ETH"
"1-5",8759,190,0,0,"eligible_MAP","ET51FL","ETH"
"6-11",8353,111,0,0,"eligible_MAP","ET51FL","ETH"
"12-23",7288,88,0,0,"eligible_MAP","ET51FL","ETH"
"24-35",7613,96,0,0,"eligible_MAP","ET51FL","ETH"
"36-47",7608,102,0,0,"eligible_MAP","ET51FL","ETH"
"48-59",7598,57,0,0,"eligible_MAP","ET51FL","ETH"
"<1",7815,266,0,0,"regional_baseline","ET51FL","ETH"
"1-5",6751,147,0,0,"regional_baseline","ET51FL","ETH"
"6-11",6446,86,0,0,"regional_baseline","ET51FL","ETH"
"12-23",5601,64,0,0,"regional_baseline","ET51FL","ETH"
"24-35",5744,69,0,0,"regional_baseline","ET51FL","ETH"
"36-47",5559,68,0,0,"regional_baseline","ET51FL","ETH"
"48-59",5658,37,0,0,"regional_baseline","ET51FL","ETH"
"<1",11702,419,0,0,"previous_primary","ET61FL","ETH"
"1-5",10395,139,0,0,"previous_primary","ET61FL","ETH"
"6-11",10092,101,0,0,"previous_primary","ET61FL","ETH"
"12-23",8978,91,0,0,"previous_primary","ET61FL","ETH"
"24-35",9210,87,0,0,"previous_primary","ET61FL","ETH"
"36-47",9075,76,0,0,"previous_primary","ET61FL","ETH"
"48-59",8860,45,0,0,"previous_primary","ET61FL","ETH"
"<1",11702,419,0,0,"eligible_MAP","ET61FL","ETH"
"1-5",10395,139,0,0,"eligible_MAP","ET61FL","ETH"
"6-11",10092,101,0,0,"eligible_MAP","ET61FL","ETH"
"12-23",8978,91,0,0,"eligible_MAP","ET61FL","ETH"
"24-35",9210,87,0,0,"eligible_MAP","ET61FL","ETH"
"36-47",9075,76,0,0,"eligible_MAP","ET61FL","ETH"
"48-59",8860,45,0,0,"eligible_MAP","ET61FL","ETH"
"<1",11702,419,0,0,"regional_baseline","ET61FL","ETH"
"1-5",10395,139,0,0,"regional_baseline","ET61FL","ETH"
"6-11",10092,101,0,0,"regional_baseline","ET61FL","ETH"
"12-23",8978,91,0,0,"regional_baseline","ET61FL","ETH"
"24-35",9210,87,0,0,"regional_baseline","ET61FL","ETH"
"36-47",9075,76,0,0,"regional_baseline","ET61FL","ETH"
"48-59",8860,45,0,0,"regional_baseline","ET61FL","ETH"
"<1",10644,323,4736,134,"previous_primary","ET71FL","ETH"
"1-5",9609,108,3854,38,"previous_primary","ET71FL","ETH"
"6-11",9355,81,3607,31,"previous_primary","ET71FL","ETH"
"12-23",8123,78,2579,27,"previous_primary","ET71FL","ETH"
"24-35",8251,53,2631,12,"previous_primary","ET71FL","ETH"
"36-47",8346,44,2688,13,"previous_primary","ET71FL","ETH"
"48-59",8377,24,2487,7,"previous_primary","ET71FL","ETH"
"<1",10644,323,4736,134,"eligible_MAP","ET71FL","ETH"
"1-5",9609,108,3854,38,"eligible_MAP","ET71FL","ETH"
"6-11",9355,81,3607,31,"eligible_MAP","ET71FL","ETH"
"12-23",8123,78,2579,27,"eligible_MAP","ET71FL","ETH"
"24-35",8251,53,2631,12,"eligible_MAP","ET71FL","ETH"
"36-47",8346,44,2688,13,"eligible_MAP","ET71FL","ETH"
"48-59",8377,24,2487,7,"eligible_MAP","ET71FL","ETH"
"<1",10644,323,4736,134,"regional_baseline","ET71FL","ETH"
"1-5",9609,108,3854,38,"regional_baseline","ET71FL","ETH"
"6-11",9355,81,3607,31,"regional_baseline","ET71FL","ETH"
"12-23",8123,78,2579,27,"regional_baseline","ET71FL","ETH"
"24-35",8251,53,2631,12,"regional_baseline","ET71FL","ETH"
"36-47",8346,44,2688,13,"regional_baseline","ET71FL","ETH"
"48-59",8377,24,2487,7,"regional_baseline","ET71FL","ETH"
"<1",5770,222,5770,222,"previous_primary","ET81FL","ETH"
"1-5",5179,39,5179,39,"previous_primary","ET81FL","ETH"
"6-11",5092,29,5092,29,"previous_primary","ET81FL","ETH"
"12-23",4422,24,4422,24,"previous_primary","ET81FL","ETH"
"24-35",4373,23,4373,23,"previous_primary","ET81FL","ETH"
"36-47",4499,17,4499,17,"previous_primary","ET81FL","ETH"
"48-59",4462,8,4462,8,"previous_primary","ET81FL","ETH"
"<1",5770,222,5770,222,"eligible_MAP","ET81FL","ETH"
"1-5",5179,39,5179,39,"eligible_MAP","ET81FL","ETH"
"6-11",5092,29,5092,29,"eligible_MAP","ET81FL","ETH"
"12-23",4422,24,4422,24,"eligible_MAP","ET81FL","ETH"
"24-35",4373,23,4373,23,"eligible_MAP","ET81FL","ETH"
"36-47",4499,17,4499,17,"eligible_MAP","ET81FL","ETH"
"48-59",4462,8,4462,8,"eligible_MAP","ET81FL","ETH"
"<1",5770,222,5770,222,"regional_baseline","ET81FL","ETH"
"1-5",5179,39,5179,39,"regional_baseline","ET81FL","ETH"
"6-11",5092,29,5092,29,"regional_baseline","ET81FL","ETH"
"12-23",4422,24,4422,24,"regional_baseline","ET81FL","ETH"
"24-35",4373,23,4373,23,"regional_baseline","ET81FL","ETH"
"36-47",4499,17,4499,17,"regional_baseline","ET81FL","ETH"
"48-59",4462,8,4462,8,"regional_baseline","ET81FL","ETH"
"<1",11417,281,11417,281,"previous_primary","ET8AFL","ETH"
"1-5",11245,108,11245,108,"previous_primary","ET8AFL","ETH"
"6-11",11005,68,11005,68,"previous_primary","ET8AFL","ETH"
"12-23",10915,60,10915,60,"previous_primary","ET8AFL","ETH"
"24-35",10955,40,10955,40,"previous_primary","ET8AFL","ETH"
"36-47",10688,36,10688,36,"previous_primary","ET8AFL","ETH"
"48-59",10449,13,10449,13,"previous_primary","ET8AFL","ETH"
"<1",13602,336,11417,281,"eligible_MAP","ET8AFL","ETH"
"1-5",12390,115,11245,108,"eligible_MAP","ET8AFL","ETH"
"6-11",12040,76,11005,68,"eligible_MAP","ET8AFL","ETH"
"12-23",10946,60,10915,60,"eligible_MAP","ET8AFL","ETH"
"24-35",10985,40,10955,40,"eligible_MAP","ET8AFL","ETH"
"36-47",10730,36,10688,36,"eligible_MAP","ET8AFL","ETH"
"48-59",10481,13,10449,13,"eligible_MAP","ET8AFL","ETH"
"<1",11417,281,11417,281,"regional_baseline","ET8AFL","ETH"
"1-5",11245,108,11245,108,"regional_baseline","ET8AFL","ETH"
"6-11",11005,68,11005,68,"regional_baseline","ET8AFL","ETH"
"12-23",10915,60,10915,60,"regional_baseline","ET8AFL","ETH"
"24-35",10955,40,10955,40,"regional_baseline","ET8AFL","ETH"
"36-47",10688,36,10688,36,"regional_baseline","ET8AFL","ETH"
"48-59",10449,13,10449,13,"regional_baseline","ET8AFL","ETH"
"<1",761,21,0,0,"eligible_MAP","GA41FL","GAB"
"1-5",382,8,0,0,"eligible_MAP","GA41FL","GAB"
"6-11",359,5,0,0,"eligible_MAP","GA41FL","GAB"
"12-23",2,0,0,0,"eligible_MAP","GA41FL","GAB"
"24-35",2,0,0,0,"eligible_MAP","GA41FL","GAB"
"36-47",1,0,0,0,"eligible_MAP","GA41FL","GAB"
"48-59",1,0,0,0,"eligible_MAP","GA41FL","GAB"
"<1",6086,138,0,0,"previous_primary","GA61FL","GAB"
"1-5",5450,40,0,0,"previous_primary","GA61FL","GAB"
"6-11",5136,55,0,0,"previous_primary","GA61FL","GAB"
"12-23",4403,36,0,0,"previous_primary","GA61FL","GAB"
"24-35",4273,33,0,0,"previous_primary","GA61FL","GAB"
"36-47",4120,17,0,0,"previous_primary","GA61FL","GAB"
"48-59",4012,11,0,0,"previous_primary","GA61FL","GAB"
"<1",6091,139,0,0,"eligible_MAP","GA61FL","GAB"
"1-5",5454,40,0,0,"eligible_MAP","GA61FL","GAB"
"6-11",5140,55,0,0,"eligible_MAP","GA61FL","GAB"
"12-23",4407,36,0,0,"eligible_MAP","GA61FL","GAB"
"24-35",4277,33,0,0,"eligible_MAP","GA61FL","GAB"
"36-47",4122,17,0,0,"eligible_MAP","GA61FL","GAB"
"48-59",4015,11,0,0,"eligible_MAP","GA61FL","GAB"
"<1",6091,139,0,0,"regional_baseline","GA61FL","GAB"
"1-5",5454,40,0,0,"regional_baseline","GA61FL","GAB"
"6-11",5140,55,0,0,"regional_baseline","GA61FL","GAB"
"12-23",4407,36,0,0,"regional_baseline","GA61FL","GAB"
"24-35",4277,33,0,0,"regional_baseline","GA61FL","GAB"
"36-47",4122,17,0,0,"regional_baseline","GA61FL","GAB"
"48-59",4015,11,0,0,"regional_baseline","GA61FL","GAB"
"<1",6391,115,0,0,"previous_primary","GA71FL","GAB"
"1-5",5818,46,0,0,"previous_primary","GA71FL","GAB"
"6-11",5598,35,0,0,"previous_primary","GA71FL","GAB"
"12-23",4837,36,0,0,"previous_primary","GA71FL","GAB"
"24-35",4796,34,0,0,"previous_primary","GA71FL","GAB"
"36-47",4589,15,0,0,"previous_primary","GA71FL","GAB"
"48-59",4406,10,0,0,"previous_primary","GA71FL","GAB"
"<1",6391,115,0,0,"eligible_MAP","GA71FL","GAB"
"1-5",5818,46,0,0,"eligible_MAP","GA71FL","GAB"
"6-11",5598,35,0,0,"eligible_MAP","GA71FL","GAB"
"12-23",4837,36,0,0,"eligible_MAP","GA71FL","GAB"
"24-35",4796,34,0,0,"eligible_MAP","GA71FL","GAB"
"36-47",4589,15,0,0,"eligible_MAP","GA71FL","GAB"
"48-59",4406,10,0,0,"eligible_MAP","GA71FL","GAB"
"<1",6391,115,0,0,"regional_baseline","GA71FL","GAB"
"1-5",5818,46,0,0,"regional_baseline","GA71FL","GAB"
"6-11",5598,35,0,0,"regional_baseline","GA71FL","GAB"
"12-23",4837,36,0,0,"regional_baseline","GA71FL","GAB"
"24-35",4796,34,0,0,"regional_baseline","GA71FL","GAB"
"36-47",4589,15,0,0,"regional_baseline","GA71FL","GAB"
"48-59",4406,10,0,0,"regional_baseline","GA71FL","GAB"
"<1",2189,89,0,0,"previous_primary","GH4BFL","GHA"
"1-5",1850,30,0,0,"previous_primary","GH4BFL","GHA"
"6-11",1670,15,0,0,"previous_primary","GH4BFL","GHA"
"12-23",1228,23,0,0,"previous_primary","GH4BFL","GHA"
"24-35",1179,17,0,0,"previous_primary","GH4BFL","GHA"
"36-47",1238,17,0,0,"previous_primary","GH4BFL","GHA"
"48-59",1122,8,0,0,"previous_primary","GH4BFL","GHA"
"<1",2910,114,0,0,"eligible_MAP","GH4BFL","GHA"
"1-5",2536,34,0,0,"eligible_MAP","GH4BFL","GHA"
"6-11",2386,22,0,0,"eligible_MAP","GH4BFL","GHA"
"12-23",1990,31,0,0,"eligible_MAP","GH4BFL","GHA"
"24-35",1874,23,0,0,"eligible_MAP","GH4BFL","GHA"
"36-47",1825,23,0,0,"eligible_MAP","GH4BFL","GHA"
"48-59",1832,11,0,0,"eligible_MAP","GH4BFL","GHA"
"<1",2189,89,0,0,"regional_baseline","GH4BFL","GHA"
"1-5",1850,30,0,0,"regional_baseline","GH4BFL","GHA"
"6-11",1670,15,0,0,"regional_baseline","GH4BFL","GHA"
"12-23",1228,23,0,0,"regional_baseline","GH4BFL","GHA"
"24-35",1179,17,0,0,"regional_baseline","GH4BFL","GHA"
"36-47",1238,17,0,0,"regional_baseline","GH4BFL","GHA"
"48-59",1122,8,0,0,"regional_baseline","GH4BFL","GHA"
"<1",2987,93,0,0,"previous_primary","GH5AFL","GHA"
"1-5",2636,32,0,0,"previous_primary","GH5AFL","GHA"
"6-11",2501,22,0,0,"previous_primary","GH5AFL","GHA"
"12-23",2125,30,0,0,"previous_primary","GH5AFL","GHA"
"24-35",2159,20,0,0,"previous_primary","GH5AFL","GHA"
"36-47",2175,14,0,0,"previous_primary","GH5AFL","GHA"
"48-59",2117,6,0,0,"previous_primary","GH5AFL","GHA"
"<1",2999,93,0,0,"eligible_MAP","GH5AFL","GHA"
"1-5",2648,32,0,0,"eligible_MAP","GH5AFL","GHA"
"6-11",2512,23,0,0,"eligible_MAP","GH5AFL","GHA"
"12-23",2135,30,0,0,"eligible_MAP","GH5AFL","GHA"
"24-35",2167,20,0,0,"eligible_MAP","GH5AFL","GHA"
"36-47",2185,15,0,0,"eligible_MAP","GH5AFL","GHA"
"48-59",2126,6,0,0,"eligible_MAP","GH5AFL","GHA"
"<1",2999,93,0,0,"regional_baseline","GH5AFL","GHA"
"1-5",2648,32,0,0,"regional_baseline","GH5AFL","GHA"
"6-11",2512,23,0,0,"regional_baseline","GH5AFL","GHA"
"12-23",2135,30,0,0,"regional_baseline","GH5AFL","GHA"
"24-35",2167,20,0,0,"regional_baseline","GH5AFL","GHA"
"36-47",2185,15,0,0,"regional_baseline","GH5AFL","GHA"
"48-59",2126,6,0,0,"regional_baseline","GH5AFL","GHA"
"<1",5927,169,3390,85,"previous_primary","GH72FL","GHA"
"1-5",5272,47,2818,26,"previous_primary","GH72FL","GHA"
"6-11",5037,30,2694,21,"previous_primary","GH72FL","GHA"
"12-23",4335,24,2118,11,"previous_primary","GH72FL","GHA"
"24-35",4309,24,2018,12,"previous_primary","GH72FL","GHA"
"36-47",4260,17,1826,8,"previous_primary","GH72FL","GHA"
"48-59",4212,14,1936,8,"previous_primary","GH72FL","GHA"
"<1",5927,169,3390,85,"eligible_MAP","GH72FL","GHA"
"1-5",5272,47,2818,26,"eligible_MAP","GH72FL","GHA"
"6-11",5037,30,2694,21,"eligible_MAP","GH72FL","GHA"
"12-23",4335,24,2118,11,"eligible_MAP","GH72FL","GHA"
"24-35",4309,24,2018,12,"eligible_MAP","GH72FL","GHA"
"36-47",4260,17,1826,8,"eligible_MAP","GH72FL","GHA"
"48-59",4212,14,1936,8,"eligible_MAP","GH72FL","GHA"
"<1",5927,169,3390,85,"regional_baseline","GH72FL","GHA"
"1-5",5272,47,2818,26,"regional_baseline","GH72FL","GHA"
"6-11",5037,30,2694,21,"regional_baseline","GH72FL","GHA"
"12-23",4335,24,2118,11,"regional_baseline","GH72FL","GHA"
"24-35",4309,24,2018,12,"regional_baseline","GH72FL","GHA"
"36-47",4260,17,1826,8,"regional_baseline","GH72FL","GHA"
"48-59",4212,14,1936,8,"regional_baseline","GH72FL","GHA"
"<1",9355,163,9355,163,"previous_primary","GH8CFL","GHA"
"1-5",8545,59,8545,59,"previous_primary","GH8CFL","GHA"
"6-11",8226,19,8226,19,"previous_primary","GH8CFL","GHA"
"12-23",7072,24,7072,24,"previous_primary","GH8CFL","GHA"
"24-35",7041,27,7041,27,"previous_primary","GH8CFL","GHA"
"36-47",6823,19,6823,19,"previous_primary","GH8CFL","GHA"
"48-59",6669,10,6669,10,"previous_primary","GH8CFL","GHA"
"<1",9355,163,9355,163,"eligible_MAP","GH8CFL","GHA"
"1-5",8545,59,8545,59,"eligible_MAP","GH8CFL","GHA"
"6-11",8226,19,8226,19,"eligible_MAP","GH8CFL","GHA"
"12-23",7072,24,7072,24,"eligible_MAP","GH8CFL","GHA"
"24-35",7041,27,7041,27,"eligible_MAP","GH8CFL","GHA"
"36-47",6823,19,6823,19,"eligible_MAP","GH8CFL","GHA"
"48-59",6669,10,6669,10,"eligible_MAP","GH8CFL","GHA"
"<1",9355,163,9355,163,"regional_baseline","GH8CFL","GHA"
"1-5",8545,59,8545,59,"regional_baseline","GH8CFL","GHA"
"6-11",8226,19,8226,19,"regional_baseline","GH8CFL","GHA"
"12-23",7072,24,7072,24,"regional_baseline","GH8CFL","GHA"
"24-35",7041,27,7041,27,"regional_baseline","GH8CFL","GHA"
"36-47",6823,19,6823,19,"regional_baseline","GH8CFL","GHA"
"48-59",6669,10,6669,10,"regional_baseline","GH8CFL","GHA"
"<1",5214,212,0,0,"previous_primary","GN52FL","GIN"
"1-5",4467,110,0,0,"previous_primary","GN52FL","GIN"
"6-11",4089,103,0,0,"previous_primary","GN52FL","GIN"
"12-23",3365,85,0,0,"previous_primary","GN52FL","GIN"
"24-35",3171,70,0,0,"previous_primary","GN52FL","GIN"
"36-47",3503,51,0,0,"previous_primary","GN52FL","GIN"
"48-59",3530,24,0,0,"previous_primary","GN52FL","GIN"
"<1",6432,262,0,0,"eligible_MAP","GN52FL","GIN"
"1-5",5627,144,0,0,"eligible_MAP","GN52FL","GIN"
"6-11",5248,131,0,0,"eligible_MAP","GN52FL","GIN"
"12-23",4503,116,0,0,"eligible_MAP","GN52FL","GIN"
"24-35",4649,118,0,0,"eligible_MAP","GN52FL","GIN"
"36-47",4706,61,0,0,"eligible_MAP","GN52FL","GIN"
"48-59",4743,35,0,0,"eligible_MAP","GN52FL","GIN"
"<1",5215,212,0,0,"regional_baseline","GN52FL","GIN"
"1-5",4468,110,0,0,"regional_baseline","GN52FL","GIN"
"6-11",4090,103,0,0,"regional_baseline","GN52FL","GIN"
"12-23",3366,85,0,0,"regional_baseline","GN52FL","GIN"
"24-35",3171,70,0,0,"regional_baseline","GN52FL","GIN"
"36-47",3503,51,0,0,"regional_baseline","GN52FL","GIN"
"48-59",3530,24,0,0,"regional_baseline","GN52FL","GIN"
"<1",7092,239,0,0,"previous_primary","GN62FL","GIN"
"1-5",6302,88,0,0,"previous_primary","GN62FL","GIN"
"6-11",6089,115,0,0,"previous_primary","GN62FL","GIN"
"12-23",5025,109,0,0,"previous_primary","GN62FL","GIN"
"24-35",5218,81,0,0,"previous_primary","GN62FL","GIN"
"36-47",5159,61,0,0,"previous_primary","GN62FL","GIN"
"48-59",5035,40,0,0,"previous_primary","GN62FL","GIN"
"<1",7092,239,0,0,"eligible_MAP","GN62FL","GIN"
"1-5",6302,88,0,0,"eligible_MAP","GN62FL","GIN"
"6-11",6089,115,0,0,"eligible_MAP","GN62FL","GIN"
"12-23",5025,109,0,0,"eligible_MAP","GN62FL","GIN"
"24-35",5218,81,0,0,"eligible_MAP","GN62FL","GIN"
"36-47",5159,61,0,0,"eligible_MAP","GN62FL","GIN"
"48-59",5035,40,0,0,"eligible_MAP","GN62FL","GIN"
"<1",7092,239,0,0,"regional_baseline","GN62FL","GIN"
"1-5",6302,88,0,0,"regional_baseline","GN62FL","GIN"
"6-11",6089,115,0,0,"regional_baseline","GN62FL","GIN"
"12-23",5025,109,0,0,"regional_baseline","GN62FL","GIN"
"24-35",5218,81,0,0,"regional_baseline","GN62FL","GIN"
"36-47",5159,61,0,0,"regional_baseline","GN62FL","GIN"
"48-59",5035,40,0,0,"regional_baseline","GN62FL","GIN"
"<1",7990,268,0,0,"previous_primary","GN71FL","GIN"
"1-5",7238,122,0,0,"previous_primary","GN71FL","GIN"
"6-11",7248,104,0,0,"previous_primary","GN71FL","GIN"
"12-23",6176,101,0,0,"previous_primary","GN71FL","GIN"
"24-35",6253,96,0,0,"previous_primary","GN71FL","GIN"
"36-47",6074,46,0,0,"previous_primary","GN71FL","GIN"
"48-59",5923,32,0,0,"previous_primary","GN71FL","GIN"
"<1",7990,268,0,0,"eligible_MAP","GN71FL","GIN"
"1-5",7238,122,0,0,"eligible_MAP","GN71FL","GIN"
"6-11",7248,104,0,0,"eligible_MAP","GN71FL","GIN"
"12-23",6176,101,0,0,"eligible_MAP","GN71FL","GIN"
"24-35",6253,96,0,0,"eligible_MAP","GN71FL","GIN"
"36-47",6074,46,0,0,"eligible_MAP","GN71FL","GIN"
"48-59",5923,32,0,0,"eligible_MAP","GN71FL","GIN"
"<1",7990,268,0,0,"regional_baseline","GN71FL","GIN"
"1-5",7238,122,0,0,"regional_baseline","GN71FL","GIN"
"6-11",7248,104,0,0,"regional_baseline","GN71FL","GIN"
"12-23",6176,101,0,0,"regional_baseline","GN71FL","GIN"
"24-35",6253,96,0,0,"regional_baseline","GN71FL","GIN"
"36-47",6074,46,0,0,"regional_baseline","GN71FL","GIN"
"48-59",5923,32,0,0,"regional_baseline","GN71FL","GIN"
"<1",8096,173,395,6,"previous_primary","GM61FL","GMB"
"1-5",7149,38,0,0,"previous_primary","GM61FL","GMB"
"6-11",6844,27,0,0,"previous_primary","GM61FL","GMB"
"12-23",5829,40,0,0,"previous_primary","GM61FL","GMB"
"24-35",5740,29,0,0,"previous_primary","GM61FL","GMB"
"36-47",5551,19,0,0,"previous_primary","GM61FL","GMB"
"48-59",5395,11,0,0,"previous_primary","GM61FL","GMB"
"<1",8097,173,395,6,"eligible_MAP","GM61FL","GMB"
"1-5",7150,38,0,0,"eligible_MAP","GM61FL","GMB"
"6-11",6845,27,0,0,"eligible_MAP","GM61FL","GMB"
"12-23",5830,40,0,0,"eligible_MAP","GM61FL","GMB"
"24-35",5741,29,0,0,"eligible_MAP","GM61FL","GMB"
"36-47",5552,19,0,0,"eligible_MAP","GM61FL","GMB"
"48-59",5396,11,0,0,"eligible_MAP","GM61FL","GMB"
"<1",8097,173,395,6,"regional_baseline","GM61FL","GMB"
"1-5",7150,38,0,0,"regional_baseline","GM61FL","GMB"
"6-11",6845,27,0,0,"regional_baseline","GM61FL","GMB"
"12-23",5830,40,0,0,"regional_baseline","GM61FL","GMB"
"24-35",5741,29,0,0,"regional_baseline","GM61FL","GMB"
"36-47",5552,19,0,0,"regional_baseline","GM61FL","GMB"
"48-59",5396,11,0,0,"regional_baseline","GM61FL","GMB"
"<1",8369,286,8369,286,"previous_primary","GM81FL","GMB"
"1-5",7354,52,7354,52,"previous_primary","GM81FL","GMB"
"6-11",7252,34,7252,34,"previous_primary","GM81FL","GMB"
"12-23",6382,49,6382,49,"previous_primary","GM81FL","GMB"
"24-35",6492,36,6492,36,"previous_primary","GM81FL","GMB"
"36-47",6636,20,6636,20,"previous_primary","GM81FL","GMB"
"48-59",6640,9,6640,9,"previous_primary","GM81FL","GMB"
"<1",8369,286,8369,286,"eligible_MAP","GM81FL","GMB"
"1-5",7354,52,7354,52,"eligible_MAP","GM81FL","GMB"
"6-11",7252,34,7252,34,"eligible_MAP","GM81FL","GMB"
"12-23",6382,49,6382,49,"eligible_MAP","GM81FL","GMB"
"24-35",6492,36,6492,36,"eligible_MAP","GM81FL","GMB"
"36-47",6636,20,6636,20,"eligible_MAP","GM81FL","GMB"
"48-59",6640,9,6640,9,"eligible_MAP","GM81FL","GMB"
"<1",8369,286,8369,286,"regional_baseline","GM81FL","GMB"
"1-5",7354,52,7354,52,"regional_baseline","GM81FL","GMB"
"6-11",7252,34,7252,34,"regional_baseline","GM81FL","GMB"
"12-23",6382,49,6382,49,"regional_baseline","GM81FL","GMB"
"24-35",6492,36,6492,36,"regional_baseline","GM81FL","GMB"
"36-47",6636,20,6636,20,"regional_baseline","GM81FL","GMB"
"48-59",6640,9,6640,9,"regional_baseline","GM81FL","GMB"
"<1",3011,99,0,0,"previous_primary","KE42FL","KEN"
"1-5",2478,60,0,0,"previous_primary","KE42FL","KEN"
"6-11",2267,49,0,0,"previous_primary","KE42FL","KEN"
"12-23",1633,20,0,0,"previous_primary","KE42FL","KEN"
"24-35",1487,15,0,0,"previous_primary","KE42FL","KEN"
"36-47",1491,18,0,0,"previous_primary","KE42FL","KEN"
"48-59",1430,7,0,0,"previous_primary","KE42FL","KEN"
"<1",4187,141,0,0,"eligible_MAP","KE42FL","KEN"
"1-5",3587,86,0,0,"eligible_MAP","KE42FL","KEN"
"6-11",3337,69,0,0,"eligible_MAP","KE42FL","KEN"
"12-23",2734,41,0,0,"eligible_MAP","KE42FL","KEN"
"24-35",2575,22,0,0,"eligible_MAP","KE42FL","KEN"
"36-47",2408,26,0,0,"eligible_MAP","KE42FL","KEN"
"48-59",2376,8,0,0,"eligible_MAP","KE42FL","KEN"
"<1",3012,99,0,0,"regional_baseline","KE42FL","KEN"
"1-5",2478,60,0,0,"regional_baseline","KE42FL","KEN"
"6-11",2267,49,0,0,"regional_baseline","KE42FL","KEN"
"12-23",1633,20,0,0,"regional_baseline","KE42FL","KEN"
"24-35",1488,15,0,0,"regional_baseline","KE42FL","KEN"
"36-47",1491,18,0,0,"regional_baseline","KE42FL","KEN"
"48-59",1431,7,0,0,"regional_baseline","KE42FL","KEN"
"<1",6083,176,0,0,"previous_primary","KE52FL","KEN"
"1-5",5458,73,0,0,"previous_primary","KE52FL","KEN"
"6-11",5158,50,0,0,"previous_primary","KE52FL","KEN"
"12-23",4441,47,0,0,"previous_primary","KE52FL","KEN"
"24-35",4485,33,0,0,"previous_primary","KE52FL","KEN"
"36-47",4235,9,0,0,"previous_primary","KE52FL","KEN"
"48-59",4215,5,0,0,"previous_primary","KE52FL","KEN"
"<1",6083,176,0,0,"eligible_MAP","KE52FL","KEN"
"1-5",5458,73,0,0,"eligible_MAP","KE52FL","KEN"
"6-11",5158,50,0,0,"eligible_MAP","KE52FL","KEN"
"12-23",4441,47,0,0,"eligible_MAP","KE52FL","KEN"
"24-35",4485,33,0,0,"eligible_MAP","KE52FL","KEN"
"36-47",4235,9,0,0,"eligible_MAP","KE52FL","KEN"
"48-59",4215,5,0,0,"eligible_MAP","KE52FL","KEN"
"<1",6083,176,0,0,"regional_baseline","KE52FL","KEN"
"1-5",5458,73,0,0,"regional_baseline","KE52FL","KEN"
"6-11",5158,50,0,0,"regional_baseline","KE52FL","KEN"
"12-23",4441,47,0,0,"regional_baseline","KE52FL","KEN"
"24-35",4485,33,0,0,"regional_baseline","KE52FL","KEN"
"36-47",4235,9,0,0,"regional_baseline","KE52FL","KEN"
"48-59",4215,5,0,0,"regional_baseline","KE52FL","KEN"
"<1",21136,449,2199,50,"previous_primary","KE72FL","KEN"
"1-5",19349,173,792,8,"previous_primary","KE72FL","KEN"
"6-11",18732,120,521,0,"previous_primary","KE72FL","KEN"
"12-23",16654,91,0,0,"previous_primary","KE72FL","KEN"
"24-35",17139,43,0,0,"previous_primary","KE72FL","KEN"
"36-47",16929,40,0,0,"previous_primary","KE72FL","KEN"
"48-59",17079,27,0,0,"previous_primary","KE72FL","KEN"
"<1",21136,449,2199,50,"eligible_MAP","KE72FL","KEN"
"1-5",19349,173,792,8,"eligible_MAP","KE72FL","KEN"
"6-11",18732,120,521,0,"eligible_MAP","KE72FL","KEN"
"12-23",16654,91,0,0,"eligible_MAP","KE72FL","KEN"
"24-35",17139,43,0,0,"eligible_MAP","KE72FL","KEN"
"36-47",16929,40,0,0,"eligible_MAP","KE72FL","KEN"
"48-59",17079,27,0,0,"eligible_MAP","KE72FL","KEN"
"<1",21136,449,2199,50,"regional_baseline","KE72FL","KEN"
"1-5",19349,173,792,8,"regional_baseline","KE72FL","KEN"
"6-11",18732,120,521,0,"regional_baseline","KE72FL","KEN"
"12-23",16654,91,0,0,"regional_baseline","KE72FL","KEN"
"24-35",17139,43,0,0,"regional_baseline","KE72FL","KEN"
"36-47",16929,40,0,0,"regional_baseline","KE72FL","KEN"
"48-59",17079,27,0,0,"regional_baseline","KE72FL","KEN"
"<1",19554,442,8084,186,"previous_primary","KE8CFL","KEN"
"1-5",17869,90,7343,34,"previous_primary","KE8CFL","KEN"
"6-11",17330,89,7162,34,"previous_primary","KE8CFL","KEN"
"12-23",15210,59,6331,26,"previous_primary","KE8CFL","KEN"
"24-35",15162,33,6362,18,"previous_primary","KE8CFL","KEN"
"36-47",14811,24,6123,15,"previous_primary","KE8CFL","KEN"
"48-59",14582,23,6074,14,"previous_primary","KE8CFL","KEN"
"<1",19554,442,8084,186,"eligible_MAP","KE8CFL","KEN"
"1-5",17869,90,7343,34,"eligible_MAP","KE8CFL","KEN"
"6-11",17330,89,7162,34,"eligible_MAP","KE8CFL","KEN"
"12-23",15210,59,6331,26,"eligible_MAP","KE8CFL","KEN"
"24-35",15162,33,6362,18,"eligible_MAP","KE8CFL","KEN"
"36-47",14811,24,6123,15,"eligible_MAP","KE8CFL","KEN"
"48-59",14582,23,6074,14,"eligible_MAP","KE8CFL","KEN"
"<1",19554,442,8084,186,"regional_baseline","KE8CFL","KEN"
"1-5",17869,90,7343,34,"regional_baseline","KE8CFL","KEN"
"6-11",17330,89,7162,34,"regional_baseline","KE8CFL","KEN"
"12-23",15210,59,6331,26,"regional_baseline","KE8CFL","KEN"
"24-35",15162,33,6362,18,"regional_baseline","KE8CFL","KEN"
"36-47",14811,24,6123,15,"regional_baseline","KE8CFL","KEN"
"48-59",14582,23,6074,14,"regional_baseline","KE8CFL","KEN"
"<1",5816,181,0,0,"eligible_MAP","LB51FL","LBR"
"1-5",5222,118,0,0,"eligible_MAP","LB51FL","LBR"
"6-11",4779,87,0,0,"eligible_MAP","LB51FL","LBR"
"12-23",4141,70,0,0,"eligible_MAP","LB51FL","LBR"
"24-35",4101,50,0,0,"eligible_MAP","LB51FL","LBR"
"36-47",3847,29,0,0,"eligible_MAP","LB51FL","LBR"
"48-59",3786,16,0,0,"eligible_MAP","LB51FL","LBR"
"<1",4222,165,0,0,"eligible_MAP","LB5AFL","LBR"
"1-5",3777,76,0,0,"eligible_MAP","LB5AFL","LBR"
"6-11",3558,60,0,0,"eligible_MAP","LB5AFL","LBR"
"12-23",3088,59,0,0,"eligible_MAP","LB5AFL","LBR"
"24-35",2957,35,0,0,"eligible_MAP","LB5AFL","LBR"
"36-47",2711,17,0,0,"eligible_MAP","LB5AFL","LBR"
"48-59",2508,16,0,0,"eligible_MAP","LB5AFL","LBR"
"<1",7644,215,0,0,"eligible_MAP","LB6AFL","LBR"
"1-5",6854,100,0,0,"eligible_MAP","LB6AFL","LBR"
"6-11",6431,93,0,0,"eligible_MAP","LB6AFL","LBR"
"12-23",5706,114,0,0,"eligible_MAP","LB6AFL","LBR"
"24-35",5877,67,0,0,"eligible_MAP","LB6AFL","LBR"
"36-47",5807,37,0,0,"eligible_MAP","LB6AFL","LBR"
"48-59",5765,23,0,0,"eligible_MAP","LB6AFL","LBR"
"<1",5707,226,0,0,"eligible_MAP","LB7AFL","LBR"
"1-5",5081,69,0,0,"eligible_MAP","LB7AFL","LBR"
"6-11",4880,78,0,0,"eligible_MAP","LB7AFL","LBR"
"12-23",4221,67,0,0,"eligible_MAP","LB7AFL","LBR"
"24-35",4331,33,0,0,"eligible_MAP","LB7AFL","LBR"
"36-47",4365,16,0,0,"eligible_MAP","LB7AFL","LBR"
"48-59",4302,16,0,0,"eligible_MAP","LB7AFL","LBR"
"<1",3460,83,0,0,"previous_primary","MD42FL","MDG"
"1-5",3048,36,0,0,"previous_primary","MD42FL","MDG"
"6-11",2709,28,0,0,"previous_primary","MD42FL","MDG"
"12-23",2013,18,0,0,"previous_primary","MD42FL","MDG"
"24-35",2050,18,0,0,"previous_primary","MD42FL","MDG"
"36-47",2287,14,0,0,"previous_primary","MD42FL","MDG"
"48-59",1896,11,0,0,"previous_primary","MD42FL","MDG"
"<1",4439,113,0,0,"eligible_MAP","MD42FL","MDG"
"1-5",3968,52,0,0,"eligible_MAP","MD42FL","MDG"
"6-11",3734,45,0,0,"eligible_MAP","MD42FL","MDG"
"12-23",3122,31,0,0,"eligible_MAP","MD42FL","MDG"
"24-35",3019,27,0,0,"eligible_MAP","MD42FL","MDG"
"36-47",3127,17,0,0,"eligible_MAP","MD42FL","MDG"
"48-59",3085,11,0,0,"eligible_MAP","MD42FL","MDG"
"<1",3460,83,0,0,"regional_baseline","MD42FL","MDG"
"1-5",3048,36,0,0,"regional_baseline","MD42FL","MDG"
"6-11",2709,28,0,0,"regional_baseline","MD42FL","MDG"
"12-23",2013,18,0,0,"regional_baseline","MD42FL","MDG"
"24-35",2050,18,0,0,"regional_baseline","MD42FL","MDG"
"36-47",2287,14,0,0,"regional_baseline","MD42FL","MDG"
"48-59",1896,11,0,0,"regional_baseline","MD42FL","MDG"
"<1",12532,300,0,0,"previous_primary","MD51FL","MDG"
"1-5",11279,125,0,0,"previous_primary","MD51FL","MDG"
"6-11",10740,137,0,0,"previous_primary","MD51FL","MDG"
"12-23",9463,73,0,0,"previous_primary","MD51FL","MDG"
"24-35",9712,72,0,0,"previous_primary","MD51FL","MDG"
"36-47",9570,43,0,0,"previous_primary","MD51FL","MDG"
"48-59",9809,27,0,0,"previous_primary","MD51FL","MDG"
"<1",12534,300,0,0,"eligible_MAP","MD51FL","MDG"
"1-5",11281,125,0,0,"eligible_MAP","MD51FL","MDG"
"6-11",10742,137,0,0,"eligible_MAP","MD51FL","MDG"
"12-23",9466,73,0,0,"eligible_MAP","MD51FL","MDG"
"24-35",9717,72,0,0,"eligible_MAP","MD51FL","MDG"
"36-47",9576,43,0,0,"eligible_MAP","MD51FL","MDG"
"48-59",9813,27,0,0,"eligible_MAP","MD51FL","MDG"
"<1",12534,300,0,0,"regional_baseline","MD51FL","MDG"
"1-5",11281,125,0,0,"regional_baseline","MD51FL","MDG"
"6-11",10742,137,0,0,"regional_baseline","MD51FL","MDG"
"12-23",9466,73,0,0,"regional_baseline","MD51FL","MDG"
"24-35",9717,72,0,0,"regional_baseline","MD51FL","MDG"
"36-47",9576,43,0,0,"regional_baseline","MD51FL","MDG"
"48-59",9813,27,0,0,"regional_baseline","MD51FL","MDG"
"<1",12497,314,12497,314,"previous_primary","MD81FL","MDG"
"1-5",11300,128,11300,128,"previous_primary","MD81FL","MDG"
"6-11",10853,95,10853,95,"previous_primary","MD81FL","MDG"
"12-23",9443,100,9443,100,"previous_primary","MD81FL","MDG"
"24-35",9317,80,9317,80,"previous_primary","MD81FL","MDG"
"36-47",9130,49,9130,49,"previous_primary","MD81FL","MDG"
"48-59",8963,42,8963,42,"previous_primary","MD81FL","MDG"
"<1",12497,314,12497,314,"eligible_MAP","MD81FL","MDG"
"1-5",11300,128,11300,128,"eligible_MAP","MD81FL","MDG"
"6-11",10853,95,10853,95,"eligible_MAP","MD81FL","MDG"
"12-23",9443,100,9443,100,"eligible_MAP","MD81FL","MDG"
"24-35",9317,80,9317,80,"eligible_MAP","MD81FL","MDG"
"36-47",9130,49,9130,49,"eligible_MAP","MD81FL","MDG"
"48-59",8963,42,8963,42,"eligible_MAP","MD81FL","MDG"
"<1",12497,314,12497,314,"regional_baseline","MD81FL","MDG"
"1-5",11300,128,11300,128,"regional_baseline","MD81FL","MDG"
"6-11",10853,95,10853,95,"regional_baseline","MD81FL","MDG"
"12-23",9443,100,9443,100,"regional_baseline","MD81FL","MDG"
"24-35",9317,80,9317,80,"regional_baseline","MD81FL","MDG"
"36-47",9130,49,9130,49,"regional_baseline","MD81FL","MDG"
"48-59",8963,42,8963,42,"regional_baseline","MD81FL","MDG"
"<1",3301,186,0,0,"eligible_MAP","ML41FL","MLI"
"1-5",2160,55,0,0,"eligible_MAP","ML41FL","MLI"
"6-11",1774,44,0,0,"eligible_MAP","ML41FL","MLI"
"12-23",484,26,0,0,"eligible_MAP","ML41FL","MLI"
"24-35",449,19,0,0,"eligible_MAP","ML41FL","MLI"
"36-47",426,8,0,0,"eligible_MAP","ML41FL","MLI"
"48-59",393,2,0,0,"eligible_MAP","ML41FL","MLI"
"<1",13356,591,0,0,"previous_primary","ML53FL","MLI"
"1-5",11601,263,0,0,"previous_primary","ML53FL","MLI"
"6-11",10771,268,0,0,"previous_primary","ML53FL","MLI"
"12-23",8978,309,0,0,"previous_primary","ML53FL","MLI"
"24-35",9204,314,0,0,"previous_primary","ML53FL","MLI"
"36-47",8716,156,0,0,"previous_primary","ML53FL","MLI"
"48-59",8602,78,0,0,"previous_primary","ML53FL","MLI"
"<1",14302,647,0,0,"eligible_MAP","ML53FL","MLI"
"1-5",12566,283,0,0,"eligible_MAP","ML53FL","MLI"
"6-11",11812,296,0,0,"eligible_MAP","ML53FL","MLI"
"12-23",10114,367,0,0,"eligible_MAP","ML53FL","MLI"
"24-35",10133,348,0,0,"eligible_MAP","ML53FL","MLI"
"36-47",9584,175,0,0,"eligible_MAP","ML53FL","MLI"
"48-59",9383,89,0,0,"eligible_MAP","ML53FL","MLI"
"<1",13383,593,0,0,"regional_baseline","ML53FL","MLI"
"1-5",11621,263,0,0,"regional_baseline","ML53FL","MLI"
"6-11",10793,270,0,0,"regional_baseline","ML53FL","MLI"
"12-23",8998,311,0,0,"regional_baseline","ML53FL","MLI"
"24-35",9224,314,0,0,"regional_baseline","ML53FL","MLI"
"36-47",8738,156,0,0,"regional_baseline","ML53FL","MLI"
"48-59",8627,78,0,0,"regional_baseline","ML53FL","MLI"
"<1",10354,353,0,0,"previous_primary","ML6AFL","MLI"
"1-5",9156,128,0,0,"previous_primary","ML6AFL","MLI"
"6-11",8740,77,0,0,"previous_primary","ML6AFL","MLI"
"12-23",7708,79,0,0,"previous_primary","ML6AFL","MLI"
"24-35",7910,135,0,0,"previous_primary","ML6AFL","MLI"
"36-47",7508,65,0,0,"previous_primary","ML6AFL","MLI"
"48-59",7356,37,0,0,"previous_primary","ML6AFL","MLI"
"<1",10354,353,0,0,"eligible_MAP","ML6AFL","MLI"
"1-5",9156,128,0,0,"eligible_MAP","ML6AFL","MLI"
"6-11",8740,77,0,0,"eligible_MAP","ML6AFL","MLI"
"12-23",7708,79,0,0,"eligible_MAP","ML6AFL","MLI"
"24-35",7910,135,0,0,"eligible_MAP","ML6AFL","MLI"
"36-47",7508,65,0,0,"eligible_MAP","ML6AFL","MLI"
"48-59",7356,37,0,0,"eligible_MAP","ML6AFL","MLI"
"<1",10354,353,0,0,"regional_baseline","ML6AFL","MLI"
"1-5",9156,128,0,0,"regional_baseline","ML6AFL","MLI"
"6-11",8740,77,0,0,"regional_baseline","ML6AFL","MLI"
"12-23",7708,79,0,0,"regional_baseline","ML6AFL","MLI"
"24-35",7910,135,0,0,"regional_baseline","ML6AFL","MLI"
"36-47",7508,65,0,0,"regional_baseline","ML6AFL","MLI"
"48-59",7356,37,0,0,"regional_baseline","ML6AFL","MLI"
"<1",9933,311,9475,295,"previous_primary","ML7AFL","MLI"
"1-5",8923,105,8427,101,"previous_primary","ML7AFL","MLI"
"6-11",8643,87,8047,74,"previous_primary","ML7AFL","MLI"
"12-23",7392,99,6948,87,"previous_primary","ML7AFL","MLI"
"24-35",7411,107,7018,99,"previous_primary","ML7AFL","MLI"
"36-47",7046,57,6639,50,"previous_primary","ML7AFL","MLI"
"48-59",6867,40,6483,36,"previous_primary","ML7AFL","MLI"
"<1",9933,311,9475,295,"eligible_MAP","ML7AFL","MLI"
"1-5",8923,105,8427,101,"eligible_MAP","ML7AFL","MLI"
"6-11",8643,87,8047,74,"eligible_MAP","ML7AFL","MLI"
"12-23",7392,99,6948,87,"eligible_MAP","ML7AFL","MLI"
"24-35",7411,107,7018,99,"eligible_MAP","ML7AFL","MLI"
"36-47",7046,57,6639,50,"eligible_MAP","ML7AFL","MLI"
"48-59",6867,40,6483,36,"eligible_MAP","ML7AFL","MLI"
"<1",9933,311,9475,295,"regional_baseline","ML7AFL","MLI"
"1-5",8923,105,8427,101,"regional_baseline","ML7AFL","MLI"
"6-11",8643,87,8047,74,"regional_baseline","ML7AFL","MLI"
"12-23",7392,99,6948,87,"regional_baseline","ML7AFL","MLI"
"24-35",7411,107,7018,99,"regional_baseline","ML7AFL","MLI"
"36-47",7046,57,6639,50,"regional_baseline","ML7AFL","MLI"
"48-59",6867,40,6483,36,"regional_baseline","ML7AFL","MLI"
"<1",15498,420,15286,415,"previous_primary","ML8AFL","MLI"
"1-5",14031,159,13834,155,"previous_primary","ML8AFL","MLI"
"6-11",13549,136,13371,135,"previous_primary","ML8AFL","MLI"
"12-23",11999,142,11844,140,"previous_primary","ML8AFL","MLI"
"24-35",11666,137,11517,136,"previous_primary","ML8AFL","MLI"
"36-47",11154,66,11008,66,"previous_primary","ML8AFL","MLI"
"48-59",10679,52,10545,52,"previous_primary","ML8AFL","MLI"
"<1",15605,423,15288,415,"eligible_MAP","ML8AFL","MLI"
"1-5",14033,159,13836,155,"eligible_MAP","ML8AFL","MLI"
"6-11",13550,136,13372,135,"eligible_MAP","ML8AFL","MLI"
"12-23",12000,142,11845,140,"eligible_MAP","ML8AFL","MLI"
"24-35",11667,137,11518,136,"eligible_MAP","ML8AFL","MLI"
"36-47",11154,66,11008,66,"eligible_MAP","ML8AFL","MLI"
"48-59",10680,52,10546,52,"eligible_MAP","ML8AFL","MLI"
"<1",15500,420,15288,415,"regional_baseline","ML8AFL","MLI"
"1-5",14033,159,13836,155,"regional_baseline","ML8AFL","MLI"
"6-11",13550,136,13372,135,"regional_baseline","ML8AFL","MLI"
"12-23",12000,142,11845,140,"regional_baseline","ML8AFL","MLI"
"24-35",11667,137,11518,136,"regional_baseline","ML8AFL","MLI"
"36-47",11154,66,11008,66,"regional_baseline","ML8AFL","MLI"
"48-59",10680,52,10546,52,"regional_baseline","ML8AFL","MLI"
"<1",6155,215,0,0,"previous_primary","MZ41FL","MOZ"
"1-5",5089,177,0,0,"previous_primary","MZ41FL","MOZ"
"6-11",4649,128,0,0,"previous_primary","MZ41FL","MOZ"
"12-23",3287,75,0,0,"previous_primary","MZ41FL","MOZ"
"24-35",3221,46,0,0,"previous_primary","MZ41FL","MOZ"
"36-47",3335,30,0,0,"previous_primary","MZ41FL","MOZ"
"48-59",2883,16,0,0,"previous_primary","MZ41FL","MOZ"
"<1",8081,279,0,0,"eligible_MAP","MZ41FL","MOZ"
"1-5",6958,246,0,0,"eligible_MAP","MZ41FL","MOZ"
"6-11",6478,183,0,0,"eligible_MAP","MZ41FL","MOZ"
"12-23",5273,119,0,0,"eligible_MAP","MZ41FL","MOZ"
"24-35",4966,70,0,0,"eligible_MAP","MZ41FL","MOZ"
"36-47",4790,41,0,0,"eligible_MAP","MZ41FL","MOZ"
"48-59",4666,26,0,0,"eligible_MAP","MZ41FL","MOZ"
"<1",6155,215,0,0,"regional_baseline","MZ41FL","MOZ"
"1-5",5089,177,0,0,"regional_baseline","MZ41FL","MOZ"
"6-11",4649,128,0,0,"regional_baseline","MZ41FL","MOZ"
"12-23",3287,75,0,0,"regional_baseline","MZ41FL","MOZ"
"24-35",3221,46,0,0,"regional_baseline","MZ41FL","MOZ"
"36-47",3335,30,0,0,"regional_baseline","MZ41FL","MOZ"
"48-59",2883,16,0,0,"regional_baseline","MZ41FL","MOZ"
"<1",11146,348,0,0,"previous_primary","MZ62FL","MOZ"
"1-5",10009,165,0,0,"previous_primary","MZ62FL","MOZ"
"6-11",9394,142,0,0,"previous_primary","MZ62FL","MOZ"
"12-23",7760,104,0,0,"previous_primary","MZ62FL","MOZ"
"24-35",7689,85,0,0,"previous_primary","MZ62FL","MOZ"
"36-47",7356,48,0,0,"previous_primary","MZ62FL","MOZ"
"48-59",7116,19,0,0,"previous_primary","MZ62FL","MOZ"
"<1",11146,348,0,0,"eligible_MAP","MZ62FL","MOZ"
"1-5",10009,165,0,0,"eligible_MAP","MZ62FL","MOZ"
"6-11",9394,142,0,0,"eligible_MAP","MZ62FL","MOZ"
"12-23",7760,104,0,0,"eligible_MAP","MZ62FL","MOZ"
"24-35",7689,85,0,0,"eligible_MAP","MZ62FL","MOZ"
"36-47",7356,48,0,0,"eligible_MAP","MZ62FL","MOZ"
"48-59",7116,19,0,0,"eligible_MAP","MZ62FL","MOZ"
"<1",11146,348,0,0,"regional_baseline","MZ62FL","MOZ"
"1-5",10009,165,0,0,"regional_baseline","MZ62FL","MOZ"
"6-11",9394,142,0,0,"regional_baseline","MZ62FL","MOZ"
"12-23",7760,104,0,0,"regional_baseline","MZ62FL","MOZ"
"24-35",7689,85,0,0,"regional_baseline","MZ62FL","MOZ"
"36-47",7356,48,0,0,"regional_baseline","MZ62FL","MOZ"
"48-59",7116,19,0,0,"regional_baseline","MZ62FL","MOZ"
"<1",9297,227,9297,227,"previous_primary","MZ81FL","MOZ"
"1-5",8368,72,8368,72,"previous_primary","MZ81FL","MOZ"
"6-11",7976,45,7976,45,"previous_primary","MZ81FL","MOZ"
"12-23",7126,61,7126,61,"previous_primary","MZ81FL","MOZ"
"24-35",6861,40,6861,40,"previous_primary","MZ81FL","MOZ"
"36-47",6660,26,6660,26,"previous_primary","MZ81FL","MOZ"
"48-59",6545,19,6545,19,"previous_primary","MZ81FL","MOZ"
"<1",9297,227,9297,227,"eligible_MAP","MZ81FL","MOZ"
"1-5",8368,72,8368,72,"eligible_MAP","MZ81FL","MOZ"
"6-11",7976,45,7976,45,"eligible_MAP","MZ81FL","MOZ"
"12-23",7126,61,7126,61,"eligible_MAP","MZ81FL","MOZ"
"24-35",6861,40,6861,40,"eligible_MAP","MZ81FL","MOZ"
"36-47",6660,26,6660,26,"eligible_MAP","MZ81FL","MOZ"
"48-59",6545,19,6545,19,"eligible_MAP","MZ81FL","MOZ"
"<1",9297,227,9297,227,"regional_baseline","MZ81FL","MOZ"
"1-5",8368,72,8368,72,"regional_baseline","MZ81FL","MOZ"
"6-11",7976,45,7976,45,"regional_baseline","MZ81FL","MOZ"
"12-23",7126,61,7126,61,"regional_baseline","MZ81FL","MOZ"
"24-35",6861,40,6861,40,"regional_baseline","MZ81FL","MOZ"
"36-47",6660,26,6660,26,"regional_baseline","MZ81FL","MOZ"
"48-59",6545,19,6545,19,"regional_baseline","MZ81FL","MOZ"
"<1",11156,280,11156,280,"previous_primary","MR71FL","MRT"
"1-5",10133,74,10133,74,"previous_primary","MR71FL","MRT"
"6-11",9728,40,9728,40,"previous_primary","MR71FL","MRT"
"12-23",8620,27,8620,27,"previous_primary","MR71FL","MRT"
"24-35",8655,21,8655,21,"previous_primary","MR71FL","MRT"
"36-47",8694,8,8694,8,"previous_primary","MR71FL","MRT"
"48-59",8306,10,8306,10,"previous_primary","MR71FL","MRT"
"<1",11167,280,11167,280,"eligible_MAP","MR71FL","MRT"
"1-5",10142,74,10142,74,"eligible_MAP","MR71FL","MRT"
"6-11",9739,40,9739,40,"eligible_MAP","MR71FL","MRT"
"12-23",8633,27,8633,27,"eligible_MAP","MR71FL","MRT"
"24-35",8662,21,8662,21,"eligible_MAP","MR71FL","MRT"
"36-47",8706,8,8706,8,"eligible_MAP","MR71FL","MRT"
"48-59",8317,10,8317,10,"eligible_MAP","MR71FL","MRT"
"<1",11167,280,11167,280,"regional_baseline","MR71FL","MRT"
"1-5",10142,74,10142,74,"regional_baseline","MR71FL","MRT"
"6-11",9739,40,9739,40,"regional_baseline","MR71FL","MRT"
"12-23",8633,27,8633,27,"regional_baseline","MR71FL","MRT"
"24-35",8662,21,8662,21,"regional_baseline","MR71FL","MRT"
"36-47",8706,8,8706,8,"regional_baseline","MR71FL","MRT"
"48-59",8317,10,8317,10,"regional_baseline","MR71FL","MRT"
"<1",1811,76,0,0,"eligible_MAP","MW41FL","MWI"
"1-5",807,32,0,0,"eligible_MAP","MW41FL","MWI"
"6-11",539,17,0,0,"eligible_MAP","MW41FL","MWI"
"<1",8746,261,0,0,"previous_primary","MW4EFL","MWI"
"1-5",7603,181,0,0,"previous_primary","MW4EFL","MWI"
"6-11",6795,172,0,0,"previous_primary","MW4EFL","MWI"
"12-23",4986,117,0,0,"previous_primary","MW4EFL","MWI"
"24-35",5407,99,0,0,"previous_primary","MW4EFL","MWI"
"36-47",4724,53,0,0,"previous_primary","MW4EFL","MWI"
"48-59",4574,27,0,0,"previous_primary","MW4EFL","MWI"
"<1",10712,324,0,0,"eligible_MAP","MW4EFL","MWI"
"1-5",9519,235,0,0,"eligible_MAP","MW4EFL","MWI"
"6-11",8688,232,0,0,"eligible_MAP","MW4EFL","MWI"
"12-23",6932,176,0,0,"eligible_MAP","MW4EFL","MWI"
"24-35",6830,124,0,0,"eligible_MAP","MW4EFL","MWI"
"36-47",6510,77,0,0,"eligible_MAP","MW4EFL","MWI"
"48-59",6102,32,0,0,"eligible_MAP","MW4EFL","MWI"
"<1",8747,261,0,0,"regional_baseline","MW4EFL","MWI"
"1-5",7603,181,0,0,"regional_baseline","MW4EFL","MWI"
"6-11",6796,172,0,0,"regional_baseline","MW4EFL","MWI"
"12-23",4987,117,0,0,"regional_baseline","MW4EFL","MWI"
"24-35",5408,99,0,0,"regional_baseline","MW4EFL","MWI"
"36-47",4725,53,0,0,"regional_baseline","MW4EFL","MWI"
"48-59",4574,27,0,0,"regional_baseline","MW4EFL","MWI"
"<1",20125,602,0,0,"previous_primary","MW61FL","MWI"
"1-5",18255,254,0,0,"previous_primary","MW61FL","MWI"
"6-11",17398,295,0,0,"previous_primary","MW61FL","MWI"
"12-23",15083,274,0,0,"previous_primary","MW61FL","MWI"
"24-35",15049,176,0,0,"previous_primary","MW61FL","MWI"
"36-47",14578,131,0,0,"previous_primary","MW61FL","MWI"
"48-59",13800,61,0,0,"previous_primary","MW61FL","MWI"
"<1",20125,602,0,0,"eligible_MAP","MW61FL","MWI"
"1-5",18255,254,0,0,"eligible_MAP","MW61FL","MWI"
"6-11",17398,295,0,0,"eligible_MAP","MW61FL","MWI"
"12-23",15083,274,0,0,"eligible_MAP","MW61FL","MWI"
"24-35",15049,176,0,0,"eligible_MAP","MW61FL","MWI"
"36-47",14578,131,0,0,"eligible_MAP","MW61FL","MWI"
"48-59",13800,61,0,0,"eligible_MAP","MW61FL","MWI"
"<1",20125,602,0,0,"regional_baseline","MW61FL","MWI"
"1-5",18255,254,0,0,"regional_baseline","MW61FL","MWI"
"6-11",17398,295,0,0,"regional_baseline","MW61FL","MWI"
"12-23",15083,274,0,0,"regional_baseline","MW61FL","MWI"
"24-35",15049,176,0,0,"regional_baseline","MW61FL","MWI"
"36-47",14578,131,0,0,"regional_baseline","MW61FL","MWI"
"48-59",13800,61,0,0,"regional_baseline","MW61FL","MWI"
"<1",17297,457,13443,357,"previous_primary","MW7AFL","MWI"
"1-5",15719,111,11916,81,"previous_primary","MW7AFL","MWI"
"6-11",15270,106,11673,79,"previous_primary","MW7AFL","MWI"
"12-23",13509,94,9914,71,"previous_primary","MW7AFL","MWI"
"24-35",13701,84,9768,54,"previous_primary","MW7AFL","MWI"
"36-47",13471,51,9923,35,"previous_primary","MW7AFL","MWI"
"48-59",13379,44,9806,32,"previous_primary","MW7AFL","MWI"
"<1",17297,457,13443,357,"eligible_MAP","MW7AFL","MWI"
"1-5",15719,111,11916,81,"eligible_MAP","MW7AFL","MWI"
"6-11",15270,106,11673,79,"eligible_MAP","MW7AFL","MWI"
"12-23",13509,94,9914,71,"eligible_MAP","MW7AFL","MWI"
"24-35",13701,84,9768,54,"eligible_MAP","MW7AFL","MWI"
"36-47",13471,51,9923,35,"eligible_MAP","MW7AFL","MWI"
"48-59",13379,44,9806,32,"eligible_MAP","MW7AFL","MWI"
"<1",17297,457,13443,357,"regional_baseline","MW7AFL","MWI"
"1-5",15719,111,11916,81,"regional_baseline","MW7AFL","MWI"
"6-11",15270,106,11673,79,"regional_baseline","MW7AFL","MWI"
"12-23",13509,94,9914,71,"regional_baseline","MW7AFL","MWI"
"24-35",13701,84,9768,54,"regional_baseline","MW7AFL","MWI"
"36-47",13471,51,9923,35,"regional_baseline","MW7AFL","MWI"
"48-59",13379,44,9806,32,"regional_baseline","MW7AFL","MWI"
"<1",10659,233,10659,233,"previous_primary","MW81FL","MWI"
"1-5",10430,59,10430,59,"previous_primary","MW81FL","MWI"
"6-11",10342,37,10342,37,"previous_primary","MW81FL","MWI"
"12-23",9121,34,9121,34,"previous_primary","MW81FL","MWI"
"24-35",9226,31,9226,31,"previous_primary","MW81FL","MWI"
"36-47",9113,23,9113,23,"previous_primary","MW81FL","MWI"
"48-59",8851,15,8851,15,"previous_primary","MW81FL","MWI"
"<1",11819,263,10659,233,"eligible_MAP","MW81FL","MWI"
"1-5",10737,62,10430,59,"eligible_MAP","MW81FL","MWI"
"6-11",10481,37,10342,37,"eligible_MAP","MW81FL","MWI"
"12-23",9121,34,9121,34,"eligible_MAP","MW81FL","MWI"
"24-35",9226,31,9226,31,"eligible_MAP","MW81FL","MWI"
"36-47",9113,23,9113,23,"eligible_MAP","MW81FL","MWI"
"48-59",8851,15,8851,15,"eligible_MAP","MW81FL","MWI"
"<1",10659,233,10659,233,"regional_baseline","MW81FL","MWI"
"1-5",10430,59,10430,59,"regional_baseline","MW81FL","MWI"
"6-11",10342,37,10342,37,"regional_baseline","MW81FL","MWI"
"12-23",9121,34,9121,34,"regional_baseline","MW81FL","MWI"
"24-35",9226,31,9226,31,"regional_baseline","MW81FL","MWI"
"36-47",9113,23,9113,23,"regional_baseline","MW81FL","MWI"
"48-59",8851,15,8851,15,"regional_baseline","MW81FL","MWI"
"<1",639,16,0,0,"eligible_MAP","NM41FL","NAM"
"1-5",332,2,0,0,"eligible_MAP","NM41FL","NAM"
"6-11",295,4,0,0,"eligible_MAP","NM41FL","NAM"
"<1",4682,99,0,0,"previous_primary","NM51FL","NAM"
"1-5",4228,58,0,0,"previous_primary","NM51FL","NAM"
"6-11",3935,46,0,0,"previous_primary","NM51FL","NAM"
"12-23",3368,43,0,0,"previous_primary","NM51FL","NAM"
"24-35",3364,31,0,0,"previous_primary","NM51FL","NAM"
"36-47",3291,14,0,0,"previous_primary","NM51FL","NAM"
"48-59",3298,5,0,0,"previous_primary","NM51FL","NAM"
"<1",4714,101,0,0,"eligible_MAP","NM51FL","NAM"
"1-5",4247,58,0,0,"eligible_MAP","NM51FL","NAM"
"6-11",3962,46,0,0,"eligible_MAP","NM51FL","NAM"
"12-23",3389,43,0,0,"eligible_MAP","NM51FL","NAM"
"24-35",3380,32,0,0,"eligible_MAP","NM51FL","NAM"
"36-47",3309,14,0,0,"eligible_MAP","NM51FL","NAM"
"48-59",3317,5,0,0,"eligible_MAP","NM51FL","NAM"
"<1",4685,99,0,0,"regional_baseline","NM51FL","NAM"
"1-5",4231,58,0,0,"regional_baseline","NM51FL","NAM"
"6-11",3937,46,0,0,"regional_baseline","NM51FL","NAM"
"12-23",3371,43,0,0,"regional_baseline","NM51FL","NAM"
"24-35",3367,32,0,0,"regional_baseline","NM51FL","NAM"
"36-47",3292,14,0,0,"regional_baseline","NM51FL","NAM"
"48-59",3299,5,0,0,"regional_baseline","NM51FL","NAM"
"<1",4369,94,0,0,"previous_primary","NM61FL","NAM"
"1-5",3899,41,0,0,"previous_primary","NM61FL","NAM"
"6-11",3679,25,0,0,"previous_primary","NM61FL","NAM"
"12-23",3218,28,0,0,"previous_primary","NM61FL","NAM"
"24-35",3114,12,0,0,"previous_primary","NM61FL","NAM"
"36-47",2982,7,0,0,"previous_primary","NM61FL","NAM"
"48-59",2920,2,0,0,"previous_primary","NM61FL","NAM"
"<1",4371,94,0,0,"eligible_MAP","NM61FL","NAM"
"1-5",3901,41,0,0,"eligible_MAP","NM61FL","NAM"
"6-11",3681,25,0,0,"eligible_MAP","NM61FL","NAM"
"12-23",3221,28,0,0,"eligible_MAP","NM61FL","NAM"
"24-35",3115,12,0,0,"eligible_MAP","NM61FL","NAM"
"36-47",2984,7,0,0,"eligible_MAP","NM61FL","NAM"
"48-59",2922,2,0,0,"eligible_MAP","NM61FL","NAM"
"<1",4371,94,0,0,"regional_baseline","NM61FL","NAM"
"1-5",3901,41,0,0,"regional_baseline","NM61FL","NAM"
"6-11",3681,25,0,0,"regional_baseline","NM61FL","NAM"
"12-23",3221,28,0,0,"regional_baseline","NM61FL","NAM"
"24-35",3115,12,0,0,"regional_baseline","NM61FL","NAM"
"36-47",2984,7,0,0,"regional_baseline","NM61FL","NAM"
"48-59",2922,2,0,0,"regional_baseline","NM61FL","NAM"
"<1",7973,222,0,0,"previous_primary","NI51FL","NER"
"1-5",6991,134,0,0,"previous_primary","NI51FL","NER"
"6-11",6599,145,0,0,"previous_primary","NI51FL","NER"
"12-23",5379,191,0,0,"previous_primary","NI51FL","NER"
"24-35",5585,197,0,0,"previous_primary","NI51FL","NER"
"36-47",5236,106,0,0,"previous_primary","NI51FL","NER"
"48-59",5416,54,0,0,"previous_primary","NI51FL","NER"
"<1",9211,271,0,0,"eligible_MAP","NI51FL","NER"
"1-5",8218,156,0,0,"eligible_MAP","NI51FL","NER"
"6-11",7806,173,0,0,"eligible_MAP","NI51FL","NER"
"12-23",7024,288,0,0,"eligible_MAP","NI51FL","NER"
"24-35",6833,244,0,0,"eligible_MAP","NI51FL","NER"
"36-47",6548,130,0,0,"eligible_MAP","NI51FL","NER"
"48-59",6513,66,0,0,"eligible_MAP","NI51FL","NER"
"<1",7975,222,0,0,"regional_baseline","NI51FL","NER"
"1-5",6993,134,0,0,"regional_baseline","NI51FL","NER"
"6-11",6601,145,0,0,"regional_baseline","NI51FL","NER"
"12-23",5380,191,0,0,"regional_baseline","NI51FL","NER"
"24-35",5586,197,0,0,"regional_baseline","NI51FL","NER"
"36-47",5236,106,0,0,"regional_baseline","NI51FL","NER"
"48-59",5417,54,0,0,"regional_baseline","NI51FL","NER"
"<1",12606,299,0,0,"previous_primary","NI61FL","NER"
"1-5",11295,123,0,0,"previous_primary","NI61FL","NER"
"6-11",10800,150,0,0,"previous_primary","NI61FL","NER"
"12-23",9864,231,0,0,"previous_primary","NI61FL","NER"
"24-35",9778,225,0,0,"previous_primary","NI61FL","NER"
"36-47",9412,136,0,0,"previous_primary","NI61FL","NER"
"48-59",9226,86,0,0,"previous_primary","NI61FL","NER"
"<1",12629,299,0,0,"eligible_MAP","NI61FL","NER"
"1-5",11316,123,0,0,"eligible_MAP","NI61FL","NER"
"6-11",10824,150,0,0,"eligible_MAP","NI61FL","NER"
"12-23",9884,231,0,0,"eligible_MAP","NI61FL","NER"
"24-35",9797,226,0,0,"eligible_MAP","NI61FL","NER"
"36-47",9427,136,0,0,"eligible_MAP","NI61FL","NER"
"48-59",9243,86,0,0,"eligible_MAP","NI61FL","NER"
"<1",12629,299,0,0,"regional_baseline","NI61FL","NER"
"1-5",11316,123,0,0,"regional_baseline","NI61FL","NER"
"6-11",10824,150,0,0,"regional_baseline","NI61FL","NER"
"12-23",9884,231,0,0,"regional_baseline","NI61FL","NER"
"24-35",9797,226,0,0,"regional_baseline","NI61FL","NER"
"36-47",9427,136,0,0,"regional_baseline","NI61FL","NER"
"48-59",9243,86,0,0,"regional_baseline","NI61FL","NER"
"<1",3148,152,0,0,"previous_primary","NG4BFL","NGA"
"1-5",2519,58,0,0,"previous_primary","NG4BFL","NGA"
"6-11",2182,56,0,0,"previous_primary","NG4BFL","NGA"
"12-23",1600,75,0,0,"previous_primary","NG4BFL","NGA"
"24-35",1531,43,0,0,"previous_primary","NG4BFL","NGA"
"36-47",1359,26,0,0,"previous_primary","NG4BFL","NGA"
"48-59",1455,12,0,0,"previous_primary","NG4BFL","NGA"
"<1",4280,198,0,0,"eligible_MAP","NG4BFL","NGA"
"1-5",3608,75,0,0,"eligible_MAP","NG4BFL","NGA"
"6-11",3268,87,0,0,"eligible_MAP","NG4BFL","NGA"
"12-23",2733,121,0,0,"eligible_MAP","NG4BFL","NGA"
"24-35",2552,65,0,0,"eligible_MAP","NG4BFL","NGA"
"36-47",2274,44,0,0,"eligible_MAP","NG4BFL","NGA"
"48-59",2282,17,0,0,"eligible_MAP","NG4BFL","NGA"
"<1",3151,152,0,0,"regional_baseline","NG4BFL","NGA"
"1-5",2521,58,0,0,"regional_baseline","NG4BFL","NGA"
"6-11",2183,56,0,0,"regional_baseline","NG4BFL","NGA"
"12-23",1603,75,0,0,"regional_baseline","NG4BFL","NGA"
"24-35",1532,43,0,0,"regional_baseline","NG4BFL","NGA"
"36-47",1359,26,0,0,"regional_baseline","NG4BFL","NGA"
"48-59",1457,12,0,0,"regional_baseline","NG4BFL","NGA"
"<1",28737,1127,0,0,"previous_primary","NG53FL","NGA"
"1-5",25372,466,0,0,"previous_primary","NG53FL","NGA"
"6-11",24271,434,0,0,"previous_primary","NG53FL","NGA"
"12-23",20567,720,0,0,"previous_primary","NG53FL","NGA"
"24-35",20291,547,0,0,"previous_primary","NG53FL","NGA"
"36-47",18971,288,0,0,"previous_primary","NG53FL","NGA"
"48-59",18713,129,0,0,"previous_primary","NG53FL","NGA"
"<1",28757,1127,0,0,"eligible_MAP","NG53FL","NGA"
"1-5",25389,466,0,0,"eligible_MAP","NG53FL","NGA"
"6-11",24283,434,0,0,"eligible_MAP","NG53FL","NGA"
"12-23",20579,722,0,0,"eligible_MAP","NG53FL","NGA"
"24-35",20304,547,0,0,"eligible_MAP","NG53FL","NGA"
"36-47",18981,288,0,0,"eligible_MAP","NG53FL","NGA"
"48-59",18723,129,0,0,"eligible_MAP","NG53FL","NGA"
"<1",28757,1127,0,0,"regional_baseline","NG53FL","NGA"
"1-5",25389,466,0,0,"regional_baseline","NG53FL","NGA"
"6-11",24283,434,0,0,"regional_baseline","NG53FL","NGA"
"12-23",20579,722,0,0,"regional_baseline","NG53FL","NGA"
"24-35",20304,547,0,0,"regional_baseline","NG53FL","NGA"
"36-47",18981,288,0,0,"regional_baseline","NG53FL","NGA"
"48-59",18723,129,0,0,"regional_baseline","NG53FL","NGA"
"<1",5955,232,0,0,"previous_primary","NG61FL","NGA"
"1-5",5363,93,0,0,"previous_primary","NG61FL","NGA"
"6-11",4979,84,0,0,"previous_primary","NG61FL","NGA"
"12-23",4247,110,0,0,"previous_primary","NG61FL","NGA"
"24-35",4085,93,0,0,"previous_primary","NG61FL","NGA"
"36-47",3792,37,0,0,"previous_primary","NG61FL","NGA"
"48-59",3467,14,0,0,"previous_primary","NG61FL","NGA"
"<1",6030,236,0,0,"eligible_MAP","NG61FL","NGA"
"1-5",5430,93,0,0,"eligible_MAP","NG61FL","NGA"
"6-11",5040,85,0,0,"eligible_MAP","NG61FL","NGA"
"12-23",4298,110,0,0,"eligible_MAP","NG61FL","NGA"
"24-35",4132,93,0,0,"eligible_MAP","NG61FL","NGA"
"36-47",3834,37,0,0,"eligible_MAP","NG61FL","NGA"
"48-59",3502,14,0,0,"eligible_MAP","NG61FL","NGA"
"<1",6030,236,0,0,"regional_baseline","NG61FL","NGA"
"1-5",5430,93,0,0,"regional_baseline","NG61FL","NGA"
"6-11",5040,85,0,0,"regional_baseline","NG61FL","NGA"
"12-23",4298,110,0,0,"regional_baseline","NG61FL","NGA"
"24-35",4132,93,0,0,"regional_baseline","NG61FL","NGA"
"36-47",3834,37,0,0,"regional_baseline","NG61FL","NGA"
"48-59",3502,14,0,0,"regional_baseline","NG61FL","NGA"
"<1",31849,1215,0,0,"previous_primary","NG6AFL","NGA"
"1-5",28681,442,0,0,"previous_primary","NG6AFL","NGA"
"6-11",27133,443,0,0,"previous_primary","NG6AFL","NGA"
"12-23",23251,614,0,0,"previous_primary","NG6AFL","NGA"
"24-35",23075,453,0,0,"previous_primary","NG6AFL","NGA"
"36-47",22049,264,0,0,"previous_primary","NG6AFL","NGA"
"48-59",21653,117,0,0,"previous_primary","NG6AFL","NGA"
"<1",31866,1215,0,0,"eligible_MAP","NG6AFL","NGA"
"1-5",28695,442,0,0,"eligible_MAP","NG6AFL","NGA"
"6-11",27145,444,0,0,"eligible_MAP","NG6AFL","NGA"
"12-23",23265,616,0,0,"eligible_MAP","NG6AFL","NGA"
"24-35",23085,453,0,0,"eligible_MAP","NG6AFL","NGA"
"36-47",22060,264,0,0,"eligible_MAP","NG6AFL","NGA"
"48-59",21663,117,0,0,"eligible_MAP","NG6AFL","NGA"
"<1",31866,1215,0,0,"regional_baseline","NG6AFL","NGA"
"1-5",28695,442,0,0,"regional_baseline","NG6AFL","NGA"
"6-11",27145,444,0,0,"regional_baseline","NG6AFL","NGA"
"12-23",23265,616,0,0,"regional_baseline","NG6AFL","NGA"
"24-35",23085,453,0,0,"regional_baseline","NG6AFL","NGA"
"36-47",22060,264,0,0,"regional_baseline","NG6AFL","NGA"
"48-59",21663,117,0,0,"regional_baseline","NG6AFL","NGA"
"<1",33934,1276,0,0,"previous_primary","NG7BFL","NGA"
"1-5",30487,418,0,0,"previous_primary","NG7BFL","NGA"
"6-11",29789,459,0,0,"previous_primary","NG7BFL","NGA"
"12-23",26001,594,0,0,"previous_primary","NG7BFL","NGA"
"24-35",25845,608,0,0,"previous_primary","NG7BFL","NGA"
"36-47",24903,279,0,0,"previous_primary","NG7BFL","NGA"
"48-59",24313,170,0,0,"previous_primary","NG7BFL","NGA"
"<1",33934,1276,0,0,"eligible_MAP","NG7BFL","NGA"
"1-5",30487,418,0,0,"eligible_MAP","NG7BFL","NGA"
"6-11",29789,459,0,0,"eligible_MAP","NG7BFL","NGA"
"12-23",26001,594,0,0,"eligible_MAP","NG7BFL","NGA"
"24-35",25845,608,0,0,"eligible_MAP","NG7BFL","NGA"
"36-47",24903,279,0,0,"eligible_MAP","NG7BFL","NGA"
"48-59",24313,170,0,0,"eligible_MAP","NG7BFL","NGA"
"<1",33934,1276,0,0,"regional_baseline","NG7BFL","NGA"
"1-5",30487,418,0,0,"regional_baseline","NG7BFL","NGA"
"6-11",29789,459,0,0,"regional_baseline","NG7BFL","NGA"
"12-23",26001,594,0,0,"regional_baseline","NG7BFL","NGA"
"24-35",25845,608,0,0,"regional_baseline","NG7BFL","NGA"
"36-47",24903,279,0,0,"regional_baseline","NG7BFL","NGA"
"48-59",24313,170,0,0,"regional_baseline","NG7BFL","NGA"
"<1",27147,1026,10837,404,"previous_primary","NG8BFL","NGA"
"1-5",24816,247,9087,89,"previous_primary","NG8BFL","NGA"
"6-11",23970,262,8159,70,"previous_primary","NG8BFL","NGA"
"12-23",21543,373,5521,96,"previous_primary","NG8BFL","NGA"
"24-35",21684,312,6079,73,"previous_primary","NG8BFL","NGA"
"36-47",21331,184,6260,45,"previous_primary","NG8BFL","NGA"
"48-59",20954,91,5889,27,"previous_primary","NG8BFL","NGA"
"<1",27722,1054,10837,404,"eligible_MAP","NG8BFL","NGA"
"1-5",24816,247,9087,89,"eligible_MAP","NG8BFL","NGA"
"6-11",23970,262,8159,70,"eligible_MAP","NG8BFL","NGA"
"12-23",21543,373,5521,96,"eligible_MAP","NG8BFL","NGA"
"24-35",21684,312,6079,73,"eligible_MAP","NG8BFL","NGA"
"36-47",21331,184,6260,45,"eligible_MAP","NG8BFL","NGA"
"48-59",20954,91,5889,27,"eligible_MAP","NG8BFL","NGA"
"<1",27147,1026,10837,404,"regional_baseline","NG8BFL","NGA"
"1-5",24816,247,9087,89,"regional_baseline","NG8BFL","NGA"
"6-11",23970,262,8159,70,"regional_baseline","NG8BFL","NGA"
"12-23",21543,373,5521,96,"regional_baseline","NG8BFL","NGA"
"24-35",21684,312,6079,73,"regional_baseline","NG8BFL","NGA"
"36-47",21331,184,6260,45,"regional_baseline","NG8BFL","NGA"
"48-59",20954,91,5889,27,"regional_baseline","NG8BFL","NGA"
"<1",1240,47,0,0,"eligible_MAP","RW41FL","RWA"
"1-5",594,20,0,0,"eligible_MAP","RW41FL","RWA"
"6-11",362,5,0,0,"eligible_MAP","RW41FL","RWA"
"<1",7268,264,0,0,"previous_primary","RW53FL","RWA"
"1-5",6362,148,0,0,"previous_primary","RW53FL","RWA"
"6-11",5970,148,0,0,"previous_primary","RW53FL","RWA"
"12-23",4846,135,0,0,"previous_primary","RW53FL","RWA"
"24-35",4150,65,0,0,"previous_primary","RW53FL","RWA"
"36-47",4276,44,0,0,"previous_primary","RW53FL","RWA"
"48-59",4017,34,0,0,"previous_primary","RW53FL","RWA"
"<1",8707,325,0,0,"eligible_MAP","RW53FL","RWA"
"1-5",7737,177,0,0,"eligible_MAP","RW53FL","RWA"
"6-11",7447,187,0,0,"eligible_MAP","RW53FL","RWA"
"12-23",6374,176,0,0,"eligible_MAP","RW53FL","RWA"
"24-35",5600,94,0,0,"eligible_MAP","RW53FL","RWA"
"36-47",5409,66,0,0,"eligible_MAP","RW53FL","RWA"
"48-59",5273,48,0,0,"eligible_MAP","RW53FL","RWA"
"<1",7274,264,0,0,"regional_baseline","RW53FL","RWA"
"1-5",6367,148,0,0,"regional_baseline","RW53FL","RWA"
"6-11",5975,148,0,0,"regional_baseline","RW53FL","RWA"
"12-23",4852,135,0,0,"regional_baseline","RW53FL","RWA"
"24-35",4153,65,0,0,"regional_baseline","RW53FL","RWA"
"36-47",4278,44,0,0,"regional_baseline","RW53FL","RWA"
"48-59",4020,34,0,0,"regional_baseline","RW53FL","RWA"
"<1",5525,161,0,0,"previous_primary","RW5AFL","RWA"
"1-5",4987,75,0,0,"previous_primary","RW5AFL","RWA"
"6-11",4765,76,0,0,"previous_primary","RW5AFL","RWA"
"12-23",3998,70,0,0,"previous_primary","RW5AFL","RWA"
"24-35",3808,40,0,0,"previous_primary","RW5AFL","RWA"
"36-47",3694,30,0,0,"previous_primary","RW5AFL","RWA"
"48-59",3551,15,0,0,"previous_primary","RW5AFL","RWA"
"<1",5526,161,0,0,"eligible_MAP","RW5AFL","RWA"
"1-5",4988,75,0,0,"eligible_MAP","RW5AFL","RWA"
"6-11",4767,76,0,0,"eligible_MAP","RW5AFL","RWA"
"12-23",4000,70,0,0,"eligible_MAP","RW5AFL","RWA"
"24-35",3810,40,0,0,"eligible_MAP","RW5AFL","RWA"
"36-47",3695,30,0,0,"eligible_MAP","RW5AFL","RWA"
"48-59",3552,15,0,0,"eligible_MAP","RW5AFL","RWA"
"<1",5526,161,0,0,"regional_baseline","RW5AFL","RWA"
"1-5",4988,75,0,0,"regional_baseline","RW5AFL","RWA"
"6-11",4767,76,0,0,"regional_baseline","RW5AFL","RWA"
"12-23",4000,70,0,0,"regional_baseline","RW5AFL","RWA"
"24-35",3810,40,0,0,"regional_baseline","RW5AFL","RWA"
"36-47",3695,30,0,0,"regional_baseline","RW5AFL","RWA"
"48-59",3552,15,0,0,"regional_baseline","RW5AFL","RWA"
"<1",9095,247,0,0,"previous_primary","RW61FL","RWA"
"1-5",8308,93,0,0,"previous_primary","RW61FL","RWA"
"6-11",8068,94,0,0,"previous_primary","RW61FL","RWA"
"12-23",7190,72,0,0,"previous_primary","RW61FL","RWA"
"24-35",6992,45,0,0,"previous_primary","RW61FL","RWA"
"36-47",6854,37,0,0,"previous_primary","RW61FL","RWA"
"48-59",6570,20,0,0,"previous_primary","RW61FL","RWA"
"<1",9095,247,0,0,"eligible_MAP","RW61FL","RWA"
"1-5",8308,93,0,0,"eligible_MAP","RW61FL","RWA"
"6-11",8068,94,0,0,"eligible_MAP","RW61FL","RWA"
"12-23",7190,72,0,0,"eligible_MAP","RW61FL","RWA"
"24-35",6992,45,0,0,"eligible_MAP","RW61FL","RWA"
"36-47",6854,37,0,0,"eligible_MAP","RW61FL","RWA"
"48-59",6570,20,0,0,"eligible_MAP","RW61FL","RWA"
"<1",9095,247,0,0,"regional_baseline","RW61FL","RWA"
"1-5",8308,93,0,0,"regional_baseline","RW61FL","RWA"
"6-11",8068,94,0,0,"regional_baseline","RW61FL","RWA"
"12-23",7190,72,0,0,"regional_baseline","RW61FL","RWA"
"24-35",6992,45,0,0,"regional_baseline","RW61FL","RWA"
"36-47",6854,37,0,0,"regional_baseline","RW61FL","RWA"
"48-59",6570,20,0,0,"regional_baseline","RW61FL","RWA"
"<1",7828,156,4931,101,"previous_primary","RW70FL","RWA"
"1-5",7127,46,4338,30,"previous_primary","RW70FL","RWA"
"6-11",6793,39,4084,28,"previous_primary","RW70FL","RWA"
"12-23",5954,34,3237,23,"previous_primary","RW70FL","RWA"
"24-35",6038,22,3004,9,"previous_primary","RW70FL","RWA"
"36-47",5865,17,2841,6,"previous_primary","RW70FL","RWA"
"48-59",6094,21,3202,9,"previous_primary","RW70FL","RWA"
"<1",7834,156,4935,101,"eligible_MAP","RW70FL","RWA"
"1-5",7133,46,4342,30,"eligible_MAP","RW70FL","RWA"
"6-11",6798,39,4088,28,"eligible_MAP","RW70FL","RWA"
"12-23",5958,34,3239,23,"eligible_MAP","RW70FL","RWA"
"24-35",6043,22,3006,9,"eligible_MAP","RW70FL","RWA"
"36-47",5871,17,2843,6,"eligible_MAP","RW70FL","RWA"
"48-59",6102,21,3205,9,"eligible_MAP","RW70FL","RWA"
"<1",7834,156,4935,101,"regional_baseline","RW70FL","RWA"
"1-5",7133,46,4342,30,"regional_baseline","RW70FL","RWA"
"6-11",6798,39,4088,28,"regional_baseline","RW70FL","RWA"
"12-23",5958,34,3239,23,"regional_baseline","RW70FL","RWA"
"24-35",6043,22,3006,9,"regional_baseline","RW70FL","RWA"
"36-47",5871,17,2843,6,"regional_baseline","RW70FL","RWA"
"48-59",6102,21,3205,9,"regional_baseline","RW70FL","RWA"
"<1",8121,155,8121,155,"previous_primary","RW81FL","RWA"
"1-5",7455,66,7455,66,"previous_primary","RW81FL","RWA"
"6-11",7262,37,7262,37,"previous_primary","RW81FL","RWA"
"12-23",6398,30,6398,30,"previous_primary","RW81FL","RWA"
"24-35",6178,17,6178,17,"previous_primary","RW81FL","RWA"
"36-47",5961,13,5961,13,"previous_primary","RW81FL","RWA"
"48-59",5763,14,5763,14,"previous_primary","RW81FL","RWA"
"<1",8121,155,8121,155,"eligible_MAP","RW81FL","RWA"
"1-5",7455,66,7455,66,"eligible_MAP","RW81FL","RWA"
"6-11",7262,37,7262,37,"eligible_MAP","RW81FL","RWA"
"12-23",6398,30,6398,30,"eligible_MAP","RW81FL","RWA"
"24-35",6178,17,6178,17,"eligible_MAP","RW81FL","RWA"
"36-47",5961,13,5961,13,"eligible_MAP","RW81FL","RWA"
"48-59",5763,14,5763,14,"eligible_MAP","RW81FL","RWA"
"<1",8121,155,8121,155,"regional_baseline","RW81FL","RWA"
"1-5",7455,66,7455,66,"regional_baseline","RW81FL","RWA"
"6-11",7262,37,7262,37,"regional_baseline","RW81FL","RWA"
"12-23",6398,30,6398,30,"regional_baseline","RW81FL","RWA"
"24-35",6178,17,6178,17,"regional_baseline","RW81FL","RWA"
"36-47",5961,13,5961,13,"regional_baseline","RW81FL","RWA"
"48-59",5763,14,5763,14,"regional_baseline","RW81FL","RWA"
"<1",9040,288,0,0,"previous_primary","SN4AFL","SEN"
"1-5",7712,109,0,0,"previous_primary","SN4AFL","SEN"
"6-11",7329,93,0,0,"previous_primary","SN4AFL","SEN"
"12-23",6066,117,0,0,"previous_primary","SN4AFL","SEN"
"24-35",5718,121,0,0,"previous_primary","SN4AFL","SEN"
"36-47",5661,65,0,0,"previous_primary","SN4AFL","SEN"
"48-59",5382,44,0,0,"previous_primary","SN4AFL","SEN"
"<1",11017,368,0,0,"eligible_MAP","SN4AFL","SEN"
"1-5",9596,131,0,0,"eligible_MAP","SN4AFL","SEN"
"6-11",9208,127,0,0,"eligible_MAP","SN4AFL","SEN"
"12-23",7879,141,0,0,"eligible_MAP","SN4AFL","SEN"
"24-35",7637,163,0,0,"eligible_MAP","SN4AFL","SEN"
"36-47",7395,88,0,0,"eligible_MAP","SN4AFL","SEN"
"48-59",7196,61,0,0,"eligible_MAP","SN4AFL","SEN"
"<1",9040,288,0,0,"regional_baseline","SN4AFL","SEN"
"1-5",7712,109,0,0,"regional_baseline","SN4AFL","SEN"
"6-11",7329,93,0,0,"regional_baseline","SN4AFL","SEN"
"12-23",6066,117,0,0,"regional_baseline","SN4AFL","SEN"
"24-35",5718,121,0,0,"regional_baseline","SN4AFL","SEN"
"36-47",5661,65,0,0,"regional_baseline","SN4AFL","SEN"
"48-59",5382,44,0,0,"regional_baseline","SN4AFL","SEN"
"<1",15554,560,0,0,"previous_primary","SN5AFL","SEN"
"1-5",13635,194,0,0,"previous_primary","SN5AFL","SEN"
"6-11",13340,130,0,0,"previous_primary","SN5AFL","SEN"
"12-23",11810,144,0,0,"previous_primary","SN5AFL","SEN"
"24-35",11510,140,0,0,"previous_primary","SN5AFL","SEN"
"36-47",10800,79,0,0,"previous_primary","SN5AFL","SEN"
"48-59",10408,52,0,0,"previous_primary","SN5AFL","SEN"
"<1",15604,560,0,0,"eligible_MAP","SN5AFL","SEN"
"1-5",13681,194,0,0,"eligible_MAP","SN5AFL","SEN"
"6-11",13386,130,0,0,"eligible_MAP","SN5AFL","SEN"
"12-23",11855,145,0,0,"eligible_MAP","SN5AFL","SEN"
"24-35",11545,141,0,0,"eligible_MAP","SN5AFL","SEN"
"36-47",10833,79,0,0,"eligible_MAP","SN5AFL","SEN"
"48-59",10438,52,0,0,"eligible_MAP","SN5AFL","SEN"
"<1",15604,560,0,0,"regional_baseline","SN5AFL","SEN"
"1-5",13681,194,0,0,"regional_baseline","SN5AFL","SEN"
"6-11",13386,130,0,0,"regional_baseline","SN5AFL","SEN"
"12-23",11855,145,0,0,"regional_baseline","SN5AFL","SEN"
"24-35",11545,141,0,0,"regional_baseline","SN5AFL","SEN"
"36-47",10833,79,0,0,"regional_baseline","SN5AFL","SEN"
"48-59",10438,52,0,0,"regional_baseline","SN5AFL","SEN"
"<1",12367,372,0,0,"previous_primary","SN61FL","SEN"
"1-5",10900,128,0,0,"previous_primary","SN61FL","SEN"
"6-11",10365,78,0,0,"previous_primary","SN61FL","SEN"
"12-23",8995,83,0,0,"previous_primary","SN61FL","SEN"
"24-35",8933,86,0,0,"previous_primary","SN61FL","SEN"
"36-47",8669,50,0,0,"previous_primary","SN61FL","SEN"
"48-59",8507,27,0,0,"previous_primary","SN61FL","SEN"
"<1",12367,372,0,0,"eligible_MAP","SN61FL","SEN"
"1-5",10900,128,0,0,"eligible_MAP","SN61FL","SEN"
"6-11",10365,78,0,0,"eligible_MAP","SN61FL","SEN"
"12-23",8995,83,0,0,"eligible_MAP","SN61FL","SEN"
"24-35",8933,86,0,0,"eligible_MAP","SN61FL","SEN"
"36-47",8669,50,0,0,"eligible_MAP","SN61FL","SEN"
"48-59",8507,27,0,0,"eligible_MAP","SN61FL","SEN"
"<1",12367,372,0,0,"regional_baseline","SN61FL","SEN"
"1-5",10900,128,0,0,"regional_baseline","SN61FL","SEN"
"6-11",10365,78,0,0,"regional_baseline","SN61FL","SEN"
"12-23",8995,83,0,0,"regional_baseline","SN61FL","SEN"
"24-35",8933,86,0,0,"regional_baseline","SN61FL","SEN"
"36-47",8669,50,0,0,"regional_baseline","SN61FL","SEN"
"48-59",8507,27,0,0,"regional_baseline","SN61FL","SEN"
"<1",6910,164,0,0,"previous_primary","SN6DFL","SEN"
"1-5",6214,48,0,0,"previous_primary","SN6DFL","SEN"
"6-11",5978,54,0,0,"previous_primary","SN6DFL","SEN"
"12-23",5105,29,0,0,"previous_primary","SN6DFL","SEN"
"24-35",4999,39,0,0,"previous_primary","SN6DFL","SEN"
"36-47",4743,36,0,0,"previous_primary","SN6DFL","SEN"
"48-59",4557,18,0,0,"previous_primary","SN6DFL","SEN"
"<1",6910,164,0,0,"eligible_MAP","SN6DFL","SEN"
"1-5",6214,48,0,0,"eligible_MAP","SN6DFL","SEN"
"6-11",5978,54,0,0,"eligible_MAP","SN6DFL","SEN"
"12-23",5105,29,0,0,"eligible_MAP","SN6DFL","SEN"
"24-35",4999,39,0,0,"eligible_MAP","SN6DFL","SEN"
"36-47",4743,36,0,0,"eligible_MAP","SN6DFL","SEN"
"48-59",4557,18,0,0,"eligible_MAP","SN6DFL","SEN"
"<1",6910,164,0,0,"regional_baseline","SN6DFL","SEN"
"1-5",6214,48,0,0,"regional_baseline","SN6DFL","SEN"
"6-11",5978,54,0,0,"regional_baseline","SN6DFL","SEN"
"12-23",5105,29,0,0,"regional_baseline","SN6DFL","SEN"
"24-35",4999,39,0,0,"regional_baseline","SN6DFL","SEN"
"36-47",4743,36,0,0,"regional_baseline","SN6DFL","SEN"
"48-59",4557,18,0,0,"regional_baseline","SN6DFL","SEN"
"<1",6887,149,0,0,"previous_primary","SN71FL","SEN"
"1-5",6249,55,0,0,"previous_primary","SN71FL","SEN"
"6-11",6018,39,0,0,"previous_primary","SN71FL","SEN"
"12-23",5219,49,0,0,"previous_primary","SN71FL","SEN"
"24-35",5040,41,0,0,"previous_primary","SN71FL","SEN"
"36-47",4814,28,0,0,"previous_primary","SN71FL","SEN"
"48-59",4639,12,0,0,"previous_primary","SN71FL","SEN"
"<1",6887,149,0,0,"eligible_MAP","SN71FL","SEN"
"1-5",6249,55,0,0,"eligible_MAP","SN71FL","SEN"
"6-11",6018,39,0,0,"eligible_MAP","SN71FL","SEN"
"12-23",5219,49,0,0,"eligible_MAP","SN71FL","SEN"
"24-35",5040,41,0,0,"eligible_MAP","SN71FL","SEN"
"36-47",4814,28,0,0,"eligible_MAP","SN71FL","SEN"
"48-59",4639,12,0,0,"eligible_MAP","SN71FL","SEN"
"<1",6887,149,0,0,"regional_baseline","SN71FL","SEN"
"1-5",6249,55,0,0,"regional_baseline","SN71FL","SEN"
"6-11",6018,39,0,0,"regional_baseline","SN71FL","SEN"
"12-23",5219,49,0,0,"regional_baseline","SN71FL","SEN"
"24-35",5040,41,0,0,"regional_baseline","SN71FL","SEN"
"36-47",4814,28,0,0,"regional_baseline","SN71FL","SEN"
"48-59",4639,12,0,0,"regional_baseline","SN71FL","SEN"
"<1",7013,168,596,11,"previous_primary","SN7AFL","SEN"
"1-5",6360,68,234,2,"previous_primary","SN7AFL","SEN"
"6-11",6084,46,150,1,"previous_primary","SN7AFL","SEN"
"12-23",5358,45,0,0,"previous_primary","SN7AFL","SEN"
"24-35",5240,42,0,0,"previous_primary","SN7AFL","SEN"
"36-47",5095,31,0,0,"previous_primary","SN7AFL","SEN"
"48-59",5007,21,0,0,"previous_primary","SN7AFL","SEN"
"<1",7013,168,596,11,"eligible_MAP","SN7AFL","SEN"
"1-5",6360,68,234,2,"eligible_MAP","SN7AFL","SEN"
"6-11",6084,46,150,1,"eligible_MAP","SN7AFL","SEN"
"12-23",5358,45,0,0,"eligible_MAP","SN7AFL","SEN"
"24-35",5240,42,0,0,"eligible_MAP","SN7AFL","SEN"
"36-47",5095,31,0,0,"eligible_MAP","SN7AFL","SEN"
"48-59",5007,21,0,0,"eligible_MAP","SN7AFL","SEN"
"<1",7013,168,596,11,"regional_baseline","SN7AFL","SEN"
"1-5",6360,68,234,2,"regional_baseline","SN7AFL","SEN"
"6-11",6084,46,150,1,"regional_baseline","SN7AFL","SEN"
"12-23",5358,45,0,0,"regional_baseline","SN7AFL","SEN"
"24-35",5240,42,0,0,"regional_baseline","SN7AFL","SEN"
"36-47",5095,31,0,0,"regional_baseline","SN7AFL","SEN"
"48-59",5007,21,0,0,"regional_baseline","SN7AFL","SEN"
"<1",6751,160,2049,52,"previous_primary","SN7IFL","SEN"
"1-5",6131,68,1556,24,"previous_primary","SN7IFL","SEN"
"6-11",5826,29,1465,13,"previous_primary","SN7IFL","SEN"
"12-23",5102,30,657,0,"previous_primary","SN7IFL","SEN"
"24-35",5141,38,756,6,"previous_primary","SN7IFL","SEN"
"36-47",5004,18,724,1,"previous_primary","SN7IFL","SEN"
"48-59",4867,16,556,1,"previous_primary","SN7IFL","SEN"
"<1",6751,160,2049,52,"eligible_MAP","SN7IFL","SEN"
"1-5",6131,68,1556,24,"eligible_MAP","SN7IFL","SEN"
"6-11",5826,29,1465,13,"eligible_MAP","SN7IFL","SEN"
"12-23",5102,30,657,0,"eligible_MAP","SN7IFL","SEN"
"24-35",5141,38,756,6,"eligible_MAP","SN7IFL","SEN"
"36-47",5004,18,724,1,"eligible_MAP","SN7IFL","SEN"
"48-59",4867,16,556,1,"eligible_MAP","SN7IFL","SEN"
"<1",6751,160,2049,52,"regional_baseline","SN7IFL","SEN"
"1-5",6131,68,1556,24,"regional_baseline","SN7IFL","SEN"
"6-11",5826,29,1465,13,"regional_baseline","SN7IFL","SEN"
"12-23",5102,30,657,0,"regional_baseline","SN7IFL","SEN"
"24-35",5141,38,756,6,"regional_baseline","SN7IFL","SEN"
"36-47",5004,18,724,1,"regional_baseline","SN7IFL","SEN"
"48-59",4867,16,556,1,"regional_baseline","SN7IFL","SEN"
"<1",12190,347,6453,181,"previous_primary","SN7ZFL","SEN"
"1-5",11054,91,5510,46,"previous_primary","SN7ZFL","SEN"
"6-11",10644,56,5246,23,"previous_primary","SN7ZFL","SEN"
"12-23",9352,63,3894,23,"previous_primary","SN7ZFL","SEN"
"24-35",9388,33,3913,15,"previous_primary","SN7ZFL","SEN"
"36-47",9410,29,3824,7,"previous_primary","SN7ZFL","SEN"
"48-59",9247,23,3922,6,"previous_primary","SN7ZFL","SEN"
"<1",12197,348,6457,181,"eligible_MAP","SN7ZFL","SEN"
"1-5",11061,91,5514,46,"eligible_MAP","SN7ZFL","SEN"
"6-11",10649,56,5248,23,"eligible_MAP","SN7ZFL","SEN"
"12-23",9357,63,3895,23,"eligible_MAP","SN7ZFL","SEN"
"24-35",9393,33,3915,15,"eligible_MAP","SN7ZFL","SEN"
"36-47",9415,29,3826,7,"eligible_MAP","SN7ZFL","SEN"
"48-59",9251,23,3925,6,"eligible_MAP","SN7ZFL","SEN"
"<1",12197,348,6457,181,"regional_baseline","SN7ZFL","SEN"
"1-5",11061,91,5514,46,"regional_baseline","SN7ZFL","SEN"
"6-11",10649,56,5248,23,"regional_baseline","SN7ZFL","SEN"
"12-23",9357,63,3895,23,"regional_baseline","SN7ZFL","SEN"
"24-35",9393,33,3915,15,"regional_baseline","SN7ZFL","SEN"
"36-47",9415,29,3826,7,"regional_baseline","SN7ZFL","SEN"
"48-59",9251,23,3925,6,"regional_baseline","SN7ZFL","SEN"
"<1",6729,154,4813,126,"previous_primary","SN81FL","SEN"
"1-5",6153,55,4307,35,"previous_primary","SN81FL","SEN"
"6-11",5806,25,4146,15,"previous_primary","SN81FL","SEN"
"12-23",5085,32,3379,15,"previous_primary","SN81FL","SEN"
"24-35",5251,20,3317,11,"previous_primary","SN81FL","SEN"
"36-47",5187,18,3429,11,"previous_primary","SN81FL","SEN"
"48-59",5103,14,3369,10,"previous_primary","SN81FL","SEN"
"<1",6729,154,4813,126,"eligible_MAP","SN81FL","SEN"
"1-5",6153,55,4307,35,"eligible_MAP","SN81FL","SEN"
"6-11",5806,25,4146,15,"eligible_MAP","SN81FL","SEN"
"12-23",5085,32,3379,15,"eligible_MAP","SN81FL","SEN"
"24-35",5251,20,3317,11,"eligible_MAP","SN81FL","SEN"
"36-47",5187,18,3429,11,"eligible_MAP","SN81FL","SEN"
"48-59",5103,14,3369,10,"eligible_MAP","SN81FL","SEN"
"<1",6729,154,4813,126,"regional_baseline","SN81FL","SEN"
"1-5",6153,55,4307,35,"regional_baseline","SN81FL","SEN"
"6-11",5806,25,4146,15,"regional_baseline","SN81FL","SEN"
"12-23",5085,32,3379,15,"regional_baseline","SN81FL","SEN"
"24-35",5251,20,3317,11,"regional_baseline","SN81FL","SEN"
"36-47",5187,18,3429,11,"regional_baseline","SN81FL","SEN"
"48-59",5103,14,3369,10,"regional_baseline","SN81FL","SEN"
"<1",6094,139,5605,127,"previous_primary","SN8BFL","SEN"
"1-5",5549,36,5084,34,"previous_primary","SN8BFL","SEN"
"6-11",5276,18,4847,16,"previous_primary","SN8BFL","SEN"
"12-23",4633,21,4145,19,"previous_primary","SN8BFL","SEN"
"24-35",4589,17,4060,13,"previous_primary","SN8BFL","SEN"
"36-47",4645,10,4190,10,"previous_primary","SN8BFL","SEN"
"48-59",4546,2,4093,2,"previous_primary","SN8BFL","SEN"
"<1",6097,139,5607,127,"eligible_MAP","SN8BFL","SEN"
"1-5",5552,36,5086,34,"eligible_MAP","SN8BFL","SEN"
"6-11",5279,18,4850,16,"eligible_MAP","SN8BFL","SEN"
"12-23",4636,21,4147,19,"eligible_MAP","SN8BFL","SEN"
"24-35",4592,17,4063,13,"eligible_MAP","SN8BFL","SEN"
"36-47",4647,10,4192,10,"eligible_MAP","SN8BFL","SEN"
"48-59",4548,2,4095,2,"eligible_MAP","SN8BFL","SEN"
"<1",6097,139,5607,127,"regional_baseline","SN8BFL","SEN"
"1-5",5552,36,5086,34,"regional_baseline","SN8BFL","SEN"
"6-11",5279,18,4850,16,"regional_baseline","SN8BFL","SEN"
"12-23",4636,21,4147,19,"regional_baseline","SN8BFL","SEN"
"24-35",4592,17,4063,13,"regional_baseline","SN8BFL","SEN"
"36-47",4647,10,4192,10,"regional_baseline","SN8BFL","SEN"
"48-59",4548,2,4095,2,"regional_baseline","SN8BFL","SEN"
"<1",10531,257,10531,257,"previous_primary","SN8SFL","SEN"
"1-5",9546,63,9546,63,"previous_primary","SN8SFL","SEN"
"6-11",9347,32,9347,32,"previous_primary","SN8SFL","SEN"
"12-23",8267,13,8267,13,"previous_primary","SN8SFL","SEN"
"24-35",8254,30,8254,30,"previous_primary","SN8SFL","SEN"
"36-47",8072,16,8072,16,"previous_primary","SN8SFL","SEN"
"48-59",7917,11,7917,11,"previous_primary","SN8SFL","SEN"
"<1",10531,257,10531,257,"eligible_MAP","SN8SFL","SEN"
"1-5",9546,63,9546,63,"eligible_MAP","SN8SFL","SEN"
"6-11",9347,32,9347,32,"eligible_MAP","SN8SFL","SEN"
"12-23",8267,13,8267,13,"eligible_MAP","SN8SFL","SEN"
"24-35",8254,30,8254,30,"eligible_MAP","SN8SFL","SEN"
"36-47",8072,16,8072,16,"eligible_MAP","SN8SFL","SEN"
"48-59",7917,11,7917,11,"eligible_MAP","SN8SFL","SEN"
"<1",10531,257,10531,257,"regional_baseline","SN8SFL","SEN"
"1-5",9546,63,9546,63,"regional_baseline","SN8SFL","SEN"
"6-11",9347,32,9347,32,"regional_baseline","SN8SFL","SEN"
"12-23",8267,13,8267,13,"regional_baseline","SN8SFL","SEN"
"24-35",8254,30,8254,30,"regional_baseline","SN8SFL","SEN"
"36-47",8072,16,8072,16,"regional_baseline","SN8SFL","SEN"
"48-59",7917,11,7917,11,"regional_baseline","SN8SFL","SEN"
"<1",5648,212,0,0,"previous_primary","SL51FL","SLE"
"1-5",4938,116,0,0,"previous_primary","SL51FL","SLE"
"6-11",4603,124,0,0,"previous_primary","SL51FL","SLE"
"12-23",3851,87,0,0,"previous_primary","SL51FL","SLE"
"24-35",4091,61,0,0,"previous_primary","SL51FL","SLE"
"36-47",4044,35,0,0,"previous_primary","SL51FL","SLE"
"48-59",4110,18,0,0,"previous_primary","SL51FL","SLE"
"<1",5659,212,0,0,"eligible_MAP","SL51FL","SLE"
"1-5",4948,116,0,0,"eligible_MAP","SL51FL","SLE"
"6-11",4612,124,0,0,"eligible_MAP","SL51FL","SLE"
"12-23",3859,88,0,0,"eligible_MAP","SL51FL","SLE"
"24-35",4097,61,0,0,"eligible_MAP","SL51FL","SLE"
"36-47",4051,35,0,0,"eligible_MAP","SL51FL","SLE"
"48-59",4118,18,0,0,"eligible_MAP","SL51FL","SLE"
"<1",5659,212,0,0,"regional_baseline","SL51FL","SLE"
"1-5",4948,116,0,0,"regional_baseline","SL51FL","SLE"
"6-11",4612,124,0,0,"regional_baseline","SL51FL","SLE"
"12-23",3859,88,0,0,"regional_baseline","SL51FL","SLE"
"24-35",4097,61,0,0,"regional_baseline","SL51FL","SLE"
"36-47",4051,35,0,0,"regional_baseline","SL51FL","SLE"
"48-59",4118,18,0,0,"regional_baseline","SL51FL","SLE"
"<1",12012,441,0,0,"previous_primary","SL61FL","SLE"
"1-5",10747,268,0,0,"previous_primary","SL61FL","SLE"
"6-11",10426,283,0,0,"previous_primary","SL61FL","SLE"
"12-23",8878,231,0,0,"previous_primary","SL61FL","SLE"
"24-35",8895,174,0,0,"previous_primary","SL61FL","SLE"
"36-47",8539,80,0,0,"previous_primary","SL61FL","SLE"
"48-59",8532,55,0,0,"previous_primary","SL61FL","SLE"
"<1",12022,441,0,0,"eligible_MAP","SL61FL","SLE"
"1-5",10755,268,0,0,"eligible_MAP","SL61FL","SLE"
"6-11",10432,284,0,0,"eligible_MAP","SL61FL","SLE"
"12-23",8883,232,0,0,"eligible_MAP","SL61FL","SLE"
"24-35",8901,175,0,0,"eligible_MAP","SL61FL","SLE"
"36-47",8545,80,0,0,"eligible_MAP","SL61FL","SLE"
"48-59",8538,55,0,0,"eligible_MAP","SL61FL","SLE"
"<1",12022,441,0,0,"regional_baseline","SL61FL","SLE"
"1-5",10755,268,0,0,"regional_baseline","SL61FL","SLE"
"6-11",10432,284,0,0,"regional_baseline","SL61FL","SLE"
"12-23",8883,232,0,0,"regional_baseline","SL61FL","SLE"
"24-35",8901,175,0,0,"regional_baseline","SL61FL","SLE"
"36-47",8545,80,0,0,"regional_baseline","SL61FL","SLE"
"48-59",8538,55,0,0,"regional_baseline","SL61FL","SLE"
"<1",9911,294,9911,294,"previous_primary","SL7AFL","SLE"
"1-5",8925,198,8925,198,"previous_primary","SL7AFL","SLE"
"6-11",8659,181,8659,181,"previous_primary","SL7AFL","SLE"
"12-23",7323,120,7323,120,"previous_primary","SL7AFL","SLE"
"24-35",7433,125,7433,125,"previous_primary","SL7AFL","SLE"
"36-47",7434,44,7434,44,"previous_primary","SL7AFL","SLE"
"48-59",7395,35,7395,35,"previous_primary","SL7AFL","SLE"
"<1",9911,294,9911,294,"eligible_MAP","SL7AFL","SLE"
"1-5",8925,198,8925,198,"eligible_MAP","SL7AFL","SLE"
"6-11",8659,181,8659,181,"eligible_MAP","SL7AFL","SLE"
"12-23",7323,120,7323,120,"eligible_MAP","SL7AFL","SLE"
"24-35",7433,125,7433,125,"eligible_MAP","SL7AFL","SLE"
"36-47",7434,44,7434,44,"eligible_MAP","SL7AFL","SLE"
"48-59",7395,35,7395,35,"eligible_MAP","SL7AFL","SLE"
"<1",9911,294,9911,294,"regional_baseline","SL7AFL","SLE"
"1-5",8925,198,8925,198,"regional_baseline","SL7AFL","SLE"
"6-11",8659,181,8659,181,"regional_baseline","SL7AFL","SLE"
"12-23",7323,120,7323,120,"regional_baseline","SL7AFL","SLE"
"24-35",7433,125,7433,125,"regional_baseline","SL7AFL","SLE"
"36-47",7434,44,7434,44,"regional_baseline","SL7AFL","SLE"
"48-59",7395,35,7395,35,"regional_baseline","SL7AFL","SLE"
"<1",1939,29,0,0,"eligible_MAP","ST51FL","STP"
"1-5",1759,17,0,0,"eligible_MAP","ST51FL","STP"
"6-11",1656,16,0,0,"eligible_MAP","ST51FL","STP"
"12-23",1408,6,0,0,"eligible_MAP","ST51FL","STP"
"24-35",1395,11,0,0,"eligible_MAP","ST51FL","STP"
"36-47",1338,8,0,0,"eligible_MAP","ST51FL","STP"
"48-59",1344,5,0,0,"eligible_MAP","ST51FL","STP"
"<1",1979,38,0,0,"previous_primary","SZ51FL","SWZ"
"1-5",1786,78,0,0,"previous_primary","SZ51FL","SWZ"
"6-11",1622,40,0,0,"previous_primary","SZ51FL","SWZ"
"12-23",1337,17,0,0,"previous_primary","SZ51FL","SWZ"
"24-35",1390,15,0,0,"previous_primary","SZ51FL","SWZ"
"36-47",1323,6,0,0,"previous_primary","SZ51FL","SWZ"
"48-59",1288,7,0,0,"previous_primary","SZ51FL","SWZ"
"<1",2058,38,0,0,"eligible_MAP","SZ51FL","SWZ"
"1-5",1856,78,0,0,"eligible_MAP","SZ51FL","SWZ"
"6-11",1702,43,0,0,"eligible_MAP","SZ51FL","SWZ"
"12-23",1423,18,0,0,"eligible_MAP","SZ51FL","SWZ"
"24-35",1462,17,0,0,"eligible_MAP","SZ51FL","SWZ"
"36-47",1402,7,0,0,"eligible_MAP","SZ51FL","SWZ"
"48-59",1365,8,0,0,"eligible_MAP","SZ51FL","SWZ"
"<1",1982,38,0,0,"regional_baseline","SZ51FL","SWZ"
"1-5",1789,78,0,0,"regional_baseline","SZ51FL","SWZ"
"6-11",1624,40,0,0,"regional_baseline","SZ51FL","SWZ"
"12-23",1340,17,0,0,"regional_baseline","SZ51FL","SWZ"
"24-35",1391,15,0,0,"regional_baseline","SZ51FL","SWZ"
"36-47",1324,6,0,0,"regional_baseline","SZ51FL","SWZ"
"48-59",1289,7,0,0,"regional_baseline","SZ51FL","SWZ"
"<1",4325,157,0,0,"previous_primary","TD41FL","TCD"
"1-5",3669,86,0,0,"previous_primary","TD41FL","TCD"
"6-11",3428,121,0,0,"previous_primary","TD41FL","TCD"
"12-23",2775,89,0,0,"previous_primary","TD41FL","TCD"
"24-35",3055,96,0,0,"previous_primary","TD41FL","TCD"
"36-47",2662,32,0,0,"previous_primary","TD41FL","TCD"
"48-59",2770,28,0,0,"previous_primary","TD41FL","TCD"
"<1",5409,192,0,0,"eligible_MAP","TD41FL","TCD"
"1-5",4736,108,0,0,"eligible_MAP","TD41FL","TCD"
"6-11",4537,153,0,0,"eligible_MAP","TD41FL","TCD"
"12-23",3892,123,0,0,"eligible_MAP","TD41FL","TCD"
"24-35",3935,118,0,0,"eligible_MAP","TD41FL","TCD"
"36-47",3763,56,0,0,"eligible_MAP","TD41FL","TCD"
"48-59",3677,37,0,0,"eligible_MAP","TD41FL","TCD"
"<1",4326,157,0,0,"regional_baseline","TD41FL","TCD"
"1-5",3670,86,0,0,"regional_baseline","TD41FL","TCD"
"6-11",3430,121,0,0,"regional_baseline","TD41FL","TCD"
"12-23",2779,91,0,0,"regional_baseline","TD41FL","TCD"
"24-35",3056,96,0,0,"regional_baseline","TD41FL","TCD"
"36-47",2663,32,0,0,"regional_baseline","TD41FL","TCD"
"48-59",2774,28,0,0,"regional_baseline","TD41FL","TCD"
"<1",18042,538,0,0,"previous_primary","TD71FL","TCD"
"1-5",16113,284,0,0,"previous_primary","TD71FL","TCD"
"6-11",15554,322,0,0,"previous_primary","TD71FL","TCD"
"12-23",13947,273,0,0,"previous_primary","TD71FL","TCD"
"24-35",14455,278,0,0,"previous_primary","TD71FL","TCD"
"36-47",13977,167,0,0,"previous_primary","TD71FL","TCD"
"48-59",13927,100,0,0,"previous_primary","TD71FL","TCD"
"<1",18064,538,0,0,"eligible_MAP","TD71FL","TCD"
"1-5",16133,284,0,0,"eligible_MAP","TD71FL","TCD"
"6-11",15571,323,0,0,"eligible_MAP","TD71FL","TCD"
"12-23",13961,273,0,0,"eligible_MAP","TD71FL","TCD"
"24-35",14467,278,0,0,"eligible_MAP","TD71FL","TCD"
"36-47",13988,167,0,0,"eligible_MAP","TD71FL","TCD"
"48-59",13936,100,0,0,"eligible_MAP","TD71FL","TCD"
"<1",18064,538,0,0,"regional_baseline","TD71FL","TCD"
"1-5",16133,284,0,0,"regional_baseline","TD71FL","TCD"
"6-11",15571,323,0,0,"regional_baseline","TD71FL","TCD"
"12-23",13961,273,0,0,"regional_baseline","TD71FL","TCD"
"24-35",14467,278,0,0,"regional_baseline","TD71FL","TCD"
"36-47",13988,167,0,0,"regional_baseline","TD71FL","TCD"
"48-59",13936,100,0,0,"regional_baseline","TD71FL","TCD"
"<1",6257,158,64,1,"previous_primary","TG61FL","TGO"
"1-5",5667,62,0,0,"previous_primary","TG61FL","TGO"
"6-11",5376,60,0,0,"previous_primary","TG61FL","TGO"
"12-23",4564,59,0,0,"previous_primary","TG61FL","TGO"
"24-35",4673,64,0,0,"previous_primary","TG61FL","TGO"
"36-47",4652,56,0,0,"previous_primary","TG61FL","TGO"
"48-59",4647,23,0,0,"previous_primary","TG61FL","TGO"
"<1",6260,158,64,1,"eligible_MAP","TG61FL","TGO"
"1-5",5670,62,0,0,"eligible_MAP","TG61FL","TGO"
"6-11",5379,60,0,0,"eligible_MAP","TG61FL","TGO"
"12-23",4567,59,0,0,"eligible_MAP","TG61FL","TGO"
"24-35",4676,64,0,0,"eligible_MAP","TG61FL","TGO"
"36-47",4654,56,0,0,"eligible_MAP","TG61FL","TGO"
"48-59",4650,23,0,0,"eligible_MAP","TG61FL","TGO"
"<1",6260,158,64,1,"regional_baseline","TG61FL","TGO"
"1-5",5670,62,0,0,"regional_baseline","TG61FL","TGO"
"6-11",5379,60,0,0,"regional_baseline","TG61FL","TGO"
"12-23",4567,59,0,0,"regional_baseline","TG61FL","TGO"
"24-35",4676,64,0,0,"regional_baseline","TG61FL","TGO"
"36-47",4654,56,0,0,"regional_baseline","TG61FL","TGO"
"48-59",4650,23,0,0,"regional_baseline","TG61FL","TGO"
"<1",6805,219,0,0,"previous_primary","TZ4IFL","TZA"
"1-5",5952,101,0,0,"previous_primary","TZ4IFL","TZA"
"6-11",5555,92,0,0,"previous_primary","TZ4IFL","TZA"
"12-23",4583,86,0,0,"previous_primary","TZ4IFL","TZA"
"24-35",4273,67,0,0,"previous_primary","TZ4IFL","TZA"
"36-47",4191,34,0,0,"previous_primary","TZ4IFL","TZA"
"48-59",3855,13,0,0,"previous_primary","TZ4IFL","TZA"
"<1",8468,269,0,0,"eligible_MAP","TZ4IFL","TZA"
"1-5",7554,129,0,0,"eligible_MAP","TZ4IFL","TZA"
"6-11",7120,128,0,0,"eligible_MAP","TZ4IFL","TZA"
"12-23",6102,113,0,0,"eligible_MAP","TZ4IFL","TZA"
"24-35",5683,81,0,0,"eligible_MAP","TZ4IFL","TZA"
"36-47",5482,44,0,0,"eligible_MAP","TZ4IFL","TZA"
"48-59",5185,21,0,0,"eligible_MAP","TZ4IFL","TZA"
"<1",6805,219,0,0,"regional_baseline","TZ4IFL","TZA"
"1-5",5952,101,0,0,"regional_baseline","TZ4IFL","TZA"
"6-11",5555,92,0,0,"regional_baseline","TZ4IFL","TZA"
"12-23",4583,86,0,0,"regional_baseline","TZ4IFL","TZA"
"24-35",4273,67,0,0,"regional_baseline","TZ4IFL","TZA"
"36-47",4191,34,0,0,"regional_baseline","TZ4IFL","TZA"
"48-59",3855,13,0,0,"regional_baseline","TZ4IFL","TZA"
"<1",8031,226,0,0,"previous_primary","TZ63FL","TZA"
"1-5",7176,77,0,0,"previous_primary","TZ63FL","TZA"
"6-11",6932,91,0,0,"previous_primary","TZ63FL","TZA"
"12-23",6096,71,0,0,"previous_primary","TZ63FL","TZA"
"24-35",5943,41,0,0,"previous_primary","TZ63FL","TZA"
"36-47",5620,21,0,0,"previous_primary","TZ63FL","TZA"
"48-59",5327,14,0,0,"previous_primary","TZ63FL","TZA"
"<1",8031,226,0,0,"eligible_MAP","TZ63FL","TZA"
"1-5",7176,77,0,0,"eligible_MAP","TZ63FL","TZA"
"6-11",6932,91,0,0,"eligible_MAP","TZ63FL","TZA"
"12-23",6096,71,0,0,"eligible_MAP","TZ63FL","TZA"
"24-35",5943,41,0,0,"eligible_MAP","TZ63FL","TZA"
"36-47",5620,21,0,0,"eligible_MAP","TZ63FL","TZA"
"48-59",5327,14,0,0,"eligible_MAP","TZ63FL","TZA"
"<1",8031,226,0,0,"regional_baseline","TZ63FL","TZA"
"1-5",7176,77,0,0,"regional_baseline","TZ63FL","TZA"
"6-11",6932,91,0,0,"regional_baseline","TZ63FL","TZA"
"12-23",6096,71,0,0,"regional_baseline","TZ63FL","TZA"
"24-35",5943,41,0,0,"regional_baseline","TZ63FL","TZA"
"36-47",5620,21,0,0,"regional_baseline","TZ63FL","TZA"
"48-59",5327,14,0,0,"regional_baseline","TZ63FL","TZA"
"<1",10192,257,6065,155,"previous_primary","TZ7BFL","TZA"
"1-5",9188,79,5203,37,"previous_primary","TZ7BFL","TZA"
"6-11",8834,72,4966,43,"previous_primary","TZ7BFL","TZA"
"12-23",7417,72,3630,32,"previous_primary","TZ7BFL","TZA"
"24-35",7278,35,3553,14,"previous_primary","TZ7BFL","TZA"
"36-47",7126,30,3385,19,"previous_primary","TZ7BFL","TZA"
"48-59",6880,17,3344,8,"previous_primary","TZ7BFL","TZA"
"<1",10192,257,6065,155,"eligible_MAP","TZ7BFL","TZA"
"1-5",9188,79,5203,37,"eligible_MAP","TZ7BFL","TZA"
"6-11",8834,72,4966,43,"eligible_MAP","TZ7BFL","TZA"
"12-23",7417,72,3630,32,"eligible_MAP","TZ7BFL","TZA"
"24-35",7278,35,3553,14,"eligible_MAP","TZ7BFL","TZA"
"36-47",7127,30,3385,19,"eligible_MAP","TZ7BFL","TZA"
"48-59",6881,17,3344,8,"eligible_MAP","TZ7BFL","TZA"
"<1",10192,257,6065,155,"regional_baseline","TZ7BFL","TZA"
"1-5",9188,79,5203,37,"regional_baseline","TZ7BFL","TZA"
"6-11",8834,72,4966,43,"regional_baseline","TZ7BFL","TZA"
"12-23",7417,72,3630,32,"regional_baseline","TZ7BFL","TZA"
"24-35",7278,35,3553,14,"regional_baseline","TZ7BFL","TZA"
"36-47",7127,30,3385,19,"regional_baseline","TZ7BFL","TZA"
"48-59",6881,17,3344,8,"regional_baseline","TZ7BFL","TZA"
"<1",10796,261,10796,261,"previous_primary","TZ82FL","TZA"
"1-5",9791,51,9791,51,"previous_primary","TZ82FL","TZA"
"6-11",9440,31,9440,31,"previous_primary","TZ82FL","TZA"
"12-23",8192,31,8192,31,"previous_primary","TZ82FL","TZA"
"24-35",7983,21,7983,21,"previous_primary","TZ82FL","TZA"
"36-47",7898,21,7898,21,"previous_primary","TZ82FL","TZA"
"48-59",7623,9,7623,9,"previous_primary","TZ82FL","TZA"
"<1",10796,261,10796,261,"eligible_MAP","TZ82FL","TZA"
"1-5",9791,51,9791,51,"eligible_MAP","TZ82FL","TZA"
"6-11",9440,31,9440,31,"eligible_MAP","TZ82FL","TZA"
"12-23",8192,31,8192,31,"eligible_MAP","TZ82FL","TZA"
"24-35",7983,21,7983,21,"eligible_MAP","TZ82FL","TZA"
"36-47",7898,21,7898,21,"eligible_MAP","TZ82FL","TZA"
"48-59",7623,9,7623,9,"eligible_MAP","TZ82FL","TZA"
"<1",10796,261,10796,261,"regional_baseline","TZ82FL","TZA"
"1-5",9791,51,9791,51,"regional_baseline","TZ82FL","TZA"
"6-11",9440,31,9440,31,"regional_baseline","TZ82FL","TZA"
"12-23",8192,31,8192,31,"regional_baseline","TZ82FL","TZA"
"24-35",7983,21,7983,21,"regional_baseline","TZ82FL","TZA"
"36-47",7898,21,7898,21,"regional_baseline","TZ82FL","TZA"
"48-59",7623,9,7623,9,"regional_baseline","TZ82FL","TZA"
"<1",1427,44,0,0,"eligible_MAP","UG41FL","UGA"
"1-5",914,19,0,0,"eligible_MAP","UG41FL","UGA"
"6-11",774,24,0,0,"eligible_MAP","UG41FL","UGA"
"12-23",75,1,0,0,"eligible_MAP","UG41FL","UGA"
"24-35",80,1,0,0,"eligible_MAP","UG41FL","UGA"
"36-47",73,1,0,0,"eligible_MAP","UG41FL","UGA"
"48-59",74,1,0,0,"eligible_MAP","UG41FL","UGA"
"<1",7665,203,0,0,"previous_primary","UG52FL","UGA"
"1-5",6837,143,0,0,"previous_primary","UG52FL","UGA"
"6-11",6448,158,0,0,"previous_primary","UG52FL","UGA"
"12-23",5302,148,0,0,"previous_primary","UG52FL","UGA"
"24-35",5261,80,0,0,"previous_primary","UG52FL","UGA"
"36-47",5069,45,0,0,"previous_primary","UG52FL","UGA"
"48-59",4866,28,0,0,"previous_primary","UG52FL","UGA"
"<1",8394,228,0,0,"eligible_MAP","UG52FL","UGA"
"1-5",7539,159,0,0,"eligible_MAP","UG52FL","UGA"
"6-11",7092,186,0,0,"eligible_MAP","UG52FL","UGA"
"12-23",6068,173,0,0,"eligible_MAP","UG52FL","UGA"
"24-35",5923,91,0,0,"eligible_MAP","UG52FL","UGA"
"36-47",5723,52,0,0,"eligible_MAP","UG52FL","UGA"
"48-59",5400,30,0,0,"eligible_MAP","UG52FL","UGA"
"<1",7667,203,0,0,"regional_baseline","UG52FL","UGA"
"1-5",6839,143,0,0,"regional_baseline","UG52FL","UGA"
"6-11",6450,159,0,0,"regional_baseline","UG52FL","UGA"
"12-23",5303,148,0,0,"regional_baseline","UG52FL","UGA"
"24-35",5262,80,0,0,"regional_baseline","UG52FL","UGA"
"36-47",5071,45,0,0,"regional_baseline","UG52FL","UGA"
"48-59",4867,28,0,0,"regional_baseline","UG52FL","UGA"
"<1",3714,93,0,0,"previous_primary","UG5AFL","UGA"
"1-5",3345,42,0,0,"previous_primary","UG5AFL","UGA"
"6-11",3207,51,0,0,"previous_primary","UG5AFL","UGA"
"12-23",2767,36,0,0,"previous_primary","UG5AFL","UGA"
"24-35",2706,19,0,0,"previous_primary","UG5AFL","UGA"
"36-47",2547,10,0,0,"previous_primary","UG5AFL","UGA"
"48-59",2371,12,0,0,"previous_primary","UG5AFL","UGA"
"<1",3714,93,0,0,"eligible_MAP","UG5AFL","UGA"
"1-5",3345,42,0,0,"eligible_MAP","UG5AFL","UGA"
"6-11",3207,51,0,0,"eligible_MAP","UG5AFL","UGA"
"12-23",2767,36,0,0,"eligible_MAP","UG5AFL","UGA"
"24-35",2706,19,0,0,"eligible_MAP","UG5AFL","UGA"
"36-47",2547,10,0,0,"eligible_MAP","UG5AFL","UGA"
"48-59",2371,12,0,0,"eligible_MAP","UG5AFL","UGA"
"<1",3714,93,0,0,"regional_baseline","UG5AFL","UGA"
"1-5",3345,42,0,0,"regional_baseline","UG5AFL","UGA"
"6-11",3207,51,0,0,"regional_baseline","UG5AFL","UGA"
"12-23",2767,36,0,0,"regional_baseline","UG5AFL","UGA"
"24-35",2706,19,0,0,"regional_baseline","UG5AFL","UGA"
"36-47",2547,10,0,0,"regional_baseline","UG5AFL","UGA"
"48-59",2371,12,0,0,"regional_baseline","UG5AFL","UGA"
"<1",7928,217,0,0,"previous_primary","UG61FL","UGA"
"1-5",7116,84,0,0,"previous_primary","UG61FL","UGA"
"6-11",6818,100,0,0,"previous_primary","UG61FL","UGA"
"12-23",5971,87,0,0,"previous_primary","UG61FL","UGA"
"24-35",5806,58,0,0,"previous_primary","UG61FL","UGA"
"36-47",5594,38,0,0,"previous_primary","UG61FL","UGA"
"48-59",5403,19,0,0,"previous_primary","UG61FL","UGA"
"<1",7928,217,0,0,"eligible_MAP","UG61FL","UGA"
"1-5",7116,84,0,0,"eligible_MAP","UG61FL","UGA"
"6-11",6818,100,0,0,"eligible_MAP","UG61FL","UGA"
"12-23",5971,87,0,0,"eligible_MAP","UG61FL","UGA"
"24-35",5806,58,0,0,"eligible_MAP","UG61FL","UGA"
"36-47",5594,38,0,0,"eligible_MAP","UG61FL","UGA"
"48-59",5403,19,0,0,"eligible_MAP","UG61FL","UGA"
"<1",7928,217,0,0,"regional_baseline","UG61FL","UGA"
"1-5",7116,84,0,0,"regional_baseline","UG61FL","UGA"
"6-11",6818,100,0,0,"regional_baseline","UG61FL","UGA"
"12-23",5971,87,0,0,"regional_baseline","UG61FL","UGA"
"24-35",5806,58,0,0,"regional_baseline","UG61FL","UGA"
"36-47",5594,38,0,0,"regional_baseline","UG61FL","UGA"
"48-59",5403,19,0,0,"regional_baseline","UG61FL","UGA"
"<1",2457,51,0,0,"previous_primary","UG7BFL","UGA"
"1-5",2241,22,0,0,"previous_primary","UG7BFL","UGA"
"6-11",2187,17,0,0,"previous_primary","UG7BFL","UGA"
"12-23",1964,22,0,0,"previous_primary","UG7BFL","UGA"
"24-35",1938,12,0,0,"previous_primary","UG7BFL","UGA"
"36-47",1893,6,0,0,"previous_primary","UG7BFL","UGA"
"48-59",1854,4,0,0,"previous_primary","UG7BFL","UGA"
"<1",13035,324,0,0,"eligible_MAP","UG7BFL","UGA"
"1-5",11831,114,0,0,"eligible_MAP","UG7BFL","UGA"
"6-11",11439,78,0,0,"eligible_MAP","UG7BFL","UGA"
"12-23",10109,101,0,0,"eligible_MAP","UG7BFL","UGA"
"24-35",9856,56,0,0,"eligible_MAP","UG7BFL","UGA"
"36-47",9698,33,0,0,"eligible_MAP","UG7BFL","UGA"
"48-59",9398,25,0,0,"eligible_MAP","UG7BFL","UGA"
"<1",13035,324,0,0,"regional_baseline","UG7BFL","UGA"
"1-5",11831,114,0,0,"regional_baseline","UG7BFL","UGA"
"6-11",11439,78,0,0,"regional_baseline","UG7BFL","UGA"
"12-23",10109,101,0,0,"regional_baseline","UG7BFL","UGA"
"24-35",9856,56,0,0,"regional_baseline","UG7BFL","UGA"
"36-47",9698,33,0,0,"regional_baseline","UG7BFL","UGA"
"48-59",9398,25,0,0,"regional_baseline","UG7BFL","UGA"
"<1",2612,61,2612,61,"previous_primary","ZA71FL","ZAF"
"1-5",2349,23,2349,23,"previous_primary","ZA71FL","ZAF"
"6-11",2334,12,2334,12,"previous_primary","ZA71FL","ZAF"
"12-23",2059,3,2059,3,"previous_primary","ZA71FL","ZAF"
"24-35",2010,2,2010,2,"previous_primary","ZA71FL","ZAF"
"36-47",1981,2,1981,2,"previous_primary","ZA71FL","ZAF"
"48-59",1915,0,1915,0,"previous_primary","ZA71FL","ZAF"
"<1",2612,61,2612,61,"eligible_MAP","ZA71FL","ZAF"
"1-5",2349,23,2349,23,"eligible_MAP","ZA71FL","ZAF"
"6-11",2334,12,2334,12,"eligible_MAP","ZA71FL","ZAF"
"12-23",2059,3,2059,3,"eligible_MAP","ZA71FL","ZAF"
"24-35",2010,2,2010,2,"eligible_MAP","ZA71FL","ZAF"
"36-47",1981,2,1981,2,"eligible_MAP","ZA71FL","ZAF"
"48-59",1916,0,1916,0,"eligible_MAP","ZA71FL","ZAF"
"<1",2612,61,2612,61,"regional_baseline","ZA71FL","ZAF"
"1-5",2349,23,2349,23,"regional_baseline","ZA71FL","ZAF"
"6-11",2334,12,2334,12,"regional_baseline","ZA71FL","ZAF"
"12-23",2059,3,2059,3,"regional_baseline","ZA71FL","ZAF"
"24-35",2010,2,2010,2,"regional_baseline","ZA71FL","ZAF"
"36-47",1981,2,1981,2,"regional_baseline","ZA71FL","ZAF"
"48-59",1916,0,1916,0,"regional_baseline","ZA71FL","ZAF"
"<1",3084,103,0,0,"eligible_MAP","ZM42FL","ZMB"
"1-5",2483,70,0,0,"eligible_MAP","ZM42FL","ZMB"
"6-11",2301,82,0,0,"eligible_MAP","ZM42FL","ZMB"
"12-23",1460,65,0,0,"eligible_MAP","ZM42FL","ZMB"
"24-35",1337,37,0,0,"eligible_MAP","ZM42FL","ZMB"
"36-47",1402,17,0,0,"eligible_MAP","ZM42FL","ZMB"
"48-59",1211,9,0,0,"eligible_MAP","ZM42FL","ZMB"
"<1",6399,205,0,0,"previous_primary","ZM51FL","ZMB"
"1-5",5735,107,0,0,"previous_primary","ZM51FL","ZMB"
"6-11",5385,96,0,0,"previous_primary","ZM51FL","ZMB"
"12-23",4451,89,0,0,"previous_primary","ZM51FL","ZMB"
"24-35",4298,73,0,0,"previous_primary","ZM51FL","ZMB"
"36-47",4123,27,0,0,"previous_primary","ZM51FL","ZMB"
"48-59",3867,17,0,0,"previous_primary","ZM51FL","ZMB"
"<1",6399,205,0,0,"eligible_MAP","ZM51FL","ZMB"
"1-5",5735,107,0,0,"eligible_MAP","ZM51FL","ZMB"
"6-11",5385,96,0,0,"eligible_MAP","ZM51FL","ZMB"
"12-23",4451,89,0,0,"eligible_MAP","ZM51FL","ZMB"
"24-35",4298,73,0,0,"eligible_MAP","ZM51FL","ZMB"
"36-47",4123,27,0,0,"eligible_MAP","ZM51FL","ZMB"
"48-59",3867,17,0,0,"eligible_MAP","ZM51FL","ZMB"
"<1",6399,205,0,0,"regional_baseline","ZM51FL","ZMB"
"1-5",5735,107,0,0,"regional_baseline","ZM51FL","ZMB"
"6-11",5385,96,0,0,"regional_baseline","ZM51FL","ZMB"
"12-23",4451,89,0,0,"regional_baseline","ZM51FL","ZMB"
"24-35",4298,73,0,0,"regional_baseline","ZM51FL","ZMB"
"36-47",4123,27,0,0,"regional_baseline","ZM51FL","ZMB"
"48-59",3867,17,0,0,"regional_baseline","ZM51FL","ZMB"
"<1",13571,321,71,1,"previous_primary","ZM61FL","ZMB"
"1-5",12353,113,0,0,"previous_primary","ZM61FL","ZMB"
"6-11",11974,144,0,0,"previous_primary","ZM61FL","ZMB"
"12-23",10418,148,0,0,"previous_primary","ZM61FL","ZMB"
"24-35",10361,94,0,0,"previous_primary","ZM61FL","ZMB"
"36-47",10162,49,0,0,"previous_primary","ZM61FL","ZMB"
"48-59",9669,36,0,0,"previous_primary","ZM61FL","ZMB"
"<1",13586,322,71,1,"eligible_MAP","ZM61FL","ZMB"
"1-5",12365,113,0,0,"eligible_MAP","ZM61FL","ZMB"
"6-11",11986,144,0,0,"eligible_MAP","ZM61FL","ZMB"
"12-23",10428,148,0,0,"eligible_MAP","ZM61FL","ZMB"
"24-35",10374,94,0,0,"eligible_MAP","ZM61FL","ZMB"
"36-47",10177,49,0,0,"eligible_MAP","ZM61FL","ZMB"
"48-59",9684,36,0,0,"eligible_MAP","ZM61FL","ZMB"
"<1",13586,322,71,1,"regional_baseline","ZM61FL","ZMB"
"1-5",12365,113,0,0,"regional_baseline","ZM61FL","ZMB"
"6-11",11986,144,0,0,"regional_baseline","ZM61FL","ZMB"
"12-23",10428,148,0,0,"regional_baseline","ZM61FL","ZMB"
"24-35",10374,94,0,0,"regional_baseline","ZM61FL","ZMB"
"36-47",10177,49,0,0,"regional_baseline","ZM61FL","ZMB"
"48-59",9684,36,0,0,"regional_baseline","ZM61FL","ZMB"
"<1",9936,267,9462,255,"previous_primary","ZM71FL","ZMB"
"1-5",8987,83,8471,80,"previous_primary","ZM71FL","ZMB"
"6-11",8714,48,8232,45,"previous_primary","ZM71FL","ZMB"
"12-23",7596,49,7146,47,"previous_primary","ZM71FL","ZMB"
"24-35",7532,36,7124,35,"previous_primary","ZM71FL","ZMB"
"36-47",7395,27,6911,22,"previous_primary","ZM71FL","ZMB"
"48-59",7404,18,6987,17,"previous_primary","ZM71FL","ZMB"
"<1",9936,267,9462,255,"eligible_MAP","ZM71FL","ZMB"
"1-5",8987,83,8471,80,"eligible_MAP","ZM71FL","ZMB"
"6-11",8714,48,8232,45,"eligible_MAP","ZM71FL","ZMB"
"12-23",7596,49,7146,47,"eligible_MAP","ZM71FL","ZMB"
"24-35",7532,36,7124,35,"eligible_MAP","ZM71FL","ZMB"
"36-47",7395,27,6911,22,"eligible_MAP","ZM71FL","ZMB"
"48-59",7404,18,6987,17,"eligible_MAP","ZM71FL","ZMB"
"<1",9936,267,9462,255,"regional_baseline","ZM71FL","ZMB"
"1-5",8987,83,8471,80,"regional_baseline","ZM71FL","ZMB"
"6-11",8714,48,8232,45,"regional_baseline","ZM71FL","ZMB"
"12-23",7596,49,7146,47,"regional_baseline","ZM71FL","ZMB"
"24-35",7532,36,7124,35,"regional_baseline","ZM71FL","ZMB"
"36-47",7395,27,6911,22,"regional_baseline","ZM71FL","ZMB"
"48-59",7404,18,6987,17,"regional_baseline","ZM71FL","ZMB"
"<1",8233,146,8233,146,"previous_primary","ZM81FL","ZMB"
"1-5",7919,56,7919,56,"previous_primary","ZM81FL","ZMB"
"6-11",7688,32,7688,32,"previous_primary","ZM81FL","ZMB"
"12-23",6755,37,6755,37,"previous_primary","ZM81FL","ZMB"
"24-35",6741,23,6741,23,"previous_primary","ZM81FL","ZMB"
"36-47",6661,11,6661,11,"previous_primary","ZM81FL","ZMB"
"48-59",6593,13,6593,13,"previous_primary","ZM81FL","ZMB"
"<1",8665,151,8233,146,"eligible_MAP","ZM81FL","ZMB"
"1-5",7945,57,7919,56,"eligible_MAP","ZM81FL","ZMB"
"6-11",7691,32,7688,32,"eligible_MAP","ZM81FL","ZMB"
"12-23",6755,37,6755,37,"eligible_MAP","ZM81FL","ZMB"
"24-35",6741,23,6741,23,"eligible_MAP","ZM81FL","ZMB"
"36-47",6661,11,6661,11,"eligible_MAP","ZM81FL","ZMB"
"48-59",6593,13,6593,13,"eligible_MAP","ZM81FL","ZMB"
"<1",8233,146,8233,146,"regional_baseline","ZM81FL","ZMB"
"1-5",7919,56,7919,56,"regional_baseline","ZM81FL","ZMB"
"6-11",7688,32,7688,32,"regional_baseline","ZM81FL","ZMB"
"12-23",6755,37,6755,37,"regional_baseline","ZM81FL","ZMB"
"24-35",6741,23,6741,23,"regional_baseline","ZM81FL","ZMB"
"36-47",6661,11,6661,11,"regional_baseline","ZM81FL","ZMB"
"48-59",6593,13,6593,13,"regional_baseline","ZM81FL","ZMB"
"<1",5285,128,0,0,"eligible_MAP","ZW52FL","ZWE"
"1-5",4743,118,0,0,"eligible_MAP","ZW52FL","ZWE"
"6-11",4507,57,0,0,"eligible_MAP","ZW52FL","ZWE"
"12-23",3912,37,0,0,"eligible_MAP","ZW52FL","ZWE"
"24-35",3899,22,0,0,"eligible_MAP","ZW52FL","ZWE"
"36-47",3780,19,0,0,"eligible_MAP","ZW52FL","ZWE"
"48-59",3611,11,0,0,"eligible_MAP","ZW52FL","ZWE"
"<1",1370,44,0,0,"previous_primary","ZW62FL","ZWE"
"1-5",838,12,0,0,"previous_primary","ZW62FL","ZWE"
"6-11",636,6,0,0,"previous_primary","ZW62FL","ZWE"
"12-23",52,2,0,0,"previous_primary","ZW62FL","ZWE"
"24-35",67,1,0,0,"previous_primary","ZW62FL","ZWE"
"36-47",54,0,0,0,"previous_primary","ZW62FL","ZWE"
"48-59",46,0,0,0,"previous_primary","ZW62FL","ZWE"
"<1",5570,150,0,0,"eligible_MAP","ZW62FL","ZWE"
"1-5",4869,74,0,0,"eligible_MAP","ZW62FL","ZWE"
"6-11",4482,53,0,0,"eligible_MAP","ZW62FL","ZWE"
"12-23",3798,60,0,0,"eligible_MAP","ZW62FL","ZWE"
"24-35",3673,35,0,0,"eligible_MAP","ZW62FL","ZWE"
"36-47",3542,8,0,0,"eligible_MAP","ZW62FL","ZWE"
"48-59",3400,3,0,0,"eligible_MAP","ZW62FL","ZWE"
"<1",1370,44,0,0,"regional_baseline","ZW62FL","ZWE"
"1-5",838,12,0,0,"regional_baseline","ZW62FL","ZWE"
"6-11",636,6,0,0,"regional_baseline","ZW62FL","ZWE"
"12-23",52,2,0,0,"regional_baseline","ZW62FL","ZWE"
"24-35",67,1,0,0,"regional_baseline","ZW62FL","ZWE"
"36-47",54,0,0,0,"regional_baseline","ZW62FL","ZWE"
"48-59",46,0,0,0,"regional_baseline","ZW62FL","ZWE"
"<1",5436,143,1868,47,"previous_primary","ZW72FL","ZWE"
"1-5",4915,56,1434,13,"previous_primary","ZW72FL","ZWE"
"6-11",4755,47,1301,10,"previous_primary","ZW72FL","ZWE"
"12-23",4168,43,796,11,"previous_primary","ZW72FL","ZWE"
"24-35",3956,16,800,4,"previous_primary","ZW72FL","ZWE"
"36-47",3754,8,780,2,"previous_primary","ZW72FL","ZWE"
"48-59",3516,8,755,0,"previous_primary","ZW72FL","ZWE"
"<1",5436,143,1868,47,"eligible_MAP","ZW72FL","ZWE"
"1-5",4915,56,1434,13,"eligible_MAP","ZW72FL","ZWE"
"6-11",4755,47,1301,10,"eligible_MAP","ZW72FL","ZWE"
"12-23",4168,43,796,11,"eligible_MAP","ZW72FL","ZWE"
"24-35",3956,16,800,4,"eligible_MAP","ZW72FL","ZWE"
"36-47",3754,8,780,2,"eligible_MAP","ZW72FL","ZWE"
"48-59",3516,8,755,0,"eligible_MAP","ZW72FL","ZWE"
"<1",5436,143,1868,47,"regional_baseline","ZW72FL","ZWE"
"1-5",4915,56,1434,13,"regional_baseline","ZW72FL","ZWE"
"6-11",4755,47,1301,10,"regional_baseline","ZW72FL","ZWE"
"12-23",4168,43,796,11,"regional_baseline","ZW72FL","ZWE"
"24-35",3956,16,800,4,"regional_baseline","ZW72FL","ZWE"
"36-47",3754,8,780,2,"regional_baseline","ZW72FL","ZWE"
"48-59",3516,8,755,0,"regional_baseline","ZW72FL","ZWE"
