"iso3","age_band","ihme_deaths","implied_person_years","ihme_rate_per100000","age_mapping","Location","pfpr_pct","population_weight_on_map","population_weight_within_raster","map_population_coverage_within_raster","legacy_density_weighted_pfpr_pct","status","map_coverage_below_95pct","exposure_year","population_weight_year","log_hr_zero_vs_current","log_hr_se","hr_zero_vs_current","hr_lower_95","hr_upper_95","monte_carlo_se_log_hr","imputations","attributable_fraction","af_lower_95","af_upper_95","counterfactual_rate_per100000","attributable_rate_per100000","attributable_rate_per100000_lower_95","attributable_rate_per100000_upper_95","counterfactual_deaths","attributable_deaths","attributable_deaths_lower_95","attributable_deaths_upper_95","zero_below_observed_support","current_pfpr_outside_central95","negative_attributable_estimate"
"AGO","<1",23103.789845721,96479.8497559802,23946.751476247,"0-27 days mapped to model <1 completed month","Angola",20.3401829769949,36741668,36847228,0.997135198338393,20.3387199328232,"estimated",FALSE,2024,2020,0.0346715564361535,0.0156558029811943,1.03527962202439,1.00395611986263,1.06758041967572,0.00146594554985045,10,-0.0352796220243889,-0.0675804196757248,-0.00395611986263256,24791.5838170409,-844.83234079397,-1618.33151463505,-94.7362191607061,23918.882818809,-815.092973087954,-1561.36381387358,-91.4013619107454,TRUE,FALSE,TRUE
"AGO","1-5",14004.8175195865,521268.253567234,2686.68145887388,"direct age match","Angola",20.3401829769949,36741668,36847228,0.997135198338393,20.3387199328232,"estimated",FALSE,2024,2020,-0.0231255247785523,0.019026004849056,0.977139820815195,0.941371754508197,1.01426691936553,0.000734125770928292,10,0.0228601791848047,-0.0142669193655292,0.0586282454918031,2625.26343931153,61.4180195623493,-38.3306677346159,157.515420129134,13684.6648816383,320.15263794824,-199.805602280891,821.077879606225,TRUE,FALSE,FALSE
"AGO","6-11",12587.0121600579,614246.449118055,2049.17947480698,"direct age match","Angola",20.3401829769949,36741668,36847228,0.997135198338393,20.3387199328232,"estimated",FALSE,2024,2020,-0.239529845554253,0.0505817199330712,0.786997784606366,0.712714630167123,0.869023150023026,0.00221959222982509,10,0.213002215393634,0.130976849976974,0.287285369832877,1612.69970693393,436.47976787305,268.395072647689,588.699283273866,9905.95068477897,2681.06147527894,1648.60720334626,3616.06444349316,TRUE,FALSE,FALSE
"AGO","12-23",9549.89195093778,1208533.89171182,790.204727929548,"direct age match","Angola",20.3401829769949,36741668,36847228,0.997135198338393,20.3387199328232,"estimated",FALSE,2024,2020,-0.497081369511301,0.0639354657924136,0.608303484440082,0.536629998411617,0.689549839325447,0.0045829653249582,10,0.391696515559918,0.310450160674553,0.463370001588383,480.684289420571,309.520438508977,245.31918475152,366.157166035862,5809.23254978175,3740.65940115604,2964.76549059326,4425.13344847493,TRUE,FALSE,FALSE
"AGO","24-35",6417.02182671434,1182276.57155054,542.768247390582,"IHME 2-4 rate shared; deaths and person-time divided equally","Angola",20.3401829769949,36741668,36847228,0.997135198338393,20.3387199328232,"estimated",FALSE,2024,2020,-0.756637622798776,0.0723576037792399,0.469241544527512,0.407184927046966,0.540755839631481,0.00441209725552796,10,0.530758455472488,0.459244160368519,0.592815072953034,254.689410726048,288.078836664535,249.263148047581,321.761198173438,3011.1332332342,3405.88859348014,2946.97980087589,3804.10726234487,TRUE,FALSE,FALSE
"AGO","36-47",6417.02182671434,1182276.57155054,542.768247390582,"IHME 2-4 rate shared; deaths and person-time divided equally","Angola",20.3401829769949,36741668,36847228,0.997135198338393,20.3387199328232,"estimated",FALSE,2024,2020,-0.561615165708311,0.0814922889523263,0.570287211229387,0.48610158851219,0.669052541645079,0.00173171977078402,10,0.429712788770613,0.330947458354921,0.51389841148781,309.533790148237,233.234457242345,179.627771949668,278.927740140043,3659.54548195502,2757.47634475931,2123.69706375916,3297.6973232311,TRUE,FALSE,FALSE
"AGO","48-59",6417.02182671434,1182276.57155054,542.768247390582,"IHME 2-4 rate shared; deaths and person-time divided equally","Angola",20.3401829769949,36741668,36847228,0.997135198338393,20.3387199328232,"estimated",FALSE,2024,2020,-0.581208138389644,0.0994769125485169,0.559222340303323,0.460160752917874,0.679609514525761,0.00126666449090324,10,0.440777659696677,0.320390485474239,0.539839247082126,303.528129548094,239.240117842488,173.897782281471,293.007602011417,3588.54196371269,2828.47986300164,2055.9527383598,3464.16023144303,TRUE,FALSE,FALSE
"BDI","<1",13625.5810549146,39065.0991915255,34879.1666651404,"0-27 days mapped to model <1 completed month","Burundi",23.4246685162394,10240924,11339513,0.903118502531811,23.5469084975939,"estimated",TRUE,2024,2020,0.0399182551656857,0.0179975108827606,1.04072569676547,1.00460970804554,1.07814006497622,0.00168982654827465,10,-0.0407256967654668,-0.0781400649762234,-0.00460970804554273,36299.6450301771,-1420.47836503668,-2725.46034953059,-160.782775198123,14180.4923372103,-554.91128229574,-1064.70378896982,-62.8099506140343,TRUE,FALSE,TRUE
"BDI","1-5",8031.47064184046,210042.134767365,3823.74262703805,"direct age match","Burundi",23.4246685162394,10240924,11339513,0.903118502531811,23.5469084975939,"estimated",TRUE,2024,2020,-0.0266307996279914,0.0219042274444407,0.973720673203878,0.932800574116746,1.01643585535138,0.000845560949943565,10,0.0262793267961215,-0.0164358553513808,0.0671994258832536,3723.25724495786,100.485382080193,-62.8464807189063,256.953309262281,7820.40900019007,211.061641650381,-132.004089728151,539.710216129885,TRUE,FALSE,FALSE
"BDI","6-11",5926.38470230452,246066.734160547,2408.44611626285,"direct age match","Burundi",23.4246685162394,10240924,11339513,0.903118502531811,23.5469084975939,"estimated",TRUE,2024,2020,-0.265250035931421,0.0532114722463277,0.767014144901641,0.691047169506972,0.851332187495865,0.00215784504829073,10,0.232985855098359,0.148667812504135,0.308952830493028,1847.31223840703,561.13387785582,358.058415638877,744.096244709347,4545.62089479627,1380.76380750825,881.062649749583,1830.97332836756,TRUE,FALSE,FALSE
"BDI","12-23",5913.73896196694,483573.035489104,1222.92570676228,"direct age match","Burundi",23.4246685162394,10240924,11339513,0.903118502531811,23.5469084975939,"estimated",TRUE,2024,2020,-0.538789849188395,0.0656642702293572,0.583453892523946,0.512974786933287,0.663616328468042,0.00431681426968336,10,0.416546107476054,0.336383671531958,0.487025213066713,713.52076387805,509.404942884229,411.37223925151,595.595652900659,3450.39401673013,2463.34494523681,1989.28522450803,2880.13997797287,TRUE,FALSE,FALSE
"BDI","24-35",3428.86029023329,467501.77067143,733.443273446585,"IHME 2-4 rate shared; deaths and person-time divided equally","Burundi",23.4246685162394,10240924,11339513,0.903118502531811,23.5469084975939,"estimated",TRUE,2024,2020,-0.810964013425407,0.074170597674297,0.444429423716463,0.384288456139753,0.513982425204874,0.00427481093368824,10,0.555570576283537,0.486017574795126,0.615711543860247,325.963771346582,407.479502100003,356.466321010308,451.58949022771,1523.88640279264,1904.97388744064,1666.48636257049,2111.18886298063,TRUE,FALSE,FALSE
"BDI","36-47",3428.86029023329,467501.77067143,733.443273446585,"IHME 2-4 rate shared; deaths and person-time divided equally","Burundi",23.4246685162394,10240924,11339513,0.903118502531811,23.5469084975939,"estimated",TRUE,2024,2020,-0.612762062025902,0.0839398803817136,0.54185217097364,0.459653831653666,0.638749761168242,0.00165874107963887,10,0.45814782902636,0.361250238831758,0.540346168346334,397.417830003045,336.02544344354,264.956557702125,396.313262506254,1857.93539222821,1570.92489800508,1238.67659876751,1852.77151962245,TRUE,FALSE,FALSE
"BDI","48-59",3428.86029023329,467501.77067143,733.443273446585,"IHME 2-4 rate shared; deaths and person-time divided equally","Burundi",23.4246685162394,10240924,11339513,0.903118502531811,23.5469084975939,"estimated",TRUE,2024,2020,-0.600189868328152,0.101905203594709,0.54870744403791,0.449364686808703,0.670012281741193,0.00136175601077804,10,0.45129255596209,0.329987718258807,0.550635313191297,402.445783919673,330.997489526912,242.027272276909,403.859766582311,1881.44116581699,1547.4191244163,1131.48178340231,1888.05155980181,TRUE,FALSE,FALSE
"BEN","<1",10370.6746224564,38905.462973035,26656.0884512394,"0-27 days mapped to model <1 completed month","Benin",36.4070797441475,13527325,13527325,1,36.2947064834239,"estimated",FALSE,2024,2020,0.0619771825045037,0.0277985319164963,1.06393806804899,1.0074490396611,1.12359451255679,0.00263463800753208,10,-0.0639380680489923,-0.123594512556793,-0.00744903966109933,28360.4272485547,-1704.3387973153,-3294.54625880169,-198.562260083054,11033.755522181,-663.080899724575,-1281.7584748476,-77.2515665750342,TRUE,FALSE,TRUE
"BEN","1-5",4404.79258584387,210479.059457462,2092.74623195191,"direct age match","Benin",36.4070797441475,13527325,13527325,1,36.2947064834239,"estimated",FALSE,2024,2020,-0.0413752588665069,0.034006479726879,0.959469013129195,0.897601423922795,1.02560085425432,0.00131477143141581,10,0.0405309868708051,-0.025600854254318,0.102398576077205,2007.92516190074,84.8210700511699,-53.5760912754741,214.294234242811,4226.26199537842,178.530590465458,-112.76645301069,451.044488705841,TRUE,FALSE,FALSE
"BEN","6-11",4854.89795617045,248054.163593172,1957.19268963082,"direct age match","Benin",36.4070797441475,13527325,13527325,1,36.2947064834239,"estimated",FALSE,2024,2020,-0.343705909914949,0.058134828099642,0.709137447678531,0.632769278499777,0.794722400070183,0.00169279946870475,10,0.290862552321469,0.205277599929817,0.367230721500223,1387.91862853988,569.274061090942,401.767817927598,718.741283528088,3442.78994537843,1412.10801079202,996.601800346844,1782.86767925443,TRUE,FALSE,FALSE
"BEN","12-23",4515.40258182857,485415.642237678,930.213653810863,"direct age match","Benin",36.4070797441475,13527325,13527325,1,36.2947064834239,"estimated",FALSE,2024,2020,-0.621197264085088,0.065138402551348,0.537300761441829,0.472900835548753,0.610470708750117,0.00232556645174898,10,0.462699238558171,0.389529291249883,0.527099164451247,499.804504496163,430.4091493147,362.34546527991,490.314839684848,2426.12924543289,2089.27333639568,1758.88156740758,2380.06492804284,TRUE,FALSE,FALSE
"BEN","24-35",3282.55442830281,463884.62574155,707.623026534978,"IHME 2-4 rate shared; deaths and person-time divided equally","Benin",36.4070797441475,13527325,13527325,1,36.2947064834239,"estimated",FALSE,2024,2020,-0.885734644629575,0.0724306248596276,0.412411086372316,0.357829033160799,0.475318904842367,0.00261198451938903,10,0.587588913627684,0.524681095157633,0.642170966839201,291.831581115356,415.791445419621,371.276424521131,454.414963107648,1353.76183785262,1928.79259045019,1722.29425235645,2107.96115092551,TRUE,FALSE,FALSE
"BEN","36-47",3282.55442830281,463884.62574155,707.623026534978,"IHME 2-4 rate shared; deaths and person-time divided equally","Benin",36.4070797441475,13527325,13527325,1,36.2947064834239,"estimated",FALSE,2024,2020,-0.712223518178396,0.083980458321067,0.490552232102912,0.416103090160669,0.578321810415373,0.000954209155108294,10,0.509447767897088,0.421678189584627,0.583896909839331,347.126055154152,360.496971380826,298.389196737664,413.178898524928,1610.26440180324,1672.29002649957,1384.18160853973,1916.67338706542,TRUE,FALSE,FALSE
"BEN","48-59",3282.55442830281,463884.62574155,707.623026534978,"IHME 2-4 rate shared; deaths and person-time divided equally","Benin",36.4070797441475,13527325,13527325,1,36.2947064834239,"estimated",FALSE,2024,2020,-0.536067562520045,0.100446318370165,0.585044385183401,0.480494775243096,0.712342673156969,0.00157835365670667,10,0.414955614816599,0.287657326843031,0.519505224756904,413.990878500774,293.632148034204,203.552948225627,367.613859443214,1920.44003733747,1362.11439096534,944.25083206234,1705.30417605222,TRUE,FALSE,FALSE
"BFA","<1",20394.1005743385,77755.2264757927,26228.5913097915,"0-27 days mapped to model <1 completed month","Burkina Faso",20.8912355688325,22752144,22752144,1,20.8674487845733,"estimated",FALSE,2024,2020,0.0356091474897377,0.016074718584608,1.03625074612345,1.00407200895217,1.06946075507275,0.00150590824111766,10,-0.0362507461234496,-0.0694607550727528,-0.00407200895217219,27179.3973145384,-950.806004746967,-1821.85775687276,-106.803058616337,21133.4019366749,-739.30136233644,-1416.58962492321,-83.0449601102062,TRUE,FALSE,TRUE
"BFA","1-5",8456.34007287264,420639.163537227,2010.35490888719,"direct age match","Burkina Faso",20.8912355688325,22752144,22752144,1,20.8674487845733,"estimated",FALSE,2024,2020,-0.023751799247587,0.0195403305155832,0.976528054679493,0.939834460355707,1.01465426285305,0.000754031610530986,10,0.0234719453205069,-0.0146542628530515,0.0601655396442933,1963.16796839097,47.1869404962127,-29.4602692627552,120.954087969752,8257.85332107056,198.486751802078,-123.921430202668,508.780263900045,TRUE,FALSE,FALSE
"BFA","6-11",6488.56180636557,492588.025067039,1317.23904686528,"direct age match","Burkina Faso",20.8912355688325,22752144,22752144,1,20.8674487845733,"estimated",FALSE,2024,2020,-0.244379183729242,0.0511436128997176,0.783190604817813,0.708486286867176,0.865771906732596,0.00221624704894351,10,0.216809395182187,0.134228093267404,0.291513713132824,1031.64924580406,285.589801061221,176.810485638099,383.993245635239,5081.78064552521,1406.78116084036,870.947279316154,1891.50474506545,TRUE,FALSE,FALSE
"BFA","12-23",7753.95745860433,949829.450358984,816.352604741172,"direct age match","Burkina Faso",20.8912355688325,22752144,22752144,1,20.8674487845733,"estimated",FALSE,2024,2020,-0.505337677047954,0.064389767318932,0.603301819849634,0.531745244465343,0.684487712155933,0.00455536055421779,10,0.396698180150366,0.315512287844067,0.468254755534657,492.507012079338,323.845592661834,257.569278009351,382.260989363158,4677.97664581263,3075.9808127917,2446.46885760982,3630.8274542049,TRUE,FALSE,FALSE
"BFA","24-35",3797.02021333418,874324.341469841,434.280510474059,"IHME 2-4 rate shared; deaths and person-time divided equally","Burkina Faso",20.8912355688325,22752144,22752144,1,20.8674487845733,"estimated",FALSE,2024,2020,-0.767763116557727,0.0728505748978481,0.46404993381859,0.402291359679387,0.535289500745574,0.00440471622682503,10,0.53595006618141,0.464710499254426,0.597708640320613,201.527842144191,232.752668329869,201.814712838867,259.573213433192,1762.00697870558,2035.01323462861,1764.51515901767,2269.51178898186,TRUE,FALSE,FALSE
"BFA","36-47",3797.02021333418,874324.341469841,434.280510474059,"IHME 2-4 rate shared; deaths and person-time divided equally","Burkina Faso",20.8912355688325,22752144,22752144,1,20.8674487845733,"estimated",FALSE,2024,2020,-0.571605961318107,0.0821099818196992,0.564617955606994,0.480686936967737,0.663203867791435,0.00172575211490407,10,0.435382044393006,0.336796132208565,0.519313063032263,245.202573983825,189.077936490234,146.263996221224,225.527542109498,2143.86579025118,1653.15442308301,1278.82172176869,1971.84219738199,TRUE,FALSE,FALSE
"BFA","48-59",3797.02021333418,874324.341469841,434.280510474059,"IHME 2-4 rate shared; deaths and person-time divided equally","Burkina Faso",20.8912355688325,22752144,22752144,1,20.8674487845733,"estimated",FALSE,2024,2020,-0.586165488585125,0.100136055981988,0.556456939518745,0.457294059547987,0.677123000120833,0.00128576370214765,10,0.443543060481255,0.322876999879167,0.542705940452013,241.658403751033,192.622106723026,140.219188327857,235.686612856805,2112.87824720275,1684.14196613143,1225.9704949619,2060.66542579283,TRUE,FALSE,FALSE
"BWA","<1",361.573212357219,3696.88168369423,9780.49186567163,"0-27 days mapped to model <1 completed month","Botswana",0.0785030798269115,1200011,2399993,0.500006041684288,0.0693041851554974,"estimated",TRUE,2024,2020,0.000133934955311698,6.08558921375903e-05,1.000133943925,1.00001451628463,1.00025338582812,5.64058026451908e-06,10,-0.000133943924998325,-0.000253385828122177,-1.45162846285629e-05,9781.80190314053,-1.31003746890225,-2.47823803082542,-0.141976403729434,361.621642892456,-0.0484305352373789,-0.0916175278399295,-0.00524869966464121,TRUE,TRUE,TRUE
"BWA","1-5",355.470850680171,20206.3560387447,1759.20314379581,"direct age match","Botswana",0.0785030798269115,1200011,2399993,0.500006041684288,0.0693041851554974,"estimated",TRUE,2024,2020,-8.92693637530938e-05,7.35233917038572e-05,0.999910734620638,0.999766649503648,1.00005484050299,2.83217706026328e-06,10,8.92653793620468e-05,-5.48405029947574e-05,0.000233350496352314,1759.04610785981,0.157035936005839,-0.0964755852757208,0.410510926789303,355.439119439833,0.031731240338115,-0.0194942002512749,0.0829492994449971,TRUE,TRUE,FALSE
"BWA","6-11",186.875061084911,23887.5147144379,782.312698993176,"direct age match","Botswana",0.0785030798269115,1200011,2399993,0.500006041684288,0.0693041851554974,"estimated",TRUE,2024,2020,-0.00103805644996946,0.000256182150344213,0.998962482144247,0.998460964118406,0.999464252078114,1.31757585578851e-05,10,0.00103751785575268,0.000535747921885821,0.00153903588159376,781.501035599189,0.811663393987491,0.419122402750482,1.20400731437696,186.68117487224,0.193886212670468,0.100117925628527,0.287607424384704,TRUE,TRUE,FALSE
"BWA","12-23",144.522878150639,48383.8834227258,298.700451321683,"direct age match","Botswana",0.0785030798269115,1200011,2399993,0.500006041684288,0.0693041851554974,"estimated",TRUE,2024,2020,-0.00227947135285067,0.000341792412989847,0.99772312466908,0.9970544515818,0.998392246200972,2.84392875354333e-05,10,0.00227687533092025,0.00160775379902756,0.00294554841820005,298.020347632734,0.680103688949084,0.480236785383681,0.879836641906224,144.193817574624,0.329060576014783,0.232357206393086,0.425699135130333,TRUE,TRUE,FALSE
"BWA","24-35",41.2703611195353,49673.8975029083,83.0825910471772,"IHME 2-4 rate shared; deaths and person-time divided equally","Botswana",0.0785030798269115,1200011,2399993,0.500006041684288,0.0693041851554974,"estimated",TRUE,2024,2020,-0.00357035636171353,0.000387862972522558,0.99643600978184,0.995678562583482,0.99719403319654,2.59512662072314e-05,10,0.00356399021815945,0.00280596680345946,0.00432143741651825,82.7864855053858,0.296105541791482,0.233126992423777,0.359036217612556,41.1232739562054,0.147087163329932,0.1158032632682,0.17834728273518,TRUE,TRUE,FALSE
"BWA","36-47",41.2703611195353,49673.8975029083,83.0825910471772,"IHME 2-4 rate shared; deaths and person-time divided equally","Botswana",0.0785030798269115,1200011,2399993,0.500006041684288,0.0693041851554974,"estimated",TRUE,2024,2020,-0.00252828675847622,0.000433013460339314,0.997474906666625,0.996628713415794,0.998321818382626,1.04193403923111e-05,10,0.0025250933333747,0.00167818161737399,0.00337128658420582,82.8727997504045,0.209791296772723,0.139427677019173,0.280095224578408,41.1661496058064,0.104211513728905,0.0692591613731902,0.139134214767619,TRUE,TRUE,FALSE
"BWA","48-59",41.2703611195353,49673.8975029083,83.0825910471772,"IHME 2-4 rate shared; deaths and person-time divided equally","Botswana",0.0785030798269115,1200011,2399993,0.500006041684288,0.0693041851554974,"estimated",TRUE,2024,2020,-0.00299324797023584,0.0005362108756471,0.997011227330128,0.99596396453555,0.998059591328565,5.96910206251736e-06,10,0.00298877266987163,0.00194040867143475,0.00403603546444986,82.8342760697133,0.248314977463925,0.16121418011321,0.335324283944792,41.1470133921455,0.1233477273898,0.0800813665895897,0.166568641109097,TRUE,TRUE,FALSE
"CAF","<1",9300.39391375339,21230.3397042316,43807.0894923065,"0-27 days mapped to model <1 completed month","Central African Republic",33.7356038277751,5328369.5,5328369.5,1,33.7126920376516,"estimated",FALSE,2024,2020,0.0574396015604267,0.025787355322353,1.05912129944907,1.0068546712627,1.11410112994748,0.00244018515179039,10,-0.0591212994490657,-0.114101129947482,-0.00685467126270223,46397.0215481731,-2589.93205586667,-4998.43841078265,-300.283197445538,9850.24528732267,-549.851373569283,-1061.18545451595,-63.7511428924161,TRUE,FALSE,TRUE
"CAF","1-5",6385.50969065786,114332.861236093,5585.01695979777,"direct age match","Central African Republic",33.7356038277751,5328369.5,5328369.5,1,33.7126920376516,"estimated",FALSE,2024,2020,-0.0383426224985145,0.031517328836593,0.962383150278107,0.904730928896533,1.02370914750184,0.00121821369357037,10,0.0376168497218927,-0.0237091475018358,0.0952690711034668,5374.92621612684,210.090743670935,-132.4159909001,532.079377857042,6145.30693222669,240.202758431166,-151.394991130209,608.34157675116,TRUE,FALSE,FALSE
"CAF","6-11",4947.95283222689,133518.416951263,3705.82047421443,"direct age match","Central African Republic",33.7356038277751,5328369.5,5328369.5,1,33.7126920376516,"estimated",FALSE,2024,2020,-0.330561352088047,0.0574088116141816,0.718520277344071,0.642054543108611,0.804092727784448,0.00171713800121176,10,0.281479722655929,0.195907272215552,0.357945456891389,2662.70715491989,1043.11331929454,725.997180423893,1326.48160280015,3555.20444129705,1392.74839092984,969.339942412786,1771.0972372085,TRUE,FALSE,FALSE
"CAF","12-23",2318.4496928125,257654.050349292,899.830485749966,"direct age match","Central African Republic",33.7356038277751,5328369.5,5328369.5,1,33.7126920376516,"estimated",FALSE,2024,2020,-0.613446612559836,0.0652440833577983,0.541481372710241,0.476480826286377,0.615349161638553,0.00258515794581714,10,0.458518627289759,0.384650838361447,0.523519173713623,487.241446630415,412.589039119551,346.120550726913,471.07851238215,1255.39732222375,1063.05237058875,891.793618039167,1213.7528674778,TRUE,FALSE,FALSE
"CAF","24-35",2393.10803930707,237600.529923188,1007.19810687321,"IHME 2-4 rate shared; deaths and person-time divided equally","Central African Republic",33.7356038277751,5328369.5,5328369.5,1,33.7126920376516,"estimated",FALSE,2024,2020,-0.884027290158256,0.0728289655050014,0.413115819728284,0.358159987853325,0.47650403813299,0.00292687312231804,10,0.586884180271716,0.52349596186701,0.641840012146675,416.089471549704,591.108635323511,527.264141748225,646.460045149612,988.630789356688,1404.47724995039,1252.78239488873,1535.99249301716,TRUE,FALSE,FALSE
"CAF","36-47",2393.10803930707,237600.529923188,1007.19810687321,"IHME 2-4 rate shared; deaths and person-time divided equally","Central African Republic",33.7356038277751,5328369.5,5328369.5,1,33.7126920376516,"estimated",FALSE,2024,2020,-0.705719764267412,0.0841382173962759,0.493753060518561,0.418688651342695,0.582275359003945,0.00107211442836533,10,0.506246939481439,0.417724640996055,0.581311348657305,497.30714781715,509.890959056065,420.73146760552,585.495689871553,1181.60441855944,1211.50362074763,999.66019658432,1391.14086181223,TRUE,FALSE,FALSE
"CAF","48-59",2393.10803930707,237600.529923188,1007.19810687321,"IHME 2-4 rate shared; deaths and person-time divided equally","Central African Republic",33.7356038277751,5328369.5,5328369.5,1,33.7126920376516,"estimated",FALSE,2024,2020,-0.558020392068667,0.100802909713326,0.572340953821601,0.469733088850225,0.69736234299191,0.00154411079742856,10,0.427659046178399,0.30263765700809,0.530266911149776,576.460725175126,430.737381698088,304.816075207093,534.083829047561,1369.67373781515,1023.43430149192,724.244609983116,1268.98600805106,TRUE,FALSE,FALSE
"CIV","<1",29171.8535630319,85882.751519448,33967.0691109914,"0-27 days mapped to model <1 completed month","Cote d'Ivoire",21.6015841554766,27757124,27783660,0.999044906250652,21.6145073637869,"estimated",FALSE,2024,2020,0.0368176044690384,0.0166143463307751,1.03750376752865,1.00422200350929,1.07188855041472,0.00155744652952144,10,-0.0375037675286498,-0.07188855041472,-0.00422200350929347,35240.9621745596,-1273.8930635682,-2441.84336022578,-143.40908498702,30265.9079774397,-1094.05441440776,-2097.12226555685,-123.163668115716,TRUE,FALSE,TRUE
"CIV","1-5",13963.6947725235,464000.371071727,3009.41457013726,"direct age match","Cote d'Ivoire",21.6015841554766,27757124,27783660,0.999044906250652,21.6145073637869,"estimated",FALSE,2024,2020,-0.0245590856690281,0.0202032512809481,0.9757400349624,0.937856656436673,1.01515365839141,0.000779693367113004,10,0.0242599650376004,-0.01515365839141,0.0621433435633267,2936.40627788208,73.0082922551752,-45.6036403539921,187.015083556521,13624.9360255464,338.758746977144,-211.601060464739,867.750681662357,TRUE,FALSE,FALSE
"CIV","6-11",10004.8549002906,545013.687630251,1835.70708908105,"direct age match","Cote d'Ivoire",21.6015841554766,27757124,27783660,0.999044906250652,21.6145073637869,"estimated",FALSE,2024,2020,-0.250462957899864,0.0518034518588187,0.778440314543776,0.703279210047783,0.861634063185007,0.00220654868121741,10,0.221559685456224,0.138365936814993,0.296720789952217,1428.9884038345,406.718685246558,253.999331098624,544.692457593015,7788.18239554705,2216.67250474354,1384.33112097678,2968.64844937153,TRUE,FALSE,FALSE
"CIV","12-23",9612.16851986281,1063074.93805465,904.185413067156,"direct age match","Cote d'Ivoire",21.6015841554766,27757124,27783660,0.999044906250652,21.6145073637869,"estimated",FALSE,2024,2020,-0.515450338284997,0.0648728131855624,0.597231577804004,0.52589858171409,0.678240196738496,0.00450604499462046,10,0.402768422195996,0.321759803261504,0.47410141828591,540.008080873463,364.177332193693,290.93052062041,428.67558672857,5740.69057123565,3871.47794862716,3092.80945186748,4557.14272807013,TRUE,FALSE,FALSE
"CIV","24-35",4465.64619830647,990798.669735639,450.711767658911,"IHME 2-4 rate shared; deaths and person-time divided equally","Cote d'Ivoire",21.6015841554766,27757124,27783660,0.999044906250652,21.6145073637869,"estimated",FALSE,2024,2020,-0.781163959250746,0.0733670438859159,0.457872755791816,0.396535167498659,0.528698278689495,0.00438347616865061,10,0.542127244208184,0.471301721310505,0.60346483250134,206.368639125786,244.343128533125,212.421231912545,271.988701376668,2044.69773120983,2420.94846709664,2104.66674002555,2694.86043507126,TRUE,FALSE,FALSE
"CIV","36-47",4465.64619830647,990798.669735639,450.711767658911,"IHME 2-4 rate shared; deaths and person-time divided equally","Cote d'Ivoire",21.6015841554766,27757124,27783660,0.999044906250652,21.6145073637869,"estimated",FALSE,2024,2020,-0.58393131909138,0.0827790238845957,0.55770154845355,0.474176478546755,0.655939362704637,0.00171321539099295,10,0.44229845154645,0.344060637295363,0.525823521453245,251.362650729611,199.349116929299,155.072178017244,236.994848830825,2490.49779964123,1975.14839866524,1536.45307692494,2348.1418095578,TRUE,FALSE,FALSE
"CIV","48-59",4465.64619830647,990798.669735639,450.711767658911,"IHME 2-4 rate shared; deaths and person-time divided equally","Cote d'Ivoire",21.6015841554766,27757124,27783660,0.999044906250652,21.6145073637869,"estimated",FALSE,2024,2020,-0.591505220962524,0.100825827092227,0.553493527337401,0.454244217245256,0.674428144979534,0.00130895860397364,10,0.446506472662599,0.325571855020466,0.545755782754744,249.466046094006,201.245721564905,146.739066276265,245.978553555463,2471.7062661415,1993.93993216497,1453.88871664773,2437.15223646249,TRUE,FALSE,FALSE
"CMR","<1",24492.0092226928,81189.7828506075,30166.3686769049,"0-27 days mapped to model <1 completed month","Cameroon",25.1740174516115,28456054,28622398,0.994188327616715,25.1747465384929,"estimated",FALSE,2024,2020,0.0428925139491733,0.0193226858259153,1.04382569211921,1.00498488466371,1.08416762496159,0.00181697802715562,10,-0.0438256921192091,-0.0841676249615875,-0.00498488466370661,31488.4306628935,-1322.06198598859,-2539.03160525071,-150.375868577223,25565.3884782673,-1073.37925557456,-2061.43424681135,-122.089841157562,TRUE,FALSE,TRUE
"CMR","1-5",10877.3979642973,439377.553711787,2475.6380639855,"direct age match","Cameroon",25.1740174516115,28456054,28622398,0.994188327616715,25.1747465384929,"estimated",FALSE,2024,2020,-0.0286184914952934,0.023535958680068,0.971787138812623,0.927975644734383,1.01766705680291,0.00090877336215589,10,0.0282128611873773,-0.0176670568029109,0.0720243552656168,2405.79323093609,69.8448330494106,-43.7372382998803,178.306235429576,10570.5154454508,306.882518846582,-192.171607703109,783.437575346049,TRUE,FALSE,FALSE
"CMR","6-11",10673.3827934628,518304.935157002,2059.28635239209,"direct age match","Cameroon",25.1740174516115,28456054,28622398,0.994188327616715,25.1747465384929,"estimated",FALSE,2024,2020,-0.278388280763293,0.0542581506188706,0.757002834804824,0.680630239643666,0.841945095184947,0.00208660520155338,10,0.242997165195176,0.158054904815053,0.319369760356334,1558.8856064357,500.400745956391,325.480308414269,657.67378886853,8079.78103160837,2593.60176185443,1686.98050147539,3408.75570493963,TRUE,FALSE,FALSE
"CMR","12-23",10911.6649484588,1025473.6210982,1064.06100790514,"direct age match","Cameroon",25.1740174516115,28456054,28622398,0.994188327616715,25.1747465384929,"estimated",FALSE,2024,2020,-0.557872417206638,0.0659608165107578,0.572425652161734,0.50299068351811,0.6514457185587,0.00406622567986133,10,0.427574347838266,0.3485542814413,0.49700931648189,609.095816389971,454.965191515167,370.883020020081,528.848234233964,6246.11692429188,4665.54802416695,3803.30753543828,5423.19913771292,TRUE,FALSE,FALSE
"CMR","24-35",6401.50157844869,1005131.43363267,636.882039925152,"IHME 2-4 rate shared; deaths and person-time divided equally","Cameroon",25.1740174516115,28456054,28622398,0.994188327616715,25.1747465384929,"estimated",FALSE,2024,2020,-0.833826312690177,0.0743985928636005,0.434384013362993,0.375436112895595,0.50258742988268,0.00410921542717363,10,0.565615986637007,0.49741257011732,0.624563887104405,276.651376541497,360.230663383655,316.793132340732,397.773522482636,2780.70994719607,3620.79163125261,3184.18735274624,3998.14670914089,TRUE,FALSE,FALSE
"CMR","36-47",6401.50157844869,1005131.43363267,636.882039925152,"IHME 2-4 rate shared; deaths and person-time divided equally","Cameroon",25.1740174516115,28456054,28622398,0.994188327616715,25.1747465384929,"estimated",FALSE,2024,2020,-0.636732132944879,0.0844770505867848,0.529018364119415,0.448294704401441,0.624277795003732,0.00158143175717762,10,0.470981635880585,0.375722204996268,0.551705295598559,336.92229489824,299.959745026912,239.290724363199,351.371194098319,3386.51189293878,3014.98968550991,2405.18628834183,3531.74232061267,TRUE,FALSE,FALSE
"CMR","48-59",6401.50157844869,1005131.43363267,636.882039925152,"IHME 2-4 rate shared; deaths and person-time divided equally","Cameroon",25.1740174516115,28456054,28622398,0.994188327616715,25.1747465384929,"estimated",FALSE,2024,2020,-0.602475598318209,0.102241587756827,0.547454679263741,0.448043235169292,0.668923448279544,0.00140445260423775,10,0.452545320736259,0.331076551720456,0.551956764830708,348.664052896061,288.217987029091,210.856709631109,351.531350335869,3504.53199343596,2896.96958501273,2119.38706842585,3533.35210129921,TRUE,FALSE,FALSE
"COD","<1",57081.4890072954,233903.858255135,24403.8253293935,"0-27 days mapped to model <1 completed month","Democratic Republic of the Congo",36.0589155594133,111559528,115257392,0.967916469947541,36.0595229709644,"estimated",FALSE,2024,2020,0.0613858201221491,0.02753657621759,1.06330908109633,1.00737125915894,1.12235304676639,0.00260930295590078,10,-0.0633090810963346,-0.122353046766388,-0.0073712591589421,25948.8090862329,-1544.98375683936,-2985.88238180605,-179.886920972515,60695.2656239577,-3613.77661666239,-6984.09409400467,-420.762448651079,TRUE,FALSE,TRUE
"COD","1-5",37739.5575580428,1259993.15769549,2995.21924603686,"direct age match","Democratic Republic of the Congo",36.0589155594133,111559528,115257392,0.967916469947541,36.0595229709644,"estimated",FALSE,2024,2020,-0.0409800743411326,0.0336821091700652,0.959848255366156,0.898527294576674,1.02535413102115,0.00130218778133344,10,0.0401517446338442,-0.0253541310211529,0.101472705423326,2874.95596774761,120.263278289247,-75.9411812010974,303.933000231374,36224.248480378,1515.3090776648,-956.85368700696,3829.53500689393,TRUE,FALSE,FALSE
"COD","6-11",36734.8272721318,1490994.29373468,2463.78054071001,"direct age match","Democratic Republic of the Congo",36.0589155594133,111559528,115257392,0.967916469947541,36.0595229709644,"estimated",FALSE,2024,2020,-0.342055011645596,0.0580446365636853,0.710309128360327,0.633926826275257,0.795894789303224,0.00169253442376057,10,0.289690871639673,0.204105210696776,0.366073173724743,1750.04580834287,713.734732367149,502.870446372234,901.923961898977,26093.0831401351,10641.7441319967,7497.76966028813,13447.6348057395,TRUE,FALSE,FALSE
"COD","12-23",24710.7895108883,2924992.95519841,844.815351331746,"direct age match","Democratic Republic of the Congo",36.0589155594133,111559528,115257392,0.967916469947541,36.0595229709644,"estimated",FALSE,2024,2020,-0.620371846266666,0.0651426088532218,0.537744442149965,0.47328737180507,0.610979929509456,0.00234854760303402,10,0.462255557850035,0.389020070490544,0.52671262819493,454.294759821616,390.520591510129,328.650127526569,444.974914039367,13288.0897206178,11422.6997902704,9612.99307740275,13015.4848880517,TRUE,FALSE,FALSE
"COD","24-35",17109.2762913152,2857406.0326041,598.769516690725,"IHME 2-4 rate shared; deaths and person-time divided equally","Democratic Republic of the Congo",36.0589155594133,111559528,115257392,0.967916469947541,36.0595229709644,"estimated",FALSE,2024,2020,-0.885729823803863,0.0724711335360356,0.412413074539078,0.357802273254451,0.475359037000358,0.00264784903358907,10,0.587586925460923,0.524640962999642,0.642197726745549,246.940377318699,351.829139372026,314.139015851452,384.528422463315,7056.08923843985,10053.1870528754,8976.22718970255,10987.5383405441,TRUE,FALSE,FALSE
"COD","36-47",17109.2762913152,2857406.0326041,598.769516690725,"IHME 2-4 rate shared; deaths and person-time divided equally","Democratic Republic of the Congo",36.0589155594133,111559528,115257392,0.967916469947541,36.0595229709644,"estimated",FALSE,2024,2020,-0.711749084182059,0.0839957839620256,0.490785021976149,0.416288044939728,0.578613632373237,0.0009667425878601,10,0.509214978023851,0.421386367626763,0.583711955060272,293.867110407706,304.902406283019,252.313311683937,349.508925218037,8396.97654062914,8712.29975068606,7209.61578912001,9986.88911366996,TRUE,FALSE,FALSE
"COD","48-59",17109.2762913152,2857406.0326041,598.769516690725,"IHME 2-4 rate shared; deaths and person-time divided equally","Democratic Republic of the Congo",36.0589155594133,111559528,115257392,0.967916469947541,36.0595229709644,"estimated",FALSE,2024,2020,-0.538901602710357,0.100485820686402,0.583388693139752,0.479097868017256,0.71038171948419,0.00157385559885546,10,0.416611306860248,0.28961828051581,0.520902131982744,349.315365834123,249.454150856602,173.41459784925,311.900317810476,9981.35833615732,7127.91795515788,4955.15918036063,8912.2584968279,TRUE,FALSE,FALSE
"COG","<1",2647.84196540774,11196.2931340082,23649.2733239097,"0-27 days mapped to model <1 completed month","Congo",23.0367800311056,4340691,4342394.5,0.999607704919486,23.1096800626508,"estimated",FALSE,2024,2020,0.0392586380551267,0.0177034185193957,1.04003944264584,1.00452691452614,1.07680742707559,0.00166164856512217,10,-0.0400394426458437,-0.0768074270755916,-0.00452691452614173,24596.1770467782,-946.903722868562,-1816.43983621693,-107.058238942703,2753.86008191694,-106.018116509201,-203.373928665746,-11.986554256132,TRUE,FALSE,TRUE
"COG","1-5",1403.23265162331,60681.276651529,2312.46395767442,"direct age match","Congo",23.0367800311056,4340691,4342394.5,0.999607704919486,23.1096800626508,"estimated",FALSE,2024,2020,-0.026190031269054,0.0215423622887253,0.97414995306661,0.933873946381121,1.01616297867292,0.000831545782875097,10,0.0258500469333898,-0.0161629786729247,0.0661260536188791,2252.68665583676,59.777301837656,-37.3763056297987,152.914115656904,1366.95902172038,36.2736299029275,-22.6804194213391,92.7902375610048,TRUE,FALSE,FALSE
"COG","6-11",1164.2550996278,71579.517071661,1626.51991415675,"direct age match","Congo",23.0367800311056,4340691,4342394.5,0.999607704919486,23.1096800626508,"estimated",FALSE,2024,2020,-0.26220048116357,0.0529425080607101,0.769356766705491,0.693523147013435,0.853482449756016,0.00217073927711559,10,0.230643233294509,0.146517550243984,0.306476852986565,1251.37410213773,375.14581201902,238.313713245303,498.49070461074,895.727539070022,268.527560557776,170.583805056531,356.817239007488,TRUE,FALSE,FALSE
"COG","12-23",902.145812001262,145173.386522635,621.426442966254,"direct age match","Congo",23.0367800311056,4340691,4342394.5,0.999607704919486,23.1096800626508,"estimated",FALSE,2024,2020,-0.534129109796333,0.0655433229531387,0.586179565957021,0.51549238092252,0.66655977132125,0.00436393650675982,10,0.413820434042979,0.33344022867875,0.48450761907748,364.267482612174,257.15896035408,207.20857524969,301.085846313367,528.819440508844,373.326371492418,300.811705855277,437.096519433451,TRUE,FALSE,FALSE
"COG","24-35",557.759314244693,153124.510004818,364.252146326634,"IHME 2-4 rate shared; deaths and person-time divided equally","Congo",23.0367800311056,4340691,4342394.5,0.999607704919486,23.1096800626508,"estimated",FALSE,2024,2020,-0.805155672505157,0.0740550619322695,0.447018332678871,0.386614240282406,0.516859879773268,0.00430392797232005,10,0.552981667321129,0.483140120226732,0.613385759717594,162.827387125632,201.424759201002,175.984825769095,223.427079503327,249.328638689773,308.43067555492,269.47590214176,342.121620707545,TRUE,FALSE,FALSE
"COG","36-47",557.759314244693,153124.510004818,364.252146326634,"IHME 2-4 rate shared; deaths and person-time divided equally","Congo",23.0367800311056,4340691,4342394.5,0.999607704919486,23.1096800626508,"estimated",FALSE,2024,2020,-0.606961294113452,0.0837518366273736,0.545004463680244,0.462498343968552,0.642229035638639,0.00167279249328107,10,0.454995536319756,0.357770964361361,0.537501656031448,198.519045653125,165.733100673509,130.318841661976,195.786131863575,303.98131592259,253.777998322103,199.550087738855,299.796555073487,TRUE,FALSE,FALSE
"COG","48-59",557.759314244693,153124.510004818,364.252146326634,"IHME 2-4 rate shared; deaths and person-time divided equally","Congo",23.0367800311056,4340691,4342394.5,0.999607704919486,23.1096800626508,"estimated",FALSE,2024,2020,-0.598913886563807,0.101747974615974,0.549408031603888,0.45007711093567,0.670661044200495,0.00135128260668921,10,0.450591968396112,0.329338955799505,0.54992288906433,200.123054720808,164.129091605827,119.962421518942,200.310592655826,306.437446947911,251.321867296782,183.691870140795,306.724613491981,TRUE,FALSE,FALSE
"COM","<1",455.163782445814,1721.34196546306,26442.3799325295,"0-27 days mapped to model <1 completed month","Comoros",2.05693091322994,862191.125,881698.6875,0.977875023773357,2.0569309592247,"estimated",FALSE,2024,2020,0.00350932071010848,0.00159441019066476,1.00351548558543,1.00038064734443,1.00666014729795,0.000147798516190322,10,-0.00351548558543047,-0.00666014729795106,-0.000380647344428775,26535.3377380268,-92.9578054972833,-176.110145259032,-10.0652217016941,456.763904162013,-1.60012171619827,-3.03145783578167,-0.173256885068156,TRUE,FALSE,TRUE
"COM","1-5",192.45426939921,9324.95026628169,2063.86376230992,"direct age match","Comoros",2.05693091322994,862191.125,881698.6875,0.977875023773357,2.0569309592247,"estimated",FALSE,2024,2020,-0.00233902390007492,0.0019264257088594,0.997663709484761,0.993903773649989,1.0014378691487,7.4208769608294e-05,10,0.00233629051523854,-0.00143786914869781,0.00609622635001106,2059.04197697729,4.8217853326292,-2.96756603094083,12.5817806506267,192.004640314996,0.449629084214538,-0.276724056504302,1.17324478828359,TRUE,FALSE,FALSE
"COM","6-11",134.870877855202,10936.7653970538,1233.18799442781,"direct age match","Comoros",2.05693091322994,862191.125,881698.6875,0.977875023773357,2.0569309592247,"estimated",FALSE,2024,2020,-0.0271692922666034,0.00669559983466941,0.973196472940952,0.960507090489153,0.986053496452981,0.000343991930662381,10,0.0268035270590478,0.0139465035470187,0.0394929095108468,1200.13420665027,33.0537877775387,17.1986607384283,48.7021818738002,131.255862631133,3.61501522406944,1.8809771763971,5.32644337478397,TRUE,FALSE,FALSE
"COM","12-23",95.8178417895943,21624.3529319146,443.101544315715,"direct age match","Comoros",2.05693091322994,862191.125,881698.6875,0.977875023773357,2.0569309592247,"estimated",FALSE,2024,2020,-0.0596318929693848,0.00892964243736806,0.942111267543934,0.925753496946494,0.958758074758358,0.000742318307770178,10,0.057888732456066,0.0412419252416425,0.0742465030535056,417.450957565953,25.6505867497621,18.2743607651251,32.8987401630498,90.2710683817188,5.54677340787548,3.95171226790198,7.11413968301143,TRUE,FALSE,FALSE
"COM","24-35",37.6859920800678,21066.3241950049,178.892111083165,"IHME 2-4 rate shared; deaths and person-time divided equally","Comoros",2.05693091322994,862191.125,881698.6875,0.977875023773357,2.0569309592247,"estimated",FALSE,2024,2020,-0.093379760985555,0.0101331665927178,0.910847530251557,0.892930197548612,0.929124388046239,0.00067762099104942,10,0.0891524697484427,0.0708756119537607,0.107069802451388,162.943437561588,15.9486735215769,12.6790878467194,19.1539429937862,34.3261928112095,3.3597992688583,2.67101775075939,4.03503172719744,TRUE,FALSE,FALSE
"COM","36-47",37.6859920800678,21066.3241950049,178.892111083165,"IHME 2-4 rate shared; deaths and person-time divided equally","Comoros",2.05693091322994,862191.125,881698.6875,0.977875023773357,2.0569309592247,"estimated",FALSE,2024,2020,-0.0661514082494807,0.0113133477662541,0.935989137085776,0.915463043709553,0.956975457133283,0.000272019117469548,10,0.0640108629142235,0.0430245428667169,0.0845369562904468,167.441072684184,11.4510383989805,7.6967513018151,15.1229945753433,35.2736792072441,2.41231287282374,1.62142258172363,3.18585906523482,TRUE,FALSE,FALSE
"COM","48-59",37.6859920800678,21066.3241950049,178.892111083165,"IHME 2-4 rate shared; deaths and person-time divided equally","Comoros",2.05693091322994,862191.125,881698.6875,0.977875023773357,2.0569309592247,"estimated",FALSE,2024,2020,-0.0782322007767434,0.0140080123928505,0.924749674019052,0.899705845464652,0.950490611914048,0.000156114096991914,10,0.0752503259809477,0.0495093880859518,0.100294154535348,165.430421408737,13.4616896744281,8.85683895313162,17.9418330341295,34.8501088911273,2.83588318894052,1.86581040729619,3.77968471349621,TRUE,FALSE,FALSE
"CPV","<1",80.131906859191,509.032006242148,15742.0173734757,"0-27 days mapped to model <1 completed month","Cape Verde",,0,0,,,"missing_MAP_no_estimate",,2024,2020,,,,,,,,,,,,,,,,,,,TRUE,,
"CPV","1-5",33.1537022803578,2781.13998648918,1192.09038169308,"direct age match","Cape Verde",,0,0,,,"missing_MAP_no_estimate",,2024,2020,,,,,,,,,,,,,,,,,,,TRUE,,
"CPV","6-11",24.4941002762773,3314.6748562364,738.959365205695,"direct age match","Cape Verde",,0,0,,,"missing_MAP_no_estimate",,2024,2020,,,,,,,,,,,,,,,,,,,TRUE,,
"CPV","12-23",15.3170614400628,6802.797657807,225.15826885553,"direct age match","Cape Verde",,0,0,,,"missing_MAP_no_estimate",,2024,2020,,,,,,,,,,,,,,,,,,,TRUE,,
"CPV","24-35",6.17880018152823,7592.8066537438,81.3770251673884,"IHME 2-4 rate shared; deaths and person-time divided equally","Cape Verde",,0,0,,,"missing_MAP_no_estimate",,2024,2020,,,,,,,,,,,,,,,,,,,TRUE,,
"CPV","36-47",6.17880018152823,7592.8066537438,81.3770251673884,"IHME 2-4 rate shared; deaths and person-time divided equally","Cape Verde",,0,0,,,"missing_MAP_no_estimate",,2024,2020,,,,,,,,,,,,,,,,,,,TRUE,,
"CPV","48-59",6.17880018152823,7592.8066537438,81.3770251673884,"IHME 2-4 rate shared; deaths and person-time divided equally","Cape Verde",,0,0,,,"missing_MAP_no_estimate",,2024,2020,,,,,,,,,,,,,,,,,,,TRUE,,
"DJI","<1",727.072096264262,2699.81280772468,26930.4632596737,"0-27 days mapped to model <1 completed month","Djibouti",4.3967566637446,1051337.375,1167835.5,0.900244405140964,4.54489563154219,"estimated",TRUE,2024,2020,0.00750104323746551,0.0034070959585074,1.00752924653624,1.00081554401817,1.0142879861261,0.000315959208741905,10,-0.00752924653624332,-0.014287986126104,-0.00081554401816919,27133.229356891,-202.766097217326,-384.782085423773,-21.962978217952,732.546401326659,-5.47430506239686,-10.3883960241012,-0.592959298886052,TRUE,FALSE,TRUE
"DJI","1-5",426.011611887479,14667.8949799994,2904.38138852489,"direct age match","Djibouti",4.3967566637446,1051337.375,1167835.5,0.900244405140964,4.54489563154219,"estimated",TRUE,2024,2020,-0.00499970657208069,0.00411758274374182,0.995012771157167,0.987014735854081,1.00307561660582,0.00015862607036275,10,0.00498722884283342,-0.00307561660582079,0.0129852641459186,2889.89657389345,14.4848146314399,-8.93276362818398,37.7141595104856,423.886994489292,2.12461739818719,-1.31024838779361,5.53187330958747,TRUE,FALSE,FALSE
"DJI","6-11",183.981566607526,17355.7539614044,1060.06092859269,"direct age match","Djibouti",4.3967566637446,1051337.375,1167835.5,0.900244405140964,4.54489563154219,"estimated",TRUE,2024,2020,-0.0578441702698066,0.0141814323656295,0.943797007611381,0.91792245034705,0.970400921384393,0.000725691488329116,10,0.0562029923886193,0.0295990786156068,0.0820775496529506,1000.48233229152,59.5785963011675,31.3768267627482,87.0072035017193,173.641252019837,10.340314587689,5.44568485383868,15.1007561684569,TRUE,FALSE,FALSE
"DJI","12-23",105.772109395175,34698.8382146397,304.828964995574,"direct age match","Djibouti",4.3967566637446,1051337.375,1167835.5,0.900244405140964,4.54489563154219,"estimated",TRUE,2024,2020,-0.126730757647939,0.0188861002682285,0.880970835328399,0.848932813908124,0.91421794514732,0.00156465164337984,10,0.119029164671601,0.0857820548526798,0.151067186091876,268.545427924442,36.2835370711318,26.1488549959359,46.0496539811802,93.182143568314,12.5899658268608,9.07334889002053,15.9786949333311,TRUE,FALSE,FALSE
"DJI","24-35",58.7403767730561,34425.0156876875,170.632824995531,"IHME 2-4 rate shared; deaths and person-time divided equally","Djibouti",4.3967566637446,1051337.375,1167835.5,0.900244405140964,4.54489563154219,"estimated",TRUE,2024,2020,-0.198279706250543,0.0214306479223175,0.820140422650218,0.786394608638716,0.855334339116632,0.00143018686110066,10,0.179859577349782,0.144665660883368,0.213605391361284,139.942877209836,30.6899477856956,24.6847103963747,36.448091362252,48.1753574332873,10.5650193397688,8.49771542641222,12.547261169318,TRUE,FALSE,FALSE
"DJI","36-47",58.7403767730561,34425.0156876875,170.632824995531,"IHME 2-4 rate shared; deaths and person-time divided equally","Djibouti",4.3967566637446,1051337.375,1167835.5,0.900244405140964,4.54489563154219,"estimated",TRUE,2024,2020,-0.140667019564288,0.0239312893460425,0.86877854979973,0.828969648229729,0.910499160257499,0.000573787167034075,10,0.13122145020027,0.0895008397425013,0.171030351770271,148.242138247849,22.3906867476825,15.2717811247353,29.1833920825409,51.0323793475855,7.70799742547067,5.25731304797945,10.0463873026141,TRUE,FALSE,FALSE
"DJI","48-59",58.7403767730561,34425.0156876875,170.632824995531,"IHME 2-4 rate shared; deaths and person-time divided equally","Djibouti",4.3967566637446,1051337.375,1167835.5,0.900244405140964,4.54489563154219,"estimated",TRUE,2024,2020,-0.16569783676312,0.0296191154669713,0.847302219093975,0.799514787336286,0.8979459315236,0.000331466663885951,10,0.152697780906025,0.1020540684764,0.200485212663714,144.577571268988,26.0552537265438,17.4137740064155,34.2093582066394,49.7708515902266,8.96952518282949,5.994694433527,11.7765769292928,TRUE,FALSE,FALSE
"ERI","<1",3506.89757316766,15790.6001258672,22208.7668943175,"0-27 days mapped to model <1 completed month","Eritrea",1.01244593723427,3949344.75,4194347,0.941587510523092,0.997536730544655,"estimated",TRUE,2024,2020,0.00172734134192449,0.000784836848451199,1.00172883405533,1.00018725709244,1.00327278703283,7.27464928409414e-05,10,-0.00172883405533164,-0.00327278703283351,-0.000187257092436832,22247.1621668514,-38.3952725338181,-72.6845643069447,-4.15874911523728,3512.96041712071,-6.06284395305213,-11.4773289029384,-0.656691443025159,TRUE,TRUE,TRUE
"ERI","1-5",1825.4127427125,85729.421445037,2129.27220543861,"direct age match","Eritrea",1.01244593723427,3949344.75,4194347,0.941587510523092,0.997536730544655,"estimated",TRUE,2024,2020,-0.00115129707147362,0.000948220191069716,0.998849365416735,0.996994683943786,1.00070749710203,3.652632479274e-05,10,0.00115063458326481,-0.000707497102029331,0.00300531605621446,2126.82219120185,2.4500142367622,-1.50645391477942,6.39913594705583,1823.31235968201,2.10038303049727,-1.29147422547651,5.48594222489236,TRUE,TRUE,FALSE
"ERI","6-11",1343.02109316362,100745.312460257,1333.08544126401,"direct age match","Eritrea",1.01244593723427,3949344.75,4194347,0.941587510523092,0.997536730544655,"estimated",TRUE,2024,2020,-0.0133842503618936,0.00330199722718522,0.986704920445521,0.980339065247198,0.99311211247703,0.000169782705315832,10,0.0132950795544787,0.00688788752296965,0.0196609347528016,1315.36196426948,17.7234769945223,9.18214257793483,26.2097058806014,1325.16552088667,17.8555722769534,9.25057823068678,26.4050500843263,TRUE,TRUE,FALSE
"ERI","12-23",1602.14160017084,200415.012301493,799.411971075637,"direct age match","Eritrea",1.01244593723427,3949344.75,4194347,0.941587510523092,0.997536730544655,"estimated",TRUE,2024,2020,-0.0293871243198333,0.00440504675610394,0.971040478309911,0.962686379245845,0.979467073435703,0.000366448359829581,10,0.0289595216900885,0.0205329265642967,0.0373136207541547,776.261382759956,23.1505883156813,16.4142672967158,29.8289551150476,1555.7443457501,46.3972544207406,32.8966558219127,59.7817040632293,TRUE,TRUE,FALSE
"ERI","24-35",1046.02804114962,195824.261243762,534.166724034019,"IHME 2-4 rate shared; deaths and person-time divided equally","Eritrea",1.01244593723427,3949344.75,4194347,0.941587510523092,0.997536730544655,"estimated",TRUE,2024,2020,-0.0460267393268471,0.00499879474180414,0.955016425352955,0.945702358042536,0.964422225383638,0.000334417884402926,10,0.0449835746470447,0.0355777746163616,0.0542976419574641,510.137995329468,24.0287287045517,19.0044633152426,29.0039935271907,998.973960677665,47.0540804719559,37.2153498904154,56.7968560558097,TRUE,TRUE,FALSE
"ERI","36-47",1046.02804114962,195824.261243762,534.166724034019,"IHME 2-4 rate shared; deaths and person-time divided equally","Eritrea",1.01244593723427,3949344.75,4194347,0.941587510523092,0.997536730544655,"estimated",TRUE,2024,2020,-0.0325960791143681,0.00558076523636444,0.967929447559497,0.957399774448293,0.978574928109546,0.000134262559149468,10,0.0320705524405027,0.0214250718904542,0.0426002255517072,517.035702098915,17.1310219351046,11.4445604639173,22.7556229260658,1012.4813440017,33.5466971479253,22.4112259810616,44.5610304863843,TRUE,TRUE,FALSE
"ERI","48-59",1046.02804114962,195824.261243762,534.166724034019,"IHME 2-4 rate shared; deaths and person-time divided equally","Eritrea",1.01244593723427,3949344.75,4194347,0.941587510523092,0.997536730544655,"estimated",TRUE,2024,2020,-0.0385807918337652,0.00691061160204964,0.962153967416197,0.949209880603892,0.975274568808501,7.6949486931844e-05,10,0.0378460325838026,0.0247254311914994,0.0507901193961082,513.950632791045,20.2160912429746,13.2075025798918,27.1303916911158,1006.4400298207,39.5880113289198,25.8634943558238,53.1278891016665,TRUE,TRUE,FALSE
"ETH","<1",97094.5054639642,277201.603004476,35026.6753191887,"0-27 days mapped to model <1 completed month","Ethiopia",3.96841512486915,85707320,103563128,0.827585277262,3.96593070817917,"estimated",TRUE,2024,2020,0.00677032769881971,0.0030753846874813,1.00679329817736,1.00073569491555,1.01288756902029,0.000285170253627323,10,-0.00679329817735619,-0.0128875690202874,-0.000735694915549256,35264.6219687934,-237.946649604692,-451.408695727242,-25.7689469409218,97754.0973909639,-659.591926999649,-1251.31214065751,-71.431933997608,TRUE,FALSE,TRUE
"ETH","1-5",35350.1622442809,1497063.37714304,2361.30031527071,"direct age match","Ethiopia",3.96841512486915,85707320,103563128,0.827585277262,3.96593070817917,"estimated",TRUE,2024,2020,-0.00451263143347615,0.00371648484872441,0.995497535189261,0.988272243632925,1.00277565109477,0.000143171857752691,10,0.00450246481073857,-0.0027756510947694,0.011727756367075,2350.66864369362,10.6316715770923,-6.55414580516048,27.6927548069923,35190.9993827221,159.162861558774,-98.1197165336143,414.5780903375,TRUE,FALSE,FALSE
"ETH","6-11",19048.3139891853,1751491.37748441,1087.54825938929,"direct age match","Ethiopia",3.96841512486915,85707320,103563128,0.827585277262,3.96593070817917,"estimated",TRUE,2024,2020,-0.0522584427331544,0.0128278411998365,0.949083551397243,0.925516456541377,0.973250752232878,0.000657052311251624,10,0.0509164486027571,0.0267492477671216,0.0744835434586233,1032.17416433708,55.3740950522129,29.091097849106,81.0044480415724,18078.4414889857,969.872500199531,509.528070442646,1418.78592282698,TRUE,FALSE,FALSE
"ETH","12-23",15646.4847529044,3427290.48629112,456.526367271436,"direct age match","Ethiopia",3.96841512486915,85707320,103563128,0.827585277262,3.96593070817917,"estimated",TRUE,2024,2020,-0.114541926688788,0.017089327925276,0.89177454848035,0.862377495712123,0.922173699187999,0.00141695584922645,10,0.10822545151965,0.0778263008120009,0.137622504287877,407.118595042859,49.4077722285769,35.5297583878768,62.828301937342,13953.136875826,1693.3478770784,1217.70802902993,2153.30841499678,TRUE,FALSE,FALSE
"ETH","24-35",8105.37800303366,3222402.86912691,251.532112284574,"IHME 2-4 rate shared; deaths and person-time divided equally","Ethiopia",3.96841512486915,85707320,103563128,0.827585277262,3.96593070817917,"estimated",TRUE,2024,2020,-0.179246622445745,0.019391990958707,0.835899722340214,0.804715466439393,0.868292427508688,0.00129477006873438,10,0.164100277659786,0.131707572491312,0.195284533560607,210.255622818323,41.2764894662511,33.1286839126133,49.1203312230073,6775.28322219831,1330.09478083534,1067.53966090404,1582.85496265483,TRUE,FALSE,FALSE
"ETH","36-47",8105.37800303366,3222402.86912691,251.532112284574,"IHME 2-4 rate shared; deaths and person-time divided equally","Ethiopia",3.96841512486915,85707320,103563128,0.827585277262,3.96593070817917,"estimated",TRUE,2024,2020,-0.127120362082383,0.0216537328432889,0.880627672037651,0.844035159195005,0.918806625897062,0.000519531308559236,10,0.119372327962349,0.0811933741029377,0.155964840804995,221.506138483878,30.0259738006967,20.4227408916236,39.2301658498078,7137.82016179671,967.557841236946,658.102988446034,1264.15398990745,TRUE,FALSE,FALSE
"ETH","48-59",8105.37800303366,3222402.86912691,251.532112284574,"IHME 2-4 rate shared; deaths and person-time divided equally","Ethiopia",3.96841512486915,85707320,103563128,0.827585277262,3.96593070817917,"estimated",TRUE,2024,2020,-0.149882602581454,0.026802894544306,0.860809027251049,0.816755639332259,0.907238524857567,0.000299653220636267,10,0.139190972748951,0.0927614751424332,0.183244360667741,216.521112898086,35.0109993864882,23.3324897812093,46.0918411029932,6977.18255429345,1128.1954487402,751.866820148431,1485.26481013627,TRUE,FALSE,FALSE
"GAB","<1",738.777997826196,3655.68504776522,20209.0165912357,"0-27 days mapped to model <1 completed month","Gabon",18.3938632660677,3021232.5,3023394.5,0.999284909726468,18.3714864787975,"estimated",FALSE,2024,2020,0.0313590018624763,0.0141738241168256,1.03185587558162,1.0035505467739,1.06095956142426,0.00132493595951498,10,-0.0318558755816216,-0.060959561424262,-0.00355054677389988,20852.792509393,-643.775918157332,-1231.93278821736,-71.753058661701,762.312417807387,-23.5344199811908,-45.0355827373793,-2.62306583681001,TRUE,FALSE,TRUE
"GAB","1-5",275.329900608169,19899.4857092071,1383.60309724376,"direct age match","Gabon",18.3938632660677,3021232.5,3023394.5,0.999284909726468,18.3714864787975,"estimated",FALSE,2024,2020,-0.0209133744191658,0.0172088913371846,0.979303793655161,0.946822727621667,1.01289913337463,0.000663827849147461,10,0.0206962063448394,-0.0128991333746291,0.0531772723783326,1354.96776204385,28.6353351999158,-17.8472808888972,73.5762387656361,269.631616172279,5.69828443589079,-3.55151710996816,14.6412931185399,TRUE,FALSE,FALSE
"GAB","6-11",265.322824855659,23573.0122516268,1125.53636346305,"direct age match","Gabon",18.3938632660677,3021232.5,3023394.5,0.999284909726468,18.3714864787975,"estimated",FALSE,2024,2020,-0.221456555329147,0.0481945558705109,0.80135073581065,0.729115734705791,0.880742207604932,0.00219815049718462,10,0.19864926418935,0.119257792395068,0.270884265294209,901.949393042757,223.586970420291,134.228981966976,304.890090878603,212.616640925443,52.7061839302164,31.6418143643092,71.8717784768093,TRUE,FALSE,FALSE
"GAB","12-23",201.184742639339,46821.0368391611,429.688781413461,"direct age match","Gabon",18.3938632660677,3021232.5,3023394.5,0.999284909726468,18.3714864787975,"estimated",FALSE,2024,2020,-0.464919364636697,0.0616858297333527,0.628185757134193,0.556614647891954,0.708959685054604,0.00459763957885695,10,0.371814242865807,0.291040314945396,0.443385352108046,269.924372484284,159.764408929178,125.056758271077,190.517711643885,126.381389878741,74.8033527605982,58.5528708599618,89.20236795391,TRUE,FALSE,FALSE
"GAB","24-35",93.8533253235665,46869.4476691967,200.244146220755,"IHME 2-4 rate shared; deaths and person-time divided equally","Gabon",18.3938632660677,3021232.5,3023394.5,0.999284909726468,18.3714864787975,"estimated",FALSE,2024,2020,-0.711971859941627,0.0698701871078799,0.490675699147784,0.42786439987093,0.562707815389165,0.00436799697932783,10,0.509324300852216,0.437292184610835,0.57213560012907,98.2549364471202,101.989209773635,87.5652001564055,114.566804770345,46.0515460204855,47.8017793030811,41.0413256637338,53.6968286081076,TRUE,FALSE,FALSE
"GAB","36-47",93.8533253235665,46869.4476691967,200.244146220755,"IHME 2-4 rate shared; deaths and person-time divided equally","Gabon",18.3938632660677,3021232.5,3023394.5,0.999284909726468,18.3714864787975,"estimated",FALSE,2024,2020,-0.523273907730687,0.0785102235373981,0.592577325253777,0.508062046458847,0.691151580505559,0.00172375704197509,10,0.407422674746223,0.308848419494441,0.491937953541153,118.660140565221,81.5840056555338,61.845088073294,98.5076955004337,55.6153524864116,38.2379728371549,28.9864511904811,46.1700127927074,TRUE,FALSE,FALSE
"GAB","48-59",93.8533253235665,46869.4476691967,200.244146220755,"IHME 2-4 rate shared; deaths and person-time divided equally","Gabon",18.3938632660677,3021232.5,3023394.5,0.999284909726468,18.3714864787975,"estimated",FALSE,2024,2020,-0.557583817228271,0.0961334292465378,0.57259087803351,0.474258878857355,0.691310860425235,0.00119081879714534,10,0.42740912196649,0.308689139574765,0.525741121142645,114.657971505613,85.5861747151425,61.8131932017682,105.276581936352,53.7395579533856,40.113767370181,28.9715022403622,49.3425524785773,TRUE,FALSE,FALSE
"GHA","<1",17869.6343966622,67919.1951448327,26310.138626579,"0-27 days mapped to model <1 completed month","Ghana",16.1544407206884,33547370,33556420,0.999730304961018,16.0953150268076,"estimated",FALSE,2024,2020,0.027545713563064,0.0124636803566747,1.0279286043123,1.00309195042578,1.05338021615558,0.00116296232005417,10,-0.027928604312301,-0.0533802161555847,-0.00309195042577981,27044.9440776825,-734.805451103513,-1404.44088697019,-81.3496443287768,18368.7083449321,-499.073948269863,-953.884946715101,-55.2520236812893,TRUE,FALSE,TRUE
"GHA","1-5",6388.0532701501,368988.652948723,1731.23298483594,"direct age match","Ghana",16.1544407206884,33547370,33556420,0.999730304961018,16.0953150268076,"estimated",FALSE,2024,2020,-0.0183678309887213,0.0151170554192277,0.981799829529554,0.953135901635608,1.0113257759047,0.000582962169542274,10,0.0182001704704459,-0.0113257759047047,0.046864098364392,1699.72424938787,31.5087354480729,-19.6075568250849,81.1326728930314,6271.78961165908,116.263658491021,-72.3496598050363,299.37035680929,TRUE,FALSE,FALSE
"GHA","6-11",3722.07523690336,438590.295571062,848.645142058391,"direct age match","Ghana",16.1544407206884,33547370,33556420,0.999730304961018,16.0953150268076,"estimated",FALSE,2024,2020,-0.198871844200512,0.0446139588548726,0.81965493013512,0.751021752358872,0.894560247269344,0.00210603895460636,10,0.18034506986488,0.105439752730656,0.248978247641128,695.596174623379,153.048967435012,89.4809339347093,211.294180338854,3050.81731826168,671.257918641676,392.454692623989,926.715770072635,TRUE,FALSE,FALSE
"GHA","12-23",3874.25503532091,868692.41335703,445.986977179758,"direct age match","Ghana",16.1544407206884,33547370,33556420,0.999730304961018,16.0953150268076,"estimated",FALSE,2024,2020,-0.422227045455734,0.0577629729380554,0.655585174859775,0.585373402001184,0.734218398079954,0.00445033565418552,10,0.344414825140225,0.265781601920046,0.414626597998816,292.382450419574,153.604526760184,118.535133230315,184.918063099819,2539.90416478222,1334.35087053869,1029.7057095344,1606.36918507489,TRUE,FALSE,FALSE
"GHA","24-35",2532.02500559572,853709.94104717,296.590783807661,"IHME 2-4 rate shared; deaths and person-time divided equally","Ghana",16.1544407206884,33547370,33556420,0.999730304961018,16.0953150268076,"estimated",FALSE,2024,2020,-0.650343905533555,0.0654697526101255,0.521866273197522,0.459003730186927,0.593338112938995,0.00417919817586757,10,0.478133726802478,0.406661887061005,0.540996269813073,154.780727010436,141.810056797225,120.612167828126,160.45450770088,1321.37845331317,1210.64655228255,1029.67806686121,1369.81608310071,TRUE,FALSE,FALSE
"GHA","36-47",2532.02500559572,853709.94104717,296.590783807661,"IHME 2-4 rate shared; deaths and person-time divided equally","Ghana",16.1544407206884,33547370,33556420,0.999730304961018,16.0953150268076,"estimated",FALSE,2024,2020,-0.473465915351007,0.0734211637038343,0.622839812934958,0.539361438838688,0.719238352322914,0.00165728909205085,10,0.377160187065042,0.280761647677086,0.460638561161312,184.728548304996,111.862235502665,83.2713171476773,136.621151906867,1577.04598083188,954.979024763844,710.895512530638,1166.34835540207,TRUE,FALSE,FALSE
"GHA","48-59",2532.02500559572,853709.94104717,296.590783807661,"IHME 2-4 rate shared; deaths and person-time divided equally","Ghana",16.1544407206884,33547370,33556420,0.999730304961018,16.0953150268076,"estimated",FALSE,2024,2020,-0.518606643504833,0.0901689136618901,0.595349504419031,0.498907521740368,0.710434332951262,0.00108715637818864,10,0.404650495580969,0.289565667048738,0.501092478259632,176.575176155143,120.015607652518,85.8825081537734,148.619410887147,1507.43983225801,1024.58517333771,733.187509729409,1268.77868506932,TRUE,FALSE,FALSE
"GIN","<1",13550.0775323292,39324.0041790405,34457.5223587005,"0-27 days mapped to model <1 completed month","Guinea",21.3998882059171,12444308,12482567,0.996935005435981,21.4175935803199,"estimated",FALSE,2024,2020,0.0364744948149666,0.0164611671887786,1.03714785103256,1.00417934792852,1.07119875261369,0.00154281019352377,10,-0.0371478510325594,-0.0711987526136879,-0.00417934792851904,35737.5452662326,-1280.02290753209,-2453.33261009774,-144.009974691734,14053.4337939798,-503.356261650596,-964.7486181206,-56.6304884660126,TRUE,FALSE,TRUE
"GIN","1-5",6835.07038571809,212007.4597072,3223.97636156665,"direct age match","Guinea",21.3998882059171,12444308,12482567,0.996935005435981,21.4175935803199,"estimated",FALSE,2024,2020,-0.0243298686240119,0.0200150312001387,0.975963716844788,0.938417789228755,1.01501185029785,0.000772406803706957,10,0.0240362831552117,-0.0150118502978478,0.0615822107712453,3146.48395285433,77.4924087123252,-48.3978505036386,198.53959181951,6670.78069854117,164.289687176922,-102.607053405653,420.918745129588,TRUE,FALSE,FALSE
"GIN","6-11",5501.30296365886,247200.939849343,2225.4377216412,"direct age match","Guinea",21.3998882059171,12444308,12482567,0.996935005435981,21.4175935803199,"estimated",FALSE,2024,2020,-0.248754424838063,0.05162311320007,0.779771442371959,0.704730797290254,0.862802512217177,0.00220988947257049,10,0.220228557628041,0.137197487782823,0.295269202709746,1735.33278211312,490.104939528075,305.324464626302,657.103221749191,4289.7589468974,1211.54401676146,754.764946146196,1624.36533994431,TRUE,FALSE,FALSE
"GIN","12-23",6086.41609302233,483850.25824017,1257.91316411806,"direct age match","Guinea",21.3998882059171,12444308,12482567,0.996935005435981,21.4175935803199,"estimated",FALSE,2024,2020,-0.512638766894235,0.0647467782612554,0.598913099773656,0.527509052257668,0.679982456311062,0.00452155864994856,10,0.401086900226344,0.320017543688938,0.472490947742332,753.380672368036,504.532491750026,402.554280955042,594.352583091699,3645.23432878427,2441.18176423806,1947.75992795783,2875.7765081463,TRUE,FALSE,FALSE
"GIN","24-35",3283.60480379946,466182.190357571,704.360842545458,"IHME 2-4 rate shared; deaths and person-time divided equally","Guinea",21.3998882059171,12444308,12482567,0.996935005435981,21.4175935803199,"estimated",FALSE,2024,2020,-0.777464689121278,0.0732333140480076,0.45956968756978,0.398108962535535,0.530518821751303,0.00439080182654042,10,0.54043031243022,0.469481178248697,0.601891037464465,323.702892345004,380.657950200455,330.684158270487,423.948478269031,1509.04523378475,1774.55957001471,1541.59065219085,1976.37230198216,TRUE,FALSE,FALSE
"GIN","36-47",3283.60480379946,466182.190357571,704.360842545458,"IHME 2-4 rate shared; deaths and person-time divided equally","Guinea",21.3998882059171,12444308,12482567,0.996935005435981,21.4175935803199,"estimated",FALSE,2024,2020,-0.580494650419805,0.0826028471165758,0.559621481089736,0.475973190906566,0.657970255636828,0.00171730949136368,10,0.440378518910264,0.342029744363172,0.524026809093434,394.175457926904,310.185384618554,240.912358915251,369.10396476946,1837.57578361562,1446.02902018383,1123.09051163321,1720.6969476589,TRUE,FALSE,FALSE
"GIN","48-59",3283.60480379946,466182.190357571,704.360842545458,"IHME 2-4 rate shared; deaths and person-time divided equally","Guinea",21.3998882059171,12444308,12482567,0.996935005435981,21.4175935803199,"estimated",FALSE,2024,2020,-0.590106335667641,0.100647245104138,0.554268343106447,0.455039340442073,0.675135903351801,0.00130253114419103,10,0.445731656893553,0.324864096648199,0.544960659557927,390.404917146732,313.955925398726,228.821548827895,383.84894932035,1819.9981940183,1463.60660978116,1066.725308336,1789.43543960613,TRUE,FALSE,FALSE
"GMB","<1",2042.80500734235,6020.20958703767,33932.4566330844,"0-27 days mapped to model <1 completed month","The Gambia",7.44118125415429,2496291.75,2496555.5,0.99989435444155,7.4363160474733,"estimated",FALSE,2024,2020,0.0126939654447756,0.00576223788217219,1.0127748758195,1.00138748768486,1.02429175689281,0.000534879482554114,10,-0.0127748758195032,-0.024291756892814,-0.00138748768486363,34365.9395528227,-433.482919738331,-824.278987306841,-47.0808656955738,2068.9015876346,-26.0965802922578,-49.6233226177835,-2.83436679026526,TRUE,FALSE,TRUE
"GMB","1-5",616.41743397959,32570.3492789169,1892.5723783337,"direct age match","The Gambia",7.44118125415429,2496291.75,2496555.5,0.99989435444155,7.4363160474733,"estimated",FALSE,2024,2020,-0.00846149496902487,0.00696784382627845,0.991574202723294,0.97812411726829,1.00520923893818,0.000268472525184743,10,0.00842579727670634,-0.00520923893817837,0.0218758827317099,1876.62594714237,15.9464311913337,-9.85886172653677,41.4016914097014,611.223625643051,5.19380833653954,-3.21106569925848,13.4846754995191,TRUE,FALSE,FALSE
"GMB","6-11",414.58252787983,38480.5963865061,1077.38072382166,"direct age match","The Gambia",7.44118125415429,2496291.75,2496555.5,0.99989435444155,7.4363160474733,"estimated",FALSE,2024,2020,-0.0969602803984211,0.0234742476896653,0.907592054612158,0.866776696319416,0.950329353676541,0.00118933640060152,10,0.0924079453878422,0.0496706463234594,0.133223303680584,977.822184732831,99.5585390888256,53.5141968886582,143.5322193493,376.271808284757,38.3107195950729,20.5925821142048,55.2320540123987,TRUE,FALSE,FALSE
"GMB","12-23",405.391420482736,75153.1241861041,539.420582807512,"direct age match","The Gambia",7.44118125415429,2496291.75,2496555.5,0.99989435444155,7.4363160474733,"estimated",FALSE,2024,2020,-0.211505675512701,0.0311504883039016,0.809364687480127,0.761393657408622,0.860358095928085,0.00255863500695999,10,0.190635312519873,0.139641904071915,0.238606342591378,436.58797142435,102.832611383162,75.3257172788228,128.70917238221,328.109500346134,77.2819201366018,56.6096298506274,96.728964159309,TRUE,FALSE,FALSE
"GMB","24-35",223.320786004644,72316.894652184,308.808594559722,"IHME 2-4 rate shared; deaths and person-time divided equally","The Gambia",7.44118125415429,2496291.75,2496555.5,0.99989435444155,7.4363160474733,"estimated",FALSE,2024,2020,-0.330212622000343,0.0353435102110204,0.718770890679072,0.670650904888628,0.770343541657311,0.00234654373089449,10,0.281229109320928,0.229656458342689,0.329349095111372,221.962628561044,86.8459659986783,70.9198881323691,101.705831180859,160.516480263709,62.8043057409357,51.2870607881321,73.5504987901899,TRUE,FALSE,FALSE
"GMB","36-47",223.320786004644,72316.894652184,308.808594559722,"IHME 2-4 rate shared; deaths and person-time divided equally","The Gambia",7.44118125415429,2496291.75,2496555.5,0.99989435444155,7.4363160474733,"estimated",FALSE,2024,2020,-0.235094130690505,0.0394871241794226,0.790496436151118,0.731624498765276,0.854105646574443,0.000940054266465548,10,0.209503563848882,0.145894353425557,0.268375501234724,244.112093452296,64.6965011074263,45.0534302355456,82.8766613505562,176.534285455138,46.7865005495065,32.5812416806347,59.933827880129,TRUE,FALSE,FALSE
"GMB","48-59",223.320786004644,72316.894652184,308.808594559722,"IHME 2-4 rate shared; deaths and person-time divided equally","The Gambia",7.44118125415429,2496291.75,2496555.5,0.99989435444155,7.4363160474733,"estimated",FALSE,2024,2020,-0.274245509338574,0.0488223251280923,0.760145429548558,0.690778861181986,0.836477643619345,0.000551949265173636,10,0.239854570451442,0.163522356380655,0.309221138818014,234.739441759887,74.0691527998355,50.4971090530041,95.4901452865476,169.756274804622,53.5645112000222,36.5179411562595,69.05550777009,TRUE,FALSE,FALSE
"GNB","<1",2274.94872669856,5452.73452835176,41721.2449069335,"0-27 days mapped to model <1 completed month","Guinea-Bissau",6.4586512545087,1904789.5,1912307.375,0.996068689009789,6.30792437175638,"estimated",FALSE,2024,2020,0.0110181855936341,0.00500270697984613,1.01107910935135,1.00120193900482,1.02105372107334,0.000464207453974899,10,-0.0110791093513452,-0.0210537210733399,-0.00120193900481502,42183.4791415316,-462.234234598168,-878.387453103081,-50.1463915830834,2300.15313241036,-25.2044057117968,-47.8961359480613,-2.73434960857327,TRUE,FALSE,TRUE
"GNB","1-5",804.515805796307,29415.1625356084,2735.03777115766,"direct age match","Guinea-Bissau",6.4586512545087,1904789.5,1912307.375,0.996068689009789,6.30792437175638,"estimated",FALSE,2024,2020,-0.00734428728243567,0.00604809290386264,0.992682616093079,0.980984365746439,1.00452036821564,0.000233020321450838,10,0.00731738390692116,-0.00452036821563961,0.0190156342535606,2715.02444978617,20.0133213714906,-12.3633778093149,52.0084779260076,798.62885478611,5.88695101019761,-3.63670767750132,15.2983783142311,TRUE,FALSE,FALSE
"GNB","6-11",495.642628784706,34526.1098939741,1435.55885764938,"direct age match","Guinea-Bissau",6.4586512545087,1904789.5,1912307.375,0.996068689009789,6.30792437175638,"estimated",FALSE,2024,2020,-0.0844659527603276,0.020547680708935,0.919002944357683,0.882723686943824,0.956773251052273,0.00104506838164227,10,0.0809970556423169,0.0432267489477274,0.117276313056176,1319.28281697854,116.276040670848,62.0545423392962,168.357050000256,455.497035202327,40.145593582379,21.4250194822681,58.1271400973413,TRUE,FALSE,FALSE
"GNB","12-23",488.112547088343,67860.5944759759,719.287166370382,"direct age match","Guinea-Bissau",6.4586512545087,1904789.5,1912307.375,0.996068689009789,6.30792437175638,"estimated",FALSE,2024,2020,-0.184558215973995,0.0273044383709663,0.831471533565231,0.788112737494148,0.877215756374513,0.00225021303416772,10,0.168528466434769,0.122784243625487,0.211887262505852,598.066803295771,121.220363074611,88.3171306723072,152.407788637812,405.851688079976,82.2608590083674,59.9325298983521,103.424831397308,TRUE,FALSE,FALSE
"GNB","24-35",353.611484175551,65861.3625228107,536.902776727523,"IHME 2-4 rate shared; deaths and person-time divided equally","Guinea-Bissau",6.4586512545087,1904789.5,1912307.375,0.996068689009789,6.30792437175638,"estimated",FALSE,2024,2020,-0.288375853252369,0.0309811245763667,0.749479844857249,0.705310532761236,0.796415212527956,0.0020610367556557,10,0.250520155142751,0.203584787472044,0.294689467238764,402.39780980517,134.504966922353,109.305237693223,158.219593232847,265.024680299634,88.5868038759178,71.9899188535537,104.205579881202,TRUE,FALSE,FALSE
"GNB","36-47",353.611484175551,65861.3625228107,536.902776727523,"IHME 2-4 rate shared; deaths and person-time divided equally","Guinea-Bissau",6.4586512545087,1904789.5,1912307.375,0.996068689009789,6.30792437175638,"estimated",FALSE,2024,2020,-0.205031280895478,0.0346066403831625,0.814621833912418,0.761199798602456,0.871793100188939,0.000826141511875637,10,0.185378166087582,0.128206899811061,0.238800201397544,437.372724610445,99.5300521170787,68.8346405041858,128.212491213433,288.05963573158,65.5518484439717,45.3354321237354,84.4424936376061,TRUE,FALSE,FALSE
"GNB","48-59",353.611484175551,65861.3625228107,536.902776727523,"IHME 2-4 rate shared; deaths and person-time divided equally","Guinea-Bissau",6.4586512545087,1904789.5,1912307.375,0.996068689009789,6.30792437175638,"estimated",FALSE,2024,2020,-0.24007004329583,0.0428048161967188,0.78657276498815,0.72327485980486,0.855410230611401,0.000482040870576661,10,0.21342723501185,0.144589769388599,0.27672514019514,422.313101620384,114.58967510714,77.6306486711312,148.574496161084,278.141162839527,75.4703213360243,51.1286029501032,97.8531875330909,TRUE,FALSE,FALSE
"GNQ","<1",700.556164229046,3104.65318441052,22564.7156902023,"0-27 days mapped to model <1 completed month","Equatorial Guinea",22.7935103595535,1251194.125,1292838,0.967788791016353,22.8478980883679,"estimated",FALSE,2024,2020,0.0388449251814306,0.0175189225772128,1.03960925393271,1.00447506923321,1.0759723501028,0.00164397955400004,10,-0.0396092539327098,-0.075972350102798,-0.00447506923320762,23458.487243895,-893.771553692624,-1714.29448038615,-100.978664941302,728.30467123212,-27.7485070030734,-53.2228981754824,-3.13503733667535,TRUE,FALSE,TRUE
"GNQ","1-5",566.901131986749,16775.436779998,3379.35243905356,"direct age match","Equatorial Guinea",22.7935103595535,1251194.125,1292838,0.967788791016353,22.8478980883679,"estimated",FALSE,2024,2020,-0.0259135916710617,0.0213154021700326,0.974419283913161,0.934547782875759,1.01599186072657,0.000822756201056132,10,0.0255807160868394,-0.0159918607265745,0.0654522171242414,3292.90618375276,86.4462553007974,-54.0421335513545,221.186109580268,552.399395080088,14.5017369066609,-9.06580394846954,37.1049359787749,TRUE,FALSE,FALSE
"GNQ","6-11",376.522200765314,19735.3063017357,1907.86094225556,"direct age match","Equatorial Guinea",22.7935103595535,1251194.125,1292838,0.967788791016353,22.8478980883679,"estimated",FALSE,2024,2020,-0.26026172635123,0.0527659433515328,0.77084980769188,0.69510945130613,0.854842967394665,0.00217818043271634,10,0.22915019230812,0.145157032605335,0.30489054869387,1470.67424044055,437.186701815011,276.939433001435,581.688769515901,290.242066051666,86.2801347136481,54.6548453731232,114.79806038676,TRUE,FALSE,FALSE
"GNQ","12-23",283.417127712151,39822.7573032186,711.696393984362,"direct age match","Equatorial Guinea",22.7935103595535,1251194.125,1292838,0.967788791016353,22.8478980883679,"estimated",FALSE,2024,2020,-0.531123449479518,0.0654553706775302,0.587944073043031,0.517132609899871,0.668451817597348,0.00439170521937259,10,0.412055926956969,0.331548182402652,0.482867390100129,418.437676649203,293.258717335159,235.961645848037,343.654980306902,166.633420437239,116.783707274912,93.9664335547439,136.852888768041,TRUE,FALSE,FALSE
"GNQ","24-35",113.374689858857,40824.1816048423,277.714544179396,"IHME 2-4 rate shared; deaths and person-time divided equally","Equatorial Guinea",22.7935103595535,1251194.125,1292838,0.967788791016353,22.8478980883679,"estimated",FALSE,2024,2020,-0.801369436714203,0.0739684354440952,0.448714057670834,0.388146522833544,0.518732730314243,0.00432061677107664,10,0.551285942329166,0.481267269685757,0.611853477166456,124.614419992943,153.100124186453,133.654920429242,169.920609515861,50.8728171237399,62.5018727351168,54.5635274398414,69.36869821281,TRUE,FALSE,FALSE
"GNQ","36-47",113.374689858857,40824.1816048423,277.714544179396,"IHME 2-4 rate shared; deaths and person-time divided equally","Equatorial Guinea",22.7935103595535,1251194.125,1292838,0.967788791016353,22.8478980883679,"estimated",FALSE,2024,2020,-0.60323196590416,0.0836188548091889,0.547040758847295,0.464347378966646,0.644460602978271,0.00168096125692111,10,0.452959241152705,0.355539397021729,0.535652621033354,151.921174990827,125.793369188569,98.7384615817068,148.758523488777,62.0205763744657,51.354113484391,40.3091688699435,60.7294497817402,TRUE,FALSE,FALSE
"GNQ","48-59",113.374689858857,40824.1816048423,277.714544179396,"IHME 2-4 rate shared; deaths and person-time divided equally","Equatorial Guinea",22.7935103595535,1251194.125,1292838,0.967788791016353,22.8478980883679,"estimated",FALSE,2024,2020,-0.597961016388221,0.101631012165616,0.549931795631361,0.450609467995315,0.671146527816582,0.0013445122655807,10,0.450068204368639,0.328853472183418,0.549390532004685,152.72405795352,124.990486225876,91.3273921292296,152.573741172157,62.3483467732297,51.026343085627,37.2836604178032,62.2869811774234,TRUE,FALSE,FALSE
"KEN","<1",18527.2174292861,89630.1964291964,20670.731703597,"0-27 days mapped to model <1 completed month","Kenya",4.56636270936913,45107652,54861080,0.822215895130027,4.54009415967545,"estimated",TRUE,2024,2020,0.00779037240796092,0.00353842056679966,1.00782079631229,1.00084719647384,1.01484298608022,0.000328151093967292,10,-0.00782079631228694,-0.0148429860802246,-0.000847196473839462,20832.3932858767,-161.661582279764,-306.815382944547,-17.5121710109689,18672.115023034,-144.897593747899,-274.999230408189,-15.6961932761482,TRUE,FALSE,TRUE
"KEN","1-5",6988.54745998667,486742.906313011,1435.77797834254,"direct age match","Kenya",4.56636270936913,45107652,54861080,0.822215895130027,4.54009415967545,"estimated",TRUE,2024,2020,-0.00519256810953241,0.00427639719341532,0.994820889968182,0.986517264393022,1.00319440808368,0.000164745365727135,10,0.00517911003181759,-0.00319440808367766,0.0134827356069781,1428.34192621144,7.43605213109663,-4.58646078038378,19.358214872314,6952.35300372882,36.1944562578503,-22.3242724993464,94.2247376798187,TRUE,FALSE,FALSE
"KEN","6-11",5953.02066195959,577552.916966291,1030.73164156611,"direct age match","Kenya",4.56636270936913,45107652,54861080,0.822215895130027,4.54009415967545,"estimated",TRUE,2024,2020,-0.0600513119786727,0.0147148196819978,0.94171621102236,0.914941599210625,0.969274348075802,0.000752679725224757,10,0.0582837889776395,0.0307256519241975,0.0850584007893748,970.656696076492,60.074945489615,31.6699016460169,87.6723850746201,5606.05606191841,346.964600041181,182.910440756926,506.354417372388,TRUE,FALSE,FALSE
"KEN","12-23",3932.75258030401,1153959.99990827,340.804930900258,"direct age match","Kenya",4.56636270936913,45107652,54861080,0.822215895130027,4.54009415967545,"estimated",TRUE,2024,2020,-0.131542483484768,0.0195935695971801,0.876742027290032,0.843686250881649,0.911092934859814,0.00162269570870114,10,0.123257972709968,0.0889070651401858,0.156313749118351,298.798006027931,42.0069248723266,30.2999661916457,53.27249646704,3448.00947008584,484.743110218169,349.649489837322,614.74330018219,TRUE,FALSE,FALSE
"KEN","24-35",1811.36445477934,1184353.75409212,152.941167157262,"IHME 2-4 rate shared; deaths and person-time divided equally","Kenya",4.56636270936913,45107652,54861080,0.822215895130027,4.54009415967545,"estimated",TRUE,2024,2020,-0.20578981741172,0.0222333387190775,0.81400414780282,0.779283463281272,0.850271799494142,0.00148344471129437,10,0.18599585219718,0.149728200505858,0.220716536718728,124.494744435816,28.4464227214463,22.8996057417224,33.7566447366709,1474.45817937297,336.906275406364,271.212340274385,399.798089194302,TRUE,FALSE,FALSE
"KEN","36-47",1811.36445477934,1184353.75409212,152.941167157262,"IHME 2-4 rate shared; deaths and person-time divided equally","Kenya",4.56636270936913,45107652,54861080,0.822215895130027,4.54009415967545,"estimated",TRUE,2024,2020,-0.146016401792046,0.0248281406571585,0.864143529565937,0.823098892379289,0.907234898023129,0.000595118443913961,10,0.135856470434063,0.0927651019768715,0.176901107620711,132.16312000321,20.7780471540517,14.1876029678052,27.0554618709239,1565.27887328329,246.085581496042,168.031408364885,320.432378355249,TRUE,FALSE,FALSE
"KEN","48-59",1811.36445477934,1184353.75409212,152.941167157262,"IHME 2-4 rate shared; deaths and person-time divided equally","Kenya",4.56636270936913,45107652,54861080,0.822215895130027,4.54009415967545,"estimated",TRUE,2024,2020,-0.171929774098028,0.0307278309534182,0.842038303991611,0.792823042654095,0.894308650535041,0.000344019300040995,10,0.157961696008389,0.105691349464959,0.207176957345905,128.782321003598,24.1588461536636,16.1645583455969,31.685885664573,1525.23825341308,286.126201366255,191.445553598488,375.272976385707,TRUE,FALSE,FALSE
"LBR","<1",5396.02403945511,13273.1259153139,40653.7546157791,"0-27 days mapped to model <1 completed month","Liberia",15.076632247439,4554479.5,4554574.5,0.999979141849584,15.0057679008546,"estimated",FALSE,2024,2020,0.0257097655688088,0.0116386901878668,1.02604311221531,1.00287439495211,1.04974708041555,0.00108510071432531,10,-0.0260431122153129,-0.0497470804155458,-0.00287439495211061,41712.5049092116,-1058.75029343253,-2022.40560006503,-116.854947051939,5536.55329903116,-140.529259576055,-268.436441814991,-15.5103042604773,TRUE,FALSE,TRUE
"LBR","1-5",2929.13966221255,71586.3409624656,4091.75776109071,"direct age match","Liberia",15.076632247439,4554479.5,4554574.5,0.999979141849584,15.0057679008546,"estimated",FALSE,2024,2020,-0.0171426012062682,0.0141098663466143,0.983003497155235,0.956190205680809,1.01056868150141,0.000544048937575619,10,0.0169965028447648,-0.010568681501415,0.0438097943191906,4022.21218866424,69.5455724264669,-43.2444845579106,179.259065917336,2879.35453161104,49.7851306015091,-30.9571441630867,128.325006133715,TRUE,FALSE,FALSE
"LBR","6-11",2267.94443477169,84502.7307883763,2683.87117624802,"direct age match","Liberia",15.076632247439,4554479.5,4554574.5,0.999979141849584,15.0057679008546,"estimated",FALSE,2024,2020,-0.187380419360923,0.0425841847054432,0.829128259939765,0.762730130208404,0.901306562050863,0.0020374801503286,10,0.170871740060235,0.0986934379491372,0.237269869791596,2225.27343826501,458.597737983008,264.880473396512,636.801764525786,1880.41682284233,387.527611929364,223.831233345231,538.114880732855,TRUE,FALSE,FALSE
"LBR","12-23",2103.37590181517,163091.183940095,1289.69319554867,"direct age match","Liberia",15.076632247439,4554479.5,4554574.5,0.999979141849584,15.0057679008546,"estimated",FALSE,2024,2020,-0.39970409175857,0.0553884603845821,0.670518428611729,0.601499857409735,0.747456474959201,0.00432151346262932,10,0.329481571388271,0.252543525040799,0.398500142590265,864.763054870535,424.930140678137,325.703665824994,513.942922323841,1410.35230446489,693.023597350284,531.193964730273,838.195596794274,TRUE,FALSE,FALSE
"LBR","24-35",744.252427563252,151566.05864166,491.041618574281,"IHME 2-4 rate shared; deaths and person-time divided equally","Liberia",15.076632247439,4554479.5,4554574.5,0.999979141849584,15.0057679008546,"estimated",FALSE,2024,2020,-0.617124967187869,0.0627929650052434,0.5394932709103,0.477003600557255,0.610169376116815,0.0040399134031815,10,0.4605067290897,0.389830623883185,0.522996399442745,264.913648957727,226.127969616554,191.423060521421,256.812998490887,401.51917652903,342.733251034222,290.132388163558,389.241339892103,TRUE,FALSE,FALSE
"LBR","36-47",744.252427563252,151566.05864166,491.041618574281,"IHME 2-4 rate shared; deaths and person-time divided equally","Liberia",15.076632247439,4554479.5,4554574.5,0.999979141849584,15.0057679008546,"estimated",FALSE,2024,2020,-0.447519846438597,0.0703666844451131,0.639211530052061,0.556862670620823,0.733738139954641,0.00160512717621919,10,0.360788469947939,0.266261860045359,0.443137329379177,313.879464328107,177.162154246174,130.745654721272,217.598871469035,475.734732967667,268.517694595585,198.166035706265,329.806033134349,TRUE,FALSE,FALSE
"LBR","48-59",744.252427563252,151566.05864166,491.041618574281,"IHME 2-4 rate shared; deaths and person-time divided equally","Liberia",15.076632247439,4554479.5,4554574.5,0.999979141849584,15.0057679008546,"estimated",FALSE,2024,2020,-0.495741877853894,0.0865228210825035,0.609118847846989,0.514107163089508,0.7216895570425,0.00103148630906512,10,0.390881152153011,0.2783104429575,0.485892836910492,299.102704950887,191.938913623395,136.662010375976,238.593605090177,453.338181184653,290.9142463786,207.133222787324,361.626923406229,TRUE,FALSE,FALSE
"LSO","<1",1171.88145660559,3066.98973549444,38209.5004441437,"0-27 days mapped to model <1 completed month","Lesotho",,0,1818115.75,0,,"missing_MAP_no_estimate",TRUE,2024,2020,,,,,,,,,,,,,,,,,,,TRUE,,
"LSO","1-5",535.135154740928,16589.0070930598,3225.84197920325,"direct age match","Lesotho",,0,1818115.75,0,,"missing_MAP_no_estimate",TRUE,2024,2020,,,,,,,,,,,,,,,,,,,TRUE,,
"LSO","6-11",330.963716066203,19483.4107705029,1698.6949562613,"direct age match","Lesotho",,0,1818115.75,0,,"missing_MAP_no_estimate",TRUE,2024,2020,,,,,,,,,,,,,,,,,,,TRUE,,
"LSO","12-23",210.572582134348,39372.9728338883,534.815044377621,"direct age match","Lesotho",,0,1818115.75,0,,"missing_MAP_no_estimate",TRUE,2024,2020,,,,,,,,,,,,,,,,,,,TRUE,,
"LSO","24-35",83.8898990964359,40065.6531466089,209.381084565038,"IHME 2-4 rate shared; deaths and person-time divided equally","Lesotho",,0,1818115.75,0,,"missing_MAP_no_estimate",TRUE,2024,2020,,,,,,,,,,,,,,,,,,,TRUE,,
"LSO","36-47",83.8898990964359,40065.6531466089,209.381084565038,"IHME 2-4 rate shared; deaths and person-time divided equally","Lesotho",,0,1818115.75,0,,"missing_MAP_no_estimate",TRUE,2024,2020,,,,,,,,,,,,,,,,,,,TRUE,,
"LSO","48-59",83.8898990964359,40065.6531466089,209.381084565038,"IHME 2-4 rate shared; deaths and person-time divided equally","Lesotho",,0,1818115.75,0,,"missing_MAP_no_estimate",TRUE,2024,2020,,,,,,,,,,,,,,,,,,,TRUE,,
"MDG","<1",20679.4662712578,75716.0205082586,27311.8768425002,"0-27 days mapped to model <1 completed month","Madagascar",9.56229188686996,27064006,28043662,0.965066759112986,9.57027762649808,"estimated",FALSE,2024,2020,0.0163111110367558,0.00739971625342057,1.01644486343558,1.00179192777987,1.03131212356064,0.000687530122953747,10,-0.0164448634355758,-0.0313121235606391,-0.00179192777987236,27761.0169273444,-449.140084844182,-855.192862365322,-48.9409108345287,21019.5372700092,-340.07099875143,-647.518003053691,-37.0561100844003,TRUE,FALSE,TRUE
"MDG","1-5",9580.51323032559,409895.6812661,2337.3052384287,"direct age match","Madagascar",9.56229188686996,27064006,28043662,0.965066759112986,9.57027762649808,"estimated",FALSE,2024,2020,-0.0108732739610627,0.00895295251870321,0.989185626409005,0.971978719576418,1.00669714653896,0.000345013287463335,10,0.0108143735909951,-0.00669714653896358,0.0280212804235821,2312.02874638415,25.276492044558,-15.6532756880442,65.4942855215181,9476.90598105938,103.607249266212,-64.1621010219698,268.458247828792,TRUE,FALSE,FALSE
"MDG","6-11",7990.67351599012,485980.828880132,1644.23636512646,"direct age match","Madagascar",9.56229188686996,27064006,28043662,0.965066759112986,9.57027762649808,"estimated",FALSE,2024,2020,-0.123392776876347,0.0294925556961561,0.883916412441946,0.834265930935298,0.936521791448818,0.00147850133748445,10,0.116083587558054,0.0634782085511821,0.165734069064702,1453.36750906916,190.868856057293,104.373178892935,272.505983296563,7063.08746724886,927.58604874126,507.233639912428,1324.32683637259,TRUE,FALSE,FALSE
"MDG","12-23",6888.858587306,953489.147345233,722.489459527297,"direct age match","Madagascar",9.56229188686996,27064006,28043662,0.965066759112986,9.57027762649808,"estimated",FALSE,2024,2020,-0.267962598509227,0.038989396157819,0.764936390329192,0.708620617220811,0.825727712446057,0.00317297229538365,10,0.235063609670808,0.174272287553943,0.291379382779189,552.658479221699,169.830980305598,125.909890845434,210.518532781533,5269.53862126211,1619.31996604389,1200.53714464544,2007.27136322234,TRUE,FALSE,FALSE
"MDG","24-35",3825.58610053828,921622.886723177,415.092350206289,"IHME 2-4 rate shared; deaths and person-time divided equally","Madagascar",9.56229188686996,27064006,28043662,0.965066759112986,9.57027762649808,"estimated",FALSE,2024,2020,-0.41743689560084,0.0442318898117303,0.658733059490397,0.604014775300093,0.718408326104258,0.00292028646057942,10,0.341266940509603,0.281591673895742,0.395985224699907,273.435053822448,141.657296383841,116.886549715906,164.37043756765,2520.04003635152,1305.54606418676,1077.25319368286,1514.87557163049,TRUE,FALSE,FALSE
"MDG","36-47",3825.58610053828,921622.886723177,415.092350206289,"IHME 2-4 rate shared; deaths and person-time divided equally","Madagascar",9.56229188686996,27064006,28043662,0.965066759112986,9.57027762649808,"estimated",FALSE,2024,2020,-0.298278008294554,0.0494441424455746,0.742095002501328,0.673553912583292,0.817610858535909,0.00116809523222219,10,0.257904997498672,0.182389141464091,0.326446087416708,308.037958664618,107.054391541671,75.7083373824367,135.505273641449,2838.948326848,986.63777369028,697.745364474135,1248.84761459646,TRUE,FALSE,FALSE
"MDG","48-59",3825.58610053828,921622.886723177,415.092350206289,"IHME 2-4 rate shared; deaths and person-time divided equally","Madagascar",9.56229188686996,27064006,28043662,0.965066759112986,9.57027762649808,"estimated",FALSE,2024,2020,-0.344454379032124,0.0610680860374069,0.708606878781097,0.628671974525292,0.79870541236555,0.000697679777871147,10,0.291393121218903,0.20129458763445,0.371328025474708,294.137294685589,120.955055520701,83.5558434649895,154.135422791757,2710.83662621078,1114.7494743275,770.069776567935,1420.54733299637,TRUE,FALSE,FALSE
"MLI","<1",33309.3611246368,81052.1509764657,41096.2087043297,"0-27 days mapped to model <1 completed month","Mali",17.8255590399717,23241898,23772730,0.97767054940682,17.831434657684,"estimated",FALSE,2024,2020,0.0303914774219863,0.0137403484635417,1.03085801260918,1.00343333176448,1.05903223315486,0.00128380499370147,10,-0.0308580126091822,-0.0590322331548558,-0.00343333176447813,42364.3560307175,-1268.14732638779,-2426.00097401461,-141.096918744198,34337.2218102246,-1027.86068558785,-1966.32597214885,-114.362087603689,TRUE,FALSE,TRUE
"MLI","1-5",11666.2235843446,437090.267130276,2669.06505627301,"direct age match","Mali",17.8255590399717,23241898,23772730,0.97767054940682,17.831434657684,"estimated",FALSE,2024,2020,-0.0202674099833372,0.0166781508913682,0.979936593438808,0.948420639565268,1.01249982033354,0.000643304529162434,10,0.0200634065611924,-0.0124998203335396,0.0515793604347318,2615.51451891074,53.5505373622774,-33.3628336619414,137.668668561253,11432.1593975381,234.064186806476,-145.825698775209,601.736351169076,TRUE,FALSE,FALSE
"MLI","6-11",9855.65681023735,509931.657938109,1932.74072256827,"direct age match","Mali",17.8255590399717,23241898,23772730,0.97767054940682,17.831434657684,"estimated",FALSE,2024,2020,-0.215899458871069,0.0473697550016939,0.805816315482881,0.73436487543098,0.884219760534334,0.00218147763548008,10,0.194183684517119,0.115780239465666,0.26563512456902,1557.43400784368,375.306714724584,223.773183683999,513.40382259904,7941.84905748923,1913.80775274812,1141.0903055807,2618.00862449691,TRUE,FALSE,FALSE
"MLI","12-23",10866.5126837472,985931.211895112,1102.15728568529,"direct age match","Mali",17.8255590399717,23241898,23772730,0.97767054940682,17.831434657684,"estimated",FALSE,2024,2020,-0.454639098184389,0.0608239986407164,0.634676982695204,0.563316215402946,0.715077715408834,0.00457641168524181,10,0.365323017304796,0.284922284591166,0.436683784597054,699.513860534274,402.643425151013,314.029171816251,481.294214734268,6896.72548253985,3969.78720120737,3096.11161939214,4745.22988411063,TRUE,FALSE,FALSE
"MLI","24-35",7352.98677896349,913675.572416222,804.769986300329,"IHME 2-4 rate shared; deaths and person-time divided equally","Mali",17.8255590399717,23241898,23772730,0.97767054940682,17.831434657684,"estimated",FALSE,2024,2020,-0.697329902878697,0.0689073078963391,0.497913006540376,0.43499526457678,0.569931174591712,0.0043336217378266,10,0.502086993459624,0.430068825408288,0.56500473542322,400.705443452254,404.064542848075,346.106482732027,454.698853186166,3661.14775416535,3691.83902479814,3162.2903872715,4154.4723496187,TRUE,FALSE,FALSE
"MLI","36-47",7352.98677896349,913675.572416222,804.769986300329,"IHME 2-4 rate shared; deaths and person-time divided equally","Mali",17.8255590399717,23241898,23772730,0.97767054940682,17.831434657684,"estimated",FALSE,2024,2020,-0.51118743582337,0.0773849569719772,0.599782952033226,0.515375377036405,0.698014700698981,0.00171251944255613,10,0.400217047966774,0.301985299301019,0.484624622963595,482.68731809095,322.082668209379,243.028705181382,390.011351183214,4410.196116548,2942.79066241549,2220.49391320173,3563.43844541148,TRUE,FALSE,FALSE
"MLI","48-59",7352.98677896349,913675.572416222,804.769986300329,"IHME 2-4 rate shared; deaths and person-time divided equally","Mali",17.8255590399717,23241898,23772730,0.97767054940682,17.831434657684,"estimated",FALSE,2024,2020,-0.548843472361555,0.0948324925099615,0.577617454782372,0.479643666896536,0.695603730636217,0.00116612262872249,10,0.422382545217628,0.304396269363783,0.520356333103464,464.84919117204,339.920795128289,244.968981525763,418.767159062964,4247.21350831332,3105.77327065017,2238.22174419771,3826.17323765969,TRUE,FALSE,FALSE
"MOZ","<1",26300.4695763974,92183.0396596186,28530.7033414287,"0-27 days mapped to model <1 completed month","Mozambique",24.0344454120773,31152770,31159284,0.999790945132115,23.9051215608327,"estimated",FALSE,2024,2020,0.0409551057019606,0.0184596400765413,1.04180533337645,1.00474016480173,1.08023784723068,0.00173413559825706,10,-0.0418053333764499,-0.0802378472306782,-0.00474016480172845,29723.4389060818,-1192.73556465302,-2289.24221609336,-135.240235747597,27399.9694749959,-1099.49989859847,-2110.29305996607,-124.668560154969,TRUE,FALSE,TRUE
"MOZ","1-5",15068.9949678594,497313.460341389,3030.07985295934,"direct age match","Mozambique",24.0344454120773,31152770,31159284,0.999790945132115,23.9051215608327,"estimated",FALSE,2024,2020,-0.027323683317733,0.0224730515783086,0.973046231712788,0.931115781192685,1.01686491430492,0.000867594231982859,10,0.0269537682872117,-0.0168649143049184,0.0688842188073147,2948.40778271093,81.6720702484147,-51.1020370572191,208.724683594887,14662.8287691745,406.166198684841,-254.137308794195,1038.01594657235,TRUE,FALSE,FALSE
"MOZ","6-11",12119.8378158631,583831.637709272,2075.91316281122,"direct age match","Mozambique",24.0344454120773,31152770,31159284,0.999790945132115,23.9051215608327,"estimated",FALSE,2024,2020,-0.26994223228926,0.0536052940699003,0.763423594296431,0.68728173088965,0.848000984362058,0.0021352381101652,10,0.236576405703569,0.151999015637942,0.31271826911035,1584.80108820061,491.112074610605,315.536757297152,649.175971097716,9252.570147676,2867.26766818707,1842.20341770269,3790.09470367486,TRUE,FALSE,FALSE
"MOZ","12-23",8979.8070270473,1141322.29938602,786.789764107649,"direct age match","Mozambique",24.0344454120773,31152770,31159284,0.999790945132115,23.9051215608327,"estimated",FALSE,2024,2020,-0.545795731777433,0.0658104141730165,0.579380568333014,0.509249189296379,0.659170107714246,0.00423611734356597,10,0.420619431666986,0.340829892285754,0.490750810703621,455.850700687288,330.939063420361,268.161470552344,386.11771458914,5202.72569885146,3777.08132819584,3060.58666177538,4406.84757848554,TRUE,FALSE,FALSE
"MOZ","24-35",4246.31838598277,1111786.40455032,381.936527430397,"IHME 2-4 rate shared; deaths and person-time divided equally","Mozambique",24.0344454120773,31152770,31159284,0.999790945132115,23.9051215608327,"estimated",FALSE,2024,2020,-0.819540175459081,0.0743005765647969,0.440634222358604,0.380910299254437,0.509722415733054,0.00422314669939979,10,0.559365777641396,0.490277584266946,0.619089700745563,168.294304754639,213.642222675758,187.254918011881,236.452970470684,1871.07319989456,2375.24518608821,2081.87472030795,2628.85197884846,TRUE,FALSE,FALSE
"MOZ","36-47",4246.31838598277,1111786.40455032,381.936527430397,"IHME 2-4 rate shared; deaths and person-time divided equally","Mozambique",24.0344454120773,31152770,31159284,0.999790945132115,23.9051215608327,"estimated",FALSE,2024,2020,-0.621522107825645,0.0841806807040786,0.537126250998525,0.455429845064391,0.633477609423995,0.0016342473573685,10,0.462873749001475,0.366522390576005,0.544570154935609,205.148135098085,176.788392332312,139.988289082087,207.99123391834,2280.80907520904,1965.50931077374,1556.37076597725,2312.41826136056,TRUE,FALSE,FALSE
"MOZ","48-59",4246.31838598277,1111786.40455032,381.936527430397,"IHME 2-4 rate shared; deaths and person-time divided equally","Mozambique",24.0344454120773,31152770,31159284,0.999790945132115,23.9051215608327,"estimated",FALSE,2024,2020,-0.601612053858178,0.102086086187553,0.547927634898856,0.448567003482518,0.669297319586626,0.00137745311734242,10,0.452072365101144,0.330702680413374,0.551432996517482,209.273578156419,172.662949273978,126.307433369009,210.612403800426,2326.67519025907,1919.64319572371,1404.2688721331,2341.56007174976,TRUE,FALSE,FALSE
"MRT","<1",2894.07790940343,10476.1681073049,27625.348121184,"0-27 days mapped to model <1 completed month","Mauritania",2.77377496776398,3752789,4466969.5,0.840119682930452,2.79225102838755,"estimated",TRUE,2024,2020,0.00473228999203881,0.00214991901351461,1.00474350496017,1.00051358710072,1.00899130584024,0.00019931162154627,10,-0.00474350496017162,-0.00899130584023622,-0.000513587100716029,27756.3890970233,-131.040975839304,-248.38795390056,-14.1880224478299,2907.80598232181,-13.7280729183783,-26.0215396089177,-1.48636108273681,TRUE,FALSE,TRUE
"MRT","1-5",986.759560134533,56711.9349150857,1739.95043831955,"direct age match","Mauritania",2.77377496776398,3752789,4466969.5,0.840119682930452,2.79225102838755,"estimated",TRUE,2024,2020,-0.00315417309427514,0.0025977573588377,0.996850796083757,0.991788037488583,1.00193939843145,0.00010007100515789,10,0.00314920391624296,-0.00193939843145108,0.00821196251141731,1734.47097958513,5.47945873442458,-3.37445715087955,14.2884077712043,983.652053063367,3.10750707116585,-1.91371994314427,8.10323251560742,TRUE,FALSE,FALSE
"MRT","6-11",446.923633603814,67144.9490577744,665.610205794128,"direct age match","Mauritania",2.77377496776398,3752789,4466969.5,0.840119682930452,2.79225102838755,"estimated",TRUE,2024,2020,-0.0366044954173802,0.0090101573598015,0.96405734905766,0.947180052598527,0.981235373065889,0.00046248750628956,10,0.0359426509423396,0.0187646269341111,0.0528199474014732,641.68641050361,23.9237952905172,12.4899271952637,35.1574960599296,430.86001344331,16.063620160504,8.38635525261292,23.6064828194288,TRUE,FALSE,FALSE
"MRT","12-23",429.130737020784,133119.451318188,322.36516359661,"direct age match","Mauritania",2.77377496776398,3752789,4466969.5,0.840119682930452,2.79225102838755,"estimated",TRUE,2024,2020,-0.0803077489898389,0.0120125672093796,0.922832301972964,0.901342282146861,0.94483469202875,0.000997831258227807,10,0.077167698027036,0.0551653079712502,0.0986577178531391,297.48898599775,24.8761775988592,17.7833735290094,31.8038113557953,396.015705892245,33.1150311285393,23.6731292676811,42.3370591751062,TRUE,FALSE,FALSE
"MRT","24-35",243.501121533133,132847.144221649,183.294208512953,"IHME 2-4 rate shared; deaths and person-time divided equally","Mauritania",2.77377496776398,3752789,4466969.5,0.840119682930452,2.79225102838755,"estimated",TRUE,2024,2020,-0.125731931383689,0.0136314766094293,0.881851211735109,0.85859511274402,0.905737230617724,0.000911139427240298,10,0.118148788264891,0.0942627693822763,0.14140488725598,161.638219881176,21.6559886317776,17.2778197061634,25.9186968894483,214.731759082851,28.7693624502815,22.9530900634033,34.4322486370973,TRUE,FALSE,FALSE
"MRT","36-47",243.501121533133,132847.144221649,183.294208512953,"IHME 2-4 rate shared; deaths and person-time divided equally","Mauritania",2.77377496776398,3752789,4466969.5,0.840119682930452,2.79225102838755,"estimated",TRUE,2024,2020,-0.0890994114355982,0.0152197674470714,0.914754631983024,0.887870154306423,0.942453164661292,0.000365712416480444,10,0.0852453680169757,0.0575468353387077,0.112129845693577,167.669226252886,15.624982260067,10.5480016358337,20.5527513170838,222.743778815494,20.7573427176382,14.0127189456578,27.3037431837231,TRUE,FALSE,FALSE
"MRT","48-59",243.501121533133,132847.144221649,183.294208512953,"IHME 2-4 rate shared; deaths and person-time divided equally","Mauritania",2.77377496776398,3752789,4466969.5,0.840119682930452,2.79225102838755,"estimated",TRUE,2024,2020,-0.105276060174266,0.0188431128758697,0.900076013145023,0.867440903651425,0.93393893005141,0.000210197904422046,10,0.099923986854977,0.0660610699485902,0.132559096348575,164.978720430911,18.3154880820418,12.1086115297457,24.2973146464044,219.169518665884,24.3316028672489,16.0859446221604,32.2782886302967,TRUE,FALSE,FALSE
"MWI","<1",12866.6989676349,47269.5459211862,27219.8488834394,"0-27 days mapped to model <1 completed month","Malawi",19.1757235989892,18836400,18840828,0.999764978481837,19.2304264603884,"estimated",FALSE,2024,2020,0.032689884296749,0.0147696235612962,1.03323006868303,1.00371272125714,1.0636154670767,0.0013815541697464,10,-0.0332300686830278,-0.0636154670767008,-0.00371272125713551,28124.3663313777,-904.517447938328,-1731.60340047721,-101.059711565562,13294.2602580532,-427.56129041835,-818.521064561397,-47.7704667663015,TRUE,FALSE,TRUE
"MWI","1-5",5531.09624996969,255352.106965885,2166.06642321876,"direct age match","Malawi",19.1757235989892,18836400,18840828,0.999764978481837,19.2304264603884,"estimated",FALSE,2024,2020,-0.0218020486647748,0.0179389498392493,0.978433898179214,0.944629008951254,1.0134485433271,0.000692065518002408,10,0.0215661018207856,-0.0134485433271037,0.0553709910487464,2119.35281418504,46.7136090337206,-29.1304381420419,119.937244531036,5411.81206506228,119.284184907411,-74.3851875640979,306.262280946827,TRUE,FALSE,FALSE
"MWI","6-11",4564.08632315701,302054.641686919,1511.01347016799,"direct age match","Malawi",19.1757235989892,18836400,18840828,0.999764978481837,19.2304264603884,"estimated",FALSE,2024,2020,-0.228896974626887,0.049233851330035,0.795410476745049,0.722238426258326,0.875995797943731,0.00221335385421881,10,0.204589523254951,0.124004202056269,0.277761573741674,1201.87594467451,309.137525493478,187.372019664456,419.701479418729,3630.32207820788,933.764244949133,565.965882619017,1267.72779981294,TRUE,FALSE,FALSE
"MWI","12-23",4225.57380735832,591924.967638884,713.869837965041,"direct age match","Malawi",19.1757235989892,18836400,18840828,0.999764978481837,19.2304264603884,"estimated",FALSE,2024,2020,-0.478411525085391,0.06271855686187,0.619767094788513,0.548046056283962,0.700874036731636,0.00460799510680548,10,0.380232905211487,0.299125963268364,0.451953943716038,442.43303553274,271.436802432301,213.537002929524,322.636288568229,2618.8716024009,1606.70220495742,1263.97883548763,1909.76474669879,TRUE,FALSE,FALSE
"MWI","24-35",2342.79060805717,579297.439870192,404.41929254549,"IHME 2-4 rate shared; deaths and person-time divided equally","Malawi",19.1757235989892,18836400,18840828,0.999764978481837,19.2304264603884,"estimated",FALSE,2024,2020,-0.730943125467196,0.0710184946851912,0.48145470370698,0.418880257447513,0.553376836459333,0.00439943529622395,10,0.51854529629302,0.446623163540667,0.581119742552487,194.709570665875,209.709721879615,180.623023833545,235.016035167294,1127.94755804966,1214.84305000751,1046.34455288385,1361.44187500857,TRUE,FALSE,FALSE
"MWI","36-47",2342.79060805717,579297.439870192,404.41929254549,"IHME 2-4 rate shared; deaths and person-time divided equally","Malawi",19.1757235989892,18836400,18840828,0.999764978481837,19.2304264603884,"estimated",FALSE,2024,2020,-0.539251523449371,0.0798683194501684,0.583184589049326,0.498679777712483,0.682009337665023,0.00173263911791384,10,0.416815410950674,0.317990662334977,0.501320222287517,235.851098926761,168.568193618729,128.601558697583,202.743569636265,1366.27937798844,976.511230068727,744.985537168261,1174.48830840433,TRUE,FALSE,FALSE
"MWI","48-59",2342.79060805717,579297.439870192,404.41929254549,"IHME 2-4 rate shared; deaths and person-time divided equally","Malawi",19.1757235989892,18836400,18840828,0.999764978481837,19.2304264603884,"estimated",FALSE,2024,2020,-0.568255349633986,0.0976805032122672,0.566512944038449,0.467804084086562,0.686049837272744,0.00122291588484246,10,0.433487055961551,0.313950162727256,0.532195915913438,229.108764045892,175.310528499598,126.967502704698,215.230295809312,1327.22120463609,1015.56940342107,735.519492635435,1246.82359344838,TRUE,FALSE,FALSE
"NAM","<1",936.059576452807,4912.70788089854,19053.8415706004,"0-27 days mapped to model <1 completed month","Namibia",0.94567686375632,1453226.125,2376921.75,0.611389973186959,0.819213647739499,"estimated",TRUE,2024,2020,0.00161342658835001,0.000733080060095275,1.00161472886131,1.00017490355576,1.00305662690123,6.7948922215711e-05,10,-0.00161472886130776,-0.00305662690123287,-0.00017490355576455,19084.6083585032,-30.766787902834,-58.2404847165264,-3.3325846416724,937.571058866809,-1.51148241400186,-2.8611848825423,-0.163720148329054,TRUE,TRUE,TRUE
"NAM","1-5",545.486210112714,26687.3686596723,2043.98649064644,"direct age match","Namibia",0.94567686375632,1453226.125,2376921.75,0.611389973186959,0.819213647739499,"estimated",TRUE,2024,2020,-0.00107537106418203,0.000885687091046406,0.998925206940073,0.997192600074242,1.00066082418379,3.41174718900756e-05,10,0.00107479305992741,-0.000660824183788877,0.00280739992575763,2041.78962815171,2.19686249473219,-1.35071570435693,5.73828752209041,544.899925319798,0.586284792915252,-0.360470479565822,1.53139794577224,TRUE,TRUE,FALSE
"NAM","6-11",274.626976841595,31443.475423642,873.398926618356,"direct age match","Namibia",0.94567686375632,1453226.125,2376921.75,0.611389973186959,0.819213647739499,"estimated",TRUE,2024,2020,-0.0125020046873985,0.00308447562432624,0.987575820711094,0.981622804760541,0.993564938511294,0.000158603406578304,10,0.0124241792889059,0.0064350614887061,0.0183771952394587,862.547661763311,10.8512648550445,5.62037579695902,16.0506225963992,271.214962043745,3.4120147978502,1.76724148243313,5.0468735714403,TRUE,TRUE,FALSE
"NAM","12-23",301.39006567723,64281.7834599871,468.857659907387,"direct age match","Namibia",0.94567686375632,1453226.125,2376921.75,0.611389973186959,0.819213647739499,"estimated",TRUE,2024,2020,-0.0274504371513941,0.0041149102709609,0.972922902188999,0.965101691137053,0.980807496553689,0.000342322116752429,10,0.0270770978110008,0.0191925034463108,0.0348983088629468,456.162355190638,12.6953047167493,8.99855225360177,16.3623394282065,293.229297389623,8.16076828760629,5.78442987419408,10.5180036002278,TRUE,TRUE,FALSE
"NAM","24-35",131.874401516252,68077.8075775717,193.711293310947,"IHME 2-4 rate shared; deaths and person-time divided equally","Namibia",0.94567686375632,1453226.125,2376921.75,0.611389973186959,0.819213647739499,"estimated",TRUE,2024,2020,-0.0429937740569189,0.0046695528868946,0.957917353987387,0.949187509127121,0.966727488769878,0.000312396987941981,10,0.0420826460126126,0.0332725112301216,0.050812490872879,185.559409525897,8.15188378504994,6.44526118208987,9.84295332333607,126.324777759118,5.54962375713357,4.38779250541507,6.70086682341093,TRUE,TRUE,FALSE
"NAM","36-47",131.874401516252,68077.8075775717,193.711293310947,"IHME 2-4 rate shared; deaths and person-time divided equally","Namibia",0.94567686375632,1453226.125,2376921.75,0.611389973186959,0.819213647739499,"estimated",TRUE,2024,2020,-0.0304477658075341,0.00521318387339546,0.970011098490352,0.960150271315724,0.979973197221602,0.00012542219402326,10,0.0299889015096482,0.0200268027783981,0.0398497286842756,187.902104414538,5.80918889640855,3.87941786708676,7.71934248152137,127.919633077537,3.95476843871468,2.64102263068526,5.25515912082387,TRUE,TRUE,FALSE
"NAM","48-59",131.874401516252,68077.8075775717,193.711293310947,"IHME 2-4 rate shared; deaths and person-time divided equally","Namibia",0.94567686375632,1453226.125,2376921.75,0.611389973186959,0.819213647739499,"estimated",TRUE,2024,2020,-0.0360392462194513,0.00645546128006691,0.964602435741365,0.952474712398531,0.976884579638956,7.18788863802045e-05,10,0.0353975642586352,0.0231154203610444,0.0475252876014692,186.854385358349,6.85690795259757,4.47771797356411,9.20618492625531,127.206368914511,4.66803260174058,3.04833222590932,6.26736885933151,TRUE,TRUE,FALSE
"NER","<1",37714.5945058425,97339.7202999833,38745.3286177657,"0-27 days mapped to model <1 completed month","Niger",17.3368601964551,22709510,23845426,0.952363358910006,17.3155144567501,"estimated",FALSE,2024,2020,0.0295593769724866,0.0133673134699638,1.03000059197304,1.00333298815888,1.05737699446279,0.00124845019113507,10,-0.0300005919730406,-0.0573769944627922,-0.00333298815888483,39907.7114124886,-1162.38279472296,-2223.0905055606,-129.137721495115,38846.0546670409,-1131.46016119846,-2163.95008012818,-125.702296905116,TRUE,FALSE,TRUE
"NER","1-5",16183.4838565426,522218.913458571,3098.98462875693,"direct age match","Niger",17.3368601964551,22709510,23845426,0.952363358910006,17.3155144567501,"estimated",FALSE,2024,2020,-0.0197119153558362,0.0162216939980813,0.980481094171369,0.949797004882507,1.01215646194463,0.000625657032156218,10,0.0195189058286314,-0.0121564619446297,0.0502029951174934,3038.49583962385,60.4887891330827,-37.6726887064761,155.578310186671,15867.5999591676,315.883897375031,-196.733905633589,812.45936103404,TRUE,FALSE,FALSE
"NER","6-11",17075.3299681526,602813.690018414,2832.6048745892,"direct age match","Niger",17.3368601964551,22709510,23845426,0.952363358910006,17.3155144567501,"estimated",FALSE,2024,2020,-0.21102383579589,0.0466143784238975,0.809754765501934,0.739047386823312,0.887226978870104,0.00216343604686987,10,0.190245234498066,0.112773021129896,0.260952613176688,2293.71529598261,538.889578606588,319.441409374694,739.175644121078,13826.8298142296,3248.50015392305,1925.63654729842,4455.85197604365,TRUE,FALSE,FALSE
"NER","12-23",25107.4092397984,1159000.21716496,2166.29892453461,"direct age match","Niger",17.3368601964551,22709510,23845426,0.952363358910006,17.3155144567501,"estimated",FALSE,2024,2020,-0.445490774243592,0.0600092381637787,0.640509853144612,0.569401218599248,0.72049876005635,0.0045491955980372,10,0.359490146855388,0.27950123994365,0.430598781400752,1387.535806021,778.763118513617,605.483235496019,932.805677054365,16081.543005025,9025.86623477347,7017.55201429631,10811.2198227872,TRUE,FALSE,FALSE
"NER","24-35",13671.6387831293,1059676.24936509,1290.17129442325,"IHME 2-4 rate shared; deaths and person-time divided equally","Niger",17.3368601964551,22709510,23845426,0.952363358910006,17.3155144567501,"estimated",FALSE,2024,2020,-0.684184090052247,0.067994488296492,0.504501689642056,0.441540547824533,0.57644072805027,0.00429654239260316,10,0.495498310357944,0.42355927194973,0.558459452175467,650.893597964206,639.277696459041,546.464014156351,720.50835429612,6897.36486626456,6774.27391686469,5790.74936934191,7635.05590516723,TRUE,FALSE,FALSE
"NER","36-47",13671.6387831293,1059676.24936509,1290.17129442325,"IHME 2-4 rate shared; deaths and person-time divided equally","Niger",17.3368601964551,22709510,23845426,0.952363358910006,17.3155144567501,"estimated",FALSE,2024,2020,-0.500486157093481,0.0763257733710081,0.606235862194759,0.522002697910273,0.704061343135426,0.0016997311287014,10,0.393764137805241,0.295938656864574,0.477997302089727,782.148107053605,508.023187369642,381.811559996845,616.698397967923,8288.23772530566,5383.40105782359,4045.9664186169,6535.00645348106,TRUE,FALSE,FALSE
"NER","48-59",13671.6387831293,1059676.24936509,1290.17129442325,"IHME 2-4 rate shared; deaths and person-time divided equally","Niger",17.3368601964551,22709510,23845426,0.952363358910006,17.3155144567501,"estimated",FALSE,2024,2020,-0.540687244746174,0.093596709381875,0.582347899285239,0.484744422513702,0.699603873817332,0.0011439924263633,10,0.417652100714761,0.300396126182668,0.515255577486298,751.328543025496,538.842751397751,387.562458956822,664.767955364295,7961.65012514192,5709.98865798733,4106.90732902076,7044.38813638533,TRUE,FALSE,FALSE
"NGA","<1",243026.639817919,640420.155388648,37947.999883051,"0-27 days mapped to model <1 completed month","Nigeria",24.7045606738025,218096896,218103712,0.999968748812492,24.694238167759,"estimated",FALSE,2024,2020,0.0420944261435209,0.0189672367091903,1.04299295990402,1.00488393144921,1.08254722795746,0.00178284497665481,10,-0.0429929599040155,-0.0825472279574613,-0.00488393144921129,39579.4967204606,-1631.4968374096,-3132.50219687593,-185.335430063499,253475.074399219,-10448.4345812994,-20061.1754367856,-1186.92544920288,TRUE,FALSE,TRUE
"NGA","1-5",97051.791453183,3445879.3130956,2816.45938917102,"direct age match","Nigeria",24.7045606738025,218096896,218103712,0.999968748812492,24.694238167759,"estimated",FALSE,2024,2020,-0.0280850961781425,0.0230981045046234,0.972305623788169,0.929267919425998,1.01733655739892,0.0008918088702569,10,0.0276943762118311,-0.0173365573989182,0.0707320805740019,2738.45930326198,78.0000859090464,-48.8277098620854,199.214032448249,94364.0026286463,2687.78882453663,-1682.54395319594,6864.67513291777,TRUE,FALSE,FALSE
"NGA","6-11",89854.1063530902,4034313.23441636,2227.24664972846,"direct age match","Nigeria",24.7045606738025,218096896,218103712,0.999968748812492,24.694238167759,"estimated",FALSE,2024,2020,-0.274958790060761,0.0540012383859143,0.759603425790998,0.683312305645742,0.84441237148239,0.00210752568490361,10,0.240396574209002,0.15558762851761,0.316687694354258,1691.82418521526,535.422464513197,346.532024355043,705.341606260751,68253.487007196,21600.6193458942,13980.1873200464,28455.6897692224,TRUE,FALSE,FALSE
"NGA","12-23",92644.7478454473,7851698.307958,1179.93259816858,"direct age match","Nigeria",24.7045606738025,218096896,218103712,0.999968748812492,24.694238167759,"estimated",FALSE,2024,2020,-0.553054300281225,0.0659162563303282,0.575190320784992,0.505462979693233,0.654536372427377,0.00413897521794122,10,0.424809679215008,0.345463627572623,0.494537020306767,678.685809645255,501.246788523326,407.623795654508,583.520351261111,53288.3622322675,39356.3856131798,32005.3906662392,45816.2575465592,TRUE,FALSE,FALSE
"NGA","24-35",70153.6267453866,7548536.20431397,929.367295149144,"IHME 2-4 rate shared; deaths and person-time divided equally","Nigeria",24.7045606738025,218096896,218103712,0.999968748812492,24.694238167759,"estimated",FALSE,2024,2020,-0.828208551170776,0.0743788450229414,0.436831146427084,0.377565356102515,0.505399786830521,0.00415871025313232,10,0.563168853572916,0.494600213169479,0.622434643897485,405.976580991839,523.390714157305,459.665262293509,578.470401406126,30645.289197205,39508.3375481816,34697.9987428803,43666.0476813818,TRUE,FALSE,FALSE
"NGA","36-47",70153.6267453866,7548536.20431397,929.367295149144,"IHME 2-4 rate shared; deaths and person-time divided equally","Nigeria",24.7045606738025,218096896,218103712,0.999968748812492,24.694238167759,"estimated",FALSE,2024,2020,-0.630647998450407,0.0843768333904259,0.532246794139175,0.45111909542443,0.627964217752527,0.00160422074115355,10,0.467753205860825,0.372035782247473,0.54888090457557,494.652763420929,434.714531728215,345.75788864603,510.111961644413,37339.0429324683,32814.5838129183,26099.6594037172,38505.9861072647,TRUE,FALSE,FALSE
"NGA","48-59",70153.6267453866,7548536.20431397,929.367295149144,"IHME 2-4 rate shared; deaths and person-time divided equally","Nigeria",24.7045606738025,218096896,218103712,0.999968748812492,24.694238167759,"estimated",FALSE,2024,2020,-0.602391808412497,0.102203171693319,0.547500552361523,0.448114518872931,0.668929129076428,0.00139368169896915,10,0.452499447638477,0.331070870923572,0.551885481127069,508.829107440891,420.538187708253,307.686439812912,512.904316827148,38409.1493932632,31744.4773521233,23225.8223050423,38716.7680491865,TRUE,FALSE,FALSE
"RWA","<1",7160.59161473428,27594.6811437327,25949.1732389906,"0-27 days mapped to model <1 completed month","Rwanda",2.95274596542956,11468817,14079020,0.814603360177058,2.74687564370036,"estimated",TRUE,2024,2020,0.00503761824558894,0.00228859125330723,1.00505032837835,1.00054681268972,1.00957411463634,0.00021217331027549,10,-0.00505032837835251,-0.00957411463633884,-0.000546812689719234,26080.2250849943,-131.05184600366,-248.440359308312,-14.1893372148028,7196.75495377197,-36.1633390376856,-68.5563249834726,-3.91550236083384,TRUE,FALSE,TRUE
"RWA","1-5",3334.82490142372,149614.383735338,2228.94672167543,"direct age match","Rwanda",2.95274596542956,11468817,14079020,0.814603360177058,2.74687564370036,"estimated",TRUE,2024,2020,-0.00335768684063573,0.00276536145026958,0.996647943885989,0.991260523278416,1.00206464468794,0.000106527950202969,10,0.00335205611401101,-0.00206464468794243,0.00873947672158448,2221.47516718923,7.47155448619693,-4.60198300861387,19.4798279877345,3323.64638122375,11.1785201999736,-6.88522851794262,29.1446245965529,TRUE,FALSE,FALSE
"RWA","6-11",2516.60119459306,177600.532522038,1417.0009283507,"direct age match","Rwanda",2.95274596542956,11468817,14079020,0.814603360177058,2.74687564370036,"estimated",TRUE,2024,2020,-0.0389557882299249,0.00958556309445273,0.961793230787561,0.943890356958236,0.980035670424488,0.000491890999821202,10,0.0382067692124393,0.0199643295755124,0.0561096430417638,1362.86190090739,54.1390274433072,28.2894735424003,79.5074162796054,2420.4499935515,96.1512010415662,50.2422556589842,141.205594707093,TRUE,FALSE,FALSE
"RWA","12-23",2506.43490367634,351626.825009424,712.811061445372,"direct age match","Rwanda",2.95274596542956,11468817,14079020,0.814603360177058,2.74687564370036,"estimated",TRUE,2024,2020,-0.0854559696749597,0.0127784774248307,0.918093566122366,0.895367773260335,0.941396174095049,0.00106120843101878,10,0.0819064338776343,0.0586038259049512,0.104632226739665,654.42724937385,58.3838120715217,41.773455348068,74.5830086036933,2301.14175896978,205.293144706561,146.886674737141,262.253865149673,TRUE,FALSE,FALSE
"RWA","24-35",1239.04930139462,351428.285210175,352.575291614217,"IHME 2-4 rate shared; deaths and person-time divided equally","Rwanda",2.95274596542956,11468817,14079020,0.814603360177058,2.74687564370036,"estimated",TRUE,2024,2020,-0.133784250880233,0.0145005666220389,0.874778776996464,0.850259171487324,0.900005474030735,0.000969097378819928,10,0.125221223003536,0.0999945259692654,0.149740828512676,308.425382397456,44.1499092167607,35.2555991534391,52.7949162794112,1083.89403251231,155.155268882311,123.898147545504,185.536268958883,TRUE,FALSE,FALSE
"RWA","36-47",1239.04930139462,351428.285210175,352.575291614217,"IHME 2-4 rate shared; deaths and person-time divided equally","Rwanda",2.95274596542956,11468817,14079020,0.814603360177058,2.74687564370036,"estimated",TRUE,2024,2020,-0.0948149191763789,0.0161903334849207,0.909541257536127,0.881132240383708,0.93886622375791,0.000388960159105504,10,0.0904587424638729,0.0611337762420896,0.118867759616292,320.681774110962,31.8935175032553,21.554258986033,41.9098350102427,1126.96645973972,112.082841654897,75.747762744376,147.28301451091,TRUE,FALSE,FALSE
"RWA","48-59",1239.04930139462,351428.285210175,352.575291614217,"IHME 2-4 rate shared; deaths and person-time divided equally","Rwanda",2.95274596542956,11468817,14079020,0.814603360177058,2.74687564370036,"estimated",TRUE,2024,2020,-0.111999249989646,0.0200441810083622,0.894044928043059,0.85960256284781,0.929867322302335,0.000223658734659064,10,0.105955071956941,0.070132677697665,0.140397437152189,315.218151220993,37.3571403932239,24.7270492909401,49.5006673458219,1107.76574350715,131.283557887464,86.8978453062256,173.959346421015,TRUE,FALSE,FALSE
"SEN","<1",12166.372472612,42527.4634751972,28608.2721103451,"0-27 days mapped to model <1 completed month","Senegal",6.76968783303698,16901276,16976144,0.99558981120801,6.71100162037475,"estimated",FALSE,2024,2020,0.0115486981380259,0.00524321238636103,1.01161564180824,1.00126056691582,1.02207780927933,0.000486577593082426,10,-0.0116156418082443,-0.0220778092793315,-0.00126056691582321,28940.5755519316,-332.303441586553,-631.607975463416,-36.062641341169,12307.6926973596,-141.320224747544,-268.606851071637,-15.336526624557,TRUE,FALSE,TRUE
"SEN","1-5",3549.1523892916,230315.807834063,1540.99383045765,"direct age match","Senegal",6.76968783303698,16901276,16976144,0.99558981120801,6.71100162037475,"estimated",FALSE,2024,2020,-0.00769796053109804,0.00633926913351109,0.992331592884773,0.98007797390921,1.00473841515844,0.000244243161577842,10,0.0076684071152272,-0.00473841515843532,0.0199220260907896,1529.17686240365,11.8169680540027,-7.30186852529582,30.6997192961231,3521.93604385653,27.2163454350693,-16.8173574810162,70.7063064996557,TRUE,FALSE,FALSE
"SEN","6-11",1988.34295782111,271060.822015949,733.541255808676,"direct age match","Senegal",6.76968783303698,16901276,16976144,0.99558981120801,6.71100162037475,"estimated",FALSE,2024,2020,-0.088436349359642,0.0214825550980668,0.915361372219288,0.877616167375103,0.954729952454324,0.00109136301292736,10,0.0846386277807117,0.0452700475456758,0.122383832624897,671.45533049649,62.0859253121864,33.2074475271735,89.7735902743457,1820.05233831369,168.29061950742,90.0123802376713,243.341031750871,TRUE,FALSE,FALSE
"SEN","12-23",2049.66049246389,543041.268081067,377.441018379088,"direct age match","Senegal",6.76968783303698,16901276,16976144,0.99558981120801,6.71100162037475,"estimated",FALSE,2024,2020,-0.193136895052696,0.0285349923266884,0.82436911436096,0.779497110862681,0.871824189265009,0.0023492893271021,10,0.17563088563904,0.128175810734991,0.220502889137319,311.150718044668,66.2903003344202,48.3788085353802,83.2268350315207,1689.67680491311,359.983687550783,262.71689535304,451.956060338907,TRUE,FALSE,FALSE
"SEN","24-35",1185.20103985122,541197.742768842,218.995931835852,"IHME 2-4 rate shared; deaths and person-time divided equally","Senegal",6.76968783303698,16901276,16976144,0.99558981120801,6.71100162037475,"estimated",FALSE,2024,2020,-0.301706446413242,0.0323769582376991,0.739555132089176,0.694068720845122,0.788022535770612,0.00215261027285996,10,0.260444867910824,0.211977464229388,0.305931279154878,161.959565295855,57.0363665399963,46.4222023071157,66.9977055562565,876.521511579398,308.679528271823,251.235911029696,362.590070177375,TRUE,FALSE,FALSE
"SEN","36-47",1185.20103985122,541197.742768842,218.995931835852,"IHME 2-4 rate shared; deaths and person-time divided equally","Senegal",6.76968783303698,16901276,16976144,0.99558981120801,6.71100162037475,"estimated",FALSE,2024,2020,-0.214596151418614,0.0361678931537874,0.80686722657353,0.751650147401056,0.866140615510436,0.000862702443352843,10,0.19313277342647,0.133859384489564,0.248349852598944,176.700640151279,42.2952916845721,29.3146606412655,54.3876073912022,956.299875956819,228.901163894402,158.650281690875,294.344503547166,TRUE,FALSE,FALSE
"SEN","48-59",1185.20103985122,541197.742768842,218.995931835852,"IHME 2-4 rate shared; deaths and person-time divided equally","Senegal",6.76968783303698,16901276,16976144,0.99558981120801,6.71100162037475,"estimated",FALSE,2024,2020,-0.250988620917907,0.044730671687174,0.778031224789764,0.712725340494324,0.849320982930143,0.000504316822613188,10,0.221968775210236,0.150679017069857,0.287274659505676,170.385673070223,48.6102587656283,32.9980917513235,62.9119817512724,922.123416657547,263.077623193674,178.584927714954,340.478225169032,TRUE,FALSE,FALSE
"SLE","<1",7367.84550944198,19956.1697556551,36920.138481755,"0-27 days mapped to model <1 completed month","Sierra Leone",30.8209909320081,6789265,6801716.5,0.99816935916103,30.2931646063336,"estimated",FALSE,2024,2020,0.0524885895282372,0.0235900001371231,1.05389053662172,1.00621231763474,1.10382793344416,0.00222795657962142,10,-0.0538905366217202,-0.103827933444163,-0.00621231763474017,38909.784556685,-1989.64607493,-3833.34168103295,-229.359627367256,7764.90265769174,-397.057148249759,-764.98817318122,-45.7713965883476,TRUE,FALSE,TRUE
"SLE","1-5",5862.7540141077,107349.082840334,5461.39180604618,"direct age match","Sierra Leone",30.8209909320081,6789265,6801716.5,0.99816935916103,30.2931646063336,"estimated",FALSE,2024,2020,-0.035033058405162,0.0288009754924441,0.965573495410118,0.91257593476183,1.02164887273938,0.00111286476580987,10,0.0344265045898817,-0.0216488727393849,0.0874240652381704,5273.37517596819,188.016630077991,-118.232976189013,477.45707354299,5660.91988613168,201.834127976026,-126.922015553735,512.545789404697,TRUE,FALSE,FALSE
"SLE","6-11",5474.71708248529,125032.237755965,4378.64440463005,"direct age match","Sierra Leone",30.8209909320081,6789265,6801716.5,0.99816935916103,30.2931646063336,"estimated",FALSE,2024,2020,-0.314752626951644,0.0565262407547248,0.729969426698523,0.653414282273796,0.815493903898615,0.00181079847325238,10,0.270030573301477,0.184506096101385,0.346585717726204,3196.27654576449,1182.36785886556,807.886585314463,1517.57561364653,3996.37609003839,1478.34099244689,1010.11867614892,1897.45874938107,TRUE,FALSE,FALSE
"SLE","12-23",3976.59051608333,233874.734732148,1700.30786807204,"direct age match","Sierra Leone",30.8209909320081,6789265,6801716.5,0.99816935916103,30.2931646063336,"estimated",FALSE,2024,2020,-0.600558111766904,0.0655361618750858,0.548505423320533,0.482383234323375,0.623691243817879,0.00304642252083215,10,0.451494576679467,0.376308756182121,0.517616765676625,932.628086952087,767.679781119952,639.840738960863,880.107859325966,2181.1814643967,1795.40905168663,1496.42583095294,2058.34992135539,TRUE,FALSE,FALSE
"SLE","24-35",1680.1990272717,215491.930396869,779.703919389135,"IHME 2-4 rate shared; deaths and person-time divided equally","Sierra Leone",30.8209909320081,6789265,6801716.5,0.99816935916103,30.2931646063336,"estimated",FALSE,2024,2020,-0.876247505386135,0.0734535666681701,0.416342306303703,0.360514217829331,0.480815755511608,0.00334145663833701,10,0.583657693696297,0.519184244488392,0.639485782170669,324.623728032509,455.080191356626,404.809990312686,498.609570752098,699.537938063536,980.66108920816,872.332862564186,1074.46338915724,TRUE,FALSE,FALSE
"SLE","36-47",1680.1990272717,215491.930396869,779.703919389135,"IHME 2-4 rate shared; deaths and person-time divided equally","Sierra Leone",30.8209909320081,6789265,6801716.5,0.99816935916103,30.2931646063336,"estimated",FALSE,2024,2020,-0.690805247822355,0.0844005246670356,0.501172338602049,0.424761534374314,0.591328763678738,0.00124309507190168,10,0.498827661397951,0.408671236321262,0.575238465625686,390.766036697436,388.937882691699,318.642564701292,448.51568623174,842.069275814643,838.129751457053,686.649013740906,966.515110393541,TRUE,FALSE,FALSE
"SLE","48-59",1680.1990272717,215491.930396869,779.703919389135,"IHME 2-4 rate shared; deaths and person-time divided equally","Sierra Leone",30.8209909320081,6789265,6801716.5,0.99816935916103,30.2931646063336,"estimated",FALSE,2024,2020,-0.580143184140447,0.101357131356378,0.559818203738208,0.458956580961802,0.682845467821621,0.00150484144310408,10,0.440181796261792,0.317154532178379,0.541043419038198,436.492447600066,343.211471789069,247.28663179151,421.853674383781,940.606001369924,739.593025901771,532.882736460922,909.060626379733,TRUE,FALSE,FALSE
"SOM","<1",24038.3863838579,74137.8818608464,32423.8915120031,"0-27 days mapped to model <1 completed month","Somalia",3.00562461766305,11021038,11209545,0.983183349547194,2.99681056514227,"estimated",FALSE,2024,2020,0.00512782993489358,0.00232956163569008,1.00514099975606,1.00055663248777,1.00974637175569,0.00021597347296975,10,-0.00514099975605919,-0.0097463717556856,-0.000556632487767716,32590.5827303568,-166.691218353698,-316.015300442001,-18.0481913954368,24161.9677223933,-123.58133853547,-234.28705010389,-13.3805468147684,TRUE,FALSE,TRUE
"SOM","1-5",14288.7883589172,397854.627676253,3591.45963498619,"direct age match","Somalia",3.00562461766305,11021038,11209545,0.983183349547194,2.99681056514227,"estimated",FALSE,2024,2020,-0.00341781682377037,0.00281488129738281,0.996588017263643,0.991104718708389,1.00210165223288,0.000108435718802508,10,0.00341198273635668,-0.00210165223287917,0.00889528129161066,3579.2056367133,12.2539982728947,-7.54799916116414,31.9470437006675,14240.0352597131,48.7530992040798,-30.0300639596563,127.10279176886,TRUE,FALSE,FALSE
"SOM","6-11",11951.5313875559,460747.791010685,2593.94220020878,"direct age match","Somalia",3.00562461766305,11021038,11209545,0.983183349547194,2.99681056514227,"estimated",FALSE,2024,2020,-0.0396501262990727,0.0097553611280379,0.96112565292196,0.94292131609224,0.979681448429889,0.000500563024671184,10,0.0388743470780405,0.0203185515701106,0.0570786839077603,2493.10439081749,100.837809391292,52.7051483648283,148.058806920717,11486.923408282,464.607979273944,242.837806839851,682.17768228398,TRUE,FALSE,FALSE
"SOM","12-23",11789.9116521809,893449.182824296,1319.59510163875,"direct age match","Somalia",3.00562461766305,11021038,11209545,0.983183349547194,2.99681056514227,"estimated",FALSE,2024,2020,-0.0869758730588018,0.0130044476169486,0.916699212514342,0.893611770272015,0.940383144202113,0.0010798981398247,10,0.0833007874856584,0.0596168557978869,0.106388229727985,1209.67179051003,109.923311128725,78.6701108859953,140.389386821067,10807.8027271679,982.108925013005,702.877462837892,1254.30782932486,TRUE,FALSE,FALSE
"SOM","24-35",5298.21827057276,829955.290779776,638.373937660531,"IHME 2-4 rate shared; deaths and person-time divided equally","Somalia",3.00562461766305,11021038,11209545,0.983183349547194,2.99681056514227,"estimated",FALSE,2024,2020,-0.13616124699745,0.0147569769753871,0.872701900581588,0.847814191389317,0.898320192105614,0.000986192111527815,10,0.127298099418412,0.101679807894386,0.152185808610683,557.110148678098,81.2637889824332,64.9097393461057,97.1514538988539,4623.76515442494,674.453116147817,538.721815934366,806.313631703012,TRUE,FALSE,FALSE
"SOM","36-47",5298.21827057276,829955.290779776,638.373937660531,"IHME 2-4 rate shared; deaths and person-time divided equally","Somalia",3.00562461766305,11021038,11209545,0.983183349547194,2.99681056514227,"estimated",FALSE,2024,2020,-0.0965024337643837,0.016476690303791,0.90800768772029,0.879153005847408,0.937809409141973,0.000395816542176258,10,0.0919923122797098,0.0621905908580266,0.120846994152592,579.648443036035,58.7254946244956,39.7008523714734,77.145571511629,4810.82292090017,487.395349672594,329.499324741712,640.27375236306,TRUE,FALSE,FALSE
"SOM","48-59",5298.21827057276,829955.290779776,638.373937660531,"IHME 2-4 rate shared; deaths and person-time divided equally","Somalia",3.00562461766305,11021038,11209545,0.983183349547194,2.99681056514227,"estimated",FALSE,2024,2020,-0.113983213592822,0.0203985253633823,0.892272933813476,0.857303227368243,0.928669067139918,0.000227632256469742,10,0.107727066186524,0.0713309328600823,0.142696772631757,569.603786226423,68.7701514341081,45.5358084868897,91.093900636384,4727.45676026812,570.761510304644,377.926851736287,756.038647909341,TRUE,FALSE,FALSE
"SSD","<1",9520.54369242518,23212.0854661235,41015.4602709859,"0-27 days mapped to model <1 completed month","South Sudan",23.1223019010464,16697173,16714814,0.998944588913762,23.1228818950924,"estimated",FALSE,2024,2020,0.0394040749461874,0.0177682687892912,1.0401907137489,1.00454515561421,1.07710112872713,0.00166786072987986,10,-0.0401907137488955,-0.0771011287271286,-0.00454515561421176,42663.9008940163,-1648.44062303039,-3162.33828215571,-186.421649520151,9903.18113870129,-382.637446276113,-734.044664781926,-43.2723526139746,TRUE,FALSE,TRUE
"SSD","1-5",11622.905402994,123715.419175823,9394.87210278585,"direct age match","South Sudan",23.1223019010464,16697173,16714814,0.998944588913762,23.1228818950924,"estimated",FALSE,2024,2020,-0.026287213067687,0.0216221484079138,0.974055288021967,0.933637178239039,1.0162231391782,0.000834635817192086,10,0.0259447119780328,-0.0162231391782051,0.066362821760961,9151.12485200862,243.747250777235,-152.414317684931,623.470222824202,11321.3524699654,301.5529330286,-188.560012007883,771.3287996034,TRUE,FALSE,FALSE
"SSD","6-11",5920.4406554335,144012.996817485,4111.04607658207,"direct age match","South Sudan",23.1223019010464,16697173,16714814,0.998944588913762,23.1228818950924,"estimated",FALSE,2024,2020,-0.262877236974166,0.0530031111016536,0.76883627618556,0.69297167198965,0.853006325470267,0.0021680026107378,10,0.23116372381444,0.146993674529733,0.30702832801035,3160.72135674661,950.324719835457,604.297768957842,1262.2076032665,4551.84954690108,1368.59110853241,870.267326777393,1817.74299552225,TRUE,FALSE,FALSE
"SSD","12-23",5588.66469221722,282966.503852105,1975.02694352056,"direct age match","South Sudan",23.1223019010464,16697173,16714814,0.998944588913762,23.1228818950924,"estimated",FALSE,2024,2020,-0.535170554286375,0.0655719820428801,0.585569410254675,0.514927101669111,0.665903063005506,0.00435384248018442,10,0.414430589745325,0.334096936994494,0.485072898330889,1156.51536255443,818.511580966132,659.850452311817,958.032043775117,3272.55108793277,2316.11360428446,1867.15575555905,2710.90978005331,TRUE,FALSE,FALSE
"SSD","24-35",2732.75478620243,272350.571399717,1003.39601718393,"IHME 2-4 rate shared; deaths and person-time divided equally","South Sudan",23.1223019010464,16697173,16714814,0.998944588913762,23.1228818950924,"estimated",FALSE,2024,2020,-0.806460305685132,0.0740828700730982,0.446435517992356,0.38608920691598,0.516214046274739,0.00429776923531066,10,0.553564482007644,0.483785953725261,0.61391079308402,447.951620682974,555.444396500955,485.428899137455,615.995644686733,1219.99879852437,1512.75598767806,1322.06838054021,1677.66765810169,TRUE,FALSE,FALSE
"SSD","36-47",2732.75478620243,272350.571399717,1003.39601718393,"IHME 2-4 rate shared; deaths and person-time divided equally","South Sudan",23.1223019010464,16697173,16714814,0.998944588913762,23.1228818950924,"estimated",FALSE,2024,2020,-0.608255595715199,0.0837957758991231,0.54429951983333,0.461860343709891,0.641453572114616,0.00166980121161328,10,0.45570048016667,0.358546427885384,0.538139656290109,546.147970355889,457.248046828041,359.764057715719,539.967187810224,1487.43711795222,1245.31766825021,979.819466879567,1470.60372137213,TRUE,FALSE,FALSE
"SSD","48-59",2732.75478620243,272350.571399717,1003.39601718393,"IHME 2-4 rate shared; deaths and person-time divided equally","South Sudan",23.1223019010464,16697173,16714814,0.998944588913762,23.1228818950924,"estimated",FALSE,2024,2020,-0.59922068312593,0.101785658081248,0.549239500962222,0.44990581926292,0.670504840127309,0.00135362541321116,10,0.450760499037778,0.329495159872691,0.55009418073708,551.104727745582,452.291289438347,330.61413109764,551.962310027643,1500.93687502595,1231.81791117648,900.429475172631,1503.27250527136,TRUE,FALSE,FALSE
"STP","<1",48.2792945564786,324.044265654954,14898.9813039577,"0-27 days mapped to model <1 completed month","Sao Tome and Principe",,,,,,"missing_MAP_no_estimate",,2024,2020,,,,,,,,,,,,,,,,,,,TRUE,,
"STP","1-5",28.1456297683317,1758.54808287928,1600.50384987192,"direct age match","Sao Tome and Principe",,,,,,"missing_MAP_no_estimate",,2024,2020,,,,,,,,,,,,,,,,,,,TRUE,,
"STP","6-11",23.6113792756585,2093.91637811032,1127.61806166142,"direct age match","Sao Tome and Principe",,,,,,"missing_MAP_no_estimate",,2024,2020,,,,,,,,,,,,,,,,,,,TRUE,,
"STP","12-23",22.2365629940629,4205.17799553642,528.790054015928,"direct age match","Sao Tome and Principe",,,,,,"missing_MAP_no_estimate",,2024,2020,,,,,,,,,,,,,,,,,,,TRUE,,
"STP","24-35",9.37259996069908,4408.78532508537,212.58916616716,"IHME 2-4 rate shared; deaths and person-time divided equally","Sao Tome and Principe",,,,,,"missing_MAP_no_estimate",,2024,2020,,,,,,,,,,,,,,,,,,,TRUE,,
"STP","36-47",9.37259996069908,4408.78532508537,212.58916616716,"IHME 2-4 rate shared; deaths and person-time divided equally","Sao Tome and Principe",,,,,,"missing_MAP_no_estimate",,2024,2020,,,,,,,,,,,,,,,,,,,TRUE,,
"STP","48-59",9.37259996069908,4408.78532508537,212.58916616716,"IHME 2-4 rate shared; deaths and person-time divided equally","Sao Tome and Principe",,,,,,"missing_MAP_no_estimate",,2024,2020,,,,,,,,,,,,,,,,,,,TRUE,,
"SWZ","<1",516.015444505165,2077.01929772744,24844.037080915,"0-27 days mapped to model <1 completed month","Swaziland",2.08854269781645,28914.978515625,1091849.625,0.0264825648638429,2.19938231245895,"estimated",TRUE,2024,2020,0.00356325243487276,0.00161890960519521,1.00356960836585,1.00038650552752,1.00676283943324,0.000150070090301148,10,-0.00356960836585007,-0.00676283943324107,-0.000386505527522063,24932.7205635205,-88.6834826055236,-168.016233651715,-9.60235765773674,517.857417552778,-1.84197304761348,-3.48972959626095,-0.199442821588001,TRUE,FALSE,TRUE
"SWZ","1-5",297.927430609988,11289.1817995469,2639.05246544924,"direct age match","Swaziland",2.08854269781645,28914.978515625,1091849.625,0.0264825648638429,2.19938231245895,"estimated",TRUE,2024,2020,-0.00237497087351764,0.00195603094835542,0.997627847138467,0.993810376670688,1.00145998145069,7.53492512868572e-05,10,0.00237215286153292,-0.00145998145069193,0.00618962332931161,2632.79222959159,6.26023585765091,-3.85296764695868,16.3347407074219,297.220701202937,0.706729407050632,-0.434968522342889,1.84405857494545,TRUE,FALSE,FALSE
"SWZ","6-11",220.02629081514,13344.4316482768,1648.82474289231,"direct age match","Swaziland",2.08854269781645,28914.978515625,1091849.625,0.0264825648638429,2.19938231245895,"estimated",TRUE,2024,2020,-0.0275858929756287,0.006797963678787,0.972791123040695,0.959914397834082,0.985840582454046,0.000349239107187139,10,0.0272088769593054,0.0141594175459544,0.0400856021659181,1603.96207333549,44.8626695568152,23.3463979947131,66.0941326849032,214.039622540539,5.9866682746015,3.11544412273916,8.8198863596583,TRUE,FALSE,FALSE
"SWZ","12-23",120.427726071167,26445.8300328983,455.375104208703,"direct age match","Swaziland",2.08854269781645,28914.978515625,1091849.625,0.0264825648638429,2.19938231245895,"estimated",TRUE,2024,2020,-0.0605453269113795,0.00906604980756646,0.941251104046098,0.924660833155905,0.958139037688234,0.000753635928963011,10,0.0587488959539016,0.0418609623117664,0.0753391668440951,428.622319591549,26.7527846171542,19.0624400749972,34.3075809526267,113.352730122247,7.07499594891996,5.04122050235685,9.07292454713064,TRUE,FALSE,FALSE
"SWZ","24-35",59.3181506524744,26454.8201946339,224.224357663585,"IHME 2-4 rate shared; deaths and person-time divided equally","Swaziland",2.08854269781645,28914.978515625,1091849.625,0.0264825648638429,2.19938231245895,"estimated",TRUE,2024,2020,-0.0948094320498127,0.0102879551570666,0.909546248317817,0.891383956455928,0.928078603880412,0.000687960038214274,10,0.0904537516821831,0.071921396119588,0.108616043544072,203.942423294386,20.2819343691989,16.1265288471829,24.3543625956295,53.9526013831091,5.36554926936524,4.26624421015801,6.44290283422296,TRUE,FALSE,FALSE
"SWZ","36-47",59.3181506524744,26454.8201946339,224.224357663585,"IHME 2-4 rate shared; deaths and person-time divided equally","Swaziland",2.08854269781645,28914.978515625,1091849.625,0.0264825648638429,2.19938231245895,"estimated",TRUE,2024,2020,-0.0671650392667542,0.0114861831895969,0.93504087014218,0.914225822875653,0.956329833351427,0.000276168164486394,10,0.0649591298578202,0.0436701666485728,0.0857741771243469,209.65893849683,14.5654191667551,9.79191506583797,19.2326597698293,55.4648952013145,3.85325545115982,2.5904335242787,5.08796556075403,TRUE,FALSE,FALSE
"SWZ","48-59",59.3181506524744,26454.8201946339,224.224357663585,"IHME 2-4 rate shared; deaths and person-time divided equally","Swaziland",2.08854269781645,28914.978515625,1091849.625,0.0264825648638429,2.19938231245895,"estimated",TRUE,2024,2020,-0.0794282425739484,0.0142219642335502,0.923644295927945,0.898253652048595,0.949752648881049,0.000158504157428897,10,0.0763557040720552,0.050247351118951,0.101746347951405,207.103548964078,17.1208086995074,11.2666800289434,22.8140095140195,54.7888714951525,4.52927915732192,2.98057994356171,6.03540519612053,TRUE,FALSE,FALSE
"TCD","<1",29533.3499069705,72431.2068945101,40774.3446136184,"0-27 days mapped to model <1 completed month","Chad",15.0510808013007,15540183,16497859,0.941951498070144,15.0481054075522,"estimated",TRUE,2024,2020,0.0256662361977499,0.0116191173571527,1.02599845017602,1.00286926225691,1.04966106688185,0.00108325555524715,10,-0.0259984501760211,-0.0496610668818469,-0.00286926225690842,41834.4143805155,-1060.06976689707,-2024.89745492038,-116.992288050033,30301.1712330579,-767.82132608737,-1466.65766497505,-84.7389262081404,TRUE,FALSE,TRUE
"TCD","1-5",15601.6909425215,387810.80371162,4023.01606690748,"direct age match","Chad",15.0510808013007,15540183,16497859,0.941951498070144,15.0481054075522,"estimated",TRUE,2024,2020,-0.0171135542117566,0.0140859858640329,0.98303205086712,0.956262738878282,1.01055073437826,0.000543126475100762,10,0.0169679491328804,-0.0105507343782618,0.0437372611217185,3954.75373492343,68.2623319840465,-42.4457739214204,175.955704215201,15336.9622442218,264.728698299625,-164.609296986277,682.375230693412,TRUE,FALSE,FALSE
"TCD","6-11",15538.758539645,445480.175336112,3488.09204089073,"direct age match","Chad",15.0510808013007,15540183,16497859,0.941951498070144,15.0481054075522,"estimated",TRUE,2024,2020,-0.187103422425291,0.0425337497757624,0.829357957738339,0.763016854318089,0.90146714082565,0.00203567411550162,10,0.170642042261661,0.0985328591743503,0.236983145681911,2892.87689143649,595.215149454239,343.691681852259,826.619024278323,12887.1930482292,2651.56549141585,1531.07830693108,3682.42387871674,TRUE,FALSE,FALSE
"TCD","12-23",11501.1000897486,855165.039087229,1344.89830197273,"direct age match","Chad",15.0510808013007,15540183,16497859,0.941951498070144,15.0481054075522,"estimated",TRUE,2024,2020,-0.399155615521054,0.0553285109729644,0.67088629290983,0.601900573671365,0.747778682563677,0.00431803108369513,10,0.32911370709017,0.252221317436323,0.398099426328635,902.273836151212,442.624465821521,339.212021541437,535.4032424857,7715.93040359635,3785.16968615225,2900.82261660341,4578.58134787713,TRUE,FALSE,FALSE
"TCD","24-35",6776.89788247659,783414.338818969,865.046444349366,"IHME 2-4 rate shared; deaths and person-time divided equally","Chad",15.0510808013007,15540183,16497859,0.941951498070144,15.0481054075522,"estimated",TRUE,2024,2020,-0.616311285961836,0.0627253125136223,0.539932425097941,0.477455198444587,0.610585086562792,0.00403625427640145,10,0.460067574902059,0.389414913437208,0.522544801555413,467.066624519904,397.979819829462,336.861986245473,452.025522598755,3659.06690832668,3117.83097414991,2639.02510227742,3541.23275916003,TRUE,FALSE,FALSE
"TCD","36-47",6776.89788247659,783414.338818969,865.046444349366,"IHME 2-4 rate shared; deaths and person-time divided equally","Chad",15.0510808013007,15540183,16497859,0.941951498070144,15.0481054075522,"estimated",TRUE,2024,2020,-0.446890230510992,0.0702897198485612,0.639614114535993,0.55729745145859,0.734089514392944,0.00160374153123197,10,0.360385885464007,0.265910485607056,0.44270254854141,553.295915535029,311.750528814338,230.024920089597,382.958265520149,4334.59953840111,2442.29834407548,1802.04820683878,3000.14996377727,TRUE,FALSE,FALSE
"TCD","48-59",6776.89788247659,783414.338818969,865.046444349366,"IHME 2-4 rate shared; deaths and person-time divided equally","Chad",15.0510808013007,15540183,16497859,0.941951498070144,15.0481054075522,"estimated",TRUE,2024,2020,-0.495169636209986,0.0864305430298612,0.609467510768024,0.514494484780516,0.721972067086846,0.00103012376517859,10,0.390532489231976,0.278027932913154,0.485505515219484,527.217703136338,337.828741213028,240.507074796328,419.984819652621,4130.2990831621,2646.59879931449,1884.1669098285,3290.22129802162,TRUE,FALSE,FALSE
"TGO","<1",5268.16170564704,17667.2511519403,29818.7967122914,"0-27 days mapped to model <1 completed month","Togo",20.9673047922131,8690035,8690035,1,20.9024252758318,"estimated",FALSE,2024,2020,0.0357385667065935,0.0161325260894121,1.03638486556211,1.00408803973622,1.0697205295348,0.00151142609803099,10,-0.0363848655621082,-0.0697205295348018,-0.00408803973621907,30903.749621892,-1084.95290960056,-2078.98229687156,-121.900425846086,5459.84306106645,-191.681355419414,-367.299023792676,-21.5364543895127,TRUE,FALSE,TRUE
"TGO","1-5",1964.03900317357,95882.3611049401,2048.38406203201,"direct age match","Togo",20.9673047922131,8690035,8690035,1,20.9024252758318,"estimated",FALSE,2024,2020,-0.02383825084374,0.0196113252454242,0.976443635919599,0.939622454053164,1.01470773715029,0.000756779569932963,10,0.0235563640804013,-0.0147077371502875,0.0603775459468361,2000.13158129029,48.2524807417173,-30.127094367205,123.676402822104,1917.7733853467,46.265617826865,-28.8865694115895,118.58385515549,TRUE,FALSE,FALSE
"TGO","6-11",1751.95125432579,113704.339157922,1540.79542372832,"direct age match","Togo",20.9673047922131,8690035,8690035,1,20.9024252758318,"estimated",FALSE,2024,2020,-0.245039614764676,0.0512176426863793,0.782673532199927,0.707915835175678,0.865325830512453,0.00221549028381549,10,0.217326467800073,0.134674169487547,0.292084164824322,1205.93979668693,334.855627041393,207.505344040824,450.041944504824,1371.20587646526,380.745377860531,235.942580158992,511.717218932672,TRUE,FALSE,FALSE
"TGO","12-23",1743.07552648836,225881.547086016,771.676814230688,"direct age match","Togo",20.9673047922131,8690035,8690035,1,20.9024252758318,"estimated",FALSE,2024,2020,-0.506448917451414,0.0644468448266648,0.602631778849202,0.531095440582615,0.683803763181547,0.00455080189603204,10,0.397368221150798,0.316196236818453,0.468904559417385,465.036971256525,306.639842974163,244.001304699796,361.842776589452,1050.43270519619,692.642821292169,551.153921965963,817.336061779249,TRUE,FALSE,FALSE
"TGO","24-35",1277.46542395554,226264.636685562,564.589077050877,"IHME 2-4 rate shared; deaths and person-time divided equally","Togo",20.9673047922131,8690035,8690035,1,20.9024252758318,"estimated",FALSE,2024,2020,-0.769248287815691,0.0729120921883857,0.463361251726634,0.401645951797654,0.534559476177265,0.00440305979230168,10,0.536638748273366,0.465440523822735,0.598354048202346,261.608701453479,302.980375597398,262.782635767155,337.824159824218,591.927977881532,685.537446074004,594.584176091297,764.376607862321,TRUE,FALSE,FALSE
"TGO","36-47",1277.46542395554,226264.636685562,564.589077050877,"IHME 2-4 rate shared; deaths and person-time divided equally","Togo",20.9673047922131,8690035,8690035,1,20.9024252758318,"estimated",FALSE,2024,2020,-0.572955546384743,0.0821882612595514,0.563856469606399,0.479965003708149,0.662411042181561,0.00172466481877368,10,0.436143530393601,0.337588957818439,0.520034996291851,318.347203764243,246.241873286634,190.59903811728,293.606078590572,720.30714399581,557.158279959726,431.25822112224,664.326727009685,TRUE,FALSE,FALSE
"TGO","48-59",1277.46542395554,226264.636685562,564.589077050877,"IHME 2-4 rate shared; deaths and person-time divided equally","Togo",20.9673047922131,8690035,8690035,1,20.9024252758318,"estimated",FALSE,2024,2020,-0.586793039805649,0.100218242549928,0.556107843836348,0.456933563884616,0.676807217546411,0.00128832301954148,10,0.443892156163652,0.323192782453589,0.543066436115384,313.972414292317,250.61666275856,182.471114754977,306.609377943694,710.408542491399,567.056881464136,412.867604856443,693.748595048161,TRUE,FALSE,FALSE
"TZA","<1",42012.4212402503,156637.408980584,26821.4480267979,"0-27 days mapped to model <1 completed month","Tanzania",8.82121978993696,56146192,57136840,0.982661834291151,8.79149395204094,"estimated",FALSE,2024,2020,0.0150474528781897,0.00682798891505512,1.01516123579524,1.00164997448581,1.02885475057327,0.000634183114778368,10,-0.0151612357952444,-0.0288547505732726,-0.00164997448581494,27228.0943247021,-406.646297904177,-773.926192827248,-44.2547049168281,42649.3814650029,-636.96022475257,-1212.25793586668,-69.3194231337228,TRUE,FALSE,TRUE
"TZA","1-5",14120.1741105649,849015.161572165,1663.123905163,"direct age match","Tanzania",8.82121978993696,56146192,57136840,0.982661834291151,8.79149395204094,"estimated",FALSE,2024,2020,-0.010030661573503,0.00825947643381038,0.990019477728803,0.974121228264502,1.00617719627015,0.000318270565472679,10,0.00998052227119706,-0.00617719627015023,0.0258787717354978,1646.52505998776,16.5988451752396,-10.2734427837706,43.039603909563,13979.2473983813,140.926712183674,-87.2230868496537,365.412762672796,TRUE,FALSE,FALSE
"TZA","6-11",10986.6468135169,1004760.59483424,1093.45916529792,"direct age match","Tanzania",8.82121978993696,56146192,57136840,0.982661834291151,8.79149395204094,"estimated",FALSE,2024,2020,-0.114250264047093,0.0274408862673692,0.89203468373498,0.845320839385278,0.941330013305743,0.00138127677272711,10,0.10796531626502,0.0586699866942575,0.154679160614722,975.403500693647,118.055664604275,64.153234678743,169.135345854757,9800.47001560346,1186.17679791343,644.586422363542,1699.4053070852,TRUE,FALSE,FALSE
"TZA","12-23",9971.56922708526,1979984.24290051,503.618615291491,"direct age match","Tanzania",8.82121978993696,56146192,57136840,0.982661834291151,8.79149395204094,"estimated",FALSE,2024,2020,-0.248531535568937,0.0363297230670149,0.779945264429651,0.72630294177642,0.837549430845479,0.00296713544426092,10,0.220054735570349,0.162450569154521,0.27369705822358,392.794954075216,110.823661216275,81.8131306909144,137.838933471914,7777.27819759758,2194.29102948768,1619.88709630371,2729.18916332601,TRUE,FALSE,FALSE
"TZA","24-35",4131.21665433247,1962971.98392679,210.457239744617,"IHME 2-4 rate shared; deaths and person-time divided equally","Tanzania",8.82121978993696,56146192,57136840,0.982661834291151,8.79149395204094,"estimated",FALSE,2024,2020,-0.387491704765513,0.0412166904906544,0.678757264678732,0.626065590763993,0.735883637674359,0.00272711810061609,10,0.321242735321268,0.264116362325641,0.373934409236007,142.849380380892,67.6078593637247,55.5852005864436,78.697203613344,2804.09331608993,1327.12333824254,1091.1219147214,1544.80405906376,TRUE,FALSE,FALSE
"TZA","36-47",4131.21665433247,1962971.98392679,210.457239744617,"IHME 2-4 rate shared; deaths and person-time divided equally","Tanzania",8.82121978993696,56146192,57136840,0.982661834291151,8.79149395204094,"estimated",FALSE,2024,2020,-0.27649645229882,0.046064037774948,0.758436309832289,0.692961546055654,0.830097484263321,0.00109147780415575,10,0.241563690167711,0.169902515736679,0.307038453944346,159.618412289397,50.8388274552203,35.7572144876077,64.6184655125818,3133.26471442961,997.951939902856,701.904102624351,1268.44237445538,TRUE,FALSE,FALSE
"TZA","48-59",4131.21665433247,1962971.98392679,210.457239744617,"IHME 2-4 rate shared; deaths and person-time divided equally","Tanzania",8.82121978993696,56146192,57136840,0.982661834291151,8.79149395204094,"estimated",FALSE,2024,2020,-0.32053542553513,0.0569165976189356,0.725760342404743,0.649150991091438,0.811410722368067,0.000647650796547077,10,0.274239657595257,0.188589277631933,0.350849008908562,152.74151837861,57.7157213660066,39.6899788158479,73.8387139820304,2998.27321359651,1132.94344073596,779.103164581572,1449.43326875909,TRUE,FALSE,FALSE
"UGA","<1",32381.6513747244,123398.634192965,26241.4990137472,"0-27 days mapped to model <1 completed month","Uganda",21.8964090477387,41922696,43130096,0.972005626882908,21.8888318498397,"estimated",FALSE,2024,2020,0.0373191115888599,0.0168381945394082,1.03802421354769,1.00428444503449,1.07289749755539,0.0015788444618155,10,-0.0380242135476909,-0.0728974975553873,-0.00428444503448722,27239.3113760575,-997.812362310246,-1912.93961020434,-112.430260146951,33612.9382016238,-1231.2868268994,-2360.54135192838,-138.737405440934,TRUE,FALSE,TRUE
"UGA","1-5",15402.6450399722,666874.601395163,2309.67636310461,"direct age match","Uganda",21.8964090477387,41922696,43130096,0.972005626882908,21.8888318498397,"estimated",FALSE,2024,2020,-0.0248941340452088,0.0204783654034459,0.975413169609022,0.937037063703338,1.01536095881468,0.000790344599487786,10,0.0245868303909784,-0.0153609588146844,0.0629629362966618,2252.88874210691,56.7876209977049,-35.4788434888999,145.424005716061,15023.9428188019,378.702221170241,-236.599396096215,969.795758451862,TRUE,FALSE,FALSE
"UGA","6-11",13759.6104335713,790222.306521599,1741.23285561735,"direct age match","Uganda",21.8964090477387,41922696,43130096,0.972005626882908,21.8888318498397,"estimated",FALSE,2024,2020,-0.252933790187622,0.0520575363902378,0.776519293318465,0.701194484853668,0.859935760934635,0.00220086835740423,10,0.223480706681535,0.140064239065365,0.298805515146332,1352.10090654688,389.131949070473,243.884454957658,520.289980412462,10684.6029702142,3075.00746335715,1927.22936521403,4111.44748381613,TRUE,FALSE,FALSE
"UGA","12-23",13947.6470606145,1545563.29829532,902.431306178021,"direct age match","Uganda",21.8964090477387,41922696,43130096,0.972005626882908,21.8888318498397,"estimated",FALSE,2024,2020,-0.51947598516168,0.0650420100860823,0.594832167198436,0.523612828454732,0.675738423327376,0.00448129569877658,10,0.405167832801564,0.324261576672624,0.476387171545268,536.795169601588,365.636136576433,292.623798180021,429.906697464049,8296.50912838423,5651.13793223029,4522.68602674816,6644.48013291782,TRUE,FALSE,FALSE
"UGA","24-35",5977.14959224439,1496415.70281466,399.431092643692,"IHME 2-4 rate shared; deaths and person-time divided equally","Uganda",21.8964090477387,41922696,43130096,0.972005626882908,21.8888318498397,"estimated",FALSE,2024,2020,-0.786423039007763,0.0735450411460085,0.455471087269124,0.394317860336707,0.526108330880507,0.00437098542428524,10,0.544528912730876,0.473891669119493,0.605682139663293,181.929314055517,217.501778588176,189.287067191142,241.928278840479,2722.41882354975,3254.73076869464,2832.52139684559,3620.25275411816,TRUE,FALSE,FALSE
"UGA","36-47",5977.14959224439,1496415.70281466,399.431092643692,"IHME 2-4 rate shared; deaths and person-time divided equally","Uganda",21.8964090477387,41922696,43130096,0.972005626882908,21.8888318498397,"estimated",FALSE,2024,2020,-0.588865456758427,0.083017903234555,0.554956549905797,0.471621732025688,0.653016498965257,0.00170649586776728,10,0.445043450094203,0.346983501034743,0.528378267974312,221.666901098646,177.764191545046,138.595998947641,211.050708906161,3317.05831598279,2660.0912762616,2073.97229172534,3158.19594897345,TRUE,FALSE,FALSE
"UGA","48-59",5977.14959224439,1496415.70281466,399.431092643692,"IHME 2-4 rate shared; deaths and person-time divided equally","Uganda",21.8964090477387,41922696,43130096,0.972005626882908,21.8888318498397,"estimated",FALSE,2024,2020,-0.593386768469227,0.101063608298658,0.552453082101583,0.453179087872985,0.673474165271016,0.00131813404191452,10,0.447546917898417,0.326525834728984,0.546820912127015,220.666938218211,178.764154425481,130.424570942192,218.417274411314,3302.09471441763,2675.05487782675,1951.6937599076,3268.43039195069,TRUE,FALSE,FALSE
"ZMB","<1",11726.4328914842,50379.2602022434,23276.3102205341,"0-27 days mapped to model <1 completed month","Zambia",14.2728881701827,18732428,18732522,0.999994981989078,14.224126117973,"estimated",FALSE,2024,2020,0.0243404067872359,0.0110226826868676,1.0246390526194,1.0027134881657,1.04704404652357,0.00102707433002076,10,-0.0246390526193982,-0.0470440465235709,-0.00271348816569894,23849.8164528433,-573.506232309177,-1095.01182091187,-63.1599923245565,12015.3610885354,-288.928197051123,-551.658854502516,-31.8195368769053,TRUE,FALSE,TRUE
"ZMB","1-5",5736.98336389339,272762.739288706,2103.28704677697,"direct age match","Zambia",14.2728881701827,18732428,18732522,0.999994981989078,14.224126117973,"estimated",FALSE,2024,2020,-0.0162288875603739,0.0133586140011062,0.98390209133091,0.958474585901727,1.01000416658371,0.000515033054353446,10,0.0160979086690898,-0.0100041665837085,0.041525414098273,2069.42852399308,33.8585227838953,-21.0416339893131,87.3398655849475,5644.62992966534,92.3534342280432,-57.3937372603538,238.230609860576,TRUE,FALSE,FALSE
"ZMB","6-11",5023.15884841313,323699.445269421,1551.79717538047,"direct age match","Zambia",14.2728881701827,18732428,18732522,0.999994981989078,14.224126117973,"estimated",FALSE,2024,2020,-0.178569935211074,0.0409478118415138,0.836465556436551,0.771951723021253,0.906370963674169,0.00197679913430675,10,0.163534443563449,0.0936290363258306,0.228048276978747,1298.0248877813,253.772287599178,145.29327410402,353.884672066004,4201.69936120707,821.459487206058,470.313522288491,1145.52272037116,TRUE,FALSE,FALSE
"ZMB","12-23",5276.15118278898,645263.59634041,817.673771263788,"direct age match","Zambia",14.2728881701827,18732428,18732522,0.999994981989078,14.224126117973,"estimated",FALSE,2024,2020,-0.382142076928262,0.0534240775829639,0.682398093292723,0.614518252470536,0.757775958415281,0.00420283159121657,10,0.317601906707277,0.242224041584719,0.385481747529464,557.979022445879,259.694748817909,198.060245573334,315.198314255773,3600.43550705934,1675.71567572963,1278.01066350714,2033.85997817115,TRUE,FALSE,FALSE
"ZMB","24-35",2340.47961608497,646917.117600749,361.789718096379,"IHME 2-4 rate shared; deaths and person-time divided equally","Zambia",14.2728881701827,18732428,18732522,0.999994981989078,14.224126117973,"estimated",FALSE,2024,2020,-0.590973022745515,0.0605748004776828,0.553788174004037,0.491776346879444,0.623619544967474,0.00391720144830043,10,0.446211825995963,0.376380455032526,0.508223653120556,200.354867358029,161.43485073835,136.170578723204,183.870092192398,1296.12993288536,1044.3496831996,880.91078289641,1189.4871005409,TRUE,FALSE,FALSE
"ZMB","36-47",2340.47961608497,646917.117600749,361.789718096379,"IHME 2-4 rate shared; deaths and person-time divided equally","Zambia",14.2728881701827,18732428,18732522,0.999994981989078,14.224126117973,"estimated",FALSE,2024,2020,-0.427405755343096,0.0678477948386618,0.652198865358096,0.570988852716546,0.744959131777568,0.00155836151495661,10,0.347801134641904,0.255040868222432,0.429011147283454,235.958843640683,125.830874455695,92.2711638172495,155.211822035885,1526.45815000437,814.0214660806,596.917953343215,1004.09184529015,TRUE,FALSE,FALSE
"ZMB","48-59",2340.47961608497,646917.117600749,361.789718096379,"IHME 2-4 rate shared; deaths and person-time divided equally","Zambia",14.2728881701827,18732428,18732522,0.999994981989078,14.224126117973,"estimated",FALSE,2024,2020,-0.477098967401138,0.0834944682638369,0.620581108954633,0.52689964777274,0.730918903474901,0.000987712765154472,10,0.379418891045367,0.269081096525099,0.47310035222726,224.519864464635,137.269853631744,97.3507740568801,171.162843063598,1452.45743563572,888.022180449243,629.778821490786,1107.28173075052,TRUE,FALSE,FALSE
"ZWE","<1",10400.9006178896,35090.1457919579,29640.5169689357,"0-27 days mapped to model <1 completed month","Zimbabwe",3.38446214555114,14232977,14327908,0.993374399109765,3.37660316677918,"estimated",FALSE,2024,2020,0.00577412620941116,0.0026230617913561,1.00579082860793,1.0006270266846,1.01098127867247,0.000243199715916299,10,-0.00579082860793023,-0.0109812786724692,-0.000627026684598908,29812.1601225533,-171.643153617555,-325.490776831936,-18.5853950848295,10461.1304507359,-60.2298328463141,-114.215188129703,-6.52164223127803,TRUE,FALSE,TRUE
"ZWE","1-5",4355.17870409773,190115.171320181,2290.81070903226,"direct age match","Zimbabwe",3.38446214555114,14232977,14327908,0.993374399109765,3.37660316677918,"estimated",FALSE,2024,2020,-0.00384860416276268,0.0031696504596815,0.996158792222609,0.989989217282568,1.00236681571772,0.000122103564981803,10,0.00384120777739072,-0.0023668157177219,0.0100107827174319,2282.01122912019,8.79947991206466,-5.4219267924632,22.9328082548881,4338.44955778763,16.7291463101066,-10.3079054103462,43.5987477023092,TRUE,FALSE,FALSE
"ZWE","6-11",3145.58263472609,223800.267211793,1405.53122385206,"direct age match","Zimbabwe",3.38446214555114,14232977,14327908,0.993374399109765,3.37660316677918,"estimated",FALSE,2024,2020,-0.0446192285674989,0.0109688309555436,0.95636156767607,0.936018384255238,0.977146884626173,0.000562470397762223,10,0.0436384323239301,0.022853115373827,0.0639816157447619,1344.19604466082,61.3351791912386,32.1207672202073,89.9281586817673,3008.31433980127,137.268294924824,71.8863628693019,201.259459428441,TRUE,FALSE,FALSE
"ZWE","12-23",2912.67191658923,441219.641899661,660.141036343893,"direct age match","Zimbabwe",3.38446214555114,14232977,14327908,0.993374399109765,3.37660316677918,"estimated",FALSE,2024,2020,-0.0978479468577672,0.0146187205861107,0.906786773050103,0.881154541896798,0.933164629678461,0.00121328720250005,10,0.0932132269498971,0.0668353703215393,0.118845458103202,598.60716010423,61.5338762396636,44.1207706284888,78.4547638770127,2641.17236819761,271.499548391624,194.669506170389,346.15782823138,TRUE,FALSE,FALSE
"ZWE","24-35",1129.45670798353,434696.136224507,259.826718910655,"IHME 2-4 rate shared; deaths and person-time divided equally","Zimbabwe",3.38446214555114,14232977,14327908,0.993374399109765,3.37660316677918,"estimated",FALSE,2024,2020,-0.153160204089305,0.0165886854525471,0.857992256932318,0.830536025521083,0.886356148722082,0.00110824259138203,10,0.142007743067682,0.113643851277918,0.169463974478917,222.929312969472,36.8974059411833,29.5277090019118,44.031268462416,969.065109990134,160.391597993396,128.355810146927,191.402222736763,TRUE,FALSE,FALSE
"ZWE","36-47",1129.45670798353,434696.136224507,259.826718910655,"IHME 2-4 rate shared; deaths and person-time divided equally","Zimbabwe",3.38446214555114,14232977,14327908,0.993374399109765,3.37660316677918,"estimated",FALSE,2024,2020,-0.108575334865245,0.0185224360894495,0.897111308511664,0.865127106515054,0.930277983198883,0.000444760845723288,10,0.102888691488336,0.0697220168011168,0.134872893484946,233.09348778823,26.733231122425,18.1156428612677,35.0435813841798,1013.24838520638,116.208322777149,78.7479995701617,152.33309427172,TRUE,FALSE,FALSE
"ZWE","48-59",1129.45670798353,434696.136224507,259.826718910655,"IHME 2-4 rate shared; deaths and person-time divided equally","Zimbabwe",3.38446214555114,14232977,14327908,0.993374399109765,3.37660316677918,"estimated",FALSE,2024,2020,-0.128161681348882,0.0229296906558305,0.879711134762927,0.841050931179423,0.920148414247199,0.000256048199793054,10,0.120288865237073,0.0798515857528014,0.158949068820577,228.57245773462,31.2542611760347,20.7475755259632,41.2992150255544,993.59564224579,135.861065737739,90.1889091716235,179.526092007136,TRUE,FALSE,FALSE
