"iso3","age_band","draw","log_hr_zero_vs_current","variance"
"AGO","<1",10,0.0366182996104488,0.000220988822288167
"AGO","1-5",10,-0.0242900555455599,0.000354383943211482
"AGO","6-11",10,-0.235463934533403,0.00250516720624332
"AGO","12-23",10,-0.487337344078919,0.00386445822088867
"AGO","24-35",10,-0.745863200576779,0.00502860835206385
"AGO","36-47",10,-0.556661756278236,0.00662265810879917
"AGO","48-59",10,-0.577772602278065,0.00989848607986787
"BDI","<1",10,0.0421638184478942,0.000291867211646894
"BDI","1-5",10,-0.0279721761243019,0.00046970659770404
"BDI","6-11",10,-0.261535371960678,0.00278060156895765
"BDI","12-23",10,-0.530014211916859,0.00411452981699127
"BDI","24-35",10,-0.80051292851291,0.00530723725280093
"BDI","36-47",10,-0.607998970068257,0.0070296773030784
"BDI","48-59",10,-0.596473051743099,0.0103828713239605
"BEN","<1",10,0.0654843753116147,0.000694871753631246
"BEN","1-5",10,-0.0434612791969583,0.00113205199065137
"BEN","6-11",10,-0.342971573981161,0.00334262155935332
"BEN","12-23",10,-0.62011695069158,0.00418149967439676
"BEN","24-35",10,-0.879551432975307,0.00516736116961276
"BEN","36-47",10,-0.709745900632444,0.00703736224419035
"BEN","48-59",10,-0.53171109094267,0.0100481833538355
"BFA","<1",10,0.0376092007180257,0.00023294857350844
"BFA","1-5",10,-0.0249479187483126,0.000373801635574294
"BFA","6-11",10,-0.240355050701664,0.00256243010285147
"BFA","12-23",10,-0.495713975166485,0.00392560054530971
"BFA","24-35",10,-0.757004285308287,0.00510095866108832
"BFA","36-47",10,-0.566666107206731,0.0067239805297002
"BFA","48-59",10,-0.582674189245045,0.0100294221689578
"BWA","<1",10,0.000141408649342582,3.34639264341781e-09
"BWA","1-5",10,-9.37611223317493e-05,5.29249159816405e-09
"BWA","6-11",10,-0.00101177271016332,6.37578919011549e-08
"BWA","12-23",10,-0.00221506389784023,1.08130247553687e-07
"BWA","24-35",10,-0.00350732966413875,1.43216734134124e-07
"BWA","36-47",10,-0.00249887030456695,1.86734637986814e-07
"BWA","48-59",10,-0.00297739692623959,2.87783632868775e-07
"CAF","<1",10,0.0606874960018238,0.000598172834510098
"CAF","1-5",10,-0.04027542611232,0.000972403584913933
"CAF","6-11",10,-0.329201422940569,0.00325936494075167
"CAF","12-23",10,-0.610789563808159,0.00418396521142275
"CAF","24-35",10,-0.876968955242102,0.00520904448465335
"CAF","36-47",10,-0.702754854854425,0.00706633065066062
"CAF","48-59",10,-0.553755515054531,0.0101292062576267
"CIV","<1",10,0.0388864302574281,0.000248816915254635
"CIV","1-5",10,-0.0257959290779733,0.000399593167490634
"CIV","6-11",10,-0.246506964860941,0.00263073645536704
"CIV","12-23",10,-0.506017701675696,0.0039929973169221
"CIV","24-35",10,-0.770454008033237,0.00517854649006065
"CIV","36-47",10,-0.579022854020366,0.00683472781392201
"CIV","48-59",10,-0.587945717094942,0.0101670953878817
"CMR","<1",10,0.0453079243301436,0.000336319707141982
"CMR","1-5",10,-0.0300601917306698,0.000542288188816166
"CMR","6-11",10,-0.274981603621936,0.00289595927779033
"CMR","12-23",10,-0.549917517742668,0.00417618003902419
"CMR","24-35",10,-0.823776077752793,0.00535581730901335
"CMR","36-47",10,-0.632183246706531,0.00712166603051064
"CMR","48-59",10,-0.598629514643754,0.0104478118527749
"COD","<1",10,0.0648592517874846,0.000681866991545127
"COD","1-5",10,-0.043046128378062,0.00111056035247169
"COD","6-11",10,-0.341243935332232,0.00333235490999374
"COD","12-23",10,-0.619099667906738,0.0041812119626485
"COD","24-35",10,-0.879443370097876,0.00517154145245045
"COD","36-47",10,-0.70921241930341,0.00704031793088233
"COD","48-59",10,-0.534556774627989,0.010057301770406
"COG","<1",10,0.0414665721392574,0.000282427516837762
"COG","1-5",10,-0.0275091649590968,0.000454316417296485
"COG","6-11",10,-0.258427063648018,0.00275151919777507
"COG","12-23",10,-0.52519517017528,0.0040942233115072
"COG","24-35",10,-0.794634681567826,0.00528744138186818
"COG","36-47",10,-0.602160039215868,0.00699781737617173
"COG","48-59",10,-0.595228506434666,0.0103515733390856
"COM","<1",10,0.00370515622334175,2.29700185543006e-06
"COM","1-5",10,-0.00245671729274909,3.63340077351973e-06
"COM","6-11",10,-0.0264833846154336,4.35554897080679e-05
"COM","12-23",10,-0.0579513204576474,7.38172097411295e-05
"COM","24-35",10,-0.0917339623956376,9.77582072068593e-05
"COM","36-47",10,-0.0653833407783297,0.000127470353391613
"COM","48-59",10,-0.0778175524275239,0.000196402383489406
"DJI","<1",10,0.00791972894501166,1.04879911297641e-05
"DJI","1-5",10,-0.00525128563128451,1.65993936758125e-05
"DJI","6-11",10,-0.056399570303731,0.000195436528942392
"DJI","12-23",10,-0.123193009844986,0.000330385642884868
"DJI","24-35",10,-0.194805387743042,0.000437349369241801
"DJI","36-47",10,-0.139046204907821,0.000570396424574791
"DJI","48-59",10,-0.164816784894334,0.000878079034800111
"ERI","<1",10,0.00182372999507397,5.56580447647651e-07
"ERI","1-5",10,-0.00120922689174308,8.80293365580715e-07
"ERI","6-11",10,-0.0130455938746588,1.05924431883499e-05
"ERI","12-23",10,-0.0285572832998212,1.79613589391016e-05
"ERI","24-35",10,-0.0452145428385368,2.37888682982559e-05
"ERI","36-47",10,-0.0322170114436791,3.10177815652428e-05
"ERI","48-59",10,-0.0383764414053092,4.7799962757115e-05
"ETH","<1",10,0.00714820677529541,8.54538046058383e-06
"ETH","1-5",10,-0.00473969991367525,1.35229853239544e-05
"ETH","6-11",10,-0.0509499553302652,0.000159899973399004
"ETH","12-23",10,-0.111337134517336,0.000270475126029844
"ETH","24-35",10,-0.176101418955648,0.000358079850550927
"ETH","36-47",10,-0.125652954948096,0.000466988214645041
"ETH","48-59",10,-0.149086253497768,0.000719041363944198
"GAB","<1",10,0.0331177689732331,0.000181197971206515
"GAB","1-5",10,-0.0219663556066905,0.000289927632823655
"GAB","6-11",10,-0.217328140707865,0.00227053140267781
"GAB","12-23",10,-0.454965143765307,0.00357988654529675
"GAB","24-35",10,-0.701314247337193,0.00467866403442074
"GAB","36-47",10,-0.518355385706481,0.0061451773755983
"GAB","48-59",10,-0.554366477890512,0.0092460554702696
"GHA","<1",10,0.0290888205274399,0.000140165960020095
"GHA","1-5",10,-0.0192925072171178,0.000223729686385121
"GHA","6-11",10,-0.194837836065115,0.00194257164109218
"GHA","12-23",10,-0.41245175999673,0.00312502851996662
"GHA","24-35",10,-0.640157364998098,0.00410000051778039
"GHA","36-47",10,-0.468749272880253,0.00537289194150688
"GHA","48-59",10,-0.515681133658868,0.00813554442264828
"GIN","<1",10,0.0385237876718417,0.000244259607531494
"GIN","1-5",10,-0.0255551485109439,0.000392182846882337
"GIN","6-11",10,-0.244777503398345,0.00261195109776985
"GIN","12-23",10,-0.503147904952651,0.00397511391368367
"GIN","24-35",10,-0.766737677501964,0.00515823517712409
"GIN","36-47",10,-0.575575732267552,0.0068054605276222
"GIN","48-59",10,-0.586565785956421,0.0101313981132741
"GMB","<1",10,0.0134028876998962,2.99927795656991e-05
"GMB","1-5",10,-0.00888729641077426,4.75336855043309e-05
"GMB","6-11",10,-0.0946027541830194,0.000535795371868378
"GMB","12-23",10,-0.205739337866967,0.000900078285870859
"GMB","24-35",10,-0.324509446929,0.00119018744123955
"GMB","36-47",10,-0.232435960881964,0.00155309862114772
"GMB","48-59",10,-0.272775766540623,0.00238569549277997
"GNB","<1",10,0.0116333941251673,2.26088338293719e-05
"GNB","1-5",10,-0.0077138586248906,3.58131619315305e-05
"GNB","6-11",10,-0.0823909648758501,0.000410435842701546
"GNB","12-23",10,-0.179480517265481,0.000691163017949578
"GNB","24-35",10,-0.283367519572301,0.00091432014283482
"GNB","36-47",10,-0.202696140543781,0.00119286215076062
"GNB","48-59",10,-0.238787331010865,0.00183386709119043
"GNQ","<1",10,0.0410292662512921,0.000276584519946851
"GNQ","1-5",10,-0.0272187759519457,0.000444794565875427
"GNQ","6-11",10,-0.256453411425172,0.00273254778393916
"GNQ","12-23",10,-0.522095094750958,0.00408005769878064
"GNQ","24-35",10,-0.790808501084128,0.00527307489406682
"GNQ","36-47",10,-0.5984086826113,0.00697536071911088
"GNQ","48-59",10,-0.594295897323535,0.0103282184384958
"KEN","<1",10,0.00822521750734454,1.13119817781058e-05
"KEN","1-5",10,-0.00545385248479196,1.79045538565454e-05
"KEN","6-11",10,-0.0585532442244211,0.000210419399326236
"KEN","12-23",10,-0.127873979927374,0.000355622260899808
"KEN","24-35",10,-0.202186047717616,0.00047073555091442
"KEN","36-47",10,-0.144335259431792,0.000613952528015184
"KEN","48-59",10,-0.171015287877359,0.000945045681749435
"LBR","<1",10,0.0271492955086954,0.000122245942914942
"LBR","1-5",10,-0.0180055408119364,0.000194911480166119
"LBR","6-11",10,-0.183449823852884,0.00176865857021636
"LBR","12-23",10,-0.390161629654398,0.00286823377897216
"LBR","24-35",10,-0.607282524781671,0.00376875673597135
"LBR","36-47",10,-0.442956740331903,0.0049345886633278
"LBR","48-59",10,-0.492971006705856,0.00749130433960245
"MDG","<1",10,0.0172225341882,4.94511494220495e-05
"MDG","1-5",10,-0.0114204794839917,7.84755556321916e-05
"MDG","6-11",10,-0.120475713466297,0.000846253735350177
"MDG","12-23",10,-0.260837177977641,0.00141218557767554
"MDG","24-35",10,-0.410335745709838,0.00186518274439642
"MDG","36-47",10,-0.294971495137409,0.00243535774378236
"MDG","48-59",10,-0.342593204353921,0.00373244687870504
"MLI","<1",10,0.0320954548386328,0.000170301911137509
"MLI","1-5",10,-0.0212878266496705,0.000272320934966524
"MLI","6-11",10,-0.211778748217065,0.00219252308030991
"MLI","12-23",10,-0.444689157103045,0.0034762396136653
"MLI","24-35",10,-0.68675892840302,0.00454814125438296
"MLI","36-47",10,-0.506304340571877,0.00596985240750716
"MLI","48-59",10,-0.545696214677503,0.00899789994334722
"MOZ","<1",10,0.0432598483475817,0.000307012784083178
"MOZ","1-5",10,-0.0287000282121844,0.000494416912066054
"MOZ","6-11",10,-0.266327279650717,0.00282359224433939
"MOZ","12-23",10,-0.537287242041108,0.00414120410222891
"MOZ","24-35",10,-0.809213637770301,0.00533120826670493
"MOZ","36-47",10,-0.616826195234935,0.00707068832704031
"MOZ","48-59",10,-0.597847913077558,0.0104185559573051
"MRT","<1",10,0.00499638620590534,4.17634910309347e-06
"MRT","1-5",10,-0.0033128836512971,6.60702060687257e-06
"MRT","6-11",10,-0.0356826573072484,7.88772524506972e-05
"MRT","12-23",10,-0.078049362531605,0.000133603303692255
"MRT","24-35",10,-0.123518864636259,0.00017691725269981
"MRT","36-47",10,-0.0880666947485344,0.000230699668340605
"MRT","48-59",10,-0.104717666936987,0.000355384156131765
"MWI","<1",10,0.0345241016218738,0.000196722944835995
"MWI","1-5",10,-0.0228998363704094,0.000315047384213466
"MWI","6-11",10,-0.22477707081977,0.00237101980025454
"MWI","12-23",10,-0.468499772045293,0.0037075532678076
"MWI","24-35",10,-0.720205007196564,0.00483762931888311
"MWI","36-47",10,-0.534302843835355,0.00636028476816053
"MWI","48-59",10,-0.564946268963182,0.00954538413688228
"NAM","<1",10,0.00170345842705868,4.85592880212053e-07
"NAM","1-5",10,-0.00112948050188093,7.68014945234044e-07
"NAM","6-11",10,-0.0121856425952567,9.24282148989215e-06
"NAM","12-23",10,-0.0266752229753783,1.56731690016553e-05
"NAM","24-35",10,-0.0422350607264793,2.07583570250289e-05
"NAM","36-47",10,-0.0300936586693191,2.70663169682784e-05
"NAM","48-59",10,-0.0358483627068768,4.17108638481759e-05
"NER","<1",10,0.0312162733306548,0.000161194429339069
"NER","1-5",10,-0.0207043313385807,0.00025761955722064
"NER","6-11",10,-0.206918790417464,0.00212239306180498
"NER","12-23",10,-0.435567389656931,0.00338032506607686
"NER","24-35",10,-0.673705920906636,0.00442651511845158
"NER","36-47",10,-0.495642316863305,0.00580720171266153
"NER","48-59",10,-0.537602463861805,0.00876522283983652
"NGA","<1",10,0.0444642356281135,0.000324088310607951
"NGA","1-5",10,-0.0294998719426303,0.000522300225302501
"NGA","6-11",10,-0.271463054034708,0.00286731566659721
"NGA","12-23",10,-0.544863298807091,0.00416390247445377
"NGA","24-35",10,-0.818038041509337,0.00534856434754223
"NGA","36-47",10,-0.626035349194786,0.00710433765843344
"NGA","48-59",10,-0.598578491119606,0.0104410333469245
"RWA","<1",10,0.00531875830255085,4.73245512987078e-06
"RWA","1-5",10,-0.00352663806079447,7.48707562488505e-06
"RWA","6-11",10,-0.0379754520718395,8.9274853738854e-05
"RWA","12-23",10,-0.0830543494660871,0.000151189080195134
"RWA","24-35",10,-0.131430378138759,0.000200198459385763
"RWA","36-47",10,-0.0937165231622348,0.000261062035856312
"RWA","48-59",10,-0.111405067887534,0.000402132439469249
"SEN","<1",10,0.0121935680518103,2.48343481264999e-05
"SEN","1-5",10,-0.00808533210104632,3.93444801252677e-05
"SEN","6-11",10,-0.0862705105021404,0.000448663027692505
"SEN","12-23",10,-0.187837631465225,0.000754988411258391
"SEN","24-35",10,-0.296475296936674,0.000998627498881895
"SEN","36-47",10,-0.212157380859504,0.0013029351228139
"SEN","48-59",10,-0.24964635629797,0.00200259024231623
"SLE","<1",10,0.0554531282230339,0.000500789033355301
"SLE","1-5",10,-0.0367986748929145,0.000812022148090266
"SLE","6-11",10,-0.312656731359272,0.00315674966373983
"SLE","12-23",10,-0.596018611672358,0.00419640920472325
"SLE","24-35",10,-0.868106266147571,0.005274928143284
"SLE","36-47",10,-0.687260311670941,0.00711157531153833
"SLE","48-59",10,-0.575991508302423,0.010251308515245
"SOM","<1",10,0.00541400588519419,4.90340383758514e-06
"SOM","1-5",10,-0.00358979375252638,7.75762097129372e-06
"SOM","6-11",10,-0.0386525411645581,9.24661342456635e-05
"SOM","12-23",10,-0.0845320212054784,0.000156585359926187
"SOM","24-35",10,-0.133765842302088,0.000207342130169438
"SOM","36-47",10,-0.0953846660358529,0.000270378688427501
"SOM","48-59",10,-0.113378465855099,0.00041647595617253
"SSD","<1",10,0.0416203044341314,0.000284495778275622
"SSD","1-5",10,-0.0276112507850225,0.000457687705896535
"SSD","6-11",10,-0.259116449230333,0.00275805263782761
"SSD","12-23",10,-0.526270708840138,0.0040989366393277
"SSD","24-35",10,-0.795954080122565,0.00529212803684567
"SSD","36-47",10,-0.603462438123188,0.00700525046555503
"SSD","48-59",10,-0.595528280773448,0.010359087338894
"SWZ","<1",10,0.00376209796333832,2.36813303614327e-06
"SWZ","1-5",10,-0.00249447305106694,3.74593473731692e-06
"SWZ","6-11",10,-0.0268895324593475,4.48975323412104e-05
"SWZ","12-23",10,-0.0588391504764575,7.60900379311163e-05
"SWZ","24-35",10,-0.0931385192123994,0.000100767805076987
"SWZ","36-47",10,-0.0663852538197122,0.000131394910598849
"SWZ","48-59",10,-0.079007243374773,0.000202447700262798
"TCD","<1",10,0.027103312253585,0.000121835619097308
"TCD","1-5",10,-0.0179750303473834,0.000194252300954405
"TCD","6-11",10,-0.183175704834162,0.00176444525291197
"TCD","12-23",10,-0.389619751720932,0.0028619138768372
"TCD","24-35",10,-0.606477864174535,0.00376057773960789
"TCD","36-47",10,-0.442331178818127,0.00492378752014289
"TCD","48-59",10,-0.492402535365275,0.00747534220523661
"TGO","<1",10,0.0377459818699382,0.000234623571238622
"TGO","1-5",10,-0.0250387311615165,0.000376522619756693
"TGO","6-11",10,-0.241022024701847,0.00257003568144719
"TGO","12-23",10,-0.496843779658289,0.00393341787511597
"TGO","24-35",10,-0.758493172884881,0.00511009058057516
"TGO","36-47",10,-0.568018319020915,0.00673688334813589
"TGO","48-59",10,-0.583294241168446,0.0100457940581122
"TZA","<1",10,0.0158880940309368,4.21080372505605e-05
"TZA","1-5",10,-0.0105354487826427,6.67894610045984e-05
"TZA","6-11",10,-0.111520069152573,0.000732440912140829
"TZA","12-23",10,-0.241859132610001,0.00122538913124089
"TZA","24-35",10,-0.380861522039763,0.0016191928435079
"TZA","36-47",10,-0.273408072910352,0.0021136831007639
"TZA","48-59",10,-0.318808899521708,0.00324226145890245
"UGA","<1",10,0.039416497027004,0.000255552161639854
"UGA","1-5",10,-0.0261478807429004,0.000410549309714561
"UGA","6-11",10,-0.24901057017209,0.00265735630709386
"UGA","12-23",10,-0.510133935817108,0.00401742638846347
"UGA","24-35",10,-0.775742410636172,0.00520589033101591
"UGA","36-47",10,-0.58397439794785,0.00687453579668026
"UGA","48-59",10,-0.589800133635605,0.0102146685143611
"ZMB","<1",10,0.0257027816398825,0.000109661714624204
"ZMB","1-5",10,-0.0170457947403962,0.000174709347705346
"ZMB","6-11",10,-0.174738940663969,0.00163460248836547
"ZMB","12-23",10,-0.372830130236998,0.00266518181051597
"ZMB","24-35",10,-0.581432702044415,0.00350544813655599
"ZMB","36-47",10,-0.422979007290928,0.00458727527559101
"ZMB","48-59",10,-0.474448914519239,0.00697631536476047
"ZWE","<1",10,0.00609638258223191,6.21670495877139e-06
"ZWE","1-5",10,-0.00404225824776184,9.83628116176365e-06
"ZWE","6-11",10,-0.0434985640677599,0.000116904963348291
"ZWE","12-23",10,-0.0951027936363589,0.000197890792627047
"ZWE","24-35",10,-0.150468259320795,0.000262018462903856
"ZWE","36-47",10,-0.107319266144271,0.000341689426447238
"ZWE","48-59",10,-0.127481360061681,0.000526245139607789
"AGO","<1",45,0.0303182637405394,0.000222142174519046
"AGO","1-5",45,-0.0221218496780597,0.000358055789207088
"AGO","6-11",45,-0.239553284245109,0.00250533462371328
"AGO","12-23",45,-0.499471799564511,0.00385216040836337
"AGO","24-35",45,-0.75778937749303,0.0050105092190784
"AGO","36-47",45,-0.562174080322974,0.00660241469217149
"AGO","48-59",45,-0.583496572190305,0.00987933559579326
"BDI","<1",45,0.0349030811379965,0.000293397481299411
"BDI","1-5",45,-0.0254748116197622,0.000474576760962062
"BDI","6-11",45,-0.264698065578739,0.00278242403379965
"BDI","12-23",45,-0.540697904889758,0.00410409995894745
"BDI","24-35",45,-0.811111899169084,0.00529112432492709
"BDI","36-47",45,-0.612978501873044,0.00701366315725866
"BDI","48-59",45,-0.602571195087852,0.0103722338911485
"BEN","<1",45,0.0541746380709216,0.00069856907308287
"BEN","1-5",45,-0.0395780400207703,0.00114381738024836
"BEN","6-11",45,-0.339755521578794,0.00335823230183179
"BEN","12-23",45,-0.619547869707591,0.00419542261124849
"BEN","24-35",45,-0.879715324776352,0.00518052457401051
"BEN","36-47",45,-0.710256635329158,0.00706866787768848
"BEN","48-59",45,-0.538250233372693,0.0101142758769167
"BFA","<1",45,0.0311376430500949,0.000234165352607366
"BFA","1-5",45,-0.0227209153570404,0.000377675165907033
"BFA","6-11",45,-0.244312514136274,0.00256283440307192
"BFA","12-23",45,-0.507660636134028,0.00391347471653365
"BFA","24-35",45,-0.768761274647428,0.0050830047747031
"BFA","36-47",45,-0.572113095360355,0.00670419230988109
"BFA","48-59",45,-0.588476384784851,0.0100113629588869
"BWA","<1",45,0.000117152492974485,3.36354929377345e-09
"BWA","1-5",45,-8.5396886797758e-05,5.34717729128972e-09
"BWA","6-11",45,-0.00104446845974548,6.36974266806921e-08
"BWA","12-23",45,-0.00229790343025977,1.07699635674296e-07
"BWA","24-35",45,-0.00358767800268342,1.42612412951227e-07
"BWA","36-47",45,-0.00253510482283621,1.8596973349549e-07
"BWA","48-59",45,-0.00300482551848308,2.86858209289622e-07
"CAF","<1",45,0.0502104125786484,0.000601348145747722
"CAF","1-5",45,-0.0366773517641044,0.000982505742424802
"CAF","6-11",45,-0.327334405406185,0.00327162008370696
"CAF","12-23",45,-0.61258638598558,0.00419192160746687
"CAF","24-35",45,-0.879316298962319,0.00521502711553134
"CAF","36-47",45,-0.704224522666719,0.00708633307007691
"CAF","48-59",45,-0.560289094345633,0.0101775098739769
"CIV","<1",45,0.0321936915606538,0.00025011796725689
"CIV","1-5",45,-0.0234931259644619,0.00040373464227981
"CIV","6-11",45,-0.25027152273831,0.00263148395362844
"CIV","12-23",45,-0.517673675694306,0.00398119853634562
"CIV","24-35",45,-0.78194663246444,0.00516091669219375
"CIV","36-47",45,-0.584365333809499,0.00681572280904207
"CIV","48-59",45,-0.59384116256851,0.0101507249217305
"CMR","<1",45,0.0375017852331343,0.000338087404583131
"CMR","1-5",45,-0.0273761079442919,0.000547913065346824
"CMR","6-11",45,-0.277443393403545,0.00289906912594063
"CMR","12-23",45,-0.55940777565491,0.00416773928170427
"CMR","24-35",45,-0.833270220736116,0.00534202847197151
"CMR","36-47",45,-0.636704802140219,0.00710976046111564
"CMR","48-59",45,-0.604877283742475,0.0104444263685289
"COD","<1",45,0.0536579808808553,0.000685494067893828
"COD","1-5",45,-0.0392000511439755,0.0011221018092919
"COD","6-11",45,-0.338196711840987,0.00334752849053816
"COD","12-23",45,-0.618822975507668,0.00419437165674213
"COD","24-35",45,-0.879876151296918,0.00518378962706382
"COD","36-47",45,-0.709842231431528,0.00707018218393769
"COD","48-59",45,-0.541095905627535,0.0101211275626515
"COG","<1",45,0.0343267225947714,0.00028390745881896
"COG","1-5",45,-0.0250531989576817,0.000459026597308315
"COG","6-11",45,-0.26172974162033,0.00275308974927261
"COG","12-23",45,-0.536110962948552,0.00408343990388863
"COG","24-35",45,-0.805447769594097,0.00527092537576145
"COG","36-47",45,-0.607227387455041,0.00698105208344295
"COG","48-59",45,-0.601287728266185,0.010339553126271
"COM","<1",45,0.00306958307418299,2.3087807483462e-06
"COM","1-5",45,-0.00223755727524101,3.67094476872667e-06
"COM","6-11",45,-0.0273356419646521,4.35144313572383e-05
"COM","12-23",45,-0.0601124352570016,7.3523440769819e-05
"COM","24-35",45,-0.093830245479123,9.73458490562183e-05
"COM","36-47",45,-0.0663288327035554,0.000126948738894552
"COM","48-59",45,-0.0785348350610128,0.000195771945767079
"DJI","<1",45,0.00656105088298589,1.05418121017962e-05
"DJI","1-5",45,-0.00478281589397937,1.67709349538217e-05
"DJI","6-11",45,-0.0581868860993098,0.000195256437975036
"DJI","12-23",45,-0.12773920146366,0.000329074185850854
"DJI","24-35",45,-0.199216432473875,0.00043550712162003
"DJI","36-47",45,-0.141036786868741,0.000568071329991801
"DJI","48-59",45,-0.166339142162949,0.000875279480975496
"ERI","<1",45,0.00151089911495013,5.59434120588696e-07
"ERI","1-5",45,-0.00110135410785733,8.89389234435238e-07
"ERI","6-11",45,-0.0134667531113688,1.05824119186586e-05
"ERI","12-23",45,-0.0296245608842738,1.78898417954463e-05
"ERI","24-35",45,-0.0462497430756432,2.36884963536107e-05
"ERI","36-47",45,-0.0326838692141651,3.08907564294054e-05
"ERI","48-59",45,-0.0387300227631994,4.764631735286e-05
"ETH","<1",45,0.00592191977082362,8.58922502212579e-06
"ETH","1-5",45,-0.00431687124414396,1.36627306623865e-05
"ETH","6-11",45,-0.052570529970886,0.000159751811159267
"ETH","12-23",45,-0.115456144408939,0.000269400804819528
"ETH","24-35",45,-0.180097711716453,0.000356570989224147
"ETH","36-47",45,-0.127456140462745,0.000465082847059364
"ETH","48-59",45,-0.150462628918578,0.000716745087323699
"GAB","<1",45,0.0274230828710132,0.00018214092570176
"GAB","1-5",45,-0.020005791152341,0.000292930299586505
"GAB","6-11",45,-0.221747295702224,0.00227006465110529
"GAB","12-23",45,-0.46747363212255,0.00356755485878353
"GAB","24-35",45,-0.713562429540904,0.00466079982052524
"GAB","36-47",45,-0.523978084499627,0.00612440299667106
"GAB","48-59",45,-0.559770380921197,0.00922460746470968
"GHA","<1",45,0.0240897225229258,0.000140893099375052
"GHA","1-5",45,-0.0175707912884182,0.000226045646850047
"GHA","6-11",45,-0.19937083389234,0.00194172323337834
"GHA","12-23",45,-0.424825156076045,0.00311364006103766
"GHA","24-35",45,-0.652237115082628,0.00408368873551138
"GHA","36-47",45,-0.474264001025427,0.00535337110242008
"GHA","48-59",45,-0.520632797671188,0.00811418806464371
"GIN","<1",45,0.0318938593626832,0.000245536443704429
"GIN","1-5",45,-0.0232738685037419,0.000396247330522351
"GIN","6-11",45,-0.248599370369712,0.00261259681387635
"GIN","12-23",45,-0.514891796216037,0.00396321028281635
"GIN","24-35",45,-0.778310485217406,0.0051404978054191
"GIN","36-47",45,-0.580950133690985,0.00678621083491398
"GIN","48-59",45,-0.592435603977998,0.0101145162001837
"GMB","<1",45,0.0111029412548034,3.01469574884034e-05
"GMB","1-5",45,-0.00809441373143081,4.80250389718041e-05
"GMB","6-11",45,-0.0974881658922801,0.00053533073486973
"GMB","12-23",45,-0.213136466672236,0.000896530753424865
"GMB","24-35",45,-0.33169176520467,0.0011851943724851
"GMB","36-47",45,-0.235681494587782,0.00154683318132396
"GMB","48-59",45,-0.275308231428306,0.00237822484683131
"GNB","<1",45,0.00963729132636884,2.27249793524036e-05
"GNB","1-5",45,-0.00702567857094168,3.61833236235408e-05
"GNB","6-11",45,-0.0849412949052011,0.000410071218059856
"GNB","12-23",45,-0.185998665930164,0.000688431088618856
"GNB","24-35",45,-0.289694641438197,0.000910477964842938
"GNB","36-47",45,-0.205553740483248,0.00118803000723129
"GNB","48-59",45,-0.240999894930619,0.00182808336118339
"GNQ","<1",45,0.0339652234189051,0.00027803332785229
"GNQ","1-5",45,-0.0247887729049859,0.000449405773695113
"GNQ","6-11",45,-0.25984073675557,0.00273396669750427
"GNQ","12-23",45,-0.533149804941336,0.00406906946031346
"GNQ","24-35",45,-0.801749561808725,0.00525632785415004
"GNQ","36-47",45,-0.603528310581676,0.00695815539613402
"GNQ","48-59",45,-0.600329581090441,0.0103153749840063
"KEN","<1",45,0.00681411552821346,1.1370035446258e-05
"KEN","1-5",45,-0.00496731055756787,1.80895850128856e-05
"KEN","6-11",45,-0.0604059004547341,0.000210225961615049
"KEN","12-23",45,-0.132587865628363,0.000354211011117522
"KEN","24-35",45,-0.206759932920432,0.000468752967212868
"KEN","36-47",45,-0.146399439299427,0.000611450898447355
"KEN","48-59",45,-0.172595232794532,0.000942034746815141
"LBR","<1",45,0.0224846537960541,0.000122879220543985
"LBR","1-5",45,-0.0163987582145025,0.000196928684559475
"LBR","6-11",45,-0.187945034222586,0.00176773205359338
"LBR","12-23",45,-0.402272911647971,0.00285758373615723
"LBR","24-35",45,-0.61909335054246,0.00375356160826026
"LBR","36-47",45,-0.448337616614958,0.00491622030704367
"LBR","48-59",45,-0.497675802815165,0.00747081900707358
"MDG","<1",45,0.014266362120851,4.97057821624457e-05
"MDG","1-5",45,-0.010401543227687,7.92869663541997e-05
"MDG","6-11",45,-0.124004004903503,0.000845570476342353
"MDG","12-23",45,-0.269960484084629,0.00140666754173882
"MDG","24-35",45,-0.419200927523705,0.00185739909352014
"MDG","36-47",45,-0.298983304270747,0.00242565250353778
"MDG","48-59",45,-0.345790879217297,0.00372100041708612
"MLI","<1",45,0.0265773803421005,0.00017118743774406
"MLI","1-5",45,-0.0193878815152891,0.00027514090074354
"MLI","6-11",45,-0.216252748306541,0.00219192759580353
"MLI","12-23",45,-0.457218619484238,0.0034640586958873
"MLI","24-35",45,-0.699017034575449,0.00453055551549172
"MLI","36-47",45,-0.511922596738762,0.00594922668794629
"MLI","48-59",45,-0.550993541095717,0.00897622384453023
"MOZ","<1",45,0.0358090344217405,0.000308623872539178
"MOZ","1-5",45,-0.0261375809404536,0.000499543978019594
"MOZ","6-11",45,-0.269258043098961,0.00282583564110521
"MOZ","12-23",45,-0.547581014799808,0.0041313956589553
"MOZ","24-35",45,-0.819452226188134,0.00531581332255786
"MOZ","36-47",45,-0.621657120487704,0.00705597524164232
"MOZ","48-59",45,-0.604002905861518,0.0104102621104674
"MRT","<1",45,0.00413929740502979,4.19776875733022e-06
"MRT","1-5",45,-0.00301734481507265,6.67529284544604e-06
"MRT","6-11",45,-0.0368269623355706,7.88032738306787e-05
"MRT","12-23",45,-0.0809530583132923,0.000133071907013917
"MRT","24-35",45,-0.126335630104505,0.000176171215457812
"MRT","36-47",45,-0.0893373002326837,0.000229756446088414
"MRT","48-59",45,-0.10568335711641,0.000354245122370217
"MWI","<1",45,0.0285863309571077,0.000197747866047764
"MWI","1-5",45,-0.0208558660380806,0.00031831078222768
"MWI","6-11",45,-0.229090255737287,0.00237077044269555
"MWI","12-23",45,-0.480914438939925,0.00369512860885342
"MWI","24-35",45,-0.732377614644021,0.00481953151652299
"MWI","36-47",45,-0.539904663495325,0.00633952286220597
"MWI","48-59",45,-0.57048716947901,0.00952456755328139
"NAM","<1",45,0.00141125842620234,4.88082573551729e-07
"NAM","1-5",45,-0.00102872175789612,7.75950659297932e-07
"NAM","6-11",45,-0.0125790900495317,9.23406672199211e-06
"NAM","12-23",45,-0.0276722494445392,1.56107615145892e-05
"NAM","24-35",45,-0.0432021190146177,2.06707707208282e-05
"NAM","36-47",45,-0.0305297836476928,2.6955470548575e-05
"NAM","48-59",45,-0.0361786458415654,4.15767834951577e-05
"NER","<1",45,0.0258500212578356,0.000162032019433438
"NER","1-5",45,-0.0188565108659149,0.000260287001262178
"NER","6-11",45,-0.211425516933953,0.00212170513164944
"NER","12-23",45,-0.448084154076025,0.00336832504828736
"NER","24-35",45,-0.685943267089599,0.00440923572699818
"NER","36-47",45,-0.501243983716348,0.00578680150959357
"NER","48-59",45,-0.542803587500653,0.00874349469398762
"NGA","<1",45,0.0368044908307153,0.000325790612685378
"NGA","1-5",45,-0.0268658985090909,0.000527717230961038
"NGA","6-11",45,-0.274123331880288,0.00287005617846724
"NGA","12-23",45,-0.554695691965691,0.00415486660576932
"NGA","24-35",45,-0.827849402611475,0.00533407336788209
"NGA","36-47",45,-0.630689068798569,0.00709121797457409
"NGA","48-59",45,-0.604790094766639,0.0104355451885711
"RWA","<1",45,0.00440636250259035,4.75672814027645e-06
"RWA","1-5",45,-0.00321202994124532,7.56444232029412e-06
"RWA","6-11",45,-0.039192023598607,8.91912502946339e-05
"RWA","12-23",45,-0.0861420630713745,0.000150587840021542
"RWA","24-35",45,-0.134425708789961,0.000199354325248446
"RWA","36-47",45,-0.0950677253389719,0.000259994950983456
"RWA","48-59",45,-0.112432572438435,0.000400844156820304
"SEN","<1",45,0.0101012862114037,2.49619514541215e-05
"SEN","1-5",45,-0.00736400717872162,3.97511535823422e-05
"SEN","6-11",45,-0.0889291657526667,0.000448267270942241
"SEN","12-23",45,-0.194638825143892,0.000752006707350232
"SEN","24-35",45,-0.303077710265523,0.00099443308482384
"SEN","36-47",45,-0.215139777462238,0.00129766352142286
"SEN","48-59",45,-0.25196090004497,0.00199628767673541
"SLE","<1",45,0.0458852071303001,0.000503439553866412
"SLE","1-5",45,-0.0335117533445278,0.000820454064766
"SLE","6-11",45,-0.312334917164862,0.00316548616360388
"SLE","12-23",45,-0.600572284245361,0.00419794839752754
"SLE","24-35",45,-0.873011592530365,0.00527314960174802
"SLE","36-47",45,-0.689836027845938,0.00711929477846548
"SLE","48-59",45,-0.582489735600597,0.0102801333152807
"SOM","<1",45,0.00448526892241123,4.92855403518408e-06
"SOM","1-5",45,-0.00326955142212491,7.83778350070838e-06
"SOM","6-11",45,-0.0398904089039028,9.23795827906881e-05
"SOM","12-23",45,-0.0876739862269576,0.000155962692918983
"SOM","24-35",45,-0.136813818882578,0.000206467899485562
"SOM","36-47",45,-0.0967596320799267,0.000269273609733296
"SOM","48-59",45,-0.114424216496558,0.000415141908355672
"SSD","<1",45,0.0344538030982187,0.000285986744180755
"SSD","1-5",45,-0.0251461573336034,0.000462432929464181
"SSD","6-11",45,-0.262388786473536,0.00275967766397092
"SSD","12-23",45,-0.537136433119414,0.00408822835019876
"SSD","24-35",45,-0.806721008891296,0.00527569725682669
"SSD","36-47",45,-0.608510889498691,0.00698864558530808
"SSD","48-59",45,-0.601596272510738,0.0103473646423935
"SWZ","<1",45,0.00311675656535787,2.38027676234039e-06
"SWZ","1-5",45,-0.00227194485652104,3.78464158607157e-06
"SWZ","6-11",45,-0.0277547464125923,4.48552169492262e-05
"SWZ","12-23",45,-0.0610331774931314,7.57872302627735e-05
"SWZ","24-35",45,-0.0952667322431126,0.000100342756786879
"SWZ","36-47",45,-0.0673451515300112,0.000130857253966577
"SWZ","48-59",45,-0.0797355049448512,0.000201797894388645
"TCD","<1",45,0.0224465970766952,0.000122466750416992
"TCD","1-5",45,-0.0163709722976207,0.000196262673098732
"TCD","6-11",45,-0.187669338599019,0.00176351758230407
"TCD","12-23",45,-0.401723370459309,0.00285128311524466
"TCD","24-35",45,-0.618280933147181,0.00374541137468493
"TCD","36-47",45,-0.447708279735148,0.00490544996656209
"TCD","48-59",45,-0.497101264213012,0.00745488289595636
"TGO","<1",45,0.0312507425624822,0.000235849239695856
"TGO","1-5",45,-0.0228036108687325,0.000380424414986707
"TGO","6-11",45,-0.244960039363342,0.00257047469508362
"TGO","12-23",45,-0.508761877460574,0.00392132141494542
"TGO","24-35",45,-0.770224294068828,0.00509216406083487
"TGO","36-47",45,-0.573455187106129,0.00671716847233913
"TGO","48-59",45,-0.589106825925702,0.0100279005961851
"TZA","<1",45,0.0131612415301205,4.23247218067093e-05
"TZA","1-5",45,-0.00959549419364776,6.7479973565988e-05
"TZA","6-11",45,-0.11483752006391,0.000731832508280038
"TZA","12-23",45,-0.25040866026298,0.00122058440366487
"TZA","24-35",45,-0.389166684773673,0.00161242123379694
"TZA","36-47",45,-0.277164339517495,0.00210521883037471
"TZA","48-59",45,-0.32177850798796,0.00323223588377471
"UGA","<1",45,0.0326319350870684,0.000256889020676409
"UGA","1-5",45,-0.0238136158777163,0.000414804624816444
"UGA","6-11",45,-0.252687855686269,0.00265825876202567
"UGA","12-23",45,-0.521653973364589,0.00400579784557992
"UGA","24-35",45,-0.787110764658802,0.00518843976859522
"UGA","36-47",45,-0.589267111480342,0.00685591996821983
"UGA","48-59",45,-0.595731852588654,0.0101990906829146
"ZMB","<1",45,0.0212874259069009,0.000110229226964278
"ZMB","1-5",45,-0.0155247118771418,0.000176517190648161
"ZMB","6-11",45,-0.179170068547785,0.00163365354138006
"ZMB","12-23",45,-0.384669511267023,0.00265517193776984
"ZMB","24-35",45,-0.592970130124447,0.00349120091321086
"ZMB","36-47",45,-0.428228310370014,0.00456994258183081
"ZMB","48-59",45,-0.478958287823786,0.00695675360430978
"ZWE","<1",45,0.00505057017193,6.24859497276194e-06
"ZWE","1-5",45,-0.00368165066076237,9.93792514818125e-06
"ZWE","6-11",45,-0.0448882099859522,0.000116795931724647
"ZWE","12-23",45,-0.098631740932109,0.000197104194143198
"ZWE","24-35",45,-0.153891795214646,0.000260913938864048
"ZWE","36-47",45,-0.108863781023787,0.000340293747744722
"ZWE","48-59",45,-0.128657580341433,0.000524561298039018
"AGO","<1",61,0.0304885480953714,0.000221911625572092
"AGO","1-5",61,-0.0206984243068774,0.000357384494950938
"AGO","6-11",61,-0.249072978496152,0.00249717150782101
"AGO","12-23",61,-0.514911751899896,0.0038341599318038
"AGO","24-35",61,-0.774788932801668,0.00499754415960584
"AGO","36-47",61,-0.569162799508573,0.00656656305792788
"AGO","48-59",61,-0.585016691254484,0.00981673991757743
"BDI","<1",61,0.0350950737357717,0.000293093016790788
"BDI","1-5",61,-0.0238351136585736,0.000473687010817581
"BDI","6-11",61,-0.274558694602696,0.00277242878093027
"BDI","12-23",61,-0.555890839535499,0.00408230278491041
"BDI","24-35",61,-0.828984327548086,0.00527429541617578
"BDI","36-47",61,-0.62002048634782,0.00697061985659051
"BDI","48-59",61,-0.603980412538417,0.0102972375403226
"BEN","<1",61,0.0544489619769839,0.000697847248004764
"BEN","1-5",61,-0.0370268990410587,0.00114167407539122
"BEN","6-11",61,-0.348768032551432,0.00334314693260839
"BEN","12-23",61,-0.62911429292239,0.00416524106919513
"BEN","24-35",61,-0.898116338153572,0.0051521646415747
"BEN","36-47",61,-0.715559965864385,0.00700768307020665
"BEN","48-59",61,-0.538616850512536,0.0100051032474086
"BFA","<1",61,0.0313118996949843,0.00023392232255031
"BFA","1-5",61,-0.0212588622357146,0.000376967085335689
"BFA","6-11",61,-0.253918066097828,0.00255433418247943
"BFA","12-23",61,-0.523113599875107,0.00389476066339731
"BFA","24-35",61,-0.785954639618346,0.00506935172203809
"BFA","36-47",61,-0.57913388088521,0.00666699059941963
"BFA","48-59",61,-0.589984174394552,0.00994644712975198
"BWA","<1",61,0.000117854247265836,3.36006828855364e-09
"BWA","1-5",61,-7.99076389727051e-05,5.33715714264282e-09
"BWA","6-11",61,-0.00109317202439281,6.3551145215385e-08
"BWA","12-23",61,-0.00238571566448334,1.07374792739233e-07
"BWA","24-35",61,-0.003671855196173,1.42441724756792e-07
"BWA","36-47",61,-0.00257301933965203,1.85281285981464e-07
"BWA","48-59",61,-0.00301442031415546,2.8562883336778e-07
"CAF","<1",61,0.0504684163850455,0.0006007260640623
"CAF","1-5",61,-0.0343138807485575,0.000980664438334015
"CAF","6-11",61,-0.336658246133603,0.00325722208128321
"CAF","12-23",61,-0.623465901910176,0.00416260040477024
"CAF","24-35",61,-0.897737428412614,0.00518820796695763
"CAF","36-47",61,-0.709984486636996,0.00702760150570582
"CAF","48-59",61,-0.560884468728422,0.0100733289186442
"CIV","<1",61,0.0323730058949983,0.000249858382102151
"CIV","1-5",61,-0.0219812721612915,0.000402977702168192
"CIV","6-11",61,-0.259971009781165,0.0026225543743157
"CIV","12-23",61,-0.533104742423025,0.00396158437765447
"CIV","24-35",61,-0.799364259416318,0.00514637145449095
"CIV","36-47",61,-0.591412271830833,0.00677681904188965
"CIV","48-59",61,-0.59532798172946,0.0100828810267104
"CMR","<1",61,0.0377055759970063,0.000337736659105737
"CMR","1-5",61,-0.0256136953058558,0.000546885853352417
"CMR","6-11",61,-0.287362429052643,0.00288811610428615
"CMR","12-23",61,-0.574158710853857,0.00414405968863172
"CMR","24-35",61,-0.851436438816711,0.0053230762621434
"CMR","36-47",61,-0.64365614390667,0.00706310234129605
"CMR","48-59",61,-0.60618434412197,0.010363112050568
"COD","<1",61,0.0539301802689664,0.000684785645995042
"COD","1-5",61,-0.03667337091824,0.0011199991555144
"COD","6-11",61,-0.347249253297512,0.00333252626912103
"COD","12-23",61,-0.6285526139419,0.00416429576042026
"COD","24-35",61,-0.898275636760634,0.00515561620513623
"COD","36-47",61,-0.715203535303648,0.00700947090550051
"COD","48-59",61,-0.541491040896835,0.01001257363702
"COG","<1",61,0.034516052266299,0.000283612830423832
"COG","1-5",61,-0.0234407055483068,0.000458165997708682
"COG","6-11",61,-0.271565187364439,0.0027433161167601
"COG","12-23",61,-0.551375034543198,0.00406208992739565
"COG","24-35",61,-0.823237060144011,0.00525457886747716
"COG","36-47",61,-0.614278593907513,0.00693885960097956
"COG","48-59",61,-0.602716122969925,0.0102660320936859
"COM","<1",61,0.00308795870378107,2.30639121931733e-06
"COM","1-5",61,-0.00209372730583565,3.66406567519037e-06
"COM","6-11",61,-0.0286086327663754,4.34141450474172e-05
"COM","12-23",61,-0.0624058854680183,7.33007152123155e-05
"COM","24-35",61,-0.0960309816242872,9.72283259728717e-05
"COM","36-47",61,-0.0673193973313303,0.000126477107114077
"COM","48-59",61,-0.0787852597826885,0.000194930004996975
"DJI","<1",61,0.00660023877107771,1.05308995653555e-05
"DJI","1-5",61,-0.0044753655625238,1.67395064217482e-05
"DJI","6-11",61,-0.0608836078498919,0.000194800599385802
"DJI","12-23",61,-0.132584105750482,0.000328061465820372
"DJI","24-35",61,-0.203882800664129,0.000434964676679728
"DJI","36-47",61,-0.143131889806334,0.000565933299679362
"DJI","48-59",61,-0.166866848248946,0.000871467016871055
"ERI","<1",61,0.00151994821143854,5.58855143727455e-07
"ERI","1-5",61,-0.00103055972185529,8.87722592352582e-07
"ERI","6-11",61,-0.0140945140455589,1.05580890245907e-05
"ERI","12-23",61,-0.0307562076793348,1.78358273496026e-05
"ERI","24-35",61,-0.04733480276405,2.3660086379217e-05
"ERI","36-47",61,-0.033172515973907,3.0776304982134e-05
"ERI","48-59",61,-0.0388536524503938,4.7441953919113e-05
"ETH","<1",61,0.00595730933187375,8.5803341276678e-06
"ETH","1-5",61,-0.00403937534063501,1.36371270543314e-05
"ETH","6-11",61,-0.0550097528047577,0.000159380001507153
"ETH","12-23",61,-0.119841366992369,0.000268574833650234
"ETH","24-35",61,-0.184317577164351,0.000356130132157914
"ETH","36-47",61,-0.129351910021098,0.000463337835443966
"ETH","48-59",61,-0.150940552058894,0.000713632617348302
"GAB","<1",61,0.0275789727892169,0.000181951919427128
"GAB","1-5",61,-0.0187187619277475,0.00029238112207699
"GAB","6-11",61,-0.23086625144342,0.00226310891153893
"GAB","12-23",61,-0.48263956891294,0.00355215065870445
"GAB","24-35",61,-0.729727096656481,0.00465019939438801
"GAB","36-47",61,-0.530764679346519,0.00609348639556569
"GAB","48-59",61,-0.561303995505814,0.00917049262539941
"GHA","<1",61,0.024228349667208,0.000140746942795085
"GHA","1-5",61,-0.0164406281012596,0.000225621887938788
"GHA","6-11",61,-0.207840597219401,0.00193614781975374
"GHA","12-23",61,-0.43923237579683,0.00310125772045019
"GHA","24-35",61,-0.667149368753355,0.00407559369853852
"GHA","36-47",61,-0.480646032906931,0.00532827605753972
"GHA","48-59",61,-0.522123378182771,0.0080701115252021
"GIN","<1",61,0.0320717446524211,0.000245281612465463
"GIN","1-5",61,-0.0217761558187473,0.000395504428305553
"GIN","6-11",61,-0.258274053926083,0.00260378847618745
"GIN","12-23",61,-0.530333375212038,0.00394384923501946
"GIN","24-35",61,-0.795667279022578,0.0051262062443177
"GIN","36-47",61,-0.587991337200089,0.00674778570707008
"GIN","48-59",61,-0.593928940541801,0.0100474961843447
"GMB","<1",61,0.0111688965092569,3.01157372446984e-05
"GMB","1-5",61,-0.0075740401998455,4.79350343129078e-05
"GMB","6-11",61,-0.101953515393566,0.000534041754896209
"GMB","12-23",61,-0.22110335631403,0.000893665169517823
"GMB","24-35",61,-0.339436118237992,0.0011836056931119
"GMB","36-47",61,-0.239137065489956,0.00154082563389106
"GMB","48-59",61,-0.276170589648808,0.0023675402865871
"GNB","<1",61,0.00969465876705444,2.27014489685816e-05
"GNB","1-5",61,-0.00657402704804979,3.61155135093935e-05
"GNB","6-11",61,-0.0888495087511376,0.000409095344185492
"GNB","12-23",61,-0.192990211509496,0.000686262071292194
"GNB","24-35",61,-0.296466829328978,0.000909290781701451
"GNB","36-47",61,-0.208582736545582,0.00118347085280863
"GNB","48-59",61,-0.24175850627953,0.00181996688389851
"GNQ","<1",61,0.0341528737495898,0.000277744789185868
"GNQ","1-5",61,-0.023193340181841,0.000448563209962807
"GNQ","6-11",61,-0.269657959703419,0.00272433357758761
"GNQ","12-23",61,-0.548453068452872,0.004048004993783
"GNQ","24-35",61,-0.819483094678474,0.00524028526383144
"GNQ","36-47",61,-0.610583127440425,0.00691650510250878
"GNQ","48-59",61,-0.60176929834456,0.0102427924173291
"KEN","<1",61,0.00685480560438164,1.13582653434714e-05
"KEN","1-5",61,-0.00464799929531188,1.80556852422532e-05
"KEN","6-11",61,-0.063204098839458,0.000209734536906996
"KEN","12-23",61,-0.137613646807277,0.000353119195071059
"KEN","24-35",61,-0.211602349175171,0.00046816728264885
"KEN","36-47",61,-0.148573028826268,0.000609146576351754
"KEN","48-59",61,-0.173142500524375,0.000937926217026085
"LBR","<1",61,0.0226147287765351,0.000122751775597907
"LBR","1-5",61,-0.0153440683808317,0.000196559522719545
"LBR","6-11",61,-0.196036873502091,0.00176279941574264
"LBR","12-23",61,-0.41616049205982,0.00284662040202728
"LBR","24-35",61,-0.633301200759235,0.0037465634739964
"LBR","36-47",61,-0.454465047714916,0.00489389460568506
"LBR","48-59",61,-0.499125265844654,0.00743153826521027
"MDG","<1",61,0.0143506449758199,4.9654286987554e-05
"MDG","1-5",61,-0.00973278959972578,7.9138363540355e-05
"MDG","6-11",61,-0.129615178139942,0.000843470432247128
"MDG","12-23",61,-0.279898643192886,0.00140199683860115
"MDG","24-35",61,-0.428955640493316,0.0018547239028475
"MDG","36-47",61,-0.303307698217992,0.00241592605278459
"MDG","48-59",61,-0.346859464776902,0.00370374490237954
"MLI","<1",61,0.026728957787343,0.000171009810035964
"MLI","1-5",61,-0.0181406674652929,0.000274625081072639
"MLI","6-11",61,-0.225225313041262,0.00218532547137742
"MLI","12-23",61,-0.472235323135098,0.00344942440512466
"MLI","24-35",61,-0.714892366193824,0.00452061676419494
"MLI","36-47",61,-0.518623314809302,0.00591978425371505
"MLI","48-59",61,-0.552521955639975,0.00892464622383193
"MOZ","<1",61,0.0360051777725624,0.00030830363225092
"MOZ","1-5",61,-0.0244551122924633,0.000498607426332671
"MOZ","6-11",61,-0.279148975194986,0.00281549843130375
"MOZ","12-23",61,-0.562641555624142,0.0041089164977279
"MOZ","24-35",61,-0.83744160722033,0.0052982331406628
"MOZ","36-47",61,-0.628676324837005,0.00701162964205007
"MOZ","48-59",61,-0.605379310121868,0.0103330001182275
"MRT","<1",61,0.00416406389827342,4.19342398667248e-06
"MRT","1-5",61,-0.00282338853456244,6.66278372413195e-06
"MRT","6-11",61,-0.0385400808817444,7.8621122419814e-05
"MRT","12-23",61,-0.0840374944857891,0.000132667334161686
"MRT","24-35",61,-0.129297875635544,0.000175956998341074
"MRT","36-47",61,-0.0906698661880691,0.000228900338338403
"MRT","48-59",61,-0.106019960825763,0.000352717222411408
"MWI","<1",61,0.0287480735232231,0.00019754264883626
"MWI","1-5",61,-0.0195140519123855,0.000317714012903432
"MWI","6-11",61,-0.238389031278444,0.00236332777740612
"MWI","12-23",61,-0.496234769110484,0.00367867058389397
"MWI","24-35",61,-0.748906843826021,0.00480799701060613
"MWI","36-47",61,-0.546789665226531,0.00630659724738519
"MWI","48-59",61,-0.572021212126939,0.00946699871289094
"NAM","<1",61,0.001419710916053,4.87577441583608e-07
"NAM","1-5",61,-0.00096259615689969,7.74496592142648e-07
"NAM","6-11",61,-0.0131654957450871,9.21284522511982e-06
"NAM","12-23",61,-0.0287293711078098,1.55636345669457e-05
"NAM","24-35",61,-0.0442156899792618,2.06459865825761e-05
"NAM","36-47",61,-0.030986245712033,2.6855610460805e-05
"NAM","48-59",61,-0.0362941362373134,4.13984725378624e-05
"NER","<1",61,0.0259978522860506,0.000161863902823523
"NER","1-5",61,-0.0176435310513042,0.000259799034965451
"NER","6-11",61,-0.220261986582394,0.00211540587643715
"NER","12-23",61,-0.46294844008188,0.00335435275664012
"NER","24-35",61,-0.701553944148042,0.00439985273387708
"NER","36-47",61,-0.507861515418516,0.00575863136345381
"NER","48-59",61,-0.544324348450852,0.00869410918774321
"NGA","<1",61,0.0370051478559898,0.000325452595249609
"NGA","1-5",61,-0.0251364214612691,0.000526727871520909
"NGA","6-11",61,-0.284035112211329,0.00285935298797048
"NGA","12-23",61,-0.569583493420631,0.00413166940679059
"NGA","24-35",61,-0.84594904349802,0.0053156805360597
"NGA","36-47",61,-0.637672183172711,0.00704549289416549
"NGA","48-59",61,-0.606126920348876,0.0103558710929827
"RWA","<1",61,0.00443272286651026,4.75180477338338e-06
"RWA","1-5",61,-0.00300555869517573,7.55026695312844e-06
"RWA","6-11",61,-0.041014568682605,8.89849071719903e-05
"RWA","12-23",61,-0.0894229002424074,0.000150129524425507
"RWA","24-35",61,-0.137577365732711,0.000199111403538068
"RWA","36-47",61,-0.0964852581593478,0.000259025318326253
"RWA","48-59",61,-0.112790549291512,0.000399113780331157
"SEN","<1",61,0.0101613781939703,2.49361035963133e-05
"SEN","1-5",61,-0.00689060113014749,3.96766565142547e-05
"SEN","6-11",61,-0.0930153412369845,0.000447196727393145
"SEN","12-23",61,-0.201942885864363,0.000749627103798359
"SEN","24-35",61,-0.310160122931656,0.000993125561258198
"SEN","36-47",61,-0.21830526819393,0.00129266569323766
"SEN","48-59",61,-0.252752850034088,0.00198739287639594
"SLE","<1",61,0.0461252245870546,0.000502918143612231
"SLE","1-5",61,-0.0313529760117908,0.000818916228068845
"SLE","6-11",61,-0.321971308908723,0.00315202071067781
"SLE","12-23",61,-0.612939618524558,0.00416991486317601
"SLE","24-35",61,-0.89147198089812,0.00524845159102521
"SLE","36-47",61,-0.696088083251313,0.00706367718880011
"SLE","48-59",61,-0.583346463056231,0.0101823406204328
"SOM","<1",61,0.00451210006389427,4.92345280302937e-06
"SOM","1-5",61,-0.00305938249793402,7.82309589699258e-06
"SOM","6-11",61,-0.0417452457583799,9.21658060542934e-05
"SOM","12-23",61,-0.0910127591336736,0.00015548786278245
"SOM","24-35",61,-0.140021378159706,0.000206216145452049
"SOM","36-47",61,-0.0982022331867493,0.000268269101511933
"SOM","48-59",61,-0.114788495989659,0.000413349336021444
"SSD","<1",61,0.0346437214378126,0.000285689960434263
"SSD","1-5",61,-0.0235276660216681,0.000461565944215186
"SSD","6-11",61,-0.272230189888363,0.00274985490760571
"SSD","12-23",61,-0.552385723278625,0.00406677891364911
"SSD","24-35",61,-0.824529232216003,0.00525924413849821
"SSD","36-47",61,-0.615560425006912,0.00694626405363704
"SSD","48-59",61,-0.603020556266792,0.0102735160918487
"SWZ","<1",61,0.00313541422745869,2.37781323273745e-06
"SWZ","1-5",61,-0.00212590440994467,3.77754943072829e-06
"SWZ","6-11",61,-0.0290472011799988,4.47518290643394e-05
"SWZ","12-23",61,-0.0633616387308283,7.55576157032375e-05
"SWZ","24-35",61,-0.0975011351736303,0.000100221582761548
"SWZ","36-47",61,-0.0683508482009616,0.000130371047170625
"SWZ","48-59",61,-0.0799897471666306,0.00020092994327431
"TCD","<1",61,0.0225764675195832,0.000122339733880532
"TCD","1-5",61,-0.0153180715195885,0.000195894760071812
"TCD","6-11",61,-0.195751737013441,0.00175859993225453
"TCD","12-23",61,-0.415597495899534,0.0028403529318677
"TCD","24-35",61,-0.632471336824367,0.00373843829799399
"TCD","36-47",61,-0.453829234652777,0.0048831892566396
"TCD","48-59",61,-0.498549602422064,0.00741571488320065
"TGO","<1",61,0.0314255441608295,0.000235604461869471
"TGO","1-5",61,-0.0213362250844328,0.000379711179671682
"TGO","6-11",61,-0.25457653857636,0.0025619281947913
"TGO","12-23",61,-0.524214541638132,0.00390250985147677
"TGO","24-35",61,-0.78744302818985,0.00507841568071771
"TGO","36-47",61,-0.580479577667993,0.00667978235882715
"TGO","48-59",61,-0.59061263817427,0.00996266773559485
"TZA","<1",61,0.0132391573575071,4.22808795819455e-05
"TZA","1-5",61,-0.00897858513657877,6.73535028819948e-05
"TZA","6-11",61,-0.120058103714684,0.000730036093996697
"TZA","12-23",61,-0.259681072596348,0.0012165895395465
"TZA","24-35",61,-0.39823413425748,0.00161016064327941
"TZA","36-47",61,-0.281194091441947,0.00209687897879531
"TZA","48-59",61,-0.322778076725935,0.00321742652697746
"UGA","<1",61,0.0328133284911564,0.000256622410684008
"UGA","1-5",61,-0.0222810905422269,0.000414026930078836
"UGA","6-11",61,-0.262420998456736,0.00264915301572052
"UGA","12-23",61,-0.537063725464863,0.0039858174889238
"UGA","24-35",61,-0.804613369918801,0.00517352357237776
"UGA","36-47",61,-0.59632008261837,0.00681632351274972
"UGA","48-59",61,-0.597208366305951,0.0101300536302309
"ZMB","<1",61,0.0214110288167583,0.000110114919848546
"ZMB","1-5",61,-0.0145262945919346,0.000176186301076236
"ZMB","6-11",61,-0.186954689667179,0.00162918590939395
"ZMB","12-23",61,-0.398109676913894,0.00264523823296608
"ZMB","24-35",61,-0.606613277814707,0.0034849692672957
"ZMB","36-47",61,-0.434142654330992,0.00454964192487426
"ZMB","48-59",61,-0.480369175028941,0.00692098941251109
"ZWE","<1",61,0.00508077200568991,6.24212725676397e-06
"ZWE","1-5",61,-0.0034449903212606,9.91930189406508e-06
"ZWE","6-11",61,-0.0469738327031092,0.000116525093867463
"ZWE","12-23",61,-0.102384257070457,0.000196502589036848
"ZWE","24-35",61,-0.157498983028358,0.000260594199284113
"ZWE","36-47",61,-0.11048546482315,0.000339021661382302
"ZWE","48-59",61,-0.129066838738015,0.000522291633555403
"AGO","<1",125,0.0338582953352263,0.000221254473079845
"AGO","1-5",125,-0.0234866135257208,0.000355517728832285
"AGO","6-11",125,-0.238917998605625,0.00250321785902396
"AGO","12-23",125,-0.4949024544306,0.00385204669767788
"AGO","24-35",125,-0.752122005517255,0.0050122525770252
"AGO","36-47",125,-0.560467756839031,0.00660699205802064
"AGO","48-59",125,-0.578940564274619,0.00987990517878805
"BDI","<1",125,0.0389814939854154,0.000292220091473655
"BDI","1-5",125,-0.0270467080327866,0.000471210497992023
"BDI","6-11",125,-0.264620290417647,0.00277891384683074
"BDI","12-23",125,-0.536913561213917,0.00410199290781369
"BDI","24-35",125,-0.806101339414499,0.0052908307854703
"BDI","36-47",125,-0.611666832169153,0.00701507727114025
"BDI","48-59",125,-0.597666423315772,0.0103666828464046
"BEN","<1",125,0.0605188131949897,0.000695727636952705
"BEN","1-5",125,-0.0420219797127897,0.00113568604212222
"BEN","6-11",125,-0.343013758956841,0.00334499130028758
"BEN","12-23",125,-0.621217449128715,0.00417680982979499
"BEN","24-35",125,-0.879684153255907,0.00516152808019096
"BEN","36-47",125,-0.711640790685229,0.0070416159910714
"BEN","48-59",125,-0.532702454938452,0.0100623458860324
"BFA","<1",125,0.0347738293082192,0.000233228891398402
"BFA","1-5",125,-0.02412268037037,0.000374997710871571
"BFA","6-11",125,-0.243762706510057,0.00256050185023413
"BFA","12-23",125,-0.503199770879415,0.00391307711276733
"BFA","24-35",125,-0.76317864052561,0.00508447406310484
"BFA","36-47",125,-0.570463079970922,0.00670835174037924
"BFA","48-59",125,-0.583850113681113,0.0100110510842771
"BWA","<1",125,0.000130797781750068,3.35032909154764e-09
"BWA","1-5",125,-9.06623025439257e-05,5.3093736944533e-09
"BWA","6-11",125,-0.00103485657714415,6.36925763571126e-08
"BWA","12-23",125,-0.00226406809454877,1.07773526802814e-07
"BWA","24-35",125,-0.00354918647579733,1.4273925691276e-07
"BWA","36-47",125,-0.00252137249676712,1.86230362685376e-07
"BWA","48-59",125,-0.00298355138704593,2.87133864959734e-07
"CAF","<1",125,0.0560888987738548,0.000598907481113495
"CAF","1-5",125,-0.0389418504020456,0.000975523769246598
"CAF","6-11",125,-0.329903265609862,0.00326067310337109
"CAF","12-23",125,-0.613145720735687,0.0041772455710654
"CAF","24-35",125,-0.878270854852295,0.00520055733102017
"CAF","36-47",125,-0.705041176813038,0.00706599193847027
"CAF","48-59",125,-0.554806163231818,0.0101361282880848
"CIV","<1",125,0.0359538492294028,0.000249116728581356
"CIV","1-5",125,-0.0249425908136113,0.000400871998680868
"CIV","6-11",125,-0.24984153294158,0.00262885191431813
"CIV","12-23",125,-0.513374346015724,0.00398038850929665
"CIV","24-35",125,-0.776495498778693,0.00516197492881446
"CIV","36-47",125,-0.58279756501581,0.00681924783571524
"CIV","48-59",125,-0.589129606564244,0.0101491380573369
"CMR","<1",125,0.0418856613461041,0.000336727605753777
"CMR","1-5",125,-0.0290654972508142,0.000544025210301817
"CMR","6-11",125,-0.277754811239991,0.00289457158224636
"CMR","12-23",125,-0.556231985430233,0.00416407367785054
"CMR","24-35",125,-0.82879992637176,0.00534004672448445
"CMR","36-47",125,-0.63569079793512,0.00710852953658642
"CMR","48-59",125,-0.599818829644205,0.0104341978343074
"COD","<1",125,0.059941494952485,0.000682706562618802
"COD","1-5",125,-0.0416206060515543,0.00111412521763647
"COD","6-11",125,-0.341368558522655,0.00333458603293912
"COD","12-23",125,-0.620356411401803,0.00417626625160778
"COD","24-35",125,-0.879721486082005,0.00516537604303869
"COD","36-47",125,-0.711155482710593,0.00704398828852079
"COD","48-59",125,-0.535555745803293,0.0100705420802535
"COG","<1",125,0.0383374130859585,0.000282768740640712
"COG","1-5",125,-0.026599044937459,0.00045577090255364
"COG","6-11",125,-0.261572052553607,0.00274977950272503
"COG","12-23",125,-0.532205903624356,0.00408163731199894
"COG","24-35",125,-0.800332026769376,0.00527095492699817
"COG","36-47",125,-0.605856203973458,0.00698297227817961
"COG","48-59",125,-0.596421106837628,0.010334926487162
"COM","<1",125,0.00342712033723149,2.2997045275642e-06
"COM","1-5",125,-0.00237552174168277,3.64499105749487e-06
"COM","6-11",125,-0.027085669325228,4.35109146626537e-05
"COM","12-23",125,-0.0592301317522118,7.35736331996265e-05
"COM","24-35",125,-0.092826050527814,9.74322147545531e-05
"COM","36-47",125,-0.0659708930719138,0.00012712624008784
"COM","48-59",125,-0.0779783794074966,0.000195959181214502
"DJI","<1",125,0.00732533399164105,1.05003421155899e-05
"DJI","1-5",125,-0.00507772328984907,1.66523509523194e-05
"DJI","6-11",125,-0.0576671298111449,0.000195237274553049
"DJI","12-23",125,-0.125886211102505,0.00032929462548316
"DJI","24-35",125,-0.197103746371925,0.000435889841698278
"DJI","36-47",125,-0.140286220551035,0.000568858681798998
"DJI","48-59",125,-0.165157207516948,0.000876101706596627
"ERI","<1",125,0.00168688149652315,5.57235204727765e-07
"ERI","1-5",125,-0.00116926167694085,8.83101365321105e-07
"ERI","6-11",125,-0.0133430074456805,1.05815944990279e-05
"ERI","12-23",125,-0.0291886828516949,1.790210143691e-05
"ERI","24-35",125,-0.045753827360455,2.37095532956778e-05
"ERI","36-47",125,-0.0325069822191155,3.09340250750602e-05
"ERI","48-59",125,-0.0384557647565278,4.76920520846541e-05
"ETH","<1",125,0.00661173713081396,8.55544169511952e-06
"ETH","1-5",125,-0.00458304729456858,1.3566126652984e-05
"ETH","6-11",125,-0.0520982838567622,0.000159736798856736
"ETH","12-23",125,-0.113776604440504,0.000269582105541566
"ETH","24-35",125,-0.178183593507463,0.000356885070861016
"ETH","36-47",125,-0.126775576140091,0.000465728832336361
"ETH","48-59",125,-0.149394230206134,0.00071742133574236
"GAB","<1",125,0.0306236296720046,0.000181415009262813
"GAB","1-5",125,-0.0212398819260247,0.000290854754098163
"GAB","6-11",125,-0.220867538872791,0.00226859588495323
"GAB","12-23",125,-0.462650875855221,0.00356819565725911
"GAB","24-35",125,-0.707728876783608,0.00466320318465044
"GAB","36-47",125,-0.522130326126202,0.00612993721845722
"GAB","48-59",125,-0.555492909298587,0.00922752776532453
"GHA","<1",125,0.0268999338171771,0.000140333203552255
"GHA","1-5",125,-0.0186545603116295,0.000224444747201781
"GHA","6-11",125,-0.198322217092272,0.00194080015066046
"GHA","12-23",125,-0.41996516088656,0.00311472464735351
"GHA","24-35",125,-0.64647326214117,0.00408632962895293
"GHA","36-47",125,-0.472365748165997,0.00535910899823912
"GHA","48-59",125,-0.516733888265827,0.0081184665848522
"GIN","<1",125,0.0356188144400833,0.000244553817965052
"GIN","1-5",125,-0.0247097892115614,0.000393437898776495
"GIN","6-11",125,-0.248134294589224,0.00261005225352063
"GIN","12-23",125,-0.510544203210185,0.00396252268382611
"GIN","24-35",125,-0.772819553121166,0.00514167937734248
"GIN","36-47",125,-0.579357942173375,0.00678992689294974
"GIN","48-59",125,-0.587747670283578,0.0101133070982046
"GMB","<1",125,0.0123965774236916,3.0028172678385e-05
"GMB","1-5",125,-0.00859353807505406,4.76853762869389e-05
"GMB","6-11",125,-0.0966675690268622,0.000535254658796659
"GMB","12-23",125,-0.21013402849198,0.000897101409403311
"GMB","24-35",125,-0.328253261660754,0.00118620939292388
"GMB","36-47",125,-0.234470159291019,0.00154892763999222
"GMB","48-59",125,-0.273338326246755,0.00238035429447002
"GNB","<1",125,0.0107600689167821,2.26354928084447e-05
"GNB","1-5",125,-0.00745889361865198,3.59274375399182e-05
"GNB","6-11",125,-0.0842096146039905,0.000410019951575784
"GNB","12-23",125,-0.183348695804725,0.000688878317787198
"GNB","24-35",125,-0.286665048299568,0.00091126578884977
"GNB","36-47",125,-0.204482950785079,0.00118965360590745
"GNB","48-59",125,-0.239280079976015,0.00182975173634715
"GNQ","<1",125,0.0379334430610008,0.000276918534245865
"GNQ","1-5",125,-0.026318281329027,0.000446218481296759
"GNQ","6-11",125,-0.2596342373397,0.00273077825574106
"GNQ","12-23",125,-0.529171964123181,0.00406745001231636
"GNQ","24-35",125,-0.796570858197496,0.00525655031984585
"GNQ","36-47",125,-0.602121126661904,0.00696037750566846
"GNQ","48-59",125,-0.595487681788334,0.0103113061921311
"KEN","<1",125,0.00760788478827219,1.13253042841277e-05
"KEN","1-5",125,-0.00527359448893578,1.79616756990772e-05
"KEN","6-11",125,-0.0598676209261182,0.000210204954599875
"KEN","12-23",125,-0.130666849492648,0.000354447819448549
"KEN","24-35",125,-0.204569292401082,0.000469164491894439
"KEN","36-47",125,-0.145621443346617,0.000612297599775972
"KEN","48-59",125,-0.171368491345283,0.000942918024421917
"LBR","<1",125,0.0251070968240512,0.00012239155227458
"LBR","1-5",125,-0.0174101894979571,0.000195534288048185
"LBR","6-11",125,-0.18685434035095,0.00176700794680644
"LBR","12-23",125,-0.397483671744554,0.002858754186343
"LBR","24-35",125,-0.613454011231103,0.00375616305021947
"LBR","36-47",125,-0.446454181797498,0.00492178775326279
"LBR","48-59",125,-0.493979288255967,0.0074753344490405
"MDG","<1",125,0.0159289353755964,4.95096227041332e-05
"MDG","1-5",125,-0.0110429632714854,7.87260593010515e-05
"MDG","6-11",125,-0.123025533780215,0.000845409906330567
"MDG","12-23",125,-0.266274240072716,0.00140750995803693
"MDG","24-35",125,-0.41495876023218,0.00185894170557796
"MDG","36-47",125,-0.297502573309775,0.00242884881962273
"MDG","48-59",125,-0.343298635655951,0.00372414939885221
"MLI","<1",125,0.0296788438171584,0.00017050569201073
"MLI","1-5",125,-0.0205838218220087,0.000273191635024013
"MLI","6-11",125,-0.215319151397876,0.0021906159781664
"MLI","12-23",125,-0.452361551696978,0.0034648508366027
"MLI","24-35",125,-0.693175666427467,0.00453306636699995
"MLI","36-47",125,-0.510051056631911,0.00595489450519743
"MLI","48-59",125,-0.546806475837618,0.00897961358404375
"MOZ","<1",125,0.0399939171811206,0.000307384386639775
"MOZ","1-5",125,-0.0277504309825781,0.000496000164819069
"MOZ","6-11",125,-0.269310820064396,0.00282199704651009
"MOZ","12-23",125,-0.543997432862117,0.00412877941039412
"MOZ","24-35",125,-0.814618310113673,0.00531497378331534
"MOZ","36-47",125,-0.620444003150813,0.00705653356698486
"MOZ","48-59",125,-0.599041227617777,0.0104031730699777
"MRT","<1",125,0.00462144217112132,4.1812640105547e-06
"MRT","1-5",125,-0.00320339069946554,6.62809710790317e-06
"MRT","6-11",125,-0.0364919759449781,7.87965969369279e-05
"MRT","12-23",125,-0.0797680267717705,0.000133162369597636
"MRT","24-35",125,-0.12498635055503,0.000176327184456311
"MRT","36-47",125,-0.0888567162556018,0.00023007706597104
"MRT","48-59",125,-0.104934058972382,0.000354582566513716
"MWI","<1",125,0.0319232259583446,0.000196958913603877
"MWI","1-5",125,-0.0221424468050995,0.00031605502590064
"MWI","6-11",125,-0.228297489622773,0.0023690624619116
"MWI","12-23",125,-0.476168117342466,0.00369551204114759
"MWI","24-35",125,-0.726584798575199,0.00482172642130001
"MWI","36-47",125,-0.538102518226481,0.00634476912867324
"MWI","48-59",125,-0.566091976121894,0.0095266861258929
"NAM","<1",125,0.0015756350063706,4.86164123806237e-07
"NAM","1-5",125,-0.00109215093217087,7.70464791631313e-07
"NAM","6-11",125,-0.0124634785496004,9.23335478117333e-06
"NAM","12-23",125,-0.0272650565259864,1.56214609751376e-05
"NAM","24-35",125,-0.0427388462386676,2.06891465907716e-05
"NAM","36-47",125,-0.0303645354474748,2.69932297370489e-05
"NAM","48-59",125,-0.0359224609474842,4.16166980283809e-05
"NER","<1",125,0.028866295464105,0.000161387147980636
"NER","1-5",125,-0.0200196462654111,0.000258443156864509
"NER","6-11",125,-0.210451733203313,0.00212051807185072
"NER","12-23",125,-0.443211408927141,0.00336922512177247
"NER","24-35",125,-0.680109363338835,0.00441181180724058
"NER","36-47",125,-0.49935809334318,0.00579253715701106
"NER","48-59",125,-0.538697414347891,0.00874721695818063
"NGA","<1",125,0.0411063874840266,0.000324481050692393
"NGA","1-5",125,-0.0285237562421913,0.000523973036882738
"NGA","6-11",125,-0.274326026199171,0.00286583712296622
"NGA","12-23",125,-0.551347086574877,0.00415164845295111
"NGA","24-35",125,-0.823224354397576,0.00533258106205639
"NGA","36-47",125,-0.62959081649845,0.00709075335744913
"NGA","48-59",125,-0.599770042912655,0.0104266505774133
"RWA","<1",125,0.00491961809280037,4.73802481547539e-06
"RWA","1-5",125,-0.00341008015411217,7.51095971214572e-06
"RWA","6-11",125,-0.0388360864126533,8.91835892918195e-05
"RWA","12-23",125,-0.084882071230167,0.000150690080894406
"RWA","24-35",125,-0.132990910001821,0.000199530706820675
"RWA","36-47",125,-0.0945567950079912,0.000260357555601053
"RWA","48-59",125,-0.111635269529839,0.000401225532575604
"SEN","<1",125,0.011278149663642,2.4863638153224e-05
"SEN","1-5",125,-0.00781808668208403,3.94700278454382e-05
"SEN","6-11",125,-0.0881683851076187,0.000448208946146584
"SEN","12-23",125,-0.191875120622754,0.000752492312266586
"SEN","24-35",125,-0.299916459305629,0.000995290948012472
"SEN","36-47",125,-0.214023545141334,0.0012994321047176
"SEN","48-59",125,-0.250161424038481,0.00199809934100543
"SLE","<1",125,0.0512551255764758,0.000501401797194389
"SLE","1-5",125,-0.0355804648736376,0.000814626318251272
"SLE","6-11",125,-0.314111677467472,0.00315696502957884
"SLE","12-23",125,-0.599816620963191,0.00418747774536216
"SLE","24-35",125,-0.870754593138919,0.00526350389021668
"SLE","36-47",125,-0.69000064487525,0.00710622888335441
"SLE","48-59",125,-0.577103898695499,0.0102503284679257
"SOM","<1",125,0.00500771655357958,4.9091748195433e-06
"SOM","1-5",125,-0.00347114843216463,7.78236817228105e-06
"SOM","6-11",125,-0.0395283051477969,9.23716147692143e-05
"SOM","12-23",125,-0.0863918999218048,0.000156068541817707
"SOM","24-35",125,-0.135353807268641,0.000206650539110182
"SOM","36-47",125,-0.0962397591295561,0.000269649087115542
"SOM","48-59",125,-0.113612742261697,0.00041553674148946
"SSD","<1",125,0.0384794246986947,0.000284839555041479
"SSD","1-5",125,-0.026697746871587,0.00045915301522171
"SSD","6-11",125,-0.262248499394634,0.00275632393783159
"SSD","12-23",125,-0.533257503111605,0.00408635994155498
"SSD","24-35",125,-0.801627957566227,0.00527565720514763
"SSD","36-47",125,-0.607152607442043,0.00699045679436531
"SSD","48-59",125,-0.596721106635297,0.0103425378577045
"SWZ","<1",125,0.00347978875843125,2.37091942282661e-06
"SWZ","1-5",125,-0.00241202963512553,3.75788400901301e-06
"SWZ","6-11",125,-0.0275009918851748,4.48515852923914e-05
"SWZ","12-23",125,-0.0601374496708897,7.58389599467592e-05
"SWZ","24-35",125,-0.0942472431888116,0.000100431774283598
"SWZ","36-47",125,-0.0669817706168237,0.000131040206652103
"SWZ","48-59",125,-0.079170528260282,0.000201990864024413
"TCD","<1",125,0.0250645894142764,0.000121980733912911
"TCD","1-5",125,-0.0173806887574535,0.000194872999143198
"TCD","6-11",125,-0.186577935422793,0.00176279775194486
"TCD","12-23",125,-0.396936460039713,0.0028524547614723
"TCD","24-35",125,-0.612645214600058,0.00374801089151189
"TCD","36-47",125,-0.445825483881503,0.00491101163230806
"TCD","48-59",125,-0.493409696319687,0.00745940117200474
"TGO","<1",125,0.034900203493597,0.000234905945154842
"TGO","1-5",125,-0.0242104837896177,0.000377727424695864
"TGO","6-11",125,-0.244422554606595,0.00256811121989764
"TGO","12-23",125,-0.504317166548365,0.00392088214996947
"TGO","24-35",125,-0.764654567777541,0.00509359244418584
"TGO","36-47",125,-0.571813469201073,0.00672126510388485
"TGO","48-59",125,-0.584471140467994,0.0100274596194512
"TZA","<1",125,0.0146949015727923,4.21577898515341e-05
"TZA","1-5",125,-0.0101871975219947,6.70026387382932e-05
"TZA","6-11",125,-0.113908378097327,0.000731707085120698
"TZA","12-23",125,-0.246948135631078,0.00122133338072548
"TZA","24-35",125,-0.385191772171869,0.00161377686413528
"TZA","36-47",125,-0.275771911814386,0.00210802291727327
"TZA","48-59",125,-0.319465754902386,0.00323503325775182
"UGA","<1",125,0.036443552383468,0.000255860261000144
"UGA","1-5",125,-0.0252828789792609,0.000411863301659625
"UGA","6-11",125,-0.25231062073764,0.00265549536868108
"UGA","12-23",125,-0.517428493803315,0.00400480127003926
"UGA","24-35",125,-0.78172119515692,0.00518930827873545
"UGA","36-47",125,-0.587736518979919,0.00685915030623206
"UGA","48-59",125,-0.590986597373518,0.0101969293981881
"ZMB","<1",125,0.0237698833880339,0.000109792173826849
"ZMB","1-5",125,-0.0164822034449507,0.000175267508767401
"ZMB","6-11",125,-0.178063196761693,0.00163305489916867
"ZMB","12-23",125,-0.379967425861071,0.00265636337411364
"ZMB","24-35",125,-0.587458922102115,0.00349372248191689
"ZMB","36-47",125,-0.426371097252298,0.0045752941948367
"ZMB","48-59",125,-0.4754205360975,0.00696130264500087
"ZWE","<1",125,0.00563887298932998,6.2240226290135e-06
"ZWE","1-5",125,-0.00390865801187816,9.8676600035385e-06
"ZWE","6-11",125,-0.0444822632754365,0.00011678553443037
"ZWE","12-23",125,-0.0971921241014431,0.000197237562849383
"ZWE","24-35",125,-0.152251931890999,0.000261144391362705
"ZWE","36-47",125,-0.108280176097345,0.000340767594218559
"ZWE","48-59",125,-0.127744751935225,0.000525058774185098
"AGO","<1",137,0.0320225283569486,0.000222161551548768
"AGO","1-5",137,-0.0208435008979022,0.000357819077761394
"AGO","6-11",137,-0.23920386930249,0.00250477913657716
"AGO","12-23",137,-0.500888575315145,0.00384961395842081
"AGO","24-35",137,-0.764636795582634,0.00501215362550274
"AGO","36-47",137,-0.564576129034502,0.00659399420380534
"AGO","48-59",137,-0.583047582938617,0.00985687120911075
"BDI","<1",137,0.0368658365510105,0.000293423157317193
"BDI","1-5",137,-0.0240026430152431,0.000474262863361902
"BDI","6-11",137,-0.264070624078447,0.0027818963247524
"BDI","12-23",137,-0.541537310878499,0.00410162159326229
"BDI","24-35",137,-0.818500839598327,0.00529315540855738
"BDI","36-47",137,-0.615501045806166,0.00700422971007604
"BDI","48-59",137,-0.602120679416774,0.0103463527996639
"BEN","<1",137,0.0572291900861883,0.000698629088131668
"BEN","1-5",137,-0.0372905760297606,0.00114305934441516
"BEN","6-11",137,-0.338056413143225,0.00335832680121862
"BEN","12-23",137,-0.617819155177432,0.00419556067779791
"BEN","24-35",137,-0.889211797368907,0.00518463053975391
"BEN","36-47",137,-0.713172678654926,0.00705764387816305
"BEN","48-59",137,-0.538003490069988,0.0100789292818776
"BFA","<1",137,0.0328880798829076,0.000234185792420322
"BFA","1-5",137,-0.0214079385356944,0.000377425461959192
"BFA","6-11",137,-0.243917481243147,0.00256227721573284
"BFA","12-23",137,-0.508989421370104,0.00391091165989138
"BFA","24-35",137,-0.775715100938375,0.00508471018927057
"BFA","36-47",137,-0.574541466168876,0.00669555320760394
"BFA","48-59",137,-0.588025483593112,0.00998822187181068
"BWA","<1",137,0.000123730280057783,3.36383805771806e-09
"BWA","1-5",137,-8.04627826258542e-05,5.34364939772539e-09
"BWA","6-11",137,-0.00104566473286931,6.36827357375521e-08
"BWA","12-23",137,-0.00231224127305683,1.07634771623983e-07
"BWA","24-35",137,-0.00361965290029447,1.42656929599287e-07
"BWA","36-47",137,-0.00254709170201502,1.85782166452419e-07
"BWA","48-59",137,-0.00300238384640867,2.86369838459037e-07
"CAF","<1",137,0.0530394925768516,0.00060140028435623
"CAF","1-5",137,-0.0345575646128238,0.000981854880943844
"CAF","6-11",137,-0.325762546814696,0.00327163389054653
"CAF","12-23",137,-0.611161875767488,0.00419169221077482
"CAF","24-35",137,-0.888256726939762,0.00521896739102473
"CAF","36-47",137,-0.707005875818755,0.00707590761327639
"CAF","48-59",137,-0.559976620438337,0.0101444132466507
"CIV","<1",137,0.0340036516466631,0.000250139817734471
"CIV","1-5",137,-0.0221355118396208,0.000403467678483635
"CIV","6-11",137,-0.249814728592289,0.00263092881847121
"CIV","12-23",137,-0.518878231867841,0.00397863229643216
"CIV","24-35",137,-0.78903078246031,0.00516270533682104
"CIV","36-47",137,-0.586824253773122,0.00680682606505402
"CIV","48-59",137,-0.593388866387472,0.0101267544133759
"CMR","<1",137,0.039611219888026,0.000338117019229858
"CMR","1-5",137,-0.0257940276625075,0.000547550563207853
"CMR","6-11",137,-0.276641602997914,0.00289859689201253
"CMR","12-23",137,-0.559851713125578,0.00416547315256942
"CMR","24-35",137,-0.840921984433021,0.00534433719748321
"CMR","36-47",137,-0.63927338429006,0.00709997257106337
"CMR","48-59",137,-0.604435442865679,0.0104169886446199
"COD","<1",137,0.0566831159143695,0.000685553040520348
"COD","1-5",137,-0.0369344364100732,0.0011213582057677
"COD","6-11",137,-0.336509225321204,0.00334761897869094
"COD","12-23",137,-0.617120605453052,0.00419448837279818
"COD","24-35",137,-0.889292546055053,0.00518789909371483
"COD","36-47",137,-0.71273724007398,0.00705927057169706
"COD","48-59",137,-0.540840006657829,0.0100861206466727
"COG","<1",137,0.0362569638027823,0.0002839322965794
"COG","1-5",137,-0.0236054027699537,0.000458723003456062
"COG","6-11",137,-0.261139811256957,0.00275255354295604
"COG","12-23",137,-0.537032858308281,0.00408093123278908
"COG","24-35",137,-0.812774969271635,0.00527290104987682
"COG","36-47",137,-0.609737953347498,0.00697171801647808
"COG","48-59",137,-0.600836200445197,0.0103140528285479
"COM","<1",137,0.00324193363786933,2.30897899566886e-06
"COM","1-5",137,-0.00210827438472115,3.66852274068571e-06
"COM","6-11",137,-0.0273663192676097,4.35043817897825e-05
"COM","12-23",137,-0.0604857884165511,7.34790577985587e-05
"COM","24-35",137,-0.0946665944685692,9.73761920229893e-05
"COM","36-47",137,-0.0666421996980076,0.000126820380271773
"COM","48-59",137,-0.0784710443542258,0.000195437764768651
"DJI","<1",137,0.00692945546383557,1.05427178901741e-05
"DJI","1-5",137,-0.00450647014002401,1.6759868813614e-05
"DJI","6-11",137,-0.0582472804650742,0.000195211130201121
"DJI","12-23",137,-0.128519205329627,0.000328873894945922
"DJI","24-35",137,-0.200992866856904,0.000435642182166158
"DJI","36-47",137,-0.14170109165653,0.000567491727186292
"DJI","48-59",137,-0.166204229280244,0.000873770890572094
"ERI","<1",137,0.00159573213568355,5.59482150619975e-07
"ERI","1-5",137,-0.00103771949632506,8.88802441037186e-07
"ERI","6-11",137,-0.0134821038976367,1.05799704484496e-05
"ERI","12-23",137,-0.0298092047060767,1.78790614470489e-05
"ERI","24-35",137,-0.0466619512101469,2.36958882318214e-05
"ERI","36-47",137,-0.0328383801065009,3.08595820428256e-05
"ERI","48-59",137,-0.038698554328731,4.75651498234586e-05
"ETH","<1",137,0.00625443365594704,8.58996292213333e-06
"ETH","1-5",137,-0.0040674475567571,1.36537156254957e-05
"ETH","6-11",137,-0.0526261518083955,0.000159714782673233
"ETH","12-23",137,-0.116164031337424,0.000269237151713077
"ETH","24-35",137,-0.181703503999403,0.000356681701321231
"ETH","36-47",137,-0.128056913121599,0.00046460934329704
"ETH","48-59",137,-0.150340550200048,0.000715512580189389
"GAB","<1",137,0.0289642750561624,0.000182156773486321
"GAB","1-5",137,-0.0188497522694464,0.000292736702993391
"GAB","6-11",137,-0.221539680633653,0.00226953708131327
"GAB","12-23",137,-0.469132675233002,0.00356516015727575
"GAB","24-35",137,-0.719990956261674,0.00466224647527761
"GAB","36-47",137,-0.526266009145136,0.00611688071435605
"GAB","48-59",137,-0.559334102806277,0.00920475996308682
"GHA","<1",137,0.0254432837155221,0.000140905324188104
"GHA","1-5",137,-0.0165554863882456,0.000225896305790127
"GHA","6-11",137,-0.199286608576453,0.00194126135023437
"GHA","12-23",137,-0.426624147566286,0.00311156032200385
"GHA","24-35",137,-0.658096822701858,0.00408492035339228
"GHA","36-47",137,-0.476378079358669,0.00534706916662309
"GHA","48-59",137,-0.5202223231278,0.00809768540019428
"GIN","<1",137,0.0336869179324345,0.0002455578890153
"GIN","1-5",137,-0.0219289285601975,0.000395985326047375
"GIN","6-11",137,-0.248160427509726,0.00261204060577017
"GIN","12-23",137,-0.51613279133553,0.00396064283453304
"GIN","24-35",137,-0.785358372122626,0.00514226224789753
"GIN","36-47",137,-0.583400746527352,0.00677738446564936
"GIN","48-59",137,-0.591983582584673,0.0100907762862813
"GMB","<1",137,0.0117264369916886,3.01495518529487e-05
"GMB","1-5",137,-0.00762672178122793,4.79933436739252e-05
"GMB","6-11",137,-0.0975693846615516,0.00053520524819448
"GMB","12-23",137,-0.214383397853427,0.000895974702525888
"GMB","24-35",137,-0.334652489181273,0.00118555784564624
"GMB","36-47",137,-0.236783375995109,0.00154522036363712
"GMB","48-59",137,-0.275085745814135,0.00237402861526634
"GNB","<1",137,0.0101784614515123,2.27269338560699e-05
"GNB","1-5",137,-0.0066197396069954,3.61594453779957e-05
"GNB","6-11",137,-0.0850186990292207,0.000409975443241105
"GNB","12-23",137,-0.187105033060414,0.000688007080582543
"GNB","24-35",137,-0.29227949241085,0.000910758322747174
"GNB","36-47",137,-0.206517503656084,0.00118680143591488
"GNB","48-59",137,-0.240804862767784,0.001824886536678
"GNQ","<1",137,0.0358750743387772,0.000278057646528557
"GNQ","1-5",137,-0.0233562624428898,0.000449108554302318
"GNQ","6-11",137,-0.259274039937095,0.00273342589114497
"GNQ","12-23",137,-0.534122231539945,0.00406654497328318
"GNQ","24-35",137,-0.809037254643285,0.00525826987649034
"GNQ","36-47",137,-0.606030968404957,0.00694888769050652
"GNQ","48-59",137,-0.599877591197079,0.010290120475301
"KEN","<1",137,0.00719673137614236,1.13710124631692e-05
"KEN","1-5",137,-0.00468030475894122,1.80776486705836e-05
"KEN","6-11",137,-0.0604680818467714,0.000210177157756484
"KEN","12-23",137,-0.133396066973353,0.000353995243985156
"KEN","24-35",137,-0.208603710873251,0.000468898265358674
"KEN","36-47",137,-0.147088790655174,0.000610826465466186
"KEN","48-59",137,-0.172455266688686,0.000940409510645224
"LBR","<1",137,0.0237479093969679,0.000122889868891319
"LBR","1-5",137,-0.0154511886539928,0.000196798600820296
"LBR","6-11",137,-0.187906260911675,0.0017673098432559
"LBR","12-23",137,-0.404090696962591,0.0028556884118964
"LBR","24-35",137,-0.624648921832952,0.00375468797634503
"LBR","36-47",137,-0.450353154462912,0.00491054342647544
"LBR","48-59",137,-0.497281626186493,0.00745598681317847
"MDG","<1",137,0.0150675836550404,4.9710066229706e-05
"MDG","1-5",137,-0.00980053883067584,7.92346286358268e-05
"MDG","6-11",137,-0.124081342262239,0.000845370605695722
"MDG","12-23",137,-0.271468640979858,0.00140577969891951
"MDG","24-35",137,-0.422946686835235,0.00185796334676084
"MDG","36-47",137,-0.300370428196213,0.00242306793973844
"MDG","48-59",137,-0.345512499392076,0.0037142758754121
"MLI","<1",137,0.02807095717379,0.000171202321707479
"MLI","1-5",137,-0.0182675565984817,0.000274959077368821
"MLI","6-11",137,-0.216080352669891,0.0021914139176324
"MLI","12-23",137,-0.458926792187518,0.00346173243414913
"MLI","24-35",137,-0.705309724991026,0.00453194740350532
"MLI","36-47",137,-0.514170572887818,0.00594199944692773
"MLI","48-59",137,-0.550562723739037,0.00895719964644535
"MOZ","<1",137,0.0378229098787183,0.000308650892351437
"MOZ","1-5",137,-0.0246270988271306,0.000499213535069511
"MOZ","6-11",137,-0.268570639448034,0.00282532413793955
"MOZ","12-23",137,-0.548286473228899,0.00412897743942591
"MOZ","24-35",137,-0.826935411053636,0.00531793598389058
"MOZ","36-47",137,-0.624197066505666,0.00704640122116838
"MOZ","48-59",137,-0.603554657539562,0.0103838093257232
"MRT","<1",137,0.00437171239402482,4.19812926042118e-06
"MRT","1-5",137,-0.00284300669921158,6.67088851117191e-06
"MRT","6-11",137,-0.0368675833708878,7.87850542461228e-05
"MRT","12-23",137,-0.0814539210720906,0.00013299142423638
"MRT","24-35",137,-0.127461819270521,0.000176226063634542
"MRT","36-47",137,-0.0897590786040409,0.000229523656598079
"MRT","48-59",137,-0.105597543285411,0.000353639096359272
"MWI","<1",137,0.0301930309786477,0.000197765089185857
"MWI","1-5",137,-0.0196506932284033,0.000318100385597623
"MWI","6-11",137,-0.228829593703811,0.00237022771826956
"MWI","12-23",137,-0.482489884025982,0.00369265631323504
"MWI","24-35",137,-0.73898301149051,0.00482105505740874
"MWI","36-47",137,-0.542242646950553,0.00633161702717441
"MWI","48-59",137,-0.570044657146668,0.00950362766754962
"NAM","<1",137,0.00149049685532398,4.88124477482602e-07
"NAM","1-5",137,-0.000969283738733566,7.75438709784024e-07
"NAM","6-11",137,-0.0125934379519624,9.2319364179297e-06
"NAM","12-23",137,-0.0278447493414903,1.56013552015747e-05
"NAM","24-35",137,-0.0435871633790904,2.0677221219983e-05
"NAM","36-47",137,-0.0306741149223497,2.69282696739723e-05
"NAM","48-59",137,-0.0361492500589748,4.15059614568175e-05
"NER","<1",137,0.0273026523242555,0.000162046098735871
"NER","1-5",137,-0.0177668975331823,0.000260115006996222
"NER","6-11",137,-0.211281234552723,0.00212120506855477
"NER","12-23",137,-0.449827002075343,0.00336606457856168
"NER","24-35",137,-0.692114412745816,0.00441058083249005
"NER","36-47",137,-0.503455288380987,0.00577983707692783
"NER","48-59",137,-0.542378070847546,0.0087251946079309
"NGA","<1",137,0.038874554865946,0.000325819145362484
"NGA","1-5",137,-0.0253133131528537,0.000527368115597736
"NGA","6-11",137,-0.273368943809974,0.00286956639047682
"NGA","12-23",137,-0.555248867384614,0.00415253171564805
"NGA","24-35",137,-0.835432751693363,0.00533630309022533
"NGA","36-47",137,-0.633246392202124,0.00708151075786614
"NGA","48-59",137,-0.604345276141698,0.0104085005621052
"RWA","<1",137,0.00465377348038019,4.75713666496224e-06
"RWA","1-5",137,-0.00302644311634999,7.55945129902396e-06
"RWA","6-11",137,-0.0392350297614211,8.9170622271265e-05
"RWA","12-23",137,-0.0866744208218495,0.000150496712311287
"RWA","24-35",137,-0.135624048499347,0.000199416369516898
"RWA","36-47",137,-0.0955164662307154,0.000259731362095912
"RWA","48-59",137,-0.112341287335544,0.000400157963140368
"SEN","<1",137,0.0106685179316575,2.49640987328749e-05
"SEN","1-5",137,-0.00693851921603646,3.97249202344567e-05
"SEN","6-11",137,-0.0890081160285805,0.000448162457333336
"SEN","12-23",137,-0.195790870136152,0.000751542557099685
"SEN","24-35",137,-0.305782288144385,0.000994738913295427
"SEN","36-47",137,-0.216147625618314,0.00129631824901097
"SEN","48-59",137,-0.251757082777057,0.00199278731570119
"SLE","<1",137,0.0484688688949301,0.000503483491885631
"SLE","1-5",137,-0.0315749672277375,0.000819910791072645
"SLE","6-11",137,-0.310983215878632,0.00316533102116481
"SLE","12-23",137,-0.599691350959956,0.00419699337025902
"SLE","24-35",137,-0.881465029689004,0.00527658248554406
"SLE","36-47",137,-0.692524612734384,0.00710908397301548
"SLE","48-59",137,-0.582118323645374,0.0102489096470796
"SOM","<1",137,0.00473711060453708,4.92897732272707e-06
"SOM","1-5",137,-0.00308064106213159,7.83261211949581e-06
"SOM","6-11",137,-0.0399341114066525,9.23582152441703e-05
"SOM","12-23",137,-0.0882156203025253,0.000155868296346203
"SOM","24-35",137,-0.138033457904502,0.000206532150815685
"SOM","36-47",137,-0.0972163303695767,0.000269000562400985
"SOM","48-59",137,-0.114331317184848,0.000414431095894825
"SSD","<1",137,0.0363912128053742,0.000286011765645461
"SSD","1-5",137,-0.0236929874633169,0.000462127078602855
"SSD","6-11",137,-0.261790632976701,0.00275914320871394
"SSD","12-23",137,-0.538040338214652,0.00408572582466554
"SSD","24-35",137,-0.814061950114696,0.00527768496096272
"SSD","36-47",137,-0.611024161404371,0.00697928893078829
"SSD","48-59",137,-0.601144938852862,0.0103217792203107
"SWZ","<1",137,0.00329175588399682,2.38048114995979e-06
"SWZ","1-5",137,-0.00214067509440544,3.78214454089193e-06
"SWZ","6-11",137,-0.0277858739180805,4.48448572947762e-05
"SWZ","12-23",137,-0.0614121944112813,7.5741477441915e-05
"SWZ","24-35",137,-0.0961158882618302,0.000100374032494926
"SWZ","36-47",137,-0.0676633117934664,0.000130724933073995
"SWZ","48-59",137,-0.0796707397936142,0.000201453398524495
"TCD","<1",137,0.0237077118093872,0.000122477362710281
"TCD","1-5",137,-0.0154250085411668,0.000196133029780956
"TCD","6-11",137,-0.187631540347022,0.00176309635472297
"TCD","12-23",137,-0.403541244214708,0.00284939232940075
"TCD","24-35",137,-0.623829070993601,0.00374653521885407
"TCD","36-47",137,-0.449721372149156,0.00489978804248804
"TCD","48-59",137,-0.496707502480693,0.00744009045106298
"TGO","<1",137,0.0330075533449638,0.00023586982839231
"TGO","1-5",137,-0.0214858539155872,0.000380172890275416
"TGO","6-11",137,-0.244558545236918,0.00256991749765294
"TGO","12-23",137,-0.510077921165829,0.00391875702842619
"TGO","24-35",137,-0.777192433024018,0.00509387812861742
"TGO","36-47",137,-0.575887005814757,0.00670850047423339
"TGO","48-59",137,-0.588655718075464,0.0100046683776599
"TZA","<1",137,0.0139003694936928,4.23283676269576e-05
"TZA","1-5",137,-0.00904106615255531,6.74354329990234e-05
"TZA","6-11",137,-0.114918285785627,0.000731660027288127
"TZA","12-23",137,-0.251832772419566,0.00121981895017564
"TZA","24-35",137,-0.392642685671255,0.00161291271043727
"TZA","36-47",137,-0.278454017124492,0.00210299397751753
"TZA","48-59",137,-0.321519079563256,0.0032264475244741
"UGA","<1",137,0.0344666014770863,0.000256911469949915
"UGA","1-5",137,-0.022437475694973,0.000414530328259786
"UGA","6-11",137,-0.252204550573974,0.00265770589843242
"UGA","12-23",137,-0.522803699458336,0.00400323641089881
"UGA","24-35",137,-0.794246922090923,0.00519026465914174
"UGA","36-47",137,-0.591737677989518,0.00684692432567929
"UGA","48-59",137,-0.595279326249115,0.0101747900906672
"ZMB","<1",137,0.0224833383953379,0.000110238770465438
"ZMB","1-5",137,-0.0146276546132747,0.000176400603323723
"ZMB","6-11",137,-0.179159785867298,0.00163326294532618
"ZMB","12-23",137,-0.38648247846106,0.00265342204841126
"ZMB","24-35",137,-0.598287122584001,0.00349224721168401
"ZMB","36-47",137,-0.430164597606802,0.00456473740481876
"ZMB","48-59",137,-0.478577769210272,0.00694317107385053
"ZWE","<1",137,0.00533415465725649,6.24913168854207e-06
"ZWE","1-5",137,-0.00346892957556518,9.93136799932989e-06
"ZWE","6-11",137,-0.0449367817773103,0.00011676889603078
"ZWE","12-23",137,-0.0992394167851258,0.00019698473861734
"ZWE","24-35",137,-0.155263768070222,0.000260995066976535
"ZWE","36-47",137,-0.109377360834536,0.000339948183947345
"ZWE","48-59",137,-0.128553149646505,0.000523661745930769
"AGO","<1",146,0.0359524307926067,0.00022108358693479
"AGO","1-5",146,-0.0242523444716925,0.000355448065194787
"AGO","6-11",146,-0.233427180656883,0.00250882337556332
"AGO","12-23",146,-0.485881243802954,0.00386712393880308
"AGO","24-35",146,-0.748297054185297,0.00503255345168149
"AGO","36-47",146,-0.555701182992049,0.00662759026216978
"AGO","48-59",146,-0.580057525236261,0.00991029902421888
"BDI","<1",146,0.0413966133615749,0.000291992445630378
"BDI","1-5",146,-0.0279287967904794,0.000471117824936818
"BDI","6-11",146,-0.259051687771227,0.00278539091505413
"BDI","12-23",146,-0.527697071222517,0.00411930099044004
"BDI","24-35",146,-0.802505373665029,0.00531377523015864
"BDI","36-47",146,-0.606734013830805,0.00703824181297424
"BDI","48-59",146,-0.599046717890474,0.0104012876626672
"BEN","<1",146,0.0642936392489172,0.000695168664955253
"BEN","1-5",146,-0.0433945096376324,0.00113545945318607
"BEN","6-11",146,-0.33882395995777,0.00335263775674469
"BEN","12-23",146,-0.614005863921866,0.00419758604327808
"BEN","24-35",146,-0.879075428447939,0.00518711913062058
"BEN","36-47",146,-0.707311289115364,0.00706500755595332
"BEN","48-59",146,-0.53535842527283,0.0100995370446763
"BFA","<1",146,0.0369252291567411,0.000233048481328952
"BFA","1-5",146,-0.0249091932139012,0.000374924182887299
"BFA","6-11",146,-0.238240649022342,0.00256628008967403
"BFA","12-23",146,-0.494116405077998,0.00392859819927983
"BFA","24-35",146,-0.759375652201566,0.00510531887360264
"BFA","36-47",146,-0.565653935738776,0.0067294886063862
"BFA","48-59",146,-0.585012044358419,0.0100423043171924
"BWA","<1",146,0.00013884332116746,3.34781998972639e-09
"BWA","1-5",146,-9.36150955896833e-05,5.30834605229814e-09
"BWA","6-11",146,-0.00100550190943022,6.38137977042957e-08
"BWA","12-23",146,-0.00221660148807327,1.08110605778293e-07
"BWA","24-35",146,-0.0035257114207773,1.4321015794026e-07
"BWA","36-47",146,-0.00249696550335643,1.86709448259205e-07
"BWA","48-59",146,-0.00298683809011828,2.87819442661232e-07
"CAF","<1",146,0.0595831557512175,0.00059842885500572
"CAF","1-5",146,-0.0402133855803536,0.000975329646685326
"CAF","6-11",146,-0.32530533211393,0.003268351821354
"CAF","12-23",146,-0.605290478523181,0.0041979153946595
"CAF","24-35",146,-0.876872253831193,0.00522634927781002
"CAF","36-47",146,-0.700486132459974,0.0070904181963633
"CAF","48-59",146,-0.55719381436633,0.0101744387415511
"CIV","<1",146,0.0381791204575106,0.000248923646410933
"CIV","1-5",146,-0.0257558968886269,0.000400793331354539
"CIV","6-11",146,-0.244290783407859,0.00263484217134227
"CIV","12-23",146,-0.504228988525368,0.00399645287568798
"CIV","24-35",146,-0.772733390057234,0.00518347479931565
"CIV","36-47",146,-0.577942117833982,0.00684102803953974
"CIV","48-59",146,-0.590350910898705,0.0101814316571823
"CMR","<1",146,0.0444832747314553,0.000336464025167757
"CMR","1-5",146,-0.0300136108341647,0.000543917991097884
"CMR","6-11",146,-0.272237238480452,0.00290143540808529
"CMR","12-23",146,-0.547055951159723,0.00418237282351777
"CMR","24-35",146,-0.825439552679299,0.00536406680234991
"CMR","36-47",146,-0.630734714657843,0.00713266254704012
"CMR","48-59",146,-0.601359446754719,0.0104705253093993
"COD","<1",146,0.0636797431241234,0.000682158415405498
"COD","1-5",146,-0.042979972044187,0.00111390300396529
"COD","6-11",146,-0.33712471021231,0.00334224161358752
"COD","12-23",146,-0.613058093077094,0.00419704024073035
"COD","24-35",146,-0.879007224612441,0.0051910028837598
"COD","36-47",146,-0.706795567041152,0.00706753459563593
"COD","48-59",146,-0.538177027198003,0.0101079130045268
"COG","<1",146,0.0407121093208727,0.000282548695122925
"COG","1-5",146,-0.0274664969436677,0.000455681307900461
"COG","6-11",146,-0.25600085131299,0.0027561600650518
"COG","12-23",146,-0.522994405649074,0.00409869894907912
"COG","24-35",146,-0.796693629757168,0.00529362024273321
"COG","36-47",146,-0.600935078602831,0.0070058745338667
"COG","48-59",146,-0.597766829861925,0.0103690834503641
"COM","<1",146,0.00363793850952193,2.29798167810344e-06
"COM","1-5",146,-0.00245289123850359,3.64428547071607e-06
"COM","6-11",146,-0.0263186606061558,4.35938629893341e-05
"COM","12-23",146,-0.0579897315313241,7.38041996874053e-05
"COM","24-35",146,-0.0922132429549403,9.77542245291097e-05
"COM","36-47",146,-0.0653329586396175,0.00012745385447151
"COM","48-59",146,-0.0780647658173599,0.000196428118006831
"DJI","<1",146,0.00777603953235008,1.04924661911368e-05
"DJI","1-5",146,-0.00524310829260471,1.66491259489283e-05
"DJI","6-11",146,-0.0560442307306962,0.000195611719198077
"DJI","12-23",146,-0.123260549090314,0.000330334024388248
"DJI","24-35",146,-0.195811575192872,0.000437339935755575
"DJI","36-47",146,-0.138934842720757,0.000570334135665136
"DJI","48-59",146,-0.165343945153644,0.000878215544496928
"ERI","<1",146,0.00179064508828829,5.56817851828063e-07
"ERI","1-5",146,-0.00120734361485699,8.82930433774112e-07
"ERI","6-11",146,-0.0129646716373029,1.06017415207845e-05
"ERI","12-23",146,-0.0285768957088346,1.79581190683861e-05
"ERI","24-35",146,-0.0454513370077572,2.37878049050381e-05
"ERI","36-47",146,-0.032192390582719,3.10136372011378e-05
"ERI","48-59",146,-0.0384981841694013,4.78059847281967e-05
"ETH","<1",146,0.00701851790512702,8.54902640195819e-06
"ETH","1-5",146,-0.00473231901948147,1.35634996362671e-05
"ETH","6-11",146,-0.0506299281227715,0.000160042718631694
"ETH","12-23",146,-0.111401218975892,0.000270431565930535
"ETH","24-35",146,-0.177013505596049,0.000358070476043494
"ETH","36-47",146,-0.125553229023522,0.000466934945830916
"ETH","48-59",146,-0.149562328367085,0.000719148922663825
"GAB","<1",146,0.0325158110155751,0.000181275625559674
"GAB","1-5",146,-0.0219322324381226,0.000290797885098899
"GAB","6-11",146,-0.21555394321593,0.00227353785595562
"GAB","12-23",146,-0.453953285342406,0.00358155467420958
"GAB","24-35",146,-0.70389823187383,0.00468133810346226
"GAB","36-47",146,-0.51756347186988,0.00614836663988861
"GAB","48-59",146,-0.556459315835848,0.00925454151839394
"GHA","<1",146,0.0285603273654143,0.00014022598177029
"GHA","1-5",146,-0.0192625199884824,0.000224400962385899
"GHA","6-11",146,-0.193340956212157,0.00194490285275137
"GHA","12-23",146,-0.41183901184939,0.00312587948675506
"GHA","24-35",146,-0.64277322799496,0.00410158829614713
"GHA","36-47",146,-0.468123270133378,0.00537463052156607
"GHA","48-59",146,-0.517543161395102,0.00814107579817144
"GIN","<1",146,0.0378231046886867,0.000244364379175345
"GIN","1-5",146,-0.0255154872042435,0.000393360708806482
"GIN","6-11",146,-0.242590395933873,0.00261598355064192
"GIN","12-23",146,-0.501414413554949,0.00397843611990192
"GIN","24-35",146,-0.769044425235461,0.00516299853677313
"GIN","36-47",146,-0.574514681408834,0.00681153031465264
"GIN","48-59",146,-0.588951960108642,0.0101453131257978
"GMB","<1",146,0.0131596661727004,3.0005585196525e-05
"GMB","1-5",146,-0.00887346083623433,4.76761310427478e-05
"GMB","6-11",146,-0.0939882490573786,0.000536296193689973
"GMB","12-23",146,-0.205794602123199,0.000899983164563079
"GMB","24-35",146,-0.326138205375743,0.00119021935998074
"GMB","36-47",146,-0.232232617809138,0.00155300838353988
"GMB","48-59",146,-0.273662812551631,0.00238621369560973
"GNB","<1",146,0.0114222999451621,2.261848453401e-05
"GNB","1-5",146,-0.00770184859016456,3.59204748301239e-05
"GNB","6-11",146,-0.0818619165087934,0.000410813421170271
"GNB","12-23",146,-0.179547915534774,0.000691076414181772
"GNB","24-35",146,-0.284805617413587,0.000914327500258199
"GNB","36-47",146,-0.202524540995186,0.00119276918911333
"GNB","48-59",146,-0.239558941303477,0.00183422147841036
"GNQ","<1",146,0.0402827954762202,0.000276703187373084
"GNQ","1-5",146,-0.0271765542916638,0.000446130790125419
"GNQ","6-11",146,-0.254063120685873,0.00273709632336893
"GNQ","12-23",146,-0.51996632381469,0.00408435208433953
"GNQ","24-35",146,-0.792907757415728,0.00527903285622293
"GNQ","36-47",146,-0.597208614948266,0.00698310637560926
"GNQ","48-59",146,-0.59681191990863,0.0103451701046107
"KEN","<1",146,0.00807598425646271,1.13168085568464e-05
"KEN","1-5",146,-0.00544535980544896,1.79581969613468e-05
"KEN","6-11",146,-0.0581838581923693,0.000210608351052041
"KEN","12-23",146,-0.127942598302328,0.00035556742985407
"KEN","24-35",146,-0.203229132624217,0.000470726323203855
"KEN","36-47",146,-0.144219217003798,0.00061388675734747
"KEN","48-59",146,-0.17156265078761,0.000945194972518221
"LBR","<1",146,0.0266561349177201,0.000122298269987619
"LBR","1-5",146,-0.0179775467912432,0.000195496181093853
"LBR","6-11",146,-0.182077706233197,0.00177069354181873
"LBR","12-23",146,-0.389701782623956,0.00286880192809311
"LBR","24-35",146,-0.609864523987026,0.00376994992626382
"LBR","36-47",146,-0.442400718698894,0.00493581575771488
"LBR","48-59",146,-0.494718541140379,0.00749571580950269
"MDG","<1",146,0.0169099334217365,4.94722756990905e-05
"MDG","1-5",146,-0.0114027051725237,7.87107791256248e-05
"MDG","6-11",146,-0.119669150335033,0.000847079101755629
"MDG","12-23",146,-0.260832172213383,0.00141211352706332
"MDG","24-35",146,-0.412333318886843,0.00186533022140283
"MDG","36-47",146,-0.294691040750052,0.00243535075570677
"MDG","48-59",146,-0.343726493324122,0.00373350689964241
"MLI","<1",146,0.0315121473015417,0.000170374881616151
"MLI","1-5",146,-0.0212547523330146,0.000273138251658965
"MLI","6-11",146,-0.210077367573054,0.0021953506794129
"MLI","12-23",146,-0.443789567972655,0.00347766858945672
"MLI","24-35",146,-0.68936479811359,0.00455050314386559
"MLI","36-47",146,-0.505557297536708,0.00597262002248084
"MLI","48-59",146,-0.547731434466444,0.00900555087492955
"MOZ","<1",146,0.0424726148139253,0.000307144523147782
"MOZ","1-5",146,-0.028655531660504,0.000495902544612108
"MOZ","6-11",146,-0.263752888484571,0.00282861796679035
"MOZ","12-23",146,-0.534783608435723,0.00414645518964318
"MOZ","24-35",146,-0.811096417901247,0.00533832680810031
"MOZ","36-47",146,-0.615497730895062,0.00708007534161994
"MOZ","48-59",146,-0.600476617843169,0.0104384335713949
"MRT","<1",146,0.00490574164878765,4.17813070531784e-06
"MRT","1-5",146,-0.00330772435131085,6.62681392439794e-06
"MRT","6-11",146,-0.0354600596541378,7.89470200276486e-05
"MRT","12-23",146,-0.0780990581637686,0.000133580360661659
"MRT","24-35",146,-0.124162536096473,0.000176910811689896
"MRT","36-47",146,-0.0879982249626466,0.000230670862863718
"MRT","48-59",146,-0.105050851893963,0.000355432684232479
"MWI","<1",146,0.0338964765253193,0.000196807274281162
"MWI","1-5",146,-0.0228642710807165,0.000315993176885194
"MWI","6-11",146,-0.222899823407314,0.00237428045999365
"MWI","12-23",146,-0.467320539736061,0.00370958852008871
"MWI","24-35",146,-0.722742663401774,0.00484077616026965
"MWI","36-47",146,-0.533445944469889,0.00636411800792515
"MWI","48-59",146,-0.567117253687515,0.00955511941887022
"NAM","<1",146,0.00167255543027454,4.85800004813155e-07
"NAM","1-5",146,-0.00112772142208974,7.70315662408422e-07
"NAM","6-11",146,-0.0121100629612365,9.25093389839776e-06
"NAM","12-23",146,-0.0266935686234517,1.56703392663837e-05
"NAM","24-35",146,-0.0424562721832782,2.07574257884427e-05
"NAM","36-47",146,-0.0300706682228285,2.70626960147212e-05
"NAM","48-59",146,-0.0359620790609467,4.17161102218084e-05
"NER","<1",146,0.0306489998221265,0.000161263485561737
"NER","1-5",146,-0.0206721593652865,0.000258392680845579
"NER","6-11",146,-0.205278668967335,0.00212507090253438
"NER","12-23",146,-0.43475823319604,0.00338156622496489
"NER","24-35",146,-0.67632293721792,0.00442862895981273
"NER","36-47",146,-0.494932320264639,0.00580963672322965
"NER","48-59",146,-0.539587605107567,0.00877220314597827
"NGA","<1",146,0.0436549973371457,0.000324227380193147
"NGA","1-5",146,-0.0294541491256445,0.000523869827907091
"NGA","6-11",146,-0.268788715527943,0.00287260498164304
"NGA","12-23",146,-0.54215046205247,0.0041697007674644
"NGA","24-35",146,-0.819793898808206,0.00535634130573347
"NGA","36-47",146,-0.624636432566129,0.00711466060385051
"NGA","48-59",146,-0.601266971645969,0.0104625634422933
"RWA","<1",146,0.00522226470220288,4.73447400135703e-06
"RWA","1-5",146,-0.0035211459141541,7.50950556300407e-06
"RWA","6-11",146,-0.037738344471106,8.93539106947429e-05
"RWA","12-23",146,-0.0831065883320863,0.00015116332084924
"RWA","24-35",146,-0.132114748056644,0.000200191429108644
"RWA","36-47",146,-0.0936434684748694,0.000261029794749811
"RWA","48-59",146,-0.111759693117357,0.000402188012374015
"SEN","<1",146,0.0119723040259321,2.4844949570199e-05
"SEN","1-5",146,-0.00807274409681321,3.94623776226233e-05
"SEN","6-11",146,-0.0857146209160857,0.000449077755983383
"SEN","12-23",146,-0.187902140624763,0.000754898227382727
"SEN","24-35",146,-0.29797494722306,0.000998641125660412
"SEN","36-47",146,-0.211975972173341,0.00130284128802278
"SEN","48-59",146,-0.250454592510882,0.00200299154616436
"SLE","<1",146,0.0544436125536139,0.000501003671373428
"SLE","1-5",146,-0.0367418508410048,0.00081446471452624
"SLE","6-11",146,-0.309109066872299,0.00316454866110993
"SLE","12-23",146,-0.591349323200445,0.00420774253116736
"SLE","24-35",146,-0.868567728380394,0.00528921559100853
"SLE","36-47",146,-0.685236394552411,0.00713127665403115
"SLE","48-59",146,-0.579196933949981,0.0102890454376849
"SOM","<1",146,0.00531578411528257,4.90549564817114e-06
"SOM","1-5",146,-0.00358420326481227,7.78086146295128e-06
"SOM","6-11",146,-0.0384111412349007,9.25480467558157e-05
"SOM","12-23",146,-0.0845849879600411,0.000156558746108558
"SOM","24-35",146,-0.13446220740778,0.000207334931420631
"SOM","36-47",146,-0.0953102507690093,0.000270345410085465
"SOM","48-59",146,-0.113739423767612,0.000416533722191593
"SSD","<1",146,0.0408630320920209,0.000284617845254954
"SSD","1-5",146,-0.0275684258964596,0.000459062746419383
"SSD","6-11",146,-0.256677584696793,0.00276272611028577
"SSD","12-23",146,-0.524044448523126,0.00410347675686435
"SSD","24-35",146,-0.797998596673807,0.00529838535980048
"SSD","36-47",146,-0.602228690012783,0.007013418375127
"SSD","48-59",146,-0.598074419190231,0.0103767956160472
"SWZ","<1",146,0.00369384718081131,2.3691432034031e-06
"SWZ","1-5",146,-0.00249058820040946,3.75715656583694e-06
"SWZ","6-11",146,-0.0267222636166324,4.49370938903017e-05
"SWZ","12-23",146,-0.0588780920814643,7.6076640252421e-05
"SWZ","24-35",146,-0.0936250904836301,0.000100763716228393
"SWZ","36-47",146,-0.0663340823283015,0.000131377926327775
"SWZ","48-59",146,-0.0792582508465373,0.000202474268980236
"TCD","<1",146,0.0266109891013728,0.000121887770033898
"TCD","1-5",146,-0.0179470835986964,0.000194835021932995
"TCD","6-11",146,-0.181806480902602,0.00176647343293408
"TCD","12-23",146,-0.389163241337323,0.00286247610152837
"TCD","24-35",146,-0.609058698732785,0.00376176249378598
"TCD","36-47",146,-0.441776743637415,0.00492500381435925
"TCD","48-59",146,-0.494147330470539,0.00747972931541134
"TGO","<1",146,0.0370595111836982,0.000234724199349446
"TGO","1-5",146,-0.0249998656421118,0.000377653354860984
"TGO","6-11",146,-0.238896809393354,0.00257391274286797
"TGO","12-23",146,-0.49522619758397,0.00393646297628092
"TGO","24-35",146,-0.760855287948532,0.00511450988904626
"TGO","36-47",146,-0.566998910651846,0.00674247362434192
"TGO","48-59",146,-0.585639355020617,0.0100588279251271
"TZA","<1",146,0.0155997366799078,4.21260224117964e-05
"TZA","1-5",146,-0.0105190501934936,6.69896393779802e-05
"TZA","6-11",146,-0.11078190210108,0.000733143846504273
"TZA","12-23",146,-0.241881011707452,0.00122530069929728
"TZA","24-35",146,-0.38273755700019,0.00161928815324066
"TZA","36-47",146,-0.273156027486548,0.00211363187697754
"TZA","48-59",146,-0.319856662992953,0.00324309848107164
"UGA","<1",146,0.0386995005144746,0.000255661788544124
"UGA","1-5",146,-0.0261073066153296,0.000411782449000186
"UGA","6-11",146,-0.246751665943689,0.00266157001261292
"UGA","12-23",146,-0.508263225954385,0.00402108148598117
"UGA","24-35",146,-0.777980094724799,0.00521106476449187
"UGA","36-47",146,-0.582864601321257,0.00688118047578897
"UGA","48-59",146,-0.592232988398798,0.0102296320586077
"ZMB","<1",146,0.0252359595069517,0.000109708640953998
"ZMB","1-5",146,-0.0170192881150255,0.000175233375490323
"ZMB","6-11",146,-0.173456483876763,0.00163642900898191
"ZMB","12-23",146,-0.372469107698849,0.00266557973991305
"ZMB","24-35",146,-0.583970365191621,0.00350639511240553
"ZMB","36-47",146,-0.422471344269805,0.00458819014016967
"ZMB","48-59",146,-0.476109747642743,0.00698000659539024
"ZWE","<1",146,0.00598577950375408,6.2193571468512e-06
"ZWE","1-5",146,-0.00403596323948317,9.86574942869602e-06
"ZWE","6-11",146,-0.0432263380186318,0.00011700881297688
"ZWE","12-23",146,-0.095160639163497,0.000197857791082673
"ZWE","24-35",146,-0.151250139371428,0.000262010168469043
"ZWE","36-47",146,-0.107235018667146,0.000341648475661129
"ZWE","48-59",146,-0.127887657877656,0.000526320185352966
"AGO","<1",153,0.0360883502408775,0.000221165648174591
"AGO","1-5",153,-0.02376029165578,0.000355230903059384
"AGO","6-11",153,-0.235623327341917,0.0025057036856013
"AGO","12-23",153,-0.488361264264683,0.00385924533139902
"AGO","24-35",153,-0.754024723345577,0.00502742441893368
"AGO","36-47",153,-0.558393848638629,0.006616084681824
"AGO","48-59",153,-0.580950580786464,0.00989336776827403
"BDI","<1",153,0.041552086762912,0.000292101898900933
"BDI","1-5",153,-0.0273620615026594,0.000470829951379122
"BDI","6-11",153,-0.261339308144079,0.00278168226398605
"BDI","12-23",153,-0.530139818437506,0.00411016465241776
"BDI","24-35",153,-0.808606167102645,0.00530761053263293
"BDI","36-47",153,-0.609592689095588,0.00702474204521924
"BDI","48-59",153,-0.599965793395885,0.0103808974991877
"BEN","<1",153,0.064528434025461,0.000695439170184445
"BEN","1-5",153,-0.0425132088401946,0.00113476564017183
"BEN","6-11",153,-0.340950099078784,0.00334743052473682
"BEN","12-23",153,-0.61548624511103,0.00418625905382782
"BEN","24-35",153,-0.885745594313988,0.00517826035869744
"BEN","36-47",153,-0.710332877883023,0.00704714507279659
"BEN","48-59",153,-0.536190782765546,0.0100690630413068
"BFA","<1",153,0.0370646673600703,0.000233135134315824
"BFA","1-5",153,-0.0244037998025983,0.000374695114686038
"BFA","6-11",153,-0.240458688515628,0.00256304905467563
"BFA","12-23",153,-0.496599026222458,0.00392047156858714
"BFA","24-35",153,-0.765181145354214,0.00509999606663033
"BFA","36-47",153,-0.568381804874215,0.00671759948984263
"BFA","48-59",153,-0.585912168076224,0.0100247313032958
"BWA","<1",153,0.00013937923084166,3.34902018842135e-09
"BWA","1-5",153,-9.17167034159585e-05,5.30510606790176e-09
"BWA","6-11",153,-0.00101658998885754,6.37511366272751e-08
"BWA","12-23",153,-0.002230666608735,1.07942738665169e-07
"BWA","24-35",153,-0.00355319672520795,1.4311132539014e-07
"BWA","36-47",153,-0.00250998037792329,1.86468444890779e-07
"BWA","48-59",153,-0.00299147728978892,2.874891609365e-07
"CAF","<1",153,0.0598019289527737,0.000598660134815376
"CAF","1-5",153,-0.0393968438233038,0.000974733644491291
"CAF","6-11",153,-0.327504619069314,0.00326334778089538
"CAF","12-23",153,-0.607009362427747,0.00418678109354954
"CAF","24-35",153,-0.883481414064333,0.00521784653384817
"CAF","36-47",153,-0.703511580587162,0.00707302337688455
"CAF","48-59",153,-0.558051086292074,0.010145477799825
"CIV","<1",153,0.0383230779014527,0.00024901641179782
"CIV","1-5",153,-0.0252333053698649,0.000400548448731431
"CIV","6-11",153,-0.246533338957399,0.002631471331831
"CIV","12-23",153,-0.506708727239236,0.00398802108422185
"CIV","24-35",153,-0.778631702016038,0.00517790733331671
"CIV","36-47",153,-0.580711659976876,0.0068286614548052
"CIV","48-59",153,-0.591258509598192,0.0101630454430825
"CMR","<1",153,0.0446496933947545,0.000336590852504672
"CMR","1-5",153,-0.0294045099587662,0.000543585615273427
"CMR","6-11",153,-0.274546281285133,0.00289743339820266
"CMR","12-23",153,-0.549427940274069,0.00417267013023158
"CMR","24-35",153,-0.831691802073683,0.00535737696982654
"CMR","36-47",153,-0.633657228100614,0.00711820583759613
"CMR","48-59",153,-0.602280472948354,0.0104483402863066
"COD","<1",153,0.0639124561351817,0.000682423629782787
"COD","1-5",153,-0.0421071118660708,0.00111322235697928
"COD","6-11",153,-0.339260661480842,0.00333705942560171
"COD","12-23",153,-0.614568920706793,0.00418573808857694
"COD","24-35",153,-0.885668982785313,0.00518218737214558
"COD","36-47",153,-0.709817832193163,0.00704972590606265
"COD","48-59",153,-0.539012317383204,0.0100776241758281
"COG","<1",153,0.0408651421754817,0.000282654476850271
"COG","1-5",153,-0.0269091545533057,0.000455402870930995
"COG","6-11",153,-0.258280931146493,0.00275252063311971
"COG","12-23",153,-0.525448377039323,0.00408970282128787
"COG","24-35",153,-0.802755403243719,0.00528757859971777
"COG","36-47",153,-0.603776829204333,0.00699260443249459
"COG","48-59",153,-0.598684331500777,0.0103491088617666
"COM","<1",153,0.0036519773993933,2.29880581509247e-06
"COM","1-5",153,-0.0024031495502181,3.64206112652506e-06
"COM","6-11",153,-0.0266085048032872,4.35509583679126e-05
"COM","12-23",153,-0.0583570866662455,7.36893138983603e-05
"COM","24-35",153,-0.0929320003756489,9.7686522970188e-05
"COM","36-47",153,-0.0656732858050064,0.000127288905543888
"COM","48-59",153,-0.078186009125016,0.000196201922458847
"DJI","<1",153,0.00780602507190124,1.04962342360044e-05
"DJI","1-5",153,-0.00513678241585016,1.66389634102617e-05
"DJI","6-11",153,-0.0566584680219494,0.000195417586678881
"DJI","12-23",153,-0.124036640407072,0.000329815095791606
"DJI","24-35",153,-0.197336998092313,0.000437033111192553
"DJI","36-47",153,-0.139656967642343,0.000569588906170089
"DJI","48-59",153,-0.165600680507262,0.000877191257894018
"ERI","<1",153,0.00179755631434848,5.5701748943571e-07
"ERI","1-5",153,-0.00118286023034847,8.82391529566689e-07
"ERI","6-11",153,-0.0131075939917321,1.05913256641162e-05
"ERI","12-23",153,-0.028758155426557,1.79302184140641e-05
"ERI","24-35",153,-0.0458056484796182,2.37713747176067e-05
"ERI","36-47",153,-0.0323601622915429,3.0973580251677e-05
"ERI","48-59",153,-0.0385579791714804,4.7751080773883e-05
"ETH","<1",153,0.00704558713257251,8.55209553837749e-06
"ETH","1-5",153,-0.00463635194023638,1.35552206428017e-05
"ETH","6-11",153,-0.0511854652171529,0.000159884201471967
"ETH","12-23",153,-0.11210366324187,0.000270007663872196
"ETH","24-35",153,-0.178392666604637,0.00035782003667645
"ETH","36-47",153,-0.126206147683663,0.000466326217506864
"ETH","48-59",153,-0.149794572533921,0.000718312709011095
"GAB","<1",153,0.0326392079079155,0.000181342511917244
"GAB","1-5",153,-0.0214872927936162,0.000290620242543794
"GAB","6-11",153,-0.217651360780529,0.00227082904666251
"GAB","12-23",153,-0.456387626172161,0.0035746247441508
"GAB","24-35",153,-0.709307248568864,0.00467691573209825
"GAB","36-47",153,-0.520110340386432,0.00613829951894852
"GAB","48-59",153,-0.557317764544216,0.0092399388480916
"GHA","<1",153,0.0286691374076407,0.000140277397152051
"GHA","1-5",153,-0.0188717775663061,0.000224263900985349
"GHA","6-11",153,-0.195283681839013,0.00194268692459152
"GHA","12-23",153,-0.414150157184086,0.0031201414410251
"GHA","24-35",153,-0.647731026869861,0.00409799769933064
"GHA","36-47",153,-0.470461131322007,0.00536632983872046
"GHA","48-59",153,-0.518343054169506,0.00812920365842775
"GIN","<1",153,0.0379657808271557,0.000244455386845632
"GIN","1-5",153,-0.0249977790275342,0.000393120369934681
"GIN","6-11",153,-0.244826405167929,0.00261265196513317
"GIN","12-23",153,-0.503895665165064,0.00397008927520349
"GIN","24-35",153,-0.774917218854128,0.00515749991691151
"GIN","36-47",153,-0.577272805544898,0.00679929731860037
"GIN","48-59",153,-0.58985761817928,0.0101271561120392
"GMB","<1",153,0.01321032104593,3.00163953444508e-05
"GMB","1-5",153,-0.00869350657366603,4.76470265063886e-05
"GMB","6-11",153,-0.095006259358744,0.000535753127936202
"GMB","12-23",153,-0.207071021230399,0.000898537676272501
"GMB","24-35",153,-0.328675506878903,0.00118935776319187
"GMB","36-47",153,-0.233433133282452,0.00155093120310521
"GMB","48-59",153,-0.274087483662471,0.00238334273519765
"GNB","<1",153,0.0114662971143231,2.26266234676889e-05
"GNB","1-5",153,-0.00754565727201656,3.58985476136916e-05
"GNB","6-11",153,-0.0827525983977274,0.000410400595653455
"GNB","12-23",153,-0.180667992894379,0.000689975796360186
"GNB","24-35",153,-0.287022495084795,0.000913673480997133
"GNB","36-47",153,-0.203573658648637,0.00119118799812867
"GNB","48-59",153,-0.239930775615536,0.00183204069061643
"GNQ","<1",153,0.0404342950935295,0.000276806699848466
"GNQ","1-5",153,-0.0266251026095307,0.000445858191579589
"GNQ","6-11",153,-0.256337922592894,0.00273350105216001
"GNQ","12-23",153,-0.522426442313852,0.00407544658820779
"GNQ","24-35",153,-0.798943976648596,0.005273069540653
"GNQ","36-47",153,-0.600039204985615,0.00696998350598673
"GNQ","48-59",153,-0.597728204420786,0.0103254592350413
"KEN","<1",153,0.00810712408153693,1.1320873190263e-05
"KEN","1-5",153,-0.00533493223313198,1.79472353193455e-05
"KEN","6-11",153,-0.0588212330290918,0.000210399158804108
"KEN","12-23",153,-0.12874766960937,0.000355008344196899
"KEN","24-35",153,-0.20481225233733,0.000470395643431084
"KEN","36-47",153,-0.144968639027015,0.00061308383911228
"KEN","48-59",153,-0.171829035558546,0.000944091138402076
"LBR","<1",153,0.026757862481095,0.000122342986862739
"LBR","1-5",153,-0.0176128851014902,0.000195376783211239
"LBR","6-11",153,-0.183931683855863,0.00176871506858314
"LBR","12-23",153,-0.391929040016359,0.00286365341658719
"LBR","24-35",153,-0.614575712999364,0.00376675482076614
"LBR","36-47",153,-0.444623633056295,0.0049283790600551
"LBR","48-59",153,-0.49548372451412,0.007485142005103
"MDG","<1",153,0.0169749072067512,4.94901557526762e-05
"MDG","1-5",153,-0.0111714475847799,7.86627239298734e-05
"MDG","6-11",153,-0.12094960868188,0.000846203682762133
"MDG","12-23",153,-0.262424718612222,0.00140979366634158
"MDG","24-35",153,-0.415536756137632,0.00186393605179955
"MDG","36-47",153,-0.296205915957897,0.00243201450288444
"MDG","48-59",153,-0.344259554125432,0.00372886935656613
"MLI","<1",153,0.0316318598305612,0.000170437641773747
"MLI","1-5",153,-0.0208235675192917,0.000272971403250354
"MLI","6-11",153,-0.212139536658365,0.00219276585440923
"MLI","12-23",153,-0.446199540582886,0.00347103377922105
"MLI","24-35",153,-0.694667562797366,0.0045462915079635
"MLI","36-47",153,-0.508055149919245,0.00596299347062743
"MLI","48-59",153,-0.548576853183658,0.0089916404393231
"MOZ","<1",153,0.0426319146875594,0.000307259880794677
"MOZ","1-5",153,-0.0280740296424956,0.000495599519976811
"MOZ","6-11",153,-0.266050254569215,0.00282480352302918
"MOZ","12-23",153,-0.53720531023405,0.00413710916946911
"MOZ","24-35",153,-0.817254419501567,0.00533197339012928
"MOZ","36-47",153,-0.618380917291209,0.00706622729434741
"MOZ","48-59",153,-0.601397294580065,0.0104174027175856
"MRT","<1",153,0.00492466979144626,4.17962959292674e-06
"MRT","1-5",153,-0.00324064739457531,6.62276910385316e-06
"MRT","6-11",153,-0.0358501482624835,7.88691729869417e-05
"MRT","12-23",153,-0.0785931180257317,0.000133371991685538
"MRT","24-35",153,-0.125130202507811,0.00017678792739231
"MRT","36-47",153,-0.088456386861414,0.000230371679035402
"MRT","48-59",153,-0.105213998623727,0.000355022196704618
"MWI","<1",153,0.0340249218483693,0.000196880061770101
"MWI","1-5",153,-0.0224004066024447,0.000315800133388535
"MWI","6-11",153,-0.225041022665947,0.0023714036116996
"MWI","12-23",153,-0.469780298788257,0.00370226470550128
"MWI","24-35",153,-0.728288154065251,0.00483606637797965
"MWI","36-47",153,-0.536055516978467,0.00635345837617491
"MWI","48-59",153,-0.567991477331126,0.00953957141035986
"NAM","<1",153,0.00167901091497903,4.85974178170442e-07
"NAM","1-5",153,-0.00110485267737103,7.6984549379609e-07
"NAM","6-11",153,-0.0122435695521148,9.24184580811647e-06
"NAM","12-23",153,-0.026862891296727,1.56459949061422e-05
"NAM","24-35",153,-0.0427872374409032,2.07430902433479e-05
"NAM","36-47",153,-0.0302273854348518,2.70277448974961e-05
"NAM","48-59",153,-0.0360179351231423,4.16682054929908e-05
"NER","<1",153,0.0307655344089992,0.000161322806700216
"NER","1-5",153,-0.0202528020822988,0.000258234845027225
"NER","6-11",153,-0.207308297688718,0.00212259353822747
"NER","12-23",153,-0.437143415704669,0.00337518993973843
"NER","24-35",153,-0.681529741851907,0.00442459912464208
"NER","36-47",153,-0.497385784178291,0.005800394176138
"NER","48-59",153,-0.540420801212867,0.00875888953567405
"NGA","<1",153,0.0438184883408391,0.000324349413691281
"NGA","1-5",153,-0.0288564182021097,0.000523549707071458
"NGA","6-11",153,-0.271093944305231,0.00286867862299408
"NGA","12-23",153,-0.544544497235017,0.00416013947183127
"NGA","24-35",153,-0.826009237606382,0.00534978742859046
"NGA","36-47",153,-0.62754373108755,0.00710044795681256
"NGA","48-59",153,-0.60218825039586,0.0104408469226887
"RWA","<1",153,0.00524241308733821,4.73617263037187e-06
"RWA","1-5",153,-0.00344974091817344,7.50492195712217e-06
"RWA","6-11",153,-0.0381533606062361,8.92657519407525e-05
"RWA","12-23",153,-0.0836321098946047,0.000150927378710685
"RWA","24-35",153,-0.133144352399628,0.00020005225224629
"RWA","36-47",153,-0.0941309491894183,0.000260691015231373
"RWA","48-59",153,-0.111933256011905,0.000401723126382956
"SEN","<1",153,0.0120184103108303,2.48538929293858e-05
"SEN","1-5",153,-0.00790903030616869,3.94382879877753e-05
"SEN","6-11",153,-0.086645958147234,0.000448625437877612
"SEN","12-23",153,-0.189072308225139,0.00075369290912547
"SEN","24-35",153,-0.300293975915242,0.000997924227835038
"SEN","36-47",153,-0.213073366145108,0.0013011095494389
"SEN","48-59",153,-0.250843311801268,0.00200060159532912
"SLE","<1",153,0.0546447583952417,0.000501195757235725
"SLE","1-5",153,-0.0359959455168166,0.000813966993422629
"SLE","6-11",153,-0.311375088999942,0.00315981256375959
"SLE","12-23",153,-0.593326002787779,0.00419689536557215
"SLE","24-35",153,-0.875101954816142,0.0052811947693537
"SLE","36-47",153,-0.688254849368299,0.00711459053135267
"SLE","48-59",153,-0.580083359057801,0.0102620262297611
"SOM","<1",153,0.005336292995219,4.9072556856659e-06
"SOM","1-5",153,-0.00351151950696282,7.77611222367473e-06
"SOM","6-11",153,-0.038833513854619,9.24567207104202e-05
"SOM","12-23",153,-0.085119790404734,0.000156314336056663
"SOM","24-35",153,-0.135510094208126,0.000207190749502633
"SOM","36-47",153,-0.0958063853809775,0.000269994470200419
"SOM","48-59",153,-0.11391606029538,0.000416052126274661
"SSD","<1",153,0.0410166034779089,0.0002847244308576
"SSD","1-5",153,-0.0270090125848181,0.00045878224231538
"SSD","6-11",153,-0.258959418751858,0.00275907129006253
"SSD","12-23",153,-0.526496093958743,0.00409444926049444
"SSD","24-35",153,-0.804069153834018,0.00529231638971012
"SSD","36-47",153,-0.605074263364243,0.00700009709750247
"SSD","48-59",153,-0.598992306146813,0.0103567288770311
"SWZ","<1",153,0.00370810173169693,2.36999287134026e-06
"SWZ","1-5",153,-0.00244008205505841,3.75486332810735e-06
"SWZ","6-11",153,-0.0270165404497594,4.48928640924939e-05
"SWZ","12-23",153,-0.0592510553603458,7.59582077979186e-05
"SWZ","24-35",153,-0.0943548491499061,0.000100693922630997
"SWZ","36-47",153,-0.0666796178856496,0.000131207884904031
"SWZ","48-59",153,-0.0793813475142377,0.000202241085452576
"TCD","<1",153,0.0267125483055872,0.000121932333949601
"TCD","1-5",153,-0.0175830401732797,0.000194716028056882
"TCD","6-11",153,-0.183658249458958,0.00176450055479202
"TCD","12-23",153,-0.391388329147217,0.00285734158170747
"TCD","24-35",153,-0.613763824884186,0.00375857666993033
"TCD","36-47",153,-0.443996827414321,0.00491758756534303
"TCD","48-59",153,-0.494911642996231,0.00746918599381081
"TGO","<1",153,0.0371994342314766,0.000234811496478166
"TGO","1-5",153,-0.0244926305914407,0.000377422618260271
"TGO","6-11",153,-0.241117671125324,0.00257066653154539
"TGO","12-23",153,-0.497708840386664,0.00392830287313319
"TGO","24-35",153,-0.766671118544365,0.00510916059614285
"TGO","36-47",153,-0.569731439305256,0.00673053245234874
"TGO","48-59",153,-0.586540365784895,0.0100411670451922
"TZA","<1",153,0.0156597169537472,4.21412292497753e-05
"TZA","1-5",153,-0.010305717485201,6.69487419001096e-05
"TZA","6-11",153,-0.111972792725071,0.00073239199765291
"TZA","12-23",153,-0.243366767609632,0.00122330493878375
"TZA","24-35",153,-0.385712639127153,0.00161809248855501
"TZA","36-47",153,-0.274563206647273,0.00211076261190417
"TZA","48-59",153,-0.3203528253944,0.00323911870886305
"UGA","<1",153,0.0388453282275731,0.000255757154908985
"UGA","1-5",153,-0.0255775767990135,0.000411530848441712
"UGA","6-11",153,-0.249003211490026,0.0026581424439202
"UGA","12-23",153,-0.510739788600904,0.00401252799045254
"UGA","24-35",153,-0.783914544233846,0.0052053975963917
"UGA","36-47",153,-0.585650255228073,0.0068686215031092
"UGA","48-59",153,-0.593143171864548,0.010210913351468
"ZMB","<1",153,0.0253323814767481,0.000109748675318431
"ZMB","1-5",153,-0.0166740739044967,0.000175126358841622
"ZMB","6-11",153,-0.175238735834459,0.00163462534775076
"ZMB","12-23",153,-0.374624269619219,0.00266087039125253
"ZMB","24-35",153,-0.588486233289196,0.00350348922839979
"ZMB","36-47",153,-0.42460297367457,0.00458139420491714
"ZMB","48-59",153,-0.476846516178451,0.00697038303300879
"ZWE","<1",153,0.00600887053816279,6.22158906594461e-06
"ZWE","1-5",153,-0.00395411803982927,9.85972757985045e-06
"ZWE","6-11",153,-0.043701291967076,0.000116893194631537
"ZWE","12-23",153,-0.0957617215485013,0.000197548454957514
"ZWE","24-35",153,-0.152428754350207,0.000261827587837982
"ZWE","36-47",153,-0.107793029145397,0.00034120429457655
"ZWE","48-59",153,-0.128086258807064,0.000525710410099885
"AGO","<1",158,0.0365086153395593,0.000221177476100975
"AGO","1-5",158,-0.0244132166549495,0.000355738808015767
"AGO","6-11",158,-0.235055860729641,0.00251028242741236
"AGO","12-23",158,-0.48460127812129,0.00386780351997412
"AGO","24-35",158,-0.751795586633703,0.00504011819674635
"AGO","36-47",158,-0.559568626344022,0.00664044790545023
"AGO","48-59",158,-0.584538824876302,0.00993561240304493
"BDI","<1",158,0.0420369453774885,0.000292117105255826
"BDI","1-5",158,-0.028114026279375,0.000471503390552153
"BDI","6-11",158,-0.260762616532845,0.00278722888903623
"BDI","12-23",158,-0.526124387429285,0.00412016318250188
"BDI","24-35",158,-0.806237888986965,0.00532218719177672
"BDI","36-47",158,-0.610891024396868,0.00705307976885346
"BDI","48-59",158,-0.60388693205259,0.0104309157203078
"BEN","<1",158,0.0652881785345221,0.000695470962997755
"BEN","1-5",158,-0.0436822095598363,0.00113639016174145
"BEN","6-11",158,-0.340617495167031,0.00335611427206852
"BEN","12-23",158,-0.611139068030438,0.00419972675727259
"BEN","24-35",158,-0.883267050974025,0.00519661150327894
"BEN","36-47",158,-0.7120875502046,0.00708453294675795
"BEN","48-59",158,-0.540982916765487,0.0101406841902515
"BFA","<1",158,0.037496450506017,0.000233147545583106
"BFA","1-5",158,-0.025074417708823,0.000375230886991515
"BFA","6-11",158,-0.239887607526247,0.00256780540606652
"BFA","12-23",158,-0.492786114057602,0.00392930701298686
"BFA","24-35",158,-0.762922533462255,0.00511306325304971
"BFA","36-47",158,-0.569579800863897,0.00674273423907601
"BFA","48-59",158,-0.589564835081387,0.0100684445327077
"BWA","<1",158,0.000140992116458185,3.34921360643884e-09
"BWA","1-5",158,-9.42364024094156e-05,5.3126783316142e-09
"BWA","6-11",158,-0.00101358910126242,6.38399477503056e-08
"BWA","12-23",158,-0.00221275735706779,1.08126177391326e-07
"BWA","24-35",158,-0.0035424473233888,1.4339527531063e-07
"BWA","36-47",158,-0.00251511571467738,1.8699516467219e-07
"BWA","48-59",158,-0.00300760078232827,2.88360555111611e-07
"CAF","<1",158,0.0605047372927965,0.000598688256768073
"CAF","1-5",158,-0.0404799975660574,0.000976128925184264
"CAF","6-11",158,-0.327085666376512,0.00327151362535255
"CAF","12-23",158,-0.602671704743355,0.00419978532684637
"CAF","24-35",158,-0.880987237751836,0.00523572897915679
"CAF","36-47",158,-0.705168532879665,0.0071092229552756
"CAF","48-59",158,-0.562710113682235,0.0102137433767094
"CIV","<1",158,0.0387697227820356,0.000249029588449572
"CIV","1-5",158,-0.0259267312895345,0.000401121239279059
"CIV","6-11",158,-0.245958866289341,0.00263645388244868
"CIV","12-23",158,-0.502832442948049,0.00399720129583044
"CIV","24-35",158,-0.776338166082026,0.00519143203681609
"CIV","36-47",158,-0.581938797470973,0.00685475172196643
"CIV","48-59",158,-0.594990939616822,0.010208602029383
"CMR","<1",158,0.0451713151121715,0.000336608088384256
"CMR","1-5",158,-0.0302126503632139,0.000544363263050563
"CMR","6-11",158,-0.273976146212758,0.00290349563500982
"CMR","12-23",158,-0.545307922032683,0.0041833638018411
"CMR","24-35",158,-0.829270177202282,0.00537280334611045
"CMR","36-47",158,-0.635019907310078,0.00714842419904673
"CMR","48-59",158,-0.606362770640111,0.0105022635945492
"COD","<1",158,0.0646647702054825,0.000682454937462995
"COD","1-5",158,-0.043264923363579,0.00111481601941619
"COD","6-11",158,-0.338915777638279,0.0033456789546146
"COD","12-23",158,-0.61022235111127,0.00419914918746642
"COD","24-35",158,-0.883187953957302,0.00520047819520283
"COD","36-47",158,-0.711559318193894,0.00708696563729484
"COD","48-59",158,-0.543787796987797,0.0101488228747793
"COG","<1",158,0.0413418617014525,0.000282669243778704
"COG","1-5",158,-0.0276486639410688,0.000456054215672536
"COG","6-11",158,-0.257703933930617,0.0027579493941591
"COG","12-23",158,-0.521459847234312,0.00409953530841138
"COG","24-35",158,-0.800401312188233,0.0053019460018592
"COG","36-47",158,-0.605060409567898,0.00702048875990451
"COG","48-59",158,-0.602567170799945,0.0103982110120854
"COM","<1",158,0.00369424048189254,2.29893848594741e-06
"COM","1-5",158,-0.00246917055612063,3.64725974510474e-06
"COM","6-11",158,-0.0265300882839206,4.36117802758071e-05
"COM","12-23",158,-0.0578887206022272,7.38148310095883e-05
"COM","24-35",158,-0.0926509080144213,9.78807479220833e-05
"COM","36-47",158,-0.065807683815889,0.000127649291593231
"COM","48-59",158,-0.0786078792460859,0.000196798376822597
"DJI","<1",158,0.0078963823562545,1.04968384508831e-05
"DJI","1-5",158,-0.00527790500941432,1.66627153796053e-05
"DJI","6-11",158,-0.0564924992456234,0.000195692994848354
"DJI","12-23",158,-0.12304240484234,0.000330381633902187
"DJI","24-35",158,-0.196740519985322,0.000437908672203778
"DJI","36-47",158,-0.139943024292421,0.000571215229272819
"DJI","48-59",158,-0.166497814092315,0.00087988684291266
"ERI","<1",158,0.0018183578075811,5.57049653871378e-07
"ERI","1-5",158,-0.0012153565305943,8.83651020742503e-07
"ERI","6-11",158,-0.0130689165117945,1.06060890097821e-05
"ERI","12-23",158,-0.0285272850209122,1.79607057018559e-05
"ERI","24-35",158,-0.0456670798414791,2.38185630397757e-05
"ERI","36-47",158,-0.0324263738992507,3.10611193073227e-05
"ERI","48-59",158,-0.0387658529807783,4.78959172333196e-05
"ETH","<1",158,0.00712713763032175,8.55258814043068e-06
"ETH","1-5",158,-0.00476372594804865,1.3574570253485e-05
"ETH","6-11",158,-0.0510353116709795,0.000160109043190853
"ETH","12-23",158,-0.111204805276134,0.000270470535868448
"ETH","24-35",158,-0.17785336197972,0.000358535600580953
"ETH","36-47",158,-0.126464598568236,0.000467655017511835
"ETH","48-59",158,-0.150605298246959,0.000720514386966827
"GAB","<1",158,0.0330188687211167,0.000181352356777902
"GAB","1-5",158,-0.0220777289001948,0.000291035662975263
"GAB","6-11",158,-0.217103578354428,0.00227476868577729
"GAB","12-23",158,-0.452842494317821,0.00358213871799542
"GAB","24-35",158,-0.70719986738006,0.00468816451946046
"GAB","36-47",158,-0.521198334620639,0.0061597364358257
"GAB","48-59",158,-0.560659696196544,0.00927674973177472
"GHA","<1",158,0.0290022233276528,0.000140285127358916
"GHA","1-5",158,-0.0193903186651958,0.000224584377996946
"GHA","6-11",158,-0.194771352390877,0.00194588438552422
"GHA","12-23",158,-0.41090570277585,0.00312636177041224
"GHA","24-35",158,-0.645797511508634,0.00410739173698763
"GHA","36-47",158,-0.47143984020661,0.00538410980101767
"GHA","48-59",158,-0.521365770213233,0.0081594490593047
"GIN","<1",158,0.0384082042695751,0.000244468344668449
"GIN","1-5",158,-0.0256847287928084,0.000393682524174444
"GIN","6-11",158,-0.244252750768373,0.00261757062296288
"GIN","12-23",158,-0.50003683061975,0.00397917305590519
"GIN","24-35",158,-0.772633254736406,0.00517089744628754
"GIN","36-47",158,-0.578491755309469,0.00682512078883853
"GIN","48-59",158,-0.59356776919301,0.0101721951146382
"GMB","<1",158,0.0133633192614201,3.00181125246396e-05
"GMB","1-5",158,-0.00893234821263885,4.77150541647403e-05
"GMB","6-11",158,-0.0947320540679026,0.000536525026750027
"GMB","12-23",158,-0.205416369764738,0.000900113218409737
"GMB","24-35",158,-0.327683709414457,0.00119178520616966
"GMB","36-47",158,-0.233912303507623,0.00155545170757121
"GMB","48-59",158,-0.275587057793389,0.00239086220054968
"GNB","<1",158,0.0115990687429394,2.26279209635011e-05
"GNB","1-5",158,-0.00775296164435218,3.59497980941148e-05
"GNB","6-11",158,-0.0825123991132674,0.00041098693675351
"GNB","12-23",158,-0.179222599827338,0.000691176155977177
"GNB","24-35",158,-0.286155829764314,0.000915525065289926
"GNB","36-47",158,-0.20399119160959,0.00119463271847699
"GNB","48-59",158,-0.241238519942048,0.00183776285159659
"GNQ","<1",158,0.0409059124198457,0.000276821193229307
"GNQ","1-5",158,-0.027356800531989,0.000446495866992434
"GNQ","6-11",158,-0.255760947599387,0.00273885527648532
"GNQ","12-23",158,-0.518455510300516,0.00408517271345118
"GNQ","24-35",158,-0.79659924421548,0.00528730172645806
"GNQ","36-47",158,-0.601313429129989,0.00699757665127784
"GNQ","48-59",158,-0.601586525004915,0.0103739776166899
"KEN","<1",158,0.00820096886794708,1.13215247059882e-05
"KEN","1-5",158,-0.00548149872533057,1.79728550277461e-05
"KEN","6-11",158,-0.0586490347569709,0.000210695954377956
"KEN","12-23",158,-0.12771580540861,0.000355618679835618
"KEN","24-35",158,-0.204193222401468,0.000471338771347199
"KEN","36-47",158,-0.145265602191017,0.000614835852679483
"KEN","48-59",158,-0.172760291430215,0.000946995484123249
"LBR","<1",158,0.0270685824023727,0.000122349771745429
"LBR","1-5",158,-0.0180968254298024,0.000195655942851942
"LBR","6-11",158,-0.183440854053264,0.0017715613033245
"LBR","12-23",158,-0.388847893923395,0.00286923664015245
"LBR","24-35",158,-0.61273762300574,0.00377521693474204
"LBR","36-47",158,-0.44554645265716,0.00494434967305682
"LBR","48-59",158,-0.498340356331505,0.00751220337884497
"MDG","<1",158,0.0171716145376852,4.94929691321364e-05
"MDG","1-5",158,-0.0114783739556829,7.87750531314256e-05
"MDG","6-11",158,-0.120605848211178,0.000847450605940523
"MDG","12-23",158,-0.260334484961755,0.00141231856634236
"MDG","24-35",158,-0.414285033895441,0.00186781373998918
"MDG","36-47",158,-0.296815288105463,0.00243925489892759
"MDG","48-59",158,-0.346162429745331,0.00374095753203952
"MLI","<1",158,0.0319996872010954,0.000170446931943579
"MLI","1-5",158,-0.0213957582247369,0.00027336156723368
"MLI","6-11",158,-0.211599507425291,0.002196516763831
"MLI","12-23",158,-0.442725499050168,0.00347822626928553
"MLI","24-35",158,-0.692601011029228,0.00455708494385069
"MLI","36-47",158,-0.509116333305641,0.00598352421050306
"MLI","48-59",158,-0.551841266891612,0.00902680511175819
"MOZ","<1",158,0.0431295775179902,0.000307275785870824
"MOZ","1-5",158,-0.0288455752422194,0.000496308435309616
"MOZ","6-11",158,-0.26547488829316,0.0028305329076892
"MOZ","12-23",158,-0.533150386555421,0.00414735993592626
"MOZ","24-35",158,-0.814865615288739,0.00534686346613377
"MOZ","36-47",158,-0.619702067054487,0.007095250856022
"MOZ","48-59",158,-0.605376714220254,0.0104688242422418
"MRT","<1",158,0.00498166431270712,4.1798706703613e-06
"MRT","1-5",158,-0.00332967691669029,6.63222249964555e-06
"MRT","6-11",158,-0.0357446414036163,7.89795479703049e-05
"MRT","12-23",158,-0.0779625229523225,0.000133599604443159
"MRT","24-35",158,-0.12475177895146,0.000177140034495544
"MRT","36-47",158,-0.0886374462751984,0.000231025173488225
"MRT","48-59",158,-0.105782223495982,0.000356104119418537
"MWI","<1",158,0.0344208793185747,0.00019689068828187
"MWI","1-5",158,-0.0230159448128317,0.000316251592553434
"MWI","6-11",158,-0.224484035934135,0.00237560182184215
"MWI","12-23",158,-0.466143491905551,0.00371020977440896
"MWI","24-35",158,-0.726128472259312,0.00484791860109562
"MWI","36-47",158,-0.537179312054936,0.00637610692103966
"MWI","48-59",158,-0.571435952912749,0.00957860817786332
"NAM","<1",158,0.00169844055142945,4.86002240888986e-07
"NAM","1-5",158,-0.00113520590133561,7.70944340450967e-07
"NAM","6-11",158,-0.0122074397691255,9.25472711019767e-06
"NAM","12-23",158,-0.0266472337546782,1.56725963688135e-05
"NAM","24-35",158,-0.0426577991805639,2.07842645075468e-05
"NAM","36-47",158,-0.0302892327385528,2.71041265956494e-05
"NAM","48-59",158,-0.0362121084758896,4.17945801461431e-05
"NER","<1",158,0.031123193701118,0.000161331629407109
"NER","1-5",158,-0.0208093033465475,0.000258603922502628
"NER","6-11",158,-0.206775627426822,0.00212618207814907
"NER","12-23",158,-0.433733406208537,0.00338210158004885
"NER","24-35",158,-0.679500131877408,0.00443499150331287
"NER","36-47",158,-0.498423398996461,0.00582013172180596
"NER","48-59",158,-0.543616614032692,0.00879262455469994
"NGA","<1",158,0.0443302352897044,0.00032436609747577
"NGA","1-5",158,-0.029649482811081,0.000524298655969491
"NGA","6-11",158,-0.270521220885288,0.00287460514557089
"NGA","12-23",158,-0.540449963685539,0.0041706551391583
"NGA","24-35",158,-0.82360028605089,0.00536500051000408
"NGA","36-47",158,-0.628889463222416,0.00713018767021602
"NGA","48-59",158,-0.606229093570887,0.0104937586186269
"RWA","<1",158,0.00530308588539453,4.73644576123707e-06
"RWA","1-5",158,-0.00354451487587536,7.51563460000099e-06
"RWA","6-11",158,-0.0380411212688553,8.93907535597339e-05
"RWA","12-23",158,-0.0829611419736025,0.000151185098343495
"RWA","24-35",158,-0.132741710800835,0.000200450899594764
"RWA","36-47",158,-0.0943236353048702,0.000261430938921187
"RWA","48-59",158,-0.112537933478851,0.000402948262499162
"SEN","<1",158,0.0121575837954418,2.48553171305895e-05
"SEN","1-5",158,-0.00812631830069013,3.94945930946078e-05
"SEN","6-11",158,-0.0863948858872146,0.000449268013370212
"SEN","12-23",158,-0.187560219027527,0.000755007217694555
"SEN","24-35",158,-0.29938741249662,0.000999950863272081
"SEN","36-47",158,-0.213510491404736,0.0013048810517164
"SEN","48-59",158,-0.252212085601806,0.00200686915919672
"SLE","<1",158,0.0552856591602802,0.000501220013981389
"SLE","1-5",158,-0.036985459462361,0.000815131968659848
"SLE","6-11",158,-0.310882874347608,0.00316734170222849
"SLE","12-23",158,-0.589020586927694,0.00420928508572064
"SLE","24-35",158,-0.87260539368682,0.00529847714395446
"SLE","36-47",158,-0.689811435124338,0.00714923939996237
"SLE","48-59",158,-0.584577698103328,0.0103261699137344
"SOM","<1",158,0.00539805260450397,4.90753866760351e-06
"SOM","1-5",158,-0.00360799071267789,7.78721198521435e-06
"SOM","6-11",158,-0.0387192880080089,9.25862152684193e-05
"SOM","12-23",158,-0.0844369051168066,0.000156581301125047
"SOM","24-35",158,-0.135100304216603,0.000207603687157808
"SOM","36-47",158,-0.0960025047372494,0.000270760934722869
"SOM","48-59",158,-0.11453150054515,0.000417321246372689
"SSD","<1",158,0.041495117120668,0.000284739294328671
"SSD","1-5",158,-0.0277512681257732,0.000459438426872396
"SSD","6-11",158,-0.258382452922383,0.00276452614267832
"SSD","12-23",158,-0.522501511544365,0.00410431873152014
"SSD","24-35",158,-0.801711857729345,0.00530673059668428
"SSD","36-47",158,-0.606361113877917,0.00702808253887996
"SSD","48-59",158,-0.602883673155289,0.0104060345623619
"SWZ","<1",158,0.0037510144073617,2.37012964758429e-06
"SWZ","1-5",158,-0.00250711770196406,3.76022296221086e-06
"SWZ","6-11",158,-0.0269369255609702,4.49555649742171e-05
"SWZ","12-23",158,-0.0587755196199753,7.60875989508106e-05
"SWZ","24-35",158,-0.0940694547628235,0.000100894140113543
"SWZ","36-47",158,-0.0668160763601898,0.000131579393507134
"SWZ","48-59",158,-0.079809682119749,0.000202855955870492
"TCD","<1",158,0.0270227383668599,0.000121939097034024
"TCD","1-5",158,-0.0180661602370842,0.000194994242728756
"TCD","6-11",158,-0.183167961969588,0.00176733855266954
"TCD","12-23",158,-0.38831119132493,0.00286290969323306
"TCD","24-35",158,-0.611928083498599,0.0037670165577072
"TCD","36-47",158,-0.444918297851996,0.00493351520899801
"TCD","48-59",158,-0.497764245931977,0.00749617217451648
"TGO","<1",158,0.037632808121681,0.000234823988994334
"TGO","1-5",158,-0.025165690915164,0.00037796229578027
"TGO","6-11",158,-0.240546158779243,0.00257544725956357
"TGO","12-23",158,-0.49388888376292,0.00393717592266622
"TGO","24-35",158,-0.764408603337559,0.00512227806188024
"TGO","36-47",158,-0.570932597438839,0.00675577164014892
"TGO","48-59",158,-0.590201749208816,0.0100850803891417
"TZA","<1",158,0.015841145794774,4.21436306239175e-05
"TZA","1-5",158,-0.0105888562424272,6.70443376231716e-05
"TZA","6-11",158,-0.111652673590579,0.000733462032620735
"TZA","12-23",158,-0.241425951790957,0.00122547824396625
"TZA","24-35",158,-0.384549982387521,0.00162143429024118
"TZA","36-47",158,-0.275127578453267,0.00211699610083553
"TZA","48-59",158,-0.322116647310243,0.00324951122616061
"UGA","<1",158,0.0392981459892687,0.000255770653539222
"UGA","1-5",158,-0.0262804691930922,0.000412119365256943
"UGA","6-11",158,-0.248427748797448,0.00266321788792935
"UGA","12-23",158,-0.506838758135514,0.00402184705623183
"UGA","24-35",158,-0.781607498691684,0.00521910429842711
"UGA","36-47",158,-0.586889242146519,0.00689509527516142
"UGA","48-59",158,-0.596907650974089,0.0102572180659741
"ZMB","<1",158,0.0256264419873082,0.000109754788585231
"ZMB","1-5",158,-0.0171322122942961,0.00017537656001301
"ZMB","6-11",158,-0.174765659325004,0.00163721498384498
"ZMB","12-23",158,-0.371672117642961,0.00266597936801919
"ZMB","24-35",158,-0.586723859160907,0.0035112514124021
"ZMB","36-47",158,-0.425482838982907,0.00459601533970893
"ZMB","48-59",158,-0.479574467462282,0.0069950914124224
"ZWE","<1",158,0.0060784167970299,6.22194769269445e-06
"ZWE","1-5",158,-0.00406274882002473,9.87380170094004e-06
"ZWE","6-11",158,-0.0435728722537958,0.000117057153569353
"ZWE","12-23",158,-0.0949936163545888,0.000197886298260932
"ZWE","24-35",158,-0.151967851984993,0.000262350053995598
"ZWE","36-47",158,-0.108013716978954,0.000342174221422274
"ZWE","48-59",158,-0.128778699903034,0.000527316802478398
"AGO","<1",175,0.0295799454752902,0.00022234291405035
"AGO","1-5",175,-0.0197616574503338,0.000359549073170051
"AGO","6-11",175,-0.254823995095803,0.00249595241463055
"AGO","12-23",175,-0.528315859594528,0.00383070833828453
"AGO","24-35",175,-0.782127342785805,0.00499682586480782
"AGO","36-47",175,-0.572109994774212,0.00655551489351377
"AGO","48-59",175,-0.585580411280494,0.00980141912756555
"BDI","<1",175,0.0340430588511364,0.000293666691755151
"BDI","1-5",175,-0.022756021567367,0.000476558392510787
"BDI","6-11",175,-0.280368697724076,0.00277113921733738
"BDI","12-23",175,-0.568253446060393,0.00407667320923797
"BDI","24-35",175,-0.836095396209324,0.00527084328290058
"BDI","36-47",175,-0.622867342972546,0.00695811919829217
"BDI","48-59",175,-0.605134046975614,0.0102829488692651
"BEN","<1",175,0.0527813034440515,0.000699246894159873
"BEN","1-5",175,-0.0353484377451462,0.00114861448228705
"BEN","6-11",175,-0.353370996978948,0.00334653670803931
"BEN","12-23",175,-0.631784303070544,0.00416082334358006
"BEN","24-35",175,-0.901998640617726,0.00514742841583817
"BEN","36-47",175,-0.717147506461362,0.00701037037255477
"BEN","48-59",175,-0.543056696606135,0.0100308525896117
"BFA","<1",175,0.0303778040617892,0.000234377528732293
"BFA","1-5",175,-0.0202966742249013,0.000379250611473923
"BFA","6-11",175,-0.259697597942726,0.00255308202261475
"BFA","12-23",175,-0.536399250472412,0.00389091579078889
"BFA","24-35",175,-0.793281830556459,0.0050681677083582
"BFA","36-47",175,-0.58207498732471,0.00665558703883289
"BFA","48-59",175,-0.590642315373888,0.00993108923992554
"BWA","<1",175,0.000114408466295834,3.36643188191062e-09
"BWA","1-5",175,-7.62951436318071e-05,5.36938075119909e-09
"BWA","6-11",175,-0.00112423105297969,6.35371115755319e-08
"BWA","12-23",175,-0.0024709922313628,1.0743834143906e-07
"BWA","24-35",175,-0.00371480875741271,1.42626351811571e-07
"BWA","36-47",175,-0.00259038530282722,1.85104848662663e-07
"BWA","48-59",175,-0.00301107954792591,2.85233159505319e-07
"CAF","<1",175,0.0489282224024064,0.000601926024953226
"CAF","1-5",175,-0.0327587403472368,0.000986623132439394
"CAF","6-11",175,-0.341561464417147,0.0032589659720562
"CAF","12-23",175,-0.628285085233161,0.00415612836863035
"CAF","24-35",175,-0.902342428231524,0.00518163614437192
"CAF","36-47",175,-0.711835486193482,0.00702449684426694
"CAF","48-59",175,-0.564637275442206,0.0100870985026222
"CIV","<1",175,0.0314059620858214,0.000250345395036126
"CIV","1-5",175,-0.0209863104506602,0.000405419262237453
"CIV","6-11",175,-0.26577514044293,0.00262127105728218
"CIV","12-23",175,-0.54619187923431,0.00395722812843553
"CIV","24-35",175,-0.806657050545871,0.00514456330916328
"CIV","36-47",175,-0.594337461737286,0.00676501168232382
"CIV","48-59",175,-0.596115300529354,0.0100676104840056
"CMR","<1",175,0.0365715296369778,0.000338400304141333
"CMR","1-5",175,-0.0244538556510896,0.00055020246288253
"CMR","6-11",175,-0.293110767960717,0.00288694560581992
"CMR","12-23",175,-0.585574744375029,0.00413737370642854
"CMR","24-35",175,-0.858264241669512,0.0053181387684565
"CMR","36-47",175,-0.646384820615368,0.00705050605292141
"CMR","48-59",175,-0.60772963546127,0.0103508804273161
"COD","<1",175,0.052279134228445,0.000686158406622135
"COD","1-5",175,-0.0350109795263767,0.00112680738294655
"COD","6-11",175,-0.351888985878079,0.00333568875207191
"COD","12-23",175,-0.631492125787552,0.0041595746498723
"COD","24-35",175,-0.902247142510785,0.00515059414596367
"COD","36-47",175,-0.716822596768687,0.00701136589589298
"COD","48-59",175,-0.545843668599692,0.0100367240720578
"COG","<1",175,0.033482163139544,0.000284167459994894
"COG","1-5",175,-0.0223795154150825,0.000460943007472103
"COG","6-11",175,-0.277380388437587,0.00274201781537508
"COG","12-23",175,-0.563915947509589,0.004056721415792
"COG","24-35",175,-0.830397272580566,0.00525147483930619
"COG","36-47",175,-0.617146291326835,0.00692646010133915
"COG","48-59",175,-0.603787933913086,0.0102514386589241
"COM","<1",175,0.00299765666412904,2.31076049982786e-06
"COM","1-5",175,-0.0019990722383065,3.68618861424397e-06
"COM","6-11",175,-0.0294201153164304,4.34043981513243e-05
"COM","12-23",175,-0.06463150119257,7.33431568454009e-05
"COM","24-35",175,-0.097152611554753,9.73531980456982e-05
"COM","36-47",175,-0.0677728481254958,0.00012635570961718
"COM","48-59",175,-0.0786991715008879,0.000194659231127736
"DJI","<1",175,0.00640709116866639,1.05508699296632e-05
"DJI","1-5",175,-0.00427303125107657,1.68405893518911e-05
"DJI","6-11",175,-0.0626001455731754,0.000194754268528729
"DJI","12-23",175,-0.137273183600073,0.000328235998245146
"DJI","24-35",175,-0.206250552519614,0.000435504422932668
"DJI","36-47",175,-0.144088965333506,0.000565374483243956
"DJI","48-59",175,-0.166694055870383,0.000870244523922464
"ERI","<1",175,0.00147550648340671,5.5991362332747e-07
"ERI","1-5",175,-0.000983969660496552,8.9308234918375e-07
"ERI","6-11",175,-0.0144948095059447,1.05557483646383e-05
"ERI","12-23",175,-0.0318549903812802,1.78463294335068e-05
"ERI","24-35",175,-0.0478883253258464,2.36906876774693e-05
"ERI","36-47",175,-0.0333963007463705,3.07469428299156e-05
"ERI","48-59",175,-0.038810734720773,4.737619121222e-05
"ETH","<1",175,0.00578300520288573,8.59660157924113e-06
"ETH","1-5",175,-0.00385675416870033,1.3719473504883e-05
"ETH","6-11",175,-0.0565629305652983,0.000159342598638048
"ETH","12-23",175,-0.124088267214034,0.00026872073409942
"ETH","24-35",175,-0.186461044294936,0.000356575750429254
"ETH","36-47",175,-0.130218360578658,0.000462883369022006
"ETH","48-59",175,-0.150782185377311,0.00071263384873599
"GAB","<1",175,0.0267599136839017,0.000182304010694979
"GAB","1-5",175,-0.0178717590998434,0.000294151074824276
"GAB","6-11",175,-0.236444894655591,0.00226205236077869
"GAB","12-23",175,-0.496191349915392,0.00354999889319974
"GAB","24-35",175,-0.7369871569734,0.00465091425157672
"GAB","36-47",175,-0.533685296733637,0.00608391498424984
"GAB","48-59",175,-0.56157857262222,0.00915595636459484
"GHA","<1",175,0.0235113597027711,0.000141018037677084
"GHA","1-5",175,-0.0156968606784793,0.000226986943733606
"GHA","6-11",175,-0.213081642058226,0.00193532168390035
"GHA","12-23",175,-0.452427076162949,0.00310030181386276
"GHA","24-35",175,-0.674089435953005,0.00407741158109515
"GHA","36-47",175,-0.483441990940587,0.00532061731566219
"GHA","48-59",175,-0.52215190696823,0.008057425624578
"GIN","<1",175,0.0311140657079999,0.00024575948252453
"GIN","1-5",175,-0.0207905002822989,0.000397900578047919
"GIN","6-11",175,-0.264072550897663,0.00260251257900939
"GIN","12-23",175,-0.543481962422597,0.00393963821864297
"GIN","24-35",175,-0.802972049183567,0.00512457742903688
"GIN","36-47",175,-0.590921938855373,0.00673608628400254
"GIN","48-59",175,-0.594678754357504,0.0100321848609294
"GMB","<1",175,0.0108415058010335,3.01729859167632e-05
"GMB","1-5",175,-0.00723158009850019,4.82245816650838e-05
"GMB","6-11",175,-0.104785533123786,0.000533897912258497
"GMB","12-23",175,-0.228762630829456,0.000894037732485899
"GMB","24-35",175,-0.343322696224401,0.00118494805714678
"GMB","36-47",175,-0.240707431737754,0.00153920150325633
"GMB","48-59",175,-0.275923647622183,0.00236414338114188
"GNB","<1",175,0.0094106620687016,2.27445639942163e-05
"GNB","1-5",175,-0.00627679325683859,3.63336412139176e-05
"GNB","6-11",175,-0.0913316442859502,0.000408990012106976
"GNB","12-23",175,-0.199729204242834,0.000686578417235272
"GNB","24-35",175,-0.299879937655545,0.000910359269782881
"GNB","36-47",175,-0.209962014615539,0.00118225340467699
"GNB","48-59",175,-0.241529197018698,0.00181737740979715
"GNQ","<1",175,0.0331303399133288,0.00027828764155941
"GNQ","1-5",175,-0.0221433769997372,0.000451281838684928
"GNQ","6-11",175,-0.275474712085477,0.00272303274781996
"GNQ","12-23",175,-0.56109941853668,0.00404280370727494
"GNQ","24-35",175,-0.826671357846757,0.00523740104695497
"GNQ","36-47",175,-0.61346279684788,0.00690418256120125
"GNQ","48-59",175,-0.602790816631816,0.0102280349098663
"KEN","<1",175,0.00665419428332525,1.13798069023633e-05
"KEN","1-5",175,-0.00443785925282016,1.81647174320833e-05
"KEN","6-11",175,-0.0649849629730074,0.000209684373236639
"KEN","12-23",175,-0.14247645592602,0.000353305371882951
"KEN","24-35",175,-0.214058318483614,0.000468746161418369
"KEN","36-47",175,-0.149565746476795,0.000608543389583239
"KEN","48-59",175,-0.172964218715725,0.00093660920733696
"LBR","<1",175,0.0219465297679205,0.000122987720166894
"LBR","1-5",175,-0.0146499707588224,0.000197748445973297
"LBR","6-11",175,-0.201066922928376,0.00176208556535501
"LBR","12-23",175,-0.428999725473959,0.00284610167088887
"LBR","24-35",175,-0.640007172417428,0.00374869090391317
"LBR","36-47",175,-0.457168213061398,0.00488716043310656
"LBR","48-59",175,-0.499065570685677,0.00741996332019738
"MDG","<1",175,0.0139292839595119,4.97489034317086e-05
"MDG","1-5",175,-0.00929267969126736,7.96165339951149e-05
"MDG","6-11",175,-0.133160345115845,0.000843217248820707
"MDG","12-23",175,-0.289384986360144,0.00140241451597533
"MDG","24-35",175,-0.433794716444728,0.00185662157210118
"MDG","36-47",175,-0.305262072628839,0.00241321665405226
"MDG","48-59",175,-0.346600714298716,0.00369831784154511
"MLI","<1",175,0.0259358946097084,0.000171340324457561
"MLI","1-5",175,-0.0173198675084753,0.000276287302928374
"MLI","6-11",175,-0.230731883921213,0.00218432521623382
"MLI","12-23",175,-0.48574796227138,0.00344761091195307
"MLI","24-35",175,-0.722093673651341,0.00452167036940427
"MLI","36-47",175,-0.521521491457797,0.00591068765877092
"MLI","48-59",175,-0.552725626733646,0.00891050245822567
"MOZ","<1",175,0.0349246204444987,0.000308907910677318
"MOZ","1-5",175,-0.0233478756700393,0.000501630356669127
"MOZ","6-11",175,-0.284944324045666,0.00281423498162636
"MOZ","12-23",175,-0.574699655874755,0.00410289347420506
"MOZ","24-35",175,-0.844464937386846,0.0052942438431872
"MOZ","36-47",175,-0.631486283332557,0.00699902630060656
"MOZ","48-59",175,-0.606665437178287,0.0103192999755951
"MRT","<1",175,0.00404227353724762,4.20136996577737e-06
"MRT","1-5",175,-0.00269574513894524,6.70301354008348e-06
"MRT","6-11",175,-0.0396317645014745,7.86032309519225e-05
"MRT","12-23",175,-0.0870288932936788,0.000132742730780458
"MRT","24-35",175,-0.130806100091444,0.000176181245981949
"MRT","36-47",175,-0.0912795863757893,0.000228679189950393
"MRT","48-59",175,-0.105905490221694,0.000352226156694201
"MWI","<1",175,0.0278931397867496,0.000197925566708812
"MWI","1-5",175,-0.0186309944101198,0.000319637715686464
"MWI","6-11",175,-0.244050839279341,0.00236219901328447
"MWI","12-23",175,-0.50977988043854,0.00367601953614405
"MWI","24-35",175,-0.756221337225908,0.00480818342779885
"MWI","36-47",175,-0.549730346147914,0.0062963986093755
"MWI","48-59",175,-0.572403293355673,0.00945203372296484
"NAM","<1",175,0.00137820027070885,4.8850091214461e-07
"NAM","1-5",175,-0.000919078641225917,7.7917272508209e-07
"NAM","6-11",175,-0.0135394253918281,9.21080384591861e-06
"NAM","12-23",175,-0.0297558158153682,1.55728049003985e-05
"NAM","24-35",175,-0.0447327631304807,2.06726970677482e-05
"NAM","36-47",175,-0.0311952945611754,2.68299951247352e-05
"NAM","48-59",175,-0.0362540283269936,4.13410920104148e-05
"NER","<1",175,0.0252270916048853,0.000162176419776522
"NER","1-5",175,-0.0168452610614456,0.000261371324897224
"NER","6-11",175,-0.225699015800515,0.00211445569971245
"NER","12-23",175,-0.476398789299603,0.00335281192226212
"NER","24-35",175,-0.708692240311435,0.00440116593020792
"NER","36-47",175,-0.510735280757849,0.00574995131314148
"NER","48-59",175,-0.544471754352868,0.00868034949733222
"NGA","<1",175,0.035893159237374,0.000326091440646106
"NGA","1-5",175,-0.023998252904543,0.00052992184668045
"NGA","6-11",175,-0.289805760907245,0.00285813691059792
"NGA","12-23",175,-0.581274954865025,0.00412524359616976
"NGA","24-35",175,-0.852862111952739,0.00531112279516567
"NGA","36-47",175,-0.640436173753836,0.00703286105309215
"NGA","48-59",175,-0.607563726767964,0.0103429755300352
"RWA","<1",175,0.00430306863336681,4.76080943405994e-06
"RWA","1-5",175,-0.00286967914932648,7.59585577968348e-06
"RWA","6-11",175,-0.0421758693766628,8.89645767234408e-05
"RWA","12-23",175,-0.0926042039833906,0.000150214368171342
"RWA","24-35",175,-0.139181549131708,0.000199364576163819
"RWA","36-47",175,-0.0971337639505389,0.000258774581299951
"RWA","48-59",175,-0.112669203849043,0.000398557747236379
"SEN","<1",175,0.00986365249327466,2.49834757835179e-05
"SEN","1-5",175,-0.00657905057552115,3.99163007886132e-05
"SEN","6-11",175,-0.0956094166719258,0.000447079981254729
"SEN","12-23",175,-0.208977670635796,0.000749962747630302
"SEN","24-35",175,-0.313725062020238,0.000994280372035351
"SEN","36-47",175,-0.219745835321298,0.00129132605594699
"SEN","48-59",175,-0.252517225131148,0.00198455797793184
"SLE","<1",175,0.0447238993137611,0.000503917698234006
"SLE","1-5",175,-0.0299324084595973,0.000823889170982931
"SLE","6-11",175,-0.327217238785957,0.00315232072767624
"SLE","12-23",175,-0.620190490750483,0.00416218863842989
"SLE","24-35",175,-0.896909887742531,0.00524109409942396
"SLE","36-47",175,-0.698258628507137,0.00705549808983191
"SLE","48-59",175,-0.586325001732452,0.0101845759678446
"SOM","<1",175,0.00438012217587214,4.93278293531438e-06
"SOM","1-5",175,-0.00292106949486051,7.87033220237253e-06
"SOM","6-11",175,-0.04292708633194,9.21447232173584e-05
"SOM","12-23",175,-0.0942500617924284,0.000155575582749504
"SOM","24-35",175,-0.141653865427579,0.000206478165698798
"SOM","36-47",175,-0.098862178850892,0.000268009262332856
"SOM","48-59",175,-0.114665137446702,0.000412773351847304
"SSD","<1",175,0.0336058380256622,0.000286248760952235
"SSD","1-5",175,-0.0224625289395189,0.00046436362547272
"SSD","6-11",175,-0.278044529447642,0.00274855802775385
"SSD","12-23",175,-0.564888386774927,0.0040613522183679
"SSD","24-35",175,-0.83167907042901,0.00525606306127193
"SSD","36-47",175,-0.618423710012469,0.00693383994181314
"SSD","48-59",175,-0.604110237421208,0.0102589852670923
"SWZ","<1",175,0.00304372387864282,2.38231785662522e-06
"SWZ","1-5",175,-0.00202979461854165,3.80035758867321e-06
"SWZ","6-11",175,-0.0298710809205884,4.47417766751416e-05
"SWZ","12-23",175,-0.0656211785282559,7.5601333618062e-05
"SWZ","24-35",175,-0.0986398805992989,0.000100350261813324
"SWZ","36-47",175,-0.0688112177825359,0.000130245881132439
"SWZ","48-59",175,-0.0799023819142501,0.000200650811021862
"TCD","<1",175,0.0219094227366578,0.000122574875219253
"TCD","1-5",175,-0.0146251512929308,0.00019707965549817
"TCD","6-11",175,-0.200776427658101,0.00175788870034032
"TCD","12-23",175,-0.428426952137714,0.00283984344449144
"TCD","24-35",175,-0.63917116989314,0.00374057137510911
"TCD","36-47",175,-0.456529959012563,0.00487647673952903
"TCD","48-59",175,-0.49848803780144,0.00740416739899403
"TGO","<1",175,0.0304879247515293,0.000236063021630565
"TGO","1-5",175,-0.020370527636071,0.000382011376074436
"TGO","6-11",175,-0.260359347890438,0.00256067204909188
"TGO","12-23",175,-0.537481356089602,0.00389861032332035
"TGO","24-35",175,-0.79476758911546,0.00507716594248389
"TGO","36-47",175,-0.583419405359234,0.0066683324917824
"TGO","48-59",175,-0.591284218441715,0.00994731177894245
"TZA","<1",175,0.0128506772555116,4.23613735919341e-05
"TZA","1-5",175,-0.00857259445921419,6.77604213254348e-05
"TZA","6-11",175,-0.123361326014332,0.000729825386046092
"TZA","12-23",175,-0.26855638208469,0.00121700718703026
"TZA","24-35",175,-0.402752337644628,0.00161187636445625
"TZA","36-47",175,-0.283019178723101,0.00209458091187928
"TZA","48-59",175,-0.322518961074395,0.0032127484788925
"UGA","<1",175,0.0318325824381463,0.000257122947443732
"UGA","1-5",175,-0.0212725251340296,0.000416535635807324
"UGA","6-11",175,-0.268231492473395,0.00264786104097518
"UGA","12-23",175,-0.550054001407907,0.00398124954310693
"UGA","24-35",175,-0.811885591728804,0.00517145111071489
"UGA","36-47",175,-0.599236131006649,0.00680436862281356
"UGA","48-59",175,-0.598051648287548,0.010114866141788
"ZMB","<1",175,0.0207790847974864,0.000110326263560898
"ZMB","1-5",175,-0.0138692304777113,0.000177251802074418
"ZMB","6-11",175,-0.191808581215937,0.00162855296355772
"ZMB","12-23",175,-0.410612624918518,0.0026449857337469
"ZMB","24-35",175,-0.613113620674731,0.00348723833798566
"ZMB","36-47",175,-0.436763903573552,0.00454358023282393
"ZMB","48-59",175,-0.480255400089273,0.0069102964753696
"ZWE","<1",175,0.00493214393898637,6.25395826586529e-06
"ZWE","1-5",175,-0.00328924320754343,9.97919644263441e-06
"ZWE","6-11",175,-0.0483024107402817,0.000116498189743804
"ZWE","12-23",175,-0.106021177253795,0.000196611969545611
"ZWE","24-35",175,-0.159333560416716,0.000260923501868554
"ZWE","36-47",175,-0.111227087726587,0.000338691794539404
"ZWE","48-59",175,-0.128929316714417,0.000521562692996526
"AGO","<1",184,0.0452802873746672,0.000220423798527186
"AGO","1-5",184,-0.027627293598647,0.000351477250530324
"AGO","6-11",184,-0.234156026535509,0.0025067468139533
"AGO","12-23",184,-0.486142124040489,0.00388972468663905
"AGO","24-35",184,-0.734931209066014,0.00505691214014319
"AGO","36-47",184,-0.557335482350888,0.00664779785311444
"AGO","48-59",184,-0.572680028780823,0.00990803671503545
"BDI","<1",184,0.0521445434456568,0.000291118365722701
"BDI","1-5",184,-0.0318156376893657,0.000465851443953782
"BDI","6-11",184,-0.261495002503773,0.00278070946776491
"BDI","12-23",184,-0.530629940299717,0.0041372773527341
"BDI","24-35",184,-0.790983974047202,0.00533157523115814
"BDI","36-47",184,-0.609369713698773,0.00704892864485987
"BDI","48-59",184,-0.591053430865043,0.0103812953062456
"BEN","<1",184,0.0810242911513874,0.000693068357643477
"BEN","1-5",184,-0.0494354488809222,0.00112273943307621
"BEN","6-11",184,-0.350731247755499,0.00333133152032305
"BEN","12-23",184,-0.631741443089292,0.00417627728365775
"BEN","24-35",184,-0.880980685412029,0.00515585481773494
"BEN","36-47",184,-0.714979986953474,0.00700698812649597
"BEN","48-59",184,-0.525802683954116,0.00997162220006834
"BFA","<1",184,0.0465066711585276,0.000232352593925138
"BFA","1-5",184,-0.0283755922785142,0.000370735307230975
"BFA","6-11",184,-0.239241475596507,0.00256380446894633
"BFA","12-23",184,-0.494798571223929,0.00395066000863839
"BFA","24-35",184,-0.746256062964731,0.0051288495633498
"BFA","36-47",184,-0.567451454787375,0.0067484091433609
"BFA","48-59",184,-0.577513177262656,0.0100373717567195
"BWA","<1",184,0.000174782966963086,3.33795700785943e-09
"BWA","1-5",184,-0.000106639559212081,5.24919599002478e-09
"BWA","6-11",184,-0.00099071794284962,6.38731045072186e-08
"BWA","12-23",184,-0.00218870348307889,1.09022459798823e-07
"BWA","24-35",184,-0.00343169715126159,1.44285181780109e-07
"BWA","36-47",184,-0.00249496202014054,1.87788583300679e-07
"BWA","48-59",184,-0.00295290599986427,2.88625014725079e-07
"CAF","<1",184,0.0750832548888492,0.000596623470628645
"CAF","1-5",184,-0.045811184028342,0.000964407498923616
"CAF","6-11",184,-0.335296551998653,0.00325068128953573
"CAF","12-23",184,-0.620060046463827,0.00418473436627712
"CAF","24-35",184,-0.87603930329458,0.00520489245075644
"CAF","36-47",184,-0.707184993763905,0.00704663288702346
"CAF","48-59",184,-0.547899769105087,0.0100686504640184
"CIV","<1",184,0.0480875328744175,0.000248179821210438
"CIV","1-5",184,-0.029340182834636,0.000396314760366484
"CIV","6-11",184,-0.245665690986825,0.00263180800680074
"CIV","12-23",184,-0.505492647226411,0.00401762592097217
"CIV","24-35",184,-0.759988102653293,0.00520570393926239
"CIV","36-47",184,-0.579960875445049,0.0068580097212536
"CIV","48-59",184,-0.582703214637544,0.0101727196786676
"CMR","<1",184,0.0560371598219597,0.00033545520262948
"CMR","1-5",184,-0.0341907682515605,0.000537835703955147
"CMR","6-11",184,-0.275828533377842,0.00289491471702031
"CMR","12-23",184,-0.551789911417633,0.00419622580510741
"CMR","24-35",184,-0.815392705166598,0.00537639269203718
"CMR","36-47",184,-0.634016283786289,0.0071357892769583
"CMR","48-59",184,-0.593078242359554,0.0104379027190677
"COD","<1",184,0.0802500737240972,0.000680097789300919
"COD","1-5",184,-0.0489631637092082,0.00110142504548847
"COD","6-11",184,-0.34879229693186,0.00332140090562684
"COD","12-23",184,-0.630424697772792,0.00417673436836682
"COD","24-35",184,-0.880577743880305,0.0051609454459885
"COD","36-47",184,-0.714344618800537,0.00701129028309792
"COD","48-59",184,-0.528655743321396,0.00998277940693586
"COG","<1",184,0.0512813803248479,0.000281703198744374
"COG","1-5",184,-0.0312889646649176,0.000450587886695741
"COG","6-11",184,-0.258204850364663,0.00275185358937562
"COG","12-23",184,-0.525552590931361,0.00411745805339104
"COG","24-35",184,-0.784882599934941,0.0053124831333235
"COG","36-47",184,-0.603434154533245,0.00701804838191246
"COG","48-59",184,-0.589842934608732,0.0103516674114898
"COM","<1",184,0.00457964206974138,2.29121058297189e-06
"COM","1-5",184,-0.00279415741737073,3.60367658179181e-06
"COM","6-11",184,-0.0259359057169408,4.36338597910205e-05
"COM","12-23",184,-0.0572663283500508,7.44255707246562e-05
"COM","24-35",184,-0.0897610124603554,9.84864466509627e-05
"COM","36-47",184,-0.0652826425256611,0.000128188411786826
"COM","48-59",184,-0.0771771110451367,0.000196974306089159
"DJI","<1",184,0.00978908619093098,1.04615327196378e-05
"DJI","1-5",184,-0.00597257823420033,1.64635822857417e-05
"DJI","6-11",184,-0.0552618845974692,0.000195782604112146
"DJI","12-23",184,-0.121773065048331,0.000333096441939019
"DJI","24-35",184,-0.190656182605432,0.000440589579869601
"DJI","36-47",184,-0.138844201863394,0.000573586391621022
"DJI","48-59",184,-0.16345765990418,0.000880597994996856
"ERI","<1",184,0.00225415677195102,5.55177356821655e-07
"ERI","1-5",184,-0.00137531878371824,8.73092011213882e-07
"ERI","6-11",184,-0.012774539597258,1.06115648723115e-05
"ERI","12-23",184,-0.0282179772395478,1.8109521602299e-05
"ERI","24-35",184,-0.0442401353649387,2.39662804534765e-05
"ERI","36-47",184,-0.0321668046664306,3.11927687225876e-05
"ERI","48-59",184,-0.0380607315910575,4.79395826697124e-05
"ETH","<1",184,0.00883542245253629,8.52382578138097e-06
"ETH","1-5",184,-0.00539072190851474,1.34123470576334e-05
"ETH","6-11",184,-0.0499161179842756,0.000160184217584938
"ETH","12-23",184,-0.110046030483373,0.000272696741199059
"ETH","24-35",184,-0.172341840638795,0.000360736277182397
"ETH","36-47",184,-0.125467790276116,0.000469604431968847
"ETH","48-59",184,-0.147857426407839,0.000721111581816062
"GAB","<1",184,0.040948487934624,0.000180735714262995
"GAB","1-5",184,-0.0249841880776308,0.000287550618065915
"GAB","6-11",184,-0.215462868925041,0.00227262105788525
"GAB","12-23",184,-0.45295699473017,0.00360493912536871
"GAB","24-35",184,-0.690002488040255,0.0047072512117859
"GAB","36-47",184,-0.518687148872317,0.00617150250198772
"GAB","48-59",184,-0.549554956661496,0.00925974700050596
"GHA","<1",184,0.0359639775768884,0.000139809257079416
"GHA","1-5",184,-0.0219428596820788,0.000221896248189442
"GHA","6-11",184,-0.192582716659265,0.00194485919654102
"GHA","12-23",184,-0.40984990626261,0.00314811102571759
"GHA","24-35",184,-0.628933919331984,0.00412673610732503
"GHA","36-47",184,-0.468789786570208,0.00539814126814771
"GHA","48-59",184,-0.511269021395801,0.00815116978266141
"GIN","<1",184,0.0476386685967847,0.000243634326017032
"GIN","1-5",184,-0.029066300328042,0.000388965378182209
"GIN","6-11",184,-0.2438564958197,0.002613112936893
"GIN","12-23",184,-0.502508726253546,0.00399988314384784
"GIN","24-35",184,-0.756186576217477,0.00518562320863649
"GIN","36-47",184,-0.576469431220127,0.0068290936755404
"GIN","48-59",184,-0.581345671493504,0.0101377117628571
"GMB","<1",184,0.0165671022873356,2.99170096005801e-05
"GMB","1-5",184,-0.0101080437708768,4.71446790995016e-05
"GMB","6-11",184,-0.0928093192191205,0.000536705698579882
"GMB","12-23",184,-0.203515543980579,0.000907379662368615
"GMB","24-35",184,-0.317763020896235,0.00119888258555929
"GMB","36-47",184,-0.23214776432225,0.00156162429951768
"GMB","48-59",184,-0.270515432077439,0.00239227748165204
"GNB","<1",184,0.0143796534783296,2.25517478518795e-05
"GNB","1-5",184,-0.00877341459145538,3.55201022803132e-05
"GNB","6-11",184,-0.0807908871321375,0.000411144588261458
"GNB","12-23",184,-0.177491323670347,0.000696794730648966
"GNB","24-35",184,-0.277421121555556,0.000921036506961197
"GNB","36-47",184,-0.202428331072055,0.00119945814533559
"GNB","48-59",184,-0.236812324113729,0.00183900488253107
"GNQ","<1",184,0.0507400280918171,0.000275875377757336
"GNQ","1-5",184,-0.0309586494670065,0.000441144369886116
"GNQ","6-11",184,-0.256120175387708,0.00273301847229888
"GNQ","12-23",184,-0.522294636021149,0.00410357505285365
"GNQ","24-35",184,-0.780922760603363,0.00529853082072345
"GNQ","36-47",184,-0.599623397429588,0.00699617390579868
"GNQ","48-59",184,-0.588932648172118,0.0103293235090517
"KEN","<1",184,0.0101666977859831,1.12834429530027e-05
"KEN","1-5",184,-0.00620296949304369,1.7758062428495e-05
"KEN","6-11",184,-0.0573750845437851,0.000210791390497627
"KEN","12-23",184,-0.126403896772332,0.00035853878936971
"KEN","24-35",184,-0.197883915183018,0.000474221145281164
"KEN","36-47",184,-0.144126851662559,0.000617383522286046
"KEN","48-59",184,-0.169604765257946,0.000947752547312085
"LBR","<1",184,0.0335648618166758,0.000121935192280826
"LBR","1-5",184,-0.0204790384221035,0.000193314536636761
"LBR","6-11",184,-0.181094693698341,0.00177091877164874
"LBR","12-23",184,-0.387393073478699,0.00288983861978105
"LBR","24-35",184,-0.596284630321711,0.00379392007744694
"LBR","36-47",184,-0.442892705990034,0.00495855546055097
"LBR","48-59",184,-0.488777596059126,0.007506942252359
"MDG","<1",184,0.0212893109263655,4.93260510932987e-05
"MDG","1-5",184,-0.0129892187928074,7.78331658379906e-05
"MDG","6-11",184,-0.118341043867334,0.000847626337120006
"MDG","12-23",184,-0.258210436637032,0.001423497386219
"MDG","24-35",184,-0.402021369849488,0.00187860035347213
"MDG","36-47",184,-0.294670266371154,0.00244845323887635
"MDG","48-59",184,-0.339739915431496,0.00374229894252353
"MLI","<1",184,0.0396835913179317,0.000169867727764935
"MLI","1-5",184,-0.0242124001971104,0.000270088538409055
"MLI","6-11",184,-0.209789979500129,0.00219469941787748
"MLI","12-23",184,-0.442496968359928,0.0035009527407033
"MLI","24-35",184,-0.675418262604657,0.00457646303522789
"MLI","36-47",184,-0.506552204374641,0.00599613347934716
"MLI","48-59",184,-0.540978631350336,0.00901235161170993
"MOZ","<1",184,0.0535014419539085,0.000306224559153736
"MOZ","1-5",184,-0.0326435697072619,0.000490358426887927
"MOZ","6-11",184,-0.266584210042893,0.00282332204629057
"MOZ","12-23",184,-0.538324638118307,0.00416309934193335
"MOZ","24-35",184,-0.800059172166337,0.00535433828901879
"MOZ","36-47",184,-0.618353369467009,0.00708827815978126
"MOZ","48-59",184,-0.592378460541725,0.0104142173624552
"MRT","<1",184,0.00617564855584481,4.16581812108669e-06
"MRT","1-5",184,-0.00376792274162039,6.55296842238427e-06
"MRT","6-11",184,-0.034949080511661,7.90186683806604e-05
"MRT","12-23",184,-0.07713203428834,0.000134703289137324
"MRT","24-35",184,-0.120868155987848,0.000178233555239032
"MRT","36-47",184,-0.0879328138520039,0.000231997117882601
"MRT","48-59",184,-0.103855450370337,0.00035641556019888
"MWI","<1",184,0.0426886624492804,0.000196220636238463
"MWI","1-5",184,-0.0260459753872564,0.0003124639890617
"MWI","6-11",184,-0.223110583820051,0.00237294517928429
"MWI","12-23",184,-0.466784058521347,0.00373287231779787
"MWI","24-35",184,-0.7089933519874,0.00486632857981783
"MWI","36-47",184,-0.534761777108256,0.00638638735540506
"MWI","48-59",184,-0.560014235215103,0.0095577025927081
"NAM","<1",184,0.00210549908509965,4.8436874910905e-07
"NAM","1-5",184,-0.00128461891221687,7.61732104936207e-07
"NAM","6-11",184,-0.0119324043082423,9.25950900828298e-06
"NAM","12-23",184,-0.0263582126285123,1.58024612009893e-05
"NAM","24-35",184,-0.0413247892958463,2.09131753005094e-05
"NAM","36-47",184,-0.030046738719063,2.72190210141267e-05
"NAM","48-59",184,-0.0355534554153267,4.18327129728814e-05
"NER","<1",184,0.0385958555248356,0.000160783687512658
"NER","1-5",184,-0.0235487106483903,0.000255507891684687
"NER","6-11",184,-0.204837486385661,0.00212462322136423
"NER","12-23",184,-0.433235503209749,0.00340465454680626
"NER","24-35",184,-0.662368941034872,0.00445449223152687
"NER","36-47",184,-0.495823589015237,0.00583331460277553
"NER","48-59",184,-0.532969787747,0.00878017599591481
"NGA","<1",184,0.0549925645653552,0.000323255654034278
"NGA","1-5",184,-0.0335533974300119,0.000518012262454042
"NGA","6-11",184,-0.272061790846433,0.00286660036846141
"NGA","12-23",184,-0.546384686821291,0.00418474811179824
"NGA","24-35",184,-0.809326383579777,0.00537023561956202
"NGA","36-47",184,-0.627740374007503,0.00711994254299921
"NGA","48-59",184,-0.593059216454812,0.0104334794055154
"RWA","<1",184,0.00657411490275492,4.72052140089109e-06
"RWA","1-5",184,-0.00401103758115026,7.42582323789389e-06
"RWA","6-11",184,-0.0371960260492625,8.94347395625478e-05
"RWA","12-23",184,-0.0820798477340277,0.000152433482299267
"RWA","24-35",184,-0.128611737250915,0.000201687431718602
"RWA","36-47",184,-0.0935746069448306,0.000262529529873284
"RWA","48-59",184,-0.11048766695644,0.00040329834687587
"SEN","<1",184,0.0150721307022958,2.47716328582841e-05
"SEN","1-5",184,-0.00919591572375134,3.90225142579562e-05
"SEN","6-11",184,-0.0846070933459689,0.000449434062562551
"SEN","12-23",184,-0.185771278781349,0.000761132039567383
"SEN","24-35",184,-0.290271188893392,0.00100595124363195
"SEN","36-47",184,-0.211882251866341,0.0013101242098754
"SEN","48-59",184,-0.247580380941402,0.00200817526474845
"SLE","<1",184,0.0686004114476803,0.000499494946681526
"SLE","1-5",184,-0.0418560834212326,0.000805348016755063
"SLE","6-11",184,-0.316884149731676,0.00315089367289105
"SLE","12-23",184,-0.602656227637215,0.00420415401193886
"SLE","24-35",184,-0.864480626831483,0.00527948067594696
"SLE","36-47",184,-0.690781490293541,0.0071040394410004
"SLE","48-59",184,-0.570198919260781,0.0102087423983756
"SOM","<1",184,0.00669184542844173,4.89103887703879e-06
"SOM","1-5",184,-0.00408286809150868,7.69415508622682e-06
"SOM","6-11",184,-0.0378596211799687,9.26316807448095e-05
"SOM","12-23",184,-0.0835406985235685,0.000157874059224635
"SOM","24-35",184,-0.130897694196893,0.000208884058815886
"SOM","36-47",184,-0.095240397104047,0.000271898326282899
"SOM","48-59",184,-0.11244477608552,0.00041768307652492
"SSD","<1",184,0.051471692271382,0.000283766087143674
"SSD","1-5",184,-0.0314050866551022,0.000453931439050756
"SSD","6-11",184,-0.258933825959413,0.00275833805259385
"SSD","12-23",184,-0.52668439549815,0.00412206777602657
"SSD","24-35",184,-0.786250149274355,0.00531701913292963
"SSD","36-47",184,-0.604757658409374,0.00702527083289067
"SSD","48-59",184,-0.590135040306622,0.0103588192431212
"SWZ","<1",184,0.00465002375163192,2.36216239464329e-06
"SWZ","1-5",184,-0.00283709911213924,3.71528989674798e-06
"SWZ","6-11",184,-0.0263337733531432,4.49783062681992e-05
"SWZ","12-23",184,-0.0581438127411649,7.67171067511109e-05
"SWZ","24-35",184,-0.091135527422684,0.000101518429388163
"SWZ","36-47",184,-0.0662830623498897,0.000132135031257925
"SWZ","48-59",184,-0.0783569998045587,0.000203037152332537
"TCD","<1",184,0.033507985393494,0.000121525919560955
"TCD","1-5",184,-0.0204443353523615,0.00019266076587635
"TCD","6-11",184,-0.180818848047219,0.00176670398349974
"TCD","12-23",184,-0.386848118929164,0.00288348026069812
"TCD","24-35",184,-0.595486662869907,0.00378569933591588
"TCD","36-47",184,-0.442264927956916,0.00494771885863239
"TCD","48-59",184,-0.488214504098938,0.00749097414729851
"TGO","<1",184,0.0466759633457391,0.000234023253972981
"TGO","1-5",184,-0.0284788888327258,0.000373433919534328
"TGO","6-11",184,-0.239936457973342,0.00257137965980985
"TGO","12-23",184,-0.495968610219791,0.00395843989712541
"TGO","24-35",184,-0.747772783265878,0.00513791357958812
"TGO","36-47",184,-0.568819552281385,0.00676120136155768
"TGO","48-59",184,-0.578124145788572,0.0100535084902607
"TZA","<1",184,0.0196394881129073,4.20015697083269e-05
"TZA","1-5",184,-0.0119826055672747,6.62427833770037e-05
"TZA","6-11",184,-0.109491589225742,0.000733650694220237
"TZA","12-23",184,-0.239355468976661,0.00123525310492418
"TZA","24-35",184,-0.373067732581603,0.00163091111355626
"TZA","36-47",184,-0.27310609886934,0.00212514083733099
"TZA","48-59",184,-0.316158839878061,0.00325096962732043
"UGA","<1",184,0.0487436442533528,0.000254897603276553
"UGA","1-5",184,-0.029740520873546,0.000407180798481755
"UGA","6-11",184,-0.248289187544952,0.00265828984488955
"UGA","12-23",184,-0.509780249609873,0.00404182405531645
"UGA","24-35",184,-0.765407998236882,0.00523267989806469
"UGA","36-47",184,-0.584978548865768,0.00689726869204736
"UGA","48-59",184,-0.584525949014446,0.0102192447804768
"ZMB","<1",184,0.0317757419569511,0.000109383177273201
"ZMB","1-5",184,-0.0193874115445117,0.000173278137186837
"ZMB","6-11",184,-0.172343210350651,0.00163680002839695
"ZMB","12-23",184,-0.369983426663027,0.00268551074694289
"ZMB","24-35",184,-0.570673994469008,0.00352921103673194
"ZMB","36-47",184,-0.422850826079096,0.00461002737787746
"ZMB","48-59",184,-0.470428859958891,0.00699163927427547
"ZWE","<1",184,0.00753529890974018,6.20102673511977e-06
"ZWE","1-5",184,-0.00459748150351801,9.75580814265265e-06
"ZWE","6-11",184,-0.0426097208856356,0.000117113730670321
"ZWE","12-23",184,-0.0939919817317955,0.000199518282694685
"ZWE","24-35",184,-0.147246997244684,0.000263965298324197
"ZWE","36-47",184,-0.107158447211275,0.000343607643850152
"ZWE","48-59",184,-0.126431199463794,0.000527766778607044
