"iso3","age_band","ihme_deaths","implied_person_years","ihme_rate_per100000","age_mapping","Location","pfpr_pct","population_weight_on_map","population_weight_within_raster","map_population_coverage_within_raster","legacy_density_weighted_pfpr_pct","status","map_coverage_below_95pct","exposure_year","population_weight_year","log_hr_zero_vs_current","log_hr_se","hr_zero_vs_current","hr_lower_95","hr_upper_95","monte_carlo_se_log_hr","imputations","attributable_fraction","af_lower_95","af_upper_95","counterfactual_rate_per100000","attributable_rate_per100000","attributable_rate_per100000_lower_95","attributable_rate_per100000_upper_95","counterfactual_deaths","attributable_deaths","attributable_deaths_lower_95","attributable_deaths_upper_95","model_id","hiv_treatment","uncertainty","zero_below_observed_support","current_pfpr_outside_central95","negative_attributable_estimate"
"AGO","<1",23967.7145856338,85687.5596199016,27971.0551822824,"0-27 days mapped to model <1 completed month","Angola",12.001303326479,36776664,36847228,0.998084957706995,11.934278269143,"estimated",FALSE,2015,2020,-0.0159581601735162,0.0199831052113964,0.984168496632999,0.94636748190529,1.02347940761324,0,1,0.0158315033670013,-0.0234794076132367,0.0536325180947103,27528.2313279855,442.823854296884,-656.743805997147,1500.1581231919,23588.269631472,379.444954161789,-562.747740313816,1285.44888620286,"age_band_separate_v1","posterior_median","conditional model uncertainty only; HIV imputation held fixed",TRUE,FALSE,FALSE
"AGO","1-5",13673.4103389223,466364.880630094,2931.91252318325,"direct age match","Angola",12.001303326479,36776664,36847228,0.998084957706995,11.934278269143,"estimated",FALSE,2015,2020,-0.0503610157872431,0.0272050935854799,0.950886077641727,0.901511915139278,1.00296437292587,0,1,0.0491139223582735,-0.00296437292587126,0.0984880848607217,2787.91479915838,143.997724024872,-8.69128210474732,288.758449387485,13001.8555251637,671.554813758646,-40.5330874130296,1346.66799779525,"age_band_separate_v1","posterior_median","conditional model uncertainty only; HIV imputation held fixed",TRUE,FALSE,FALSE
"AGO","6-11",11709.7947770341,536200.381654204,2183.84678147913,"direct age match","Angola",12.001303326479,36776664,36847228,0.998084957706995,11.934278269143,"estimated",FALSE,2015,2020,-0.163055953634174,0.040015141718246,0.849543652029965,0.785461221645638,0.918854294540867,0,1,0.150456347970035,0.0811457054591332,0.214538778354362,1855.27317021167,328.573611267465,177.209787697782,468.519820611637,9947.981819403,1761.81295763115,950.199557964109,2512.20506624519,"age_band_separate_v1","posterior_median","conditional model uncertainty only; HIV imputation held fixed",TRUE,FALSE,FALSE
"AGO","12-23",9451.92650518088,1057980.4982681,893.39326392628,"direct age match","Angola",12.001303326479,36776664,36847228,0.998084957706995,11.934278269143,"estimated",FALSE,2015,2020,-0.396269382963747,0.0603011639491052,0.67282542381592,0.597824831096647,0.75723527592966,0,1,0.32717457618408,0.24276472407034,0.402175168903353,601.097701435487,292.295562490793,216.884369203364,359.300586816669,6359.49645672525,3092.43004845563,2294.59432996337,3801.3301386832,"age_band_separate_v1","posterior_median","conditional model uncertainty only; HIV imputation held fixed",TRUE,FALSE,FALSE
"AGO","24-35",6172.73421877417,1014442.54859918,608.48534274296,"IHME 2-4 rate shared; deaths and person-time divided equally","Angola",12.001303326479,36776664,36847228,0.998084957706995,11.934278269143,"estimated",FALSE,2015,2020,-0.505872014073255,0.0664370784686999,0.602979539460697,0.529360134546583,0.686837374559114,0,1,0.397020460539303,0.313162625440886,0.470639865453417,366.904211735734,241.581131007226,190.554867475683,286.377459838923,3722.03243644973,2450.70178232444,1933.06965410012,2905.13480220358,"age_band_separate_v1","posterior_median","conditional model uncertainty only; HIV imputation held fixed",TRUE,FALSE,FALSE
"AGO","36-47",6172.73421877417,1014442.54859918,608.48534274296,"IHME 2-4 rate shared; deaths and person-time divided equally","Angola",12.001303326479,36776664,36847228,0.998084957706995,11.934278269143,"estimated",FALSE,2015,2020,-0.456798702763208,0.0708955214329724,0.633307810344883,0.551148293165934,0.72771482306501,0,1,0.366692189655117,0.27228517693499,0.448851706834066,385.358520039499,223.126822703461,165.681539211115,273.119684673689,3909.2407919328,2263.49342684137,1680.74402893159,2770.64228992983,"age_band_separate_v1","posterior_median","conditional model uncertainty only; HIV imputation held fixed",TRUE,FALSE,FALSE
"AGO","48-59",6172.73421877417,1014442.54859918,608.48534274296,"IHME 2-4 rate shared; deaths and person-time divided equally","Angola",12.001303326479,36776664,36847228,0.998084957706995,11.934278269143,"estimated",FALSE,2015,2020,-0.445633377650799,0.0825956610082268,0.640418520769513,0.544701196209524,0.752955720675246,0,1,0.359581479230487,0.247044279324754,0.455298803790476,389.685283109376,218.800059633584,150.322822977611,277.042648674907,3953.1333174907,2219.60090128346,1524.93867654031,2810.43850592442,"age_band_separate_v1","posterior_median","conditional model uncertainty only; HIV imputation held fixed",TRUE,FALSE,FALSE
"BDI","<1",12649.1144101055,34130.9725256836,37060.5156374815,"0-27 days mapped to model <1 completed month","Burundi",16.717817650048,10240924,11339513,0.903118502531811,16.8718316295086,"estimated",TRUE,2015,2020,-0.022193571707972,0.0259881861956262,0.978050893744256,0.929480472475071,1.0291593842813,0,1,0.0219491062557444,-0.0291593842813014,0.070519527524929,36247.0704418618,813.445195619759,-1080.6618171365,2613.49005258544,12371.477653877,277.636756228473,-368.840387902413,892.00957180941,"age_band_separate_v1","posterior_median","conditional model uncertainty only; HIV imputation held fixed",TRUE,FALSE,FALSE
"BDI","1-5",7215.70472469568,185271.692707332,3894.66119689104,"direct age match","Burundi",16.717817650048,10240924,11339513,0.903118502531811,16.8718316295086,"estimated",TRUE,2015,2020,-0.0693432869959287,0.0355822191708356,0.933006336154075,0.870155667602283,1.00039665971759,0,1,0.0669936638459245,-0.000396659717588399,0.129844332397717,3633.74357387276,260.917623018284,-1.5448552104613,505.699683025612,6732.29822795797,483.406496737712,-2.86217939829906,936.918362757166,"age_band_separate_v1","posterior_median","conditional model uncertainty only; HIV imputation held fixed",TRUE,FALSE,FALSE
"BDI","6-11",5342.98961105673,212585.464249544,2513.33722647417,"direct age match","Burundi",16.717817650048,10240924,11339513,0.903118502531811,16.8718316295086,"estimated",TRUE,2015,2020,-0.221519803416214,0.0512834962367057,0.801300053512336,0.724673834327676,0.886028645362325,0,1,0.198699946487664,0.113971354637675,0.275326165672324,2013.9372540683,499.39997240587,286.448448362557,691.987501606646,4281.33786125561,1061.65174980111,608.947763787158,1471.06484283931,"age_band_separate_v1","posterior_median","conditional model uncertainty only; HIV imputation held fixed",TRUE,FALSE,FALSE
"BDI","12-23",5293.9663414667,416008.086435571,1272.56332607049,"direct age match","Burundi",16.717817650048,10240924,11339513,0.903118502531811,16.8718316295086,"estimated",TRUE,2015,2020,-0.513499460443968,0.0751592028897771,0.598397840903631,0.516433478674907,0.693370958282776,0,1,0.401602159096369,0.306629041717224,0.483566521325093,761.499146733725,511.064179336765,390.204873197477,615.369020753797,3167.89802855017,2126.06831291653,1623.28382616717,2559.98488775518,"age_band_separate_v1","posterior_median","conditional model uncertainty only; HIV imputation held fixed",TRUE,FALSE,FALSE
"BDI","24-35",2988.95107925137,389332.19523246,767.71228165879,"IHME 2-4 rate shared; deaths and person-time divided equally","Burundi",16.717817650048,10240924,11339513,0.903118502531811,16.8718316295086,"estimated",TRUE,2015,2020,-0.658886124919376,0.0826714506502877,0.517427363065957,0.440026999811896,0.608442382317085,0,1,0.482572636934043,0.391557617682915,0.559973000188104,397.235341492057,370.476940166733,300.603592072231,429.898149641727,1546.56507527018,1442.38600398119,1170.34656396244,1673.73190326386,"age_band_separate_v1","posterior_median","conditional model uncertainty only; HIV imputation held fixed",TRUE,FALSE,FALSE
"BDI","36-47",2988.95107925137,389332.19523246,767.71228165879,"IHME 2-4 rate shared; deaths and person-time divided equally","Burundi",16.717817650048,10240924,11339513,0.903118502531811,16.8718316295086,"estimated",TRUE,2015,2020,-0.597045769100893,0.0881574705739756,0.550435349618587,0.46309121466019,0.654253556358348,0,1,0.449564650381413,0.345746443641652,0.53690878533981,422.575978161339,345.136303497451,265.433791123545,412.191468635875,1645.22433230058,1343.72674695079,1033.41920587004,1604.79409340097,"age_band_separate_v1","posterior_median","conditional model uncertainty only; HIV imputation held fixed",TRUE,FALSE,FALSE
"BDI","48-59",2988.95107925137,389332.19523246,767.71228165879,"IHME 2-4 rate shared; deaths and person-time divided equally","Burundi",16.717817650048,10240924,11339513,0.903118502531811,16.8718316295086,"estimated",TRUE,2015,2020,-0.570538531670168,0.102446350894025,0.565220967331608,0.46239781371044,0.690908850428384,0,1,0.434779032668392,0.309091149571616,0.53760218628956,433.927078471537,333.785203187253,237.293071678163,412.723801061112,1689.41782032131,1299.53325893006,923.858325099127,1606.86663491808,"age_band_separate_v1","posterior_median","conditional model uncertainty only; HIV imputation held fixed",TRUE,FALSE,FALSE
"BEN","<1",11348.3334679703,34728.2874615604,32677.4923195721,"0-27 days mapped to model <1 completed month","Benin",36.3793100261877,13527325,13527325,1,36.170253709291,"estimated",FALSE,2015,2020,-0.0423825338405329,0.0383562464283163,0.958503050580539,0.88908770243871,1.03333798842588,0,1,0.0414969494194606,-0.0333379884258753,0.11091229756129,31321.476073632,1356.0162459401,-1089.40186073653,3624.33575170514,10877.4122480548,470.921219915537,-378.330609808169,1258.66973842427,"age_band_separate_v1","posterior_median","conditional model uncertainty only; HIV imputation held fixed",TRUE,FALSE,FALSE
"BEN","1-5",4927.19384652888,188613.438384404,2612.32385599535,"direct age match","Benin",36.3793100261877,13527325,13527325,1,36.170253709291,"estimated",FALSE,2015,2020,-0.136991492961595,0.054339637240422,0.871977644047863,0.783883219155232,0.969972303449312,0,1,0.128022355952137,0.0300276965506883,0.216116780844768,2277.88800144085,334.435854554496,78.4420680399522,564.567022281707,4296.40288206338,630.7909644655,147.952281669988,1064.84927270997,"age_band_separate_v1","posterior_median","conditional model uncertainty only; HIV imputation held fixed",TRUE,FALSE,FALSE
"BEN","6-11",5585.59762511073,216211.209925703,2583.39871786949,"direct age match","Benin",36.3793100261877,13527325,13527325,1,36.170253709291,"estimated",FALSE,2015,2020,-0.403999697438441,0.0682391020860329,0.667644323272406,0.584063318545383,0.763185990703906,0,1,0.332355676727594,0.236814009296094,0.415936681454617,1724.79148873478,858.607229134714,611.785007989064,1074.53028958475,3729.19254648901,1856.40507862172,1322.74776791721,2323.25494012935,"age_band_separate_v1","posterior_median","conditional model uncertainty only; HIV imputation held fixed",TRUE,FALSE,FALSE
"BEN","12-23",5371.34162998856,421735.463757646,1273.62816067924,"direct age match","Benin",36.3793100261877,13527325,13527325,1,36.170253709291,"estimated",FALSE,2015,2020,-0.667751676959872,0.0837177357460109,0.512860358273931,0.435249685072602,0.604310022751633,0,1,0.487139641726069,0.395689977248367,0.564750314927398,653.193394793723,620.434765885517,503.961897922047,719.281904844004,2754.74819276762,2616.59343722095,2125.38604736338,3033.46687711869,"age_band_separate_v1","posterior_median","conditional model uncertainty only; HIV imputation held fixed",TRUE,FALSE,FALSE
"BEN","24-35",3861.53630762324,392681.128546799,983.37710343089,"IHME 2-4 rate shared; deaths and person-time divided equally","Benin",36.3793100261877,13527325,13527325,1,36.170253709291,"estimated",FALSE,2015,2020,-0.87905052244478,0.0904344698676643,0.415176925770678,0.34774047937248,0.49569115451686,0,1,0.584823074229322,0.50430884548314,0.65225952062752,408.275482675711,575.101620755179,495.925771705786,641.417078079911,1603.22077295087,2258.31553467237,1947.4069170887,2518.7238208961,"age_band_separate_v1","posterior_median","conditional model uncertainty only; HIV imputation held fixed",TRUE,FALSE,FALSE
"BEN","36-47",3861.53630762324,392681.128546799,983.37710343089,"IHME 2-4 rate shared; deaths and person-time divided equally","Benin",36.3793100261877,13527325,13527325,1,36.170253709291,"estimated",FALSE,2015,2020,-0.811387830124562,0.0965668446875872,0.444241107013796,0.367638423812805,0.536805046420639,0,1,0.555758892986204,0.463194953579361,0.632361576187195,436.856533040159,546.520570390731,455.495311774678,621.849895111956,1715.45316407252,2146.08314355073,1788.64413075457,2441.88718599272,"age_band_separate_v1","posterior_median","conditional model uncertainty only; HIV imputation held fixed",TRUE,FALSE,FALSE
"BEN","48-59",3861.53630762324,392681.128546799,983.37710343089,"IHME 2-4 rate shared; deaths and person-time divided equally","Benin",36.3793100261877,13527325,13527325,1,36.170253709291,"estimated",FALSE,2015,2020,-0.651926671558636,0.110540617327327,0.521040934322135,0.419545917931371,0.647089254444116,0,1,0.478959065677865,0.352910745555884,0.580454082068629,512.379724762626,470.997378668264,347.044346734381,570.805253899284,2012.01848564286,1849.51782198038,1362.77765731444,2241.44451281613,"age_band_separate_v1","posterior_median","conditional model uncertainty only; HIV imputation held fixed",TRUE,FALSE,FALSE
"BFA","<1",19294.5531110122,63302.8421189232,30479.7580411393,"0-27 days mapped to model <1 completed month","Burkina Faso",39.2003452509794,22752144,22752144,1,39.2408335974427,"estimated",FALSE,2015,2020,-0.0429018336215775,0.039336774646238,0.958005429374717,0.886919997517661,1.03478826194035,0,1,0.0419945706252832,-0.0347882619403452,0.113080002482339,29199.7736894391,1279.98435170017,-1060.3378066135,3446.65111495313,18484.2866377085,810.266473303681,-671.223967647796,2181.82811368889,"age_band_separate_v1","posterior_median","conditional model uncertainty only; HIV imputation held fixed",TRUE,FALSE,FALSE
"BFA","1-5",8627.79264781068,344520.65601082,2504.28892935224,"direct age match","Burkina Faso",39.2003452509794,22752144,22752144,1,39.2408335974427,"estimated",FALSE,2015,2020,-0.144467279738758,0.0559191255075796,0.865483230777224,0.775640024965627,0.965733070298657,0,1,0.134516769222776,0.0342669297013433,0.224359975034373,2167.42007337541,336.868855976828,85.8142926939654,561.862201668325,7467.20985530317,1160.58279250751,295.647964140295,1935.73134306455,"age_band_separate_v1","posterior_median","conditional model uncertainty only; HIV imputation held fixed",TRUE,FALSE,FALSE
"BFA","6-11",6873.05209595555,396131.414847632,1735.04343213961,"direct age match","Burkina Faso",39.2003452509794,22752144,22752144,1,39.2408335974427,"estimated",FALSE,2015,2020,-0.422579055495652,0.0691672803752958,0.655354442908567,0.572269963981701,0.750501464119706,0,1,0.344645557091433,0.249498535880294,0.427730036018299,1137.06842189202,597.975010247588,432.890796007553,742.130189722388,4504.28522742651,2368.76686852904,1714.8164349699,2939.81082055871,"age_band_separate_v1","posterior_median","conditional model uncertainty only; HIV imputation held fixed",TRUE,FALSE,FALSE
"BFA","12-23",8293.19182341789,761552.922745789,1088.98430768497,"direct age match","Burkina Faso",39.2003452509794,22752144,22752144,1,39.2408335974427,"estimated",FALSE,2015,2020,-0.671321459801063,0.0837614209651288,0.511032822061488,0.433661575862353,0.602208172824195,0,1,0.488967177938512,0.397791827175805,0.566338424137647,556.506723936926,532.477583748044,433.189057519783,616.733656724932,4238.0932214185,4055.09860199939,3298.96392855685,4696.7531883457,"age_band_separate_v1","posterior_median","conditional model uncertainty only; HIV imputation held fixed",TRUE,FALSE,FALSE
"BFA","24-35",4054.837995821,691996.2180849,585.9624503502,"IHME 2-4 rate shared; deaths and person-time divided equally","Burkina Faso",39.2003452509794,22752144,22752144,1,39.2408335974427,"estimated",FALSE,2015,2020,-0.880375338358497,0.0903903565968291,0.4146272569578,0.347310119564397,0.49499209072275,0,1,0.5853727430422,0.50500790927725,0.652689880435603,242.956003468974,343.006446881226,295.915671966329,382.451761658825,1681.24635561552,2373.59164020547,2047.72525872751,2646.55172667815,"age_band_separate_v1","posterior_median","conditional model uncertainty only; HIV imputation held fixed",TRUE,FALSE,FALSE
"BFA","36-47",4054.837995821,691996.2180849,585.9624503502,"IHME 2-4 rate shared; deaths and person-time divided equally","Burkina Faso",39.2003452509794,22752144,22752144,1,39.2408335974427,"estimated",FALSE,2015,2020,-0.811228825162923,0.0964419124924794,0.444311749170053,0.367786931034275,0.536758959584007,0,1,0.555688250829947,0.463241040415993,0.632213068965725,260.350001263068,325.612449087132,271.441855144932,370.453119034576,1801.61216252442,2253.22583329658,1878.36737190242,2563.52157349682,"age_band_separate_v1","posterior_median","conditional model uncertainty only; HIV imputation held fixed",TRUE,FALSE,FALSE
"BFA","48-59",4054.837995821,691996.2180849,585.9624503502,"IHME 2-4 rate shared; deaths and person-time divided equally","Burkina Faso",39.2003452509794,22752144,22752144,1,39.2408335974427,"estimated",FALSE,2015,2020,-0.638158708235248,0.110254572718426,0.528264217644272,0.425600698435916,0.655692259596548,0,1,0.471735782355728,0.344307740403452,0.574399301564084,309.542995403169,276.419454947031,201.751407241347,336.576422223934,2142.02582153665,1912.81217428435,1396.11210804319,2329.09611275509,"age_band_separate_v1","posterior_median","conditional model uncertainty only; HIV imputation held fixed",TRUE,FALSE,FALSE
"BWA","<1",411.042195792295,3799.30585800134,10818.8761619873,"0-27 days mapped to model <1 completed month","Botswana",0.0668556239324968,1200011,2399993,0.500006041684288,0.0482546894370636,"estimated",TRUE,2015,2020,-8.90514165177986e-05,0.000119552610983784,0.999910952548442,0.999676682050213,1.00014527794709,0,1,8.9047451558133e-05,-0.000145277947087186,0.000323317949786683,10817.9127686364,0.963393350948004,-1.57174411860401,3.49793685968976,411.005593532276,0.036602260018163,-0.0597153663709136,0.132897320019381,"age_band_separate_v1","posterior_median","conditional model uncertainty only; HIV imputation held fixed",TRUE,TRUE,FALSE
"BWA","1-5",753.486241753978,20844.1807240208,3614.85179835186,"direct age match","Botswana",0.0668556239324968,1200011,2399993,0.500006041684288,0.0482546894370636,"estimated",TRUE,2015,2020,-0.000283980383643193,0.000161875368571543,0.999716059934969,0.9993989304387,1.00003329006284,0,1,0.000283940065030741,-3.32900628430277e-05,0.00060106956130046,3613.82539709716,1.02640125470052,-0.120338643535365,2.17277738460153,753.272296821495,0.213944932483393,-0.0250836043393467,0.452897644776996,"age_band_separate_v1","posterior_median","conditional model uncertainty only; HIV imputation held fixed",TRUE,TRUE,FALSE
"BWA","6-11",415.639433009315,24271.46685295,1712.46111958329,"direct age match","Botswana",0.0668556239324968,1200011,2399993,0.500006041684288,0.0482546894370636,"estimated",TRUE,2015,2020,-0.000932163552633907,0.000242591929860431,0.999068270776845,0.99859335525535,0.9995434121608,0,1,0.00093172922315532,0.00045658783920044,0.00140664474464947,1710.86556951466,1.59555006863303,0.7818889223053,2.40882443427838,415.252169603285,0.387263406030487,0.189775910604219,0.584657024111637,"age_band_separate_v1","posterior_median","conditional model uncertainty only; HIV imputation held fixed",TRUE,TRUE,FALSE
"BWA","12-23",267.75021981923,48609.3318881458,550.82061287192,"direct age match","Botswana",0.0668556239324968,1200011,2399993,0.500006041684288,0.0482546894370636,"estimated",TRUE,2015,2020,-0.00237083151363309,0.000374669229941499,0.997631976687704,0.996899646342854,0.998364845008203,0,1,0.00236802331229591,0.00163515499179723,0.00310035365714567,549.516256819746,1.30435605217383,0.900677074722328,1.70773870154868,267.116181056826,0.634038762404292,0.43781310849222,0.830120373218109,"age_band_separate_v1","posterior_median","conditional model uncertainty only; HIV imputation held fixed",TRUE,TRUE,FALSE
"BWA","24-35",50.956992173523,48761.3787302703,104.50277145648,"IHME 2-4 rate shared; deaths and person-time divided equally","Botswana",0.0668556239324968,1200011,2399993,0.500006041684288,0.0482546894370636,"estimated",TRUE,2015,2020,-0.00301231825652681,0.00041330829327905,0.996992214221881,0.996184908398677,0.997800174283757,0,1,0.00300778577811889,0.00219982571624255,0.00381509160132265,104.188449506719,0.314321949760809,0.229887884068583,0.398687645698557,50.8037244571678,0.153267716355238,0.112096501805686,0.194405592869872,"age_band_separate_v1","posterior_median","conditional model uncertainty only; HIV imputation held fixed",TRUE,TRUE,FALSE
"BWA","36-47",50.956992173523,48761.3787302703,104.50277145648,"IHME 2-4 rate shared; deaths and person-time divided equally","Botswana",0.0668556239324968,1200011,2399993,0.500006041684288,0.0482546894370636,"estimated",TRUE,2015,2020,-0.00271129281197736,0.000441388870428943,0.997292379422794,0.996429988596816,0.998155516631304,0,1,0.00270762057720553,0.00184448336869603,0.00357001140318414,104.219817602109,0.282953854370572,0.192753623934119,0.373076085763979,50.8190199729615,0.137972200561532,0.0939893245828367,0.181917043131442,"age_band_separate_v1","posterior_median","conditional model uncertainty only; HIV imputation held fixed",TRUE,TRUE,FALSE
"BWA","48-59",50.956992173523,48761.3787302703,104.50277145648,"IHME 2-4 rate shared; deaths and person-time divided equally","Botswana",0.0668556239324968,1200011,2399993,0.500006041684288,0.0482546894370636,"estimated",TRUE,2015,2020,-0.00269556119750148,0.000515384251008719,0.997308068565435,0.996301161849521,0.998315992906514,0,1,0.00269193143456525,0.00168400709348593,0.00369883815047933,104.221457160997,0.281314295482887,0.175983408421651,0.386538837894051,50.8198194444802,0.137172729042802,0.0858119362829197,0.188481666685104,"age_band_separate_v1","posterior_median","conditional model uncertainty only; HIV imputation held fixed",TRUE,TRUE,FALSE
"CAF","<1",8465.2374099137,18282.7116102384,46301.8702607174,"0-27 days mapped to model <1 completed month","Central African Republic",36.7348327663838,5328369.5,5328369.5,1,36.659273694072,"estimated",FALSE,2015,2020,-0.0424989868763488,0.0384877619858967,0.958391436489487,0.888755051358675,1.03348402254616,0,1,0.0416085635105135,-0.0334840225461588,0.111244948641325,44375.3159513188,1926.55430939861,-1550.37286773918,5150.8491791508,8113.01104151173,352.226368401969,-283.450200292137,941.714900902473,"age_band_separate_v1","posterior_median","conditional model uncertainty only; HIV imputation held fixed",TRUE,FALSE,FALSE
"CAF","1-5",5909.77350905939,98844.7233372392,5978.84571834592,"direct age match","Central African Republic",36.7348327663838,5328369.5,5328369.5,1,36.659273694072,"estimated",FALSE,2015,2020,-0.137971752913669,0.0545505229810682,0.871123298093274,0.782791569419209,0.969422551451257,0,1,0.128876701906726,0.0305774485487427,0.217208430580791,5208.31180095635,770.53391738957,182.817847333593,1298.6556951666,5148.14139019608,761.632118863311,180.705795407986,1283.65262899072,"age_band_separate_v1","posterior_median","conditional model uncertainty only; HIV imputation held fixed",TRUE,FALSE,FALSE
"CAF","6-11",4597.78923346703,113436.281951511,4053.19105525019,"direct age match","Central African Republic",36.7348327663838,5328369.5,5328369.5,1,36.659273694072,"estimated",FALSE,2015,2020,-0.406435553386174,0.0683674717492541,0.666020016967816,0.582495781441645,0.761520816346459,0,1,0.333979983032184,0.238479183653541,0.417504218558355,2699.50637539153,1353.68467985866,966.601694047901,1692.22436418994,3062.21966328815,1535.56957017888,1096.47702300826,1919.59640101467,"age_band_separate_v1","posterior_median","conditional model uncertainty only; HIV imputation held fixed",TRUE,FALSE,FALSE
"CAF","12-23",2243.13564726023,218584.473379446,1026.20996477015,"direct age match","Central African Republic",36.7348327663838,5328369.5,5328369.5,1,36.659273694072,"estimated",FALSE,2015,2020,-0.668154540073286,0.0837182495059216,0.512653787365944,0.435073936246523,0.604067225832921,0,1,0.487346212634056,0.395932774167079,0.564926063753477,526.090425072089,500.119539698061,406.310158229346,579.732755982195,1149.95198514351,1093.18366211671,888.130919652808,1267.20579167183,"age_band_separate_v1","posterior_median","conditional model uncertainty only; HIV imputation held fixed",TRUE,FALSE,FALSE
"CAF","24-35",2311.62214272948,198200.249891772,1166.30637145601,"IHME 2-4 rate shared; deaths and person-time divided equally","Central African Republic",36.7348327663838,5328369.5,5328369.5,1,36.659273694072,"estimated",FALSE,2015,2020,-0.879331705291522,0.0904178169121322,0.415060201551982,0.347654061422972,0.495535620113967,0,1,0.584939798448018,0.504464379886033,0.652345938577028,484.087357607892,682.219013848118,588.360020433685,760.835224555839,959.46235247332,1352.15979025616,1166.13103076285,1507.9773163343,"age_band_separate_v1","posterior_median","conditional model uncertainty only; HIV imputation held fixed",TRUE,FALSE,FALSE
"CAF","36-47",2311.62214272948,198200.249891772,1166.30637145601,"IHME 2-4 rate shared; deaths and person-time divided equally","Central African Republic",36.7348327663838,5328369.5,5328369.5,1,36.659273694072,"estimated",FALSE,2015,2020,-0.811569220456981,0.0965450496080252,0.44416053327959,0.367587445912069,0.536684757646487,0,1,0.55583946672041,0.463315242353513,0.632412554087931,518.027259913285,648.279111542725,540.367519149588,737.586791221522,1026.73132365563,1284.89081907384,1071.00977328845,1461.89886336976,"age_band_separate_v1","posterior_median","conditional model uncertainty only; HIV imputation held fixed",TRUE,FALSE,FALSE
"CAF","48-59",2311.62214272948,198200.249891772,1166.30637145601,"IHME 2-4 rate shared; deaths and person-time divided equally","Central African Republic",36.7348327663838,5328369.5,5328369.5,1,36.659273694072,"estimated",FALSE,2015,2020,-0.650154922857197,0.110497373300485,0.521964906202204,0.420325530662632,0.648181810125046,0,1,0.478035093797796,0.351818189874954,0.579674469337368,608.770995780069,557.535375675941,410.327796445279,676.078026958554,1206.58563490473,1105.03650782475,813.270717929946,1339.98833889522,"age_band_separate_v1","posterior_median","conditional model uncertainty only; HIV imputation held fixed",TRUE,FALSE,FALSE
"CIV","<1",27543.3205330349,68378.3232370811,40280.7779265613,"0-27 days mapped to model <1 completed month","Cote d'Ivoire",21.3567298975211,27757124,27783660,0.999044906250652,21.3585786042294,"estimated",FALSE,2015,2020,-0.0282798873807011,0.0303520327838995,0.972116245651653,0.91597264481344,1.03170111073823,0,1,0.027883754348347,-0.0317011107382348,0.0840273551865599,39157.5986098968,1123.17931666455,-1276.94540167216,3384.68723402611,26775.309349354,768.011183680927,-873.153854316436,2314.39237744659,"age_band_separate_v1","posterior_median","conditional model uncertainty only; HIV imputation held fixed",TRUE,FALSE,FALSE
"CIV","1-5",14287.7443456846,370479.14083561,3856.55837828247,"direct age match","Cote d'Ivoire",21.3567298975211,27757124,27783660,0.999044906250652,21.3585786042294,"estimated",FALSE,2015,2020,-0.0872349347859438,0.0418932425546653,0.916461761591629,0.844218289153781,0.994887425740947,0,1,0.0835382384083709,0.00511257425905254,0.155781710846219,3534.38828504171,322.170093240761,19.7169410933404,600.781262147163,13094.171352217,1193.57299346766,73.0471539616707,2225.76925830415,"age_band_separate_v1","posterior_median","conditional model uncertainty only; HIV imputation held fixed",TRUE,FALSE,FALSE
"CIV","6-11",10617.9526447007,424664.354471786,2500.31643411836,"direct age match","Cote d'Ivoire",21.3567298975211,27757124,27783660,0.999044906250652,21.3585786042294,"estimated",FALSE,2015,2020,-0.273667110718273,0.0585814788780371,0.760585223792169,0.67808359683193,0.853124725850532,0,1,0.239414776207831,0.146875274149468,0.32191640316807,1901.70373459515,598.61269952321,367.234661721555,804.892873253396,8075.85788848434,2542.09475621637,1559.51470559649,3418.09312439094,"age_band_separate_v1","posterior_median","conditional model uncertainty only; HIV imputation held fixed",TRUE,FALSE,FALSE
"CIV","12-23",10406.0468161142,824611.943816745,1261.93258467121,"direct age match","Cote d'Ivoire",21.3567298975211,27757124,27783660,0.999044906250652,21.3585786042294,"estimated",FALSE,2015,2020,-0.592535297339916,0.0822530988379296,0.552923680273238,0.470599244221621,0.649649569056525,0,1,0.447076319726762,0.350350430943475,0.529400755778379,697.752408973125,564.180175698085,442.118624861172,668.068064066302,5753.74970266145,4652.2971134527,3645.76298644357,5508.96904911603,"age_band_separate_v1","posterior_median","conditional model uncertainty only; HIV imputation held fixed",TRUE,FALSE,FALSE
"CIV","24-35",5015.06846527243,773004.807278336,648.77584434823,"IHME 2-4 rate shared; deaths and person-time divided equally","Cote d'Ivoire",21.3567298975211,27757124,27783660,0.999044906250652,21.3585786042294,"estimated",FALSE,2015,2020,-0.766178794872287,0.0901957961686138,0.464785720899673,0.389473556477446,0.55466093335335,0,1,0.535214279100327,0.44533906664665,0.610526443522554,301.541748517686,347.234095830544,288.925228984933,396.094808893267,2330.93221199286,2684.13625327957,2233.40590949347,3061.83191412489,"age_band_separate_v1","posterior_median","conditional model uncertainty only; HIV imputation held fixed",TRUE,FALSE,FALSE
"CIV","36-47",5015.06846527243,773004.807278336,648.77584434823,"IHME 2-4 rate shared; deaths and person-time divided equally","Cote d'Ivoire",21.3567298975211,27757124,27783660,0.999044906250652,21.3585786042294,"estimated",FALSE,2015,2020,-0.697887768645609,0.0961204200686972,0.497635315383524,0.412186101001474,0.600798781218422,0,1,0.502364684616476,0.399201218781578,0.587813898998526,322.853771915443,325.922072432787,258.99210777986,381.359458642394,2495.67517738581,2519.39328788662,2002.02144360981,2947.92694831634,"age_band_separate_v1","posterior_median","conditional model uncertainty only; HIV imputation held fixed",TRUE,FALSE,FALSE
"CIV","48-59",5015.06846527243,773004.807278336,648.77584434823,"IHME 2-4 rate shared; deaths and person-time divided equally","Cote d'Ivoire",21.3567298975211,27757124,27783660,0.999044906250652,21.3585786042294,"estimated",FALSE,2015,2020,-0.646068862296505,0.11126536129906,0.524102049694912,0.421411721169099,0.65181613300259,0,1,0.475897950305088,0.348183866997409,0.578588278830901,340.024749815454,308.751094532776,225.893282299676,375.374099128507,2628.4076620096,2386.66080326284,1746.16593149532,2901.65983154111,"age_band_separate_v1","posterior_median","conditional model uncertainty only; HIV imputation held fixed",TRUE,FALSE,FALSE
"CMR","<1",27590.0122716466,76407.5244005498,36109.025240776,"0-27 days mapped to model <1 completed month","Cameroon",25.339889009207,28456054,28622398,0.994188327616715,25.3221934693375,"estimated",FALSE,2015,2020,-0.0332432841626982,0.0330829117463864,0.967303201411304,0.90657220478273,1.03210254905708,0,1,0.0326967985886963,-0.032102549057085,0.0934277952172702,34928.3757152442,1180.64952553181,-1159.19175419553,3373.58661569046,26687.9071973409,902.10507430569,-885.709722436113,2577.67401655737,"age_band_separate_v1","posterior_median","conditional model uncertainty only; HIV imputation held fixed",TRUE,FALSE,FALSE
"CMR","1-5",12706.8388974087,415437.785632876,3058.66229236977,"direct age match","Cameroon",25.339889009207,28456054,28622398,0.994188327616715,25.3221934693375,"estimated",FALSE,2015,2020,-0.101804356866914,0.046029342871452,0.903206240483048,0.825290188278309,0.988478385462665,0,1,0.0967937595169523,0.0115216145373352,0.174709811721691,2762.60286999856,296.05942237121,35.2407279325667,534.37831322016,11476.8961889523,1229.94270845644,146.403299763961,2220.00943134415,"age_band_separate_v1","posterior_median","conditional model uncertainty only; HIV imputation held fixed",TRUE,FALSE,FALSE
"CMR","6-11",12502.9482253325,477586.801543219,2617.94257817257,"direct age match","Cameroon",25.339889009207,28456054,28622398,0.994188327616715,25.3221934693375,"estimated",FALSE,2015,2020,-0.31374740362403,0.0623871061838452,0.730703577925835,0.646602281756342,0.825743635397216,0,1,0.269296422074165,0.174256364602784,0.353397718243658,1912.94000867508,705.002569497488,456.193156411192,925.174933619105,9135.9490028719,3366.99922246056,2178.71830456327,4418.51337415108,"age_band_separate_v1","posterior_median","conditional model uncertainty only; HIV imputation held fixed",TRUE,FALSE,FALSE
"CMR","12-23",12867.5253247858,934952.067805538,1376.27647104815,"direct age match","Cameroon",25.339889009207,28456054,28622398,0.994188327616715,25.3221934693375,"estimated",FALSE,2015,2020,-0.632633386308359,0.0838853447722089,0.531191126118659,0.450658406092103,0.626115054446675,0,1,0.468808873881341,0.373884945553325,0.549341593907897,731.065848506681,645.210622541469,514.569053444159,756.045910263526,6835.11526763332,6032.41005715245,4810.97400546355,7068.66687156804,"age_band_separate_v1","posterior_median","conditional model uncertainty only; HIV imputation held fixed",TRUE,FALSE,FALSE
"CMR","24-35",7054.96831087739,879638.719720768,802.03021453136,"IHME 2-4 rate shared; deaths and person-time divided equally","Cameroon",25.339889009207,28456054,28622398,0.994188327616715,25.3221934693375,"estimated",FALSE,2015,2020,-0.82433939830232,0.0916204877192221,0.438524586887707,0.366443014845152,0.524785043006743,0,1,0.561475413112293,0.475214956993257,0.633556985154848,351.709968498823,450.320246032537,381.136753905813,508.131844721584,3093.77706403337,3961.19124684402,3352.62646244239,4469.72445340246,"age_band_separate_v1","posterior_median","conditional model uncertainty only; HIV imputation held fixed",TRUE,FALSE,FALSE
"CMR","36-47",7054.96831087739,879638.719720768,802.03021453136,"IHME 2-4 rate shared; deaths and person-time divided equally","Cameroon",25.339889009207,28456054,28622398,0.994188327616715,25.3221934693375,"estimated",FALSE,2015,2020,-0.754774054633826,0.0976391788885995,0.470116823449221,0.388235436323716,0.569267529473289,0,1,0.529883176550779,0.430732470526711,0.611764563676284,377.04789676578,424.98231776558,345.460455742161,490.653664247974,3316.65929184459,3738.30901903279,3038.80393003187,4315.97961045392,"age_band_separate_v1","posterior_median","conditional model uncertainty only; HIV imputation held fixed",TRUE,FALSE,FALSE
"CMR","48-59",7054.96831087739,879638.719720768,802.03021453136,"IHME 2-4 rate shared; deaths and person-time divided equally","Cameroon",25.339889009207,28456054,28622398,0.994188327616715,25.3221934693375,"estimated",FALSE,2015,2020,-0.674559319204232,0.112582185793456,0.509380845510393,0.40851920649644,0.635144790371428,0,1,0.490619154489607,0.364855209628572,0.59148079350356,408.538828802866,393.491385728494,292.624902051288,474.385467704839,3593.66572324375,3461.30258763363,2574.0419419881,4172.87825466023,"age_band_separate_v1","posterior_median","conditional model uncertainty only; HIV imputation held fixed",TRUE,FALSE,FALSE
"COD","<1",65442.7680268218,224945.224773519,29092.7571779802,"0-27 days mapped to model <1 completed month","Democratic Republic of the Congo",31.2906693790223,111560592,115257392,0.967925701459564,31.3291578219202,"estimated",FALSE,2015,2020,-0.039327101327283,0.036222291179122,0.961436170658672,0.895546182130709,1.03217402820204,0,1,0.0385638293413275,-0.0321740282020408,0.104453817869291,27970.8290550999,1121.92812288031,-936.031189919462,3038.84955958427,62919.0442890113,2523.72373781044,-2105.55746411458,6835.74697233593,"age_band_separate_v1","posterior_median","conditional model uncertainty only; HIV imputation held fixed",TRUE,FALSE,FALSE
"COD","1-5",42905.6492648664,1223277.28358235,3507.43448281961,"direct age match","Democratic Republic of the Congo",31.2906693790223,111560592,115257392,0.967925701459564,31.3291578219202,"estimated",FALSE,2015,2020,-0.121846020026741,0.0509450457881583,0.885284674118638,0.801158499097711,0.978244573467051,0,1,0.114715325881362,0.0217554265329494,0.198841500902289,3105.07799311543,402.356489704179,76.3057332101153,697.423536880296,37983.7137272958,4921.93553757058,933.430700430294,8531.42369701324,"age_band_separate_v1","posterior_median","conditional model uncertainty only; HIV imputation held fixed",TRUE,FALSE,FALSE
"COD","6-11",43177.5078074106,1405421.92217074,3072.20964226323,"direct age match","Democratic Republic of the Congo",31.2906693790223,111560592,115257392,0.967925701459564,31.3291578219202,"estimated",FALSE,2015,2020,-0.366017118413942,0.0660336261595373,0.693490929643346,0.60930236059879,0.789312007629448,0,1,0.306509070356654,0.210687992370552,0.39069763940121,2130.54952087238,941.660121390851,647.277681669892,1200.30505497788,29943.210029044,13234.2977783666,9096.98243550718,16869.3503755827,"age_band_separate_v1","posterior_median","conditional model uncertainty only; HIV imputation held fixed",TRUE,FALSE,FALSE
"COD","12-23",31044.7637151542,2752168.53975364,1128.01099448412,"direct age match","Democratic Republic of the Congo",31.2906693790223,111560592,115257392,0.967925701459564,31.3291578219202,"estimated",FALSE,2015,2020,-0.659993280417771,0.0838188178529127,0.51685480752841,0.438552764605348,0.609137402897522,0,1,0.48314519247159,0.390862597102478,0.561447235394652,583.01790544402,544.9930890401,440.897306864212,633.318654347882,16045.635374761,14999.1283403932,12134.2369721379,17429.9967613535,"age_band_separate_v1","posterior_median","conditional model uncertainty only; HIV imputation held fixed",TRUE,FALSE,FALSE
"COD","24-35",21880.1511805358,2593595.27151933,843.62241945785,"IHME 2-4 rate shared; deaths and person-time divided equally","Democratic Republic of the Congo",31.2906693790223,111560592,115257392,0.967925701459564,31.3291578219202,"estimated",FALSE,2015,2020,-0.867864532554568,0.0909311165944559,0.419847162578477,0.351310002902857,0.50175525452926,0,1,0.580152837421523,0.49824474547074,0.648689997097143,354.192479096968,489.429940360882,420.330437656186,547.249424829198,9186.31938993607,12693.8317905997,10901.6703558074,14193.4352057868,"age_band_separate_v1","posterior_median","conditional model uncertainty only; HIV imputation held fixed",TRUE,FALSE,FALSE
"COD","36-47",21880.1511805358,2593595.27151933,843.62241945785,"IHME 2-4 rate shared; deaths and person-time divided equally","Democratic Republic of the Congo",31.2906693790223,111560592,115257392,0.967925701459564,31.3291578219202,"estimated",FALSE,2015,2020,-0.799751234240462,0.0970292902286303,0.449440755682643,0.371604505123028,0.543580581192658,0,1,0.550559244317357,0.456419418807342,0.628395494876973,379.158297711956,464.464121745894,385.045654381796,530.128527764525,9833.83168103049,12046.3194995053,9986.52588523694,13749.3884290758,"age_band_separate_v1","posterior_median","conditional model uncertainty only; HIV imputation held fixed",TRUE,FALSE,FALSE
"COD","48-59",21880.1511805358,2593595.27151933,843.62241945785,"IHME 2-4 rate shared; deaths and person-time divided equally","Democratic Republic of the Congo",31.2906693790223,111560592,115257392,0.967925701459564,31.3291578219202,"estimated",FALSE,2015,2020,-0.673962006638161,0.111355625120891,0.509685195977463,0.409747148152853,0.633998308883107,0,1,0.490314804022537,0.366001691116893,0.590252851847147,429.981858192356,413.640561265494,308.767232185698,497.950538967186,11151.9891424679,10728.1620380679,8008.17233396938,12914.821633158,"age_band_separate_v1","posterior_median","conditional model uncertainty only; HIV imputation held fixed",TRUE,FALSE,FALSE
"COG","<1",3173.72103272524,12316.7347629701,25767.5519835576,"0-27 days mapped to model <1 completed month","Congo",19.1216915715156,4342394,4342394.5,0.999999884856155,19.1772059686948,"estimated",FALSE,2015,2020,-0.0253585039393486,0.0284441911721019,0.974960322251185,0.922094013037142,1.03085760944621,0,1,0.0250396777488149,-0.0308576094462145,0.077905986962858,25122.3407855135,645.211198044119,-795.125055493651,2007.44656889581,3094.25208080117,79.468951924076,-97.9334441190721,247.251869399241,"age_band_separate_v1","posterior_median","conditional model uncertainty only; HIV imputation held fixed",TRUE,FALSE,FALSE
"COG","1-5",1655.94024038965,67594.2926243618,2449.82257539423,"direct age match","Congo",19.1216915715156,4342394,4342394.5,0.999999884856155,19.1772059686948,"estimated",FALSE,2015,2020,-0.0787250451038953,0.0390958518164051,0.92429402867851,0.856114194790513,0.997903616888163,0,1,0.0757059713214902,0.00209638311183713,0.143885805209487,2264.35637775869,185.466197635535,5.13576667405381,352.494693880978,1530.57567604061,125.364564349041,3.47148515416439,238.266294867257,"age_band_separate_v1","posterior_median","conditional model uncertainty only; HIV imputation held fixed",TRUE,FALSE,FALSE
"COG","6-11",1360.8756101146,78817.8681496098,1726.60799139026,"direct age match","Congo",19.1216915715156,4342394,4342394.5,0.999999884856155,19.1772059686948,"estimated",FALSE,2015,2020,-0.249284545874252,0.0555446630760786,0.779358178676506,0.698968162471451,0.868994044767767,0,1,0.220641821323494,0.131005955232233,0.301031837528549,1345.64605945821,380.961931932047,226.195929223688,519.763976339687,1060.60953690419,300.266073210407,178.282809255311,409.666885560584,"age_band_separate_v1","posterior_median","conditional model uncertainty only; HIV imputation held fixed",TRUE,FALSE,FALSE
"COG","12-23",1074.30292778261,158922.627331693,675.99116992975,"direct age match","Congo",19.1216915715156,4342394,4342394.5,0.999999884856155,19.1772059686948,"estimated",FALSE,2015,2020,-0.559319504420145,0.0797624858261567,0.571597901378042,0.488873700547367,0.66832018268515,0,1,0.428402098621958,0.33167981731485,0.511126299452633,386.395134081933,289.596035847817,224.212627748751,345.516865148849,614.069298964824,460.233628817782,356.324598827743,549.104479968653,"age_band_separate_v1","posterior_median","conditional model uncertainty only; HIV imputation held fixed",TRUE,FALSE,FALSE
"COG","24-35",627.421999203426,155559.466880541,403.33257228584,"IHME 2-4 rate shared; deaths and person-time divided equally","Congo",19.1216915715156,4342394,4342394.5,0.999999884856155,19.1772059686948,"estimated",FALSE,2015,2020,-0.720306750415885,0.0876150639900077,0.486602967401357,0.409823327642889,0.577767130157446,0,1,0.513397032598643,0.422232869842554,0.590176672357111,196.262826523912,207.069745761928,170.30026949723,238.037475364891,305.305406625279,322.116592578147,264.918191326015,370.289827653524,"age_band_separate_v1","posterior_median","conditional model uncertainty only; HIV imputation held fixed",TRUE,FALSE,FALSE
"COG","36-47",627.421999203426,155559.466880541,403.33257228584,"IHME 2-4 rate shared; deaths and person-time divided equally","Congo",19.1216915715156,4342394,4342394.5,0.999999884856155,19.1772059686948,"estimated",FALSE,2015,2020,-0.65431736873497,0.0933944651713797,0.519796771033105,0.432848647126885,0.624210529407614,0,1,0.480203228966895,0.375789470592386,0.567151352873115,209.650968726656,193.681603559184,151.568133811961,228.750614029707,326.131929261076,301.29006994235,235.778580918672,355.843235670577,"age_band_separate_v1","posterior_median","conditional model uncertainty only; HIV imputation held fixed",TRUE,FALSE,FALSE
"COG","48-59",627.421999203426,155559.466880541,403.33257228584,"IHME 2-4 rate shared; deaths and person-time divided equally","Congo",19.1216915715156,4342394,4342394.5,0.999999884856155,19.1772059686948,"estimated",FALSE,2015,2020,-0.616028756156759,0.108332070977247,0.540084993652325,0.436766866005668,0.667843243321133,0,1,0.459915006347675,0.332156756678867,0.563233133994332,217.833869742774,185.498702543066,133.969639073409,227.170268730549,338.861206457112,288.560792746315,208.402456324381,353.384858948335,"age_band_separate_v1","posterior_median","conditional model uncertainty only; HIV imputation held fixed",TRUE,FALSE,FALSE
"COM","<1",477.341345851476,1593.45764307612,29956.324721,"0-27 days mapped to model <1 completed month","Comoros",0.242446595277091,862191.125,881698.6875,0.977875023773357,0.242446595802903,"estimated",FALSE,2015,2020,-0.000322937692164458,0.000433538312416998,0.999677114446599,0.99882803012332,1.00052692055998,0,1,0.000322885553400654,-0.000526920559982935,0.00117196987667989,29946.6522565146,9.67246448538977,-15.78460339702,35.1079101890531,477.18721922686,0.154126624616267,-0.251520969259068,0.559429678231767,"age_band_separate_v1","posterior_median","conditional model uncertainty only; HIV imputation held fixed",TRUE,TRUE,FALSE
"COM","1-5",209.912335581845,8752.29582632078,2398.36883655801,"direct age match","Comoros",0.242446595277091,862191.125,881698.6875,0.977875023773357,0.242446595802903,"estimated",FALSE,2015,2020,-0.00102982827688127,0.00058701594545934,0.998970701814275,0.997822016866403,1.00012070911933,0,1,0.00102929818572461,-0.000120709119329376,0.00217798313359729,2395.90019986584,2.46863669216761,-0.289504990087938,5.22360687416871,209.696273195669,0.216062386175609,-0.025338333164457,0.457185526431273,"age_band_separate_v1","posterior_median","conditional model uncertainty only; HIV imputation held fixed",TRUE,TRUE,FALSE
"COM","6-11",155.931556493097,10217.4812925701,1526.12519688669,"direct age match","Comoros",0.242446595277091,862191.125,881698.6875,0.977875023773357,0.242446595802903,"estimated",FALSE,2015,2020,-0.00338038936276193,0.000879717200007901,0.996625317720827,0.994908402956374,0.998345195367391,0,1,0.0033746822791727,0.00165480463260903,0.00509159704362605,1520.97500922896,5.15018765773246,2.52543904574946,7.77041454067149,155.405337032636,0.526219460461071,0.258036262054713,0.79394065204826,"age_band_separate_v1","posterior_median","conditional model uncertainty only; HIV imputation held fixed",TRUE,TRUE,FALSE
"COM","12-23",110.467320149619,20253.4702641486,545.42416044702,"direct age match","Comoros",0.242446595277091,862191.125,881698.6875,0.977875023773357,0.242446595802903,"estimated",FALSE,2015,2020,-0.00859744303950534,0.00135866277996848,0.991439409286357,0.98880278755308,0.994083061515756,0,1,0.00856059071364335,0.00591693848424368,0.01119721244692,540.7550074441,4.66915300291948,3.22724120518527,6.10723019820824,109.521654634585,0.945665515033896,0.653628337844549,1.23692605215721,"age_band_separate_v1","posterior_median","conditional model uncertainty only; HIV imputation held fixed",TRUE,TRUE,FALSE
"COM","24-35",45.9484046259848,20169.5013651378,227.81130675548,"IHME 2-4 rate shared; deaths and person-time divided equally","Comoros",0.242446595277091,862191.125,881698.6875,0.977875023773357,0.242446595802903,"estimated",FALSE,2015,2020,-0.0109237079100063,0.00149877908793973,0.989135739129644,0.986234363997016,0.992045649736158,0,1,0.0108642608703563,0.00795435026384184,0.013765636002984,225.336305289672,2.4750014658083,1.81209092799661,3.13596752616006,45.4492091715514,0.499195454433385,0.365489704459814,0.632509012999132,"age_band_separate_v1","posterior_median","conditional model uncertainty only; HIV imputation held fixed",TRUE,TRUE,FALSE
"COM","36-47",45.9484046259848,20169.5013651378,227.81130675548,"IHME 2-4 rate shared; deaths and person-time divided equally","Comoros",0.242446595277091,862191.125,881698.6875,0.977875023773357,0.242446595802903,"estimated",FALSE,2015,2020,-0.00983209504390779,0.00160060723880796,0.990216081979593,0.98711451044993,0.993327398828418,0,1,0.0097839180204069,0.00667260117158175,0.0128854895500702,225.582419606063,2.22888714941738,1.52009399235618,2.93546021258557,45.4988492019557,0.449555424029121,0.306595378539659,0.592067687650524,"age_band_separate_v1","posterior_median","conditional model uncertainty only; HIV imputation held fixed",TRUE,TRUE,FALSE
"COM","48-59",45.9484046259848,20169.5013651378,227.81130675548,"IHME 2-4 rate shared; deaths and person-time divided equally","Comoros",0.242446595277091,862191.125,881698.6875,0.977875023773357,0.242446595802903,"estimated",FALSE,2015,2020,-0.00977499193867559,0.00186893527592077,0.990272628007187,0.986651849573639,0.993906693839395,0,1,0.00972737199281348,0.00609330616060455,0.0133481504263614,225.5953014305,2.2160053249795,1.38812403890854,3.04085959139811,45.5014474017116,0.446957224273266,0.279977696977464,0.613326216798965,"age_band_separate_v1","posterior_median","conditional model uncertainty only; HIV imputation held fixed",TRUE,TRUE,FALSE
"CPV","<1",135.865986263237,768.071345209365,17689.2403434477,"0-27 days mapped to model <1 completed month","Cape Verde",,0,0,,,"missing_MAP_no_estimate",,2015,2020,,,,,,,,,,,,,,,,,,,"age_band_separate_v1","posterior_median","conditional model uncertainty only; HIV imputation held fixed",TRUE,,
"CPV","1-5",56.4020906173778,4257.95387975253,1324.62896992806,"direct age match","Cape Verde",,0,0,,,"missing_MAP_no_estimate",,2015,2020,,,,,,,,,,,,,,,,,,,"age_band_separate_v1","posterior_median","conditional model uncertainty only; HIV imputation held fixed",TRUE,,
"CPV","6-11",45.9950246850158,5038.25122887589,912.91645842119,"direct age match","Cape Verde",,0,0,,,"missing_MAP_no_estimate",,2015,2020,,,,,,,,,,,,,,,,,,,"age_band_separate_v1","posterior_median","conditional model uncertainty only; HIV imputation held fixed",TRUE,,
"CPV","12-23",27.6508396172725,10144.5347573373,272.56882921391,"direct age match","Cape Verde",,0,0,,,"missing_MAP_no_estimate",,2015,2020,,,,,,,,,,,,,,,,,,,"age_band_separate_v1","posterior_median","conditional model uncertainty only; HIV imputation held fixed",TRUE,,
"CPV","24-35",10.5868009095838,10314.7767555719,102.63722774092,"IHME 2-4 rate shared; deaths and person-time divided equally","Cape Verde",,0,0,,,"missing_MAP_no_estimate",,2015,2020,,,,,,,,,,,,,,,,,,,"age_band_separate_v1","posterior_median","conditional model uncertainty only; HIV imputation held fixed",TRUE,,
"CPV","36-47",10.5868009095838,10314.7767555719,102.63722774092,"IHME 2-4 rate shared; deaths and person-time divided equally","Cape Verde",,0,0,,,"missing_MAP_no_estimate",,2015,2020,,,,,,,,,,,,,,,,,,,"age_band_separate_v1","posterior_median","conditional model uncertainty only; HIV imputation held fixed",TRUE,,
"CPV","48-59",10.5868009095838,10314.7767555719,102.63722774092,"IHME 2-4 rate shared; deaths and person-time divided equally","Cape Verde",,0,0,,,"missing_MAP_no_estimate",,2015,2020,,,,,,,,,,,,,,,,,,,"age_band_separate_v1","posterior_median","conditional model uncertainty only; HIV imputation held fixed",TRUE,,
"DJI","<1",846.744873337254,2622.94962993339,32282.1629387811,"0-27 days mapped to model <1 completed month","Djibouti",0.446388006068223,1051337.375,1167835.5,0.900244405140964,0.478229495984522,"estimated",TRUE,2015,2020,-0.000594585734028915,0.000798171361784368,0.99940559099704,0.997843356048964,1.00097027179798,0,1,0.000594409002960372,-0.000970271797982036,0.00215664395103587,32262.9741304953,19.1888082858452,-31.3224722773602,69.6211314282768,846.241560561332,0.503312775922204,-0.821572670685009,1.82612720915343,"age_band_separate_v1","posterior_median","conditional model uncertainty only; HIV imputation held fixed",TRUE,TRUE,FALSE
"DJI","1-5",538.360046131075,14320.1127360002,3759.46793196437,"direct age match","Djibouti",0.446388006068223,1051337.375,1167835.5,0.900244405140964,0.478229495984522,"estimated",TRUE,2015,2020,-0.0018960791597593,0.00108073840911674,0.998105717262765,0.995993758963238,1.00022215387134,0,1,0.00189428273723513,-0.00022215387133584,0.00400624103676162,3752.34643675966,7.12149520470916,-0.835180355248827,15.061334705425,537.340239989272,1.0198061418032,-0.119598768420559,2.15680010936319,"age_band_separate_v1","posterior_median","conditional model uncertainty only; HIV imputation held fixed",TRUE,TRUE,FALSE
"DJI","6-11",239.281183316647,16553.4678475028,1445.50486653915,"direct age match","Djibouti",0.446388006068223,1051337.375,1167835.5,0.900244405140964,0.478229495984522,"estimated",TRUE,2015,2020,-0.00622376320684038,0.00161959689276894,0.993795564290012,0.990645909471673,0.996955233105663,0,1,0.00620443570998819,0.00304476689433719,0.00935409052832725,1436.53632452623,8.96854201291721,4.40122536324171,13.5213833807448,237.796578598149,1.48460471849803,0.728555425400354,2.23825785046918,"age_band_separate_v1","posterior_median","conditional model uncertainty only; HIV imputation held fixed",TRUE,TRUE,FALSE
"DJI","12-23",132.524084062323,32297.4944155388,410.32311162368,"direct age match","Djibouti",0.446388006068223,1051337.375,1167835.5,0.900244405140964,0.478229495984522,"estimated",TRUE,2015,2020,-0.0158284552156013,0.00250130542866181,0.984296156445312,0.979482484568574,0.989133485138075,0,1,0.0157038435546881,0.0108665148619252,0.0205175154314262,403.879461671869,6.4436499518111,4.45878219065013,8.41881077460967,130.44294657898,2.08113748334306,1.44007492902626,2.71906493978434,"age_band_separate_v1","posterior_median","conditional model uncertainty only; HIV imputation held fixed",TRUE,TRUE,FALSE
"DJI","24-35",72.9745764655798,30120.7546524101,242.27340021091,"IHME 2-4 rate shared; deaths and person-time divided equally","Djibouti",0.446388006068223,1051337.375,1167835.5,0.900244405140964,0.478229495984522,"estimated",TRUE,2015,2020,-0.0201113416198746,0.00275925766144795,0.980089542474185,0.974803480013657,0.985404269641917,0,1,0.0199104575258151,0.0145957303580826,0.025196519986343,237.449625966376,4.82377424453413,3.53615722241427,6.10444657057346,71.5216192603975,1.45295720518227,1.06511724108688,1.8387053744099,"age_band_separate_v1","posterior_median","conditional model uncertainty only; HIV imputation held fixed",TRUE,TRUE,FALSE
"DJI","36-47",72.9745764655798,30120.7546524101,242.27340021091,"IHME 2-4 rate shared; deaths and person-time divided equally","Djibouti",0.446388006068223,1051337.375,1167835.5,0.900244405140964,0.478229495984522,"estimated",TRUE,2015,2020,-0.0181016528744966,0.00294672158393076,0.982061197940457,0.976405682090277,0.987749471547087,0,1,0.0179388020595433,0.0122505284529129,0.0235943179097226,237.927305640234,4.34609457067604,2.9679771826677,5.71627562564565,71.6654999829847,1.30907648259505,0.89397712533085,1.72178535645625,"age_band_separate_v1","posterior_median","conditional model uncertainty only; HIV imputation held fixed",TRUE,TRUE,FALSE
"DJI","48-59",72.9745764655798,30120.7546524101,242.27340021091,"IHME 2-4 rate shared; deaths and person-time divided equally","Djibouti",0.446388006068223,1051337.375,1167835.5,0.900244405140964,0.478229495984522,"estimated",TRUE,2015,2020,-0.0179962336713466,0.00344070777042456,0.982164731506505,0.975563626073712,0.988810503009015,0,1,0.0178352684934947,0.0111894969909854,0.0244363739262878,237.952389069316,4.32101114159348,2.71091748265577,5.92028339994698,71.6730553011171,1.30152116446268,0.816548803780037,1.78323403762539,"age_band_separate_v1","posterior_median","conditional model uncertainty only; HIV imputation held fixed",TRUE,TRUE,FALSE
"ERI","<1",3652.18464449589,14835.0016161026,24618.7006850854,"0-27 days mapped to model <1 completed month","Eritrea",0.437883754324056,3949344.75,4194347,0.941587510523092,0.422836703533726,"estimated",TRUE,2015,2020,-0.00058325817928686,0.000782967921272044,0.9994169118827,0.997884393949802,1.00095178340608,0,1,0.000583088117300012,-0.000951783406083484,0.00211560605019834,24604.3458132526,14.354871832839,-23.4316707914004,52.0834721173887,3650.0550990275,2.12954546839112,-3.4760887405841,7.72658393033697,"age_band_separate_v1","posterior_median","conditional model uncertainty only; HIV imputation held fixed",TRUE,TRUE,FALSE
"ERI","1-5",1985.96818285917,81178.5372026694,2446.42026241619,"direct age match","Eritrea",0.437883754324056,3949344.75,4194347,0.941587510523092,0.422836703533726,"estimated",TRUE,2015,2020,-0.00185995758553862,0.0010601524069236,0.998141771063667,0.996069924917652,1.00021792669273,0,1,0.00185822893633281,-0.000217926692727355,0.00393007508234833,2441.87425349414,4.54600892205266,-0.533140276809548,9.61461531427393,1982.27779931514,3.69038354402519,-0.432795477952254,7.80500406979141,"age_band_separate_v1","posterior_median","conditional model uncertainty only; HIV imputation held fixed",TRUE,TRUE,FALSE
"ERI","6-11",1517.64755931861,94138.1479526728,1612.14937018051,"direct age match","Eritrea",0.437883754324056,3949344.75,4194347,0.941587510523092,0.422836703533726,"estimated",TRUE,2015,2020,-0.00610520043160901,0.00158874802750607,0.99391339843536,0.990823276167711,0.997013157997428,0,1,0.0060866015646398,0.00298684200257249,0.00917672383228862,1602.33685930154,9.81251087897377,4.81523545327593,14.7942495465446,1508.41024330949,9.23731600912044,4.53297347527445,13.9270325266138,"age_band_separate_v1","posterior_median","conditional model uncertainty only; HIV imputation held fixed",TRUE,TRUE,FALSE
"ERI","12-23",1870.85310835859,184736.779363265,1012.7128527448,"direct age match","Eritrea",0.437883754324056,3949344.75,4194347,0.941587510523092,0.422836703533726,"estimated",TRUE,2015,2020,-0.0155269562299057,0.00245366514973062,0.984592965479667,0.979869331360889,0.989339370715547,0,1,0.0154070345203328,0.0106606292844532,0.0201306686391112,997.109950863376,15.6029018814238,10.7961562947134,20.3865868651746,1842.02880993563,28.8242984229526,19.9444714338779,37.6615239968178,"age_band_separate_v1","posterior_median","conditional model uncertainty only; HIV imputation held fixed",TRUE,TRUE,FALSE
"ERI","24-35",1227.08458338539,175078.765533389,700.87573421425,"IHME 2-4 rate shared; deaths and person-time divided equally","Eritrea",0.437883754324056,3949344.75,4194347,0.941587510523092,0.422836703533726,"estimated",TRUE,2015,2020,-0.0197282582981512,0.00270670452232104,0.980465070356344,0.975277433111821,0.985680301369847,0,1,0.0195349296436559,0.0143196986301529,0.0247225668881788,687.184176057429,13.691558156821,10.0363292911352,17.3274472194132,1203.11357238214,23.9710110032483,17.5714814277855,30.3366806901982,"age_band_separate_v1","posterior_median","conditional model uncertainty only; HIV imputation held fixed",TRUE,TRUE,FALSE
"ERI","36-47",1227.08458338539,175078.765533389,700.87573421425,"IHME 2-4 rate shared; deaths and person-time divided equally","Eritrea",0.437883754324056,3949344.75,4194347,0.941587510523092,0.422836703533726,"estimated",TRUE,2015,2020,-0.0177568476808327,0.00289059809576998,0.982399876127646,0.976849857479716,0.987981427468913,0,1,0.0176001238723542,0.012018572531087,0.0231501425202842,688.540234472952,12.335499741298,8.42352584693279,16.2253731360687,1205.48774271595,21.596840669439,14.7478050671959,28.4071829898153,"age_band_separate_v1","posterior_median","conditional model uncertainty only; HIV imputation held fixed",TRUE,TRUE,FALSE
"ERI","48-59",1227.08458338539,175078.765533389,700.87573421425,"IHME 2-4 rate shared; deaths and person-time divided equally","Eritrea",0.437883754324056,3949344.75,4194347,0.941587510523092,0.422836703533726,"estimated",TRUE,2015,2020,-0.0176534519098823,0.00337517612177153,0.982501457371665,0.976023440892043,0.989022469434949,0,1,0.0174985426283354,0.0109775305650507,0.0239765591079567,688.611430301936,12.2643039123139,7.69388479463927,16.8045884687205,1205.61239149444,21.4721918909424,13.4703585200156,29.4212660440021,"age_band_separate_v1","posterior_median","conditional model uncertainty only; HIV imputation held fixed",TRUE,TRUE,FALSE
"ETH","<1",104539.296262525,242513.155908318,43106.6495633938,"0-27 days mapped to model <1 completed month","Ethiopia",4.44168903034584,85707424,103563128,0.827586281480413,4.43383097177406,"estimated",TRUE,2015,2020,-0.00591492600261383,0.00786695074612817,0.994102532732858,0.978892091089255,1.00954932068787,0,1,0.00589746726714224,-0.00954932068786629,0.0211079089107447,42852.4295085975,254.220054796286,-411.639220460318,909.891232431506,103922.779184687,616.517077838328,-998.279264494716,2206.60594310273,"age_band_separate_v1","posterior_median","conditional model uncertainty only; HIV imputation held fixed",TRUE,FALSE,FALSE
"ETH","1-5",39991.1041213342,1321047.90688207,3027.22587977305,"direct age match","Ethiopia",4.44168903034584,85707424,103563128,0.827586281480413,4.43383097177406,"estimated",TRUE,2015,2020,-0.0188357807618134,0.010659434406842,0.981340504001124,0.961050916778906,1.00205844246099,0,1,0.0186594959988758,-0.00205844246099351,0.038949083221094,2970.73937058173,56.4865091913186,-6.2313702899433,117.90767272033,39244.8902739916,746.213847342663,-82.3193867853671,1557.61684252528,"age_band_separate_v1","posterior_median","conditional model uncertainty only; HIV imputation held fixed",TRUE,FALSE,FALSE
"ETH","6-11",23181.7931401001,1527615.84413481,1517.51457862297,"direct age match","Ethiopia",4.44168903034584,85707424,103563128,0.827586281480413,4.43383097177406,"estimated",TRUE,2015,2020,-0.0617148735613261,0.0159366265436507,0.940150910459872,0.911238981265629,0.96998016174735,0,1,0.0598490895401285,0.0300198382526503,0.0887610187343706,1426.69271272851,90.8218658944565,45.5555421963004,134.696139942834,21794.3839267576,1387.40921334259,695.913680472205,2057.63957520473,"age_band_separate_v1","posterior_median","conditional model uncertainty only; HIV imputation held fixed",TRUE,FALSE,FALSE
"ETH","12-23",20351.9612561001,3005131.81874071,677.24021719049,"direct age match","Ethiopia",4.44168903034584,85707424,103563128,0.827586281480413,4.43383097177406,"estimated",TRUE,2015,2020,-0.156035167051137,0.0245377067975856,0.855529103406258,0.815357844876595,0.897679529760204,0,1,0.144470896593742,0.102320470239796,0.184642155123405,579.398715803639,97.8415013868508,69.2955374882323,125.047093238295,17411.6951659902,2940.26609010989,2082.42224602627,3757.82998731438,"age_band_separate_v1","posterior_median","conditional model uncertainty only; HIV imputation held fixed",TRUE,FALSE,FALSE
"ETH","24-35",11405.5087643043,2895975.2539119,393.83999393288,"IHME 2-4 rate shared; deaths and person-time divided equally","Ethiopia",4.44168903034584,85707424,103563128,0.827586281480413,4.43383097177406,"estimated",TRUE,2015,2020,-0.198374225007556,0.0270642858994272,0.820062907660261,0.777696253550882,0.864737575177481,0,1,0.179937092339739,0.135262424822519,0.222303746449118,322.973570577497,70.866423355383,53.2717525714477,87.552106152777,9353.23468060001,2052.27408370434,1542.7367717943,2535.4873284631,"age_band_separate_v1","posterior_median","conditional model uncertainty only; HIV imputation held fixed",TRUE,FALSE,FALSE
"ETH","36-47",11405.5087643043,2895975.2539119,393.83999393288,"IHME 2-4 rate shared; deaths and person-time divided equally","Ethiopia",4.44168903034584,85707424,103563128,0.827586281480413,4.43383097177406,"estimated",TRUE,2015,2020,-0.178624850445959,0.0289000181636167,0.83641962299528,0.790359127377694,0.88516442905232,0,1,0.16358037700472,0.11483557094768,0.209640872622306,329.415499245803,64.4244946870772,45.2268405653133,82.5649600016526,9539.7913407088,1865.71742359554,1309.75811089766,2391.06081005012,"age_band_separate_v1","posterior_median","conditional model uncertainty only; HIV imputation held fixed",TRUE,FALSE,FALSE
"ETH","48-59",11405.5087643043,2895975.2539119,393.83999393288,"IHME 2-4 rate shared; deaths and person-time divided equally","Ethiopia",4.44168903034584,85707424,103563128,0.827586281480413,4.43383097177406,"estimated",TRUE,2015,2020,-0.177159829360601,0.0337354527438827,0.837645893415859,0.784051868718235,0.894903348554617,0,1,0.162354106584141,0.105096651445383,0.215948131281765,329.898453580804,63.9415403520761,41.3912645676156,85.0490107138273,9553.77757873813,1851.73118556622,1198.68077915935,2462.99830396932,"age_band_separate_v1","posterior_median","conditional model uncertainty only; HIV imputation held fixed",TRUE,FALSE,FALSE
"GAB","<1",907.333998495165,3839.99078081599,23628.546272248,"0-27 days mapped to model <1 completed month","Gabon",16.5336880312919,3021232.5,3023394.5,0.999284909726468,16.5003041219266,"estimated",FALSE,2015,2020,-0.0219507485730733,0.0257824021770904,0.978288415965143,0.930081252589803,1.02899421114736,0,1,0.021711584034857,-0.0289942111473558,0.0699187474101971,23115.5331042366,513.013168011419,-685.091059722626,1652.07835847946,887.634340139155,19.6996583560106,-26.3074335335434,63.4396566574676,"age_band_separate_v1","posterior_median","conditional model uncertainty only; HIV imputation held fixed",TRUE,FALSE,FALSE
"GAB","1-5",356.21716428625,21046.5447296466,1692.5208810379,"direct age match","Gabon",16.5336880312919,3021232.5,3023394.5,0.999284909726468,16.5003041219266,"estimated",FALSE,2015,2020,-0.0686157422884162,0.0352910070056639,0.933685386965979,0.871286133150607,1.00055351355296,0,1,0.0663146130340209,-0.000553513552957963,0.128713866849393,1580.28201375987,112.238867278028,-0.936833246318829,217.850907321729,332.594760880531,23.6224034057189,-0.197171028228693,45.8500886534087,"age_band_separate_v1","posterior_median","conditional model uncertainty only; HIV imputation held fixed",TRUE,FALSE,FALSE
"GAB","6-11",352.659551859875,24448.4732766831,1442.46042633759,"direct age match","Gabon",16.5336880312919,3021232.5,3023394.5,0.999284909726468,16.5003041219266,"estimated",FALSE,2015,2020,-0.219331151048444,0.0509135484662527,0.803055741366098,0.726788422235581,0.887326358003012,0,1,0.196944258633902,0.112673641996988,0.273211577764419,1158.37612706379,284.084299273798,162.527269671984,394.096888942429,283.205277868668,69.4542739912071,39.7354360930777,96.3506725773294,"age_band_separate_v1","posterior_median","conditional model uncertainty only; HIV imputation held fixed",TRUE,FALSE,FALSE
"GAB","12-23",266.58378799303,47981.0480607099,555.60226124224,"direct age match","Gabon",16.5336880312919,3021232.5,3023394.5,0.999284909726468,16.5003041219266,"estimated",FALSE,2015,2020,-0.509565417988957,0.0747191308051112,0.600756600101999,0.518916537235672,0.69550393303847,0,1,0.399243399898001,0.30449606696153,0.481083462764328,333.781725472871,221.820535769369,169.178703343195,267.291059758108,160.151970117005,106.431817876025,81.1737149595841,128.249051844519,"age_band_separate_v1","posterior_median","conditional model uncertainty only; HIV imputation held fixed",TRUE,FALSE,FALSE
"GAB","24-35",117.631381421577,45427.3307142357,258.94407523424,"IHME 2-4 rate shared; deaths and person-time divided equally","Gabon",16.5336880312919,3021232.5,3023394.5,0.999284909726468,16.5003041219266,"estimated",FALSE,2015,2020,-0.653676748002945,0.0821944933561103,0.520129870304827,0.442738934757936,0.611048771057889,0,1,0.479870129695173,0.388951228942111,0.557261065242064,134.684548267789,124.259526966451,100.716616289636,144.299451203154,61.1835951625827,56.4477862589948,45.7528703660808,65.5513889168837,"age_band_separate_v1","posterior_median","conditional model uncertainty only; HIV imputation held fixed",TRUE,FALSE,FALSE
"GAB","36-47",117.631381421577,45427.3307142357,258.94407523424,"IHME 2-4 rate shared; deaths and person-time divided equally","Gabon",16.5336880312919,3021232.5,3023394.5,0.999284909726468,16.5003041219266,"estimated",FALSE,2015,2020,-0.592226025527477,0.0876514450120238,0.553094710428016,0.465790321050433,0.656762806950487,0,1,0.446905289571984,0.343237193049513,0.534209678949567,143.220598308732,115.723476925508,88.8792375402025,138.330431296776,65.0612948446149,52.5700865769626,40.3754651736789,62.8398225036149,"age_band_separate_v1","posterior_median","conditional model uncertainty only; HIV imputation held fixed",TRUE,FALSE,FALSE
"GAB","48-59",117.631381421577,45427.3307142357,258.94407523424,"IHME 2-4 rate shared; deaths and person-time divided equally","Gabon",16.5336880312919,3021232.5,3023394.5,0.999284909726468,16.5003041219266,"estimated",FALSE,2015,2020,-0.566500522817544,0.10187096391053,0.567507948919797,0.464792623818192,0.692922511208211,0,1,0.432492051080203,0.307077488791789,0.535207376181808,146.952821021117,111.991254213123,79.5158963604425,138.588779083942,66.7567439991618,50.8746374224157,36.1219492100471,62.957183007284,"age_band_separate_v1","posterior_median","conditional model uncertainty only; HIV imputation held fixed",TRUE,FALSE,FALSE
"GHA","<1",20440.8345619464,68271.2021909895,29940.6395463243,"0-27 days mapped to model <1 completed month","Ghana",27.1359006682193,33547370,33556420,0.999730304961018,26.9834320717789,"estimated",FALSE,2015,2020,-0.0352925705068709,0.0341202666566972,0.96532294991417,0.902878700273039,1.03208592399975,0,1,0.0346770500858298,-0.0320859239997529,0.0971212997269608,28902.3864891746,1038.25305714966,-960.673084987355,2907.87382739546,19732.0067180456,708.827843900776,-655.863064246134,1985.24042016002,"age_band_separate_v1","posterior_median","conditional model uncertainty only; HIV imputation held fixed",TRUE,FALSE,FALSE
"GHA","1-5",7266.25220902883,372729.939732828,1949.46835079502,"direct age match","Ghana",27.1359006682193,33547370,33556420,0.999730304961018,26.9834320717789,"estimated",FALSE,2015,2020,-0.108088943049115,0.0476392988246489,0.897547762245439,0.817536071525328,0.985390141879308,0,1,0.102452237754561,0.0146098581206922,0.182463928474672,1749.74095582438,199.727394970644,28.481456015895,355.707653723099,6521.8084101248,744.443798904027,106.158913843077,1325.82892334716,"age_band_separate_v1","posterior_median","conditional model uncertainty only; HIV imputation held fixed",TRUE,FALSE,FALSE
"GHA","6-11",4344.4091625123,431513.537038889,1006.78398001701,"direct age match","Ghana",27.1359006682193,33547370,33556420,0.999730304961018,26.9834320717789,"estimated",FALSE,2015,2020,-0.33045713003581,0.0636626487006813,0.718595166904454,0.634299760039734,0.814093030503578,0,1,0.281404833095546,0.185906969496422,0.365700239960266,723.470102157053,283.313877859957,187.168158662509,368.181143080372,3121.87142723677,1222.53773527554,807.655941655151,1588.75147321633,"age_band_separate_v1","posterior_median","conditional model uncertainty only; HIV imputation held fixed",TRUE,FALSE,FALSE
"GHA","12-23",4576.8502592748,839444.885953861,545.22343704246,"direct age match","Ghana",27.1359006682193,33547370,33556420,0.999730304961018,26.9834320717789,"estimated",FALSE,2015,2020,-0.644217827003201,0.0839867883484805,0.525073079514167,0.445379341408715,0.619026778292992,0,1,0.474926920485833,0.380973221707008,0.554620658591285,286.282149111183,258.941287931277,207.715529360234,302.392181731893,2403.18086011263,2173.66939916217,1743.65738854648,2538.41570507268,"age_band_separate_v1","posterior_median","conditional model uncertainty only; HIV imputation held fixed",TRUE,FALSE,FALSE
"GHA","24-35",2995.57401745012,784526.251134315,381.83222207274,"IHME 2-4 rate shared; deaths and person-time divided equally","Ghana",27.1359006682193,33547370,33556420,0.999730304961018,26.9834320717789,"estimated",FALSE,2015,2020,-0.842174286620274,0.0915438119784301,0.430772880735532,0.360019579645961,0.515431063387362,0,1,0.569227119264468,0.484568936612638,0.639980420354039,164.482966259924,217.349255812816,185.024033814228,244.365145986829,1290.4120489535,1705.16196849662,1451.56211618025,1917.10871888937,"age_band_separate_v1","posterior_median","conditional model uncertainty only; HIV imputation held fixed",TRUE,FALSE,FALSE
"GHA","36-47",2995.57401745012,784526.251134315,381.83222207274,"IHME 2-4 rate shared; deaths and person-time divided equally","Ghana",27.1359006682193,33547370,33556420,0.999730304961018,26.9834320717789,"estimated",FALSE,2015,2020,-0.772826964429467,0.0975824526317838,0.461705995231766,0.381331937121891,0.559020646531412,0,1,0.538294004768234,0.440979353468588,0.618668062878109,176.294226103651,205.537995969089,168.380126423111,236.227401174186,1383.07448301723,1612.49953443289,1320.98629348245,1853.26597458386,"age_band_separate_v1","posterior_median","conditional model uncertainty only; HIV imputation held fixed",TRUE,FALSE,FALSE
"GHA","48-59",2995.57401745012,784526.251134315,381.83222207274,"IHME 2-4 rate shared; deaths and person-time divided equally","Ghana",27.1359006682193,33547370,33556420,0.999730304961018,26.9834320717789,"estimated",FALSE,2015,2020,-0.678831293662328,0.112332293677737,0.507209424977782,0.406977025485468,0.632127576438533,0,1,0.492790575022218,0.367872423561467,0.593022974514532,193.668901795503,188.163320277237,140.465544927759,226.43528009907,1519.38337486926,1476.19064258086,1101.98907375714,1776.44421420672,"age_band_separate_v1","posterior_median","conditional model uncertainty only; HIV imputation held fixed",TRUE,FALSE,FALSE
"GIN","<1",14053.6006086753,34891.6356412684,40277.8498353149,"0-27 days mapped to model <1 completed month","Guinea",37.0047253732389,12444308,12482567,0.996935005435981,37.0960141294297,"estimated",FALSE,2015,2020,-0.0425779228267124,0.0385860413944971,0.958315787936361,0.888513733758624,1.03360152411282,0,1,0.0416842120636387,-0.0336015241128236,0.111486266241376,38598.8994013122,1678.95043400266,-1353.39714245402,4490.42709037009,13467.7873406456,585.813268029703,-472.222399724395,1566.78345910874,"age_band_separate_v1","posterior_median","conditional model uncertainty only; HIV imputation held fixed",TRUE,FALSE,FALSE
"GIN","1-5",7119.3785008416,188710.533788862,3772.64499119435,"direct age match","Guinea",37.0047253732389,12444308,12482567,0.996935005435981,37.0960141294297,"estimated",FALSE,2015,2020,-0.138708713427677,0.0547082974989,0.870481551119882,0.78197304668855,0.96900799081106,0,1,0.129518448880118,0.03099200918894,0.21802695331145,3284.01786375951,488.62712743484,116.921848233704,822.538293355806,6197.28764042214,922.090860419467,220.643843917625,1552.21640400953,"age_band_separate_v1","posterior_median","conditional model uncertainty only; HIV imputation held fixed",TRUE,FALSE,FALSE
"GIN","6-11",6017.96303433982,215999.0687977,2786.10600862178,"direct age match","Guinea",37.0047253732389,12444308,12482567,0.996935005435981,37.0960141294297,"estimated",FALSE,2015,2020,-0.408266310228252,0.0684626444694246,0.664801811723836,0.581321901820251,0.760269736074649,0,1,0.335198188276164,0.239730263925351,0.418678098179749,1852.20832218643,933.897686435354,667.913928770905,1166.48156501694,4000.75272811619,2017.21030622363,1442.68786651529,2519.58931813343,"age_band_separate_v1","posterior_median","conditional model uncertainty only; HIV imputation held fixed",TRUE,FALSE,FALSE
"GIN","12-23",7138.08964818967,423904.617361874,1683.89051589313,"direct age match","Guinea",37.0047253732389,12444308,12482567,0.996935005435981,37.0960141294297,"estimated",FALSE,2015,2020,-0.668465708058378,0.0837192906056167,0.512494290736289,0.434937688728312,0.603880520920685,0,1,0.487505709263711,0.396119479079315,0.565062311271688,862.984275620213,820.906240272917,667.021833982186,951.503066839047,3658.23019146101,3479.85945672866,2827.53635306234,4033.46543467056,"age_band_separate_v1","posterior_median","conditional model uncertainty only; HIV imputation held fixed",TRUE,FALSE,FALSE
"GIN","24-35",3863.11586255703,399589.593037074,966.77088940067,"IHME 2-4 rate shared; deaths and person-time divided equally","Guinea",37.0047253732389,12444308,12482567,0.996935005435981,37.0960141294297,"estimated",FALSE,2015,2020,-0.879518874885396,0.0904069408805325,0.41498252217246,0.347596406747794,0.495432318532473,0,1,0.58501747782754,0.504567681467527,0.652403593252206,401.193022046402,565.577867354268,487.801346175195,630.724802096628,1603.12556408835,2259.99029846868,1949.20341401083,2520.3106698818,"age_band_separate_v1","posterior_median","conditional model uncertainty only; HIV imputation held fixed",TRUE,FALSE,FALSE
"GIN","36-47",3863.11586255703,399589.593037074,966.77088940067,"IHME 2-4 rate shared; deaths and person-time divided equally","Guinea",37.0047253732389,12444308,12482567,0.996935005435981,37.0960141294297,"estimated",FALSE,2015,2020,-0.811664636080558,0.0965292901610747,0.444118155447125,0.367563727114042,0.536616976725125,0,1,0.555881844552875,0.463383023274875,0.632436272885958,429.360504140602,537.410385260068,447.985217544622,611.420978027202,1715.67989115736,2147.43597139968,1790.1023076528,2443.17459784219,"age_band_separate_v1","posterior_median","conditional model uncertainty only; HIV imputation held fixed",TRUE,FALSE,FALSE
"GIN","48-59",3863.11586255703,399589.593037074,966.77088940067,"IHME 2-4 rate shared; deaths and person-time divided equally","Guinea",37.0047253732389,12444308,12482567,0.996935005435981,37.0960141294297,"estimated",FALSE,2015,2020,-0.648811936381239,0.110465431979221,0.522666368934208,0.420916751567635,0.649012262395012,0,1,0.477333631065792,0.350987737604988,0.579083248432365,505.298630354343,461.472259046327,339.324727253104,559.840827123986,2019.12074065483,1843.99512190221,1355.90629670484,2237.06568276012,"age_band_separate_v1","posterior_median","conditional model uncertainty only; HIV imputation held fixed",TRUE,FALSE,FALSE
"GMB","<1",2078.72799862816,5635.2489113961,36887.9535103476,"0-27 days mapped to model <1 completed month","The Gambia",16.1615436677223,2496291.75,2496555.5,0.99989435444155,16.3802073515877,"estimated",FALSE,2015,2020,-0.0214598153398733,0.025358997697793,0.978768808170796,0.931310506932732,1.02864551910105,0,1,0.0212311918292042,-0.0286455191010477,0.0686894930672679,36104.7782931826,783.175217164956,-1056.67457687922,2533.81482691472,2034.59412572855,44.1338728996122,-59.5462425905857,142.786772450505,"age_band_separate_v1","posterior_median","conditional model uncertainty only; HIV imputation held fixed",TRUE,FALSE,FALSE
"GMB","1-5",643.383114591852,30917.248698619,2080.98437497962,"direct age match","The Gambia",16.1615436677223,2496291.75,2496555.5,0.99989435444155,16.3802073515877,"estimated",FALSE,2015,2020,-0.0671416418661501,0.034693069707277,0.93506274792394,0.873594640468163,1.00085589133938,0,1,0.0649372520760596,-0.000855891339382575,0.126405359531837,1945.85096805523,135.133406924393,-1.78109650393552,263.047578099435,601.60358309812,41.7795314937314,-0.550666035684153,81.3270739166963,"age_band_separate_v1","posterior_median","conditional model uncertainty only; HIV imputation held fixed",TRUE,FALSE,FALSE
"GMB","6-11",453.689349089564,36046.4041585108,1258.62581769462,"direct age match","The Gambia",16.1615436677223,2496291.75,2496555.5,0.99989435444155,16.3802073515877,"estimated",FALSE,2015,2020,-0.214882273609011,0.0501474497028295,0.806636396979613,0.731125998919118,0.889945478473174,0,1,0.193363603020387,0.110054521526826,0.268874001080882,1015.25339473071,243.372422963913,138.517462147691,338.41175946725,365.962341897631,87.7270071919322,49.930564235869,121.985270537492,"age_band_separate_v1","posterior_median","conditional model uncertainty only; HIV imputation held fixed",TRUE,FALSE,FALSE
"GMB","12-23",466.765444608229,70695.6007005647,660.24680458582,"direct age match","The Gambia",16.1615436677223,2496291.75,2496555.5,0.99989435444155,16.3802073515877,"estimated",FALSE,2015,2020,-0.501440269416732,0.0737927822894612,0.60565772093755,0.524100685602354,0.699906115386351,0,1,0.39434227906245,0.300093884613649,0.475899314397646,399.883574921747,260.363229664072,198.136028391907,314.211001635628,282.700095393822,184.065349214407,140.0734554759,222.133355073569,"age_band_separate_v1","posterior_median","conditional model uncertainty only; HIV imputation held fixed",TRUE,FALSE,FALSE
"GMB","24-35",274.495266982121,67232.7581203813,408.27607650817,"IHME 2-4 rate shared; deaths and person-time divided equally","The Gambia",16.1615436677223,2496291.75,2496555.5,0.99989435444155,16.3802073515877,"estimated",FALSE,2015,2020,-0.642941067597367,0.0811890927778264,0.525743899654023,0.448400368766439,0.616428235292984,0,1,0.474256100345977,0.383571764707016,0.551599631233561,214.64865659885,193.62741990932,156.603175153896,225.204933243392,144.314212099752,130.181054882368,105.288633960056,151.411488042696,"age_band_separate_v1","posterior_median","conditional model uncertainty only; HIV imputation held fixed",TRUE,FALSE,FALSE
"GMB","36-47",274.495266982121,67232.7581203813,408.27607650817,"IHME 2-4 rate shared; deaths and person-time divided equally","The Gambia",16.1615436677223,2496291.75,2496555.5,0.99989435444155,16.3802073515877,"estimated",FALSE,2015,2020,-0.582307300983869,0.0865844419969078,0.558608001715855,0.471418196184142,0.661923748609596,0,1,0.441391998284145,0.338076251390404,0.528581803815858,228.066283246618,180.209793261551,138.028445478264,215.80730497555,153.335252569343,121.160014412778,92.8003308857235,145.093203360325,"age_band_separate_v1","posterior_median","conditional model uncertainty only; HIV imputation held fixed",TRUE,FALSE,FALSE
"GMB","48-59",274.495266982121,67232.7581203813,408.27607650817,"IHME 2-4 rate shared; deaths and person-time divided equally","The Gambia",16.1615436677223,2496291.75,2496555.5,0.99989435444155,16.3802073515877,"estimated",FALSE,2015,2020,-0.55811224533045,0.100655437466037,0.572288384852493,0.469825806421226,0.697096649355698,0,1,0.427711615147507,0.302903350644302,0.530174193578774,233.651656398774,174.624420109396,123.668191562234,216.457439620225,157.090452990852,117.404813991269,83.1455361048867,145.530306813436,"age_band_separate_v1","posterior_median","conditional model uncertainty only; HIV imputation held fixed",TRUE,FALSE,FALSE
"GNB","<1",2460.46267834343,5209.96695492708,47226.0707146437,"0-27 days mapped to model <1 completed month","Guinea-Bissau",5.43390998716656,1904789.5,1912307.375,0.996068689009789,5.30170636674055,"estimated",FALSE,2015,2020,-0.00723540356395603,0.00957819518108111,0.992790708952259,0.974326982048429,1.01160432785073,0,1,0.00720929104774137,-0.0116043278507272,0.0256730179515714,46885.6042258206,340.466488823082,-548.026807674351,1212.43576123923,2442.72448678315,17.7381915602831,-28.5520155839755,63.1675025102824,"age_band_separate_v1","posterior_median","conditional model uncertainty only; HIV imputation held fixed",TRUE,FALSE,FALSE
"GNB","1-5",910.27427280379,28386.5861198863,3206.70569176367,"direct age match","Guinea-Bissau",5.43390998716656,1904789.5,1912307.375,0.996068689009789,5.30170636674055,"estimated",FALSE,2015,2020,-0.0230244980402177,0.0129827353844336,0.977238543050898,0.952685736715738,1.00242412919549,0,1,0.022761456949102,-0.00242412919549428,0.0473142632842619,3133.71639821215,72.9892935515192,-7.77346888876201,151.722917375248,889.555104131491,20.7191686722986,-2.206622440611,43.0689566043286,"age_band_separate_v1","posterior_median","conditional model uncertainty only; HIV imputation held fixed",TRUE,FALSE,FALSE
"GNB","6-11",583.122252696728,32864.8841007785,1774.30186854946,"direct age match","Guinea-Bissau",5.43390998716656,1904789.5,1912307.375,0.996068689009789,5.30170636674055,"estimated",FALSE,2015,2020,-0.0753696055794782,0.0193866981312639,0.927400650520598,0.892823080659656,0.963317352806975,0,1,0.0725993494794022,0.0366826471930248,0.107176919340344,1645.48870711268,128.813161436779,65.0860894579246,190.164208250947,540.787956483982,42.334296212746,21.3904678660759,62.4972466428369,"age_band_separate_v1","posterior_median","conditional model uncertainty only; HIV imputation held fixed",TRUE,FALSE,FALSE
"GNB","12-23",602.301753948276,64173.2486540964,938.55581037322,"direct age match","Guinea-Bissau",5.43390998716656,1904789.5,1912307.375,0.996068689009789,5.30170636674055,"estimated",FALSE,2015,2020,-0.189989213382836,0.0298031088624997,0.82696805408306,0.780046119579332,0.876712472901894,0,1,0.17303194591694,0.123287527098106,0.219953880420668,776.155672152691,162.400138220529,115.712224904473,206.438992482955,498.08430943342,104.217444514856,74.2562938111348,132.478607965098,"age_band_separate_v1","posterior_median","conditional model uncertainty only; HIV imputation held fixed",TRUE,FALSE,FALSE
"GNB","24-35",434.184051949439,60154.4302589047,721.78233603196,"IHME 2-4 rate shared; deaths and person-time divided equally","Guinea-Bissau",5.43390998716656,1904789.5,1912307.375,0.996068689009789,5.30170636674055,"estimated",FALSE,2015,2020,-0.24161547463362,0.0328693686857098,0.78535810961268,0.736358450664547,0.83761836341766,0,1,0.21464189038732,0.16238163658234,0.263641549335453,566.857610977884,154.924725054076,117.204196981094,190.291813354428,340.989966262985,93.1940856864541,70.5035169335018,114.468956152695,"age_band_separate_v1","posterior_median","conditional model uncertainty only; HIV imputation held fixed",TRUE,FALSE,FALSE
"GNB","36-47",434.184051949439,60154.4302589047,721.78233603196,"IHME 2-4 rate shared; deaths and person-time divided equally","Guinea-Bissau",5.43390998716656,1904789.5,1912307.375,0.996068689009789,5.30170636674055,"estimated",FALSE,2015,2020,-0.217607095617457,0.035096997661344,0.804441448152807,0.750965214649969,0.861725724283801,0,1,0.195558551847193,0.138274275716199,0.249034785350031,580.631627648666,141.150708383294,99.8039297395652,179.748909123163,349.27564751506,84.9084044343788,60.036485310833,108.126932179635,"age_band_separate_v1","posterior_median","conditional model uncertainty only; HIV imputation held fixed",TRUE,FALSE,FALSE
"GNB","48-59",434.184051949439,60154.4302589047,721.78233603196,"IHME 2-4 rate shared; deaths and person-time divided equally","Guinea-Bissau",5.43390998716656,1904789.5,1912307.375,0.996068689009789,5.30170636674055,"estimated",FALSE,2015,2020,-0.215558091408454,0.0409634518143773,0.806091441910765,0.743902737659521,0.873478991038714,0,1,0.193908558089235,0.126521008961286,0.256097262340479,581.822563997723,139.959772034237,91.3206294051978,184.8464802635,349.992048490581,84.1920034588574,54.9334043275426,111.193347056148,"age_band_separate_v1","posterior_median","conditional model uncertainty only; HIV imputation held fixed",TRUE,FALSE,FALSE
"GNQ","<1",791.60837607615,3133.84168457878,25259.9989326695,"0-27 days mapped to model <1 completed month","Equatorial Guinea",34.4631748290858,1251194.125,1292838,0.967788791016353,34.5542032457174,"estimated",FALSE,2015,2020,-0.0415222836024704,0.0376073700414217,0.959327957820438,0.891159928424604,1.03271040505924,0,1,0.0406720421795617,-0.032710405059236,0.108840071575396,24232.6231906243,1027.37574204522,-826.264796883486,2749.30009182617,759.412046814687,32.1963292614635,-25.8938306297349,86.1587123118111,"age_band_separate_v1","posterior_median","conditional model uncertainty only; HIV imputation held fixed",TRUE,FALSE,FALSE
"GNQ","1-5",567.7270387504,17138.5768050967,3312.56816249508,"direct age match","Equatorial Guinea",34.4631748290858,1251194.125,1292838,0.967788791016353,34.5542032457174,"estimated",FALSE,2015,2020,-0.131527298509622,0.0531433870143969,0.876755340697007,0.79002836976232,0.973002941238664,0,1,0.123244659302993,0.0269970587613355,0.20997163023768,2904.31182789043,408.256334604648,89.4295973338089,695.545337352529,497.75771328251,69.9693254678903,15.3269602255436,119.206571856432,"age_band_separate_v1","posterior_median","conditional model uncertainty only; HIV imputation held fixed",TRUE,FALSE,FALSE
"GNQ","6-11",376.235105429406,19832.951940757,1897.02020432086,"direct age match","Equatorial Guinea",34.4631748290858,1251194.125,1292838,0.967788791016353,34.5542032457174,"estimated",FALSE,2015,2020,-0.390389914076521,0.0674886187200757,0.676792931952994,0.592938155608283,0.77250665758156,0,1,0.323207068047006,0.22749334241844,0.407061844391717,1283.88986605638,613.130338264478,431.559466916265,772.204543219202,254.633260107211,121.601845322195,85.5909816692897,153.150955941006,"age_band_separate_v1","posterior_median","conditional model uncertainty only; HIV imputation held fixed",TRUE,FALSE,FALSE
"GNQ","12-23",293.761699855866,39679.4875132139,740.33642636649,"direct age match","Equatorial Guinea",34.4631748290858,1251194.125,1292838,0.967788791016353,34.5542032457174,"estimated",FALSE,2015,2020,-0.665517586426384,0.0837290863804907,0.514007415583195,0.436213454806983,0.605675089484391,0,1,0.485992584416805,0.394324910515609,0.563786545193017,380.538413178737,359.798013187752,291.933095078412,417.391716101708,150.99569214024,142.766007715626,115.837556008577,165.618893871766,"age_band_separate_v1","posterior_median","conditional model uncertainty only; HIV imputation held fixed",TRUE,FALSE,FALSE
"GNQ","24-35",122.857565454004,39041.2134325337,314.68685179653,"IHME 2-4 rate shared; deaths and person-time divided equally","Equatorial Guinea",34.4631748290858,1251194.125,1292838,0.967788791016353,34.5542032457174,"estimated",FALSE,2015,2020,-0.876658186348397,0.0905644246573954,0.416171357549822,0.348484614700309,0.497005008366895,0,1,0.583828642450178,0.502994991633105,0.651515385299691,130.963654315241,183.723197481289,158.285910386444,205.023325496963,51.1297998002591,71.7277656537453,61.7967401076005,80.0435940937476,"age_band_separate_v1","posterior_median","conditional model uncertainty only; HIV imputation held fixed",TRUE,FALSE,FALSE
"GNQ","36-47",122.857565454004,39041.2134325337,314.68685179653,"IHME 2-4 rate shared; deaths and person-time divided equally","Equatorial Guinea",34.4631748290858,1251194.125,1292838,0.967788791016353,34.5542032457174,"estimated",FALSE,2015,2020,-0.809172986507207,0.0967025519246992,0.445226122018662,0.368355599095375,0.538138419002155,0,1,0.554773877981338,0.461861580997845,0.631644400904625,140.106806675631,174.580045120899,145.34176688998,198.770187975582,54.6993974277403,68.158168026264,56.7431894181326,77.6022933277954,"age_band_separate_v1","posterior_median","conditional model uncertainty only; HIV imputation held fixed",TRUE,FALSE,FALSE
"GNQ","48-59",122.857565454004,39041.2134325337,314.68685179653,"IHME 2-4 rate shared; deaths and person-time divided equally","Equatorial Guinea",34.4631748290858,1251194.125,1292838,0.967788791016353,34.5542032457174,"estimated",FALSE,2015,2020,-0.661272422950854,0.11079530522616,0.516194099220809,0.415435782722055,0.641389979275458,0,1,0.483805900779191,0.358610020724542,0.584564217277945,162.439495999742,152.247355796788,112.849858444494,183.954673208099,63.4183503319914,59.4392151220129,44.0579540936272,71.8181365862939,"age_band_separate_v1","posterior_median","conditional model uncertainty only; HIV imputation held fixed",TRUE,FALSE,FALSE
"KEN","<1",25739.9575113743,101326.09925314,25403.0873596238,"0-27 days mapped to model <1 completed month","Kenya",5.61238811543549,45107652,54861080,0.822215895130027,5.58139368676173,"estimated",TRUE,2015,2020,-0.00747287605535019,0.00988321593808093,0.99255497646027,0.973513464400725,1.01196893245076,0,1,0.00744502353973042,-0.0119689324507639,0.0264865355992749,25213.9607762496,189.126583374228,-304.047836648192,672.839777682168,25548.3229217905,191.634589583843,-308.079812739173,681.762300948841,"age_band_separate_v1","posterior_median","conditional model uncertainty only; HIV imputation held fixed",TRUE,FALSE,FALSE
"KEN","1-5",9946.99450057862,557115.901656255,1785.44437001477,"direct age match","Kenya",5.61238811543549,45107652,54861080,0.822215895130027,5.58139368676173,"estimated",TRUE,2015,2020,-0.0237767983297362,0.0133971406552819,0.976503642679573,0.951196406464179,1.00248419536306,0,1,0.0234963573204268,-0.00248419536305922,0.0488035935358212,1743.49293112116,41.9514388936113,-4.43539262499087,87.1361013150212,9713.2763635287,233.718137049915,-24.7102776147129,485.449076509288,"age_band_separate_v1","posterior_median","conditional model uncertainty only; HIV imputation held fixed",TRUE,FALSE,FALSE
"KEN","6-11",8937.61032369256,651864.342109792,1371.08440304704,"direct age match","Kenya",5.61238811543549,45107652,54861080,0.822215895130027,5.58139368676173,"estimated",TRUE,2015,2020,-0.0778177678101505,0.0200006215831449,0.925133000195828,0.889568944343021,0.962118870599091,0,1,0.0748669998041724,0.0378811294009086,0.110431055656979,1268.43542731261,102.648975734427,51.9382256913925,151.410298023304,8268.4782533389,669.13207035366,338.566773206695,986.989743096086,"age_band_separate_v1","posterior_median","conditional model uncertainty only; HIV imputation held fixed",TRUE,FALSE,FALSE
"KEN","12-23",5961.01171684229,1302798.18673748,457.55449904103,"direct age match","Kenya",5.61238811543549,45107652,54861080,0.822215895130027,5.58139368676173,"estimated",TRUE,2015,2020,-0.196041835435281,0.0307371277807166,0.821977846157877,0.773920983679083,0.873018814352899,0,1,0.178022153842123,0.126981185647101,0.226079016320917,376.099661621592,81.4548374194378,58.1008127863952,103.443471056406,4899.81957193189,1061.1921449104,756.936335460893,1347.65966522117,"age_band_separate_v1","posterior_median","conditional model uncertainty only; HIV imputation held fixed",TRUE,FALSE,FALSE
"KEN","24-35",2738.41470420602,1295705.21266904,211.3455033931,"IHME 2-4 rate shared; deaths and person-time divided equally","Kenya",5.61238811543549,45107652,54861080,0.822215895130027,5.58139368676173,"estimated",TRUE,2015,2020,-0.24932825238303,0.0338989606669217,0.779324116395805,0.729227886434878,0.832861838794119,0,1,0.220675883604195,0.167138161205881,0.270772113565122,164.706647686054,46.6388557070458,35.323898816254,57.2264686462343,2134.11261968064,604.302084525385,457.693598280141,741.486337275673,"age_band_separate_v1","posterior_median","conditional model uncertainty only; HIV imputation held fixed",TRUE,FALSE,FALSE
"KEN","36-47",2738.41470420602,1295705.21266904,211.3455033931,"IHME 2-4 rate shared; deaths and person-time divided equally","Kenya",5.61238811543549,45107652,54861080,0.822215895130027,5.58139368676173,"estimated",TRUE,2015,2020,-0.224563076763379,0.0361959819245452,0.798865185280411,0.744155025891785,0.857597626903498,0,1,0.201134814719589,0.142402373096502,0.255844974108215,168.836564726311,42.5089386667894,30.0961012264523,54.0716848434954,2187.62417005015,550.790534155876,389.956752401294,700.609639095146,"age_band_separate_v1","posterior_median","conditional model uncertainty only; HIV imputation held fixed",TRUE,FALSE,FALSE
"KEN","48-59",2738.41470420602,1295705.21266904,211.3455033931,"IHME 2-4 rate shared; deaths and person-time divided equally","Kenya",5.61238811543549,45107652,54861080,0.822215895130027,5.58139368676173,"estimated",TRUE,2015,2020,-0.222393396318472,0.0422449103077329,0.800600349145893,0.736981934686564,0.869710489342082,0,1,0.199399650854107,0.130289510657918,0.263018065313436,169.20328380693,42.1422195861697,27.5361022168384,55.5876854151474,2192.37576829359,546.038935912434,356.78671178945,720.252537526134,"age_band_separate_v1","posterior_median","conditional model uncertainty only; HIV imputation held fixed",TRUE,FALSE,FALSE
"LBR","<1",5824.96046785271,12548.1166463401,46420.9939389721,"0-27 days mapped to model <1 completed month","Liberia",33.370745219075,4554479.5,4554574.5,0.999979141849584,33.1851290119157,"estimated",FALSE,2015,2020,-0.0408677521446799,0.0371506336877366,0.959956073685542,0.892542045909292,1.03246190768184,0,1,0.0400439263144583,-0.0324619076818411,0.107457954090708,44562.115078236,1858.87886073612,-1506.91401974622,4988.30503553909,5591.70618009339,233.254287759327,-189.089328957809,625.938334534704,"age_band_separate_v1","posterior_median","conditional model uncertainty only; HIV imputation held fixed",TRUE,FALSE,FALSE
"LBR","1-5",3165.05911618481,68303.3015863435,4633.83034593694,"direct age match","Liberia",33.370745219075,4554479.5,4554574.5,0.999979141849584,33.1851290119157,"estimated",FALSE,2015,2020,-0.128280040936375,0.0524168055069123,0.879607018677594,0.793727487077429,0.974778522734225,0,1,0.120392981322406,0.025221477265775,0.206272512922571,4075.94969564735,557.880650289586,116.872046723507,955.831829913281,2784.00821312566,381.05090305915,79.827466543689,652.864697443934,"age_band_separate_v1","posterior_median","conditional model uncertainty only; HIV imputation held fixed",TRUE,FALSE,FALSE
"LBR","6-11",2555.96147297978,78859.3357708726,3241.16535853939,"direct age match","Liberia",33.370745219075,4554479.5,4554574.5,0.999979141849584,33.1851290119157,"estimated",FALSE,2015,2020,-0.382260405179783,0.0670173093112875,0.682317351096638,0.598330550465851,0.778093258392133,0,1,0.317682648903362,0.221906741607867,0.401669449534149,2211.50336190478,1029.66199663461,719.236443725769,1301.87710541367,1743.97686174863,811.984611231157,567.185082144188,1026.65163788228,"age_band_separate_v1","posterior_median","conditional model uncertainty only; HIV imputation held fixed",TRUE,FALSE,FALSE
"LBR","12-23",2457.09548433076,149488.135480356,1643.67257403758,"direct age match","Liberia",33.370745219075,4554479.5,4554574.5,0.999979141849584,33.1851290119157,"estimated",FALSE,2015,2020,-0.663996130502865,0.0837480636870157,0.514790050431608,0.436861390196924,0.606619861516989,0,1,0.485209949568392,0.393380138483011,0.563138609803076,846.146287281856,797.526286755724,646.588144795631,925.615488314966,1264.88830829391,1192.20717603685,966.572561892016,1383.68533519944,"age_band_separate_v1","posterior_median","conditional model uncertainty only; HIV imputation held fixed",TRUE,FALSE,FALSE
"LBR","24-35",911.887127030114,138137.181718042,660.13155595675,"IHME 2-4 rate shared; deaths and person-time divided equally","Liberia",33.370745219075,4554479.5,4554574.5,0.999979141849584,33.1851290119157,"estimated",FALSE,2015,2020,-0.874433335937794,0.0906686299358544,0.417098307345501,0.349189478719564,0.498213745237722,0,1,0.582901692654499,0.501786254762278,0.650810521280436,275.339754614912,384.791801341838,331.244941113933,429.620562045878,380.346577174412,531.540549855702,457.572426238374,593.465736491387,"age_band_separate_v1","posterior_median","conditional model uncertainty only; HIV imputation held fixed",TRUE,FALSE,FALSE
"LBR","36-47",911.887127030114,138137.181718042,660.13155595675,"IHME 2-4 rate shared; deaths and person-time divided equally","Liberia",33.370745219075,4554479.5,4554574.5,0.999979141849584,33.1851290119157,"estimated",FALSE,2015,2020,-0.806829385329354,0.0967973860970562,0.446270778133141,0.369151268992133,0.539501348483253,0,1,0.553729221866859,0.460498651516747,0.630848731007867,294.59742314706,365.53413280969,303.989691341736,416.443154373565,406.948577749324,504.93854928079,419.922792332848,575.262836909357,"age_band_separate_v1","posterior_median","conditional model uncertainty only; HIV imputation held fixed",TRUE,FALSE,FALSE
"LBR","48-59",911.887127030114,138137.181718042,660.13155595675,"IHME 2-4 rate shared; deaths and person-time divided equally","Liberia",33.370745219075,4554479.5,4554574.5,0.999979141849584,33.1851290119157,"estimated",FALSE,2015,2020,-0.666191752633447,0.110963196398419,0.513661005935388,0.413261125293175,0.638452573615234,0,1,0.486338994064612,0.361547426384766,0.586738874706825,339.083839082437,321.047716874313,238.668865131534,387.324846300529,468.400858969819,443.486268060294,329.690443931136,535.039626773289,"age_band_separate_v1","posterior_median","conditional model uncertainty only; HIV imputation held fixed",TRUE,FALSE,FALSE
"LSO","<1",1455.72036048683,3528.77692208722,41252.8304460175,"0-27 days mapped to model <1 completed month","Lesotho",,0,1818115.75,0,,"missing_MAP_no_estimate",TRUE,2015,2020,,,,,,,,,,,,,,,,,,,"age_band_separate_v1","posterior_median","conditional model uncertainty only; HIV imputation held fixed",TRUE,,
"LSO","1-5",689.773536895773,19299.7028849083,3574.01117006392,"direct age match","Lesotho",,0,1818115.75,0,,"missing_MAP_no_estimate",TRUE,2015,2020,,,,,,,,,,,,,,,,,,,"age_band_separate_v1","posterior_median","conditional model uncertainty only; HIV imputation held fixed",TRUE,,
"LSO","6-11",433.936700762338,22501.3908384219,1928.48834935739,"direct age match","Lesotho",,0,1818115.75,0,,"missing_MAP_no_estimate",TRUE,2015,2020,,,,,,,,,,,,,,,,,,,"age_band_separate_v1","posterior_median","conditional model uncertainty only; HIV imputation held fixed",TRUE,,
"LSO","12-23",284.310059580552,45282.3702316386,627.86037507795,"direct age match","Lesotho",,0,1818115.75,0,,"missing_MAP_no_estimate",TRUE,2015,2020,,,,,,,,,,,,,,,,,,,"age_band_separate_v1","posterior_median","conditional model uncertainty only; HIV imputation held fixed",TRUE,,
"LSO","24-35",115.386615881086,45145.2141874346,255.58991790807,"IHME 2-4 rate shared; deaths and person-time divided equally","Lesotho",,0,1818115.75,0,,"missing_MAP_no_estimate",TRUE,2015,2020,,,,,,,,,,,,,,,,,,,"age_band_separate_v1","posterior_median","conditional model uncertainty only; HIV imputation held fixed",TRUE,,
"LSO","36-47",115.386615881086,45145.2141874346,255.58991790807,"IHME 2-4 rate shared; deaths and person-time divided equally","Lesotho",,0,1818115.75,0,,"missing_MAP_no_estimate",TRUE,2015,2020,,,,,,,,,,,,,,,,,,,"age_band_separate_v1","posterior_median","conditional model uncertainty only; HIV imputation held fixed",TRUE,,
"LSO","48-59",115.386615881086,45145.2141874346,255.58991790807,"IHME 2-4 rate shared; deaths and person-time divided equally","Lesotho",,0,1818115.75,0,,"missing_MAP_no_estimate",TRUE,2015,2020,,,,,,,,,,,,,,,,,,,"age_band_separate_v1","posterior_median","conditional model uncertainty only; HIV imputation held fixed",TRUE,,
"MDG","<1",22640.8946364841,70476.203583546,32125.5877661521,"0-27 days mapped to model <1 completed month","Madagascar",6.1292538325627,27064006,28043662,0.965066759112986,6.15417255649389,"estimated",FALSE,2015,2020,-0.0081604887297412,0.0107612294499216,0.991872717670203,0.97117159067494,1.01301510207352,0,1,0.00812728232979709,-0.0130151020735163,0.0288284093250595,31864.4940443659,261.093721786194,-418.117803948177,926.129593930757,22456.8856935742,184.008942909895,-294.673554729568,652.700978066107,"age_band_separate_v1","posterior_median","conditional model uncertainty only; HIV imputation held fixed",TRUE,FALSE,FALSE
"MDG","1-5",10810.9445221609,383292.017119861,2820.55040003095,"direct age match","Madagascar",6.1292538325627,27064006,28043662,0.965066759112986,6.15417255649389,"estimated",FALSE,2015,2020,-0.0259532262981966,0.0145905762331009,0.974380663933519,0.946910944109903,1.0026472754943,0,1,0.025619336066481,-0.00264727549429589,0.0530890558900975,2748.28977144011,72.2606285908404,-7.4667739544284,149.74035782808,10533.9753012516,276.969220909323,-28.619548503709,573.942837961746,"age_band_separate_v1","posterior_median","conditional model uncertainty only; HIV imputation held fixed",TRUE,FALSE,FALSE
"MDG","6-11",9426.05847585279,440634.208076623,2139.20260912055,"direct age match","Madagascar",6.1292538325627,27064006,28043662,0.965066759112986,6.15417255649389,"estimated",FALSE,2015,2020,-0.08489225609655,0.0217658291606673,0.918611253831926,0.880247203979983,0.958647334352513,0,1,0.0813887461680738,0.0413526656474869,0.119752796020017,1965.09559096476,174.107018155794,88.4617302471936,256.175493695502,8658.88339519618,767.175080656603,389.7926445256,1128.79685793155,"age_band_separate_v1","posterior_median","conditional model uncertainty only; HIV imputation held fixed",TRUE,FALSE,FALSE
"MDG","12-23",8306.9211755942,852875.655549713,973.98971603194,"direct age match","Madagascar",6.1292538325627,27064006,28043662,0.965066759112986,6.15417255649389,"estimated",FALSE,2015,2020,-0.213465155985018,0.0334170440336813,0.807780305969287,0.756569137419214,0.862457891076093,0,1,0.192219694030713,0.137542108923907,0.243430862580786,786.76971082722,187.220005204721,133.96459961323,237.09915671847,6710.16732888423,1596.75384670997,1142.55145715588,2022.16098716549,"age_band_separate_v1","posterior_median","conditional model uncertainty only; HIV imputation held fixed",TRUE,FALSE,FALSE
"MDG","24-35",4577.86173659158,787987.62510868,580.95604432369,"IHME 2-4 rate shared; deaths and person-time divided equally","Madagascar",6.1292538325627,27064006,28043662,0.965066759112986,6.15417255649389,"estimated",FALSE,2015,2020,-0.27153947069011,0.036852786612328,0.762205198109123,0.709092280419178,0.81929641609007,0,1,0.237794801890877,0.18070358390993,0.290907719580822,442.807716856431,138.148327467259,104.980839303427,169.0045980309,3489.27001185496,1088.59172473662,827.236022446233,1331.73531834816,"age_band_separate_v1","posterior_median","conditional model uncertainty only; HIV imputation held fixed",TRUE,FALSE,FALSE
"MDG","36-47",4577.86173659158,787987.62510868,580.95604432369,"IHME 2-4 rate shared; deaths and person-time divided equally","Madagascar",6.1292538325627,27064006,28043662,0.965066759112986,6.15417255649389,"estimated",FALSE,2015,2020,-0.244600390726086,0.0393486702684787,0.783017376736503,0.724899418183502,0.84579487428435,0,1,0.216982623263497,0.15420512571565,0.275100581816498,454.898677825551,126.057366498139,89.5863998502011,159.821345803258,3584.54528804835,993.31644854323,705.929744599966,1259.37242721183,"age_band_separate_v1","posterior_median","conditional model uncertainty only; HIV imputation held fixed",TRUE,FALSE,FALSE
"MDG","48-59",4577.86173659158,787987.62510868,580.95604432369,"IHME 2-4 rate shared; deaths and person-time divided equally","Madagascar",6.1292538325627,27064006,28043662,0.965066759112986,6.15417255649389,"estimated",FALSE,2015,2020,-0.242051411450024,0.0459203554602876,0.785015817712879,0.717448827600313,0.858946046536339,0,1,0.214984182287121,0.141053953463661,0.282551172399687,456.059684190001,124.896360133689,81.9461468404666,164.149811436343,3593.69387452694,984.16786206464,645.725496356264,1293.48020075762,"age_band_separate_v1","posterior_median","conditional model uncertainty only; HIV imputation held fixed",TRUE,FALSE,FALSE
"MLI","<1",30844.9696153915,65837.0787107825,46850.4529960862,"0-27 days mapped to model <1 completed month","Mali",29.3609132094117,23241898,23772730,0.97767054940682,29.3558735923611,"estimated",FALSE,2015,2020,-0.0375938644802685,0.0352904454116951,0.963104012220404,0.898739667545249,1.03207788845966,0,1,0.0368959877795961,-0.0320778884596629,0.101260332454751,45121.8592548741,1728.59374121214,-1502.86360549313,4744.09244603938,29706.9139934,1138.0556219915,-989.441494864217,3123.37187781124,"age_band_separate_v1","posterior_median","conditional model uncertainty only; HIV imputation held fixed",TRUE,FALSE,FALSE
"MLI","1-5",11324.9456170909,354413.492555002,3195.40476166645,"direct age match","Mali",29.3609132094117,23241898,23772730,0.97767054940682,29.3558735923611,"estimated",FALSE,2015,2020,-0.115599209459509,0.0494741343449633,0.890832188872946,0.808506362130161,0.981540808957055,0,1,0.109167811127054,0.0184591910429447,0.191493637869839,2846.56941817036,348.835343496091,58.9845869551361,611.899682278113,10088.6260929402,1236.31952415073,209.04933469684,2168.65503489482,"age_band_separate_v1","posterior_median","conditional model uncertainty only; HIV imputation held fixed",TRUE,FALSE,FALSE
"MLI","6-11",10053.2755149646,402995.395099578,2494.63781403271,"direct age match","Mali",29.3609132094117,23241898,23772730,0.97767054940682,29.3558735923611,"estimated",FALSE,2015,2020,-0.350027592580344,0.0650111511093718,0.704668645824236,0.620365097483505,0.800428493514604,0,1,0.295331354175764,0.199571506485396,0.379634902516495,1757.89305023636,736.744763796349,497.858626681944,947.05158334427,7084.22804322805,2969.04747173655,2006.34733963423,3816.57427009505,"age_band_separate_v1","posterior_median","conditional model uncertainty only; HIV imputation held fixed",TRUE,FALSE,FALSE
"MLI","12-23",11512.8475953537,776367.033409704,1482.91299088148,"direct age match","Mali",29.3609132094117,23241898,23772730,0.97767054940682,29.3558735923611,"estimated",FALSE,2015,2020,-0.654267620292192,0.0839159666508952,0.51982263075626,0.440986995489597,0.612751782275025,0,1,0.48017736924374,0.387248217724975,0.559013004510403,770.851732102645,712.061258778835,574.255412760065,828.967646460163,5984.63872451262,5528.20887084103,4458.32971223997,6435.83152474901,"age_band_separate_v1","posterior_median","conditional model uncertainty only; HIV imputation held fixed",TRUE,FALSE,FALSE
"MLI","24-35",8077.40763046145,705169.274070472,1145.45654887031,"IHME 2-4 rate shared; deaths and person-time divided equally","Mali",29.3609132094117,23241898,23772730,0.97767054940682,29.3558735923611,"estimated",FALSE,2015,2020,-0.858325331269137,0.0912310880337242,0.423871332338751,0.35446878939466,0.506862414277579,0,1,0.576128667661249,0.493137585722421,0.64553121060534,485.526193505806,659.930355364504,564.867677059841,739.427952688066,3423.78153416689,4653.62609629456,3983.27329778162,5214.21872624459,"age_band_separate_v1","posterior_median","conditional model uncertainty only; HIV imputation held fixed",TRUE,FALSE,FALSE
"MLI","36-47",8077.40763046145,705169.274070472,1145.45654887031,"IHME 2-4 rate shared; deaths and person-time divided equally","Mali",29.3609132094117,23241898,23772730,0.97767054940682,29.3558735923611,"estimated",FALSE,2015,2020,-0.789593577736467,0.0972984577061716,0.454029285399253,0.375200379424272,0.549419998765653,0,1,0.545970714600747,0.450580001234347,0.624799620575728,520.070818339481,625.385730530828,516.119813203875,715.680817120152,3667.37961433689,4410.02801612456,3639.51834010364,5046.7612227478,"age_band_separate_v1","posterior_median","conditional model uncertainty only; HIV imputation held fixed",TRUE,FALSE,FALSE
"MLI","48-59",8077.40763046145,705169.274070472,1145.45654887031,"IHME 2-4 rate shared; deaths and person-time divided equally","Mali",29.3609132094117,23241898,23772730,0.97767054940682,29.3558735923611,"estimated",FALSE,2015,2020,-0.678386746575202,0.111806795969682,0.507434953575545,0.407577557237024,0.631757631248752,0,1,0.492565046424455,0.368242368751248,0.592422442762976,581.244690698809,564.2118581715,421.805632857632,678.594166760597,4098.75896597396,3978.64866448749,2974.44371921053,4785.23755963027,"age_band_separate_v1","posterior_median","conditional model uncertainty only; HIV imputation held fixed",TRUE,FALSE,FALSE
"MOZ","<1",27184.4952567035,81530.2810502244,33342.8204913918,"0-27 days mapped to model <1 completed month","Mozambique",34.6327854633793,31152770,31159284,0.999790945132115,34.3918779894189,"estimated",FALSE,2015,2020,-0.0416136101499755,0.0376763612545195,0.95924034971066,0.890958061825488,1.0327557355817,0,1,0.0407596502893405,-0.0327557355817003,0.109041938174512,31983.7787885024,1359.04170288939,-1092.16861156413,3635.76577058618,26076.4647367481,1108.03051995547,-890.448138550568,2964.25005108677,"age_band_separate_v1","posterior_median","conditional model uncertainty only; HIV imputation held fixed",TRUE,FALSE,FALSE
"MOZ","1-5",13732.9527296918,443383.845929445,3097.30560907198,"direct age match","Mozambique",34.6327854633793,31152770,31159284,0.999790945132115,34.3918779894189,"estimated",FALSE,2015,2020,-0.132023027120701,0.0532533123375902,0.876320815701842,0.789466718481565,0.972730267223132,0,1,0.123679184298158,0.0272697327768681,0.210533281518435,2714.23337781985,383.072231252132,84.4626962876875,652.085913743379,12034.4723380783,1698.48039161344,374.493951176055,2891.24360311956,"age_band_separate_v1","posterior_median","conditional model uncertainty only; HIV imputation held fixed",TRUE,FALSE,FALSE
"MOZ","6-11",11037.6458965482,508782.52084926,2169.42317085189,"direct age match","Mozambique",34.6327854633793,31152770,31159284,0.999790945132115,34.3918779894189,"estimated",FALSE,2015,2020,-0.39162775676678,0.0675589969999253,0.675955687064995,0.592122963105309,0.771657441689601,0,1,0.324044312935005,0.228342558310399,0.407877036894691,1466.43392998791,702.989240863982,495.371636890179,884.857894697754,7460.95951558136,3576.68638096684,2520.3643017421,4502.00230257693,"age_band_separate_v1","posterior_median","conditional model uncertainty only; HIV imputation held fixed",TRUE,FALSE,FALSE
"MOZ","12-23",8751.72445474373,1000897.29674079,874.38786009732,"direct age match","Mozambique",34.6327854633793,31152770,31159284,0.999790945132115,34.3918779894189,"estimated",FALSE,2015,2020,-0.665730898134513,0.083727072945806,0.513897783476708,0.436122136341105,0.605543516038634,0,1,0.486102216523292,0.394456483961366,0.563877863658895,449.345983202954,425.041876894366,344.907960912492,493.04795856095,4497.4917988917,4254.23265585203,3452.17445701692,4934.90368887221,"age_band_separate_v1","posterior_median","conditional model uncertainty only; HIV imputation held fixed",TRUE,FALSE,FALSE
"MOZ","24-35",4439.1897582981,957939.840785258,463.41007746991,"IHME 2-4 rate shared; deaths and person-time divided equally","Mozambique",34.6327854633793,31152770,31159284,0.999790945132115,34.3918779894189,"estimated",FALSE,2015,2020,-0.876940822058241,0.0905502621278025,0.416053749283694,0.348395805074778,0.496850765054034,0,1,0.583946250716306,0.503149234945966,0.651604194925222,192.803500187203,270.606577282707,233.164425945236,301.959950450016,1846.9415427217,2592.2482155764,2233.57493066766,2892.59466857612,"age_band_separate_v1","posterior_median","conditional model uncertainty only; HIV imputation held fixed",TRUE,FALSE,FALSE
"MOZ","36-47",4439.1897582981,957939.840785258,463.41007746991,"IHME 2-4 rate shared; deaths and person-time divided equally","Mozambique",34.6327854633793,31152770,31159284,0.999790945132115,34.3918779894189,"estimated",FALSE,2015,2020,-0.809461498019811,0.0966891615451353,0.445097687685031,0.368259004299742,0.537969063266433,0,1,0.554902312314969,0.462030936733567,0.631740995700258,206.262753931798,257.147323538112,214.109792185198,292.755143758375,1975.87309661355,2463.31666168454,2051.04300236453,2804.41815800963,"age_band_separate_v1","posterior_median","conditional model uncertainty only; HIV imputation held fixed",TRUE,FALSE,FALSE
"MOZ","48-59",4439.1897582981,957939.840785258,463.41007746991,"IHME 2-4 rate shared; deaths and person-time divided equally","Mozambique",34.6327854633793,31152770,31159284,0.999790945132115,34.3918779894189,"estimated",FALSE,2015,2020,-0.660473383011671,0.110771028416852,0.516606723752243,0.41578764856132,0.641872138216408,0,1,0.483393276247757,0.358127861783592,0.58421235143868,239.400761875504,224.009315594407,165.960060173268,270.729891039077,2293.31527714889,2145.8744811492,1589.79753619092,2593.42948717784,"age_band_separate_v1","posterior_median","conditional model uncertainty only; HIV imputation held fixed",TRUE,FALSE,FALSE
"MRT","<1",3359.20244054122,10400.615885177,32298.1107813891,"0-27 days mapped to model <1 completed month","Mauritania",6.4035707842887,3752789,4466969.5,0.840119682930452,6.24065886133862,"estimated",TRUE,2015,2020,-0.00852536368010723,0.0112238340903762,0.991510874179401,0.969937469238041,1.01356411603347,0,1,0.00848912582059902,-0.0135641160334741,0.0300625307619591,32023.9280551983,274.182726190858,-438.095322300762,970.962948918673,3330.6857483666,28.5166921746177,-45.5646116834303,100.986126704418,"age_band_separate_v1","posterior_median","conditional model uncertainty only; HIV imputation held fixed",TRUE,FALSE,FALSE
"MRT","1-5",1214.12389835193,56956.0615587957,2131.68513609142,"direct age match","Mauritania",6.4035707842887,3752789,4466969.5,0.840119682930452,6.24065886133862,"estimated",TRUE,2015,2020,-0.0271069187501533,0.0152197250678452,0.973257176520295,0.944653550686319,1.00272690549892,0,1,0.0267428234797055,-0.00272690549891608,0.0553464493136814,2074.67785678261,57.0072793088048,-5.81290391956536,117.981203337412,1181.65479725581,32.4691010961174,-3.31080113478129,67.1974468006642,"age_band_separate_v1","posterior_median","conditional model uncertainty only; HIV imputation held fixed",TRUE,FALSE,FALSE
"MRT","6-11",578.393861562466,66228.0400049911,873.33682458197,"direct age match","Mauritania",6.4035707842887,3752789,4466969.5,0.840119682930452,6.24065886133862,"estimated",TRUE,2015,2020,-0.0886371514611884,0.0226945949552137,0.915177584185202,0.875362020726678,0.956804145900428,0,1,0.0848224158147984,0.0431958540995718,0.124637979273322,799.258285300902,74.0785392810675,37.7245300544261,108.850937040877,529.333096932287,49.0607646301784,24.9842168561402,72.0898421292395,"age_band_separate_v1","posterior_median","conditional model uncertainty only; HIV imputation held fixed",TRUE,FALSE,FALSE
"MRT","12-23",561.43667133656,130853.268021806,429.05819611857,"direct age match","Mauritania",6.4035707842887,3752789,4466969.5,0.840119682930452,6.24065886133862,"estimated",TRUE,2015,2020,-0.222645368214206,0.0348234485135663,0.800398645771051,0.747591873843323,0.856935467822373,0,1,0.199601354228949,0.143064532177627,0.252408126156677,343.417599130274,85.6405969882964,61.3830101046796,108.297775294452,449.373151423989,112.06351991257,80.3216747321288,141.711178167703,"age_band_separate_v1","posterior_median","conditional model uncertainty only; HIV imputation held fixed",TRUE,FALSE,FALSE
"MRT","24-35",324.914040657013,125852.863340359,258.16976430509,"IHME 2-4 rate shared; deaths and person-time divided equally","Mauritania",6.4035707842887,3752789,4466969.5,0.840119682930452,6.24065886133862,"estimated",TRUE,2015,2020,-0.283248106560309,0.038402735718769,0.753332857847267,0.698712386626241,0.812223177339928,0,1,0.246667142152733,0.187776822660072,0.301287613373759,194.487766353709,63.6819979513813,48.4782980481095,77.7833521327463,244.76842280285,80.1456178541623,61.0113261922193,97.8925758611757,"age_band_separate_v1","posterior_median","conditional model uncertainty only; HIV imputation held fixed",TRUE,FALSE,FALSE
"MRT","36-47",324.914040657013,125852.863340359,258.16976430509,"IHME 2-4 rate shared; deaths and person-time divided equally","Mauritania",6.4035707842887,3752789,4466969.5,0.840119682930452,6.24065886133862,"estimated",TRUE,2015,2020,-0.255166592214067,0.0410028276860248,0.774787413658487,0.714958587359136,0.839622807498456,0,1,0.225212586341513,0.160377192501544,0.285041412640864,200.026683970762,58.143080334328,41.4045419880356,73.5890743186818,251.739309221975,73.1747314350372,52.1088016449041,92.613957135726,"age_band_separate_v1","posterior_median","conditional model uncertainty only; HIV imputation held fixed",TRUE,FALSE,FALSE
"MRT","48-59",324.914040657013,125852.863340359,258.16976430509,"IHME 2-4 rate shared; deaths and person-time divided equally","Mauritania",6.4035707842887,3752789,4466969.5,0.840119682930452,6.24065886133862,"estimated",TRUE,2015,2020,-0.25239727645115,0.0478483354461414,0.776936018365326,0.707386355492657,0.853323748678994,0,1,0.223063981634674,0.146676251321006,0.292613644507343,200.581388741511,57.5883755635788,37.8673732326982,75.5439956349142,252.437421059049,72.4766195979637,47.6571734851314,95.0742815882556,"age_band_separate_v1","posterior_median","conditional model uncertainty only; HIV imputation held fixed",TRUE,FALSE,FALSE
"MWI","<1",14702.0197469325,45757.3082434952,32130.4296762746,"0-27 days mapped to model <1 completed month","Malawi",18.220052663991,18836400,18840828,0.999764978481837,18.2148898333117,"estimated",FALSE,2015,2020,-0.024172579017582,0.027573735422309,0.976117237867015,0.924764556516492,1.03032156168513,0,1,0.0238827621329852,-0.0303215616851313,0.0752354434835077,31363.0662670856,767.363409189077,-974.244805398936,2417.34712601018,14350.894906442,351.12484049044,-445.788198652631,1106.11297576375,"age_band_separate_v1","posterior_median","conditional model uncertainty only; HIV imputation held fixed",TRUE,FALSE,FALSE
"MWI","1-5",6244.49238726967,250021.842869662,2497.57873776051,"direct age match","Malawi",18.220052663991,18836400,18840828,0.999764978481837,18.2148898333117,"estimated",FALSE,2015,2020,-0.0752323592094229,0.0378413981232047,0.92752794162839,0.861224438478235,0.998935984702831,0,1,0.0724720583716097,0.00106401529716904,0.138775561521765,2316.57406568984,181.004672070671,2.65746198286133,346.602891777536,5791.94117047839,452.55121679128,6.64423542311055,866.582937461735,"age_band_separate_v1","posterior_median","conditional model uncertainty only; HIV imputation held fixed",TRUE,FALSE,FALSE
"MWI","6-11",5250.94758747727,289839.689279597,1811.67306676619,"direct age match","Malawi",18.220052663991,18836400,18840828,0.999764978481837,18.2148898333117,"estimated",FALSE,2015,2020,-0.239052391438712,0.0540718543883066,0.787373629654791,0.708198201660992,0.875400744059682,0,1,0.212626370345209,0.124599255940318,0.291801798339008,1426.46359832752,385.209468438668,225.733116126182,528.649458884721,4134.45766107905,1116.48992639822,654.264162381276,1532.23594900974,"age_band_separate_v1","posterior_median","conditional model uncertainty only; HIV imputation held fixed",TRUE,FALSE,FALSE
"MWI","12-23",5095.87002682978,573318.687585312,888.83724483017,"direct age match","Malawi",18.220052663991,18836400,18840828,0.999764978481837,18.2148898333117,"estimated",FALSE,2015,2020,-0.543376824592749,0.0782876389019422,0.580783732530228,0.498168065844949,0.677100294254366,0,1,0.419216267469772,0.322899705745634,0.501831934155051,516.22221266435,372.61503216582,287.005284811422,446.046913722171,2959.59841467111,2136.27161215867,1645.45493218133,2557.27031176674,"age_band_separate_v1","posterior_median","conditional model uncertainty only; HIV imputation held fixed",TRUE,FALSE,FALSE
"MWI","24-35",2865.2242206291,556129.192214153,515.20838336531,"IHME 2-4 rate shared; deaths and person-time divided equally","Malawi",18.220052663991,18836400,18840828,0.999764978481837,18.2148898333117,"estimated",FALSE,2015,2020,-0.698748318273487,0.0860439573077439,0.497207259706045,0.420045863152617,0.58854301587199,0,1,0.502792740293955,0.41145698412801,0.579954136847383,256.165348470647,259.043034894663,211.986087616958,298.797233271164,1424.61028318238,1440.61393744672,1178.91651667058,1661.69863974916,"age_band_separate_v1","posterior_median","conditional model uncertainty only; HIV imputation held fixed",TRUE,FALSE,FALSE
"MWI","36-47",2865.2242206291,556129.192214153,515.20838336531,"IHME 2-4 rate shared; deaths and person-time divided equally","Malawi",18.220052663991,18836400,18840828,0.999764978481837,18.2148898333117,"estimated",FALSE,2015,2020,-0.634104758912254,0.0917320017702305,0.530410120764099,0.443128191878126,0.634883768095626,0,1,0.469589879235901,0.365116231904374,0.556871808121874,273.27174083947,241.93664252584,188.110943579886,286.905024004188,1519.7439248801,1345.480295749,1046.13987099724,1595.56259241631,"age_band_separate_v1","posterior_median","conditional model uncertainty only; HIV imputation held fixed",TRUE,FALSE,FALSE
"MWI","48-59",2865.2242206291,556129.192214153,515.20838336531,"IHME 2-4 rate shared; deaths and person-time divided equally","Malawi",18.220052663991,18836400,18840828,0.999764978481837,18.2148898333117,"estimated",FALSE,2015,2020,-0.600588453558995,0.106482730656246,0.548488780935499,0.44517368454278,0.675781056378232,0,1,0.451511219064501,0.324218943621768,0.55482631545722,282.586018119788,232.622365245522,167.04031779978,285.851169035246,1571.54333987972,1293.68088074938,928.959970051869,1589.70179729043,"age_band_separate_v1","posterior_median","conditional model uncertainty only; HIV imputation held fixed",TRUE,FALSE,FALSE
"NAM","<1",1017.92909068083,4819.7953916428,21119.757333389,"0-27 days mapped to model <1 completed month","Namibia",0.747527078008077,1453226.125,2376921.75,0.611389973186959,0.65783335217628,"estimated",TRUE,2015,2020,-0.000995696773599949,0.00133640212865626,0.999004798767949,0.996391529419882,1.00162492202483,0,1,0.000995201232050769,-0.00162492202483033,0.00360847058011815,21098.7389248702,21.018408518802,-34.3179588500958,76.2100229967689,1016.91604639564,1.01304428518588,-1.65405539916279,3.67316717636818,"age_band_separate_v1","posterior_median","conditional model uncertainty only; HIV imputation held fixed",TRUE,TRUE,FALSE
"NAM","1-5",673.011063616505,26479.537100308,2541.62699697903,"direct age match","Namibia",0.747527078008077,1453226.125,2376921.75,0.611389973186959,0.65783335217628,"estimated",TRUE,2015,2020,-0.00317510620150242,0.00180953492030855,0.996829929117559,0.993300810817962,1.00037158609208,0,1,0.00317007088244103,-0.000371586092084097,0.00669918918203827,2533.56985924188,8.05713773714927,-0.944433243342878,17.0268400829383,670.877570840174,2.13349277633135,-0.250081551058619,4.50862843677176,"age_band_separate_v1","posterior_median","conditional model uncertainty only; HIV imputation held fixed",TRUE,TRUE,FALSE
"NAM","6-11",350.967195269118,30900.0886767162,1135.81290636741,"direct age match","Namibia",0.747527078008077,1453226.125,2376921.75,0.611389973186959,0.65783335217628,"estimated",TRUE,2015,2020,-0.0104217534944196,0.00271166005956176,0.989632364812814,0.98438666237183,0.994906021100748,0,1,0.0103676351871858,0.00509397889925223,0.0156133376281695,1124.0372125133,11.7756938541145,5.78580697853393,17.7338303895469,347.328495425898,3.63869984322,1.78781948703062,5.47976931614844,"age_band_separate_v1","posterior_median","conditional model uncertainty only; HIV imputation held fixed",TRUE,TRUE,FALSE
"NAM","12-23",408.526935834117,63331.1774717597,645.0644882077,"direct age match","Namibia",0.747527078008077,1453226.125,2376921.75,0.611389973186959,0.65783335217628,"estimated",TRUE,2015,2020,-0.026502145912913,0.00418766333117971,0.973845954044685,0.965885660910894,0.981871851493086,0,1,0.0261540459553153,0.0181281485069141,0.0341143390891062,628.193441938974,16.8710462687262,11.6938248387657,22.0059486850582,397.842303580327,10.6846322537897,7.40583696187545,13.9366264160786,"age_band_separate_v1","posterior_median","conditional model uncertainty only; HIV imputation held fixed",TRUE,TRUE,FALSE
"NAM","24-35",155.732860478017,63977.7792975178,243.41710854609,"IHME 2-4 rate shared; deaths and person-time divided equally","Namibia",0.747527078008077,1453226.125,2376921.75,0.611389973186959,0.65783335217628,"estimated",TRUE,2015,2020,-0.0336734916050936,0.00461951298963112,0.966887149875654,0.958172388755451,0.975681173414888,0,1,0.0331128501243461,0.0243188265851119,0.0418276112445486,235.356874313102,8.06023423298836,5.91961845058171,10.1815561865379,150.576101609573,5.15675886844427,3.78724042756831,6.51393354607601,"age_band_separate_v1","posterior_median","conditional model uncertainty only; HIV imputation held fixed",TRUE,TRUE,FALSE
"NAM","36-47",155.732860478017,63977.7792975178,243.41710854609,"IHME 2-4 rate shared; deaths and person-time divided equally","Namibia",0.747527078008077,1453226.125,2376921.75,0.611389973186959,0.65783335217628,"estimated",TRUE,2015,2020,-0.0303087839839583,0.0049333534814594,0.970145921770484,0.960810596804015,0.979571949621081,0,1,0.0298540782295157,0.0204280503789193,0.0391894031959853,236.150115145153,7.26699340093748,4.97253695647038,9.53937121161364,151.0835994784,4.64926099961697,3.18131871949813,6.10307786013712,"age_band_separate_v1","posterior_median","conditional model uncertainty only; HIV imputation held fixed",TRUE,TRUE,FALSE
"NAM","48-59",155.732860478017,63977.7792975178,243.41710854609,"IHME 2-4 rate shared; deaths and person-time divided equally","Namibia",0.747527078008077,1453226.125,2376921.75,0.611389973186959,0.65783335217628,"estimated",TRUE,2015,2020,-0.0301309992602013,0.00576034906809897,0.970318414227998,0.959425054043198,0.981335458170707,0,1,0.0296815857720021,0.0186645418292933,0.0405749459568022,236.192102760406,7.22500578568351,4.54326880442413,9.87663602421866,151.110462222219,4.62239825579749,2.90668248858745,6.31885239759375,"age_band_separate_v1","posterior_median","conditional model uncertainty only; HIV imputation held fixed",TRUE,TRUE,FALSE
"NER","<1",31550.2656539448,73816.8681138123,42741.2683037432,"0-27 days mapped to model <1 completed month","Niger",24.4675094266675,22709510,23845426,0.952363358910006,24.4306228831509,"estimated",FALSE,2015,2020,-0.0321979907701047,0.0325419349397241,0.968314845696804,0.90848308380273,1.0320870659166,0,1,0.0316851543031964,-0.0320870659166008,0.0915169161972704,41387.0046224248,1354.26368131842,-1371.44189342133,3911.54906951872,30550.5906183927,999.675035552079,-1012.35545372439,2887.38301785369,"age_band_separate_v1","posterior_median","conditional model uncertainty only; HIV imputation held fixed",TRUE,FALSE,FALSE
"NER","1-5",15375.1956053344,399231.251441925,3851.20041324495,"direct age match","Niger",24.4675094266675,22709510,23845426,0.952363358910006,24.4306228831509,"estimated",FALSE,2015,2020,-0.0986848313654447,0.0451975618820375,0.906028214705107,0.829219464518709,0.98995158816994,0,1,0.0939717852948931,0.0100484118300599,0.170780535481291,3489.29623488389,361.904178361058,38.6984477923821,657.710068819742,13930.3610250429,1444.83458029147,154.496297410127,2625.7841386086,"age_band_separate_v1","posterior_median","conditional model uncertainty only; HIV imputation held fixed",TRUE,FALSE,FALSE
"NER","6-11",16537.748309585,455377.186493206,3631.65938042259,"direct age match","Niger",24.4675094266675,22709510,23845426,0.952363358910006,24.4306228831509,"estimated",FALSE,2015,2020,-0.30532981644743,0.0616864717314904,0.736880299066292,0.652964131911398,0.831581014354564,0,1,0.263119700933708,0.168418985645436,0.347035868088602,2676.0982503527,955.561130069888,611.640389060506,1260.31606568707,12186.34092025,4351.40738933494,2785.27079515983,5739.19184084763,"age_band_separate_v1","posterior_median","conditional model uncertainty only; HIV imputation held fixed",TRUE,FALSE,FALSE
"NER","12-23",25317.5346345158,879313.677633889,2879.23812383332,"direct age match","Niger",24.4675094266675,22709510,23845426,0.952363358910006,24.4306228831509,"estimated",FALSE,2015,2020,-0.625680809068473,0.0837355885704212,0.534897141703405,0.453935779001362,0.630298305262283,0,1,0.465102858296595,0.369701694737717,0.546064220998638,1540.09624272192,1339.1418811114,1064.45921393462,1572.24892316062,13542.2769109794,11775.2577235363,9359.93546096131,13824.9998278029,"age_band_separate_v1","posterior_median","conditional model uncertainty only; HIV imputation held fixed",TRUE,FALSE,FALSE
"NER","24-35",14000.0964291407,804138.358800553,1741.00591968068,"IHME 2-4 rate shared; deaths and person-time divided equally","Niger",24.4675094266675,22709510,23845426,0.952363358910006,24.4306228831509,"estimated",FALSE,2015,2020,-0.813925037374872,0.0915440211029575,0.443115403931092,0.370334724409407,0.530199433807204,0,1,0.556884596068908,0.469800566192796,0.629665275590592,771.466541345727,969.539378334953,817.925566810993,1096.25097222059,6203.65838427292,7796.43804486778,6577.25322916404,8815.37457634975,"age_band_separate_v1","posterior_median","conditional model uncertainty only; HIV imputation held fixed",TRUE,FALSE,FALSE
"NER","36-47",14000.0964291407,804138.358800553,1741.00591968068,"IHME 2-4 rate shared; deaths and person-time divided equally","Niger",24.4675094266675,22709510,23845426,0.952363358910006,24.4306228831509,"estimated",FALSE,2015,2020,-0.74439740424272,0.0975512714208793,0.475020459025358,0.392352588551365,0.575106277049887,0,1,0.524979540974642,0.424893722950113,0.607647411448635,827.013431132582,913.992488548098,739.74248689131,1057.91774041072,6650.33223216969,7349.76419697101,5948.55309343818,8507.12235519863,"age_band_separate_v1","posterior_median","conditional model uncertainty only; HIV imputation held fixed",TRUE,FALSE,FALSE
"NER","48-59",14000.0964291407,804138.358800553,1741.00591968068,"IHME 2-4 rate shared; deaths and person-time divided equally","Niger",24.4675094266675,22709510,23845426,0.952363358910006,24.4306228831509,"estimated",FALSE,2015,2020,-0.670728514287516,0.112575730101542,0.511335926533943,0.410092354070209,0.637574505277322,0,1,0.488664073466057,0.362425494722678,0.589907645929791,890.238875041,850.76704463968,630.984931755382,1027.03270362866,7158.75227915921,6841.34414998149,5073.99187449652,8258.76392730446,"age_band_separate_v1","posterior_median","conditional model uncertainty only; HIV imputation held fixed",TRUE,FALSE,FALSE
"NGA","<1",268100.049484388,601724.915197471,44555.2515299128,"0-27 days mapped to model <1 completed month","Nigeria",24.7148386742744,218096896,218103712,0.999968748812492,24.7638677988747,"estimated",FALSE,2015,2020,-0.0324972651607011,0.0326980638716961,0.968025097220764,0.907933362207406,1.03209401466537,0,1,0.0319749027792359,-0.0320940146653705,0.0920666377925938,43130.6016939395,1424.64983597336,-1429.9568960203,4102.0522043624,259527.576467016,8572.47301737163,-8604.40691993851,24683.0701480556,"age_band_separate_v1","posterior_median","conditional model uncertainty only; HIV imputation held fixed",TRUE,FALSE,FALSE
"NGA","1-5",114973.333219869,3261088.98017914,3525.61165667897,"direct age match","Nigeria",24.7148386742744,218096896,218103712,0.999968748812492,24.7638677988747,"estimated",FALSE,2015,2020,-0.0995735376025367,0.0454370229305672,0.905223379463738,0.828094114574525,0.989536518018575,0,1,0.0947766205362619,0.010463481981425,0.171905885425475,3191.46609853569,334.145558143284,36.8901740431623,606.073393507773,104076.5492455,10896.7839743687,1203.02140049047,19764.5926474798,"age_band_separate_v1","posterior_median","conditional model uncertainty only; HIV imputation held fixed",TRUE,FALSE,FALSE
"NGA","6-11",109035.861174101,3743865.42782702,2912.3872979961,"direct age match","Nigeria",24.7148386742744,218096896,218103712,0.999968748812492,24.7638677988747,"estimated",FALSE,2015,2020,-0.307736523807465,0.0618913153570613,0.735108976209936,0.65113305450101,0.829915181189103,0,1,0.264891023790064,0.170084818810897,0.34886694549899,2140.92204495673,771.465253039366,495.352865886825,1016.03566076196,80153.2402778623,28882.620896239,18545.3446916871,38039.0078376606,"age_band_separate_v1","posterior_median","conditional model uncertainty only; HIV imputation held fixed",TRUE,FALSE,FALSE
"NGA","12-23",118366.300610282,7285957.0569501,1624.58136501604,"direct age match","Nigeria",24.7148386742744,218096896,218103712,0.999968748812492,24.7638677988747,"estimated",FALSE,2015,2020,-0.627746759641066,0.0837866758524417,0.533793211372619,0.452953582020063,0.629060468484988,0,1,0.466206788627381,0.370939531515012,0.547046417979937,867.190503968026,757.390861048015,602.621450447069,888.721416448982,63183.1277210595,55183.172889223,43906.7400955433,64751.8607583915,"age_band_separate_v1","posterior_median","conditional model uncertainty only; HIV imputation held fixed",TRUE,FALSE,FALSE
"NGA","24-35",84661.2039570538,6770582.54617989,1250.42717343165,"IHME 2-4 rate shared; deaths and person-time divided equally","Nigeria",24.7148386742744,218096896,218103712,0.999968748812492,24.7638677988747,"estimated",FALSE,2015,2020,-0.817000665211927,0.0915754898443493,0.44175463953484,0.369174691904702,0.528603844818623,0,1,0.55824536046516,0.471396155181377,0.630825308095298,552.382005263867,698.045168167783,589.446561889997,788.801106930753,37399.4796366338,47261.72432042,39908.9660383815,53406.4300699273,"age_band_separate_v1","posterior_median","conditional model uncertainty only; HIV imputation held fixed",TRUE,FALSE,FALSE
"NGA","36-47",84661.2039570538,6770582.54617989,1250.42717343165,"IHME 2-4 rate shared; deaths and person-time divided equally","Nigeria",24.7148386742744,218096896,218103712,0.999968748812492,24.7638677988747,"estimated",FALSE,2015,2020,-0.747451038305346,0.0975862401934861,0.473572132825773,0.391129506772318,0.573392089080364,0,1,0.526427867174227,0.426607910919636,0.608870493227682,592.16746346533,658.25970996632,533.442124214821,761.348209832625,40093.1869255398,44568.017031514,36117.1393560599,51547.7090105807,"age_band_separate_v1","posterior_median","conditional model uncertainty only; HIV imputation held fixed",TRUE,FALSE,FALSE
"NGA","48-59",84661.2039570538,6770582.54617989,1250.42717343165,"IHME 2-4 rate shared; deaths and person-time divided equally","Nigeria",24.7148386742744,218096896,218103712,0.999968748812492,24.7638677988747,"estimated",FALSE,2015,2020,-0.671939835685868,0.112588914675769,0.510716909374442,0.40958531681917,0.636819121218982,0,1,0.489283090625558,0.363180878781018,0.59041468318083,638.614301412832,611.812872018818,454.131239698571,738.270563442348,43237.9084288658,41423.295528188,30747.3304517818,49985.2179120116,"age_band_separate_v1","posterior_median","conditional model uncertainty only; HIV imputation held fixed",TRUE,FALSE,FALSE
"RWA","<1",8829.00035207347,28432.223379312,31052.7960978869,"0-27 days mapped to model <1 completed month","Rwanda",3.51517020020461,11468817,14079020,0.814603360177058,3.35546892346388,"estimated",TRUE,2015,2020,-0.00468150755611604,0.00624841824351859,0.995329433619991,0.983214294314395,1.0075938553366,0,1,0.00467056638000873,-0.00759385533659707,0.0167857056856053,30907.7619524268,145.034145460057,-235.810441364199,521.243096014243,8787.76391985999,41.2364322134796,-67.0461514404105,148.201001408011,"age_band_separate_v1","posterior_median","conditional model uncertainty only; HIV imputation held fixed",TRUE,FALSE,FALSE
"RWA","1-5",4149.02633322463,155623.929879428,2666.05934989507,"direct age match","Rwanda",3.51517020020461,11468817,14079020,0.814603360177058,3.35546892346388,"estimated",TRUE,2015,2020,-0.0149159345030814,0.00846412979494627,0.98519475700878,0.968985797499884,1.0016748560628,0,1,0.0148052429912198,-0.00167485606279572,0.031014202500116,2626.58769339086,39.4716565042099,-4.46526566594496,82.6857045549733,4087.59899018427,61.4273430403603,-6.94902190890036,128.678742876943,"age_band_separate_v1","posterior_median","conditional model uncertainty only; HIV imputation held fixed",TRUE,FALSE,FALSE
"RWA","6-11",3233.0146264543,180702.149766335,1789.14010189414,"direct age match","Rwanda",3.51517020020461,11468817,14079020,0.814603360177058,3.35546892346388,"estimated",TRUE,2015,2020,-0.048905386522125,0.0126658740792015,0.952271223128712,0.928922428597108,0.976206897887658,0,1,0.0477287768712882,0.0237931021123415,0.071077571402892,1703.74663317936,85.3934687147792,42.5691931376524,127.167733342158,3078.70679272665,154.307833727648,76.9234471379209,229.7948279584,"age_band_separate_v1","posterior_median","conditional model uncertainty only; HIV imputation held fixed",TRUE,FALSE,FALSE
"RWA","12-23",3247.97368325217,356767.217114531,910.39017248311,"direct age match","Rwanda",3.51517020020461,11468817,14079020,0.814603360177058,3.35546892346388,"estimated",TRUE,2015,2020,-0.123925493134817,0.0195244065008198,0.883445661197463,0.850277402637725,0.917907772060548,0,1,0.116554338802537,0.0820922279394521,0.149722597362275,804.280247877014,106.109924606096,74.7359575533206,136.305981237261,2869.40825815267,378.565425099496,266.633395946879,486.295056020831,"age_band_separate_v1","posterior_median","conditional model uncertainty only; HIV imputation held fixed",TRUE,FALSE,FALSE
"RWA","24-35",1577.94541528246,343407.379547304,459.49665303133,"IHME 2-4 rate shared; deaths and person-time divided equally","Rwanda",3.51517020020461,11468817,14079020,0.814603360177058,3.35546892346388,"estimated",TRUE,2015,2020,-0.157515838167226,0.0215359788952649,0.854263283536594,0.818955459040611,0.891093342797456,0,1,0.145736716463406,0.108906657202544,0.181044540959389,392.531119592619,66.965533438711,50.0422444773993,83.1893606204327,1347.98083170071,229.964583581751,171.848760426492,285.678403368785,"age_band_separate_v1","posterior_median","conditional model uncertainty only; HIV imputation held fixed",TRUE,FALSE,FALSE
"RWA","36-47",1577.94541528246,343407.379547304,459.49665303133,"IHME 2-4 rate shared; deaths and person-time divided equally","Rwanda",3.51517020020461,11468817,14079020,0.814603360177058,3.35546892346388,"estimated",TRUE,2015,2020,-0.141811841545471,0.0229976446538094,0.867784522120074,0.829537969203713,0.907794464856177,0,1,0.132215477879926,0.0922055351438228,0.170462030796287,398.744083466566,60.752569564764,42.3681347895492,78.3267326198174,1369.31660813245,208.628807150009,145.495301443861,268.979779974738,"age_band_separate_v1","posterior_median","conditional model uncertainty only; HIV imputation held fixed",TRUE,FALSE,FALSE
"RWA","48-59",1577.94541528246,343407.379547304,459.49665303133,"IHME 2-4 rate shared; deaths and person-time divided equally","Rwanda",3.51517020020461,11468817,14079020,0.814603360177058,3.35546892346388,"estimated",TRUE,2015,2020,-0.140777208510066,0.0268483580054986,0.868682825281202,0.824153052294536,0.915618584239433,0,1,0.131317174718798,0.0843814157605666,0.175846947705464,399.156850762512,60.3398022688182,38.7729781200255,80.8010839164359,1370.73408148709,207.211333795373,133.149268134429,277.476884923251,"age_band_separate_v1","posterior_median","conditional model uncertainty only; HIV imputation held fixed",TRUE,FALSE,FALSE
"SEN","<1",12701.1357296475,38162.1760019853,33282.0008193106,"0-27 days mapped to model <1 completed month","Senegal",3.7940130969993,16901276,16976144,0.99558981120801,3.67187463626026,"estimated",FALSE,2015,2020,-0.00505274802172646,0.00673736785217378,0.994959995637026,0.981907916545979,1.00818557039475,0,1,0.00504000436297425,-0.00818557039475221,0.0180920834540211,33114.2593899728,167.741429337838,-272.432160584668,602.140736339767,12637.1219501553,64.0137794921515,-103.966040608332,229.790007581632,"age_band_separate_v1","posterior_median","conditional model uncertainty only; HIV imputation held fixed",TRUE,FALSE,FALSE
"SEN","1-5",3940.37726235594,208191.105359571,1892.67320308927,"direct age match","Senegal",3.7940130969993,16901276,16976144,0.99558981120801,3.67187463626026,"estimated",FALSE,2015,2020,-0.0160963989354432,0.00912713194427699,0.984032455801771,0.966585762804825,1.00179405835795,0,1,0.0159675441982288,-0.00179405835795432,0.0334142371951748,1862.45186006614,30.2213430231311,-3.39556617887848,63.2422313409761,3877.45911426158,62.9181480943642,-7.06926676102284,131.664700482835,"age_band_separate_v1","posterior_median","conditional model uncertainty only; HIV imputation held fixed",TRUE,FALSE,FALSE
"SEN","6-11",2329.10648495378,241592.859787395,964.06263289545,"direct age match","Senegal",3.7940130969993,16901276,16976144,0.99558981120801,3.67187463626026,"estimated",FALSE,2015,2020,-0.0527657502769838,0.0136546180414939,0.948602196259764,0.923551873973369,0.974331980809554,0,1,0.0513978037402356,0.0256680191904459,0.0764481260266306,914.511930896595,49.5507019988552,24.7455781619522,73.7007816571567,2209.39552695001,119.710958003764,59.7835499523856,178.055826091189,"age_band_separate_v1","posterior_median","conditional model uncertainty only; HIV imputation held fixed",TRUE,FALSE,FALSE
"SEN","12-23",2461.9691116352,482887.601151678,509.84309925611,"direct age match","Senegal",3.7940130969993,16901276,16976144,0.99558981120801,3.67187463626026,"estimated",FALSE,2015,2020,-0.13362513853299,0.021041813219127,0.87491797617485,0.83956923461707,0.911755020874524,0,1,0.12508202382515,0.0882449791254756,0.16043076538293,446.070892567869,63.7722066882411,44.9910936511232,81.7945186388628,2154.02103255686,307.948079078338,217.256412863814,394.975588928767,"age_band_separate_v1","posterior_median","conditional model uncertainty only; HIV imputation held fixed",TRUE,FALSE,FALSE
"SEN","24-35",1453.18877426352,469395.404603099,309.58734576711,"IHME 2-4 rate shared; deaths and person-time divided equally","Senegal",3.7940130969993,16901276,16976144,0.99558981120801,3.67187463626026,"estimated",FALSE,2015,2020,-0.169855290073478,0.0232093670749977,0.843786912104006,0.806263381625892,0.883056789212303,0,1,0.156213087895994,0.116943210787697,0.193736618374108,261.225750511305,48.3615952558051,36.2041382332469,59.9784054603358,1226.18166854002,227.007105723499,169.940561143015,281.53587898503,"age_band_separate_v1","posterior_median","conditional model uncertainty only; HIV imputation held fixed",TRUE,FALSE,FALSE
"SEN","36-47",1453.18877426352,469395.404603099,309.58734576711,"IHME 2-4 rate shared; deaths and person-time divided equally","Senegal",3.7940130969993,16901276,16976144,0.99558981120801,3.67187463626026,"estimated",FALSE,2015,2020,-0.152927712215113,0.0247843361513862,0.858191756350272,0.817500210717327,0.90090874719325,0,1,0.141808243649728,0.0990912528067504,0.182499789282673,265.685308007695,43.902037759415,30.6773979451795,56.4996253670797,1247.11462649371,206.074147769811,143.998296206478,265.206645091039,"age_band_separate_v1","posterior_median","conditional model uncertainty only; HIV imputation held fixed",TRUE,FALSE,FALSE
"SEN","48-59",1453.18877426352,469395.404603099,309.58734576711,"IHME 2-4 rate shared; deaths and person-time divided equally","Senegal",3.7940130969993,16901276,16976144,0.99558981120801,3.67187463626026,"estimated",FALSE,2015,2020,-0.151773790681164,0.0289333694474552,0.859182613874153,0.811815523248201,0.909313437405074,0,1,0.140817386125847,0.0906865625949258,0.188184476751799,265.992064958547,43.5952808085634,28.075412210506,58.2595326721617,1248.55452952431,204.634244739213,131.784694739492,273.467569106368,"age_band_separate_v1","posterior_median","conditional model uncertainty only; HIV imputation held fixed",TRUE,FALSE,FALSE
"SLE","<1",8139.75749772096,18926.4960310853,43007.2079076446,"0-27 days mapped to model <1 completed month","Sierra Leone",39.4884460983626,6789265,6801716.5,0.99816935916103,38.3996505346789,"estimated",FALSE,2015,2020,-0.042901589103483,0.0394293177796834,0.958005663624408,0.88675935831386,1.03497622317914,0,1,0.0419943363755925,-0.0349762231791448,0.113240641686139,41201.1487521959,1806.05915544867,-1504.22970208966,4870.16382059089,7797.93378334591,341.823714375045,-284.697974864406,921.751362211486,"age_band_separate_v1","posterior_median","conditional model uncertainty only; HIV imputation held fixed",TRUE,FALSE,FALSE
"SLE","1-5",6260.26688050819,102062.833153071,6133.73809751022,"direct age match","Sierra Leone",39.4884460983626,6789265,6801716.5,0.99816935916103,38.3996505346789,"estimated",FALSE,2015,2020,-0.14519119205801,0.0560690408855328,0.864856923527476,0.774851025830355,0.965317813668575,0,1,0.135143076472524,0.0346821863314252,0.225148974169645,5304.80586073596,828.932236774256,212.731447606011,1381.0048404797,5414.23515473726,846.031725770926,217.119742434235,1409.49266617462,"age_band_separate_v1","posterior_median","conditional model uncertainty only; HIV imputation held fixed",TRUE,FALSE,FALSE
"SLE","6-11",5863.36316495412,115641.897883552,5070.27580164616,"direct age match","Sierra Leone",39.4884460983626,6789265,6801716.5,0.99816935916103,38.3996505346789,"estimated",FALSE,2015,2020,-0.424381694299676,0.0692515439891353,0.654174139709181,0.57114496271339,0.749273534745323,0,1,0.345825860290819,0.250726465254677,0.42885503728661,3316.84331063016,1753.432491016,1271.25232961307,2174.41331796836,3835.66055423636,2027.70261071776,1470.10032085342,2514.53282873134,"age_band_separate_v1","posterior_median","conditional model uncertainty only; HIV imputation held fixed",TRUE,FALSE,FALSE
"SLE","12-23",4500.10393211015,215230.496387692,2090.83006713146,"direct age match","Sierra Leone",39.4884460983626,6789265,6801716.5,0.99816935916103,38.3996505346789,"estimated",FALSE,2015,2020,-0.671740769552645,0.0837736402665177,0.510818585934607,0.433469394000553,0.601970130642946,0,1,0.489181414065393,0.398029869357054,0.566530605999447,1068.03485832165,1022.79520880981,832.212818468135,1184.51922497385,2298.73672715927,2201.36720495088,1791.17578019097,2549.44660771886,"age_band_separate_v1","posterior_median","conditional model uncertainty only; HIV imputation held fixed",TRUE,FALSE,FALSE
"SLE","24-35",1964.93857356569,199158.064707796,986.62264892393,"IHME 2-4 rate shared; deaths and person-time divided equally","Sierra Leone",39.4884460983626,6789265,6801716.5,0.99816935916103,38.3996505346789,"estimated",FALSE,2015,2020,-0.880408198394104,0.0903999675158018,0.414613632515223,0.347292165105762,0.494985149506952,0,1,0.585386367484777,0.505014850493048,0.652707834894238,409.067200392143,577.555448531787,498.259089539374,643.976333036756,814.690319655353,1150.24825391034,992.3231599573,1282.53080205223,"age_band_separate_v1","posterior_median","conditional model uncertainty only; HIV imputation held fixed",TRUE,FALSE,FALSE
"SLE","36-47",1964.93857356569,199158.064707796,986.62264892393,"IHME 2-4 rate shared; deaths and person-time divided equally","Sierra Leone",39.4884460983626,6789265,6801716.5,0.99816935916103,38.3996505346789,"estimated",FALSE,2015,2020,-0.811021464531279,0.096438787542411,0.444403891488023,0.3678654565639,0.536866985594208,0,1,0.555596108511977,0.463133014405792,0.6321345434361,438.458944612016,548.163704311914,456.937521477167,623.678257721244,873.226348627517,1091.71222493817,910.027924697695,1242.10554808093,"age_band_separate_v1","posterior_median","conditional model uncertainty only; HIV imputation held fixed",TRUE,FALSE,FALSE
"SLE","48-59",1964.93857356569,199158.064707796,986.62264892393,"IHME 2-4 rate shared; deaths and person-time divided equally","Sierra Leone",39.4884460983626,6789265,6801716.5,0.99816935916103,38.3996505346789,"estimated",FALSE,2015,2020,-0.636802298703734,0.110237498052983,0.528981246446658,0.426192641585944,0.656560277650483,0,1,0.471018753553342,0.343439722349517,0.573807358414056,521.904878600284,464.717770323646,338.84540861018,566.131335930519,1039.4156558359,925.522917729793,674.837958139257,1127.49621234361,"age_band_separate_v1","posterior_median","conditional model uncertainty only; HIV imputation held fixed",TRUE,FALSE,FALSE
"SOM","<1",21535.08704172,55226.6702263226,38993.9986486018,"0-27 days mapped to model <1 completed month","Somalia",3.06207942936047,11021038,11209545,0.983183349547194,3.0605448008758,"estimated",FALSE,2015,2020,-0.00407822558794934,0.00545094083106118,0.995930079080751,0.985346548991935,1.00662728603712,0,1,0.0040699209192494,-0.00662728603711682,0.0146534510080654,38835.2961577767,158.702490825128,-258.424382775231,571.396648805854,21447.4409404711,87.6461012489531,-142.719181659687,315.563342920268,"age_band_separate_v1","posterior_median","conditional model uncertainty only; HIV imputation held fixed",TRUE,FALSE,FALSE
"SOM","1-5",13301.1211542096,297416.174768108,4472.22521255957,"direct age match","Somalia",3.06207942936047,11021038,11209545,0.983183349547194,3.0605448008758,"estimated",FALSE,2015,2020,-0.0129965763624856,0.00738307459636691,0.987087514444347,0.972906654983922,1.00147507078983,0,1,0.0129124855556529,-0.00147507078982945,0.0270933450160784,4414.47766910077,57.7475434588023,-6.59684877658541,121.167540673481,13129.3706194318,171.750534777721,-19.6200952865571,360.371864531659,"age_band_separate_v1","posterior_median","conditional model uncertainty only; HIV imputation held fixed",TRUE,FALSE,FALSE
"SOM","6-11",11689.3011415305,337690.713789838,3461.54059445215,"direct age match","Somalia",3.06207942936047,11021038,11209545,0.983183349547194,3.0605448008758,"estimated",FALSE,2015,2020,-0.0426241903895265,0.0110521542050459,0.958271450026159,0.937736754784721,0.979255816997437,0,1,0.0417285499738413,0.0207441830025632,0.0622632452152794,3317.09552477007,144.445069682077,71.8068315621168,215.526750855018,11201.5235546868,487.777586843635,242.485002051979,727.813823370356,"age_band_separate_v1","posterior_median","conditional model uncertainty only; HIV imputation held fixed",TRUE,FALSE,FALSE
"SOM","12-23",12086.6639317231,652029.223445081,1853.6997265033,"direct age match","Somalia",3.06207942936047,11021038,11209545,0.983183349547194,3.0605448008758,"estimated",FALSE,2015,2020,-0.108106272582283,0.0170448086546718,0.897532208296495,0.8680434710953,0.928022722079944,0,1,0.102467791703505,0.071977277920056,0.1319565289047,1663.75520904712,189.944517456184,133.42426039486,244.607781540967,10848.170169577,1238.49376214606,869.965168939948,1594.91421846781,"age_band_separate_v1","posterior_median","conditional model uncertainty only; HIV imputation held fixed",TRUE,FALSE,FALSE
"SOM","24-35",5460.08361320422,583542.882790335,935.67821221564,"IHME 2-4 rate shared; deaths and person-time divided equally","Somalia",3.06207942936047,11021038,11209545,0.983183349547194,3.0605448008758,"estimated",FALSE,2015,2020,-0.137396167583602,0.0188013291363554,0.871624848212935,0.840090129772643,0.904343294960305,0,1,0.128375151787065,0.0956567050396951,0.159909870227357,815.560379698608,120.117832517032,89.5038947579808,149.624181489968,4759.14455058906,700.939062615156,522.293607680349,873.121262018003,"age_band_separate_v1","posterior_median","conditional model uncertainty only; HIV imputation held fixed",TRUE,FALSE,FALSE
"SOM","36-47",5460.08361320422,583542.882790335,935.67821221564,"IHME 2-4 rate shared; deaths and person-time divided equally","Somalia",3.06207942936047,11021038,11209545,0.983183349547194,3.0605448008758,"estimated",FALSE,2015,2020,-0.12369023436157,0.0200777123502669,0.88365352398976,0.849555652916284,0.919119951446509,0,1,0.11634647601024,0.0808800485534911,0.150444347083716,826.815349544789,108.862862670851,75.6776992344447,140.76749771724,4824.82212608665,635.261487117566,441.611827742078,821.438714211004,"age_band_separate_v1","posterior_median","conditional model uncertainty only; HIV imputation held fixed",TRUE,FALSE,FALSE
"SOM","48-59",5460.08361320422,583542.882790335,935.67821221564,"IHME 2-4 rate shared; deaths and person-time divided equally","Somalia",3.06207942936047,11021038,11209545,0.983183349547194,3.0605448008758,"estimated",FALSE,2015,2020,-0.122832846077453,0.0234405079501234,0.884411483054627,0.84469860355128,0.925991434187805,0,1,0.115588516945373,0.0740085658121951,0.15530139644872,827.524555327537,108.153656888103,69.2482025477982,145.312132983731,4828.96064595621,631.122967248007,404.092957427912,847.958609857389,"age_band_separate_v1","posterior_median","conditional model uncertainty only; HIV imputation held fixed",TRUE,FALSE,FALSE
"SSD","<1",8991.29633175855,27795.9241343358,32347.535157688,"0-27 days mapped to model <1 completed month","South Sudan",26.9542365045867,16697173,16714814,0.998944588913762,26.9532113045526,"estimated",FALSE,2015,2020,-0.0350923352491601,0.0340194970367242,0.965516260957018,0.90323788274866,1.03208874204386,0,1,0.0344837390429823,-0.032088742043856,0.0967621172513405,31232.0711966266,1115.46396106141,-1037.99171142961,3130.01598972007,8681.24281539606,310.053516362486,-288.519388629669,870.016869895169,"age_band_separate_v1","posterior_median","conditional model uncertainty only; HIV imputation held fixed",TRUE,FALSE,FALSE
"SSD","1-5",10174.6601918149,152537.725902828,6670.25821421808,"direct age match","South Sudan",26.9542365045867,16697173,16714814,0.998944588913762,26.9532113045526,"estimated",FALSE,2015,2020,-0.107461999792456,0.0474821316928972,0.898110650193472,0.818300813087079,0.985704434226326,0,1,0.101889349806528,0.0142955657736736,0.181699186912921,5990.62994172975,679.62827248833,95.3551150287414,1211.98049402266,9137.97068036849,1036.68951144638,145.452523996868,1848.72748396803,"age_band_separate_v1","posterior_median","conditional model uncertainty only; HIV imputation held fixed",TRUE,FALSE,FALSE
"SSD","6-11",5273.51694198403,178412.912531287,2955.79331516111,"direct age match","South Sudan",26.9542365045867,16697173,16714814,0.998944588913762,26.9532113045526,"estimated",FALSE,2015,2020,-0.328804456103089,0.063542368816451,0.719783752306496,0.635498714942091,0.815247360699431,0,1,0.280216247693504,0.184752639300569,0.364501285057909,2127.53200342912,828.261311731988,546.090616202994,1077.3904617418,3795.79181235315,1477.72512963089,974.296173427817,1922.20370212783,"age_band_separate_v1","posterior_median","conditional model uncertainty only; HIV imputation held fixed",TRUE,FALSE,FALSE
"SSD","12-23",5178.76581966006,351380.493783542,1473.83418012108,"direct age match","South Sudan",26.9542365045867,16697173,16714814,0.998944588913762,26.9532113045526,"estimated",FALSE,2015,2020,-0.643199871838272,0.0839856775375794,0.525607852508711,0.445833919092273,0.619655891551046,0,1,0.474392147491289,0.380344108448954,0.554166080907727,774.658818367378,699.175361753702,560.564147239748,816.748911505552,2721.99998111704,2456.76583854302,1969.71306854452,2869.89635821991,"age_band_separate_v1","posterior_median","conditional model uncertainty only; HIV imputation held fixed",TRUE,FALSE,FALSE
"SSD","24-35",2659.30281261421,335950.702694941,791.57530890149,"IHME 2-4 rate shared; deaths and person-time divided equally","South Sudan",26.9542365045867,16697173,16714814,0.998944588913762,26.9532113045526,"estimated",FALSE,2015,2020,-0.840577841756239,0.0915618604974311,0.431461135122462,0.360582034462787,0.516272840377398,0,1,0.568538864877538,0.483727159622602,0.639417965537213,341.533981313551,450.041327587939,382.906475802302,506.147473587282,1147.38581016488,1511.91700244933,1286.37699612227,1700.40599418917,"age_band_separate_v1","posterior_median","conditional model uncertainty only; HIV imputation held fixed",TRUE,FALSE,FALSE
"SSD","36-47",2659.30281261421,335950.702694941,791.57530890149,"IHME 2-4 rate shared; deaths and person-time divided equally","South Sudan",26.9542365045867,16697173,16714814,0.998944588913762,26.9532113045526,"estimated",FALSE,2015,2020,-0.771193814024743,0.0975984747477789,0.462460646626625,0.381943224083133,0.559951941003058,0,1,0.537539353373375,0.440048058996942,0.618056775916867,366.072429208254,425.502879693236,348.331178232005,489.238483315053,1229.82289829757,1429.47991431664,1170.22104097599,1643.60012255099,"age_band_separate_v1","posterior_median","conditional model uncertainty only; HIV imputation held fixed",TRUE,FALSE,FALSE
"SSD","48-59",2659.30281261421,335950.702694941,791.57530890149,"IHME 2-4 rate shared; deaths and person-time divided equally","South Sudan",26.9542365045867,16697173,16714814,0.998944588913762,26.9532113045526,"estimated",FALSE,2015,2020,-0.678603542492674,0.112368553775166,0.507324955673206,0.407040796734194,0.632316496807798,0,1,0.492675044326794,0.367683503192202,0.592959203265806,401.585908500453,389.989400401037,291.049182617349,469.371864491112,1349.13068153114,1310.17213108307,977.781774190868,1576.85807701024,"age_band_separate_v1","posterior_median","conditional model uncertainty only; HIV imputation held fixed",TRUE,FALSE,FALSE
"STP","<1",74.625116060452,413.58083903118,18043.6589459179,"0-27 days mapped to model <1 completed month","Sao Tome and Principe",,,,,,"missing_MAP_no_estimate",,2015,2020,,,,,,,,,,,,,,,,,,,"age_band_separate_v1","posterior_median","conditional model uncertainty only; HIV imputation held fixed",TRUE,,
"STP","1-5",44.3846900807996,2287.02419849724,1940.7179910892,"direct age match","Sao Tome and Principe",,,,,,"missing_MAP_no_estimate",,2015,2020,,,,,,,,,,,,,,,,,,,"age_band_separate_v1","posterior_median","conditional model uncertainty only; HIV imputation held fixed",TRUE,,
"STP","6-11",40.0498097159192,2698.36426315817,1484.22547180657,"direct age match","Sao Tome and Principe",,,,,,"missing_MAP_no_estimate",,2015,2020,,,,,,,,,,,,,,,,,,,"age_band_separate_v1","posterior_median","conditional model uncertainty only; HIV imputation held fixed",TRUE,,
"STP","12-23",38.6963653781206,5428.99651810396,712.77196898323,"direct age match","Sao Tome and Principe",,,,,,"missing_MAP_no_estimate",,2015,2020,,,,,,,,,,,,,,,,,,,"age_band_separate_v1","posterior_median","conditional model uncertainty only; HIV imputation held fixed",TRUE,,
"STP","24-35",16.3042441433199,5545.26946961514,294.0207727083,"IHME 2-4 rate shared; deaths and person-time divided equally","Sao Tome and Principe",,,,,,"missing_MAP_no_estimate",,2015,2020,,,,,,,,,,,,,,,,,,,"age_band_separate_v1","posterior_median","conditional model uncertainty only; HIV imputation held fixed",TRUE,,
"STP","36-47",16.3042441433199,5545.26946961514,294.0207727083,"IHME 2-4 rate shared; deaths and person-time divided equally","Sao Tome and Principe",,,,,,"missing_MAP_no_estimate",,2015,2020,,,,,,,,,,,,,,,,,,,"age_band_separate_v1","posterior_median","conditional model uncertainty only; HIV imputation held fixed",TRUE,,
"STP","48-59",16.3042441433199,5545.26946961514,294.0207727083,"IHME 2-4 rate shared; deaths and person-time divided equally","Sao Tome and Principe",,,,,,"missing_MAP_no_estimate",,2015,2020,,,,,,,,,,,,,,,,,,,"age_band_separate_v1","posterior_median","conditional model uncertainty only; HIV imputation held fixed",TRUE,,
"SWZ","<1",663.236479939866,2382.37297112419,27839.3218853091,"0-27 days mapped to model <1 completed month","Swaziland",1.50976317944939,28914.978515625,1091849.625,0.0264825648638429,1.52003787624015,"estimated",TRUE,2015,2020,-0.0020109451552387,0.00269687362414208,0.997991075440307,0.992729836103492,1.00328019813305,0,1,0.00200892455969259,-0.00328019813304969,0.00727016389650814,27783.3947878485,55.9270974605849,-91.3184916735604,202.396432873843,661.904087886431,1.33239205343526,-2.1755470632692,4.82183791130596,"age_band_separate_v1","posterior_median","conditional model uncertainty only; HIV imputation held fixed",TRUE,TRUE,FALSE
"SWZ","1-5",561.997569965683,13089.9250843068,4293.35971249711,"direct age match","Swaziland",1.50976317944939,28914.978515625,1091849.625,0.0264825648638429,1.52003787624015,"estimated",TRUE,2015,2020,-0.00641177872618177,0.00365188105144821,0.993608732865027,0.986522314346326,1.000746054771,0,1,0.00639126713497329,-0.000746054771001647,0.0134776856536737,4265.91970366801,27.4400088291011,-3.20308149713473,57.8645526031829,558.405693366826,3.59187659885652,-0.41928096836423,7.57442658612595,"age_band_separate_v1","posterior_median","conditional model uncertainty only; HIV imputation held fixed",TRUE,TRUE,FALSE
"SWZ","6-11",441.485065334786,15289.1798639829,2887.56538455541,"direct age match","Swaziland",1.50976317944939,28914.978515625,1091849.625,0.0264825648638429,1.52003787624015,"estimated",TRUE,2015,2020,-0.0210422615622866,0.00547137592271949,0.979177582120646,0.968733276611048,0.98973449191484,0,1,0.0208224178793541,0.01026550808516,0.0312667233889516,2827.43929146424,60.1260930911707,29.6423258015818,90.2847081464058,432.292278816891,9.19278651789486,4.53206850767164,13.803791418176,"age_band_separate_v1","posterior_median","conditional model uncertainty only; HIV imputation held fixed",TRUE,TRUE,FALSE
"SWZ","12-23",257.054649931425,30034.4137097076,855.86704776708,"direct age match","Swaziland",1.50976317944939,28914.978515625,1091849.625,0.0264825648638429,1.52003787624015,"estimated",TRUE,2015,2020,-0.053482496309242,0.00844732610422494,0.947922533001472,0.932357502718556,0.963747410142489,0,1,0.0520774669985277,0.0362525898575107,0.067642497281444,811.295659831863,44.5713879352174,31.0273970552584,57.8929844518622,243.667894882803,13.3867550486219,9.31889679492994,17.387818459169,"age_band_separate_v1","posterior_median","conditional model uncertainty only; HIV imputation held fixed",TRUE,TRUE,FALSE
"SWZ","24-35",86.335579300616,29202.593268735,295.64353585354,"IHME 2-4 rate shared; deaths and person-time divided equally","Swaziland",1.50976317944939,28914.978515625,1091849.625,0.0264825648638429,1.52003787624015,"estimated",TRUE,2015,2020,-0.0679581043307562,0.00931833501442352,0.934299615864943,0.917390818215169,0.951520066337356,0,1,0.0657003841350574,0.0484799336626438,0.0826091817848308,276.219641980916,19.4238938726242,14.3327790059691,24.4228705968352,80.6632985760428,5.67228072457318,4.18554315721979,7.13211156494326,"age_band_separate_v1","posterior_median","conditional model uncertainty only; HIV imputation held fixed",TRUE,TRUE,FALSE
"SWZ","36-47",86.335579300616,29202.593268735,295.64353585354,"IHME 2-4 rate shared; deaths and person-time divided equally","Swaziland",1.50976317944939,28914.978515625,1091849.625,0.0264825648638429,1.52003787624015,"estimated",TRUE,2015,2020,-0.0611698087234853,0.00995131395505272,0.940663493346191,0.922494351912532,0.959190488136623,0,1,0.0593365066538094,0.0408095118633771,0.0775056480874683,278.101081221211,17.5424546323293,12.0650683837458,22.9140438491993,81.2127276249845,5.12285167563149,3.52331284770002,6.69149502670126,"age_band_separate_v1","posterior_median","conditional model uncertainty only; HIV imputation held fixed",TRUE,TRUE,FALSE
"SWZ","48-59",86.335579300616,29202.593268735,295.64353585354,"IHME 2-4 rate shared; deaths and person-time divided equally","Swaziland",1.50976317944939,28914.978515625,1091849.625,0.0264825648638429,1.52003787624015,"estimated",TRUE,2015,2020,-0.0607984294981319,0.0116192111995134,0.941012901103043,0.919825165058964,0.962688686589262,0,1,0.0589870988969572,0.0373113134107385,0.0801748349410357,278.204381365901,17.4391544876389,11.0308486240903,23.7031716884417,81.2428939460845,5.09268535453153,3.22129385778295,6.92194081996559,"age_band_separate_v1","posterior_median","conditional model uncertainty only; HIV imputation held fixed",TRUE,TRUE,FALSE
"TCD","<1",23452.4953596583,53374.2722584581,43939.700472341,"0-27 days mapped to model <1 completed month","Chad",15.4351335502291,15540183,16497859,0.941951498070144,15.404191256444,"estimated",TRUE,2015,2020,-0.0205009208183084,0.0245040314537947,0.979707794341229,0.933767370331218,1.02790844142743,0,1,0.0202922056587714,-0.0279084414274331,0.0662326296687821,43048.0670337714,891.63343856956,-1226.28855697128,2910.24190914177,22976.5925006087,475.902859049568,-654.522593072169,1553.32043996508,"age_band_separate_v1","posterior_median","conditional model uncertainty only; HIV imputation held fixed",TRUE,FALSE,FALSE
"TCD","1-5",13795.9399230334,286913.783032058,4808.39218570824,"direct age match","Chad",15.4351335502291,15540183,16497859,0.941951498070144,15.404191256444,"estimated",TRUE,2015,2020,-0.0642505185086917,0.0334902944836084,0.937770041349017,0.878191772469311,1.00139021796913,0,1,0.0622299586509828,-0.00139021796912719,0.121808227530689,4509.16613881391,299.226046894333,-6.68471321918238,585.701729413537,12937.4191520716,858.52077096181,-19.1793635820003,1680.45898914457,"age_band_separate_v1","posterior_median","conditional model uncertainty only; HIV imputation held fixed",TRUE,FALSE,FALSE
"TCD","6-11",13871.2552661712,324825.460465696,4270.37192413557,"direct age match","Chad",15.4351335502291,15540183,16497859,0.941951498070144,15.404191256444,"estimated",TRUE,2015,2020,-0.206102913365631,0.0485822259921828,0.813749326291549,0.739839264436003,0.895043015248388,0,1,0.186250673708451,0.104956984751612,0.260160735563997,3475.01227627967,795.359647855904,448.20536092521,1110.98310091495,11287.7246276649,2583.53063850628,1455.88512745725,3608.75597324306,"age_band_separate_v1","posterior_median","conditional model uncertainty only; HIV imputation held fixed",TRUE,FALSE,FALSE
"TCD","12-23",10516.2831117467,625933.18552232,1680.09675073725,"direct age match","Chad",15.4351335502291,15540183,16497859,0.941951498070144,15.404191256444,"estimated",TRUE,2015,2020,-0.484926804455524,0.0718445830681664,0.615742264705201,0.534865695658441,0.708848108266796,0,1,0.384257735294799,0.291151891733204,0.465134304341559,1034.5065782228,645.590172514446,489.16334727196,781.470633380684,6475.31997950794,4040.96313223871,3061.83572198699,4891.48402944116,"age_band_separate_v1","posterior_median","conditional model uncertainty only; HIV imputation held fixed",TRUE,FALSE,FALSE
"TCD","24-35",6261.18719271263,573365.722575895,1092.00584307407,"IHME 2-4 rate shared; deaths and person-time divided equally","Chad",15.4351335502291,15540183,16497859,0.941951498070144,15.404191256444,"estimated",TRUE,2015,2020,-0.621208226026819,0.0790695935097364,0.537294871614472,0.460159651342139,0.62736004389174,0,1,0.462705128385528,0.37263995610826,0.539840348657861,586.729139256736,505.276703817334,406.925009433085,589.508815061527,3364.10376886271,2897.08342384992,2333.16852067804,3380.04147712612,"age_band_separate_v1","posterior_median","conditional model uncertainty only; HIV imputation held fixed",TRUE,FALSE,FALSE
"TCD","36-47",6261.18719271263,573365.722575895,1092.00584307407,"IHME 2-4 rate shared; deaths and person-time divided equally","Chad",15.4351335502291,15540183,16497859,0.941951498070144,15.404191256444,"estimated",TRUE,2015,2020,-0.562279764534592,0.0843337913035005,0.5699083249358,0.483080990027965,0.672341709849372,0,1,0.4300916750642,0.327658290150628,0.516919009972036,622.343220846449,469.662622227621,357.804767376145,564.478579285526,3568.30270510834,2692.8844876043,2051.52988987723,3236.5266849066,"age_band_separate_v1","posterior_median","conditional model uncertainty only; HIV imputation held fixed",TRUE,FALSE,FALSE
"TCD","48-59",6261.18719271263,573365.722575895,1092.00584307407,"IHME 2-4 rate shared; deaths and person-time divided equally","Chad",15.4351335502291,15540183,16497859,0.941951498070144,15.404191256444,"estimated",TRUE,2015,2020,-0.540886158347352,0.098083220340205,0.58223207388746,0.480405020722401,0.705642475079747,0,1,0.417767926112541,0.294357524920253,0.519594979277599,635.80082671024,456.205016363831,321.440137165737,567.400753403089,3645.46400421068,2615.72318850196,1843.02756510928,3253.28142965069,"age_band_separate_v1","posterior_median","conditional model uncertainty only; HIV imputation held fixed",TRUE,FALSE,FALSE
"TGO","<1",6676.66854135442,18925.5757975795,35278.5490532253,"0-27 days mapped to model <1 completed month","Togo",35.5367930048613,8690035,8690035,1,35.3466018289335,"estimated",FALSE,2015,2020,-0.0420514912336021,0.038035258945007,0.958820408455746,0.889941784643289,1.03303001559786,0,1,0.0411795915442544,-0.0330300155978582,0.110058215356711,33825.7928129395,1452.75624028576,-1165.25102549784,3882.69414917215,6401.72605794507,274.942483409348,-220.530466062666,734.82222418976,"age_band_separate_v1","posterior_median","conditional model uncertainty only; HIV imputation held fixed",TRUE,FALSE,FALSE
"TGO","1-5",2529.01487602134,103513.715668522,2443.16886867429,"direct age match","Togo",35.5367930048613,8690035,8690035,1,35.3466018289335,"estimated",FALSE,2015,2020,-0.134626058799101,0.0538260154568232,0.874042691159642,0.786531024857892,0.971291152955622,0,1,0.125957308840358,0.0287088470443781,0.213468975142108,2135.43389293353,307.734975740756,70.1405613543566,521.540754495003,2210.46696822046,318.54790780088,72.6051012486537,539.86621370342,"age_band_separate_v1","posterior_median","conditional model uncertainty only; HIV imputation held fixed",TRUE,FALSE,FALSE
"TGO","6-11",2348.77759136576,120159.096493233,1954.72307957812,"direct age match","Togo",35.5367930048613,8690035,8690035,1,35.3466018289335,"estimated",FALSE,2015,2020,-0.398116237337452,0.0679212420010057,0.671583959993523,0.58787588961561,0.767211282666296,0,1,0.328416040006477,0.232788717333704,0.41212411038439,1312.76066647381,641.962413104311,455.037478437577,805.588510218967,1577.40135595347,771.376235412293,546.768922796181,967.987875332404,"age_band_separate_v1","posterior_median","conditional model uncertainty only; HIV imputation held fixed",TRUE,FALSE,FALSE
"TGO","12-23",2425.19648309061,236275.930785076,1026.42553349907,"direct age match","Togo",35.5367930048613,8690035,8690035,1,35.3466018289335,"estimated",FALSE,2015,2020,-0.666802042885982,0.0837198145528062,0.513347619268499,0.435661434264818,0.604886633248449,0,1,0.486652380731501,0.395113366751551,0.564338565735182,526.913103978147,499.512429520923,405.554448260575,579.251513408834,1244.9688408529,1180.22764223771,958.227547467952,1368.63190489336,"age_band_separate_v1","posterior_median","conditional model uncertainty only; HIV imputation held fixed",TRUE,FALSE,FALSE
"TGO","24-35",1745.41457742825,225156.7488116,775.19976045165,"IHME 2-4 rate shared; deaths and person-time divided equally","Togo",35.5367930048613,8690035,8690035,1,35.3466018289335,"estimated",FALSE,2015,2020,-0.878200328856934,0.0904835084576391,0.415530056624313,0.348002802308751,0.496160452768466,0,1,0.584469943375687,0.503839547231534,0.651997197691249,322.118800355628,453.080960096022,390.576296319953,505.428071465403,725.27221819166,1020.14235923659,879.408890422768,1138.00541329267,"age_band_separate_v1","posterior_median","conditional model uncertainty only; HIV imputation held fixed",TRUE,FALSE,FALSE
"TGO","36-47",1745.41457742825,225156.7488116,775.19976045165,"IHME 2-4 rate shared; deaths and person-time divided equally","Togo",35.5367930048613,8690035,8690035,1,35.3466018289335,"estimated",FALSE,2015,2020,-0.81068545190189,0.0966226199666571,0.444553241898519,0.367856520373924,0.537240945686096,0,1,0.555446758101481,0.462759054313904,0.632143479626077,344.617566627736,430.582193823914,358.73070805097,490.037473977207,775.929708852661,969.484868575585,807.706399236398,1103.35244436557,"age_band_separate_v1","posterior_median","conditional model uncertainty only; HIV imputation held fixed",TRUE,FALSE,FALSE
"TGO","48-59",1745.41457742825,225156.7488116,775.19976045165,"IHME 2-4 rate shared; deaths and person-time divided equally","Togo",35.5367930048613,8690035,8690035,1,35.3466018289335,"estimated",FALSE,2015,2020,-0.656103240444234,0.110647833414388,0.518869309095667,0.417709523073411,0.644527704181883,0,1,0.481130690904333,0.355472295818117,0.582290476926589,402.227364116674,372.972396334976,275.562038565402,451.391438226769,905.6420558757,839.772521552546,620.446526992827,1016.33828672531,"age_band_separate_v1","posterior_median","conditional model uncertainty only; HIV imputation held fixed",TRUE,FALSE,FALSE
"TZA","<1",48936.9374490852,148482.214078134,32958.114042759,"0-27 days mapped to model <1 completed month","Tanzania",10.3871042581125,56146192,57136840,0.982661834291151,10.3562114439285,"estimated",FALSE,2015,2020,-0.0138177453486002,0.0176114959650588,0.986277281505515,0.952813927929307,1.02091588661798,0,1,0.0137227184944855,-0.0209158866179793,0.0471860720706929,32505.8391216411,452.274921117931,-689.348176460779,1555.16394453575,48265.3896324891,671.54781659604,-1023.55943511621,2309.14185739152,"age_band_separate_v1","posterior_median","conditional model uncertainty only; HIV imputation held fixed",TRUE,FALSE,FALSE
"TZA","1-5",16271.4735389808,810870.521668872,2006.66729202242,"direct age match","Tanzania",10.3871042581125,56146192,57136840,0.982661834291151,10.3562114439285,"estimated",FALSE,2015,2020,-0.0437215031960161,0.0239421784658242,0.957220503206107,0.913339779267884,1.00320944357928,0,1,0.0427794967938927,-0.00320944357927666,0.0866602207321161,1920.82307503694,85.8442169854825,-6.44028545612584,173.898230462581,15575.3880888881,696.08545009274,-52.2223762750521,1410.08948852487,"age_band_separate_v1","posterior_median","conditional model uncertainty only; HIV imputation held fixed",TRUE,FALSE,FALSE
"TZA","6-11",13174.724934536,937124.070325881,1405.86773424297,"direct age match","Tanzania",10.3871042581125,56146192,57136840,0.982661834291151,10.3562114439285,"estimated",FALSE,2015,2020,-0.142055302230562,0.0353912680155448,0.867573276421862,0.809433294246604,0.929889337776671,0,1,0.132426723578138,0.0701106622233285,0.190566705753396,1219.69327641295,186.174457830017,98.566317846185,267.911582839673,11430.0392774122,1744.68565712379,923.688689770515,2510.66392998164,"age_band_separate_v1","posterior_median","conditional model uncertainty only; HIV imputation held fixed",TRUE,FALSE,FALSE
"TZA","12-23",12160.1443469395,1839125.84256897,661.19153270957,"direct age match","Tanzania",10.3871042581125,56146192,57136840,0.982661834291151,10.3562114439285,"estimated",FALSE,2015,2020,-0.349349992707214,0.0536877341650542,0.70514629101713,0.634717019446826,0.783390513411103,0,1,0.29485370898287,0.216609486588897,0.365282980553174,466.236756942084,194.954775767486,143.220358437146,241.522013784673,8574.68068447733,3585.46366246221,2634.00262383745,4441.8937710069,"age_band_separate_v1","posterior_median","conditional model uncertainty only; HIV imputation held fixed",TRUE,FALSE,FALSE
"TZA","24-35",4990.72982156539,1732319.1629179,288.09528454093,"IHME 2-4 rate shared; deaths and person-time divided equally","Tanzania",10.3871042581125,56146192,57136840,0.982661834291151,10.3562114439285,"estimated",FALSE,2015,2020,-0.445418688366929,0.0591716280189391,0.640556026523092,0.570413953119432,0.719323257909753,0,1,0.359443973476908,0.280676742090247,0.429586046880568,184.541170725578,103.554113815352,80.8616458765108,123.76171441087,3196.84206395222,1793.88775761317,1400.78178696961,2143.94789509524,"age_band_separate_v1","posterior_median","conditional model uncertainty only; HIV imputation held fixed",TRUE,FALSE,FALSE
"TZA","36-47",4990.72982156539,1732319.1629179,288.09528454093,"IHME 2-4 rate shared; deaths and person-time divided equally","Tanzania",10.3871042581125,56146192,57136840,0.982661834291151,10.3562114439285,"estimated",FALSE,2015,2020,-0.401865751906045,0.0631549058966562,0.669070561108988,0.591172696908413,0.757232900104736,0,1,0.330929438891012,0.242767099895264,0.408827303091587,192.756073680654,95.3392108602764,69.9400567215025,117.781218212272,3339.15040205811,1651.57941950727,1211.58500514224,2040.34661340933,"age_band_separate_v1","posterior_median","conditional model uncertainty only; HIV imputation held fixed",TRUE,FALSE,FALSE
"TZA","48-59",4990.72982156539,1732319.1629179,288.09528454093,"IHME 2-4 rate shared; deaths and person-time divided equally","Tanzania",10.3871042581125,56146192,57136840,0.982661834291151,10.3562114439285,"estimated",FALSE,2015,2020,-0.394017120890917,0.0736220025539758,0.674342510797042,0.583731831433277,0.779018373473843,0,1,0.325657489202958,0.220981626526157,0.416268168566723,194.274897526119,93.820387014811,63.6637645723707,119.924896468562,3365.46127858408,1625.26854298131,1102.85959352212,2077.48196263435,"age_band_separate_v1","posterior_median","conditional model uncertainty only; HIV imputation held fixed",TRUE,FALSE,FALSE
"UGA","<1",36816.6474067908,116633.60690877,31566.0712058648,"0-27 days mapped to model <1 completed month","Uganda",22.5283221289013,41922696,43130096,0.972005626882908,22.4957928434102,"estimated",FALSE,2015,2020,-0.0297838358526874,0.03123117934643,0.970655331754389,0.913021524978094,1.03192722984908,0,1,0.0293446682456108,-0.0319272298490758,0.0869784750219059,30639.7753185114,926.295887353429,-1007.81721082194,2745.56873591901,35736.2751027229,1080.3723040679,-1175.45356402899,3202.25584686187,"age_band_separate_v1","posterior_median","conditional model uncertainty only; HIV imputation held fixed",TRUE,FALSE,FALSE
"UGA","1-5",16736.0725246821,636420.780899027,2629.71810899076,"direct age match","Uganda",22.5283221289013,41922696,43130096,0.972005626882908,22.4957928434102,"estimated",FALSE,2015,2020,-0.0916043540611507,0.0432073859746308,0.91246609164124,0.838375427675894,0.993104450476465,0,1,0.0875339083587596,0.00689554952353466,0.161624572324106,2399.52860502899,230.189503961768,18.1333514534817,425.027064698588,15271.098686021,1464.97383866108,115.404416923413,2704.96056418697,"age_band_separate_v1","posterior_median","conditional model uncertainty only; HIV imputation held fixed",TRUE,FALSE,FALSE
"UGA","6-11",15154.7613957331,735300.999292503,2061.02826057829,"direct age match","Uganda",22.5283221289013,41922696,43130096,0.972005626882908,22.4957928434102,"estimated",FALSE,2015,2020,-0.285897892773753,0.059879839919441,0.751339329205206,0.668138212160162,0.844901215551503,0,1,0.248660670794794,0.155098784448497,0.331861787839838,1548.53159077586,512.496669802425,319.662977929693,683.976523343943,11386.368261335,3768.39313439804,2350.48507108521,5029.28621107414,"age_band_separate_v1","posterior_median","conditional model uncertainty only; HIV imputation held fixed",TRUE,FALSE,FALSE
"UGA","12-23",14935.2093776639,1430895.08780172,1043.76690541365,"direct age match","Uganda",22.5283221289013,41922696,43130096,0.972005626882908,22.4957928434102,"estimated",FALSE,2015,2020,-0.606666109503016,0.0830267652414467,0.545165364357075,0.46329300766528,0.641506065442946,0,1,0.454834635642925,0.358493934557054,0.53670699233472,569.025565293689,474.74134011996,374.18410468218,560.196996503078,8142.15886212335,6793.05051554056,5354.18197323214,8015.8313049753,"age_band_separate_v1","posterior_median","conditional model uncertainty only; HIV imputation held fixed",TRUE,FALSE,FALSE
"UGA","24-35",6445.87945882519,1337649.86866648,481.88091740712,"IHME 2-4 rate shared; deaths and person-time divided equally","Uganda",22.5283221289013,41922696,43130096,0.972005626882908,22.4957928434102,"estimated",FALSE,2015,2020,-0.78622147137372,0.0909475610833804,0.455562904751965,0.381183110020946,0.544456337991062,0,1,0.544437095248035,0.455543662008938,0.618816889979054,219.527070478529,262.353846928591,219.517797767866,298.196050650128,2936.50356994343,3509.37588888176,2936.37953354142,3988.81907989007,"age_band_separate_v1","posterior_median","conditional model uncertainty only; HIV imputation held fixed",TRUE,FALSE,FALSE
"UGA","36-47",6445.87945882519,1337649.86866648,481.88091740712,"IHME 2-4 rate shared; deaths and person-time divided equally","Uganda",22.5283221289013,41922696,43130096,0.972005626882908,22.4957928434102,"estimated",FALSE,2015,2020,-0.717232498610755,0.0969145284929619,0.488101209258647,0.403660345320994,0.590206081031568,0,1,0.511898790741353,0.409793918968432,0.596339654679006,235.206658505081,246.674258902039,197.471869620367,287.364699882965,3146.24155858804,3299.63790023714,2641.48220463009,3843.93353057831,"age_band_separate_v1","posterior_median","conditional model uncertainty only; HIV imputation held fixed",TRUE,FALSE,FALSE
"UGA","48-59",6445.87945882519,1337649.86866648,481.88091740712,"IHME 2-4 rate shared; deaths and person-time divided equally","Uganda",22.5283221289013,41922696,43130096,0.972005626882908,22.4957928434102,"estimated",FALSE,2015,2020,-0.657520650608582,0.112055790374337,0.518134379434416,0.415968407962927,0.645393327985171,0,1,0.481865620565584,0.354606672014829,0.584031592037073,249.679070102025,232.201847305095,170.878188429191,281.433679365565,3339.83175330744,3106.04770551775,2285.75186310275,3764.59724241674,"age_band_separate_v1","posterior_median","conditional model uncertainty only; HIV imputation held fixed",TRUE,FALSE,FALSE
"ZMB","<1",13716.8242104931,48628.2170462838,28207.5408963434,"0-27 days mapped to model <1 completed month","Zambia",18.7741653137543,18732428,18732522,0.999994981989078,18.6447420355409,"estimated",FALSE,2015,2020,-0.0249015755840312,0.0281159641964178,0.97540591106106,0.923109097367397,1.03066549126879,0,1,0.0245940889389406,-0.0306654912687876,0.0768909026326028,27513.8021267899,693.738769553472,-864.998099070788,2168.9032805659,13379.4714159005,337.352794592681,-420.633153062372,1054.69899479756,"age_band_separate_v1","posterior_median","conditional model uncertainty only; HIV imputation held fixed",TRUE,FALSE,FALSE
"ZMB","1-5",6871.68616569405,265288.917436885,2590.26507103483,"direct age match","Zambia",18.7741653137543,18732428,18732522,0.999994981989078,18.6447420355409,"estimated",FALSE,2015,2020,-0.0773826965928035,0.0386214405463483,0.925535586506939,0.858061649857505,0.998315356516629,0,1,0.0744644134930614,0.00168464348337061,0.141938350142495,2397.38250172866,192.882569306172,4.36367317212133,367.657950614416,6359.99008565726,511.696080036791,11.5763413188044,975.355797055619,"age_band_separate_v1","posterior_median","conditional model uncertainty only; HIV imputation held fixed",TRUE,FALSE,FALSE
"ZMB","6-11",6059.23752509029,306116.611992372,1979.38866683958,"direct age match","Zambia",18.7741653137543,18732428,18732522,0.999994981989078,18.6447420355409,"estimated",FALSE,2015,2020,-0.245367505484386,0.0549950470929094,0.782416942881083,0.702467728354688,0.871465332565828,0,1,0.217583057118917,0.128534667434172,0.297532271645312,1548.70722948209,430.681437357493,254.420064015194,588.932006513766,4740.85010057149,1318.38742451881,778.822080192134,1802.81870527863,"age_band_separate_v1","posterior_median","conditional model uncertainty only; HIV imputation held fixed",TRUE,FALSE,FALSE
"ZMB","12-23",6237.93556549641,602727.838349391,1034.95063088166,"direct age match","Zambia",18.7741653137543,18732428,18732522,0.999994981989078,18.6447420355409,"estimated",FALSE,2015,2020,-0.553355992533583,0.079229763929586,0.575016816495346,0.492311577003254,0.671616014527028,0,1,0.424983183504654,0.328383985472972,0.507688422996746,595.114016999422,439.836613882238,339.861212936686,525.432453671797,3586.91785037484,2651.01771512157,2048.43814212131,3166.92767000219,"age_band_separate_v1","posterior_median","conditional model uncertainty only; HIV imputation held fixed",TRUE,FALSE,FALSE
"ZMB","24-35",2635.50403838251,568176.07933423,463.85339584706,"IHME 2-4 rate shared; deaths and person-time divided equally","Zambia",18.7741653137543,18732428,18732522,0.999994981989078,18.6447420355409,"estimated",FALSE,2015,2020,-0.712213309697286,0.0870497446872253,0.490557239921668,0.413611697451824,0.581817214363467,0,1,0.509442760078332,0.418182785636533,0.586388302548176,227.546641595027,236.306754252033,193.975505202289,271.998205421965,1292.86558687133,1342.63845151118,1102.12242032713,1545.42873942598,"age_band_separate_v1","posterior_median","conditional model uncertainty only; HIV imputation held fixed",TRUE,FALSE,FALSE
"ZMB","36-47",2635.50403838251,568176.07933423,463.85339584706,"IHME 2-4 rate shared; deaths and person-time divided equally","Zambia",18.7741653137543,18732428,18732522,0.999994981989078,18.6447420355409,"estimated",FALSE,2015,2020,-0.646712063312024,0.0927965257689175,0.523765055113559,0.436664588027151,0.628239249254286,0,1,0.476234944886441,0.371760750745714,0.563335411972849,242.950199440447,220.903196406613,172.442486676052,261.305043844508,1380.38491791542,1255.11912046709,979.776959902442,1484.67275321832,"age_band_separate_v1","posterior_median","conditional model uncertainty only; HIV imputation held fixed",TRUE,FALSE,FALSE
"ZMB","48-59",2635.50403838251,568176.07933423,463.85339584706,"IHME 2-4 rate shared; deaths and person-time divided equally","Zambia",18.7741653137543,18732428,18732522,0.999994981989078,18.6447420355409,"estimated",FALSE,2015,2020,-0.610314159592852,0.107670074699167,0.543180196997234,0.439840275493538,0.670799703548951,0,1,0.456819803002766,0.329200296451049,0.560159724506462,251.955978934042,211.897416913018,152.700675422678,259.831990429076,1431.55360275562,1203.95043562689,867.608710733459,1476.30321607602,"age_band_separate_v1","posterior_median","conditional model uncertainty only; HIV imputation held fixed",TRUE,FALSE,FALSE
"ZWE","<1",11814.0357459846,36022.1525909567,32796.5845909788,"0-27 days mapped to model <1 completed month","Zimbabwe",6.83446267073993,14232977,14327908,0.993374399109765,6.82799892575383,"estimated",FALSE,2015,2020,-0.0090984084944113,0.0119454382895103,0.990942856779883,0.968011765515371,1.01441715936198,0,1,0.00905714322011719,-0.0144171593619777,0.0319882344846293,32499.5412272076,297.043363771184,-472.833586576725,1049.10483819121,11707.0343322256,107.001413758966,-170.324836057961,377.910145652347,"age_band_separate_v1","posterior_median","conditional model uncertainty only; HIV imputation held fixed",TRUE,FALSE,FALSE
"ZWE","1-5",5207.84125319796,197336.719122918,2639.0634628693,"direct age match","Zimbabwe",6.83446267073993,14232977,14327908,0.993374399109765,6.82799892575383,"estimated",FALSE,2015,2020,-0.0289170147340631,0.0162016518281188,0.971497081065193,0.941132192109076,1.00284166924853,0,1,0.0285029189348073,-0.00284166924852514,0.0588678078909236,2563.84245092332,75.2210119459754,-7.49934548734195,155.355880944146,5059.40257613271,148.438677065246,-14.7989623404132,306.574198419684,"age_band_separate_v1","posterior_median","conditional model uncertainty only; HIV imputation held fixed",TRUE,FALSE,FALSE
"ZWE","6-11",3931.7103497084,230117.861118021,1708.56374668455,"direct age match","Zimbabwe",6.83446267073993,14232977,14327908,0.993374399109765,6.82799892575383,"estimated",FALSE,2015,2020,-0.094504976288636,0.0241414219351584,0.909823207071879,0.867776319623794,0.953907417622809,0,1,0.0901767929281213,0.0460925823771912,0.132223680376206,1554.49094749528,154.072799189268,78.75211524074,225.912586743991,3577.1613196494,354.549030059006,181.22268317719,519.865212611664,"age_band_separate_v1","posterior_median","conditional model uncertainty only; HIV imputation held fixed",TRUE,FALSE,FALSE
"ZWE","12-23",3646.74759391121,454731.55653839,801.95613026547,"direct age match","Zimbabwe",6.83446267073993,14232977,14327908,0.993374399109765,6.82799892575383,"estimated",FALSE,2015,2020,-0.236965489383139,0.0370088572217904,0.7890185170635,0.733812658463064,0.848377597591443,0,1,0.2109814829365,0.151622402408557,0.266187341536936,632.758236652044,169.197893613426,121.59451509712,213.470570344614,2877.35137865271,769.396215258501,552.928631166443,970.718047279442,"age_band_separate_v1","posterior_median","conditional model uncertainty only; HIV imputation held fixed",TRUE,FALSE,FALSE
"ZWE","24-35",1411.013057848,439378.851549711,321.13813691107,"IHME 2-4 rate shared; deaths and person-time divided equally","Zimbabwe",6.83446267073993,14232977,14327908,0.993374399109765,6.82799892575383,"estimated",FALSE,2015,2020,-0.301520898383896,0.040810891457852,0.739692367818043,0.682830393636364,0.801289462372176,0,1,0.260307632181957,0.198710537627824,0.317169606363636,237.543428888424,83.5947080226457,63.8135318383966,101.855256472436,1043.71558978176,367.297468066235,280.383163324856,447.5304561316,"age_band_separate_v1","posterior_median","conditional model uncertainty only; HIV imputation held fixed",TRUE,FALSE,FALSE
"ZWE","36-47",1411.013057848,439378.851549711,321.13813691107,"IHME 2-4 rate shared; deaths and person-time divided equally","Zimbabwe",6.83446267073993,14232977,14327908,0.993374399109765,6.82799892575383,"estimated",FALSE,2015,2020,-0.271661796964174,0.0435726826729206,0.762111966089645,0.699728633371578,0.830056998037114,0,1,0.237888033910355,0.169943001962886,0.300271366628422,244.743216907661,76.3949200034088,54.5751790314354,96.4285872467923,1075.3499356947,335.663122153298,239.791794859519,423.686819210567,"age_band_separate_v1","posterior_median","conditional model uncertainty only; HIV imputation held fixed",TRUE,FALSE,FALSE
"ZWE","48-59",1411.013057848,439378.851549711,321.13813691107,"IHME 2-4 rate shared; deaths and person-time divided equally","Zimbabwe",6.83446267073993,14232977,14327908,0.993374399109765,6.82799892575383,"estimated",FALSE,2015,2020,-0.268517936767773,0.0508429021885307,0.76451170981787,0.692000781571317,0.844620656527982,0,1,0.23548829018213,0.155379343472018,0.307999218428683,245.513866137607,75.6242707734628,49.898232877069,98.910295176253,1078.73600543071,332.277052417284,219.242282558866,434.59091900985,"age_band_separate_v1","posterior_median","conditional model uncertainty only; HIV imputation held fixed",TRUE,FALSE,FALSE
