"iso3","age_band","ihme_deaths","implied_person_years","ihme_rate_per100000","age_mapping","Location","pfpr_pct","population_weight_on_map","population_weight_within_raster","map_population_coverage_within_raster","legacy_density_weighted_pfpr_pct","status","map_coverage_below_95pct","exposure_year","population_weight_year","log_hr_zero_vs_current","log_hr_se","hr_zero_vs_current","hr_lower_95","hr_upper_95","monte_carlo_se_log_hr","imputations","attributable_fraction","af_lower_95","af_upper_95","counterfactual_rate_per100000","attributable_rate_per100000","attributable_rate_per100000_lower_95","attributable_rate_per100000_upper_95","counterfactual_deaths","attributable_deaths","attributable_deaths_lower_95","attributable_deaths_upper_95","model_id","hiv_treatment","uncertainty","zero_below_observed_support","current_pfpr_outside_central95","negative_attributable_estimate"
"AGO","<1",25724.5129425046,65823.7910576055,39080.8741477558,"0-27 days mapped to model <1 completed month","Angola",20.1035553415068,36776664,36847228,0.998084957706995,19.9947348079463,"estimated",FALSE,2005,2020,-0.026647219056209,0.0293234516846707,0.973704685398436,0.91932081305142,1.03130572147053,0,1,0.0262953146015635,-0.031305721470529,0.08067918694858,38053.2302671365,1027.64388061935,-1223.45496089444,3153.01315148072,25048.0787817094,676.434160795151,-805.324437143067,2075.43278884949,"age_band_separate_v1","posterior_median","conditional model uncertainty only; HIV imputation held fixed",TRUE,FALSE,FALSE
"AGO","1-5",16311.3605706205,353423.597502691,4615.24377146218,"direct age match","Angola",20.1035553415068,36776664,36847228,0.998084957706995,19.9947348079463,"estimated",FALSE,2005,2020,-0.0824904137817147,0.040376247090173,0.920820264998557,0.850758985406731,0.996651196139461,0,1,0.0791797350014432,0.00334880386053893,0.149241014593269,4249.80999267074,365.433778791437,15.4555461592008,688.783663048283,15019.8313631258,1291.52920749472,54.6235472495364,2434.32400095605,"age_band_separate_v1","posterior_median","conditional model uncertainty only; HIV imputation held fixed",TRUE,FALSE,FALSE
"AGO","6-11",15584.8977425952,398903.483355136,3906.93448237459,"direct age match","Angola",20.1035553415068,36776664,36847228,0.998084957706995,19.9947348079463,"estimated",FALSE,2005,2020,-0.260167441308248,0.0569792482958396,0.770922490725538,0.689461296634362,0.862008483445955,0,1,0.229077509274462,0.137991516554045,0.310538703365638,3011.94366225371,894.990820120879,539.123814300163,1213.25436829111,12014.7481854243,3570.14955717089,2150.58367484043,4839.71393707158,"age_band_separate_v1","posterior_median","conditional model uncertainty only; HIV imputation held fixed",TRUE,FALSE,FALSE
"AGO","12-23",13321.4790908751,765090.887816982,1741.16295240229,"direct age match","Angola",20.1035553415068,36776664,36847228,0.998084957706995,19.9947348079463,"estimated",FALSE,2005,2020,-0.574976836571331,0.0810432492256807,0.562717903132005,0.480072240077013,0.659591228300315,0,1,0.437282096867995,0.340408771699685,0.519927759922987,979.783565586948,761.379386815342,592.707141956261,905.278953503416,7496.23478063406,5825.24431024099,4534.74833454781,6926.20678257957,"age_band_separate_v1","posterior_median","conditional model uncertainty only; HIV imputation held fixed",TRUE,FALSE,FALSE
"AGO","24-35",8536.3901505322,683810.891660083,1248.35539396111,"IHME 2-4 rate shared; deaths and person-time divided equally","Angola",20.1035553415068,36776664,36847228,0.998084957706995,19.9947348079463,"estimated",FALSE,2005,2020,-0.741746364318178,0.0889594138326387,0.476281427928152,0.400074855146527,0.567003888575297,0,1,0.523718572071848,0.432996111424703,0.599925144853473,594.568489597608,653.786904363502,540.533031261214,748.919790550733,4065.72409024729,4470.66606028491,3696.22374078458,5121.19509758379,"age_band_separate_v1","posterior_median","conditional model uncertainty only; HIV imputation held fixed",TRUE,FALSE,FALSE
"AGO","36-47",8536.3901505322,683810.891660083,1248.35539396111,"IHME 2-4 rate shared; deaths and person-time divided equally","Angola",20.1035553415068,36776664,36847228,0.998084957706995,19.9947348079463,"estimated",FALSE,2005,2020,-0.674575002485111,0.0948151567782125,0.509372856810163,0.422988919650368,0.613398354428317,0,1,0.490627143189837,0.386601645571683,0.577011080349632,635.878353336348,612.477040624762,482.616249563652,720.31489452979,4348.20543782273,4188.18471270947,3300.18247943766,4925.59170304454,"age_band_separate_v1","posterior_median","conditional model uncertainty only; HIV imputation held fixed",TRUE,FALSE,FALSE
"AGO","48-59",8536.3901505322,683810.891660083,1248.35539396111,"IHME 2-4 rate shared; deaths and person-time divided equally","Angola",20.1035553415068,36776664,36847228,0.998084957706995,19.9947348079463,"estimated",FALSE,2005,2020,-0.630618559961775,0.109884235391013,0.532262462911005,0.429133292237317,0.660175601727537,0,1,0.467737537088995,0.339824398272463,0.570866707762683,664.452716577979,583.902677383131,424.221620583018,712.644533868366,4543.60004589152,3992.79010464068,2900.87364632359,4873.14094141211,"age_band_separate_v1","posterior_median","conditional model uncertainty only; HIV imputation held fixed",TRUE,FALSE,FALSE
"BDI","<1",10665.1060429336,24443.9696865901,43630.8266606321,"0-27 days mapped to model <1 completed month","Burundi",32.7108667147613,10240924,11339513,0.903118502531811,32.8192509953754,"estimated",TRUE,2005,2020,-0.0404190883068302,0.0368644498046681,0.960386867895394,0.893443588110825,1.03234602419186,0,1,0.039613132104606,-0.0323460241918649,0.106556411889175,41902.4729602913,1728.35370034079,-1411.28377467587,4649.14433671549,10242.6277883452,422.47825458836,-344.973778073534,1136.43543235255,"age_band_separate_v1","posterior_median","conditional model uncertainty only; HIV imputation held fixed",TRUE,FALSE,FALSE
"BDI","1-5",7598.67822594829,130763.669523546,5811.0010629367,"direct age match","Burundi",32.7108667147613,10240924,11339513,0.903118502531811,32.8192509953754,"estimated",TRUE,2005,2020,-0.126273880966231,0.0519624330661767,0.881373422319627,0.796030021557069,0.975866598664106,0,1,0.118626577680373,0.0241334013358939,0.203969978442931,5121.66189394351,689.33916899319,140.239220815158,1185.26976153905,6697.27303310967,901.405192838612,183.381951249128,1549.90223394144,"age_band_separate_v1","posterior_median","conditional model uncertainty only; HIV imputation held fixed",TRUE,FALSE,FALSE
"BDI","6-11",6027.24891595677,147004.287682879,4100.04974069796,"direct age match","Burundi",32.7108667147613,10240924,11339513,0.903118502531811,32.8192509953754,"estimated",TRUE,2005,2020,-0.377216931325555,0.0667176008084885,0.685767293351055,0.601709188456796,0.781568222077762,0,1,0.314232706648945,0.218431777922238,0.398290811543204,2811.68001328313,1288.36972741483,895.581154430266,1633.01213859009,4133.29017544875,1893.95874050802,1316.54269669232,2400.59786210932,"age_band_separate_v1","posterior_median","conditional model uncertainty only; HIV imputation held fixed",TRUE,FALSE,FALSE
"BDI","12-23",5989.82386859764,281843.300877945,2125.23194624079,"direct age match","Burundi",32.7108667147613,10240924,11339513,0.903118502531811,32.8192509953754,"estimated",TRUE,2005,2020,-0.662913078989733,0.0837653431841134,0.515347896608216,0.437319978847978,0.607297785109505,0,1,0.484652103391784,0.392702214890495,0.562680021152022,1095.23381329978,1029.99813294101,834.583292444795,1195.82555646372,3086.84313173548,2902.98073686216,2352.21710000224,3370.3542210794,"age_band_separate_v1","posterior_median","conditional model uncertainty only; HIV imputation held fixed",TRUE,FALSE,FALSE
"BDI","24-35",3228.22401271482,254838.132046768,1266.77431936378,"IHME 2-4 rate shared; deaths and person-time divided equally","Burundi",32.7108667147613,10240924,11339513,0.903118502531811,32.8192509953754,"estimated",TRUE,2005,2020,-0.872710244955081,0.0907428711237107,0.417817625224895,0.34974078813484,0.499145578299736,0,1,0.582182374775105,0.500854421700264,0.65025921186516,529.280637812457,737.493681551323,634.469519149691,823.731670520516,1348.80889068649,1879.41512202833,1616.87027100719,2099.18240223212,"age_band_separate_v1","posterior_median","conditional model uncertainty only; HIV imputation held fixed",TRUE,FALSE,FALSE
"BDI","36-47",3228.22401271482,254838.132046768,1266.77431936378,"IHME 2-4 rate shared; deaths and person-time divided equally","Burundi",32.7108667147613,10240924,11339513,0.903118502531811,32.8192509953754,"estimated",TRUE,2005,2020,-0.804977188569554,0.0968631363490207,0.447098125390821,0.369787986423365,0.540571195028297,0,1,0.552901874609179,0.459428804971703,0.630212013576635,566.372423480779,700.401895883001,581.992611714144,798.336394553419,1443.33290442643,1784.89110828839,1483.13910034253,2034.46555532945,"age_band_separate_v1","posterior_median","conditional model uncertainty only; HIV imputation held fixed",TRUE,FALSE,FALSE
"BDI","48-59",3228.22401271482,254838.132046768,1266.77431936378,"IHME 2-4 rate shared; deaths and person-time divided equally","Burundi",32.7108667147613,10240924,11339513,0.903118502531811,32.8192509953754,"estimated",TRUE,2005,2020,-0.668921432057661,0.111076322417364,0.512260787998947,0.412043223581093,0.636853368539035,0,1,0.487739212001053,0.363146631460965,0.587956776418907,648.918811054119,617.855508309661,460.024826898213,744.808545263384,1653.69257659042,1574.53143612441,1172.31867581879,1898.05618407392,"age_band_separate_v1","posterior_median","conditional model uncertainty only; HIV imputation held fixed",TRUE,FALSE,FALSE
"BEN","<1",10804.6666154987,27278.4884920618,39608.7437859428,"0-27 days mapped to model <1 completed month","Benin",56.789331963267,13527325,13527325,1,56.4754532293332,"estimated",FALSE,2005,2020,-0.0289114406382262,0.0453060053949739,0.97150249629812,0.88895418565209,1.06171624538912,0,1,0.0284975037018796,-0.06171624538912,0.11104581434791,38479.9934632761,1128.75032266671,-2444.50295104803,4398.38520900775,10496.7605886259,307.906026872749,-666.823456189749,1199.81300307573,"age_band_separate_v1","posterior_median","conditional model uncertainty only; HIV imputation held fixed",TRUE,FALSE,FALSE
"BEN","1-5",5044.12485996666,147281.648384077,3424.81559332683,"direct age match","Benin",56.789331963267,13527325,13527325,1,56.4754532293332,"estimated",FALSE,2005,2020,-0.175411178578506,0.0648633467699179,0.839111924977551,0.738938189572753,0.952865655849565,0,1,0.160888075022449,0.047134344150435,0.261061810427247,2873.80360520961,551.01198811722,161.426436827643,894.088559173369,4232.58532107374,811.539538892916,237.751517087433,1316.82836796398,"age_band_separate_v1","posterior_median","conditional model uncertainty only; HIV imputation held fixed",TRUE,FALSE,FALSE
"BEN","6-11",5260.4269691289,167025.780731638,3149.4700674867,"direct age match","Benin",56.789331963267,13527325,13527325,1,56.4754532293332,"estimated",FALSE,2005,2020,-0.505050790387199,0.0758601392534924,0.603474923923595,0.520100128473491,0.700215139099222,0,1,0.396525076076405,0.299784860900778,0.479899871526509,1900.62620937618,1248.84385811052,944.163446092665,1511.43028076345,3174.53576500069,2085.89120412821,1576.99636721901,2524.47822665954,"age_band_separate_v1","posterior_median","conditional model uncertainty only; HIV imputation held fixed",TRUE,FALSE,FALSE
"BEN","12-23",4980.83778781298,322629.133413688,1543.8276559564,"direct age match","Benin",56.789331963267,13527325,13527325,1,56.4754532293332,"estimated",FALSE,2005,2020,-0.710452951503695,0.0944581485762421,0.491421556908935,0.408367603702081,0.591367053619125,0,1,0.508578443091065,0.408632946380875,0.591632396297919,758.670190289166,785.157465667234,630.858843757744,913.378455564485,2447.69106039791,2533.14672741507,2035.33442067922,2946.82499597502,"age_band_separate_v1","posterior_median","conditional model uncertainty only; HIV imputation held fixed",TRUE,FALSE,FALSE
"BEN","24-35",3224.83757913458,293414.121346418,1099.07374748579,"IHME 2-4 rate shared; deaths and person-time divided equally","Benin",56.789331963267,13527325,13527325,1,56.4754532293332,"estimated",FALSE,2005,2020,-0.866210385276057,0.102769911198612,0.420542226330267,0.343820448495973,0.514384077213747,0,1,0.579457773669733,0.485615922786253,0.656179551504027,462.206920668824,636.866826816966,533.727712095457,721.189718695076,1356.18037508276,1868.65720405181,1566.03247682723,2116.07247634986,"age_band_separate_v1","posterior_median","conditional model uncertainty only; HIV imputation held fixed",TRUE,FALSE,FALSE
"BEN","36-47",3224.83757913458,293414.121346418,1099.07374748579,"IHME 2-4 rate shared; deaths and person-time divided equally","Benin",56.789331963267,13527325,13527325,1,56.4754532293332,"estimated",FALSE,2005,2020,-0.760318856258094,0.108851541399345,0.467517332414092,0.377696635539395,0.578698446162863,0,1,0.532482667585908,0.421301553837137,0.622303364460605,513.836026550916,585.237720934874,463.041477597369,683.957290850732,1507.66746246572,1717.17011666886,1358.62908296179,2006.82727533444,"age_band_separate_v1","posterior_median","conditional model uncertainty only; HIV imputation held fixed",TRUE,FALSE,FALSE
"BEN","48-59",3224.83757913458,293414.121346418,1099.07374748579,"IHME 2-4 rate shared; deaths and person-time divided equally","Benin",56.789331963267,13527325,13527325,1,56.4754532293332,"estimated",FALSE,2005,2020,-0.577185945143168,0.125501193977766,0.561476170255029,0.439040434003682,0.718055708193862,0,1,0.438523829744971,0.281944291806138,0.560959565996318,617.103718566164,481.970028919625,309.8775693776,616.535932387575,1810.66945362698,1414.1681255076,909.224547438921,1809.00348879995,"age_band_separate_v1","posterior_median","conditional model uncertainty only; HIV imputation held fixed",TRUE,FALSE,FALSE
"BFA","<1",21668.9137055495,51434.2296696051,42129.3637422836,"0-27 days mapped to model <1 completed month","Burkina Faso",53.1839944402602,22752144,22752144,1,53.1744527501911,"estimated",FALSE,2005,2020,-0.033588694667281,0.0438194672484128,0.966969142421483,0.887387725338634,1.05368746456181,0,1,0.033030857578517,-0.0536874645618111,0.112612274661366,40737.7947286387,1391.56901364491,-2261.8187229255,4744.28348105462,20953.1709030603,715.74280248918,-1163.34903665963,2440.18566182277,"age_band_separate_v1","posterior_median","conditional model uncertainty only; HIV imputation held fixed",TRUE,FALSE,FALSE
"BFA","1-5",12534.0701003549,276622.989626225,4531.10210300708,"direct age match","Burkina Faso",53.1839944402602,22752144,22752144,1,53.1744527501911,"estimated",FALSE,2005,2020,-0.171232505965758,0.0627778183991364,0.842625635207009,0.745071740656108,0.952952477412141,0,1,0.157374364792991,0.0470475225878593,0.254928259343892,3818.02278773415,713.079315272927,213.177128539122,1155.10597202904,10561.5287800408,1972.54132031419,589.696946164261,3195.2886731778,"age_band_separate_v1","posterior_median","conditional model uncertainty only; HIV imputation held fixed",TRUE,FALSE,FALSE
"BFA","6-11",12257.3504880715,313249.709718903,3912.96467571214,"direct age match","Burkina Faso",53.1839944402602,22752144,22752144,1,53.1744527501911,"estimated",FALSE,2005,2020,-0.492199161655465,0.0739885034724938,0.611280610050018,0.528763528183687,0.706675033935614,0,1,0.388719389949982,0.293324966064386,0.471236471816313,2391.91943407349,1521.04524163865,1147.7702307144,1843.93166812445,7492.68068394523,4764.66980412626,3595.38691595285,5776.11059781477,"age_band_separate_v1","posterior_median","conditional model uncertainty only; HIV imputation held fixed",TRUE,FALSE,FALSE
"BFA","12-23",17337.9449790023,597771.326030872,2900.43102169589,"direct age match","Burkina Faso",53.1839944402602,22752144,22752144,1,53.1744527501911,"estimated",FALSE,2005,2020,-0.700817121124742,0.0910897029436376,0.496179699186059,0.415052750057515,0.593163866159788,0,1,0.503820300813941,0.406836133840212,0.584947249942485,1439.13499185498,1461.29602984091,1180.00014333697,1696.59914978888,8602.7363241858,8735.20865481649,7053.7025039916,10141.7832351215,"age_band_separate_v1","posterior_median","conditional model uncertainty only; HIV imputation held fixed",TRUE,FALSE,FALSE
"BFA","24-35",8164.85818237577,536291.778103217,1522.46566435414,"IHME 2-4 rate shared; deaths and person-time divided equally","Burkina Faso",53.1839944402602,22752144,22752144,1,53.1744527501911,"estimated",FALSE,2005,2020,-0.869772679990762,0.0989670987288956,0.419046796143037,0.345160887817626,0.50874888654976,0,1,0.580953203856963,0.49125111345024,0.654839112182374,637.984358885382,884.481305468758,747.91295280373,996.970063973814,3421.45766228682,4743.40052008895,4010.9956732554,5346.66848324194,"age_band_separate_v1","posterior_median","conditional model uncertainty only; HIV imputation held fixed",TRUE,FALSE,FALSE
"BFA","36-47",8164.85818237577,536291.778103217,1522.46566435414,"IHME 2-4 rate shared; deaths and person-time divided equally","Burkina Faso",53.1839944402602,22752144,22752144,1,53.1744527501911,"estimated",FALSE,2005,2020,-0.774155881386763,0.104834803336395,0.461092833815957,0.375450620312923,0.566270475779826,0,1,0.538907166184043,0.433729524220174,0.624549379687077,701.998007564544,820.467656789596,660.338308241872,950.854986267252,3764.75759701705,4400.10058535872,3541.34005476704,5099.35711303574,"age_band_separate_v1","posterior_median","conditional model uncertainty only; HIV imputation held fixed",TRUE,FALSE,FALSE
"BFA","48-59",8164.85818237577,536291.778103217,1522.46566435414,"IHME 2-4 rate shared; deaths and person-time divided equally","Burkina Faso",53.1839944402602,22752144,22752144,1,53.1744527501911,"estimated",FALSE,2005,2020,-0.585588998317703,0.12052557338344,0.556777824013123,0.439633092173907,0.705136967237581,0,1,0.443222175986877,0.294863032762419,0.560366907826093,847.675119733793,674.790544620348,448.918843068114,853.139376605527,4546.01197215893,3618.84621021684,2407.51484573037,4575.31633249648,"age_band_separate_v1","posterior_median","conditional model uncertainty only; HIV imputation held fixed",TRUE,FALSE,FALSE
"BWA","<1",454.850857072986,3530.37620506091,12883.9203148079,"0-27 days mapped to model <1 completed month","Botswana",0.0739687942020688,1200011,2399993,0.500006041684288,0.0672853192781942,"estimated",TRUE,2005,2020,-9.85261293284409e-05,0.000132272486773505,0.999901478724211,0.99964228855445,1.00016073609756,0,1,9.85212757887988e-05,-0.000160736097555514,0.000357711445549524,12882.6509745413,1.2693402665761,-2.07091107261843,4.60872576015482,454.806044586254,0.0448124867324592,-0.0731109517356926,0.162705357593018,"age_band_separate_v1","posterior_median","conditional model uncertainty only; HIV imputation held fixed",TRUE,TRUE,FALSE
"BWA","1-5",904.264324432211,19294.1018336607,4686.73966908695,"direct age match","Botswana",0.0739687942020688,1200011,2399993,0.500006041684288,0.0672853192781942,"estimated",TRUE,2005,2020,-0.000314194740204675,0.000179098205180901,0.999685854613794,0.999335000438229,1.00003683196993,0,1,0.000314145386206333,-3.68319699259878e-05,0.000664999561771129,4685.26735144356,1.47231764339386,-0.172621854542745,3.11667982607819,903.98025396678,0.284070465431365,-0.0333058364026309,0.601335379472686,"age_band_separate_v1","posterior_median","conditional model uncertainty only; HIV imputation held fixed",TRUE,TRUE,FALSE
"BWA","6-11",531.773435298035,22350.7875714774,2379.21564775932,"direct age match","Botswana",0.0739687942020688,1200011,2399993,0.500006041684288,0.0672853192781942,"estimated",TRUE,2005,2020,-0.00103134189566462,0.000268402636984704,0.998969189754601,0.998443810722712,0.999494845239832,0,1,0.00103081024539853,0.000505154760168214,0.00155618927728796,2376.7631278936,2.4525198657228,1.20187210993232,3.70250987939877,531.225277792699,0.548157505335986,0.268627882171806,0.827540117957383,"age_band_separate_v1","posterior_median","conditional model uncertainty only; HIV imputation held fixed",TRUE,TRUE,FALSE
"BWA","12-23",302.043662499034,44363.4178531177,680.8394779209,"direct age match","Botswana",0.0739687942020688,1200011,2399993,0.500006041684288,0.0672853192781942,"estimated",TRUE,2005,2020,-0.00262307765182716,0.000414532334657444,0.997380359610298,0.996570348637835,0.998191028958535,0,1,0.00261964038970208,0.0018089710414646,0.00342965136216467,679.055923325635,1.78355459526527,1.23161889944479,2.33504204286689,301.252416721298,0.791245777736014,0.546388238718661,1.03590445852302,"age_band_separate_v1","posterior_median","conditional model uncertainty only; HIV imputation held fixed",TRUE,TRUE,FALSE
"BWA","24-35",64.5419558201027,44163.7962266596,146.14222810208,"IHME 2-4 rate shared; deaths and person-time divided equally","Botswana",0.0739687942020688,1200011,2399993,0.500006041684288,0.0672853192781942,"estimated",TRUE,2005,2020,-0.00333281585499955,0.00045728241667669,0.996672731810934,0.995779857013557,0.997566407212379,0,1,0.00332726818906559,0.00243359278762068,0.00422014298644302,145.655973715437,0.486254386643218,0.355650672276038,0.616741098948149,64.3272074236424,0.214748396460305,0.157068838182734,0.272376282185522,"age_band_separate_v1","posterior_median","conditional model uncertainty only; HIV imputation held fixed",TRUE,TRUE,FALSE
"BWA","36-47",64.5419558201027,44163.7962266596,146.14222810208,"IHME 2-4 rate shared; deaths and person-time divided equally","Botswana",0.0739687942020688,1200011,2399993,0.500006041684288,0.0672853192781942,"estimated",TRUE,2005,2020,-0.00299976265037502,0.000488350637849224,0.997004732142044,0.996050905949679,0.997959471725884,0,1,0.00299526785795579,0.00204052827411627,0.00394909405032129,145.704492983556,0.437735118524203,0.298207348484644,0.577129403498621,64.3486353743452,0.193320445757556,0.131699685717683,0.254882253725267,"age_band_separate_v1","posterior_median","conditional model uncertainty only; HIV imputation held fixed",TRUE,TRUE,FALSE
"BWA","48-59",64.5419558201027,44163.7962266596,146.14222810208,"IHME 2-4 rate shared; deaths and person-time divided equally","Botswana",0.0739687942020688,1200011,2399993,0.500006041684288,0.0672853192781942,"estimated",TRUE,2005,2020,-0.00298235701996248,0.000570218784941291,0.997022085788957,0.995908428081204,0.998136988825551,0,1,0.00297791421104343,0.00186301117444887,0.0040915719187955,145.707029084181,0.435199017898735,0.272264604013031,0.597951436652677,64.3497554126575,0.192200407445221,0.120242384913637,0.264078054017672,"age_band_separate_v1","posterior_median","conditional model uncertainty only; HIV imputation held fixed",TRUE,TRUE,FALSE
"CAF","<1",7548.95249397688,14817.4288792299,50946.4398682452,"0-27 days mapped to model <1 completed month","Central African Republic",57.137610295232,5328369.5,5328369.5,1,57.3400501724416,"estimated",FALSE,2005,2020,-0.0284282864053294,0.0454576958651618,0.971971995252547,0.889119409917307,1.06254519811133,0,1,0.028028004747453,-0.0625451981113343,0.110880590082693,49518.5128097522,1427.92705849301,-3186.45517462658,5648.97131520349,7337.3704176374,211.582076339481,-472.150729268835,837.032307038376,"age_band_separate_v1","posterior_median","conditional model uncertainty only; HIV imputation held fixed",TRUE,FALSE,FALSE
"CAF","1-5",5848.93269870296,79104.2126985126,7393.95855059554,"direct age match","Central African Republic",57.137610295232,5328369.5,5328369.5,1,57.3400501724416,"estimated",FALSE,2005,2020,-0.175756858895921,0.0650748358747768,0.838821910629992,0.738376668614494,0.952931244527597,0,1,0.161178089370008,0.0470687554724034,0.261623331385506,6202.21443852952,1191.74411206602,348.024426991068,1934.43206813316,4906.21290147225,942.719797230708,275.301982969794,1530.21725768429,"age_band_separate_v1","posterior_median","conditional model uncertainty only; HIV imputation held fixed",TRUE,FALSE,FALSE
"CAF","6-11",4678.36141095443,88845.0821346553,5265.75168658612,"direct age match","Central African Republic",57.137610295232,5328369.5,5328369.5,1,57.3400501724416,"estimated",FALSE,2005,2020,-0.506200041818954,0.0760449182434444,0.602781777879081,0.51931463685773,0.699664222717849,0,1,0.397218222120919,0.300335777282151,0.48068536314227,3174.09916351015,2091.65252307597,1581.49362576564,2531.16976168367,2820.031008856,1858.33040209844,1405.07931076582,2248.81985373542,"age_band_separate_v1","posterior_median","conditional model uncertainty only; HIV imputation held fixed",TRUE,FALSE,FALSE
"CAF","12-23",2363.60318482398,168303.968368131,1404.36568890288,"direct age match","Central African Republic",57.137610295232,5328369.5,5328369.5,1,57.3400501724416,"estimated",FALSE,2005,2020,-0.711405620977506,0.0947447820311538,0.49095361752407,0.407749615083916,0.591135946284989,0,1,0.50904638247593,0.408864053715011,0.592250384916084,689.478415293552,714.887273609329,574.194648463105,831.736119815672,1160.41953398075,1203.18365084324,966.392379520844,1399.84489600089,"age_band_separate_v1","posterior_median","conditional model uncertainty only; HIV imputation held fixed",TRUE,FALSE,FALSE
"CAF","24-35",2351.00243191104,148121.058231947,1587.2168751519,"IHME 2-4 rate shared; deaths and person-time divided equally","Central African Republic",57.137610295232,5328369.5,5328369.5,1,57.3400501724416,"estimated",FALSE,2005,2020,-0.865919817923037,0.103087634995593,0.420664439926586,0.3437062641135,0.514854075980158,0,1,0.579335560073414,0.485145924019842,0.6562937358865,667.6856978278,919.531177324101,770.031797515455,1041.68049265554,988.983121285899,1362.01931062514,1140.57924720238,1542.94816911715,"age_band_separate_v1","posterior_median","conditional model uncertainty only; HIV imputation held fixed",TRUE,FALSE,FALSE
"CAF","36-47",2351.00243191104,148121.058231947,1587.2168751519,"IHME 2-4 rate shared; deaths and person-time divided equally","Central African Republic",57.137610295232,5328369.5,5328369.5,1,57.3400501724416,"estimated",FALSE,2005,2020,-0.758993328338723,0.109190800657792,0.468137450592179,0.377946221340123,0.57985147164555,0,1,0.531862549407821,0.42014852835445,0.622053778659877,743.035661470496,844.181213681405,666.866834274419,987.334254740962,1100.59228481085,1250.41014710019,987.770211925157,1462.44994640882,"age_band_separate_v1","posterior_median","conditional model uncertainty only; HIV imputation held fixed",TRUE,FALSE,FALSE
"CAF","48-59",2351.00243191104,148121.058231947,1587.2168751519,"IHME 2-4 rate shared; deaths and person-time divided equally","Central African Republic",57.137610295232,5328369.5,5328369.5,1,57.3400501724416,"estimated",FALSE,2005,2020,-0.576502775811302,0.1259164650709,0.561859884611138,0.43898303451262,0.719131504217995,0,1,0.438140115388862,0.280868495782005,0.56101696548738,891.793490325697,695.423384826203,445.799216203728,890.45559486808,1320.93395511404,1030.068476797,660.322516630689,1318.95225020418,"age_band_separate_v1","posterior_median","conditional model uncertainty only; HIV imputation held fixed",TRUE,FALSE,FALSE
"CIV","<1",27392.2659919489,55654.1700156284,49218.7126036681,"0-27 days mapped to model <1 completed month","Cote d'Ivoire",62.0559536355424,27757124,27783660,0.999044906250652,62.0937705451644,"estimated",FALSE,2005,2020,-0.0211328597404228,0.0477695024236647,0.979088874434072,0.891580664455129,1.07518597279856,0,1,0.0209111255659281,-0.0751859727985642,0.108419335544871,48189.4939242194,1029.21867944863,-3700.55678699974,5336.26011686367,26819.462878256,572.803113692946,-2059.51416576171,2969.85127791548,"age_band_separate_v1","posterior_median","conditional model uncertainty only; HIV imputation held fixed",TRUE,FALSE,FALSE
"CIV","1-5",14749.1021159205,299236.64535734,4928.90905734743,"direct age match","Cote d'Ivoire",62.0559536355424,27757124,27783660,0.999044906250652,62.0937705451644,"estimated",FALSE,2005,2020,-0.179587282975328,0.0682823060960477,0.835615012795529,0.730944208939695,0.955274617500772,0,1,0.164384987204471,0.0447253824992275,0.269055791060305,4118.67040502337,810.238652324059,220.447342893771,1326.15152548891,12324.5711533175,2424.53096260304,659.659233654712,3968.33133722822,"age_band_separate_v1","posterior_median","conditional model uncertainty only; HIV imputation held fixed",TRUE,FALSE,FALSE
"CIV","6-11",11212.1902753833,340907.705685945,3288.92251139444,"direct age match","Cote d'Ivoire",62.0559536355424,27757124,27783660,0.999044906250652,62.0937705451644,"estimated",FALSE,2005,2020,-0.520848719063154,0.0787007988543025,0.594016181110855,0.509105787329844,0.693088218997033,0,1,0.405983818889145,0.306911781002967,0.490894212670156,1953.67319018805,1335.24932120639,1009.40906555282,1614.51302676412,6660.22244927148,4551.96782611186,3441.15328636205,5503.99931754228,"age_band_separate_v1","posterior_median","conditional model uncertainty only; HIV imputation held fixed",TRUE,FALSE,FALSE
"CIV","12-23",11389.1619068636,656390.49089089,1735.11988136903,"direct age match","Cote d'Ivoire",62.0559536355424,27757124,27783660,0.999044906250652,62.0937705451644,"estimated",FALSE,2005,2020,-0.725189756676856,0.0979645764628391,0.484232673853768,0.399637737569463,0.586734585811765,0,1,0.515767326146232,0.413265414188235,0.600362262430537,840.201739612158,894.918141756872,717.065036440213,1041.70049756692,5515.00432311404,5874.15758374957,4706.74671269686,6837.62300959233,"age_band_separate_v1","posterior_median","conditional model uncertainty only; HIV imputation held fixed",TRUE,FALSE,FALSE
"CIV","24-35",5342.42102159193,600028.564528997,890.36111568881,"IHME 2-4 rate shared; deaths and person-time divided equally","Cote d'Ivoire",62.0559536355424,27757124,27783660,0.999044906250652,62.0937705451644,"estimated",FALSE,2005,2020,-0.862954576550666,0.106531784173528,0.421913662735988,0.342407737634058,0.519880596254349,0,1,0.578086337264012,0.480119403745651,0.657592262365942,375.655519477967,514.705596210843,427.479647982824,585.494580388468,2254.04042109759,3088.38060049434,2564.99999544495,3513.1347261,"age_band_separate_v1","posterior_median","conditional model uncertainty only; HIV imputation held fixed",TRUE,FALSE,FALSE
"CIV","36-47",5342.42102159193,600028.564528997,890.36111568881,"IHME 2-4 rate shared; deaths and person-time divided equally","Cote d'Ivoire",62.0559536355424,27757124,27783660,0.999044906250652,62.0937705451644,"estimated",FALSE,2005,2020,-0.740742534621972,0.112983292352859,0.476759773417793,0.382056903858784,0.594937244304844,0,1,0.523240226582207,0.405062755695156,0.617943096141216,424.488363775811,465.872751912999,360.652127084723,550.192504512491,2547.05143575662,2795.36958583531,2164.01578108976,3301.31218697244,"age_band_separate_v1","posterior_median","conditional model uncertainty only; HIV imputation held fixed",TRUE,FALSE,FALSE
"CIV","48-59",5342.42102159193,600028.564528997,890.36111568881,"IHME 2-4 rate shared; deaths and person-time divided equally","Cote d'Ivoire",62.0559536355424,27757124,27783660,0.999044906250652,62.0937705451644,"estimated",FALSE,2005,2020,-0.569185174715612,0.130472897992365,0.565986430914504,0.438275594302611,0.730911426836507,0,1,0.434013569085496,0.269088573163493,0.561724405697389,503.932310093766,386.428805595044,239.586002220958,500.137568566361,3023.73780645344,2318.68321513849,1437.58444993883,3000.96827333897,"age_band_separate_v1","posterior_median","conditional model uncertainty only; HIV imputation held fixed",TRUE,FALSE,FALSE
"CMR","<1",23859.4478366695,58529.8485352131,40764.5815490451,"0-27 days mapped to model <1 completed month","Cameroon",48.6084683420969,28456054,28622398,0.994188327616715,48.6938287511571,"estimated",FALSE,2005,2020,-0.0384390657187344,0.0421817607349766,0.96229033942357,0.885933136823654,1.04522865085275,0,1,0.0377096605764302,-0.045228650852746,0.114066863176346,39227.3630152904,1537.2185337547,-1843.72702604005,4649.88794599592,22959.7161572077,899.731679461849,-1079.13063574403,2721.57237184854,"age_band_separate_v1","posterior_median","conditional model uncertainty only; HIV imputation held fixed",TRUE,FALSE,FALSE
"CMR","1-5",12723.5630944985,315284.592740465,4035.58035738596,"direct age match","Cameroon",48.6084683420969,28456054,28622398,0.994188327616715,48.6938287511571,"estimated",FALSE,2005,2020,-0.164338614096581,0.060407053828081,0.848454674519916,0.753720051792667,0.9550964353443,0,1,0.151545325480084,0.0449035646557003,0.246279948207333,3424.00701862487,611.573338761088,181.211943501155,993.882521403545,10795.3665840764,1928.19651042216,571.333338064697,3133.55845992583,"age_band_separate_v1","posterior_median","conditional model uncertainty only; HIV imputation held fixed",TRUE,FALSE,FALSE
"CMR","6-11",14591.4981794678,356896.653670065,4088.43793558148,"direct age match","Cameroon",48.6084683420969,28456054,28622398,0.994188327616715,48.6938287511571,"estimated",FALSE,2005,2020,-0.473143280966,0.0719575501984394,0.623040794895065,0.541085761986443,0.717409067794321,0,1,0.376959205104935,0.282590932205679,0.458914238013557,2547.26362126382,1541.17431431766,1155.35548748103,1876.24237987309,9091.09862444549,5500.39955502228,4123.42507281326,6696.24626850665,"age_band_separate_v1","posterior_median","conditional model uncertainty only; HIV imputation held fixed",TRUE,FALSE,FALSE
"CMR","12-23",15415.7654956662,683401.680894494,2255.74006131925,"direct age match","Cameroon",48.6084683420969,28456054,28622398,0.994188327616715,48.6938287511571,"estimated",FALSE,2005,2020,-0.68946736090294,0.0869541978186,0.501843299252895,0.423206746499148,0.595091404114792,0,1,0.498156700747105,0.404908595885208,0.576793253500852,1132.02803462938,1123.71202668987,913.368540910791,1301.09564902054,7736.29861685408,7679.46687881216,6241.97596134586,8891.70953545151,"age_band_separate_v1","posterior_median","conditional model uncertainty only; HIV imputation held fixed",TRUE,FALSE,FALSE
"CMR","24-35",7616.61420359239,615425.522215087,1237.61753919111,"IHME 2-4 rate shared; deaths and person-time divided equally","Cameroon",48.6084683420969,28456054,28622398,0.994188327616715,48.6938287511571,"estimated",FALSE,2005,2020,-0.874834859013867,0.0941771277461535,0.416930866368068,0.346657285283312,0.50145014892262,0,1,0.583069133631932,0.49854985107738,0.653342714716688,516.000952847266,721.616586343844,617.014039854482,808.588402836107,3175.60155869511,4441.01264489728,3797.26187691485,4976.25940072474,"age_band_separate_v1","posterior_median","conditional model uncertainty only; HIV imputation held fixed",TRUE,FALSE,FALSE
"CMR","36-47",7616.61420359239,615425.522215087,1237.61753919111,"IHME 2-4 rate shared; deaths and person-time divided equally","Cameroon",48.6084683420969,28456054,28622398,0.994188327616715,48.6938287511571,"estimated",FALSE,2005,2020,-0.790687975161015,0.09989391370348,0.453532668716219,0.372888270056677,0.551617999572879,0,1,0.546467331283781,0.448382000427121,0.627111729943323,561.299985399344,676.317553791766,554.925427986201,776.124476010336,3454.38336633712,4162.23083725528,3415.15271308838,4776.46810952571,"age_band_separate_v1","posterior_median","conditional model uncertainty only; HIV imputation held fixed",TRUE,FALSE,FALSE
"CMR","48-59",7616.61420359239,615425.522215087,1237.61753919111,"IHME 2-4 rate shared; deaths and person-time divided equally","Cameroon",48.6084683420969,28456054,28622398,0.994188327616715,48.6938287511571,"estimated",FALSE,2005,2020,-0.59953688557596,0.114341063182117,0.549065857541049,0.438830848379458,0.686992076857373,0,1,0.450934142458951,0.313007923142627,0.561169151620542,679.533535463809,558.084003727301,387.384095587098,694.512784498578,4182.02280925479,3434.5913943376,2384.06059324509,4274.20893085091,"age_band_separate_v1","posterior_median","conditional model uncertainty only; HIV imputation held fixed",TRUE,FALSE,FALSE
"COD","<1",73984.3174206275,188322.837012299,39285.8978732334,"0-27 days mapped to model <1 completed month","Democratic Republic of the Congo",64.5181086884157,111560592,115257392,0.967925701459564,64.5649421485996,"estimated",FALSE,2005,2020,-0.0171749116634692,0.0491042961666823,0.982971736375917,0.89277779073233,1.08227763340898,0,1,0.0170282636240827,-0.0822776334089819,0.107222209267669,38616.9272475392,668.970625694209,-3232.3507033566,4212.32076303212,72724.4929595412,1259.82446108626,-6087.25454674814,7932.7619650002,"age_band_separate_v1","posterior_median","conditional model uncertainty only; HIV imputation held fixed",TRUE,FALSE,FALSE
"COD","1-5",50833.2594687616,1014929.17090049,5008.55241195403,"direct age match","Democratic Republic of the Congo",64.5181086884157,111560592,115257392,0.967925701459564,64.5649421485996,"estimated",FALSE,2005,2020,-0.180818671104009,0.070110105611023,0.834586679657174,0.727434038297595,0.957523141880023,0,1,0.165413320342826,0.042476858119977,0.272565961702405,4180.07112738165,828.481284572385,212.74757018904,1365.16090490115,42424.7612361853,8408.49823257624,2159.23715023056,13855.4162535709,"age_band_separate_v1","posterior_median","conditional model uncertainty only; HIV imputation held fixed",TRUE,FALSE,FALSE
"COD","6-11",52482.2778692812,1149758.35174865,4564.63549836031,"direct age match","Democratic Republic of the Congo",64.5181086884157,111560592,115257392,0.967925701459564,64.5649421485996,"estimated",FALSE,2005,2020,-0.527152486577354,0.0802020736649394,0.590283418799232,0.50442018268119,0.690762436699587,0,1,0.409716581200768,0.309237563300413,0.49557981731881,2694.42864754446,1870.20685081585,1411.55675886751,2262.14122640436,30979.4184070506,21502.8594622306,16229.4917247517,26009.1576789334,"age_band_separate_v1","posterior_median","conditional model uncertainty only; HIV imputation held fixed",TRUE,FALSE,FALSE
"COD","12-23",39176.20064138,2207800.11703718,1774.44508400306,"direct age match","Democratic Republic of the Congo",64.5181086884157,111560592,115257392,0.967925701459564,64.5649421485996,"estimated",FALSE,2005,2020,-0.732305597542372,0.099300571515883,0.480799181784279,0.39576639976993,0.584101766443075,0,1,0.519200818215721,0.415898233556925,0.60423360023007,853.151744509808,921.293339493252,737.988575980641,1072.17934151772,18835.8852137923,20340.3154275877,16293.3126442216,23671.5767568766,"age_band_separate_v1","posterior_median","conditional model uncertainty only; HIV imputation held fixed",TRUE,FALSE,FALSE
"COD","24-35",24962.7000872192,2004107.00960926,1245.57720558475,"IHME 2-4 rate shared; deaths and person-time divided equally","Democratic Republic of the Congo",64.5181086884157,111560592,115257392,0.967925701459564,64.5649421485996,"estimated",FALSE,2005,2020,-0.862211603076704,0.107874381245292,0.422227249874741,0.341761721612935,0.521637852523152,0,1,0.577772750125259,0.478362147476848,0.658238278387065,525.916638020713,719.660567564037,595.836986911732,819.886595402277,10539.9322072745,14422.7678799447,11941.2108205427,16431.4047293038,"age_band_separate_v1","posterior_median","conditional model uncertainty only; HIV imputation held fixed",TRUE,FALSE,FALSE
"COD","36-47",24962.7000872192,2004107.00960926,1245.57720558475,"IHME 2-4 rate shared; deaths and person-time divided equally","Democratic Republic of the Congo",64.5181086884157,111560592,115257392,0.967925701459564,64.5649421485996,"estimated",FALSE,2005,2020,-0.731911050106974,0.114600679463149,0.480988917295762,0.384226039725859,0.602120404765944,0,1,0.519011082704238,0.397879595234056,0.615773960274141,599.10883152249,646.46837406226,495.589754390826,766.99400871012,12006.7820877304,12955.9179994888,9932.14900665189,15371.3806918426,"age_band_separate_v1","posterior_median","conditional model uncertainty only; HIV imputation held fixed",TRUE,FALSE,FALSE
"COD","48-59",24962.7000872192,2004107.00960926,1245.57720558475,"IHME 2-4 rate shared; deaths and person-time divided equally","Democratic Republic of the Congo",64.5181086884157,111560592,115257392,0.967925701459564,64.5649421485996,"estimated",FALSE,2005,2020,-0.567039877472488,0.132395045336445,0.567201943396,0.437565268983571,0.73524584192782,0,1,0.432798056604,0.26475415807218,0.562434731016429,706.493811657429,539.083393927321,329.771744378489,700.555880583254,14158.8920018822,10803.808085337,6608.97864480005,14039.8895089989,"age_band_separate_v1","posterior_median","conditional model uncertainty only; HIV imputation held fixed",TRUE,FALSE,FALSE
"COG","<1",3184.65198687615,10321.124158586,30855.6697695268,"0-27 days mapped to model <1 completed month","Congo",32.8294542135053,4342394,4342394.5,0.999999884856155,32.7571098597598,"estimated",FALSE,2005,2020,-0.0405025672517147,0.0369164490045424,0.960306699159228,0.893277963040181,1.03236505836494,0,1,0.0396933008407716,-0.0323650583649422,0.106722036959819,29630.9063867215,1224.76338280533,-998.645552980117,3292.97992956342,3058.24263748791,126.409349388236,-103.071447427276,339.872547047558,"age_band_separate_v1","posterior_median","conditional model uncertainty only; HIV imputation held fixed",TRUE,FALSE,FALSE
"COG","1-5",1842.46203709811,55958.7861071369,3292.53396163846,"direct age match","Congo",32.8294542135053,4342394,4342394.5,0.999999884856155,32.7571098597598,"estimated",FALSE,2005,2020,-0.126636845750222,0.0520449454497107,0.881053572856337,0.79561246523489,0.975670231629342,0,1,0.118946427143663,0.0243297683706585,0.20438753476511,2900.89881065239,391.635150986066,80.1065886391902,672.952899549686,1623.30776063745,219.154276460655,44.8266745943285,376.576273660785,"age_band_separate_v1","posterior_median","conditional model uncertainty only; HIV imputation held fixed",TRUE,FALSE,FALSE
"COG","6-11",1711.64989913142,63919.269232589,2677.83083205016,"direct age match","Congo",32.8294542135053,4342394,4342394.5,0.999999884856155,32.7571098597598,"estimated",FALSE,2005,2020,-0.378130739916213,0.0667722957420687,0.685140919543668,0.601095151667952,0.780938056696309,0,1,0.314859080456332,0.219061943303691,0.398904848332048,1834.69147865323,843.139353396927,586.610825907447,1068.19970191785,1172.72138582773,538.928513303692,374.957353159296,682.785443410585,"age_band_separate_v1","posterior_median","conditional model uncertainty only; HIV imputation held fixed",TRUE,FALSE,FALSE
"COG","12-23",1353.48734598973,122708.196830947,1103.01298604722,"direct age match","Congo",32.8294542135053,4342394,4342394.5,0.999999884856155,32.7571098597598,"estimated",FALSE,2005,2020,-0.663118720769551,0.0837618860458698,0.515241930445441,0.437233019457865,0.60716879804346,0,1,0.484758069554559,0.39283120195654,0.562766980542135,568.31854023736,534.69444580986,433.297917082602,620.739287656558,697.373432981223,656.113913008503,531.692060958112,761.697986904626,"age_band_separate_v1","posterior_median","conditional model uncertainty only; HIV imputation held fixed",TRUE,FALSE,FALSE
"COG","24-35",759.691633458672,109962.27295443,690.8657060713,"IHME 2-4 rate shared; deaths and person-time divided equally","Congo",32.8294542135053,4342394,4342394.5,0.999999884856155,32.7571098597598,"estimated",FALSE,2005,2020,-0.873042838799004,0.0907288917998087,0.417678684761514,0.349634065326036,0.498965921817222,0,1,0.582321315238486,0.501034078182778,0.650365934673964,288.559879458696,402.305826612605,346.147262189528,449.315520663249,317.307002287344,442.384631171327,380.631397273135,494.077559258339,"age_band_separate_v1","posterior_median","conditional model uncertainty only; HIV imputation held fixed",TRUE,FALSE,FALSE
"COG","36-47",759.691633458672,109962.27295443,690.8657060713,"IHME 2-4 rate shared; deaths and person-time divided equally","Congo",32.8294542135053,4342394,4342394.5,0.999999884856155,32.7571098597598,"estimated",FALSE,2005,2020,-0.805335674614057,0.0968508003424669,0.446937875677704,0.369664384034063,0.540364377372348,0,1,0.553062124322296,0.459635622627652,0.630335615965937,308.774051050084,382.091655021216,317.546488962175,435.477260386195,339.534964828144,420.156668630528,349.181336949795,478.860693720341,"age_band_separate_v1","posterior_median","conditional model uncertainty only; HIV imputation held fixed",TRUE,FALSE,FALSE
"COG","48-59",759.691633458672,109962.27295443,690.8657060713,"IHME 2-4 rate shared; deaths and person-time divided equally","Congo",32.8294542135053,4342394,4342394.5,0.999999884856155,32.7571098597598,"estimated",FALSE,2005,2020,-0.668446724915823,0.111055256630799,0.51250401958081,0.412255890821014,0.637129452688706,0,1,0.48749598041919,0.362870547311294,0.587744109178986,354.071451352076,336.794254719224,250.694816880696,406.052248977188,389.345015789481,370.346617669191,275.669718820959,446.504282357896,"age_band_separate_v1","posterior_median","conditional model uncertainty only; HIV imputation held fixed",TRUE,FALSE,FALSE
"COM","<1",540.805742940209,1547.81585936025,34939.9277484944,"0-27 days mapped to model <1 completed month","Comoros",1.49344288730066,862191.125,881698.6875,0.977875023773357,1.49344289675355,"estimated",FALSE,2005,2020,-0.00198920831940637,0.00266778394841095,0.998012768844248,0.992808018197825,1.00324480515799,0,1,0.0019872311557515,-0.00324480515798631,0.00719198180217495,34870.4940354929,69.4337130015144,-113.373257777984,251.287324536479,539.731036918629,1.07470602158012,-1.75480926416101,3.88946506173769,"age_band_separate_v1","posterior_median","conditional model uncertainty only; HIV imputation held fixed",TRUE,TRUE,FALSE
"COM","1-5",243.24983486093,8470.37170726395,2871.77284855546,"direct age match","Comoros",1.49344288730066,862191.125,881698.6875,0.977875023773357,1.49344289675355,"estimated",FALSE,2005,2020,-0.00634249423437918,0.00361248399070607,0.993677576926019,0.986666851746851,1.00073811655619,0,1,0.00632242307398079,-0.00073811655618572,0.0133331482531492,2853.61628563452,18.1565629209386,-2.11970308512341,38.2897731391587,241.711906492263,1.53792836866676,-0.179546730400294,3.24328611075485,"age_band_separate_v1","posterior_median","conditional model uncertainty only; HIV imputation held fixed",TRUE,TRUE,FALSE
"COM","6-11",191.91199328096,9858.16172558904,1946.73204419856,"direct age match","Comoros",1.49344288730066,862191.125,881698.6875,0.977875023773357,1.49344289675355,"estimated",FALSE,2005,2020,-0.0208149770580253,0.0054123814334311,0.979400159305196,0.969065523430513,0.989845009294488,0,1,0.0205998406948037,0.010154990705512,0.0309344765694872,1906.6296742126,40.1023699859599,19.7690458149587,60.2211368083303,187.95863679195,3.95335648901,1.94886450804442,5.93669705955343,"age_band_separate_v1","posterior_median","conditional model uncertainty only; HIV imputation held fixed",TRUE,TRUE,FALSE
"COM","12-23",141.710819690998,19192.4991047047,738.36564440042,"direct age match","Comoros",1.49344288730066,862191.125,881698.6875,0.977875023773357,1.49344289675355,"estimated",FALSE,2005,2020,-0.0529055855303956,0.00835630656502997,0.948469557505267,0.933061983761573,0.964131555213069,0,1,0.0515304424947335,0.0358684447869313,0.0669380162384273,700.317336021557,38.0483083788627,26.4840273487434,49.4247314947722,134.408398446029,7.3024212449685,5.08294671179732,9.48584114963684,"age_band_separate_v1","posterior_median","conditional model uncertainty only; HIV imputation held fixed",TRUE,TRUE,FALSE
"COM","24-35",58.8119225903412,18233.2030988135,322.55398172013,"IHME 2-4 rate shared; deaths and person-time divided equally","Comoros",1.49344288730066,862191.125,881698.6875,0.977875023773357,1.49344289675355,"estimated",FALSE,2005,2020,-0.067224946763239,0.0092179336684829,0.934984855862393,0.918244333971481,0.952030574379968,0,1,0.065015144137607,0.0479694256200321,0.0817556660285192,301.583088106437,20.9708936136933,15.472729234569,26.37061560568,54.9882569661203,3.82366562422082,2.82117414626846,4.80820790179106,"age_band_separate_v1","posterior_median","conditional model uncertainty only; HIV imputation held fixed",TRUE,TRUE,FALSE
"COM","36-47",58.8119225903412,18233.2030988135,322.55398172013,"IHME 2-4 rate shared; deaths and person-time divided equally","Comoros",1.49344288730066,862191.125,881698.6875,0.977875023773357,1.49344289675355,"estimated",FALSE,2005,2020,-0.0605098239146322,0.00984409506818248,0.941284521874197,0.923297391214824,0.959622067115519,0,1,0.0587154781258034,0.0403779328844811,0.0767026087851764,303.615070462051,18.9389112580791,13.0240630255176,24.7407318719801,55.3587524359515,3.45317015438962,2.37470386316009,4.51102789035102,"age_band_separate_v1","posterior_median","conditional model uncertainty only; HIV imputation held fixed",TRUE,TRUE,FALSE
"COM","48-59",58.8119225903412,18233.2030988135,322.55398172013,"IHME 2-4 rate shared; deaths and person-time divided equally","Comoros",1.49344288730066,862191.125,881698.6875,0.977875023773357,1.49344289675355,"estimated",FALSE,2005,2020,-0.0601428080863465,0.0114940296676026,0.941630051596205,0.920654275873867,0.963083730021744,0,1,0.0583699484037953,0.0369162699782563,0.0793457241261332,303.726522449687,18.8274592704427,11.9074898717419,25.5932792493512,55.379073703215,3.43284888712622,2.17111681228534,4.66647458518071,"age_band_separate_v1","posterior_median","conditional model uncertainty only; HIV imputation held fixed",TRUE,TRUE,FALSE
"CPV","<1",207.873047628137,911.673425628789,22801.262138881,"0-27 days mapped to model <1 completed month","Cape Verde",,0,0,,,"missing_MAP_no_estimate",,2005,2020,,,,,,,,,,,,,,,,,,,"age_band_separate_v1","posterior_median","conditional model uncertainty only; HIV imputation held fixed",TRUE,,
"CPV","1-5",89.9081244004216,5008.78783600564,1795.00764145204,"direct age match","Cape Verde",,0,0,,,"missing_MAP_no_estimate",,2005,2020,,,,,,,,,,,,,,,,,,,"age_band_separate_v1","posterior_median","conditional model uncertainty only; HIV imputation held fixed",TRUE,,
"CPV","6-11",79.5499390412222,5835.80442344818,1363.13579532569,"direct age match","Cape Verde",,0,0,,,"missing_MAP_no_estimate",,2005,2020,,,,,,,,,,,,,,,,,,,"age_band_separate_v1","posterior_median","conditional model uncertainty only; HIV imputation held fixed",TRUE,,
"CPV","12-23",51.9002724018005,11498.5560434819,451.36339037301,"direct age match","Cape Verde",,0,0,,,"missing_MAP_no_estimate",,2005,2020,,,,,,,,,,,,,,,,,,,"age_band_separate_v1","posterior_median","conditional model uncertainty only; HIV imputation held fixed",TRUE,,
"CPV","24-35",19.5504691527534,11451.0124739981,170.73135844666,"IHME 2-4 rate shared; deaths and person-time divided equally","Cape Verde",,0,0,,,"missing_MAP_no_estimate",,2005,2020,,,,,,,,,,,,,,,,,,,"age_band_separate_v1","posterior_median","conditional model uncertainty only; HIV imputation held fixed",TRUE,,
"CPV","36-47",19.5504691527534,11451.0124739981,170.73135844666,"IHME 2-4 rate shared; deaths and person-time divided equally","Cape Verde",,0,0,,,"missing_MAP_no_estimate",,2005,2020,,,,,,,,,,,,,,,,,,,"age_band_separate_v1","posterior_median","conditional model uncertainty only; HIV imputation held fixed",TRUE,,
"CPV","48-59",19.5504691527534,11451.0124739981,170.73135844666,"IHME 2-4 rate shared; deaths and person-time divided equally","Cape Verde",,0,0,,,"missing_MAP_no_estimate",,2005,2020,,,,,,,,,,,,,,,,,,,"age_band_separate_v1","posterior_median","conditional model uncertainty only; HIV imputation held fixed",TRUE,,
"DJI","<1",735.613152372711,1971.41212150773,37314.0219818733,"0-27 days mapped to model <1 completed month","Djibouti",0.180218583070353,1051926.125,1167835.5,0.900748542924068,0.161087729421384,"estimated",TRUE,2005,2020,-0.00024005034785453,0.000322267055228301,0.999759978461925,0.999128697635032,1.00039165815183,0,1,0.000240021538075119,-0.000391658151830176,0.000871302364967796,37305.0658129255,8.95616894785804,-14.6143408867711,32.5117955992666,735.43658937245,0.176563000260785,-0.288108887720266,0.640941479363759,"age_band_separate_v1","posterior_median","conditional model uncertainty only; HIV imputation held fixed",TRUE,TRUE,FALSE
"DJI","1-5",513.562124857249,10662.0735427386,4816.71902560651,"direct age match","Djibouti",0.180218583070353,1051926.125,1167835.5,0.900748542924068,0.161087729421384,"estimated",TRUE,2005,2020,-0.000765506961112408,0.000436352998634638,0.999234785964591,0.998380569571877,1.00008973322654,0,1,0.000765214035408968,-8.97332265425987e-05,0.00161943042812318,4813.03320460349,3.68582100301551,-0.432219739516794,7.80034135378702,513.169139911254,0.39298494599522,-0.0460835864935139,0.831678131725425,"age_band_separate_v1","posterior_median","conditional model uncertainty only; HIV imputation held fixed",TRUE,TRUE,FALSE
"DJI","6-11",237.240343941004,12154.5325316894,1951.86728343908,"direct age match","Djibouti",0.180218583070353,1051926.125,1167835.5,0.900748542924068,0.161087729421384,"estimated",TRUE,2005,2020,-0.00251276576019066,0.000653931664878045,0.997490388593089,0.996212741550464,0.998769674223434,0,1,0.0025096114069113,0.00123032577656579,0.0037872584495362,1946.96885503978,4.8984283992957,2.40143263125054,7.39222586157793,236.64496286767,0.595381073333906,0.291882910391951,0.898490497161443,"age_band_separate_v1","posterior_median","conditional model uncertainty only; HIV imputation held fixed",TRUE,TRUE,FALSE
"DJI","12-23",130.803821252199,23141.9312627126,565.22430979197,"direct age match","Djibouti",0.180218583070353,1051926.125,1167835.5,0.900748542924068,0.161087729421384,"estimated",TRUE,2005,2020,-0.00639083542929325,0.00100995617906191,0.993629542525621,0.991664620368874,0.995598358054182,0,1,0.00637045747437925,0.00440164194581805,0.00833537963112618,561.623572362955,3.60073742901511,2.48791503077639,4.71135919885734,129.970541071426,0.83328018077344,0.575751586296966,1.09029950733905,"age_band_separate_v1","posterior_median","conditional model uncertainty only; HIV imputation held fixed",TRUE,TRUE,FALSE
"DJI","24-35",70.1750187206078,20428.1596022706,343.52100280638,"IHME 2-4 rate shared; deaths and person-time divided equally","Djibouti",0.180218583070353,1051926.125,1167835.5,0.900748542924068,0.161087729421384,"estimated",TRUE,2005,2020,-0.00812003864393071,0.00111411122832149,0.991912839818212,0.989749244296159,0.994081164968109,0,1,0.00808716018178757,0.00591883503189117,0.0102507557038413,340.742893430877,2.77810937550349,2.03324414560079,3.52134987890677,69.6075021034543,0.567516617153497,0.415354359167152,0.719346973417438,"age_band_separate_v1","posterior_median","conditional model uncertainty only; HIV imputation held fixed",TRUE,TRUE,FALSE
"DJI","36-47",70.1750187206078,20428.1596022706,343.52100280638,"IHME 2-4 rate shared; deaths and person-time divided equally","Djibouti",0.180218583070353,1051926.125,1167835.5,0.900748542924068,0.161087729421384,"estimated",TRUE,2005,2020,-0.00730859457852931,0.00118980491128762,0.992718048252099,0.99040575196132,0.995035743051646,0,1,0.00728195174790092,0.00496425694835378,0.00959424803867948,341.019499439553,2.50150336682659,1.70532652508703,3.29582570742032,69.6640076203763,0.51101110023151,0.348366824284634,0.673276535724487,"age_band_separate_v1","posterior_median","conditional model uncertainty only; HIV imputation held fixed",TRUE,TRUE,FALSE
"DJI","48-59",70.1750187206078,20428.1596022706,343.52100280638,"IHME 2-4 rate shared; deaths and person-time divided equally","Djibouti",0.180218583070353,1051926.125,1167835.5,0.900748542924068,0.161087729421384,"estimated",TRUE,2005,2020,-0.00726616823555115,0.00138926592760425,0.992760166541951,0.990060645728,0.995467047927859,0,1,0.00723983345804902,0.00453295207214066,0.0099393542720001,341.03396795672,2.48703484966018,1.55716424149502,3.41437694676535,69.6669632721552,0.508055448452673,0.318099996522089,0.69749437210836,"age_band_separate_v1","posterior_median","conditional model uncertainty only; HIV imputation held fixed",TRUE,TRUE,FALSE
"ERI","<1",3422.87943153911,12827.7090800396,26683.4819076559,"0-27 days mapped to model <1 completed month","Eritrea",0.264051516629705,3990727.75,4194347,0.951453885431987,0.244094649361467,"estimated",FALSE,2005,2020,-0.000351715301201557,0.000472169528520653,0.999648346543374,0.998723664638007,1.00057388457808,0,1,0.0003516534566258,-0.000573884578076056,0.00127633536199334,26674.0985690083,9.3833386476392,-15.3132387561752,34.0570715398508,3421.6757641554,1.20366738371408,-1.96433771837403,4.36874205831303,"age_band_separate_v1","posterior_median","conditional model uncertainty only; HIV imputation held fixed",TRUE,TRUE,FALSE
"ERI","1-5",1916.19055750376,69429.3688145581,2759.91354987224,"direct age match","Eritrea",0.264051516629705,3990727.75,4194347,0.951453885431987,0.244094649361467,"estimated",FALSE,2005,2020,-0.00112159748681344,0.000639323290117816,0.998879031268556,0.99762816913647,1.00013146177664,0,1,0.00112096873144429,-0.000131461776637254,0.00237183086352988,2756.81977308134,3.0937767908962,-0.362823138631435,6.54604813826129,1914.04256780531,2.14798969845053,-0.251905815064974,4.54487990469194,"age_band_separate_v1","posterior_median","conditional model uncertainty only; HIV imputation held fixed",TRUE,TRUE,FALSE
"ERI","6-11",1496.94490917092,79089.225760347,1892.7292495022,"direct age match","Eritrea",0.264051516629705,3990727.75,4194347,0.951453885431987,0.244094649361467,"estimated",FALSE,2005,2020,-0.00368161642375606,0.000958105190480718,0.996325152416684,0.994455957153603,0.998197861048966,0,1,0.00367484758331615,0.00180213895103443,0.00554404284639698,1885.7737579938,6.95549150840496,3.41096110429007,10.493372055869,1491.44386478909,5.50104438182416,2.6977027283696,8.2991267151394,"age_band_separate_v1","posterior_median","conditional model uncertainty only; HIV imputation held fixed",TRUE,TRUE,FALSE
"ERI","12-23",1989.62196607286,156105.381390693,1274.53771826951,"direct age match","Eritrea",0.264051516629705,3990727.75,4194347,0.951453885431987,0.244094649361467,"estimated",FALSE,2005,2020,-0.00936353468922337,0.00147972537448443,0.990680166695538,0.987811150097826,0.993557516117028,0,1,0.00931983330446151,0.0064424838829723,0.0121888499021744,1262.65923919499,11.8784790745206,8.21118870819162,15.5351489426469,1971.07902101016,18.542945062694,12.8181074496321,24.2512035065312,"age_band_separate_v1","posterior_median","conditional model uncertainty only; HIV imputation held fixed",TRUE,TRUE,FALSE
"ERI","24-35",1351.99944275619,146806.259164901,920.94128032889,"IHME 2-4 rate shared; deaths and person-time divided equally","Eritrea",0.264051516629705,3990727.75,4194347,0.951453885431987,0.244094649361467,"estimated",FALSE,2005,2020,-0.0118970894609763,0.00163232651936682,0.9881734010868,0.985016988599204,0.991339928059637,0,1,0.0118265989131995,0.00866007194036333,0.0149830114007962,910.049677183832,10.8916031450582,7.9754177404985,13.7984737026316,1336.00988761584,15.9895551403466,11.7084124375997,20.257023064686,"age_band_separate_v1","posterior_median","conditional model uncertainty only; HIV imputation held fixed",TRUE,TRUE,FALSE
"ERI","36-47",1351.99944275619,146806.259164901,920.94128032889,"IHME 2-4 rate shared; deaths and person-time divided equally","Eritrea",0.264051516629705,3990727.75,4194347,0.951453885431987,0.244094649361467,"estimated",FALSE,2005,2020,-0.010708208217256,0.00174322788808328,0.989348920546954,0.985974415884696,0.992734974476143,0,1,0.0106510794530456,0.00726502552385688,0.0140255841153039,911.132261580518,9.80901874837251,6.69066190756282,12.9167393925085,1337.59918927092,14.4002534852695,9.82231045986398,18.9625819082208,"age_band_separate_v1","posterior_median","conditional model uncertainty only; HIV imputation held fixed",TRUE,TRUE,FALSE
"ERI","48-59",1351.99944275619,146806.259164901,920.94128032889,"IHME 2-4 rate shared; deaths and person-time divided equally","Eritrea",0.264051516629705,3990727.75,4194347,0.951453885431987,0.244094649361467,"estimated",FALSE,2005,2020,-0.0106460038993795,0.00203546476624401,0.989410464235821,0.985471135971631,0.99336553959458,0,1,0.0105895357641793,0.00663446040542037,0.0145288640283694,911.188939704138,9.75234062475187,6.10994846005917,13.3802306400109,1337.68239630397,14.3170464522171,8.96978677111633,19.6430160702358,"age_band_separate_v1","posterior_median","conditional model uncertainty only; HIV imputation held fixed",TRUE,TRUE,FALSE
"ETH","<1",129642.565986581,231585.320424348,55980.476547058,"0-27 days mapped to model <1 completed month","Ethiopia",10.282958677834,85722128,103563128,0.827728262514435,10.263917680128,"estimated",TRUE,2005,2020,-0.0136795558047906,0.0174536750516118,0.986413584130697,0.953240419829064,1.02074118838986,0,1,0.0135864158693026,-0.0207411883898603,0.0467595801709356,55219.9025121279,760.574034930074,-1161.10161021669,2617.62358110934,127881.188170724,1761.3778158572,-2688.94088447257,6062.03195781535,"age_band_separate_v1","posterior_median","conditional model uncertainty only; HIV imputation held fixed",TRUE,FALSE,FALSE
"ETH","1-5",57394.3417244068,1252424.72751536,4582.65798043364,"direct age match","Ethiopia",10.282958677834,85722128,103563128,0.827728262514435,10.263917680128,"estimated",TRUE,2005,2020,-0.0432910414857052,0.0237256390382884,0.957632638678968,0.914120900963063,1.00321551525305,0,1,0.0423673613210316,-0.00321551525305241,0.0858790990369371,4388.5028539659,194.155126467741,-14.7356066356067,393.554538554071,54962.6949107861,2431.6468136207,-184.552381253733,4928.97435711014,"age_band_separate_v1","posterior_median","conditional model uncertainty only; HIV imputation held fixed",TRUE,FALSE,FALSE
"ETH","6-11",36815.9782078474,1441786.08471368,2553.49795633231,"direct age match","Ethiopia",10.282958677834,85722128,103563128,0.827728262514435,10.263917680128,"estimated",TRUE,2005,2020,-0.140685867062051,0.035081357046561,0.868762175652263,0.811035004703231,0.930598202873162,0,1,0.131237824347737,0.069401797126838,0.188964995296769,2218.38244006687,335.115516265445,177.21734712917,482.521729308643,31984.3293266159,4831.64888123159,2555.09505060712,6956.93114889183,"age_band_separate_v1","posterior_median","conditional model uncertainty only; HIV imputation held fixed",TRUE,FALSE,FALSE
"ETH","12-23",36149.392956046,2806308.31275437,1288.14759204293,"direct age match","Ethiopia",10.282958677834,85722128,103563128,0.827728262514435,10.263917680128,"estimated",TRUE,2005,2020,-0.346223392091074,0.0532380804022478,0.707354452065093,0.637266010113499,0.785151432707345,0,1,0.292645547934907,0.214848567292655,0.362733989886501,911.176934148495,376.970657894435,276.756664611907,467.254915624421,25570.4340469097,10578.9589091364,7766.64528510569,13112.6135389216,"age_band_separate_v1","posterior_median","conditional model uncertainty only; HIV imputation held fixed",TRUE,FALSE,FALSE
"ETH","24-35",21457.2476753596,2622688.02474711,818.13953748573,"IHME 2-4 rate shared; deaths and person-time divided equally","Ethiopia",10.282958677834,85722128,103563128,0.827728262514435,10.263917680128,"estimated",TRUE,2005,2020,-0.441400073739524,0.0586772256604068,0.643135353530385,0.573266071000946,0.721520257144209,0,1,0.356864646469615,0.278479742855791,0.426733928999054,526.17446067807,291.96507680766,227.835288019182,349.127899300754,13799.9145694814,7657.33310587819,5975.40881502718,9156.53560601203,"age_band_separate_v1","posterior_median","conditional model uncertainty only; HIV imputation held fixed",TRUE,FALSE,FALSE
"ETH","36-47",21457.2476753596,2622688.02474711,818.13953748573,"IHME 2-4 rate shared; deaths and person-time divided equally","Ethiopia",10.282958677834,85722128,103563128,0.827728262514435,10.263917680128,"estimated",TRUE,2005,2020,-0.398220137779656,0.0626279562609652,0.671514185747954,0.593944928739995,0.759213994161631,0,1,0.328485814252046,0.240786005838369,0.406055071260005,549.392305342937,268.747232142793,196.99655144964,332.209708194395,14408.8462011113,7048.40147424834,5166.60496403448,8712.82423386172,"age_band_separate_v1","posterior_median","conditional model uncertainty only; HIV imputation held fixed",TRUE,FALSE,FALSE
"ETH","48-59",21457.2476753596,2622688.02474711,818.13953748573,"IHME 2-4 rate shared; deaths and person-time divided equally","Ethiopia",10.282958677834,85722128,103563128,0.827728262514435,10.263917680128,"estimated",TRUE,2005,2020,-0.390557206304365,0.0730102754534317,0.676679719225687,0.586457711469522,0.780781688868885,0,1,0.323320280774313,0.219218311131115,0.413542288530478,553.618432513277,264.521104972453,179.351167677214,338.335296669116,14519.6843323184,6937.56334304126,4703.82159691439,8873.47930923351,"age_band_separate_v1","posterior_median","conditional model uncertainty only; HIV imputation held fixed",TRUE,FALSE,FALSE
"GAB","<1",931.823041510298,3306.57872893473,28180.8817481415,"0-27 days mapped to model <1 completed month","Gabon",13.5729851145187,3021232.5,3023394.5,0.999284909726468,13.5348911574091,"estimated",FALSE,2005,2020,-0.0180393220415992,0.0221465686146542,0.982122412540639,0.940403915277745,1.02569163903339,0,1,0.0178775874593607,-0.0256916390333883,0.0595960847222553,27677.0755700072,503.806178134303,-724.013041515854,1679.4702162101,915.16429358905,16.6587479212479,-23.9400612254766,55.5330049279973,"age_band_separate_v1","posterior_median","conditional model uncertainty only; HIV imputation held fixed",TRUE,FALSE,FALSE
"GAB","1-5",373.197414164376,18058.3022250132,2066.62514290766,"direct age match","Gabon",13.5729851145187,3021232.5,3023394.5,0.999284909726468,13.5348911574091,"estimated",FALSE,2005,2020,-0.0567612460996903,0.0301997169612954,0.944819621809485,0.890518320057834,1.00243206416938,0,1,0.0551803781905147,-0.0024320641693758,0.109481679942166,1952.58798594399,114.037156963671,-5.02616496159687,226.25759245625,352.604239711064,20.5931744533124,-0.907640059092882,40.8582798527884,"age_band_separate_v1","posterior_median","conditional model uncertainty only; HIV imputation held fixed",TRUE,FALSE,FALSE
"GAB","6-11",392.716389310434,20861.6364567854,1882.48122396314,"direct age match","Gabon",13.5729851145187,3021232.5,3023394.5,0.999284909726468,13.5348911574091,"estimated",FALSE,2005,2020,-0.183056642950001,0.0441651812912381,0.832720986627994,0.76367054422856,0.908014911418613,0,1,0.167279013372006,0.0919850885813867,0.23632945577144,1567.58162212726,314.89960183588,173.160202139047,444.885763159163,327.023179171568,65.6932101388659,36.1240518580826,92.8104505582597,"age_band_separate_v1","posterior_median","conditional model uncertainty only; HIV imputation held fixed",TRUE,FALSE,FALSE
"GAB","12-23",309.55259713914,40513.3451531058,764.07562981851,"direct age match","Gabon",13.5729851145187,3021232.5,3023394.5,0.999284909726468,13.5348911574091,"estimated",FALSE,2005,2020,-0.438890170929908,0.066040985866737,0.644751588208684,0.56647171750344,0.733848835966105,0,1,0.355248411791316,0.266151164033895,0.43352828249656,492.638975837034,271.436653981476,203.359618286128,331.248395492696,199.584528639583,109.968068499557,82.3877840582974,134.199805780081,"age_band_separate_v1","posterior_median","conditional model uncertainty only; HIV imputation held fixed",TRUE,FALSE,FALSE
"GAB","24-35",142.296607283268,38110.5708576793,373.37831494223,"IHME 2-4 rate shared; deaths and person-time divided equally","Gabon",13.5729851145187,3021232.5,3023394.5,0.999284909726468,13.5348911574091,"estimated",FALSE,2005,2020,-0.561090395309597,0.0727295950243202,0.570586559614321,0.494782116418628,0.65800482921466,0,1,0.429413440385679,0.34199517078534,0.505217883581372,213.04464815748,160.33366678475,127.69358058621,188.637402050292,81.1925315945499,61.1040756887178,48.6647525100156,71.8907907724621,"age_band_separate_v1","posterior_median","conditional model uncertainty only; HIV imputation held fixed",TRUE,FALSE,FALSE
"GAB","36-47",142.296607283268,38110.5708576793,373.37831494223,"IHME 2-4 rate shared; deaths and person-time divided equally","Gabon",13.5729851145187,3021232.5,3023394.5,0.999284909726468,13.5348911574091,"estimated",FALSE,2005,2020,-0.507160645459077,0.077593553172168,0.602203021531282,0.517243662302578,0.701117298425713,0,1,0.397796978468718,0.298882701574287,0.482756337697422,224.849549432469,148.528765509761,111.596319479189,180.250747897146,85.691446859634,56.6051604236337,42.5299944096784,68.6945889988386,"age_band_separate_v1","posterior_median","conditional model uncertainty only; HIV imputation held fixed",TRUE,FALSE,FALSE
"GAB","48-59",142.296607283268,38110.5708576793,373.37831494223,"IHME 2-4 rate shared; deaths and person-time divided equally","Gabon",13.5729851145187,3021232.5,3023394.5,0.999284909726468,13.5348911574091,"estimated",FALSE,2005,2020,-0.491894662054766,0.0903352601449678,0.611466773093542,0.512246912878417,0.729905061792287,0,1,0.388533226906458,0.270094938207713,0.487753087121583,228.30843338083,145.0698815614,100.847592902422,182.116425777328,87.0096472776587,55.286960005609,38.4335933513414,69.4056094893414,"age_band_separate_v1","posterior_median","conditional model uncertainty only; HIV imputation held fixed",TRUE,FALSE,FALSE
"GHA","<1",22482.8392052804,56211.030755955,39997.2014441285,"0-27 days mapped to model <1 completed month","Ghana",33.4717058296969,33547370,33556420,0.999730304961018,33.3535897257309,"estimated",FALSE,2005,2020,-0.0409329362210985,0.0371937380301012,0.959893501874841,0.892408471783712,1.03248183323484,0,1,0.0401064981251588,-0.0324818332348364,0.107591528216288,38393.053759398,1604.14768473054,-1299.18242716834,4303.36002774851,21581.1312568456,901.707948434824,-730.28383371156,2418.96302873719,"age_band_separate_v1","posterior_median","conditional model uncertainty only; HIV imputation held fixed",TRUE,FALSE,FALSE
"GHA","1-5",8027.58193024648,305261.347989431,2629.74070681376,"direct age match","Ghana",33.4717058296969,33547370,33556420,0.999730304961018,33.3535897257309,"estimated",FALSE,2005,2020,-0.128584045760346,0.0524852979718677,0.879339654542769,0.793379714131187,0.974613056370055,0,1,0.120660345457231,0.0253869436299454,0.206620285868813,2312.43528466667,317.30542214709,66.7610790852538,543.357776602712,7058.97112135672,968.610808889764,203.795769947936,1658.66127326284,"age_band_separate_v1","posterior_median","conditional model uncertainty only; HIV imputation held fixed",TRUE,FALSE,FALSE
"GHA","6-11",6329.63306178215,350135.037784493,1807.76911155005,"direct age match","Ghana",33.4717058296969,33547370,33556420,0.999730304961018,33.3535897257309,"estimated",FALSE,2005,2020,-0.383023177178108,0.0670621680149747,0.681797096970115,0.597821771028803,0.777568338866134,0,1,0.318202903029885,0.222431661133866,0.402178228971197,1232.53173224707,575.237379302982,402.105086428571,727.045379672034,4315.52544640913,2014.10761537302,1407.91079630004,2545.64061482508,"age_band_separate_v1","posterior_median","conditional model uncertainty only; HIV imputation held fixed",TRUE,FALSE,FALSE
"GHA","12-23",7309.69443243038,683319.463616129,1069.73309288564,"direct age match","Ghana",33.4717058296969,33547370,33556420,0.999730304961018,33.3535897257309,"estimated",FALSE,2005,2020,-0.664149560098186,0.0837458300620842,0.514711072461428,0.436796280085586,0.606524139954863,0,1,0.485288927538572,0.393475860045137,0.563203719914414,550.603467486648,519.129625398991,420.914148741921,602.477657228744,3762.38066068157,3547.31377174881,2876.18830346769,4116.84709578247,"age_band_separate_v1","posterior_median","conditional model uncertainty only; HIV imputation held fixed",TRUE,FALSE,FALSE
"GHA","24-35",4410.05534289775,644895.903405611,683.83987549135,"IHME 2-4 rate shared; deaths and person-time divided equally","Ghana",33.4717058296969,33547370,33556420,0.999730304961018,33.3535897257309,"estimated",FALSE,2005,2020,-0.874670408020136,0.0906580320970745,0.416999436701435,0.349113956958877,0.498085300639518,0,1,0.583000563298566,0.501914699360482,0.650886043041123,285.160842873872,398.679032617478,343.22928551795,445.101830632299,1838.99059381051,2571.06474908724,2213.47160159361,2870.44347173108,"age_band_separate_v1","posterior_median","conditional model uncertainty only; HIV imputation held fixed",TRUE,FALSE,FALSE
"GHA","36-47",4410.05534289775,644895.903405611,683.83987549135,"IHME 2-4 rate shared; deaths and person-time divided equally","Ghana",33.4717058296969,33547370,33556420,0.999730304961018,33.3535897257309,"estimated",FALSE,2005,2020,-0.807082758168799,0.0967879284803974,0.446157719562515,0.36906458907011,0.539354672922602,0,1,0.553842280437485,0.460645327077398,0.63093541092989,305.100439395135,378.739436096215,315.00764311428,431.45879285338,1967.58023493174,2442.475107966,2031.47138585856,2782.46007999475,"age_band_separate_v1","posterior_median","conditional model uncertainty only; HIV imputation held fixed",TRUE,FALSE,FALSE
"GHA","48-59",4410.05534289775,644895.903405611,683.83987549135,"IHME 2-4 rate shared; deaths and person-time divided equally","Ghana",33.4717058296969,33547370,33556420,0.999730304961018,33.3535897257309,"estimated",FALSE,2005,2020,-0.665756291288707,0.110946732419901,0.513884734156734,0.413454465193088,0.638710044831683,0,1,0.486115265843266,0.361289955168317,0.586545534806912,351.414872622646,332.425002868704,247.064477958577,401.103225492366,2266.26011750149,2143.79522539626,1593.30869712532,2586.69826962804,"age_band_separate_v1","posterior_median","conditional model uncertainty only; HIV imputation held fixed",TRUE,FALSE,FALSE
"GIN","<1",13931.2991423451,28292.6346742107,49240.0206017003,"0-27 days mapped to model <1 completed month","Guinea",42.9604000479577,12444308,12482567,0.996935005435981,43.0078399444599,"estimated",FALSE,2005,2020,-0.0421668336208067,0.0404756169399675,0.958709822198698,0.885593191987263,1.03786313117172,0,1,0.0412901778013022,-0.0378631311717201,0.114406808012737,47206.8913961163,2033.12920558399,-1864.38135894038,5633.39358352194,13356.0733237546,575.225818590558,-527.482606819085,1593.83546634629,"age_band_separate_v1","posterior_median","conditional model uncertainty only; HIV imputation held fixed",TRUE,FALSE,FALSE
"GIN","1-5",7224.32156929645,151734.972287693,4761.14468561602,"direct age match","Guinea",42.9604000479577,12444308,12482567,0.996935005435981,43.0078399444599,"estimated",FALSE,2005,2020,-0.153338458080887,0.0577619983108627,0.857839330018094,0.76601778274038,0.960667405779144,0,1,0.142160669981906,0.039332594220856,0.23398221725962,4084.29716722806,676.847518387964,187.26817194612,1114.02319023429,6197.30717484054,1027.01439445592,284.151308806115,1690.36277898048,"age_band_separate_v1","posterior_median","conditional model uncertainty only; HIV imputation held fixed",TRUE,FALSE,FALSE
"GIN","6-11",6110.4873971731,172069.279116691,3551.17858838078,"direct age match","Guinea",42.9604000479577,12444308,12482567,0.996935005435981,43.0078399444599,"estimated",FALSE,2005,2020,-0.444787295785323,0.0701920455952885,0.640960596554159,0.558577906867224,0.735493619214551,0,1,0.359039403445841,0.264506380785449,0.441422093132776,2276.1655464789,1275.01304190188,939.309395935381,1567.56868557134,3916.58164732874,2193.90574984436,1616.26290626136,2697.3041369216,"age_band_separate_v1","posterior_median","conditional model uncertainty only; HIV imputation held fixed",TRUE,FALSE,FALSE
"GIN","12-23",7614.1759999697,334841.8621226,2273.96178951538,"direct age match","Guinea",42.9604000479577,12444308,12482567,0.996935005435981,43.0078399444599,"estimated",FALSE,2005,2020,-0.677538446874799,0.0842001932563795,0.507865593124513,0.430603402142384,0.598990763650369,0,1,0.492134406875487,0.401009236349631,0.569396597857617,1154.86695297471,1119.09483654067,911.879680701804,1294.78610660827,3866.97801037904,3747.19798959066,3053.35490317954,4335.48590987187,"age_band_separate_v1","posterior_median","conditional model uncertainty only; HIV imputation held fixed",TRUE,FALSE,FALSE
"GIN","24-35",4121.29686070589,305853.459919924,1347.47433028382,"IHME 2-4 rate shared; deaths and person-time divided equally","Guinea",42.9604000479577,12444308,12482567,0.996935005435981,43.0078399444599,"estimated",FALSE,2005,2020,-0.87958220276621,0.0908951007544325,0.414956243040865,0.347242003178645,0.495875159290577,0,1,0.585043756959135,0.504124840709423,0.652757996821355,559.14288568858,788.33144459524,679.295282114368,879.574644604263,1710.15786177463,2411.13899893126,2077.6481234196,2690.20948310051,"age_band_separate_v1","posterior_median","conditional model uncertainty only; HIV imputation held fixed",TRUE,FALSE,FALSE
"GIN","36-47",4121.29686070589,305853.459919924,1347.47433028382,"IHME 2-4 rate shared; deaths and person-time divided equally","Guinea",42.9604000479577,12444308,12482567,0.996935005435981,43.0078399444599,"estimated",FALSE,2005,2020,-0.806114052589149,0.096756460328588,0.446590124437553,0.369445062571196,0.539844105256419,0,1,0.553409875562447,0.460155894743581,0.630554937428804,601.768728837859,745.705601445961,620.048256095759,849.656592019034,1840.53047786674,2280.76638283915,1896.43904444203,2598.70408412793,"age_band_separate_v1","posterior_median","conditional model uncertainty only; HIV imputation held fixed",TRUE,FALSE,FALSE
"GIN","48-59",4121.29686070589,305853.459919924,1347.47433028382,"IHME 2-4 rate shared; deaths and person-time divided equally","Guinea",42.9604000479577,12444308,12482567,0.996935005435981,43.0078399444599,"estimated",FALSE,2005,2020,-0.621268120335239,0.110497525883853,0.537262691673426,0.432644332530232,0.667178969330437,0,1,0.462737308326574,0.332821030669563,0.567355667469768,723.947685649132,623.526644634688,448.46779540584,764.497198056555,2214.21904456809,1907.0778161378,1371.65426887537,2338.24113124685,"age_band_separate_v1","posterior_median","conditional model uncertainty only; HIV imputation held fixed",TRUE,FALSE,FALSE
"GMB","<1",2217.11051444337,4937.23739951562,44905.8924057588,"0-27 days mapped to model <1 completed month","The Gambia",6.80021050223797,2496291.75,2496555.5,0.99989435444155,6.56238931270428,"estimated",FALSE,2005,2020,-0.0090528607432668,0.0118883101331702,0.990987993026441,0.968164255718125,1.01434978261426,0,1,0.00901200697355875,-0.0143497826142567,0.0318357442818747,44501.2001902442,404.692215514577,-644.389794121839,1429.61250737912,2197.12989902605,19.9806154173141,-31.8150539140451,70.5833633824748,"age_band_separate_v1","posterior_median","conditional model uncertainty only; HIV imputation held fixed",TRUE,FALSE,FALSE
"GMB","1-5",731.926432554522,26871.3962042014,2723.81243978712,"direct age match","The Gambia",6.80021050223797,2496291.75,2496555.5,0.99989435444155,6.56238931270428,"estimated",FALSE,2005,2020,-0.0287732250579064,0.016123889487038,0.971636782359428,0.941410997754997,1.00283302307403,0,1,0.0283632176405725,-0.00283302307402922,0.0585890022450033,2646.55635474534,77.2560850417808,-7.71662349124473,159.585453149655,711.166643851091,20.7597887034317,-2.07356447191885,42.8828394001142,"age_band_separate_v1","posterior_median","conditional model uncertainty only; HIV imputation held fixed",TRUE,FALSE,FALSE
"GMB","6-11",558.086798820659,30955.9592608081,1802.84123686397,"direct age match","The Gambia",6.80021050223797,2496291.75,2496555.5,0.99989435444155,6.56238931270428,"estimated",FALSE,2005,2020,-0.0940392098816541,0.0240269690461385,0.91024707086112,0.8683753700141,0.954137759570259,0,1,0.0897529291388803,0.0458622404297409,0.1316246299859,1641.03095508307,161.810281780903,82.6823382617068,237.298310725542,507.996873912764,50.0899249078952,25.5951109481775,73.4579683947847,"age_band_separate_v1","posterior_median","conditional model uncertainty only; HIV imputation held fixed",TRUE,FALSE,FALSE
"GMB","12-23",623.034590461816,59029.7509641213,1055.45861245544,"direct age match","The Gambia",6.80021050223797,2496291.75,2496555.5,0.99989435444155,6.56238931270428,"estimated",FALSE,2005,2020,-0.235831789351592,0.0368362336690955,0.789913534626044,0.734893652533105,0.849052635078111,0,1,0.210086465373956,0.150947364921889,0.265106347466895,833.721043216176,221.737569239264,159.318696334262,279.808777650539,492.143455545983,130.891134915833,94.0454296853997,165.170424622865,"age_band_separate_v1","posterior_median","conditional model uncertainty only; HIV imputation held fixed",TRUE,FALSE,FALSE
"GMB","24-35",371.561311491141,52790.1116599692,703.84642086843,"IHME 2-4 rate shared; deaths and person-time divided equally","The Gambia",6.80021050223797,2496291.75,2496555.5,0.99989435444155,6.56238931270428,"estimated",FALSE,2005,2020,-0.300073871028564,0.040620687699954,0.740763497699024,0.684074153320953,0.802150697931485,0,1,0.259236502300976,0.197849302068515,0.315925846679047,521.383736565438,182.462684302993,139.255523132242,222.363276444876,275.239056709814,96.322254781327,73.5131461541846,117.385821926016,"age_band_separate_v1","posterior_median","conditional model uncertainty only; HIV imputation held fixed",TRUE,FALSE,FALSE
"GMB","36-47",371.561311491141,52790.1116599692,703.84642086843,"IHME 2-4 rate shared; deaths and person-time divided equally","The Gambia",6.80021050223797,2496291.75,2496555.5,0.99989435444155,6.56238931270428,"estimated",FALSE,2005,2020,-0.270355289273815,0.0433697171172681,0.763108321965835,0.700922206708906,0.83081161572522,0,1,0.236891678034165,0.16918838427478,0.299077793291094,537.111061150567,166.735359717863,119.082638724317,210.504834369165,283.54152891943,88.0197825717115,62.8638579502046,111.125737113115,"age_band_separate_v1","posterior_median","conditional model uncertainty only; HIV imputation held fixed",TRUE,FALSE,FALSE
"GMB","48-59",371.561311491141,52790.1116599692,703.84642086843,"IHME 2-4 rate shared; deaths and person-time divided equally","The Gambia",6.80021050223797,2496291.75,2496555.5,0.99989435444155,6.56238931270428,"estimated",FALSE,2005,2020,-0.267242517996033,0.0506064254838427,0.765487404481168,0.693205151749843,0.845306710344205,0,1,0.234512595518832,0.154693289655795,0.306794848250157,538.785569863934,165.060851004496,108.880318256595,215.936455881746,284.425503938972,87.1358075521688,57.4780415833863,113.993096174554,"age_band_separate_v1","posterior_median","conditional model uncertainty only; HIV imputation held fixed",TRUE,FALSE,FALSE
"GNB","<1",2715.25863678013,4416.99215637666,61473.0237376628,"0-27 days mapped to model <1 completed month","Guinea-Bissau",5.47134440577292,1904789.5,1912307.375,0.996068689009789,5.36426004300786,"estimated",FALSE,2005,2020,-0.00728521298816604,0.00964224611649598,0.99274125985021,0.974156151760768,1.01168093762755,0,1,0.00725874014978944,-0.011680937627554,0.0258438482392324,61026.8070321293,446.216705533532,-718.062556056783,1588.69949628289,2695.54927989627,19.7093568838585,-31.7167667789059,70.1727321392106,"age_band_separate_v1","posterior_median","conditional model uncertainty only; HIV imputation held fixed",TRUE,FALSE,FALSE
"GNB","1-5",1327.39951244692,23785.6803789476,5580.66656618235,"direct age match","Guinea-Bissau",5.47134440577292,1904789.5,1912307.375,0.996068689009789,5.36426004300786,"estimated",FALSE,2005,2020,-0.0231823183969287,0.0130697479990498,0.977084327084971,0.952372962326232,1.00243688134866,0,1,0.0229156729150286,-0.00243688134865816,0.0476270376737677,5452.78183650388,127.884729678471,-13.5994222682099,265.790616792303,1296.98125939212,30.4182530548021,-3.23471511409984,63.2201065874505,"age_band_separate_v1","posterior_median","conditional model uncertainty only; HIV imputation held fixed",TRUE,FALSE,FALSE
"GNB","6-11",884.312081581951,27174.9415872203,3254.14528948913,"direct age match","Guinea-Bissau",5.47134440577292,1904789.5,1912307.375,0.996068689009789,5.36426004300786,"estimated",FALSE,2005,2020,-0.0758833048868981,0.0195156433203823,0.926924367792252,0.892139058895368,0.963065987348317,0,1,0.0730756322077477,0.0369340126516828,0.107860941104632,3016.34656516385,237.798724325282,120.188643292406,350.995173415501,819.6904171514,64.6216644305504,32.6611936091837,95.3827333496249,"age_band_separate_v1","posterior_median","conditional model uncertainty only; HIV imputation held fixed",TRUE,FALSE,FALSE
"GNB","12-23",920.289238074986,51979.5837537538,1770.48212320193,"direct age match","Guinea-Bissau",5.47134440577292,1904789.5,1912307.375,0.996068689009789,5.36426004300786,"estimated",FALSE,2005,2020,-0.191260185426827,0.0299993651222424,0.82591766845183,0.778755722474595,0.875935772122894,0,1,0.17408233154817,0.124064227877106,0.221244277525405,1462.27246723058,308.209655971347,219.653497585267,391.709038219456,760.083141812203,160.206096262783,114.174973745383,203.608727592306,"age_band_separate_v1","posterior_median","conditional model uncertainty only; HIV imputation held fixed",TRUE,FALSE,FALSE
"GNB","24-35",639.996785663869,46918.8464619223,1364.05055521403,"IHME 2-4 rate shared; deaths and person-time divided equally","Guinea-Bissau",5.47134440577292,1904789.5,1912307.375,0.996068689009789,5.36426004300786,"estimated",FALSE,2005,2020,-0.243234931993808,0.0330857111651564,0.78408728494261,0.734855252689121,0.836617644303293,0,1,0.21591271505739,0.163382355696707,0.265144747310879,1069.53469636223,294.515858851801,222.861793000269,361.670839781488,501.81334204318,138.183443620688,104.564182480083,169.691786014621,"age_band_separate_v1","posterior_median","conditional model uncertainty only; HIV imputation held fixed",TRUE,FALSE,FALSE
"GNB","36-47",639.996785663869,46918.8464619223,1364.05055521403,"IHME 2-4 rate shared; deaths and person-time divided equally","Guinea-Bissau",5.47134440577292,1904789.5,1912307.375,0.996068689009789,5.36426004300786,"estimated",FALSE,2005,2020,-0.219067569960154,0.0353279242701857,0.803267439570962,0.749529929827355,0.860857657309978,0,1,0.196732560429038,0.139142342690022,0.250470070172645,1095.69739693212,268.353158281908,189.797189800106,341.653838283494,514.088579353861,125.908206310007,89.0506520713548,160.300039815497,"age_band_separate_v1","posterior_median","conditional model uncertainty only; HIV imputation held fixed",TRUE,FALSE,FALSE
"GNB","48-59",639.996785663869,46918.8464619223,1364.05055521403,"IHME 2-4 rate shared; deaths and person-time divided equally","Guinea-Bissau",5.47134440577292,1904789.5,1912307.375,0.996068689009789,5.36426004300786,"estimated",FALSE,2005,2020,-0.216993676161385,0.0412327313138918,0.804935059568319,0.742443619500644,0.872686400831398,0,1,0.195064940431681,0.127313599168602,0.257556380499356,1097.9721149154,266.078440298627,173.662185632228,351.319923819063,515.155850791879,124.84093487199,81.4802942392036,164.835255646808,"age_band_separate_v1","posterior_median","conditional model uncertainty only; HIV imputation held fixed",TRUE,FALSE,FALSE
"GNQ","<1",885.990773672731,2503.70647918205,35387.1662289335,"0-27 days mapped to model <1 completed month","Equatorial Guinea",33.9046533846217,1251194.125,1292838,0.967788791016353,34.061879452405,"estimated",FALSE,2005,2020,-0.041201760767482,0.0373765235325287,0.959635493620653,0.891849037889927,1.03257417061901,0,1,0.0403645063793471,-0.0325741706190106,0.108150962110073,33958.7807319387,1428.3854969948,-1152.70759046457,3827.15607400823,850.228193436775,35.7625802359556,-28.8604146284847,95.8207545933535,"age_band_separate_v1","posterior_median","conditional model uncertainty only; HIV imputation held fixed",TRUE,FALSE,FALSE
"GNQ","1-5",604.811492597226,13545.1957164329,4465.13660827709,"direct age match","Equatorial Guinea",33.9046533846217,1251194.125,1292838,0.967788791016353,34.061879452405,"estimated",FALSE,2005,2020,-0.129878755760061,0.0527759174354658,0.878201901388012,0.791901983380286,0.973906614439122,0,1,0.121798098611988,0.0260933855608783,0.208098016619714,3921.29145934616,543.845148930929,116.510531101766,929.186072118539,531.146602780206,73.6648898170204,15.7815794679897,125.860072038292,"age_band_separate_v1","posterior_median","conditional model uncertainty only; HIV imputation held fixed",TRUE,FALSE,FALSE
"GNQ","6-11",438.860989074134,15407.1755441237,2848.41947712808,"direct age match","Equatorial Guinea",33.9046533846217,1251194.125,1292838,0.967788791016353,34.061879452405,"estimated",FALSE,2005,2020,-0.3862676253795,0.0672515363928772,0.679588626176961,0.595664187433473,0.775337363857669,0,1,0.320411373823039,0.224662636142331,0.404335812566527,1935.75347923717,912.665997890911,639.933428570756,1151.71800381491,298.244936647553,140.616052426581,98.5956667054258,177.44721462104,"age_band_separate_v1","posterior_median","conditional model uncertainty only; HIV imputation held fixed",TRUE,FALSE,FALSE
"GNQ","12-23",387.787787179582,30237.5331995801,1282.47163755067,"direct age match","Equatorial Guinea",33.9046533846217,1251194.125,1292838,0.967788791016353,34.061879452405,"estimated",FALSE,2005,2020,-0.664775567874576,0.0837374062890621,0.514388960160395,0.436530134967198,0.606134562404897,0,1,0.485611039839605,0.393865437595103,0.563469865032802,659.689252074889,622.782385475781,505.121252727203,722.634120519073,199.473756610206,188.314030569376,152.736206491523,218.506732103448,"age_band_separate_v1","posterior_median","conditional model uncertainty only; HIV imputation held fixed",TRUE,FALSE,FALSE
"GNQ","24-35",170.38681052855,28443.382747005,599.03849005615,"IHME 2-4 rate shared; deaths and person-time divided equally","Equatorial Guinea",33.9046533846217,1251194.125,1292838,0.967788791016353,34.061879452405,"estimated",FALSE,2005,2020,-0.875612080854346,0.0906148447339712,0.416606944488643,0.348814884991252,0.497574368709971,0,1,0.583393055511357,0.502425631290029,0.651185115008748,249.563594973383,349.474895082767,300.972291533487,390.084948041881,70.9843285154647,99.4024820130856,85.6067008433015,110.953354810008,"age_band_separate_v1","posterior_median","conditional model uncertainty only; HIV imputation held fixed",TRUE,FALSE,FALSE
"GNQ","36-47",170.38681052855,28443.382747005,599.03849005615,"IHME 2-4 rate shared; deaths and person-time divided equally","Equatorial Guinea",33.9046533846217,1251194.125,1292838,0.967788791016353,34.061879452405,"estimated",FALSE,2005,2020,-0.80808264307801,0.0967490476686077,0.445711836144795,0.368723848912235,0.538774590972687,0,1,0.554288163855205,0.461225409027313,0.631276151087765,266.998545324332,332.039944731818,276.291772599251,378.158712356073,75.9434181755354,94.4433923530149,78.5867263788898,107.561129946583,"age_band_separate_v1","posterior_median","conditional model uncertainty only; HIV imputation held fixed",TRUE,FALSE,FALSE
"GNQ","48-59",170.38681052855,28443.382747005,599.03849005615,"IHME 2-4 rate shared; deaths and person-time divided equally","Equatorial Guinea",33.9046533846217,1251194.125,1292838,0.967788791016353,34.061879452405,"estimated",FALSE,2005,2020,-0.663841647912863,0.110878440047337,0.514869582674921,0.414302292258289,0.639848468418759,0,1,0.485130417325079,0.360151531581241,0.585697707741711,308.426697381424,290.611792674725,215.744629669837,350.855470474943,87.7269860301454,82.6598244984048,61.3650707731002,99.7951643559932,"age_band_separate_v1","posterior_median","conditional model uncertainty only; HIV imputation held fixed",TRUE,FALSE,FALSE
"KEN","<1",29062.0544848007,99902.815005454,29090.325916456,"0-27 days mapped to model <1 completed month","Kenya",12.1603957572431,45107652,54861080,0.822215895130027,11.9528216450562,"estimated",TRUE,2005,2020,-0.0161689598077859,0.0202089000065403,0.983961056138807,0.945749375314572,1.02371662648549,0,1,0.0160389438611931,-0.0237166264854931,0.0542506246854277,28623.7478121781,466.578104277848,-689.924394101847,1578.16835327043,28595.929824428,466.124660372653,-689.253891117068,1576.63461044237,"age_band_separate_v1","posterior_median","conditional model uncertainty only; HIV imputation held fixed",TRUE,FALSE,FALSE
"KEN","1-5",14750.0671167939,544065.437201076,2711.0832830468,"direct age match","Kenya",12.1603957572431,45107652,54861080,0.822215895130027,11.9528216450562,"estimated",TRUE,2005,2020,-0.0510119079336972,0.0275167317284459,0.950267354744398,0.900375202295295,1.00292416227247,0,1,0.0497326452556017,-0.00292416227247205,0.0996247977047052,2576.25393987264,134.829343174159,-7.92764745381513,270.091123634146,14016.507261378,733.559855415825,-43.1315897793593,1469.47245264141,"age_band_separate_v1","posterior_median","conditional model uncertainty only; HIV imputation held fixed",TRUE,FALSE,FALSE
"KEN","6-11",13095.4263970097,626775.770000909,2089.33194673283,"direct age match","Kenya",12.1603957572431,45107652,54861080,0.822215895130027,11.9528216450562,"estimated",TRUE,2005,2020,-0.165101554061166,0.0404516845717444,0.847807601410941,0.783185737141589,0.917761515465684,0,1,0.152192398589059,0.0822384845343157,0.216814262858411,1771.35150631081,317.980440422017,171.82349298844,452.996965897408,11102.4020431023,1993.02435390738,1076.94802122075,2839.27522108424,"age_band_separate_v1","posterior_median","conditional model uncertainty only; HIV imputation held fixed",TRUE,FALSE,FALSE
"KEN","12-23",11134.1878813716,1228685.35684624,906.18707379655,"direct age match","Kenya",12.1603957572431,45107652,54861080,0.822215895130027,11.9528216450562,"estimated",TRUE,2005,2020,-0.400727894092338,0.0609149102360672,0.669832301568847,0.594449849248131,0.754774036518825,0,1,0.330167698431153,0.245225963481175,0.405550150751869,606.993373293082,299.193700503468,222.220598265945,367.504304387586,7458.03869467911,3676.14918669249,2730.39195078977,4515.47157378988,"age_band_separate_v1","posterior_median","conditional model uncertainty only; HIV imputation held fixed",TRUE,FALSE,FALSE
"KEN","24-35",4836.53004809518,1162078.94172632,416.19634212718,"IHME 2-4 rate shared; deaths and person-time divided equally","Kenya",12.1603957572431,45107652,54861080,0.822215895130027,11.9528216450562,"estimated",TRUE,2005,2020,-0.511633018623897,0.0671106288629098,0.599515758598571,0.525624902275751,0.6837939817004,0,1,0.400484241401429,0.3162060182996,0.474375097724249,249.516265776327,166.680076350853,131.603788174894,197.433180469056,2899.57598076856,1936.95406732662,1529.33990889455,2294.32941421142,"age_band_separate_v1","posterior_median","conditional model uncertainty only; HIV imputation held fixed",TRUE,FALSE,FALSE
"KEN","36-47",4836.53004809518,1162078.94172632,416.19634212718,"IHME 2-4 rate shared; deaths and person-time divided equally","Kenya",12.1603957572431,45107652,54861080,0.822215895130027,11.9528216450562,"estimated",TRUE,2005,2020,-0.462043695702268,0.0716127826586398,0.62999481127477,0.547494879117156,0.724926346111457,0,1,0.37000518872523,0.275073653888543,0.452505120882844,262.201536011663,153.994806115518,114.48464856397,188.330976105257,3046.98883487448,1789.5412132207,1330.40199247127,2188.55461406682,"age_band_separate_v1","posterior_median","conditional model uncertainty only; HIV imputation held fixed",TRUE,FALSE,FALSE
"KEN","48-59",4836.53004809518,1162078.94172632,416.19634212718,"IHME 2-4 rate shared; deaths and person-time divided equally","Kenya",12.1603957572431,45107652,54861080,0.822215895130027,11.9528216450562,"estimated",TRUE,2005,2020,-0.45050432196254,0.0834257938632428,0.637306662814724,0.541173216333465,0.750517154599477,0,1,0.362693337185276,0.249482845400523,0.458826783666535,265.244701876768,150.951640250412,103.833847679178,190.962029031991,3082.35282455467,1754.17722354051,1206.63127826391,2219.12952607406,"age_band_separate_v1","posterior_median","conditional model uncertainty only; HIV imputation held fixed",TRUE,FALSE,FALSE
"LBR","<1",5342.06486386744,10181.7805228593,52466.9025410033,"0-27 days mapped to model <1 completed month","Liberia",42.3245620053839,4554479.5,4554574.5,0.999979141849584,42.3265645877889,"estimated",FALSE,2005,2020,-0.042398354085248,0.0402901779591477,0.958487886947666,0.885710038891318,1.03724581306019,0,1,0.0415121130523345,-0.0372458130601934,0.114289961108682,50288.8905512154,2178.01198978794,-1954.17244388959,5996.44025090425,5120.30446330567,221.760400561769,-198.969549275034,610.544385531464,"age_band_separate_v1","posterior_median","conditional model uncertainty only; HIV imputation held fixed",TRUE,FALSE,FALSE
"LBR","1-5",3615.72797757127,55257.4998652709,6543.4158012707,"direct age match","Liberia",42.3245620053839,4554479.5,4554574.5,0.999979141849584,42.3265645877889,"estimated",FALSE,2005,2020,-0.151925814198999,0.0574635591881676,0.859052007838575,0.76754948914317,0.961462892764473,0,1,0.140947992161425,0.0385371072355265,0.23245051085683,5621.13448220425,922.28131906645,252.164316420208,1521.02034575403,3106.09837893071,509.629598640562,139.339696806157,840.477815505773,"age_band_separate_v1","posterior_median","conditional model uncertainty only; HIV imputation held fixed",TRUE,FALSE,FALSE
"LBR","6-11",3127.61811566249,63603.1486801293,4917.39509845935,"direct age match","Liberia",42.3245620053839,4554479.5,4554574.5,0.999979141849584,42.3265645877889,"estimated",FALSE,2005,2020,-0.441228196333198,0.0700236377274458,0.643245903467112,0.560754542786683,0.737872385787559,0,1,0.356754096532888,0.262127614212441,0.439245457213317,3163.09425281323,1754.30084564612,1288.9850452991,2159.9434583213,2011.82754050943,1115.79057515307,819.83507482622,1373.79204920282,"age_band_separate_v1","posterior_median","conditional model uncertainty only; HIV imputation held fixed",TRUE,FALSE,FALSE
"LBR","12-23",3027.94113524104,119283.472422148,2538.44147370648,"direct age match","Liberia",42.3245620053839,4554479.5,4554574.5,0.999979141849584,42.3265645877889,"estimated",FALSE,2005,2020,-0.676378962146214,0.0840699645785737,0.508454797044377,0.431213020058745,0.599532640740344,0,1,0.491545202955623,0.400467359259656,0.568786979941255,1290.68274432246,1247.75872938402,1016.56295361042,1443.83245958714,1539.5711953813,1488.36993985974,1212.59159042366,1722.25349375364,"age_band_separate_v1","posterior_median","conditional model uncertainty only; HIV imputation held fixed",TRUE,FALSE,FALSE
"LBR","24-35",1076.08747025023,107924.512076877,997.07420449926,"IHME 2-4 rate shared; deaths and person-time divided equally","Liberia",42.3245620053839,4554479.5,4554574.5,0.999979141849584,42.3265645877889,"estimated",FALSE,2005,2020,-0.879885786570724,0.0907377952340495,0.414830288165793,0.347243645411498,0.49557182760188,0,1,0.585169711834207,0.504428172398121,0.652756354588502,413.616579575107,583.457624924153,502.952318720872,650.846522983167,446.393675375503,629.693794874728,542.808835958841,702.422934298903,"age_band_separate_v1","posterior_median","conditional model uncertainty only; HIV imputation held fixed",TRUE,FALSE,FALSE
"LBR","36-47",1076.08747025023,107924.512076877,997.07420449926,"IHME 2-4 rate shared; deaths and person-time divided equally","Liberia",42.3245620053839,4554479.5,4554574.5,0.999979141849584,42.3265645877889,"estimated",FALSE,2005,2020,-0.807321514709196,0.0966318627339553,0.446051209204449,0.369089363990264,0.539060998891313,0,1,0.553948790795551,0.460939001108687,0.630910636009736,444.746154583459,552.328049915801,459.590387853128,629.06472050953,479.990117314872,596.097352935359,496.010683642715,678.915030257681,"age_band_separate_v1","posterior_median","conditional model uncertainty only; HIV imputation held fixed",TRUE,FALSE,FALSE
"LBR","48-59",1076.08747025023,107924.512076877,997.07420449926,"IHME 2-4 rate shared; deaths and person-time divided equally","Liberia",42.3245620053839,4554479.5,4554574.5,0.999979141849584,42.3265645877889,"estimated",FALSE,2005,2020,-0.623996902039992,0.110362719493939,0.535798617547575,0.431579364883372,0.665185089753935,0,1,0.464201382452425,0.334814910246065,0.568420635116628,534.230980363051,462.843224136209,333.835310288087,566.757552579876,576.56617892034,499.52129132989,360.290129768746,611.670323280682,"age_band_separate_v1","posterior_median","conditional model uncertainty only; HIV imputation held fixed",TRUE,FALSE,FALSE
"LSO","<1",1738.91107694492,3891.18954187619,44688.4187529576,"0-27 days mapped to model <1 completed month","Lesotho",,0,1818115.75,0,,"missing_MAP_no_estimate",TRUE,2005,2020,,,,,,,,,,,,,,,,,,,"age_band_separate_v1","posterior_median","conditional model uncertainty only; HIV imputation held fixed",TRUE,,
"LSO","1-5",1056.80456670256,21115.3183119302,5004.91894600262,"direct age match","Lesotho",,0,1818115.75,0,,"missing_MAP_no_estimate",TRUE,2005,2020,,,,,,,,,,,,,,,,,,,"age_band_separate_v1","posterior_median","conditional model uncertainty only; HIV imputation held fixed",TRUE,,
"LSO","6-11",689.164701600988,24296.4921134865,2836.47819768372,"direct age match","Lesotho",,0,1818115.75,0,,"missing_MAP_no_estimate",TRUE,2005,2020,,,,,,,,,,,,,,,,,,,"age_band_separate_v1","posterior_median","conditional model uncertainty only; HIV imputation held fixed",TRUE,,
"LSO","12-23",616.093914070211,48530.5007540602,1269.49836597074,"direct age match","Lesotho",,0,1818115.75,0,,"missing_MAP_no_estimate",TRUE,2005,2020,,,,,,,,,,,,,,,,,,,"age_band_separate_v1","posterior_median","conditional model uncertainty only; HIV imputation held fixed",TRUE,,
"LSO","24-35",206.535825093065,48323.4757971862,427.40266854954,"IHME 2-4 rate shared; deaths and person-time divided equally","Lesotho",,0,1818115.75,0,,"missing_MAP_no_estimate",TRUE,2005,2020,,,,,,,,,,,,,,,,,,,"age_band_separate_v1","posterior_median","conditional model uncertainty only; HIV imputation held fixed",TRUE,,
"LSO","36-47",206.535825093065,48323.4757971862,427.40266854954,"IHME 2-4 rate shared; deaths and person-time divided equally","Lesotho",,0,1818115.75,0,,"missing_MAP_no_estimate",TRUE,2005,2020,,,,,,,,,,,,,,,,,,,"age_band_separate_v1","posterior_median","conditional model uncertainty only; HIV imputation held fixed",TRUE,,
"LSO","48-59",206.535825093065,48323.4757971862,427.40266854954,"IHME 2-4 rate shared; deaths and person-time divided equally","Lesotho",,0,1818115.75,0,,"missing_MAP_no_estimate",TRUE,2005,2020,,,,,,,,,,,,,,,,,,,"age_band_separate_v1","posterior_median","conditional model uncertainty only; HIV imputation held fixed",TRUE,,
"MDG","<1",19697.5695837241,58101.4203676644,33902.0448365606,"0-27 days mapped to model <1 completed month","Madagascar",16.612555436176,27064006,28043662,0.965066759112986,16.5327958742253,"estimated",FALSE,2005,2020,-0.0220547625185271,0.0258708465860205,0.978186665619026,0.929823319350026,1.02906555781343,0,1,0.021813334380974,-0.029065557813428,0.0701766806499736,33162.5281963419,739.516640218669,-985.38184419048,2379.1329738764,19267.8999119019,429.669671822277,-572.520847519755,1382.31005025764,"age_band_separate_v1","posterior_median","conditional model uncertainty only; HIV imputation held fixed",TRUE,FALSE,FALSE
"MDG","1-5",11067.2991380621,314360.509816712,3520.57551519906,"direct age match","Madagascar",16.612555436176,27064006,28043662,0.965066759112986,16.5327958742253,"estimated",FALSE,2005,2020,-0.0689275163243101,0.0354161179440436,0.933394333478447,0.870800973254419,1.00048691782425,0,1,0.0666056665215525,-0.000486917824254807,0.129199026745581,3286.08523646977,234.490278729292,-1.71423096998547,454.854930148041,10330.1543023781,737.144835684031,-5.3888652166823,1429.88427733983,"age_band_separate_v1","posterior_median","conditional model uncertainty only; HIV imputation held fixed",TRUE,FALSE,FALSE
"MDG","6-11",9774.61070418855,359249.34664448,2720.84300096492,"direct age match","Madagascar",16.612555436176,27064006,28043662,0.965066759112986,16.5327958742253,"estimated",FALSE,2005,2020,-0.220269634187666,0.0510727480464122,0.802302440628281,0.725880135104566,0.886770659656321,0,1,0.197697559371719,0.113229340343679,0.274119864895434,2182.93898024053,537.904020724389,308.079258177973,745.83711582619,7842.19402416179,1932.41668002676,1106.77272215153,2679.41496563762,"age_band_separate_v1","posterior_median","conditional model uncertainty only; HIV imputation held fixed",TRUE,FALSE,FALSE
"MDG","12-23",8264.11573037871,698566.184623887,1183.01113227062,"direct age match","Madagascar",16.612555436176,27064006,28043662,0.965066759112986,16.5327958742253,"estimated",FALSE,2005,2020,-0.511257512370149,0.0749091134068171,0.59974092278778,0.517846363248495,0.69458665734365,0,1,0.40025907721222,0.30541334265635,0.482153636751505,709.500188136198,473.510944134422,361.307384306443,570.393119741795,4956.32839416233,3307.78733621638,2523.97120931388,3984.57345393742,"age_band_separate_v1","posterior_median","conditional model uncertainty only; HIV imputation held fixed",TRUE,FALSE,FALSE
"MDG","24-35",4450.68061857031,654390.542349297,680.12606089815,"IHME 2-4 rate shared; deaths and person-time divided equally","Madagascar",16.612555436176,27064006,28043662,0.965066759112986,16.5327958742253,"estimated",FALSE,2005,2020,-0.655916434195996,0.0824004567349807,0.51896624617857,0.441570158701754,0.609927911488658,0,1,0.48103375382143,0.390072088511342,0.558429841298246,352.96246875253,327.16359214562,265.298193025534,379.802688250155,2309.75301355915,2140.92760501116,1736.08628418268,2485.3928714974,"age_band_separate_v1","posterior_median","conditional model uncertainty only; HIV imputation held fixed",TRUE,FALSE,FALSE
"MDG","36-47",4450.68061857031,654390.542349297,680.12606089815,"IHME 2-4 rate shared; deaths and person-time divided equally","Madagascar",16.612555436176,27064006,28043662,0.965066759112986,16.5327958742253,"estimated",FALSE,2005,2020,-0.594297629306723,0.0878699737278824,0.551950103331151,0.464627340428357,0.655684437954944,0,1,0.448049896668849,0.344315562045056,0.535372659571643,375.395649590942,304.730411307208,234.177986919636,364.120898067027,2456.55362731383,1994.12699125648,1532.43859866607,2382.77271966795,"age_band_separate_v1","posterior_median","conditional model uncertainty only; HIV imputation held fixed",TRUE,FALSE,FALSE
"MDG","48-59",4450.68061857031,654390.542349297,680.12606089815,"IHME 2-4 rate shared; deaths and person-time divided equally","Madagascar",16.612555436176,27064006,28043662,0.965066759112986,16.5327958742253,"estimated",FALSE,2005,2020,-0.568239293596717,0.10211953786829,0.566522040064414,0.463759161529273,0.692055809356744,0,1,0.433477959935586,0.307944190643256,0.536240838470727,385.306403520994,294.819657377156,209.440869358667,364.711369161817,2521.4086637076,1929.27195486271,1370.56124089726,2386.63670666756,"age_band_separate_v1","posterior_median","conditional model uncertainty only; HIV imputation held fixed",TRUE,FALSE,FALSE
"MLI","<1",26553.8042800561,49051.1556254161,54134.9208626944,"0-27 days mapped to model <1 completed month","Mali",38.5111391906618,23241904,23772730,0.977670801796849,38.4991211167684,"estimated",FALSE,2005,2020,-0.0428624650052137,0.0391101607484501,0.958043145465351,0.887348948047035,1.03436947842586,0,1,0.0419568545346494,-0.0343694784258557,0.112651051952965,51863.5898628136,2271.33099988082,-1860.58899467578,6098.35578257306,25439.6901765362,1114.11410351986,-912.640403327782,2991.31398550147,"age_band_separate_v1","posterior_median","conditional model uncertainty only; HIV imputation held fixed",TRUE,FALSE,FALSE
"MLI","1-5",11174.1000660812,262135.552752961,4262.71825730247,"direct age match","Mali",38.5111391906618,23241904,23772730,0.977670801796849,38.4991211167684,"estimated",FALSE,2005,2020,-0.142705615547972,0.0555525593404059,0.867009265378199,0.777566093282643,0.966741056156626,0,1,0.132990734621801,0.033258943843374,0.222433906717357,3695.81622477805,566.902032524419,141.773507139748,948.173075207191,9688.04828955555,1486.05177652566,371.638766598037,2485.49873174912,"age_band_separate_v1","posterior_median","conditional model uncertainty only; HIV imputation held fixed",TRUE,FALSE,FALSE
"MLI","6-11",11044.8226926516,295395.563809708,3738.99409666375,"direct age match","Mali",38.5111391906618,23241904,23772730,0.977670801796849,38.4991211167684,"estimated",FALSE,2005,2020,-0.418196451926312,0.0689586934619271,0.658232904600215,0.575018532923654,0.753489725792823,0,1,0.341767095399785,0.246510274207177,0.424981467076346,2461.12894453004,1277.86515213371,921.700460027596,1589.00319658996,7270.06572177842,3774.75697087316,2722.66227053519,4693.84495152119,"age_band_separate_v1","posterior_median","conditional model uncertainty only; HIV imputation held fixed",TRUE,FALSE,FALSE
"MLI","12-23",13352.8377396794,567517.195695122,2352.85165647258,"direct age match","Mali",38.5111391906618,23241904,23772730,0.977670801796849,38.4991211167684,"estimated",FALSE,2005,2020,-0.670359505686232,0.0837399638630848,0.51152464870689,0.434097194747218,0.602762398377338,0,1,0.48847535129311,0.397237601622662,0.565902805252782,1203.54161703656,1149.31003943602,934.641148991076,1331.48535274149,6830.30563402961,6522.53210564979,5304.24923856681,7556.40833496979,"age_band_separate_v1","posterior_median","conditional model uncertainty only; HIV imputation held fixed",TRUE,FALSE,FALSE
"MLI","24-35",8568.14565858818,507361.21753149,1688.76637837546,"IHME 2-4 rate shared; deaths and person-time divided equally","Mali",38.5111391906618,23241904,23772730,0.977670801796849,38.4991211167684,"estimated",FALSE,2005,2020,-0.880224910570437,0.0903799641690145,0.414689633110369,0.347369444008401,0.495056473087637,0,1,0.585310366889631,0.504943526912363,0.652630555991599,700.313909857646,988.452468517814,852.731651227924,1102.14054045909,3553.12117959613,5015.02447899205,4326.42968794637,5591.8336649814,"age_band_separate_v1","posterior_median","conditional model uncertainty only; HIV imputation held fixed",TRUE,FALSE,FALSE
"MLI","36-47",8568.14565858818,507361.21753149,1688.76637837546,"IHME 2-4 rate shared; deaths and person-time divided equally","Mali",38.5111391906618,23241904,23772730,0.977670801796849,38.4991211167684,"estimated",FALSE,2005,2020,-0.811587873834255,0.0964591746567283,0.444152248262865,0.367642462590497,0.536584425658932,0,1,0.555847751737135,0.463415574341068,0.632357537409503,750.069383746196,938.696994629264,782.600641162749,1067.90414828947,3805.56115770564,4762.58450088253,3970.61214141257,5418.13148883074,"age_band_separate_v1","posterior_median","conditional model uncertainty only; HIV imputation held fixed",TRUE,FALSE,FALSE
"MLI","48-59",8568.14565858818,507361.21753149,1688.76637837546,"IHME 2-4 rate shared; deaths and person-time divided equally","Mali",38.5111391906618,23241904,23772730,0.977670801796849,38.4991211167684,"estimated",FALSE,2005,2020,-0.641443397128256,0.110308065667405,0.526531880687524,0.424160552850832,0.653610571556,0,1,0.473468119312476,0.346389428444,0.575839447149168,889.18933724789,799.57704112757,584.97082058092,972.458297687827,4511.40184762108,4056.7438109671,2967.9150775033,4933.87625913496,"age_band_separate_v1","posterior_median","conditional model uncertainty only; HIV imputation held fixed",TRUE,FALSE,FALSE
"MOZ","<1",28730.5107721834,67940.4113850406,42287.8080754592,"0-27 days mapped to model <1 completed month","Mozambique",44.2928156950409,31152770,31159284,0.999790945132115,44.2416485914613,"estimated",FALSE,2005,2020,-0.0415498981248506,0.0408627778486393,0.959301466802847,0.885467547677433,1.03929196120617,0,1,0.0406985331971528,-0.0392919612061662,0.114532452322567,40566.7563146653,1721.0517607939,-1661.57091439474,4843.32636222838,27561.2211257505,1169.28964643286,-1128.87811469397,3290.57585521808,"age_band_separate_v1","posterior_median","conditional model uncertainty only; HIV imputation held fixed",TRUE,FALSE,FALSE
"MOZ","1-5",20838.5390067919,365272.764827588,5704.92547305789,"direct age match","Mozambique",44.2928156950409,31152770,31159284,0.999790945132115,44.2416485914613,"estimated",FALSE,2005,2020,-0.156183779763901,0.0583797414010126,0.85540197035238,0.762917049135868,0.959098412745556,0,1,0.14459802964762,0.0409015872544438,0.237082950864132,4880.0044903672,824.920982690686,233.340507016376,1352.54056561252,17825.3273256747,3013.21168111718,852.32932144143,4940.46231942755,"age_band_separate_v1","posterior_median","conditional model uncertainty only; HIV imputation held fixed",TRUE,FALSE,FALSE
"MOZ","6-11",16625.7667144307,413660.969588279,4019.1770403136,"direct age match","Mozambique",44.2928156950409,31152770,31159284,0.999790945132115,44.2416485914613,"estimated",FALSE,2005,2020,-0.451996204424297,0.0705542393282003,0.636356585060096,0.554172110081961,0.730729129059663,0,1,0.363643414939904,0.269270870940337,0.445827889918039,2557.62977612591,1461.54726418769,1082.24730210865,1791.86121909004,10579.9161304009,6045.85058402978,4476.83468324563,7412.23049256421,"age_band_separate_v1","posterior_median","conditional model uncertainty only; HIV imputation held fixed",TRUE,FALSE,FALSE
"MOZ","12-23",12829.2730672562,801713.944309046,1600.23075042222,"direct age match","Mozambique",44.2928156950409,31152770,31159284,0.999790945132115,44.2416485914613,"estimated",FALSE,2005,2020,-0.680098853053759,0.084577500708759,0.506566914204039,0.429184789370141,0.597901055493591,0,1,0.493433085795961,0.402098944506409,0.570815210629859,810.623953255797,789.606797166423,643.451095711473,913.436052858637,6498.88526916097,6330.38779809526,5158.63715912823,7323.14420811384,"age_band_separate_v1","posterior_median","conditional model uncertainty only; HIV imputation held fixed",TRUE,FALSE,FALSE
"MOZ","24-35",6703.83806128185,742046.688715869,903.42537244968,"IHME 2-4 rate shared; deaths and person-time divided equally","Mozambique",44.2928156950409,31152770,31159284,0.999790945132115,44.2416485914613,"estimated",FALSE,2005,2020,-0.878761393121351,0.0913513676577371,0.415296982949519,0.347216496741254,0.496726352767445,0,1,0.584703017050481,0.503273647232555,0.652783503258745,375.189831498397,528.235540951282,454.67018219518,589.741179560539,2784.0837210325,3919.75434024935,3373.86503155774,4376.15489492288,"age_band_separate_v1","posterior_median","conditional model uncertainty only; HIV imputation held fixed",TRUE,FALSE,FALSE
"MOZ","36-47",6703.83806128185,742046.688715869,903.42537244968,"IHME 2-4 rate shared; deaths and person-time divided equally","Mozambique",44.2928156950409,31152770,31159284,0.999790945132115,44.2416485914613,"estimated",FALSE,2005,2020,-0.803188352504703,0.0971506187533486,0.447898626411132,0.370241395303821,0.541844272643678,0,1,0.552101373588868,0.458155727356322,0.629758604696179,404.642983385177,498.782389064502,413.909508626839,568.939902001037,3002.63985933081,3701.19820195104,3071.40180304558,4221.799703582,"age_band_separate_v1","posterior_median","conditional model uncertainty only; HIV imputation held fixed",TRUE,FALSE,FALSE
"MOZ","48-59",6703.83806128185,742046.688715869,903.42537244968,"IHME 2-4 rate shared; deaths and person-time divided equally","Mozambique",44.2928156950409,31152770,31159284,0.999790945132115,44.2416485914613,"estimated",FALSE,2005,2020,-0.615727399273867,0.110954291559431,0.540247776509144,0.434658847302365,0.671486757567459,0,1,0.459752223490856,0.328513242432541,0.565341152697635,488.073548707885,415.351823741795,296.78719839927,510.743541436992,3621.73360668489,3082.10445459696,2202.29957825438,3789.95553706336,"age_band_separate_v1","posterior_median","conditional model uncertainty only; HIV imputation held fixed",TRUE,FALSE,FALSE
"MRT","<1",3610.88211577061,8931.3123157616,40429.4686839948,"0-27 days mapped to model <1 completed month","Mauritania",4.08661106779518,3752789,4466969.5,0.840119682930452,4.01445486751233,"estimated",TRUE,2005,2020,-0.00544227111561031,0.00724878440790691,0.9945725112132,0.980542168151416,1.00880361109384,0,1,0.00542748878680022,-0.00880361109383876,0.0194578318485842,40210.0381960562,219.430487938672,-355.925319024424,786.669803380771,3591.28409357681,19.5980221938024,-31.7888018529421,70.2599370337244,"age_band_separate_v1","posterior_median","conditional model uncertainty only; HIV imputation held fixed",TRUE,FALSE,FALSE
"MRT","1-5",1430.65653513578,48525.9409639617,2948.23038299922,"direct age match","Mauritania",4.08661106779518,3752789,4466969.5,0.840119682930452,4.01445486751233,"estimated",TRUE,2005,2020,-0.0173344151912025,0.00982076600725736,0.982814961419715,0.964078300711177,1.00191576522145,0,1,0.0171850385802851,-0.00191576522145209,0.0359216992888234,2897.56493012381,50.6654528754103,-5.64811723257829,105.905445252271,1406.07064738434,24.5858877514454,-2.74080203385629,51.3916138407376,"age_band_separate_v1","posterior_median","conditional model uncertainty only; HIV imputation held fixed",TRUE,FALSE,FALSE
"MRT","6-11",744.339315712685,55782.9170803926,1334.34993125219,"direct age match","Mauritania",4.08661106779518,3752789,4466969.5,0.840119682930452,4.01445486751233,"estimated",TRUE,2005,2020,-0.0568118283386357,0.014688196924134,0.944771831926285,0.917961190583836,0.972365524335125,0,1,0.0552281680737154,0.0276344756648748,0.0820388094161639,1260.65622897984,73.6937022723466,36.8740607036159,109.46847970447,703.23081888063,41.1084968320545,20.5694267064717,61.0647112627108,"age_band_separate_v1","posterior_median","conditional model uncertainty only; HIV imputation held fixed",TRUE,FALSE,FALSE
"MRT","12-23",780.915974851919,108294.930361997,721.10113764472,"direct age match","Mauritania",4.08661106779518,3752789,4466969.5,0.840119682930452,4.01445486751233,"estimated",TRUE,2005,2020,-0.143770945738366,0.0226263354660353,0.866086106054499,0.828517144958884,0.905358624941757,0,1,0.133913893945501,0.0946413750582432,0.171482855041116,624.535676374185,96.5654612705348,68.2460032227598,123.656481856713,676.340475815252,104.575499036667,73.9069616649341,133.913700914823,"age_band_separate_v1","posterior_median","conditional model uncertainty only; HIV imputation held fixed",TRUE,FALSE,FALSE
"MRT","24-35",431.532059528954,99808.2136120862,432.36126959064,"IHME 2-4 rate shared; deaths and person-time divided equally","Mauritania",4.08661106779518,3752789,4466969.5,0.840119682930452,4.01445486751233,"estimated",TRUE,2005,2020,-0.182765005362617,0.0249566797034809,0.832963874783435,0.793200542216916,0.874720552705438,0,1,0.167036125216565,0.125279447294562,0.206799457783084,360.141318424505,72.219951166135,54.1659808858903,89.41207611775,359.450616398514,72.0814431304404,54.0620979076712,89.240595926605,"age_band_separate_v1","posterior_median","conditional model uncertainty only; HIV imputation held fixed",TRUE,FALSE,FALSE
"MRT","36-47",431.532059528954,99808.2136120862,432.36126959064,"IHME 2-4 rate shared; deaths and person-time divided equally","Mauritania",4.08661106779518,3752789,4466969.5,0.840119682930452,4.01445486751233,"estimated",TRUE,2005,2020,-0.164558958760116,0.0266498899710881,0.848267742655611,0.805097586620398,0.89375272661116,0,1,0.151732257344389,0.10624727338884,0.194902413379602,366.758118167366,65.6031514232739,45.9372060129427,84.2682548950844,366.054726020152,65.4773335088016,45.849104704822,84.1066398528631,"age_band_separate_v1","posterior_median","conditional model uncertainty only; HIV imputation held fixed",TRUE,FALSE,FALSE
"MRT","48-59",431.532059528954,99808.2136120862,432.36126959064,"IHME 2-4 rate shared; deaths and person-time divided equally","Mauritania",4.08661106779518,3752789,4466969.5,0.840119682930452,4.01445486751233,"estimated",TRUE,2005,2020,-0.163270671587575,0.0311101985104112,0.84936125933787,0.799118894448907,0.902762472362162,0,1,0.15063874066213,0.0972375276378383,0.200881105551093,367.230912428426,65.1303571622137,42.0417409013507,86.853209832842,366.526613526177,65.005446002777,41.96111056506,86.6866371989164,"age_band_separate_v1","posterior_median","conditional model uncertainty only; HIV imputation held fixed",TRUE,FALSE,FALSE
"MWI","<1",17870.2453831774,43988.8875021875,40624.4540335072,"0-27 days mapped to model <1 completed month","Malawi",32.2108258478265,18836400,18840828,0.999764978481837,32.1729283106055,"estimated",FALSE,2005,2020,-0.0400537325571917,0.0366424473251488,0.9607378148658,0.894159051551482,1.03227400909442,0,1,0.0392621851342003,-0.0322740090944191,0.105840948448518,39029.4491982679,1595.00483523937,-1311.11399893322,4299.73074510964,17168.6205005495,701.624882627898,-576.744462016168,1891.40372036325,"age_band_separate_v1","posterior_median","conditional model uncertainty only; HIV imputation held fixed",TRUE,FALSE,FALSE
"MWI","1-5",9407.97018112691,237968.833569328,3953.44635682557,"direct age match","Malawi",32.2108258478265,18836400,18840828,0.999764978481837,32.1729283106055,"estimated",FALSE,2005,2020,-0.124731802067211,0.0516103804622778,0.882733618171458,0.797808816144908,0.97669845817866,0,1,0.117266381828542,0.0233015418213401,0.202191183855092,3489.8400068074,463.606350018166,92.1213956219958,799.351999194163,8304.73155763534,1103.23862349157,219.22021062945,1902.20862859545,"age_band_separate_v1","posterior_median","conditional model uncertainty only; HIV imputation held fixed",TRUE,FALSE,FALSE
"MWI","6-11",9366.10621031007,272349.061163095,3439.00807673474,"direct age match","Malawi",32.2108258478265,18836400,18840828,0.999764978481837,32.1729283106055,"estimated",FALSE,2005,2020,-0.373327653553317,0.066482923571146,0.688439626195797,0.604331863327952,0.78425306967376,0,1,0.311560373804203,0.21574693032624,0.395668136672048,2367.54943483159,1071.45864190315,741.955435922668,1360.70591772176,6447.998658336,2918.10755197407,2020.70866398393,3705.86979210589,"age_band_separate_v1","posterior_median","conditional model uncertainty only; HIV imputation held fixed",TRUE,FALSE,FALSE
"MWI","12-23",10393.8484179916,520688.730191013,1996.17310983063,"direct age match","Malawi",32.2108258478265,18836400,18840828,0.999764978481837,32.1729283106055,"estimated",FALSE,2005,2020,-0.6619864243742,0.0837816582557651,0.515825667445301,0.437711414342688,0.607880239072488,0,1,0.484174332554699,0.392119760927512,0.562288585657312,1029.67732671475,966.495783115884,782.738922596715,1122.42535465382,5361.41379753578,5032.43462045579,4075.63335677965,5844.34232648897,"age_band_separate_v1","posterior_median","conditional model uncertainty only; HIV imputation held fixed",TRUE,FALSE,FALSE
"MWI","24-35",4824.30556246411,461681.506762404,1044.94234484182,"IHME 2-4 rate shared; deaths and person-time divided equally","Malawi",32.2108258478265,18836400,18840828,0.999764978481837,32.1729283106055,"estimated",FALSE,2005,2020,-0.871190836304648,0.0908048589275762,0.418452943470759,0.350230037839348,0.499965299891447,0,1,0.581547056529241,0.500034700108553,0.649769962160652,437.259199956297,607.683144885523,522.507432033708,678.972147867932,2018.74486281546,2805.56069964865,2412.32018515877,3134.68884277373,"age_band_separate_v1","posterior_median","conditional model uncertainty only; HIV imputation held fixed",TRUE,FALSE,FALSE
"MWI","36-47",4824.30556246411,461681.506762404,1044.94234484182,"IHME 2-4 rate shared; deaths and person-time divided equally","Malawi",32.2108258478265,18836400,18840828,0.999764978481837,32.1729283106055,"estimated",FALSE,2005,2020,-0.803337328479057,0.0969177584898338,0.4478319052469,0.370355233060753,0.541516353635995,0,1,0.5521680947531,0.458483646364005,0.629644766939247,467.958521163675,576.983823678145,479.088976503231,657.942479182878,2160.47795153152,2663.82761093259,2211.8652054527,3037.59875152143,"age_band_separate_v1","posterior_median","conditional model uncertainty only; HIV imputation held fixed",TRUE,FALSE,FALSE
"MWI","48-59",4824.30556246411,461681.506762404,1044.94234484182,"IHME 2-4 rate shared; deaths and person-time divided equally","Malawi",32.2108258478265,18836400,18840828,0.999764978481837,32.1729283106055,"estimated",FALSE,2005,2020,-0.670838448083096,0.111168903442451,0.511279716524469,0.411179469218458,0.635749029556865,0,1,0.488720283475531,0.364250970443135,0.588820530781542,534.25782585514,510.68451898668,380.621263165758,615.28350612587,2466.56958040407,2357.73598206004,1757.25798284177,2840.65016194246,"age_band_separate_v1","posterior_median","conditional model uncertainty only; HIV imputation held fixed",TRUE,FALSE,FALSE
"NAM","<1",1150.30157134225,4509.1273781305,25510.5140059089,"0-27 days mapped to model <1 completed month","Namibia",4.5353951282014,1453226.125,2376921.75,0.611389973186959,4.48164798645555,"estimated",TRUE,2005,2020,-0.00603965223815296,0.00802961090480296,0.993978549798333,0.978458015153246,1.00974527486952,0,1,0.00602145020166678,-0.00974527486951793,0.0215419848467538,25356.9037162034,153.610289705503,-248.606971050269,549.547106148191,1143.37508771352,6.92648362873642,-11.2100049955686,24.7797790190519,"age_band_separate_v1","posterior_median","conditional model uncertainty only; HIV imputation held fixed",TRUE,FALSE,FALSE
"NAM","1-5",890.376764621126,24625.3875260115,3615.68630617745,"direct age match","Namibia",4.5353951282014,1453226.125,2376921.75,0.611389973186959,4.48164798645555,"estimated",TRUE,2005,2020,-0.0192317994528114,0.0108801645834066,0.980951951761359,0.960254879593799,1.00209512298596,0,1,0.0190480482386409,-0.00209512298596359,0.0397451204062009,3546.81453900159,68.8717671758615,-7.57530749010617,143.705887590075,873.416825058058,16.9599395630683,-1.86544882572562,35.3881317167503,"age_band_separate_v1","posterior_median","conditional model uncertainty only; HIV imputation held fixed",TRUE,FALSE,FALSE
"NAM","6-11",494.59343701336,28463.3750966187,1737.64859344497,"direct age match","Namibia",4.5353951282014,1453226.125,2376921.75,0.611389973186959,4.48164798645555,"estimated",TRUE,2005,2020,-0.06300744139413,0.0162649562924978,0.938936486666676,0.909476454337883,0.969350797141621,0,1,0.0610635133333236,0.0306492028583789,0.0905235456621172,1631.54166539051,106.106928054458,53.2575442370717,157.298111793429,464.39182407772,30.2016129356397,15.1588945834453,44.7723515796624,"age_band_separate_v1","posterior_median","conditional model uncertainty only; HIV imputation held fixed",TRUE,FALSE,FALSE
"NAM","12-23",517.296710419476,55377.0077629009,934.13626217275,"direct age match","Namibia",4.5353951282014,1453226.125,2376921.75,0.611389973186959,4.48164798645555,"estimated",TRUE,2005,2020,-0.159262408498179,0.0250398941294493,0.852772554840959,0.811931177514063,0.895668315775915,0,1,0.147227445159041,0.104331684224085,0.188068822485937,796.60576686264,137.53049531011,97.4600095272747,175.681906868244,441.13643735524,76.1602730642358,53.9704370416428,97.2873832044396,"age_band_separate_v1","posterior_median","conditional model uncertainty only; HIV imputation held fixed",TRUE,FALSE,FALSE
"NAM","24-35",188.636769604494,52547.0993721747,358.98607507988,"IHME 2-4 rate shared; deaths and person-time divided equally","Namibia",4.5353951282014,1453226.125,2376921.75,0.611389973186959,4.48164798645555,"estimated",TRUE,2005,2020,-0.202482456267494,0.0276180048648412,0.816700810452984,0.773667757729595,0.862127453458755,0,1,0.183299189547016,0.137872546541245,0.226332242270405,293.184218459074,65.8018566208061,49.4943243441095,81.2501233166811,154.059802617223,34.5769669872709,26.0078317966857,42.6945830392309,"age_band_separate_v1","posterior_median","conditional model uncertainty only; HIV imputation held fixed",TRUE,FALSE,FALSE
"NAM","36-47",188.636769604494,52547.0993721747,358.98607507988,"IHME 2-4 rate shared; deaths and person-time divided equally","Namibia",4.5353951282014,1453226.125,2376921.75,0.611389973186959,4.48164798645555,"estimated",TRUE,2005,2020,-0.182327371225518,0.0294911615953114,0.833328487987784,0.78652640377454,0.882915520139446,0,1,0.166671512012216,0.117084479860554,0.21347359622546,299.153323154985,59.8327519248946,42.0316978779094,76.6340484421652,157.196393993413,31.4403756110811,22.0864380517173,40.268969587825,"age_band_separate_v1","posterior_median","conditional model uncertainty only; HIV imputation held fixed",TRUE,FALSE,FALSE
"NAM","48-59",188.636769604494,52547.0993721747,358.98607507988,"IHME 2-4 rate shared; deaths and person-time divided equally","Namibia",4.5353951282014,1453226.125,2376921.75,0.611389973186959,4.48164798645555,"estimated",TRUE,2005,2020,-0.180813057567144,0.0344250857719913,0.834591364653418,0.780137583426445,0.892846032227759,0,1,0.165408635346582,0.107153967772241,0.219862416573555,299.606678292491,59.3793967873887,38.4667823197926,78.9275459833182,157.434618968027,31.2021506364671,20.2131783308596,41.4741360198731,"age_band_separate_v1","posterior_median","conditional model uncertainty only; HIV imputation held fixed",TRUE,FALSE,FALSE
"NER","<1",26859.5778384676,54675.2357338674,49125.6735850341,"0-27 days mapped to model <1 completed month","Niger",26.7916282649868,22709510,23845426,0.952363358910006,26.7423496035868,"estimated",FALSE,2005,2020,-0.0349116737980587,0.0339285556517726,0.965690708283263,0.903562115977417,1.03209123930107,0,1,0.0343092917167367,-0.0320912393010713,0.0964378840225828,47440.206519224,1685.46706581012,-1576.50374684364,4737.57601172478,25938.0447470193,921.533091448382,-861.957139940016,2590.28085248168,"age_band_separate_v1","posterior_median","conditional model uncertainty only; HIV imputation held fixed",TRUE,FALSE,FALSE
"NER","1-5",14382.2244116153,293934.51707752,4893.00288874282,"direct age match","Niger",26.7916282649868,22709510,23845426,0.952363358910006,26.7423496035868,"estimated",FALSE,2005,2020,-0.106899119357825,0.0473404258866103,0.898616321409466,0.818988981265076,0.985985540191438,0,1,0.101383678590534,0.0140144598085616,0.181011018734924,4396.93225652797,496.070632214854,68.5727923274623,885.687437564265,12924.1015944512,1458.12281716413,201.559105974297,2603.34109242079,"age_band_separate_v1","posterior_median","conditional model uncertainty only; HIV imputation held fixed",TRUE,FALSE,FALSE
"NER","6-11",16061.1230725234,332819.329508057,4825.77832731755,"direct age match","Niger",26.7916282649868,22709510,23845426,0.952363358910006,26.7423496035868,"estimated",FALSE,2005,2020,-0.327318034714082,0.0634331864870772,0.720854449828096,0.636580245641369,0.816285364484451,0,1,0.279145550171904,0.183714635515549,0.363419754358631,3478.68378113084,1347.09454618671,886.56610648198,1753.78317430295,11577.7320360652,4483.39103645821,2950.66337123901,5836.92940174019,"age_band_separate_v1","posterior_median","conditional model uncertainty only; HIV imputation held fixed",TRUE,FALSE,FALSE
"NER","12-23",26444.8504215903,635137.07060753,4163.64461238184,"direct age match","Niger",26.7916282649868,22709510,23845426,0.952363358910006,26.7423496035868,"estimated",FALSE,2005,2020,-0.6422608113597,0.0839832912148617,0.526101661892379,0.446254867919829,0.62023515829893,0,1,0.473898338107621,0.37976484170107,0.553745132080171,2190.50035010334,1973.14426227851,1581.2058371207,2305.59793581828,13912.679755294,12532.1706662963,10042.8244341637,14643.7071895439,"age_band_separate_v1","posterior_median","conditional model uncertainty only; HIV imputation held fixed",TRUE,FALSE,FALSE
"NER","24-35",13737.7110681591,560261.693439382,2452.01683945673,"IHME 2-4 rate shared; deaths and person-time divided equally","Niger",26.7916282649868,22709510,23845426,0.952363358910006,26.7423496035868,"estimated",FALSE,2005,2020,-0.839110704838256,0.0915764609344113,0.432094612267699,0.361101112405429,0.517045634966497,0,1,0.567905387732301,0.482954365033503,0.638898887594571,1059.50326551893,1392.5135739378,1184.21223575128,1566.59083109206,5935.99093744188,7801.7201307172,6634.68752593649,8777.00831954246,"age_band_separate_v1","posterior_median","conditional model uncertainty only; HIV imputation held fixed",TRUE,FALSE,FALSE
"NER","36-47",13737.7110681591,560261.693439382,2452.01683945673,"IHME 2-4 rate shared; deaths and person-time divided equally","Niger",26.7916282649868,22709510,23845426,0.952363358910006,26.7423496035868,"estimated",FALSE,2005,2020,-0.769696235625578,0.0976112832437865,0.463153736550191,0.38250603989382,0.560805219546206,0,1,0.536846263449809,0.439194780453794,0.61749396010618,1135.66076127837,1316.35607817836,1076.9129974742,1514.10558844318,6362.67221286479,7375.03885529429,6033.53099651778,8482.95361027205,"age_band_separate_v1","posterior_median","conditional model uncertainty only; HIV imputation held fixed",TRUE,FALSE,FALSE
"NER","48-59",13737.7110681591,560261.693439382,2452.01683945673,"IHME 2-4 rate shared; deaths and person-time divided equally","Niger",26.7916282649868,22709510,23845426,0.952363358910006,26.7423496035868,"estimated",FALSE,2005,2020,-0.678362550093735,0.112399428903064,0.50744723186454,0.407114265378582,0.632507173109073,0,1,0.49255276813546,0.367492826890927,0.592885734621418,1244.26915766756,1207.74768178917,901.09859991611,1453.76580516539,6971.16345369217,6766.5476144669,5048.51027544855,8144.89291866228,"age_band_separate_v1","posterior_median","conditional model uncertainty only; HIV imputation held fixed",TRUE,FALSE,FALSE
"NGA","<1",248969.830962733,490765.146504819,50730.9520115419,"0-27 days mapped to model <1 completed month","Nigeria",44.911076588637,218096896,218103712,0.999968748812492,44.878719931486,"estimated",FALSE,2005,2020,-0.041205315078751,0.0410435308178267,0.959632082783465,0.88545897084689,1.04001852669306,0,1,0.0403679172165347,-0.0400185266930551,0.11454102915311,48683.049140424,2047.90287111792,-2030.17795723798,5810.77545331902,238919.437437015,10050.3935257182,-9963.40582614753,28517.2606665472,"age_band_separate_v1","posterior_median","conditional model uncertainty only; HIV imputation held fixed",TRUE,FALSE,FALSE
"NGA","1-5",121194.538571574,2640599.1677967,4589.66056073926,"direct age match","Nigeria",44.911076588637,218096896,218103712,0.999968748812492,44.878719931486,"estimated",FALSE,2005,2020,-0.157451349291002,0.0586650354733292,0.854318375792149,0.761524673514817,0.958419224747461,0,1,0.145681624207851,0.0415807752525389,0.238475326485183,3921.03135568805,668.629205051214,190.841644261541,1094.52080067846,103538.721347346,17655.817224228,5039.36287017979,28901.9071540772,"age_band_separate_v1","posterior_median","conditional model uncertainty only; HIV imputation held fixed",TRUE,FALSE,FALSE
"NGA","6-11",120640.00104777,2997516.5301802,4024.66507967907,"direct age match","Nigeria",44.911076588637,218096896,218103712,0.999968748812492,44.878719931486,"estimated",FALSE,2005,2020,-0.455228943266535,0.0707299757699768,0.634302731984032,0.55219328036492,0.728621607884324,0,1,0.365697268015968,0.271378392115676,0.44780671963508,2552.85605536117,1471.8090243179,1092.20713812742,1802.27206696094,76522.282251157,44117.718796613,32739.0895091774,54023.4031259746,"age_band_separate_v1","posterior_median","conditional model uncertainty only; HIV imputation held fixed",TRUE,FALSE,FALSE
"NGA","12-23",166607.106208848,5670396.76896216,2938.19132941101,"direct age match","Nigeria",44.911076588637,218096896,218103712,0.999968748812492,44.878719931486,"estimated",FALSE,2005,2020,-0.681344180293633,0.0848061822109423,0.505936465266056,0.428458565132555,0.597424646667338,0,1,0.494063534733944,0.402575353332662,0.571541434867445,1486.53813547758,1451.65319393343,1182.8434125966,1679.29808832665,84292.6104035111,82314.4958053371,67071.9146497594,95222.8645417178,"age_band_separate_v1","posterior_median","conditional model uncertainty only; HIV imputation held fixed",TRUE,FALSE,FALSE
"NGA","24-35",85260.6350212727,4939997.3035052,1725.92472795027,"IHME 2-4 rate shared; deaths and person-time divided equally","Nigeria",44.911076588637,218096896,218103712,0.999968748812492,44.878719931486,"estimated",FALSE,2005,2020,-0.878304741410224,0.0916269130805739,0.415486672335104,0.347187537525922,0.49722169210987,0,1,0.584513327664896,0.50277830789013,0.652812462474078,717.098721916927,1008.82600603334,867.75751426457,1126.70517169812,35424.6575261664,49835.9774951063,42867.1978056335,55659.2051003407,"age_band_separate_v1","posterior_median","conditional model uncertainty only; HIV imputation held fixed",TRUE,FALSE,FALSE
"NGA","36-47",85260.6350212727,4939997.3035052,1725.92472795027,"IHME 2-4 rate shared; deaths and person-time divided equally","Nigeria",44.911076588637,218096896,218103712,0.999968748812492,44.878719931486,"estimated",FALSE,2005,2020,-0.801662198484703,0.0974017671844299,0.448582710576504,0.370624390334758,0.542939033360461,0,1,0.551417289423496,0.457060966639539,0.629375609665242,774.219992714948,951.704735235322,788.852824504033,1086.25492789002,38246.4467633165,47014.1882579562,38969.3082591238,53660.9641469592,"age_band_separate_v1","posterior_median","conditional model uncertainty only; HIV imputation held fixed",TRUE,FALSE,FALSE
"NGA","48-59",85260.6350212727,4939997.3035052,1725.92472795027,"IHME 2-4 rate shared; deaths and person-time divided equally","Nigeria",44.911076588637,218096896,218103712,0.999968748812492,44.878719931486,"estimated",FALSE,2005,2020,-0.61324020980179,0.111255424100636,0.541593147493914,0.435484169238149,0.673556372727656,0,1,0.458406852506086,0.326443627272344,0.564515830761851,934.749005748164,791.175722202106,563.417128591119,974.311831631268,46176.5756785009,39084.0593427718,27832.7909598877,48130.9782103167,"age_band_separate_v1","posterior_median","conditional model uncertainty only; HIV imputation held fixed",TRUE,FALSE,FALSE
"RWA","<1",10974.9700691889,27608.6982844226,39751.8563031318,"0-27 days mapped to model <1 completed month","Rwanda",4.897431879853,11468817,14079020,0.814603360177058,4.85983144462689,"estimated",TRUE,2005,2020,-0.00652149988950134,0.00865607358137994,0.993499718939649,0.976786582600424,1.0104988224812,0,1,0.00650028106035105,-0.0104988224811973,0.0232134173995757,39493.4580644907,258.398238641044,-417.347682624643,922.776432772553,10903.6296791102,71.3403900786683,-115.224262492867,254.766561163932,"age_band_separate_v1","posterior_median","conditional model uncertainty only; HIV imputation held fixed",TRUE,FALSE,FALSE
"RWA","1-5",6404.74291083812,149770.667432539,4276.36667488512,"direct age match","Rwanda",4.897431879853,11468817,14079020,0.814603360177058,4.85983144462689,"estimated",TRUE,2005,2020,-0.0207610144188506,0.0117304787017513,0.979453011748616,0.957190995424781,1.00223279033011,0,1,0.0205469882513837,-0.00223279033011181,0.0428090045752194,4188.50021905765,87.8664558274733,-9.5482301596959,183.067000550473,6273.144733496,131.598177342124,-14.3004480381715,274.180668573173,"age_band_separate_v1","posterior_median","conditional model uncertainty only; HIV imputation held fixed",TRUE,FALSE,FALSE
"RWA","6-11",5832.85323953902,172077.018655924,3389.67590506789,"direct age match","Rwanda",4.897431879853,11468817,14079020,0.814603360177058,4.85983144462689,"estimated",TRUE,2005,2020,-0.0679956538948883,0.0175287457907013,0.934264533980257,0.902712315023605,0.966919587698903,0,1,0.0657354660197431,0.0330804123010966,0.0972876849763952,3166.85397979236,222.821925275532,112.131876506739,329.773721624322,5449.42791361315,383.425325925866,192.953190055738,567.464788481818,"age_band_separate_v1","posterior_median","conditional model uncertainty only; HIV imputation held fixed",TRUE,FALSE,FALSE
"RWA","12-23",6175.82124810258,332787.696300001,1855.78412806921,"direct age match","Rwanda",4.897431879853,11468817,14079020,0.814603360177058,4.85983144462689,"estimated",TRUE,2005,2020,-0.171692114875978,0.0269708283030284,0.842238445941721,0.798872462799848,0.887958507589781,0,1,0.157761554058279,0.112041492410219,0.201127537200152,1563.01274002832,292.771388040886,207.924823300071,373.249291253692,5201.51409041578,974.3071576868,691.948229496152,1242.12771781924,"age_band_separate_v1","posterior_median","conditional model uncertainty only; HIV imputation held fixed",TRUE,FALSE,FALSE
"RWA","24-35",2959.86440395539,303810.114378351,974.24814509938,"IHME 2-4 rate shared; deaths and person-time divided equally","Rwanda",4.897431879853,11468817,14079020,0.814603360177058,4.85983144462689,"estimated",TRUE,2005,2020,-0.218308541421872,0.0297469695015033,0.803877373930978,0.758349035524032,0.852139057408596,0,1,0.196122626069022,0.147860942591404,0.241650964475968,783.176040439616,191.072104659764,144.053249052322,235.428003902188,2379.36802424344,580.49637971195,437.648340711589,715.254087933906,"age_band_separate_v1","posterior_median","conditional model uncertainty only; HIV imputation held fixed",TRUE,FALSE,FALSE
"RWA","36-47",2959.86440395539,303810.114378351,974.24814509938,"IHME 2-4 rate shared; deaths and person-time divided equally","Rwanda",4.897431879853,11468817,14079020,0.814603360177058,4.85983144462689,"estimated",TRUE,2005,2020,-0.196592557722351,0.0317639363513947,0.821525289266541,0.771939786332194,0.874295913818903,0,1,0.178474710733459,0.125704086181097,0.228060213667806,800.36948922016,173.878655879221,122.466972793346,222.187240136829,2431.60346064919,528.260943306199,372.067050119168,675.0273083938,"age_band_separate_v1","posterior_median","conditional model uncertainty only; HIV imputation held fixed",TRUE,FALSE,FALSE
"RWA","48-59",2959.86440395539,303810.114378351,974.24814509938,"IHME 2-4 rate shared; deaths and person-time divided equally","Rwanda",4.897431879853,11468817,14079020,0.814603360177058,4.85983144462689,"estimated",TRUE,2005,2020,-0.194876747344135,0.0370762658221265,0.822936080863148,0.765255975187065,0.884963744348226,0,1,0.177063919136852,0.115036255651774,0.234744024812935,801.743950316276,172.504194783104,112.073858687919,228.698930747165,2435.77921247739,524.085191478002,340.491718267997,694.810483085027,"age_band_separate_v1","posterior_median","conditional model uncertainty only; HIV imputation held fixed",TRUE,FALSE,FALSE
"SEN","<1",14087.6688285163,33863.5812998207,41601.2373404549,"0-27 days mapped to model <1 completed month","Senegal",5.44994687087531,16901276,16976144,0.99558981120801,5.42590301827537,"estimated",FALSE,2005,2020,-0.00725674198252195,0.0096056394042081,0.992769524594584,0.974253785455797,1.01163715622891,0,1,0.00723047540541621,-0.0116371562289126,0.0257462145442028,41300.4406170298,300.796723425042,-484.120098246946,1071.07438187165,13985.8082855321,101.860542984236,-163.940403058626,362.704144086659,"age_band_separate_v1","posterior_median","conditional model uncertainty only; HIV imputation held fixed",TRUE,FALSE,FALSE
"SEN","1-5",5645.58816171328,183651.90105097,3074.07009097414,"direct age match","Senegal",5.44994687087531,16901276,16976144,0.99558981120801,5.42590301827537,"estimated",FALSE,2005,2020,-0.0230921101954823,0.0130200176084906,0.97717247208042,0.95255171852986,1.00242960210651,0,1,0.0228275279195799,-0.00242960210650911,0.0474482814701396,3003.89667014568,70.1734208284576,-7.46876716858742,145.859342935479,5516.71334032932,128.874821383959,-13.7165328901815,267.873456161459,"age_band_separate_v1","posterior_median","conditional model uncertainty only; HIV imputation held fixed",TRUE,FALSE,FALSE
"SEN","6-11",4343.68249085037,211235.466323048,2056.32253260324,"direct age match","Senegal",5.44994687087531,16901276,16976144,0.99558981120801,5.42590301827537,"estimated",FALSE,2005,2020,-0.0755896879748696,0.0194419497278153,0.927196568422206,0.892529949319701,0.96320966836932,0,1,0.0728034315777939,0.0367903316306804,0.107470050680299,1906.61519579898,149.707336804256,75.6527879141137,220.993086793911,4027.44749983208,316.234991018286,159.805519336765,466.815777430818,"age_band_separate_v1","posterior_median","conditional model uncertainty only; HIV imputation held fixed",TRUE,FALSE,FALSE
"SEN","12-23",5436.59263021238,405255.276633158,1341.52297173755,"direct age match","Senegal",5.44994687087531,16901276,16976144,0.99558981120801,5.42590301827537,"estimated",FALSE,2005,2020,-0.190533792388654,0.0298872076499154,0.826517827245492,0.779492943610799,0.876379605939958,0,1,0.173482172754508,0.123620394060042,0.220507056389201,1108.79265180044,232.730319937114,165.839598406794,295.815281576341,4493.44072834199,943.151901870386,672.073723290774,1198.80703767536,"age_band_separate_v1","posterior_median","conditional model uncertainty only; HIV imputation held fixed",TRUE,FALSE,FALSE
"SEN","24-35",3002.94403541143,364941.421850374,822.85645191645,"IHME 2-4 rate shared; deaths and person-time divided equally","Senegal",5.44994687087531,16901276,16976144,0.99558981120801,5.42590301827537,"estimated",FALSE,2005,2020,-0.242309362594709,0.0329620750048462,0.784813348098861,0.735713985483879,0.837189456102354,0,1,0.215186651901139,0.162810543897646,0.264286014516121,645.788727033299,177.067724883151,133.969706486205,217.469452195874,2356.75056258475,646.193472826682,488.910951699529,793.636110933844,"age_band_separate_v1","posterior_median","conditional model uncertainty only; HIV imputation held fixed",TRUE,FALSE,FALSE
"SEN","36-47",3002.94403541143,364941.421850374,822.85645191645,"IHME 2-4 rate shared; deaths and person-time divided equally","Senegal",5.44994687087531,16901276,16976144,0.99558981120801,5.42590301827537,"estimated",FALSE,2005,2020,-0.218232859209057,0.035195953720533,0.803938215451751,0.75034989025179,0.86135370000103,0,1,0.196061784548249,0.13864629999897,0.24965010974821,661.52574752667,161.33070438978,114.086002488496,205.426203527964,2414.18146893015,588.762566481286,416.347079613772,749.685308008196,"age_band_separate_v1","posterior_median","conditional model uncertainty only; HIV imputation held fixed",TRUE,FALSE,FALSE
"SEN","48-59",3002.94403541143,364941.421850374,822.85645191645,"IHME 2-4 rate shared; deaths and person-time divided equally","Senegal",5.44994687087531,16901276,16976144,0.99558981120801,5.42590301827537,"estimated",FALSE,2005,2020,-0.216173219426513,0.041078843399788,0.805595744953902,0.743277161889165,0.873139304641525,0,1,0.194404255046098,0.126860695358475,0.256722838110835,662.889656371757,159.966795544693,104.388141670328,211.246043693803,2419.15893726215,583.785098149284,380.955568454879,770.924315458828,"age_band_separate_v1","posterior_median","conditional model uncertainty only; HIV imputation held fixed",TRUE,FALSE,FALSE
"SLE","<1",8908.966241986,15822.6890070573,56305.0075623203,"0-27 days mapped to model <1 completed month","Sierra Leone",40.7926668056115,6789265,6801716.5,0.99816935916103,39.9440582754458,"estimated",FALSE,2005,2020,-0.0427807684971746,0.0398346518120723,0.958121417442116,0.886162221063512,1.03592392988676,0,1,0.041878582557884,-0.0359239298867564,0.113837778936488,53947.0336546993,2357.97390762091,-2022.69714394208,6409.63700389672,8535.87136371559,373.094878270413,-320.045078640585,1014.17692960784,"age_band_separate_v1","posterior_median","conditional model uncertainty only; HIV imputation held fixed",TRUE,FALSE,FALSE
"SLE","1-5",7618.88518592398,84284.1014172206,9039.52828328703,"direct age match","Sierra Leone",40.7926668056115,6789265,6801716.5,0.99816935916103,39.9440582754458,"estimated",FALSE,2005,2020,-0.148376362978545,0.0567263770661627,0.862106588872466,0.771392451275711,0.963488519168402,0,1,0.137893411127534,0.0365114808315978,0.228607548724289,7793.03689332076,1246.49138996627,330.046563641921,2066.50440246613,6568.29111864789,1050.5940672761,278.176780424008,1741.73466636588,"age_band_separate_v1","posterior_median","conditional model uncertainty only; HIV imputation held fixed",TRUE,FALSE,FALSE
"SLE","6-11",7534.32141994297,93826.7871680006,8030.03241116257,"direct age match","Sierra Leone",40.7926668056115,6789265,6801716.5,0.99816935916103,39.9440582754458,"estimated",FALSE,2005,2020,-0.432329081990756,0.0696159877231135,0.648995768720245,0.566219248651811,0.743873523939117,0,1,0.351004231279755,0.256126476060883,0.433780751348189,5211.45705753094,2818.57535363164,2056.70390412575,3483.27349266441,4889.7427217213,2644.57869822167,1929.73919480002,3268.24360644161,"age_band_separate_v1","posterior_median","conditional model uncertainty only; HIV imputation held fixed",TRUE,FALSE,FALSE
"SLE","12-23",6023.81865036308,182467.406073111,3301.3121521273,"direct age match","Sierra Leone",40.7926668056115,6789265,6801716.5,0.99816935916103,39.9440582754458,"estimated",FALSE,2005,2020,-0.673761491400562,0.0838626950630457,0.509787405872613,0.432518857082204,0.600859812077362,0,1,0.490212594127387,0.399140187922638,0.567481142917796,1682.96735800871,1618.34479411859,1317.68635279138,1873.43239321761,3070.86688321566,2952.95176714742,2404.34810811781,3418.40349243758,"age_band_separate_v1","posterior_median","conditional model uncertainty only; HIV imputation held fixed",TRUE,FALSE,FALSE
"SLE","24-35",2585.08698972477,176832.861894823,1461.88155415498,"IHME 2-4 rate shared; deaths and person-time divided equally","Sierra Leone",40.7926668056115,6789265,6801716.5,0.99816935916103,39.9440582754458,"estimated",FALSE,2005,2020,-0.880349387106906,0.090492555326144,0.414638017193682,0.34724956973409,0.495104098858815,0,1,0.585361982806318,0.504895901141185,0.65275043026591,606.151668986839,855.729885168141,738.098004646754,954.24381347246,1071.87534369266,1513.21164603211,1305.19982520544,1687.41664481765,"age_band_separate_v1","posterior_median","conditional model uncertainty only; HIV imputation held fixed",TRUE,FALSE,FALSE
"SLE","36-47",2585.08698972477,176832.861894823,1461.88155415498,"IHME 2-4 rate shared; deaths and person-time divided equally","Sierra Leone",40.7926668056115,6789265,6801716.5,0.99816935916103,39.9440582754458,"estimated",FALSE,2005,2020,-0.809680473913137,0.0964674438390337,0.445000232691789,0.368338403174565,0.537617596723677,0,1,0.554999767308211,0.462382403276323,0.631661596825435,650.5376317668,811.34392238818,675.948306315506,923.414436867183,1150.36431195604,1434.72267776873,1195.2987349873,1632.90017586221,"age_band_separate_v1","posterior_median","conditional model uncertainty only; HIV imputation held fixed",TRUE,FALSE,FALSE
"SLE","48-59",2585.08698972477,176832.861894823,1461.88155415498,"IHME 2-4 rate shared; deaths and person-time divided equally","Sierra Leone",40.7926668056115,6789265,6801716.5,0.99816935916103,39.9440582754458,"estimated",FALSE,2005,2020,-0.630787975213449,0.110216149908057,0.532172297169836,0.428781566146012,0.660493305298905,0,1,0.467827702830164,0.339506694701095,0.571218433853988,777.972864864866,683.908689290114,496.318574495657,835.053691844442,1375.71168170569,1209.37530801908,877.654339396262,1476.64934164691,"age_band_separate_v1","posterior_median","conditional model uncertainty only; HIV imputation held fixed",TRUE,FALSE,FALSE
"SOM","<1",22712.0968753485,43905.4262858655,51729.5897037224,"0-27 days mapped to model <1 completed month","Somalia",9.00565355096317,11021038,11209545,0.983183349547194,8.9779354440502,"estimated",FALSE,2005,2020,-0.0119838787452735,0.0154744646179164,0.9880876419461,0.958569440491836,1.01851482733026,0,1,0.0119123580539003,-0.0185148273302571,0.0414305595081639,51113.3683091903,616.221394532097,-957.764421229465,2143.18584455297,22441.5422452144,270.554630134022,-420.510551955149,940.974881149308,"age_band_separate_v1","posterior_median","conditional model uncertainty only; HIV imputation held fixed",TRUE,FALSE,FALSE
"SOM","1-5",15109.0145249778,234370.10899587,6446.64739446106,"direct age match","Somalia",9.00565355096317,11021038,11209545,0.983183349547194,8.9779354440502,"estimated",FALSE,2005,2020,-0.0379928731885638,0.0210152517871028,0.962719801989245,0.923871755411908,1.00320137693676,0,1,0.0372801980107548,-0.00320137693676426,0.076128244588092,6206.31510309004,240.332291371025,-20.638148288079,490.771949618717,14545.7474717393,563.267053238543,-48.3696506375002,1150.22275324255,"age_band_separate_v1","posterior_median","conditional model uncertainty only; HIV imputation held fixed",TRUE,FALSE,FALSE
"SOM","6-11",14558.290752063,263560.375820732,5523.70238004411,"direct age match","Somalia",9.00565355096317,11021038,11209545,0.983183349547194,8.9779354440502,"estimated",FALSE,2005,2020,-0.123760378588459,0.0311756097772897,0.883591542970314,0.831217778102771,0.939265298909584,0,1,0.116408457029686,0.0607347010904156,0.168782221897229,4880.69670889197,643.005671152141,335.480412964396,932.302760802858,12863.5825886258,1694.7081634372,884.193437213906,2457.18066015907,"age_band_separate_v1","posterior_median","conditional model uncertainty only; HIV imputation held fixed",TRUE,FALSE,FALSE
"SOM","12-23",16287.9055919906,500658.00850665,3253.29972061643,"direct age match","Somalia",9.00565355096317,11021038,11209545,0.983183349547194,8.9779354440502,"estimated",FALSE,2005,2020,-0.306986443436044,0.0475158822300284,0.735660573869273,0.670242386382285,0.807463823448772,0,1,0.264339426130727,0.192536176551228,0.329757613617715,2393.32433943743,859.975381179001,626.377889382666,1072.80035225365,11982.3699749324,4305.53561705826,3136.01106670924,5371.06087884547,"age_band_separate_v1","posterior_median","conditional model uncertainty only; HIV imputation held fixed",TRUE,FALSE,FALSE
"SOM","24-35",7509.68060625401,443136.355632046,1694.66587672387,"IHME 2-4 rate shared; deaths and person-time divided equally","Somalia",9.00565355096317,11021038,11209545,0.983183349547194,8.9779354440502,"estimated",FALSE,2005,2020,-0.391054341615186,0.0523821019087627,0.676343401447791,0.610350818525956,0.749471259474545,0,1,0.323656598552209,0.250528740525455,0.389649181474044,1146.17608338092,548.489793342945,424.562507707097,660.325171737449,5079.12292502035,2430.55768123366,1881.39082403325,2926.14090135838,"age_band_separate_v1","posterior_median","conditional model uncertainty only; HIV imputation held fixed",TRUE,FALSE,FALSE
"SOM","36-47",7509.68060625401,443136.355632046,1694.66587672387,"IHME 2-4 rate shared; deaths and person-time divided equally","Somalia",9.00565355096317,11021038,11209545,0.983183349547194,8.9779354440502,"estimated",FALSE,2005,2020,-0.352599859355026,0.0559164907161622,0.702858379321754,0.629900022080314,0.784267159971325,0,1,0.297141620678246,0.215732840028675,0.370099977919686,1191.11011160602,503.55576511785,365.595082485325,627.195803556749,5278.2419401357,2231.43866611831,1620.08472489544,2779.3326265585,"age_band_separate_v1","posterior_median","conditional model uncertainty only; HIV imputation held fixed",TRUE,FALSE,FALSE
"SOM","48-59",7509.68060625401,443136.355632046,1694.66587672387,"IHME 2-4 rate shared; deaths and person-time divided equally","Somalia",9.00565355096317,11021038,11209545,0.983183349547194,8.9779354440502,"estimated",FALSE,2005,2020,-0.346961149824072,0.0652118691008017,0.706832788302509,0.622025578171538,0.803202646566602,0,1,0.293167211697491,0.196797353433398,0.377974421828462,1197.84540688585,496.82046983802,333.505759493146,640.540354947129,5308.0884821798,2201.59212407421,1477.8852684409,2838.46718526528,"age_band_separate_v1","posterior_median","conditional model uncertainty only; HIV imputation held fixed",TRUE,FALSE,FALSE
"SSD","<1",8651.84324487808,26518.6406368276,32625.5156264039,"0-27 days mapped to model <1 completed month","South Sudan",35.4180105817913,16697173,16714814,0.998944588913762,35.4110265693629,"estimated",FALSE,2005,2020,-0.0419987461271234,0.0379889533568675,0.958870982874048,0.89006950258139,1.03299074862277,0,1,0.0411290171259516,-0.0329907486227663,0.10993049741861,31283.6602354625,1341.85539094137,-1076.34018471882,3586.5391613492,8296.00143588844,355.84180898964,-285.430785615352,951.101431497286,"age_band_separate_v1","posterior_median","conditional model uncertainty only; HIV imputation held fixed",TRUE,FALSE,FALSE
"SSD","1-5",10103.8338231837,143228.295843044,7054.35595928329,"direct age match","South Sudan",35.4180105817913,16697173,16714814,0.998944588913762,35.4110265693629,"estimated",FALSE,2005,2020,-0.134287832233546,0.0537520369197272,0.87433836561688,0.786911185665741,0.971478854939448,0,1,0.12566163438312,0.0285211450605518,0.213088814334259,6167.89405991945,886.461899363839,201.198309623487,1503.20434725549,8834.169551427,1269.66427175671,288.172910138732,2153.0139696126,"age_band_separate_v1","posterior_median","conditional model uncertainty only; HIV imputation held fixed",TRUE,FALSE,FALSE
"SSD","6-11",5253.70670826042,163402.061203832,3215.20222545222,"direct age match","South Sudan",35.4180105817913,16697173,16714814,0.998944588913762,35.4110265693629,"estimated",FALSE,2005,2020,-0.397274110492974,0.067874889357546,0.672149757077574,0.588424619857397,0.76778788768038,0,1,0.327850242922426,0.23221211231962,0.411575380142603,2161.09739479298,1054.10483065924,746.608900307002,1323.29807817584,3531.27768771406,1722.42902054636,1219.97433223291,2162.29633561002,"age_band_separate_v1","posterior_median","conditional model uncertainty only; HIV imputation held fixed",TRUE,FALSE,FALSE
"SSD","12-23",5359.30516572827,314527.586919615,1703.92213230503,"direct age match","South Sudan",35.4180105817913,16697173,16714814,0.998944588913762,35.4110265693629,"estimated",FALSE,2005,2020,-0.66666600775804,0.0837204600535848,0.513417457327672,0.435720152299723,0.604969690058056,0,1,0.486582542672328,0.395030309941944,0.564279847700277,874.823368652394,829.098763652636,673.100888041394,961.488921310214,2751.56083123127,2607.744334497,2117.0879806911,3024.14790269646,"age_band_separate_v1","posterior_median","conditional model uncertainty only; HIV imputation held fixed",TRUE,FALSE,FALSE
"SSD","24-35",2747.67803341882,287821.857778781,954.64536801464,"IHME 2-4 rate shared; deaths and person-time divided equally","South Sudan",35.4180105817913,16697173,16714814,0.998944588913762,35.4110265693629,"estimated",FALSE,2005,2020,-0.878056962255577,0.0904914506461833,0.415589634026895,0.348047279977806,0.496239315306882,0,1,0.584410365973105,0.503760684693118,0.651952720022194,396.740719118675,557.904648895965,480.912804230169,622.383644333733,1141.90650833227,1605.77152508655,1384.1721674313,1791.35616763263,"age_band_separate_v1","posterior_median","conditional model uncertainty only; HIV imputation held fixed",TRUE,FALSE,FALSE
"SSD","36-47",2747.67803341882,287821.857778781,954.64536801464,"IHME 2-4 rate shared; deaths and person-time divided equally","South Sudan",35.4180105817913,16697173,16714814,0.998944588913762,35.4110265693629,"estimated",FALSE,2005,2020,-0.810553603070617,0.0966309425410703,0.444611859588154,0.367899023825786,0.537320549619194,0,1,0.555388140411846,0.462679450380806,0.632100976174214,424.446652320206,530.198715694433,441.694794181595,603.432269022246,1221.65023998786,1526.02779343095,1271.29416232563,1736.80996713648,"age_band_separate_v1","posterior_median","conditional model uncertainty only; HIV imputation held fixed",TRUE,FALSE,FALSE
"SSD","48-59",2747.67803341882,287821.857778781,954.64536801464,"IHME 2-4 rate shared; deaths and person-time divided equally","South Sudan",35.4180105817913,16697173,16714814,0.998944588913762,35.4110265693629,"estimated",FALSE,2005,2020,-0.656686099937058,0.110663494208286,0.518566969312691,0.417453314296263,0.644171916841712,0,1,0.481433030687309,0.355828083158288,0.582546685703737,495.047555259751,459.597812754889,339.689631396587,556.125495159352,1424.85507043705,1322.82296298176,977.70100776755,1600.65073174909,"age_band_separate_v1","posterior_median","conditional model uncertainty only; HIV imputation held fixed",TRUE,FALSE,FALSE
"STP","<1",109.182830168766,451.170779093878,24199.8895380695,"0-27 days mapped to model <1 completed month","Sao Tome and Principe",,,,,,"missing_MAP_no_estimate",,2005,2020,,,,,,,,,,,,,,,,,,,"age_band_separate_v1","posterior_median","conditional model uncertainty only; HIV imputation held fixed",TRUE,,
"STP","1-5",79.1758437799184,2457.97087451565,3221.18722401543,"direct age match","Sao Tome and Principe",,,,,,"missing_MAP_no_estimate",,2005,2020,,,,,,,,,,,,,,,,,,,"age_band_separate_v1","posterior_median","conditional model uncertainty only; HIV imputation held fixed",TRUE,,
"STP","6-11",72.9600869760044,2828.5108716528,2579.45223782616,"direct age match","Sao Tome and Principe",,,,,,"missing_MAP_no_estimate",,2005,2020,,,,,,,,,,,,,,,,,,,"age_band_separate_v1","posterior_median","conditional model uncertainty only; HIV imputation held fixed",TRUE,,
"STP","12-23",71.2271331322536,5450.64511760574,1306.76519192541,"direct age match","Sao Tome and Principe",,,,,,"missing_MAP_no_estimate",,2005,2020,,,,,,,,,,,,,,,,,,,"age_band_separate_v1","posterior_median","conditional model uncertainty only; HIV imputation held fixed",TRUE,,
"STP","24-35",27.0655234297881,5017.17529728515,539.45740035102,"IHME 2-4 rate shared; deaths and person-time divided equally","Sao Tome and Principe",,,,,,"missing_MAP_no_estimate",,2005,2020,,,,,,,,,,,,,,,,,,,"age_band_separate_v1","posterior_median","conditional model uncertainty only; HIV imputation held fixed",TRUE,,
"STP","36-47",27.0655234297881,5017.17529728515,539.45740035102,"IHME 2-4 rate shared; deaths and person-time divided equally","Sao Tome and Principe",,,,,,"missing_MAP_no_estimate",,2005,2020,,,,,,,,,,,,,,,,,,,"age_band_separate_v1","posterior_median","conditional model uncertainty only; HIV imputation held fixed",TRUE,,
"STP","48-59",27.0655234297881,5017.17529728515,539.45740035102,"IHME 2-4 rate shared; deaths and person-time divided equally","Sao Tome and Principe",,,,,,"missing_MAP_no_estimate",,2005,2020,,,,,,,,,,,,,,,,,,,"age_band_separate_v1","posterior_median","conditional model uncertainty only; HIV imputation held fixed",TRUE,,
"SWZ","<1",840.184208829557,2671.82630967339,31446.0639072104,"0-27 days mapped to model <1 completed month","Swaziland",2.77619052188256,29921.759765625,1091849.625,0.0274046526925583,3.41097036230872,"estimated",TRUE,2005,2020,-0.00369753837225252,0.00494603673625327,0.996309289105209,0.986697676203361,1.00601453058732,0,1,0.00369071089479089,-0.0060145305873236,0.0133023237966392,31330.0055765498,116.058330660632,-189.13331322085,418.305724223522,837.083331816399,3.10087701315851,-5.05331362299165,11.1764023946739,"age_band_separate_v1","posterior_median","conditional model uncertainty only; HIV imputation held fixed",TRUE,FALSE,FALSE
"SWZ","1-5",875.862759149755,14509.0968394288,6036.64562200439,"direct age match","Swaziland",2.77619052188256,29921.759765625,1091849.625,0.0274046526925583,3.41097036230872,"estimated",TRUE,2005,2020,-0.0117848055650735,0.00669880280565107,0.988284363275619,0.975393579843227,1.0013455110624,0,1,0.011715636724381,-0.00134551106239544,0.0246064201567731,5965.92247486316,70.7231471412286,-8.12237346416793,148.540238512585,865.601469243142,10.2612899066126,-1.17848303157619,21.5518470513094,"age_band_separate_v1","posterior_median","conditional model uncertainty only; HIV imputation held fixed",TRUE,FALSE,FALSE
"SWZ","6-11",724.21360566263,16626.2200475703,4355.85240415764,"direct age match","Swaziland",2.77619052188256,29921.759765625,1091849.625,0.0274046526925583,3.41097036230872,"estimated",TRUE,2005,2020,-0.0386560290449336,0.0100298493185188,0.962081580358109,0.943353525159243,0.981181436840563,0,1,0.0379184196418914,0.018818563159437,0.0566464748407575,4190.68536479865,165.167039358991,81.9708835808259,246.743683622169,696.752570252747,27.4610354098828,13.6286594790858,41.0241477925024,"age_band_separate_v1","posterior_median","conditional model uncertainty only; HIV imputation held fixed",TRUE,FALSE,FALSE
"SWZ","12-23",394.499486207016,32205.7170285734,1224.93619954808,"direct age match","Swaziland",2.77619052188256,29921.759765625,1091849.625,0.0274046526925583,3.41097036230872,"estimated",TRUE,2005,2020,-0.0980912618031507,0.0154722179545797,0.906566165115636,0.879487214844914,0.934478862068955,0,1,0.0934338348843642,0.0655211379310446,0.120512785155086,1110.48571293562,114.450486612456,80.2592136873194,147.620473044825,357.639886350783,36.8595998562329,25.8480552494962,47.5422318250579,"age_band_separate_v1","posterior_median","conditional model uncertainty only; HIV imputation held fixed",TRUE,FALSE,FALSE
"SWZ","24-35",137.649243495847,30469.9134473671,451.754625866,"IHME 2-4 rate shared; deaths and person-time divided equally","Swaziland",2.77619052188256,29921.759765625,1091849.625,0.0274046526925583,3.41097036230872,"estimated",TRUE,2005,2020,-0.124661342159843,0.0170668890802283,0.882795817691685,0.8537543012135,0.912825217543522,0,1,0.117204182308315,0.0871747824564776,0.1462456987865,398.807094337377,52.9475315286232,39.381611233576,66.067170939807,121.516176466558,16.1330670292889,11.9995428570492,20.1306098024833,"age_band_separate_v1","posterior_median","conditional model uncertainty only; HIV imputation held fixed",TRUE,FALSE,FALSE
"SWZ","36-47",137.649243495847,30469.9134473671,451.754625866,"IHME 2-4 rate shared; deaths and person-time divided equally","Swaziland",2.77619052188256,29921.759765625,1091849.625,0.0274046526925583,3.41097036230872,"estimated",TRUE,2005,2020,-0.1122218049574,0.0182256874569734,0.893845976042627,0.862479847155382,0.926352808732536,0,1,0.106154023957373,0.0736471912674637,0.137520152844618,403.799054488967,47.9555713770334,33.2704593371148,62.1253651973555,123.037222404075,14.6120210917724,10.1374801635603,18.929545004495,"age_band_separate_v1","posterior_median","conditional model uncertainty only; HIV imputation held fixed",TRUE,FALSE,FALSE
"SWZ","48-59",137.649243495847,30469.9134473671,451.754625866,"IHME 2-4 rate shared; deaths and person-time divided equally","Swaziland",2.77619052188256,29921.759765625,1091849.625,0.0274046526925583,3.41097036230872,"estimated",TRUE,2005,2020,-0.111466729090264,0.0212787927063454,0.894521152440697,0.85798179606287,0.932616631070339,0,1,0.105478847559303,0.0673833689296611,0.14201820393713,404.10406855007,47.65055731593,30.4407486204097,64.1573805857796,123.130159924495,14.5190835713519,9.27526975736944,19.548698334585,"age_band_separate_v1","posterior_median","conditional model uncertainty only; HIV imputation held fixed",TRUE,FALSE,FALSE
"TCD","<1",18928.1040003328,38632.692138142,48995.0426769383,"0-27 days mapped to model <1 completed month","Chad",17.2544300153994,15540183,16497859,0.941951498070144,17.2067331734834,"estimated",TRUE,2005,2020,-0.0229009236289628,0.026573761228154,0.977359312190345,0.927757830680499,1.02961267858503,0,1,0.022640687809655,-0.0296126785850293,0.0722421693195013,47885.761211469,1109.28146546928,-1450.87445105196,3539.50816888357,18499.5587068326,428.545293500218,-560.511859985863,1367.40729408918,"age_band_separate_v1","posterior_median","conditional model uncertainty only; HIV imputation held fixed",TRUE,FALSE,FALSE
"TCD","1-5",12104.3507133646,206683.764353281,5856.45938433502,"direct age match","Chad",17.2544300153994,15540183,16497859,0.941951498070144,17.2067331734834,"estimated",TRUE,2005,2020,-0.0714565950623196,0.0364132224460755,0.931036688307277,0.866905591080798,0.999912013364085,0,1,0.0689633116927226,8.79866359151382e-05,0.133094408919202,5452.57855039735,403.880833937666,0.51529015960128,779.462000117386,11269.5946022808,834.756111083792,1.06502109920595,1611.02140354599,"age_band_separate_v1","posterior_median","conditional model uncertainty only; HIV imputation held fixed",TRUE,FALSE,FALSE
"TCD","6-11",13083.2356169788,232672.125270263,5623.03524832713,"direct age match","Chad",17.2544300153994,15540183,16497859,0.941951498070144,17.2067331734834,"estimated",TRUE,2005,2020,-0.227849743700042,0.0523268618394236,0.796243891508525,0.718630107077166,0.882240151812288,0,1,0.203756108491475,0.117759848187712,0.281369892922834,4477.3074682176,1145.72778010953,662.167777197159,1582.15282572313,10417.4464411861,2665.78917579266,1540.67984005949,3681.22860463353,"age_band_separate_v1","posterior_median","conditional model uncertainty only; HIV imputation held fixed",TRUE,FALSE,FALSE
"TCD","12-23",11936.8531231376,445216.901689037,2681.13206795435,"direct age match","Chad",17.2544300153994,15540183,16497859,0.941951498070144,17.2067331734834,"estimated",TRUE,2005,2020,-0.524632130711707,0.07637186754626,0.591773019449547,0.50950366117057,0.68732637905657,0,1,0.408226980550453,0.31267362094343,0.49049633882943,1586.62161939635,1094.510448558,838.319271914833,1315.08546324979,7063.90761540487,4872.9455077327,3732.33908868131,5854.98275404362,"age_band_separate_v1","posterior_median","conditional model uncertainty only; HIV imputation held fixed",TRUE,FALSE,FALSE
"TCD","24-35",7198.13547033774,400424.348429024,1797.62681729471,"IHME 2-4 rate shared; deaths and person-time divided equally","Chad",17.2544300153994,15540183,16497859,0.941951498070144,17.2067331734834,"estimated",TRUE,2005,2020,-0.673672597066038,0.0839830516304544,0.509832725099089,0.432455281395389,0.60105499635305,0,1,0.490167274900911,0.39894500364695,0.567544718604611,916.488978972563,881.137838322147,717.154237181493,1020.23360617763,3669.8450224747,3528.29044786304,2871.66018146513,4085.2637699907,"age_band_separate_v1","posterior_median","conditional model uncertainty only; HIV imputation held fixed",TRUE,FALSE,FALSE
"TCD","36-47",7198.13547033774,400424.348429024,1797.62681729471,"IHME 2-4 rate shared; deaths and person-time divided equally","Chad",17.2544300153994,15540183,16497859,0.941951498070144,17.2067331734834,"estimated",TRUE,2005,2020,-0.610752998572801,0.0895484311007915,0.542941880648732,0.455543212546828,0.647108501769366,0,1,0.457058119351268,0.352891498230634,0.544456787453172,976.006884886584,821.619932408126,634.367220814697,978.730121983948,3908.16920942951,3289.96626090822,2540.16081059456,3919.07371383281,"age_band_separate_v1","posterior_median","conditional model uncertainty only; HIV imputation held fixed",TRUE,FALSE,FALSE
"TCD","48-59",7198.13547033774,400424.348429024,1797.62681729471,"IHME 2-4 rate shared; deaths and person-time divided equally","Chad",17.2544300153994,15540183,16497859,0.941951498070144,17.2067331734834,"estimated",TRUE,2005,2020,-0.581872977809831,0.104023699651619,0.558850670810795,0.455775150235767,0.685237165966856,0,1,0.441149329189205,0.314762834033144,0.544224849764233,1004.60495271262,793.021864582087,565.826111545663,978.313184574369,4022.68283618522,3175.45263415252,2265.705520398,3917.40419492715,"age_band_separate_v1","posterior_median","conditional model uncertainty only; HIV imputation held fixed",TRUE,FALSE,FALSE
"TGO","<1",6894.94138343512,16844.4094173691,40933.1144392953,"0-27 days mapped to model <1 completed month","Togo",54.7789048030301,8690035,8690035,1,54.5896152872462,"estimated",FALSE,2005,2020,-0.0315980879690365,0.0444573885193547,0.968895914760106,0.888044905231913,1.05710790986821,0,1,0.031104085239894,-0.0571079098682123,0.111955094768087,39659.9273586411,1273.18708065418,-2337.6046100245,4582.67070620424,6680.48053892068,214.460844514439,-393.75569107182,771.923816002882,"age_band_separate_v1","posterior_median","conditional model uncertainty only; HIV imputation held fixed",TRUE,FALSE,FALSE
"TGO","1-5",2884.77419935405,91287.217858497,3160.10747947834,"direct age match","Togo",54.7789048030301,8690035,8690035,1,54.5896152872462,"estimated",FALSE,2005,2020,-0.173216410492887,0.0636767846938778,0.840955603534098,0.742286037256349,0.952740980726767,0,1,0.159044396465902,0.0472590192732332,0.257713962743651,2657.51009263732,502.597386841015,149.343580278155,814.403821232215,2425.96702787738,458.807171476671,136.331599486199,743.446590536177,"age_band_separate_v1","posterior_median","conditional model uncertainty only; HIV imputation held fixed",TRUE,FALSE,FALSE
"TGO","6-11",2902.51616259472,104501.922338864,2777.47633501214,"direct age match","Togo",54.7789048030301,8690035,8690035,1,54.5896152872462,"estimated",FALSE,2005,2020,-0.498104816192083,0.0748013186407962,0.607681236731014,0.524813295781253,0.703634013168852,0,1,0.392318763268986,0.296365986831148,0.475186704218747,1687.8202542513,1089.65608076084,823.149514926033,1319.81982567998,1763.80461131732,1138.7115512774,860.207066820742,1379.23708924503,"age_band_separate_v1","posterior_median","conditional model uncertainty only; HIV imputation held fixed",TRUE,FALSE,FALSE
"TGO","12-23",3158.87056761559,201368.846831672,1568.69874229163,"direct age match","Togo",54.7789048030301,8690035,8690035,1,54.5896152872462,"estimated",FALSE,2005,2020,-0.705022434133443,0.0926435983927826,0.49409748948279,0.412054131807282,0.592476352663725,0,1,0.50590251051721,0.407523647336275,0.587945868192718,775.090110321105,793.608631970525,639.281833030513,922.309943969477,1560.79001705994,1598.08055055565,1287.31445517792,1857.24489838517,"age_band_separate_v1","posterior_median","conditional model uncertainty only; HIV imputation held fixed",TRUE,FALSE,FALSE
"TGO","24-35",2102.379056014,183902.519536103,1143.20296498236,"IHME 2-4 rate shared; deaths and person-time divided equally","Togo",54.7789048030301,8690035,8690035,1,54.5896152872462,"estimated",FALSE,2005,2020,-0.868092573415335,0.10073445638165,0.419751431185881,0.344545721147404,0.511372666001611,0,1,0.580248568814119,0.488627333998389,0.655454278852596,479.861080687289,663.341884295071,558.600216998384,749.317274994662,882.476617657098,1219.9024383569,1027.27987319417,1378.01334803446,"age_band_separate_v1","posterior_median","conditional model uncertainty only; HIV imputation held fixed",TRUE,FALSE,FALSE
"TGO","36-47",2102.379056014,183902.519536103,1143.20296498236,"IHME 2-4 rate shared; deaths and person-time divided equally","Togo",54.7789048030301,8690035,8690035,1,54.5896152872462,"estimated",FALSE,2005,2020,-0.768038742276236,0.106692923768537,0.463922047347367,0.376381120627044,0.571823755815419,0,1,0.536077952652633,0.428176244184581,0.623618879372956,530.357060048196,612.845904934164,489.492351886824,712.92295191814,975.339995966238,1127.03906004776,900.188768056398,1311.08327092862,"age_band_separate_v1","posterior_median","conditional model uncertainty only; HIV imputation held fixed",TRUE,FALSE,FALSE
"TGO","48-59",2102.379056014,183902.519536103,1143.20296498236,"IHME 2-4 rate shared; deaths and person-time divided equally","Togo",54.7789048030301,8690035,8690035,1,54.5896152872462,"estimated",FALSE,2005,2020,-0.581576766504395,0.122837817370903,0.559016233217057,0.439404681630148,0.711187572787905,0,1,0.440983766782943,0.288812427212095,0.560595318369852,639.06901528701,504.13394969535,330.171223112619,640.874230115645,1175.26402068738,927.115035326621,607.193198087275,1178.58385624028,"age_band_separate_v1","posterior_median","conditional model uncertainty only; HIV imputation held fixed",TRUE,FALSE,FALSE
"TZA","<1",46563.8184730473,125503.624613126,37101.5726570317,"0-27 days mapped to model <1 completed month","Tanzania",21.5102815877522,56146192,57136840,0.982661834291151,21.4588610775067,"estimated",FALSE,2005,2020,-0.0284784626135428,0.0304715210063325,0.971923226606859,0.915576327068484,1.03173785788285,0,1,0.0280767733931414,-0.0317378578828516,0.0844236729315156,36059.880209011,1041.69244802065,-1177.52444021916,3132.25103524211,45256.4566934602,1307.36177958712,-1477.83585318047,3931.08858121101,"age_band_separate_v1","posterior_median","conditional model uncertainty only; HIV imputation held fixed",TRUE,FALSE,FALSE
"TZA","1-5",24224.5242704796,680358.567980163,3560.55253958173,"direct age match","Tanzania",21.5102815877522,56146192,57136840,0.982661834291151,21.4588610775067,"estimated",FALSE,2005,2020,-0.0878113379462462,0.0420708835842457,0.915933662349609,0.843438108287908,0.994660385369731,0,1,0.0840663376503913,0.00533961463026933,0.156561891712092,3261.22992756729,299.322612014436,19.0119784321932,557.446841137209,22188.0572337373,2036.46703674223,129.349624205967,3792.63734561177,"age_band_separate_v1","posterior_median","conditional model uncertainty only; HIV imputation held fixed",TRUE,FALSE,FALSE
"TZA","6-11",23258.3731624254,779189.03234382,2984.94616800029,"direct age match","Tanzania",21.5102815877522,56146192,57136840,0.982661834291151,21.4588610775067,"estimated",FALSE,2005,2020,-0.275291434922381,0.0587619115760317,0.759350789635929,0.67674369624766,0.852041363544067,0,1,0.240649210364071,0.147958636455933,0.32325630375234,2266.62122969176,718.324938308531,441.648564911685,964.902665167485,17661.2640265348,5597.10913589058,3441.27717929572,7518.41573977825,"age_band_separate_v1","posterior_median","conditional model uncertainty only; HIV imputation held fixed",TRUE,FALSE,FALSE
"TZA","12-23",23020.1214492231,1490567.58623809,1544.38629028031,"direct age match","Tanzania",21.5102815877522,56146192,57136840,0.982661834291151,21.4588610775067,"estimated",FALSE,2005,2020,-0.594509044217491,0.0823725352353412,0.551833425183491,0.469561383503198,0.648520384870341,0,1,0.448166574816509,0.351479615129659,0.530438616496802,852.243976371809,692.142313908501,542.820298919245,819.202127152917,12703.2724674647,10316.8489817584,8091.10342721094,12210.7613731143,"age_band_separate_v1","posterior_median","conditional model uncertainty only; HIV imputation held fixed",TRUE,FALSE,FALSE
"TZA","24-35",8712.73234357281,1350128.80666761,645.3260089367,"IHME 2-4 rate shared; deaths and person-time divided equally","Tanzania",21.5102815877522,56146192,57136840,0.982661834291151,21.4588610775067,"estimated",FALSE,2005,2020,-0.768955711585099,0.0903147361992837,0.46349684004906,0.38830299009065,0.553251780742948,0,1,0.53650315995094,0.446748219257052,0.61169700990935,299.106565943632,346.219442993068,288.298245332731,394.743990083314,4038.32390943923,4674.40843413357,3892.39765935447,5329.55232270397,"age_band_separate_v1","posterior_median","conditional model uncertainty only; HIV imputation held fixed",TRUE,FALSE,FALSE
"TZA","36-47",8712.73234357281,1350128.80666761,645.3260089367,"IHME 2-4 rate shared; deaths and person-time divided equally","Tanzania",21.5102815877522,56146192,57136840,0.982661834291151,21.4588610775067,"estimated",FALSE,2005,2020,-0.700555053134938,0.0962459716867433,0.496309749042614,0.410987001585771,0.599345882094365,0,1,0.503690250957386,0.400654117905635,0.589012998414229,320.281589546045,325.044419390655,258.552522872097,380.105407478493,4324.21400291408,4388.51834065872,3490.79209166206,5131.91260206845,"age_band_separate_v1","posterior_median","conditional model uncertainty only; HIV imputation held fixed",TRUE,FALSE,FALSE
"TZA","48-59",8712.73234357281,1350128.80666761,645.3260089367,"IHME 2-4 rate shared; deaths and person-time divided equally","Tanzania",21.5102815877522,56146192,57136840,0.982661834291151,21.4588610775067,"estimated",FALSE,2005,2020,-0.647729360028791,0.111394121082676,0.523232501571048,0.420606389077437,0.650898934989533,0,1,0.476767498428952,0.349101065010467,0.579393610922563,337.65554198481,307.67046695189,225.283996998756,373.897766540081,4558.78473964658,4153.94760392623,3041.62414029241,5048.10145354445,"age_band_separate_v1","posterior_median","conditional model uncertainty only; HIV imputation held fixed",TRUE,FALSE,FALSE
"UGA","<1",39115.5981618639,104301.373387411,37502.4766132035,"0-27 days mapped to model <1 completed month","Uganda",41.7907617391782,41922696,43130096,0.972005626882908,41.7957530331035,"estimated",FALSE,2005,2020,-0.0425602034688124,0.0401332305367377,0.958332768827234,0.885839151089502,1.0367589812197,0,1,0.0416672311727662,-0.0367589812196958,0.114160848910498,35939.8522506099,1562.62436259361,-1378.55283351683,4281.3145664094,37485.7594907925,1629.83867107141,-1437.84953822912,4465.46989180029,"age_band_separate_v1","posterior_median","conditional model uncertainty only; HIV imputation held fixed",TRUE,FALSE,FALSE
"UGA","1-5",22423.8913033498,563989.126667217,3975.94390442585,"direct age match","Uganda",41.7907617391782,41922696,43130096,0.972005626882908,41.7957530331035,"estimated",FALSE,2005,2020,-0.150712439700396,0.0572100599693913,0.860094992275255,0.76886329370569,0.962152051987726,0,1,0.139905007724745,0.0378479480122738,0.23113670629431,3419.689441764,556.254462661851,150.481318194426,918.986578479931,19286.6766173358,3137.21468601399,848.698272282062,5182.98437815791,"age_band_separate_v1","posterior_median","conditional model uncertainty only; HIV imputation held fixed",TRUE,FALSE,FALSE
"UGA","6-11",23527.9665036471,643853.92652489,3654.23981036133,"direct age match","Uganda",41.7907617391782,41922696,43130096,0.972005626882908,41.7957530331035,"estimated",FALSE,2005,2020,-0.438179737515847,0.0698826462343212,0.645209804027357,0.562622040650677,0.7399206947733,0,1,0.354790195972643,0.260079305226701,0.437377959349323,2357.7513519122,1296.48845844913,950.392151010525,1598.28395122889,15180.4746569804,8347.49184666674,6119.13718166563,10290.6139770044,"age_band_separate_v1","posterior_median","conditional model uncertainty only; HIV imputation held fixed",TRUE,FALSE,FALSE
"UGA","12-23",24131.6470994858,1227381.28172978,1966.10845046263,"direct age match","Uganda",41.7907617391782,41922696,43130096,0.972005626882908,41.7957530331035,"estimated",FALSE,2005,2020,-0.675438077793927,0.0839821462551652,0.508933419335565,0.43169322953893,0.599993716818837,0,1,0.491066580664435,0.400006283181163,0.56830677046107,1000.6182964785,965.490153984135,786.455733600633,1117.35274385864,12281.4016725405,11850.2454269453,9652.8104633048,13714.178429015,"age_band_separate_v1","posterior_median","conditional model uncertainty only; HIV imputation held fixed",TRUE,FALSE,FALSE
"UGA","24-35",9572.26662630624,1096546.38436335,872.9468048781,"IHME 2-4 rate shared; deaths and person-time divided equally","Uganda",41.7907617391782,41922696,43130096,0.972005626882908,41.7957530331035,"estimated",FALSE,2005,2020,-0.880092122785321,0.0906324393574638,0.414744702484449,0.347243700105526,0.49536728293887,0,1,0.58525529751555,0.50463271706113,0.652756299894474,362.050062873918,510.896742004182,440.517517995468,569.821526356932,3970.0468740292,5602.21975227703,4830.47891606649,6248.35734459101,"age_band_separate_v1","posterior_median","conditional model uncertainty only; HIV imputation held fixed",TRUE,FALSE,FALSE
"UGA","36-47",9572.26662630624,1096546.38436335,872.9468048781,"IHME 2-4 rate shared; deaths and person-time divided equally","Uganda",41.7907617391782,41922696,43130096,0.972005626882908,41.7957530331035,"estimated",FALSE,2005,2020,-0.808234423377214,0.0965546887243233,0.445644191002676,0.368808353962037,0.538487653115558,0,1,0.554355808997324,0.461512346884442,0.631191646037963,389.023672648272,483.923132229828,402.875728624567,550.996730674588,4265.82501674216,5306.44160956408,4417.71923571021,6041.93472817249,"age_band_separate_v1","posterior_median","conditional model uncertainty only; HIV imputation held fixed",TRUE,FALSE,FALSE
"UGA","48-59",9572.26662630624,1096546.38436335,872.9468048781,"IHME 2-4 rate shared; deaths and person-time divided equally","Uganda",41.7907617391782,41922696,43130096,0.972005626882908,41.7957530331035,"estimated",FALSE,2005,2020,-0.626328957508437,0.110285536515903,0.534550561285381,0.430639210910694,0.663535264162867,0,1,0.465449438714619,0.336464735837133,0.569360789089306,466.634204519868,406.312600358232,293.71581610318,497.021681658384,5116.86049786532,4455.40612844092,3220.73016178274,5450.07327972695,"age_band_separate_v1","posterior_median","conditional model uncertainty only; HIV imputation held fixed",TRUE,FALSE,FALSE
"ZMB","<1",14008.9637803287,38938.3538502939,35977.2881878594,"0-27 days mapped to model <1 completed month","Zambia",20.8670520447216,18732428,18732522,0.999994981989078,20.7636969717679,"estimated",FALSE,2005,2020,-0.0276442256183744,0.029961748903617,0.972734379218673,0.917256458713363,1.03156774043455,0,1,0.0272656207813272,-0.0315677404345451,0.082743541286637,34996.3450913887,980.943096470697,-1135.72169505317,2976.88823055338,13627.0006863549,381.96309397379,-442.23133237436,1159.15127294063,"age_band_separate_v1","posterior_median","conditional model uncertainty only; HIV imputation held fixed",TRUE,FALSE,FALSE
"ZMB","1-5",9005.98686234123,210206.987016644,4284.34230001505,"direct age match","Zambia",20.8670520447216,18732428,18732522,0.999994981989078,20.7636969717679,"estimated",FALSE,2005,2020,-0.0853894697237964,0.0413150962042931,0.918154621329738,0.846736635835173,0.995596355456687,0,1,0.0818453786702622,0.00440364454331343,0.153263364164827,3933.6886821173,350.653617897754,18.8667205911482,656.632714133978,8268.88845729351,737.098405047725,39.6591649035014,1380.28784414665,"age_band_separate_v1","posterior_median","conditional model uncertainty only; HIV imputation held fixed",TRUE,FALSE,FALSE
"ZMB","6-11",8516.98692422041,239201.94987502,3560.58423799238,"direct age match","Zambia",20.8670520447216,18732428,18732522,0.999994981989078,20.7636969717679,"estimated",FALSE,2005,2020,-0.26844382909375,0.0579837089195841,0.764568368101828,0.682433760895369,0.856588321092043,0,1,0.235431631898172,0.143411678907957,0.317566239104631,2722.31008033093,838.274157661454,510.629363463697,1130.72134547447,6511.81879379581,2005.1681304246,1221.43539403957,2704.70750602799,"age_band_separate_v1","posterior_median","conditional model uncertainty only; HIV imputation held fixed",TRUE,FALSE,FALSE
"ZMB","12-23",9411.90505863157,456747.784209878,2060.63507782815,"direct age match","Zambia",20.8670520447216,18732428,18732522,0.999994981989078,20.7636969717679,"estimated",FALSE,2005,2020,-0.585986245374479,0.0818320252506142,0.556556689586664,0.474082430855806,0.653378671224961,0,1,0.443443310413336,0.346621328775039,0.525917569144194,1146.86023736219,913.774840465957,714.260068797249,1083.72419102464,5238.25872213596,4173.64633649561,3262.36703772738,4949.88622945146,"age_band_separate_v1","posterior_median","conditional model uncertainty only; HIV imputation held fixed",TRUE,FALSE,FALSE
"ZMB","24-35",3818.46618051468,409875.344134301,931.61646221479,"IHME 2-4 rate shared; deaths and person-time divided equally","Zambia",20.8670520447216,18732428,18732522,0.999994981989078,20.7636969717679,"estimated",FALSE,2005,2020,-0.757011380688356,0.0897710568905662,0.469066194569383,0.393387786685012,0.559303319357945,0,1,0.530933805430617,0.440696680642055,0.606612213314988,436.989788729283,494.626673485507,410.560282529552,565.129924104792,1791.11340038591,2027.35278012877,1682.78537089676,2316.32822123043,"age_band_separate_v1","posterior_median","conditional model uncertainty only; HIV imputation held fixed",TRUE,FALSE,FALSE
"ZMB","36-47",3818.46618051468,409875.344134301,931.61646221479,"IHME 2-4 rate shared; deaths and person-time divided equally","Zambia",20.8670520447216,18732428,18732522,0.999994981989078,20.7636969717679,"estimated",FALSE,2005,2020,-0.68910902671155,0.0956721006319354,0.502023159088777,0.416186043694173,0.605563920463112,0,1,0.497976840911223,0.394436079536888,0.583813956305827,467.693039420179,463.923422794611,367.463144988027,543.890692565255,1916.95845481563,1901.50772569904,1506.1408300864,2229.27384786627,"age_band_separate_v1","posterior_median","conditional model uncertainty only; HIV imputation held fixed",TRUE,FALSE,FALSE
"ZMB","48-59",3818.46618051468,409875.344134301,931.61646221479,"IHME 2-4 rate shared; deaths and person-time divided equally","Zambia",20.8670520447216,18732428,18732522,0.999994981989078,20.7636969717679,"estimated",FALSE,2005,2020,-0.640439855061352,0.110798395999582,0.527060542802328,0.424178585264327,0.654895898636603,0,1,0.472939457197672,0.345104101363397,0.575821414735673,491.018278258512,440.598183956278,321.504662007982,536.444709263563,2012.5628577744,1805.90332274028,1317.76833981304,2198.75459818428,"age_band_separate_v1","posterior_median","conditional model uncertainty only; HIV imputation held fixed",TRUE,FALSE,FALSE
"ZWE","<1",9887.37873546734,32575.2338558339,30352.4413031853,"0-27 days mapped to model <1 completed month","Zimbabwe",4.09485353977597,14232977,14327908,0.993374399109765,4.06375440550993,"estimated",FALSE,2005,2020,-0.00545324349116759,0.00726316524824037,0.994561598449957,0.980503772534204,1.00882097633829,0,1,0.0054384015500426,-0.00882097633829204,0.019496227465796,30187.3725393545,165.06876383082,-267.738166544796,591.758099789124,9833.60719962651,53.7715358408239,-87.2163338732893,192.766584867146,"age_band_separate_v1","posterior_median","conditional model uncertainty only; HIV imputation held fixed",TRUE,FALSE,FALSE
"ZWE","1-5",5503.53481250095,177029.829255716,3108.81778265244,"direct age match","Zimbabwe",4.09485353977597,14232977,14327908,0.993374399109765,4.06375440550993,"estimated",FALSE,2005,2020,-0.017369279463524,0.00984027335136117,0.982780696888566,0.964007831125689,1.00191914110171,0,1,0.0172193031114343,-0.0019191411017121,0.0359921688743109,3055.28610693473,53.5316757177093,-5.96625998442176,111.893094632687,5408.76777838016,94.7670341207844,-10.5620598633739,198.084154377183,"age_band_separate_v1","posterior_median","conditional model uncertainty only; HIV imputation held fixed",TRUE,FALSE,FALSE
"ZWE","6-11",3992.77397247206,203455.721549525,1962.47809698492,"direct age match","Zimbabwe",4.09485353977597,14232977,14327908,0.993374399109765,4.06375440550993,"estimated",FALSE,2005,2020,-0.0569257326974521,0.0147172514290382,0.944664224425139,0.917804370180834,0.972310141357164,0,1,0.0553357755748608,0.0276898586428357,0.0821956298191662,1853.88284943958,108.595247545337,54.3407410951736,161.307123187994,3771.83072801021,220.94324446186,110.559346890545,328.188571392915,"age_band_separate_v1","posterior_median","conditional model uncertainty only; HIV imputation held fixed",TRUE,FALSE,FALSE
"ZWE","12-23",4201.24587177356,397195.207261285,1057.72823915518,"direct age match","Zimbabwe",4.09485353977597,14232977,14327908,0.993374399109765,4.06375440550993,"estimated",FALSE,2005,2020,-0.144056248983664,0.022670850837501,0.865839044123196,0.828208536919753,0.90517933214785,0,1,0.134160955876804,0.0948206678521496,0.171791463080247,915.822407532233,141.905831622947,100.294498042772,181.708681745762,3637.60270974294,563.643162030616,398.364939372655,721.738175071828,"age_band_separate_v1","posterior_median","conditional model uncertainty only; HIV imputation held fixed",TRUE,FALSE,FALSE
"ZWE","24-35",1644.10576736185,377040.676510468,436.05527726561,"IHME 2-4 rate shared; deaths and person-time divided equally","Zimbabwe",4.09485353977597,14232977,14327908,0.993374399109765,4.06375440550993,"estimated",FALSE,2005,2020,-0.183128072413585,0.0250057670720663,0.832661507938895,0.792836327471912,0.874487158041629,0,1,0.167338492061105,0.125512841958371,0.207163672528088,363.086444712696,72.9688325529142,54.7305371005523,90.3348126635974,1368.98358746255,275.122179899298,206.356387341735,340.598988791291,"age_band_separate_v1","posterior_median","conditional model uncertainty only; HIV imputation held fixed",TRUE,FALSE,FALSE
"ZWE","36-47",1644.10576736185,377040.676510468,436.05527726561,"IHME 2-4 rate shared; deaths and person-time divided equally","Zimbabwe",4.09485353977597,14232977,14327908,0.993374399109765,4.06375440550993,"estimated",FALSE,2005,2020,-0.16488609667973,0.0267022980434642,0.847990287496529,0.804751585080493,0.893552173142375,0,1,0.152009712503471,0.106447826857625,0.195248414919507,369.770639932843,66.2846373327668,46.4171366547234,85.1391017033963,1394.18572233988,249.920045021974,175.011486059757,321.009045037421,"age_band_separate_v1","posterior_median","conditional model uncertainty only; HIV imputation held fixed",TRUE,FALSE,FALSE
"ZWE","48-59",1644.10576736185,377040.676510468,436.05527726561,"IHME 2-4 rate shared; deaths and person-time divided equally","Zimbabwe",4.09485353977597,14232977,14327908,0.993374399109765,4.06375440550993,"estimated",FALSE,2005,2020,-0.163593881136378,0.0311713477604996,0.849086782027702,0.798764915352855,0.902578905954674,0,1,0.150913217972298,0.097421094045326,0.201235084647145,370.248772159654,65.806505105956,42.4809821754537,87.7496206313792,1395.98847532246,248.117292039392,160.170582582622,330.851763263921,"age_band_separate_v1","posterior_median","conditional model uncertainty only; HIV imputation held fixed",TRUE,FALSE,FALSE
