"svkey","regkey","u5mr","m1mo5y","exposure","pfpr2_10","pct_urban","iso3","year","pfpr10","log_gdp","dtp3","year_c","dtp3_reg","facility","educ_yrs","wealth_q","measles","excl_bf","stunting","underweight","wasting","birth_int","mage1","imp_water","imp_sanit","elec_dhs","hexp_gdp","hexp_pc","polstab","elec","log_hexp_pc","dtp3_reg_imp","measles_imp","facility_imp","educ_yrs_imp","wealth_q_imp","excl_bf_imp","stunting_imp","underweight_imp","wasting_imp","birth_int_imp","mage1_imp","imp_water_imp","imp_sanit_imp","elec_dhs_imp","hexp_gdp_imp","log_hexp_pc_imp","elec_imp"
"AO62FL","luanda",65.08,42.09,1358,6.04885840063977,95.6721466446881,"AGO",2011,0.604885840063977,8.55336169198076,50,-3,35.9621620200983,40.6723765357099,7.71520979474796,4.4178215802066,48.8801461346754,39.8435394504384,31.5210304341401,23.4725733769254,4.23890977514944,24.0009462522481,19.2898969042182,59.5647245895175,28.8970239761726,85.7547090585774,2.35561895,122.11888123,NA,34.6,4.80499500658986,TRUE,TRUE,TRUE,FALSE,FALSE,TRUE,TRUE,TRUE,TRUE,FALSE,FALSE,FALSE,FALSE,FALSE,FALSE,FALSE,FALSE
"AO71FL","bengo",21.85,13.54,126,8.6843139499301,41.7955049225738,"AGO",2015,0.86843139499301,8.20021383115933,57,1,30.5450917480272,41.1098445559807,4.43885008194866,2.78652643834982,42.3747139289607,40.2400869179066,34.0364226478947,21.5274000834622,4.55869792295048,21.7153709010027,19.4000093384014,16.3965968358431,64.1491944475463,34.7784427681951,2.29966879,107.52857208,NA,42,4.67775659904336,FALSE,FALSE,FALSE,FALSE,FALSE,FALSE,FALSE,FALSE,FALSE,FALSE,FALSE,FALSE,FALSE,FALSE,FALSE,FALSE,FALSE
"AO71FL","benguela",116.15,69.87,1168,10.1514915889101,61.5031768156568,"AGO",2015,1.01514915889101,8.20021383115933,57,1,32.8637705616515,47.0760594193374,4.28367662802244,2.71623076413031,47.7487339840163,42.0545274879138,26.0454322405035,20.1408762850352,3.9191216273484,32.9727692079517,18.7248810400687,47.1151721792317,48.9244673582043,34.0127807754098,2.29966879,107.52857208,NA,42,4.67775659904336,FALSE,FALSE,FALSE,FALSE,FALSE,FALSE,FALSE,FALSE,FALSE,FALSE,FALSE,FALSE,FALSE,FALSE,FALSE,FALSE,FALSE
"AO71FL","bie",78.27,57.8,661,25.9841434236365,40.5750754707304,"AGO",2015,2.59841434236365,8.20021383115933,57,1,16.3042067318022,17.2558610642866,2.61362016940675,1.94144083020618,25.9301819097934,39.4469919829702,43.325840798909,24.024840764103,5.64850698436439,31.0956470770079,18.0263736966072,49.7542968212557,66.4329962539936,4.62139828482209,2.29966879,107.52857208,NA,42,4.67775659904336,FALSE,FALSE,FALSE,FALSE,FALSE,FALSE,FALSE,FALSE,FALSE,FALSE,FALSE,FALSE,FALSE,FALSE,FALSE,FALSE,FALSE
"AO71FL","cabinda",35.78,21.06,230,20.8423335659145,77.5164709495216,"AGO",2015,2.08423335659145,8.20021383115933,57,1,62.3816909552902,83.2093733096213,6.63924934336985,3.60196021863851,65.5833271435473,47.2260099345266,18.5420551323471,13.5525265566268,3.70917762435143,18.5128094369513,18.9068883169945,79.90852586406,66.0068708337489,63.9572240194366,2.29966879,107.52857208,NA,42,4.67775659904336,FALSE,FALSE,FALSE,FALSE,FALSE,FALSE,FALSE,FALSE,FALSE,FALSE,FALSE,FALSE,FALSE,FALSE,FALSE,FALSE,FALSE
"AO71FL","cuandocubango",60.26,38.72,206,20.2260687694171,57.7037904997589,"AGO",2015,2.02260687694171,8.20021383115933,57,1,22.0443484166919,20.812137087914,2.78279179303748,2.41146918159695,42.5884128915304,41.1494129312662,37.8351249839174,25.5751664200035,7.00450860587711,24.9352833344775,18.5660261771543,35.1938171357367,40.8373057296348,31.7807625659664,2.29966879,107.52857208,NA,42,4.67775659904336,FALSE,FALSE,FALSE,FALSE,FALSE,FALSE,FALSE,FALSE,FALSE,FALSE,FALSE,FALSE,FALSE,FALSE,FALSE,FALSE,FALSE
"AO71FL","cuanzanorte",64.14,31.15,165,29.0644113581561,57.6497980450966,"AGO",2015,2.90644113581561,8.20021383115933,57,1,36.0900464503825,36.5638838939577,3.67224348011558,2.70455043949474,57.3927064908118,51.5241537633368,44.1101790350863,25.3247396944241,1.99469048227999,26.1626150252268,18.8168924413816,46.9842280298535,50.3527181364771,32.9003541168513,2.29966879,107.52857208,NA,42,4.67775659904336,FALSE,FALSE,FALSE,FALSE,FALSE,FALSE,FALSE,FALSE,FALSE,FALSE,FALSE,FALSE,FALSE,FALSE,FALSE,FALSE,FALSE
"AO71FL","cuanzasul",101.72,76.36,1014,22.640072759523,34.9557343789339,"AGO",2015,2.2640072759523,8.20021383115933,57,1,31.925620744681,20.1918577965276,2.38818849558623,2.07029164886506,37.1593876471581,28.6442585100893,42.7806771458886,28.4818860353493,4.84341496550108,32.5683717039849,18.345032134742,22.535534051851,27.8042220374239,20.090394796141,2.29966879,107.52857208,NA,42,4.67775659904336,FALSE,FALSE,FALSE,FALSE,FALSE,FALSE,FALSE,FALSE,FALSE,FALSE,FALSE,FALSE,FALSE,FALSE,FALSE,FALSE,FALSE
"AO71FL","cunene",59.82,41.09,447,6.77245896367257,25.4083520358798,"AGO",2015,0.677245896367257,8.20021383115933,57,1,58.0093106124864,25.6346537811479,4.04257524930445,1.80478488797233,59.1200637643639,61.6829706769137,28.9195411461977,31.7454302990807,7.17879089674749,29.2964582983296,19.3012108125515,41.6796014468626,17.4263778337041,18.7086045167502,2.29966879,107.52857208,NA,42,4.67775659904336,FALSE,FALSE,FALSE,FALSE,FALSE,FALSE,FALSE,FALSE,FALSE,FALSE,FALSE,FALSE,FALSE,FALSE,FALSE,FALSE,FALSE
"AO71FL","huambo",78.74,42.39,989,4.59935550083992,43.8645786558982,"AGO",2015,0.459935550083992,8.20021383115933,57,1,43.4413967419814,37.0217551624219,3.88598558967391,2.38990123759091,66.2610890114604,55.9776775552506,38.1222431387578,25.7326827510672,5.40558301384295,29.892034366042,18.3286729401396,47.9301506978036,76.3965883500641,20.9820375018654,2.29966879,107.52857208,NA,42,4.67775659904336,FALSE,FALSE,FALSE,FALSE,FALSE,FALSE,FALSE,FALSE,FALSE,FALSE,FALSE,FALSE,FALSE,FALSE,FALSE,FALSE,FALSE
"AO71FL","huila",97.64,60.79,1157,5.97286551193955,30.2648382778929,"AGO",2015,0.597286551193955,8.20021383115933,57,1,33.6028195646486,30.4016207696124,3.82663781869019,2.09956983513221,48.1162586862693,52.4706912282717,36.5384898459921,31.7980039011178,3.4958933623098,35.3604577085116,18.3217907089293,38.1116298331609,31.19707939485,32.6721250549279,2.29966879,107.52857208,NA,42,4.67775659904336,FALSE,FALSE,FALSE,FALSE,FALSE,FALSE,FALSE,FALSE,FALSE,FALSE,FALSE,FALSE,FALSE,FALSE,FALSE,FALSE,FALSE
"AO71FL","luanda",42.61,26.03,3557,7.88567715973098,96.8271323744512,"AGO",2015,0.788567715973098,8.20021383115933,57,1,55.7473953098943,70.7309924037902,7.17517486860016,4.22441002187548,76.9748634083319,38.4133046330634,23.5025663939955,16.4380910751185,3.32927002737869,25.2541283942362,19.0983477382583,49.6683422018902,92.3008326210212,77.9387994643649,2.29966879,107.52857208,NA,42,4.67775659904336,FALSE,FALSE,FALSE,FALSE,FALSE,FALSE,FALSE,FALSE,FALSE,FALSE,FALSE,FALSE,FALSE,FALSE,FALSE,FALSE,FALSE
"AO71FL","lundanorte",67.44,47.95,353,22.5755180991572,67.4325308968438,"AGO",2015,2.25755180991572,8.20021383115933,57,1,31.5421957133484,42.0317789953407,2.75164373018844,2.4203161104709,34.1549870639622,26.0092360530809,31.039893675036,22.9203059897478,5.72300108238877,30.1022095511182,18.8089456653157,33.4080988309709,51.9183059122929,28.1948257194951,2.29966879,107.52857208,NA,42,4.67775659904336,FALSE,FALSE,FALSE,FALSE,FALSE,FALSE,FALSE,FALSE,FALSE,FALSE,FALSE,FALSE,FALSE,FALSE,FALSE,FALSE,FALSE
"AO71FL","lundasul",57.55,46.33,239,19.2638545445957,73.9675369556438,"AGO",2015,1.92638545445957,8.20021383115933,57,1,39.9140966858447,44.1782684290107,3.70867771484676,2.69442719987686,49.4969929966477,19.3814384275682,36.8140390950087,21.0106711585217,2.83470998974878,32.4308656196375,18.3124602423139,23.499295222518,47.1023310809216,24.4796964548471,2.29966879,107.52857208,NA,42,4.67775659904336,FALSE,FALSE,FALSE,FALSE,FALSE,FALSE,FALSE,FALSE,FALSE,FALSE,FALSE,FALSE,FALSE,FALSE,FALSE,FALSE,FALSE
"AO71FL","malanje",52.23,34.84,481,19.2576875068855,55.5365411295464,"AGO",2015,1.92576875068855,8.20021383115933,57,1,44.4423207191922,30.4659987200229,3.59188683065625,2.7588326035702,69.5985474179841,31.9175899863854,26.9934863852146,22.7099880346343,6.16359985151428,30.4117700247379,17.8601529835342,49.4500054551654,58.073168798375,37.9933708322723,2.29966879,107.52857208,NA,42,4.67775659904336,FALSE,FALSE,FALSE,FALSE,FALSE,FALSE,FALSE,FALSE,FALSE,FALSE,FALSE,FALSE,FALSE,FALSE,FALSE,FALSE,FALSE
"AO71FL","moxico",18.63,13.85,232,32.2776548471668,52.4494494776207,"AGO",2015,3.22776548471668,8.20021383115933,57,1,12.9038471597736,24.548100985315,2.9147979745085,2.25222591646007,24.8094463443391,20.7143334726176,31.1145675735249,26.0762634314909,3.53448011604006,27.729388800565,19.6264886320169,18.1044425481317,38.0558722697519,20.7463471932396,2.29966879,107.52857208,NA,42,4.67775659904336,FALSE,FALSE,FALSE,FALSE,FALSE,FALSE,FALSE,FALSE,FALSE,FALSE,FALSE,FALSE,FALSE,FALSE,FALSE,FALSE,FALSE
"AO71FL","namibe",66.34,44.98,155,5.78929664733694,63.4262913303378,"AGO",2015,0.578929664733694,8.20021383115933,57,1,40.6794613135142,52.0531314922667,4.93516850215838,2.90122308794911,54.802879011508,62.6102688687866,29.1627615179567,17.6646835950195,3.18863471485523,29.2658449294134,18.5034746034106,53.303459882763,40.5203433316858,48.8013725249818,2.29966879,107.52857208,NA,42,4.67775659904336,FALSE,FALSE,FALSE,FALSE,FALSE,FALSE,FALSE,FALSE,FALSE,FALSE,FALSE,FALSE,FALSE,FALSE,FALSE,FALSE,FALSE
"AO71FL","uige",61.55,43.5,698,18.0921795220523,33.2735313954845,"AGO",2015,1.80921795220523,8.20021383115933,57,1,28.5546136492946,40.234908515439,3.3079869532272,2.17870596032712,41.8468370018995,19.8537400957686,31.9274932947554,25.1104802723586,5.26927833108441,29.2885371150689,19.7758634247963,26.6702876302488,57.2003199867132,22.0472052656265,2.29966879,107.52857208,NA,42,4.67775659904336,FALSE,FALSE,FALSE,FALSE,FALSE,FALSE,FALSE,FALSE,FALSE,FALSE,FALSE,FALSE,FALSE,FALSE,FALSE,FALSE,FALSE
"AO71FL","zaire",53.24,33.14,250,19.7722014882068,71.0483069175164,"AGO",2015,1.97722014882068,8.20021383115933,57,1,57.2411498273303,85.4802060822494,5.96577059832855,2.91717526636999,70.6489346311927,48.4801251821549,19.3703090849207,21.3106580695135,3.70310940524223,18.7999874103883,18.680714998503,32.3978726287291,74.7070475172113,36.7393220477187,2.29966879,107.52857208,NA,42,4.67775659904336,FALSE,FALSE,FALSE,FALSE,FALSE,FALSE,FALSE,FALSE,FALSE,FALSE,FALSE,FALSE,FALSE,FALSE,FALSE,FALSE,FALSE
"AO81FL","bengo",19.75,15.78,181,15.3172708651532,29.1440866467178,"AGO",2023,1.53172708651532,7.96745814969305,66,9,36.4724407295972,52.3565773578555,5.96618428070034,2.58201109444504,49.8243949305664,23.8272447028454,31.5210304341401,23.4725733769254,4.23890977514944,20.4198170971837,18.6937692625613,41.0437659401116,49.546283555726,38.4976276425985,2.54692864,76.07118225,NA,51.1,4.33166951049486,FALSE,FALSE,FALSE,FALSE,FALSE,FALSE,TRUE,TRUE,TRUE,FALSE,FALSE,FALSE,FALSE,FALSE,FALSE,FALSE,FALSE
"AO81FL","benguela",98.61,61.69,775,28.2745960065671,66.043575062699,"AGO",2023,2.82745960065671,7.96745814969305,66,9,50.5380812059902,49.9698225276424,6.6018096796807,3.08349289970377,48.5764633686094,45.2790007500971,31.5210304341401,23.4725733769254,4.23890977514944,23.5034339596031,19.1563718977902,68.6216841155874,60.9458168532511,48.4602717021054,2.54692864,76.07118225,NA,51.1,4.33166951049486,FALSE,FALSE,FALSE,FALSE,FALSE,FALSE,TRUE,TRUE,TRUE,FALSE,FALSE,FALSE,FALSE,FALSE,FALSE,FALSE,FALSE
"AO81FL","bie",46.66,32.07,661,28.4529715472114,33.9825049970421,"AGO",2023,2.84529715472114,7.96745814969305,66,9,25.7151806330342,21.8128874124913,4.00746193143943,2.0441067182952,35.085309566397,38.3285434693744,31.5210304341401,23.4725733769254,4.23890977514944,28.4221069674779,18.1396735315516,47.6651939045447,33.3838839995321,22.8017415796795,2.54692864,76.07118225,NA,51.1,4.33166951049486,FALSE,FALSE,FALSE,FALSE,FALSE,FALSE,TRUE,TRUE,TRUE,FALSE,FALSE,FALSE,FALSE,FALSE,FALSE,FALSE,FALSE
"AO81FL","cabinda",52.75,43.81,235,27.9566506239455,76.4470045112338,"AGO",2023,2.79566506239455,7.96745814969305,66,9,83.9709844917583,85.1733926854879,7.32626732950972,3.93429851292859,80.9252811460393,16.8314549618582,31.5210304341401,23.4725733769254,4.23890977514944,16.3169150913583,18.7413036931815,85.1157160984269,92.7630971649135,85.4125538810247,2.54692864,76.07118225,NA,51.1,4.33166951049486,FALSE,FALSE,FALSE,FALSE,FALSE,FALSE,TRUE,TRUE,TRUE,FALSE,FALSE,FALSE,FALSE,FALSE,FALSE,FALSE,FALSE
"AO81FL","cuandocubango",66.67,46.37,204,21.263534271587,53.5993002245026,"AGO",2023,2.1263534271587,7.96745814969305,66,9,35.3279963623729,26.7652397558654,5.09770553129444,2.44413919656073,42.7201556662941,18.0921518262607,31.5210304341401,23.4725733769254,4.23890977514944,21.6243136550805,17.6444074236127,51.7429924705949,54.0322923485629,36.2648848716146,2.54692864,76.07118225,NA,51.1,4.33166951049486,FALSE,FALSE,FALSE,FALSE,FALSE,FALSE,TRUE,TRUE,TRUE,FALSE,FALSE,FALSE,FALSE,FALSE,FALSE,FALSE,FALSE
"AO81FL","cunene",63.79,44.35,342,20.1971825326909,33.2237255941933,"AGO",2023,2.01971825326909,7.96745814969305,66,9,57.8174892420699,51.7380973688457,4.83153309909193,2.15960244938669,49.1838289007414,47.4106629107343,31.5210304341401,23.4725733769254,4.23890977514944,30.3005845452683,19.2751964058813,65.5101111562265,28.481375194954,29.3949998351058,2.54692864,76.07118225,NA,51.1,4.33166951049486,FALSE,FALSE,FALSE,FALSE,FALSE,FALSE,TRUE,TRUE,TRUE,FALSE,FALSE,FALSE,FALSE,FALSE,FALSE,FALSE,FALSE
"AO81FL","huambo",104.51,84.6,890,34.1816615515045,41.5867815143049,"AGO",2023,3.41816615515045,7.96745814969305,66,9,27.2008666119214,34.0624553208313,4.78999177094122,2.44252581927944,35.9234598777736,31.2937246555385,31.5210304341401,23.4725733769254,4.23890977514944,30.2485954269284,18.0307336824092,45.1144703087201,84.5828587391081,33.351050021429,2.54692864,76.07118225,NA,51.1,4.33166951049486,FALSE,FALSE,FALSE,FALSE,FALSE,FALSE,TRUE,TRUE,TRUE,FALSE,FALSE,FALSE,FALSE,FALSE,FALSE,FALSE,FALSE
"AO81FL","huila",30.22,16,751,27.3110479937611,41.7862853987937,"AGO",2023,2.73110479937611,7.96745814969305,66,9,25.4249534846815,25.9518951785254,4.74152732781479,2.26750742405799,27.0523682744333,45.4529939861537,31.5210304341401,23.4725733769254,4.23890977514944,27.957956485834,19.8150367543972,63.3138765104964,45.3021695637886,37.790995079117,2.54692864,76.07118225,NA,51.1,4.33166951049486,FALSE,FALSE,FALSE,FALSE,FALSE,FALSE,TRUE,TRUE,TRUE,FALSE,FALSE,FALSE,FALSE,FALSE,FALSE,FALSE,FALSE
"AO81FL","luanda",38.52,26.51,2220,9.15256230592339,93.6310028125004,"AGO",2023,0.915256230592339,7.96745814969305,66,9,64.438132439701,78.6098279660302,9.02157998541731,4.1879047521853,78.9174404078966,48.555510961917,31.5210304341401,23.4725733769254,4.23890977514944,22.3471181950152,19.8280821243483,74.4851592426388,96.5359039382782,92.7782376103081,2.54692864,76.07118225,NA,51.1,4.33166951049486,FALSE,FALSE,FALSE,FALSE,FALSE,FALSE,TRUE,TRUE,TRUE,FALSE,FALSE,FALSE,FALSE,FALSE,FALSE,FALSE,FALSE
"AO81FL","malanje",10.01,1.19,417,36.8088810996339,44.3512341558723,"AGO",2023,3.68088810996339,7.96745814969305,66,9,33.1374485155378,38.2996731568678,3.99935536189573,2.3846759070587,33.0012237236328,14.9208737484332,31.5210304341401,23.4725733769254,4.23890977514944,25.1460132322064,18.4220015572328,58.5420702005102,45.2715984112287,36.7287431731708,2.54692864,76.07118225,NA,51.1,4.33166951049486,FALSE,FALSE,FALSE,FALSE,FALSE,FALSE,TRUE,TRUE,TRUE,FALSE,FALSE,FALSE,FALSE,FALSE,FALSE,FALSE,FALSE
"AO81FL","moxico",32.84,22.78,289,22.8252761394997,48.7486705698259,"AGO",2023,2.28252761394997,7.96745814969305,66,9,10.8383958120158,35.9093023093978,3.52976736544786,2.23897016229983,12.9507235212715,27.0557237063379,31.5210304341401,23.4725733769254,4.23890977514944,25.0006671082172,18.5349971854699,46.0016560600654,43.3212795819333,31.9012887749817,2.54692864,76.07118225,NA,51.1,4.33166951049486,FALSE,FALSE,FALSE,FALSE,FALSE,FALSE,TRUE,TRUE,TRUE,FALSE,FALSE,FALSE,FALSE,FALSE,FALSE,FALSE,FALSE
"AO81FL","namibe",25.31,21.04,159,13.3586100125455,63.1676664061119,"AGO",2023,1.33586100125455,7.96745814969305,66,9,35.8342775898142,51.725283905259,5.65105843948234,3.03205417527305,49.7151284777565,55.5190489899388,31.5210304341401,23.4725733769254,4.23890977514944,26.4374925812179,19.0287352697178,70.5840786145187,51.5111737778427,58.5047008410653,2.54692864,76.07118225,NA,51.1,4.33166951049486,FALSE,FALSE,FALSE,FALSE,FALSE,FALSE,TRUE,TRUE,TRUE,FALSE,FALSE,FALSE,FALSE,FALSE,FALSE,FALSE,FALSE
"AO81FL","uige",54.21,32.35,599,40.8834699017843,33.3983361779195,"AGO",2023,4.08834699017843,7.96745814969305,66,9,62.0011578566352,42.7959597394216,5.19012539659641,2.29723689172789,61.0940783144858,28.6619614220241,31.5210304341401,23.4725733769254,4.23890977514944,28.8884214480425,18.67675421702,34.3159539102075,58.1969499331041,25.0092319157938,2.54692864,76.07118225,NA,51.1,4.33166951049486,FALSE,FALSE,FALSE,FALSE,FALSE,FALSE,TRUE,TRUE,TRUE,FALSE,FALSE,FALSE,FALSE,FALSE,FALSE,FALSE,FALSE
"AO81FL","zaire",28.57,25.96,105,41.7168580753884,52.7705524778775,"AGO",2023,4.17168580753884,7.96745814969305,66,9,60.0191970127487,73.6480630799949,6.75817313342793,3.01574485207082,60.1426472444478,40.7405588902118,31.5210304341401,23.4725733769254,4.23890977514944,16.6979155527235,19.746066401393,52.6349495297348,57.1660885385074,67.4855617486971,2.54692864,76.07118225,NA,51.1,4.33166951049486,FALSE,FALSE,FALSE,FALSE,FALSE,FALSE,TRUE,TRUE,TRUE,FALSE,FALSE,FALSE,FALSE,FALSE,FALSE,FALSE,FALSE
"BF62FL","cascades",127.71,99.33,587,66.2628469278618,23.4159106612637,"BFA",2010,6.62628469278618,6.43768325095688,91,-4,75.3655868350711,76.7308104265856,1.19861615112064,3.5295797833513,91.3808301295968,41.3101664347984,33.4319905286652,25.1622032715029,10.9292325932483,21.6301467610419,18.7892966157507,91.1791622179625,36.6124103123177,8.700724035534,5.28967237,33.05819321,NA,13.1,3.49826943905428,FALSE,FALSE,FALSE,FALSE,FALSE,FALSE,FALSE,FALSE,FALSE,FALSE,FALSE,FALSE,FALSE,FALSE,FALSE,FALSE,FALSE
"BF62FL","centre",79.08,60.58,1265,36.0325061227408,77.7704541725577,"BFA",2010,3.60325061227408,6.43768325095688,91,-4,88.7930972881778,97.0524898305106,3.99733525681756,4.5784721583781,94.3700862598731,18.8453541638448,16.0424144664579,19.5627596840989,12.1156359341745,16.3984383206112,20.1656604925391,96.7538462291014,84.3644306521613,43.0581495642756,5.28967237,33.05819321,NA,13.1,3.49826943905428,FALSE,FALSE,FALSE,FALSE,FALSE,FALSE,FALSE,FALSE,FALSE,FALSE,FALSE,FALSE,FALSE,FALSE,FALSE,FALSE,FALSE
"BF62FL","centreest",74.81,53.76,1121,69.4405443637524,14.4309020168162,"BFA",2010,6.94405443637524,6.43768325095688,91,-4,98.1416221834024,84.1288440156991,0.761011792308521,3.13140623079124,95.1934144318514,27.6640615952292,31.3536959419221,34.2425395008225,18.159568014234,16.2755736117579,19.4271153339097,87.4781195505376,17.2810072041248,6.09650128377727,5.28967237,33.05819321,NA,13.1,3.49826943905428,FALSE,FALSE,FALSE,FALSE,FALSE,FALSE,FALSE,FALSE,FALSE,FALSE,FALSE,FALSE,FALSE,FALSE,FALSE,FALSE,FALSE
"BF62FL","centrenord",101.24,84.62,1169,69.320832714056,6.19449373640913,"BFA",2010,6.9320832714056,6.43768325095688,91,-4,97.7987152287135,69.8631556172478,0.479836882880049,2.70980957580066,95.2215843821055,22.2381733689932,25.1408500616832,27.9436088949955,21.980819843694,18.2447550131725,19.3462921740062,86.1553817174834,21.8455541540075,3.06456637325342,5.28967237,33.05819321,NA,13.1,3.49826943905428,FALSE,FALSE,FALSE,FALSE,FALSE,FALSE,FALSE,FALSE,FALSE,FALSE,FALSE,FALSE,FALSE,FALSE,FALSE,FALSE,FALSE
"BF62FL","centreouest",119.81,87.53,1212,76.4856020978722,10.5804932834558,"BFA",2010,7.64856020978722,6.43768325095688,91,-4,91.2495152727052,59.65055115984,0.910719497430243,2.76315993926715,85.9007950547316,10.4605940280221,29.8796334690544,31.6849775647424,10.8000414628037,18.2520993926153,19.1960544473682,66.8990261036829,20.1320765863946,5.96448237689203,5.28967237,33.05819321,NA,13.1,3.49826943905428,FALSE,FALSE,FALSE,FALSE,FALSE,FALSE,FALSE,FALSE,FALSE,FALSE,FALSE,FALSE,FALSE,FALSE,FALSE,FALSE,FALSE
"BF62FL","centresud",112.68,82.19,683,73.8797090591851,8.65969844913252,"BFA",2010,7.38797090591851,6.43768325095688,91,-4,96.7006570606313,85.3152449705317,0.827239271505197,2.81015951112673,94.9938982128897,15.5707305905215,27.9086880594883,24.4479692825886,14.5441733158514,19.6644645406771,18.9391415812926,84.6115121095646,14.0820916908076,3.42269790908459,5.28967237,33.05819321,NA,13.1,3.49826943905428,FALSE,FALSE,FALSE,FALSE,FALSE,FALSE,FALSE,FALSE,FALSE,FALSE,FALSE,FALSE,FALSE,FALSE,FALSE,FALSE,FALSE
"BF62FL","est",159.63,116.27,1687,75.5750602771903,4.99788475187764,"BFA",2010,7.55750602771903,6.43768325095688,91,-4,82.1309862392151,51.2400564168841,0.375613003016937,2.13538592381922,74.0608269165135,39.6180770414579,37.5236707061882,39.0932323248524,15.2432951035422,27.934375747697,18.066229006599,65.3178867514063,5.01828515288134,3.13194513953725,5.28967237,33.05819321,NA,13.1,3.49826943905428,FALSE,FALSE,FALSE,FALSE,FALSE,FALSE,FALSE,FALSE,FALSE,FALSE,FALSE,FALSE,FALSE,FALSE,FALSE,FALSE,FALSE
"BF62FL","nord",132.5,108.54,1151,64.3212842577497,8.73055604449096,"BFA",2010,6.43212842577497,6.43768325095688,91,-4,92.9648701484837,61.848484499921,0.652846092327453,2.93833327655382,89.4695927643028,18.2673317143368,31.3868503574808,33.3480512746331,15.8695408707863,23.4782315094436,19.02610367932,69.7264903772645,31.2696727536095,7.81766111493742,5.28967237,33.05819321,NA,13.1,3.49826943905428,FALSE,FALSE,FALSE,FALSE,FALSE,FALSE,FALSE,FALSE,FALSE,FALSE,FALSE,FALSE,FALSE,FALSE,FALSE,FALSE,FALSE
"BF62FL","plateaucentral",123.65,95.77,709,62.8038568181943,6.41693984568872,"BFA",2010,6.28038568181943,6.43768325095688,91,-4,91.5851008160606,81.4785657988874,0.646487216972309,3.00136051850292,95.4597000357251,17.9670186275234,32.5685103033215,29.3734462741011,11.3957077399267,17.8689837877796,19.2893730254438,93.5585386765391,34.0406565872798,2.98965617168414,5.28967237,33.05819321,NA,13.1,3.49826943905428,FALSE,FALSE,FALSE,FALSE,FALSE,FALSE,FALSE,FALSE,FALSE,FALSE,FALSE,FALSE,FALSE,FALSE,FALSE,FALSE,FALSE
"BF62FL","sahel",207.58,172.84,1412,75.1773424882967,4.07558296742974,"BFA",2010,7.51773424882967,6.43768325095688,91,-4,73.9859713456592,35.3627992744557,0.280183387279481,1.86010492983561,70.3689735029669,14.6642165179463,40.1295121196788,42.7630922594566,17.9468381173273,28.371407944103,18.2629491741553,59.3797771272031,7.84861725949791,1.867047534951,5.28967237,33.05819321,NA,13.1,3.49826943905428,FALSE,FALSE,FALSE,FALSE,FALSE,FALSE,FALSE,FALSE,FALSE,FALSE,FALSE,FALSE,FALSE,FALSE,FALSE,FALSE,FALSE
"BF62FL","sudouest",193.02,149.41,710,80.744019608043,7.15591675827944,"BFA",2010,8.0744019608043,6.43768325095688,91,-4,89.2993349117142,42.4695318484486,0.587882283933899,2.14879168893823,84.3021228705299,7.25517658974383,33.4550394720004,28.2144822555568,9.22489483070753,22.2042519017738,18.729221150536,52.2219442505558,10.9377883471871,6.21626094414626,5.28967237,33.05819321,NA,13.1,3.49826943905428,FALSE,FALSE,FALSE,FALSE,FALSE,FALSE,FALSE,FALSE,FALSE,FALSE,FALSE,FALSE,FALSE,FALSE,FALSE,FALSE,FALSE
"BF81FL","boucledumouhoun",47.15,28.64,1282,18.244281302319,7.34581408275699,"BFA",2021,1.8244281302319,6.79742162713752,91,7,84.4122465220774,97.0234004051262,1.44277833332465,2.51210631218135,89.6260652485923,78.8870481948662,31.3868503574808,29.3734462741011,14.5441733158514,20.3179519854129,19.2631544619067,50.640046946134,55.6092564750686,10.5417491870822,7.08691931,63.59171295,NA,19,4.15248316232805,FALSE,FALSE,FALSE,FALSE,FALSE,FALSE,TRUE,TRUE,TRUE,FALSE,FALSE,FALSE,FALSE,FALSE,FALSE,FALSE,FALSE
"BF81FL","cascades",76.4,37.73,388,21.6001038076989,20.2085750694819,"BFA",2021,2.16001038076989,6.79742162713752,91,7,95.5753596933157,96.2672544809231,2.33401586189729,3.72731866858838,92.9252537471757,59.4931379773566,31.3868503574808,29.3734462741011,14.5441733158514,22.5055843610316,19.2237732203177,93.019725557742,81.6556194342097,42.8747847427305,7.08691931,63.59171295,NA,19,4.15248316232805,FALSE,FALSE,FALSE,FALSE,FALSE,FALSE,TRUE,TRUE,TRUE,FALSE,FALSE,FALSE,FALSE,FALSE,FALSE,FALSE,FALSE
"BF81FL","centre",27.15,14.73,1746,20.1443449594937,72.7834653619537,"BFA",2021,2.01443449594937,6.79742162713752,91,7,91.2837083764632,99.0540534948164,4.96391397549285,4.4686671764963,84.4775489835771,32.013081368599,31.3868503574808,29.3734462741011,14.5441733158514,13.0256685986898,20.8709057478788,95.353778118077,91.7119214250221,40.2919239732104,7.08691931,63.59171295,NA,19,4.15248316232805,FALSE,FALSE,FALSE,FALSE,FALSE,FALSE,TRUE,TRUE,TRUE,FALSE,FALSE,FALSE,FALSE,FALSE,FALSE,FALSE,FALSE
"BF81FL","centreest",54.04,35.8,1319,21.1633945751918,18.174046558603,"BFA",2021,2.11633945751918,6.79742162713752,91,7,92.0808361005295,98.3031311252526,1.55341530819283,2.984459136112,89.4782192675674,73.1219954521802,31.3868503574808,29.3734462741011,14.5441733158514,15.4369869353758,19.3005228053381,92.8912391756673,54.0650678087295,9.45456465676056,7.08691931,63.59171295,NA,19,4.15248316232805,FALSE,FALSE,FALSE,FALSE,FALSE,FALSE,TRUE,TRUE,TRUE,FALSE,FALSE,FALSE,FALSE,FALSE,FALSE,FALSE,FALSE
"BF81FL","centrenord",53.44,32.12,1227,25.6305307975309,9.62512364465508,"BFA",2021,2.56305307975309,6.79742162713752,91,7,84.2800753005708,93.3866739599913,1.3126915586072,2.38109463865821,77.2786704402813,71.9966468347399,31.3868503574808,29.3734462741011,14.5441733158514,18.8655593651939,19.1730986070319,86.8763522346374,50.1355907635804,13.2372552601637,7.08691931,63.59171295,NA,19,4.15248316232805,FALSE,FALSE,FALSE,FALSE,FALSE,FALSE,TRUE,TRUE,TRUE,FALSE,FALSE,FALSE,FALSE,FALSE,FALSE,FALSE,FALSE
"BF81FL","centreouest",37.2,28.62,1264,31.1164040837524,10.8229417538028,"BFA",2021,3.11164040837524,6.79742162713752,91,7,93.0627560260926,94.2582911094233,1.90213349440335,2.65987133493889,88.0742797617833,36.1051988904315,31.3868503574808,29.3734462741011,14.5441733158514,22.578404277602,19.4665616425386,65.7473677513464,49.2954067993275,10.5379766875809,7.08691931,63.59171295,NA,19,4.15248316232805,FALSE,FALSE,FALSE,FALSE,FALSE,FALSE,TRUE,TRUE,TRUE,FALSE,FALSE,FALSE,FALSE,FALSE,FALSE,FALSE,FALSE
"BF81FL","centresud",47.26,29.06,495,27.9012264532273,7.97635017079443,"BFA",2021,2.79012264532274,6.79742162713752,91,7,96.4712349089173,95.718386468305,1.86690834644058,2.77300977960948,89.978723408612,27.7884525274851,31.3868503574808,29.3734462741011,14.5441733158514,12.5662710991027,19.3524510556137,96.8228850364172,46.2092966896758,12.5752316858077,7.08691931,63.59171295,NA,19,4.15248316232805,FALSE,FALSE,FALSE,FALSE,FALSE,FALSE,TRUE,TRUE,TRUE,FALSE,FALSE,FALSE,FALSE,FALSE,FALSE,FALSE,FALSE
"BF81FL","est",48.02,34.61,972,34.2431980590806,9.12525740445631,"BFA",2021,3.42431980590806,6.79742162713752,91,7,85.734429145204,90.8861407329405,1.34257391365592,1.91450338069047,77.9874919609259,73.7945499096164,31.3868503574808,29.3734462741011,14.5441733158514,23.7955066393962,19.0391524052251,87.3817077861848,35.003773458309,6.07576377488488,7.08691931,63.59171295,NA,19,4.15248316232805,FALSE,FALSE,FALSE,FALSE,FALSE,FALSE,TRUE,TRUE,TRUE,FALSE,FALSE,FALSE,FALSE,FALSE,FALSE,FALSE,FALSE
"BF81FL","hautsbassins",50.7,30,1188,19.9922641211867,37.7970132107678,"BFA",2021,1.99922641211867,6.79742162713752,91,7,85.8289033189311,95.8410121075906,2.57454383927476,3.76179552009898,81.4049910647159,60.8504555985604,31.3868503574808,29.3734462741011,14.5441733158514,19.2817600210187,19.3178212912047,78.6757325853801,77.5145233240636,42.0706733712843,7.08691931,63.59171295,NA,19,4.15248316232805,FALSE,FALSE,FALSE,FALSE,FALSE,FALSE,TRUE,TRUE,TRUE,FALSE,FALSE,FALSE,FALSE,FALSE,FALSE,FALSE,FALSE
"BF81FL","nord",38.59,25.42,792,21.3821379512942,15.731338543788,"BFA",2021,2.13821379512942,6.79742162713752,91,7,87.8275786211793,97.2141200760707,1.68857973615881,2.68440552700828,81.8424088457578,55.45230763734,31.3868503574808,29.3734462741011,14.5441733158514,20.3910591828225,19.3364489716382,63.4750136788618,55.8585737361056,16.2693436161759,7.08691931,63.59171295,NA,19,4.15248316232805,FALSE,FALSE,FALSE,FALSE,FALSE,FALSE,TRUE,TRUE,TRUE,FALSE,FALSE,FALSE,FALSE,FALSE,FALSE,FALSE,FALSE
"BF81FL","plateaucentral",37.92,14.31,776,25.4280278093875,8.05931852867085,"BFA",2021,2.54280278093875,6.79742162713752,91,7,95.695705790069,96.5618446285117,1.75669026566262,2.75579657020171,91.391701020003,56.5102992145712,31.3868503574808,29.3734462741011,14.5441733158514,16.8732307678125,19.2486190079817,94.6706404755,58.0077736808426,9.16942201244324,7.08691931,63.59171295,NA,19,4.15248316232805,FALSE,FALSE,FALSE,FALSE,FALSE,FALSE,TRUE,TRUE,TRUE,FALSE,FALSE,FALSE,FALSE,FALSE,FALSE,FALSE,FALSE
"BF81FL","sahel",92.92,68.91,386,25.0606543640013,17.6998672299326,"BFA",2021,2.50606543640013,6.79742162713752,91,7,68.1189732349793,42.2617244511992,1.14746717008924,1.84616091989641,77.909524669146,39.0167324114776,31.3868503574808,29.3734462741011,14.5441733158514,25.1770819546226,18.7291862911111,79.4911045209821,45.6491762834758,15.652958623389,7.08691931,63.59171295,NA,19,4.15248316232805,FALSE,FALSE,FALSE,FALSE,FALSE,FALSE,TRUE,TRUE,TRUE,FALSE,FALSE,FALSE,FALSE,FALSE,FALSE,FALSE,FALSE
"BF81FL","sudouest",94.34,65.3,474,27.981303673041,9.42592204530959,"BFA",2021,2.7981303673041,6.79742162713752,91,7,92.2016903108348,87.381582919694,1.59396602658914,2.39380880009187,83.086902361033,48.9253945479958,31.3868503574808,29.3734462741011,14.5441733158514,26.4805887268423,18.8019325746875,76.511318423559,35.9430034919949,5.5425971732508,7.08691931,63.59171295,NA,19,4.15248316232805,FALSE,FALSE,FALSE,FALSE,FALSE,FALSE,TRUE,TRUE,TRUE,FALSE,FALSE,FALSE,FALSE,FALSE,FALSE,FALSE,FALSE
"BJ41FL","atlantique",128.69,88.14,936,47.4196797370046,52.0347751048996,"BEN",2001,4.74196797370046,6.19929443961247,76,-13,73.8722302062121,87.6413197272198,3.15830938305173,2.81729028429642,72.2485668726282,100,27.7026673296314,18.008021010884,5.02570385358524,21.9839726469041,20.1583733868343,78.4266600462125,55.7981636299165,46.8297034169259,3.30417323,16.26979828,NA,21.9,2.78931052287505,FALSE,FALSE,FALSE,FALSE,TRUE,FALSE,FALSE,FALSE,FALSE,FALSE,FALSE,FALSE,FALSE,FALSE,FALSE,FALSE,FALSE
"BJ51FL","alibori",141.49,104.74,1477,55.174683703866,17.9891591736328,"BEN",2006,5.5174683703866,6.69598069596985,74,-8,55.2095816521997,41.7370116862988,0.385933964949774,2.52009437797933,54.8767258065963,62.3667544158174,58.7288923245585,35.8006641106414,9.5470438418328,33.2118737087589,17.651590566261,59.0972874621212,10.3982106159343,0,3.28773856,26.60264206,NA,27.9,3.28101053641911,FALSE,FALSE,FALSE,FALSE,FALSE,FALSE,FALSE,FALSE,FALSE,FALSE,FALSE,FALSE,FALSE,FALSE,FALSE,FALSE,FALSE
"BJ51FL","atacora",161.5,127.55,1209,74.8087040374884,39.7666336133199,"BEN",2006,7.48087040374884,6.69598069596985,74,-8,67.9074052846372,49.5030427312565,0.748666668531477,1.95378731879312,64.7994943829144,45.5808725269005,33.1451600030904,33.8213704768129,15.2197217389183,29.352269902293,18.6061691068178,46.0771921827504,9.23004830119617,0,3.28773856,26.60264206,NA,27.9,3.28101053641911,FALSE,FALSE,FALSE,FALSE,FALSE,FALSE,FALSE,FALSE,FALSE,FALSE,FALSE,FALSE,FALSE,FALSE,FALSE,FALSE,FALSE
"BJ51FL","atlantique",111.14,83.94,1625,40.5806930125752,30.3522846654581,"BEN",2006,4.05806930125752,6.69598069596985,74,-8,66.0320022292309,96.8733047198596,1.83194132777261,3.20668096160515,59.9341409720108,41.7846811448209,35.0734924270011,23.4959593667233,7.76341346389387,19.4351943648392,19.8329698693786,70.2243156770599,41.1313852713955,0,3.28773856,26.60264206,NA,27.9,3.28101053641911,FALSE,FALSE,FALSE,FALSE,FALSE,FALSE,FALSE,FALSE,FALSE,FALSE,FALSE,FALSE,FALSE,FALSE,FALSE,FALSE,FALSE
"BJ51FL","borgou",112,76.76,1620,65.1936020831905,42.7657743949536,"BEN",2006,6.51936020831905,6.69598069596985,74,-8,56.5546380952417,53.4671926392317,0.963289597035925,2.89433958856462,61.721163858538,45.2945306653787,42.6506543421647,23.7205174497332,8.30753103738535,28.911269642161,18.5813856513549,68.43233146073,27.0544937915719,0,3.28773856,26.60264206,NA,27.9,3.28101053641911,FALSE,FALSE,FALSE,FALSE,FALSE,FALSE,FALSE,FALSE,FALSE,FALSE,FALSE,FALSE,FALSE,FALSE,FALSE,FALSE,FALSE
"BJ51FL","collines",142.76,112.49,1133,78.1994167669427,22.5571674996105,"BEN",2006,7.81994167669427,6.69598069596985,74,-8,74.8678973674,84.6658519771747,1.40666060049324,2.81729028429642,74.2396643367464,34.8749699979044,37.176650867829,21.1735645272478,5.24715077878816,23.7468893836615,18.8187227520836,76.0394850885001,16.4197911578305,0,3.28773856,26.60264206,NA,27.9,3.28101053641911,FALSE,FALSE,FALSE,FALSE,FALSE,FALSE,FALSE,FALSE,FALSE,FALSE,FALSE,FALSE,FALSE,FALSE,FALSE,FALSE,FALSE
"BJ51FL","couffo",117.44,89.2,1310,82.6581073535522,20.1846014131344,"BEN",2006,8.26581073535522,6.69598069596985,74,-8,62.244942828407,70.5913689487571,0.673984034379706,2.66271334279021,54.0122599323463,60.7241997881562,30.6949545202075,19.5028177064194,3.56083059513166,19.5650332938573,19.2273992724728,67.7865542679813,25.8735974430641,0,3.28773856,26.60264206,NA,27.9,3.28101053641911,FALSE,FALSE,FALSE,FALSE,FALSE,FALSE,FALSE,FALSE,FALSE,FALSE,FALSE,FALSE,FALSE,FALSE,FALSE,FALSE,FALSE
"BJ51FL","donga",174.98,128.57,634,75.5135404791413,31.9530555982731,"BEN",2006,7.55135404791413,6.69598069596985,74,-8,76.4473778316333,68.4550286011335,0.989406220683222,2.95277084709372,64.8430072733115,52.335465214036,37.1746435116085,24.1593291127912,13.7506712519151,27.0898055937435,18.936383611573,41.7149258576521,23.2678002839431,0,3.28773856,26.60264206,NA,27.9,3.28101053641911,FALSE,FALSE,FALSE,FALSE,FALSE,FALSE,FALSE,FALSE,FALSE,FALSE,FALSE,FALSE,FALSE,FALSE,FALSE,FALSE,FALSE
"BJ51FL","littoral",68.81,43.44,927,22.9274895604401,100,"BEN",2006,2.29274895604401,6.69598069596985,74,-8,83.0923479246544,99.1366112912257,5.02198181270307,4.71947498603282,74.4566203872893,35.6703211432164,22.8221338899494,13.5563634382193,4.70711464893302,19.2166985232492,21.5088881006579,98.3181194392625,88.4054488608351,0,3.28773856,26.60264206,NA,27.9,3.28101053641911,FALSE,FALSE,FALSE,FALSE,FALSE,FALSE,FALSE,FALSE,FALSE,FALSE,FALSE,FALSE,FALSE,FALSE,FALSE,FALSE,FALSE
"BJ51FL","mono",71.88,49.36,894,62.2979551770308,15.9760201514354,"BEN",2006,6.22979551770308,6.69598069596985,74,-8,75.181765207521,86.8873757639932,1.29793699735239,2.46515349235913,69.9839154126294,40.6498487635729,39.7278379476656,18.0783785973713,3.66963668875764,20.7123829113144,19.4142709567319,62.82176206372,27.4883690728409,0,3.28773856,26.60264206,NA,27.9,3.28101053641911,FALSE,FALSE,FALSE,FALSE,FALSE,FALSE,FALSE,FALSE,FALSE,FALSE,FALSE,FALSE,FALSE,FALSE,FALSE,FALSE,FALSE
"BJ51FL","plateau",124.54,92.37,804,55.8642827036998,24.8067712050751,"BEN",2006,5.58642827036998,6.69598069596985,74,-8,48.0387895766166,81.1268390602987,0.753981080645746,2.7487852423029,42.6187796708573,36.0251618642915,39.4299826064165,24.2457268911513,7.63999127925389,20.5547142188996,19.1369562976574,75.7427366469935,28.6550348682523,0,3.28773856,26.60264206,NA,27.9,3.28101053641911,FALSE,FALSE,FALSE,FALSE,FALSE,FALSE,FALSE,FALSE,FALSE,FALSE,FALSE,FALSE,FALSE,FALSE,FALSE,FALSE,FALSE
"BJ51FL","zou",123.73,91.72,1641,80.5336847566215,26.6681870335877,"BEN",2006,8.05336847566215,6.69598069596985,74,-8,71.7009880606397,93.2781800148439,1.25372985988478,2.80753028505699,59.4009676984064,34.7200008879485,44.6658557151756,16.4664693320136,3.13151621442624,18.8867852578995,19.1078055774207,69.1996380768817,36.2012098102984,0,3.28773856,26.60264206,NA,27.9,3.28101053641911,FALSE,FALSE,FALSE,FALSE,FALSE,FALSE,FALSE,FALSE,FALSE,FALSE,FALSE,FALSE,FALSE,FALSE,FALSE,FALSE,FALSE
"BJ61FL","alibori",108.13,75.63,970,48.1562688535521,18.4015084155889,"BEN",2012,4.81562688535521,6.97683892720184,80,-2,51.3460943033885,59.1560495603354,0.422374974332638,2.04586153701005,48.3717862762393,49.2204294003368,48.9865895262637,33.0834387113801,18.8650340098408,33.3734261144481,18.9608716361226,57.4327006237975,7.3316571869861,7.96947664748129,3.07562971,32.95616913,NA,38.4,3.49517847043435,FALSE,FALSE,FALSE,FALSE,FALSE,FALSE,FALSE,FALSE,FALSE,FALSE,FALSE,FALSE,FALSE,FALSE,FALSE,FALSE,FALSE
"BJ61FL","atacora",67.73,52.2,1257,49.5683671475206,33.5090635827757,"BEN",2012,4.95683671475206,6.97683892720184,80,-2,69.075689437696,71.1979422719006,0.745524021996651,1.96749723901199,74.7228315025621,27.8794683761305,45.0392918099587,29.89206584272,15.4302237942558,28.6148282333341,18.7543520752426,69.8235785062976,9.34750979839324,16.8224412257398,3.07562971,32.95616913,NA,38.4,3.49517847043435,FALSE,FALSE,FALSE,FALSE,FALSE,FALSE,FALSE,FALSE,FALSE,FALSE,FALSE,FALSE,FALSE,FALSE,FALSE,FALSE,FALSE
"BJ61FL","atlantique",71.19,43.59,1526,24.4938944106946,34.070296663173,"BEN",2012,2.44938944106946,6.97683892720184,80,-2,54.6812624099624,97.7951093701701,2.46073094529731,3.33559634927678,58.7257297654255,36.1646539926043,43.6949336470352,29.3798743951101,14.5757561240848,23.2939147713262,20.304726636719,75.6114173613656,42.1580218676377,41.175948073422,3.07562971,32.95616913,NA,38.4,3.49517847043435,FALSE,FALSE,FALSE,FALSE,FALSE,FALSE,FALSE,FALSE,FALSE,FALSE,FALSE,FALSE,FALSE,FALSE,FALSE,FALSE,FALSE
"BJ61FL","borgou",61.91,46.08,1039,39.6222836717817,48.4177883228574,"BEN",2012,3.96222836717817,6.97683892720184,80,-2,66.5732024111193,68.6637117175082,1.669533588175,2.73486898261722,65.6451685319845,46.3022537473981,40.2375825559785,29.8250690150275,17.7912913088423,25.1401610672292,19.4479820180452,69.270904068718,24.889897179344,31.6363399370845,3.07562971,32.95616913,NA,38.4,3.49517847043435,FALSE,FALSE,FALSE,FALSE,FALSE,FALSE,FALSE,FALSE,FALSE,FALSE,FALSE,FALSE,FALSE,FALSE,FALSE,FALSE,FALSE
"BJ61FL","collines",83.31,56.75,854,30.7828220728235,22.0887940038576,"BEN",2012,3.07828220728235,6.97683892720184,80,-2,77.159105193649,90.4876146698204,1.46454736437733,2.68422851717475,78.0628304582614,27.4972096671013,45.9085467841707,30.4033721277072,17.5180208258738,23.7687179523315,18.8804359464217,86.594478719767,19.7825799564716,30.0980721763299,3.07562971,32.95616913,NA,38.4,3.49517847043435,FALSE,FALSE,FALSE,FALSE,FALSE,FALSE,FALSE,FALSE,FALSE,FALSE,FALSE,FALSE,FALSE,FALSE,FALSE,FALSE,FALSE
"BJ61FL","couffo",86,56.04,1001,33.4858323913592,19.8512961582937,"BEN",2012,3.34858323913592,6.97683892720184,80,-2,57.6599114564683,85.7370208321311,0.900601940726829,2.47814788445655,53.5698985748209,32.942652209418,30.1996889574653,22.8972400328749,12.8655540660629,21.7092141527151,19.55874079129,77.4575073695115,14.586691284778,19.9907252894634,3.07562971,32.95616913,NA,38.4,3.49517847043435,FALSE,FALSE,FALSE,FALSE,FALSE,FALSE,FALSE,FALSE,FALSE,FALSE,FALSE,FALSE,FALSE,FALSE,FALSE,FALSE,FALSE
"BJ61FL","donga",73.4,49.88,555,51.8786421269879,30.8513479097824,"BEN",2012,5.18786421269879,6.97683892720184,80,-2,76.8290178459501,75.7081711800902,1.24302696508687,2.88050016347439,76.6972258242166,37.6257209811347,53.5251699392521,25.4011848315819,14.5539537116451,21.6129785760161,18.979935060335,60.3545460404245,18.0795915901565,35.1299933979785,3.07562971,32.95616913,NA,38.4,3.49517847043435,FALSE,FALSE,FALSE,FALSE,FALSE,FALSE,FALSE,FALSE,FALSE,FALSE,FALSE,FALSE,FALSE,FALSE,FALSE,FALSE,FALSE
"BJ61FL","littoral",54.48,28.06,1349,17.44013058463,100,"BEN",2012,1.744013058463,6.97683892720184,80,-2,71.7062987396451,98.7485274432167,5.19325657596661,4.734528418734,86.5708183098902,28.3693125484096,36.2132813020174,18.1462728010294,9.46994106925486,19.1028890980681,22.0307979299473,97.7240683605075,84.83965768682,89.6035003380605,3.07562971,32.95616913,NA,38.4,3.49517847043435,FALSE,FALSE,FALSE,FALSE,FALSE,FALSE,FALSE,FALSE,FALSE,FALSE,FALSE,FALSE,FALSE,FALSE,FALSE,FALSE,FALSE
"BJ61FL","mono",56.89,46.32,710,23.9078318698499,23.2964004704221,"BEN",2012,2.39078318698499,6.97683892720184,80,-2,61.3608996370068,98.0994788824015,1.50466495684844,2.66598910623418,80.4890288397015,26.006469030826,37.1922933296855,28.0629979208237,11.1902266070749,24.4381103089035,20.4544888360786,80.2219264562186,16.5884117132925,25.3070680787845,3.07562971,32.95616913,NA,38.4,3.49517847043435,FALSE,FALSE,FALSE,FALSE,FALSE,FALSE,FALSE,FALSE,FALSE,FALSE,FALSE,FALSE,FALSE,FALSE,FALSE,FALSE,FALSE
"BJ61FL","oueme",54.26,33.22,1582,18.4437444156701,40.3232848885695,"BEN",2012,1.84437444156701,6.97683892720184,80,-2,54.6029730794191,99.1599829016248,2.28155951578005,3.504829024275,74.0017243458337,49.1090306819905,34.8328828684528,16.0867161934187,11.5997576322023,23.6238820954684,20.6042921407194,78.7774290222071,41.3027774563964,47.2880506412677,3.07562971,32.95616913,NA,38.4,3.49517847043435,FALSE,FALSE,FALSE,FALSE,FALSE,FALSE,FALSE,FALSE,FALSE,FALSE,FALSE,FALSE,FALSE,FALSE,FALSE,FALSE,FALSE
"BJ61FL","plateau",43.37,24.94,867,24.275987981264,27.7411345390119,"BEN",2012,2.4275987981264,6.97683892720184,80,-2,54.3989926378924,82.0440767128581,0.955075584475448,2.73693911301571,61.9664065449678,35.7181396849138,54.8688608221274,38.8496242265721,15.8325955952874,24.4273492539877,20.3590793867349,80.7798744466766,13.6339838525324,19.7268003005834,3.07562971,32.95616913,NA,38.4,3.49517847043435,FALSE,FALSE,FALSE,FALSE,FALSE,FALSE,FALSE,FALSE,FALSE,FALSE,FALSE,FALSE,FALSE,FALSE,FALSE,FALSE,FALSE
"BJ61FL","zou",91.24,65.19,1150,31.2510095264015,31.2603649148571,"BEN",2012,3.12510095264015,6.97683892720184,80,-2,64.6455240076095,96.3130726208625,1.6319834292866,2.85884575848734,77.176156203901,25.6969022556803,34.8310358818022,28.7301710173745,19.1379520651637,20.000242006097,19.2824897108061,75.2007400900175,25.9454181211784,26.5105897771987,3.07562971,32.95616913,NA,38.4,3.49517847043435,FALSE,FALSE,FALSE,FALSE,FALSE,FALSE,FALSE,FALSE,FALSE,FALSE,FALSE,FALSE,FALSE,FALSE,FALSE,FALSE,FALSE
"BJ71FL","alibori",90.9,62.98,1687,39.7891265116426,21.0620625567878,"BEN",2017,3.97891265116426,6.9612714775213,76,3,66.5392665715567,64.2409395971627,0.752838925913987,2.28122201280953,57.439619622845,49.2886722055415,31.5129526622656,22.4586765755011,5.13355432029984,24.1891625293579,18.6532814116069,36.621143010248,11.5923532918662,22.5559671121963,3.67389345,38.75862122,NA,34.5,3.65735321415044,FALSE,FALSE,FALSE,FALSE,FALSE,FALSE,FALSE,FALSE,FALSE,FALSE,FALSE,FALSE,FALSE,FALSE,FALSE,FALSE,FALSE
"BJ71FL","atacora",113.61,92.98,1126,50.7261000401382,33.1512815019504,"BEN",2017,5.07261000401382,6.9612714775213,76,3,78.8194331543617,68.2653082584111,1.42222144846033,2.12250263100659,73.018000096582,54.8657910059189,28.4313860617759,23.9077981808692,3.34959817037513,25.7467572922085,18.7221465317908,59.8659960429512,7.94893161456543,19.9509450873904,3.67389345,38.75862122,NA,34.5,3.65735321415044,FALSE,FALSE,FALSE,FALSE,FALSE,FALSE,FALSE,FALSE,FALSE,FALSE,FALSE,FALSE,FALSE,FALSE,FALSE,FALSE,FALSE
"BJ71FL","atlantic",105.79,68.98,1511,33.2886210865307,36.4687661117681,"BEN",2017,3.32886210865307,6.9612714775213,76,3,79.0405137768123,95.930187176631,3.02585101307324,3.57491038401975,73.8751039095537,42.6616228119789,24.783985157456,20.4169611287935,4.20073399494211,21.4046601946201,20.1958298679025,76.0974102552597,52.484694740891,42.4293738359012,3.67389345,38.75862122,NA,34.5,3.65735321415044,FALSE,FALSE,FALSE,FALSE,FALSE,FALSE,FALSE,FALSE,FALSE,FALSE,FALSE,FALSE,FALSE,FALSE,FALSE,FALSE,FALSE
"BJ71FL","borgou",79.27,52.51,1627,43.3308044176112,39.205798286917,"BEN",2017,4.33308044176112,6.9612714775213,76,3,54.6756031241449,60.3393116757386,1.65586929817032,2.46869486540558,54.1738709316367,42.3530631210498,26.7548208816682,23.5134855040806,4.58056800605861,26.1448906429751,19.1066046467414,64.3944341956724,16.3689900639322,25.3114524934018,3.67389345,38.75862122,NA,34.5,3.65735321415044,FALSE,FALSE,FALSE,FALSE,FALSE,FALSE,FALSE,FALSE,FALSE,FALSE,FALSE,FALSE,FALSE,FALSE,FALSE,FALSE,FALSE
"BJ71FL","collines",87.84,54.11,800,47.531725964916,22.7913954418732,"BEN",2017,4.7531725964916,6.9612714775213,76,3,87.2626621500629,93.9515868998221,2.29715841054924,2.97002312997029,80.4948424787086,53.8247384657095,17.5573250338835,12.6396949038264,3.12596133265636,19.026648680296,19.2491975379654,83.3606653841069,20.1260140175452,33.1041709262224,3.67389345,38.75862122,NA,34.5,3.65735321415044,FALSE,FALSE,FALSE,FALSE,FALSE,FALSE,FALSE,FALSE,FALSE,FALSE,FALSE,FALSE,FALSE,FALSE,FALSE,FALSE,FALSE
"BJ71FL","couffo",89.74,70.61,853,55.7785260789463,26.3300548913295,"BEN",2017,5.57785260789463,6.9612714775213,76,3,60.5388093885865,84.5259061337851,1.95814682514046,2.75675091386513,57.5781945177923,39.4393814862483,28.8050567931606,17.2246864120182,1.38099027079088,22.8730175801554,20.0080468085009,62.6035955214504,21.9873564688695,29.905998940741,3.67389345,38.75862122,NA,34.5,3.65735321415044,FALSE,FALSE,FALSE,FALSE,FALSE,FALSE,FALSE,FALSE,FALSE,FALSE,FALSE,FALSE,FALSE,FALSE,FALSE,FALSE,FALSE
"BJ71FL","donga",132.58,88.38,805,51.2162068466502,42.0862715963817,"BEN",2017,5.12162068466502,6.9612714775213,76,3,78.3897444043351,79.4729054573947,1.959038117477,3.13160417376544,69.5400648504747,54.7248861254461,19.7832007483062,16.3845009120302,5.5986475473866,21.5978651092691,19.839643827923,48.6404066869526,22.3166033073033,37.4814281763188,3.67389345,38.75862122,NA,34.5,3.65735321415044,FALSE,FALSE,FALSE,FALSE,FALSE,FALSE,FALSE,FALSE,FALSE,FALSE,FALSE,FALSE,FALSE,FALSE,FALSE,FALSE,FALSE
"BJ71FL","littoral",44.35,29.68,548,19.2965042659496,100,"BEN",2017,1.92965042659496,6.9612714775213,76,3,87.4226597506952,96.8412916937912,5.6040049128835,4.83515974071839,77.8817212332943,29.2871891402696,13.4779496504542,19.223550474872,6.90855840140234,19.3739757983801,22.035761106014,97.6374813675459,85.8176236691992,85.8198613826485,3.67389345,38.75862122,NA,34.5,3.65735321415044,FALSE,FALSE,FALSE,FALSE,FALSE,FALSE,FALSE,FALSE,FALSE,FALSE,FALSE,FALSE,FALSE,FALSE,FALSE,FALSE,FALSE
"BJ71FL","mono",106.21,70.42,574,49.1732100578486,39.6128340426338,"BEN",2017,4.91732100578486,6.9612714775213,76,3,88.6689525457543,95.5621065594765,2.86944739772424,2.9712714823215,86.279325248039,32.6975786554848,21.8141019599503,21.4592141273552,4.58144846220608,23.5353242645852,20.4058947597058,77.2497434320877,33.3276327904262,34.105336250068,3.67389345,38.75862122,NA,34.5,3.65735321415044,FALSE,FALSE,FALSE,FALSE,FALSE,FALSE,FALSE,FALSE,FALSE,FALSE,FALSE,FALSE,FALSE,FALSE,FALSE,FALSE,FALSE
"BJ71FL","oueme",77.61,58.56,1119,26.3059626181534,60.7665466391783,"BEN",2017,2.63059626181534,6.9612714775213,76,3,84.0359896181237,96.4993066595951,2.84471019495363,3.88244366926922,81.0370122057475,25.7041574283085,22.8816663102483,20.6575543589181,4.61258415318276,17.9558021436902,20.6981515961299,83.1379906840259,44.2349610369682,47.334107688906,3.67389345,38.75862122,NA,34.5,3.65735321415044,FALSE,FALSE,FALSE,FALSE,FALSE,FALSE,FALSE,FALSE,FALSE,FALSE,FALSE,FALSE,FALSE,FALSE,FALSE,FALSE,FALSE
"BJ71FL","plateau",129.57,75.91,802,35.8413411207569,39.8006387377087,"BEN",2017,3.58413411207569,6.9612714775213,76,3,49.2859998745786,89.4453637181298,1.5341306884073,2.94614595003062,36.0448011675795,19.2175445661978,29.1240338358816,25.0296743264772,4.20714526929876,18.6423238576227,20.1739772315199,76.467879024126,27.2331321450074,24.0738918618055,3.67389345,38.75862122,NA,34.5,3.65735321415044,FALSE,FALSE,FALSE,FALSE,FALSE,FALSE,FALSE,FALSE,FALSE,FALSE,FALSE,FALSE,FALSE,FALSE,FALSE,FALSE,FALSE
"BJ71FL","zou",96.66,64.68,1196,41.6876551641187,25.9057392880914,"BEN",2017,4.16876551641187,6.9612714775213,76,3,86.244279675008,97.0180124499914,2.15914140957933,3.35475057694936,80.3654677796252,57.1157024659869,26.6063170707563,20.8203317687591,3.38945431319409,21.1735422832044,19.9907371991946,77.1977383113465,47.4435634441628,35.1057837635553,3.67389345,38.75862122,NA,34.5,3.65735321415044,FALSE,FALSE,FALSE,FALSE,FALSE,FALSE,FALSE,FALSE,FALSE,FALSE,FALSE,FALSE,FALSE,FALSE,FALSE,FALSE,FALSE
"BU61FL","north",124.66,86.49,2180,17.4012802156784,2.70303129306493,"BDI",2010,1.74012802156784,5.3786417513252,96,-4,96.4615246068136,55.046925551513,1.88455039526179,2.6367471672469,93.5621842507977,73.9797214864357,54.7489535275793,35.2592977360187,3.89334245529977,24.903748211408,20.3831282612956,81.3071688524727,18.3371872835759,2.1281066753818,11.28196716,24.45114708,NA,5.3,3.19667713015781,FALSE,FALSE,FALSE,FALSE,FALSE,FALSE,FALSE,FALSE,FALSE,FALSE,FALSE,FALSE,FALSE,FALSE,FALSE,FALSE,FALSE
"BU61FL","south",80.78,52.8,1503,9.82463143430436,3.82028150458364,"BDI",2010,0.982463143430436,5.3786417513252,96,-4,97.1771703776195,59.7283264108565,2.13516776087945,3.07405140612134,95.626204700066,74.7698383975896,49.2168492827745,30.1292874225514,6.22421322460609,31.605426368558,20.9456331385183,68.0471579614187,52.1554725889603,1.973220880044,11.28196716,24.45114708,NA,5.3,3.19667713015781,FALSE,FALSE,FALSE,FALSE,FALSE,FALSE,FALSE,FALSE,FALSE,FALSE,FALSE,FALSE,FALSE,FALSE,FALSE,FALSE,FALSE
"BU61FL","west",92.37,57.24,1438,11.5732641329051,4.43924783186743,"BDI",2010,1.15732641329051,5.3786417513252,96,-4,96.607926857185,65.485914615078,1.85168240145106,2.87232626592658,95.8466536247424,61.297663171267,50.677255601998,30.37463931217,5.84514885218991,31.9890463014632,20.0487377615649,64.3210645903857,40.9094093922109,1.80902042775731,11.28196716,24.45114708,NA,5.3,3.19667713015781,FALSE,FALSE,FALSE,FALSE,FALSE,FALSE,FALSE,FALSE,FALSE,FALSE,FALSE,FALSE,FALSE,FALSE,FALSE,FALSE,FALSE
"BU71FL","bubanza",58.19,34.52,725,13.7442630402431,5.28447413192026,"BDI",2016,1.37442630402431,5.45077151708362,94,2,94.6497668938001,87.564067967894,2.72015753626499,2.88280304352805,91.0921002247008,85.270197967889,50.8016112931412,35.4706046171416,3.70785711502083,32.5850037942334,20.0270255883255,77.3297757359379,53.7408499532623,7.49557310614804,7.06148243,18.59472847,NA,8.5,2.92287812495797,FALSE,FALSE,FALSE,FALSE,FALSE,FALSE,FALSE,FALSE,FALSE,FALSE,FALSE,FALSE,FALSE,FALSE,FALSE,FALSE,FALSE
"BU71FL","bujumburamairie",77.05,37.36,621,6.07892076655891,100,"BDI",2016,0.607892076655891,5.45077151708362,94,2,96.2707531137798,95.1072715807857,7.5980047683784,4.84310619288644,92.0124631604923,66.9703170224049,18.985168767612,14.7156351755612,2.72279260399879,30.0554639196292,21.4165546359857,96.8589457374045,79.8868393038985,65.5105340908723,7.06148243,18.59472847,NA,8.5,2.92287812495797,FALSE,FALSE,FALSE,FALSE,FALSE,FALSE,FALSE,FALSE,FALSE,FALSE,FALSE,FALSE,FALSE,FALSE,FALSE,FALSE,FALSE
"BU71FL","bujumburarural",40.62,22.42,747,7.6308426543042,4.37095436384376,"BDI",2016,0.76308426543042,5.45077151708362,94,2,97.9695322741977,90.1056904754201,3.23027136055406,3.43773001678735,97.3411421510126,90.1590609763202,42.0903778220063,33.7002360257382,5.13686667460908,28.9165612623486,21.125080944962,91.938652523586,43.958586158628,8.66327548554412,7.06148243,18.59472847,NA,8.5,2.92287812495797,FALSE,FALSE,FALSE,FALSE,FALSE,FALSE,FALSE,FALSE,FALSE,FALSE,FALSE,FALSE,FALSE,FALSE,FALSE,FALSE,FALSE
"BU71FL","bururi",45.58,23.63,373,8.35534698349855,2.40636572649189,"BDI",2016,0.835534698349855,5.45077151708362,94,2,96.2731823779861,73.7151493481465,3.35404656858433,3.47359101401337,92.5782807566951,92.1589192960568,42.5229502388538,27.5126106199614,1.16973867819766,36.1113966084007,21.6005389663392,70.9377073380068,75.0211506724024,3.1303017270565,7.06148243,18.59472847,NA,8.5,2.92287812495797,FALSE,FALSE,FALSE,FALSE,FALSE,FALSE,FALSE,FALSE,FALSE,FALSE,FALSE,FALSE,FALSE,FALSE,FALSE,FALSE,FALSE
"BU71FL","cankuzo",94.48,52.55,417,33.9248387431639,1.0784608894884,"BDI",2016,3.39248387431639,5.45077151708362,94,2,98.6119014481995,78.4737866457243,2.43440037176074,2.46208410283751,92.1048918356757,89.2414150317791,52.2866125207002,41.8973045484481,4.64142029427305,24.2162100246327,20.8723366982757,66.6511802577585,52.7714513712384,2.36175997020774,7.06148243,18.59472847,NA,8.5,2.92287812495797,FALSE,FALSE,FALSE,FALSE,FALSE,FALSE,FALSE,FALSE,FALSE,FALSE,FALSE,FALSE,FALSE,FALSE,FALSE,FALSE,FALSE
"BU71FL","cibitoke",90.86,66.27,806,18.3066193005808,4.91745238342021,"BDI",2016,1.83066193005808,5.45077151708362,94,2,93.7289293243435,84.2937045120048,2.15160669055321,3.07321188248701,87.5923072227158,90.5068887098619,51.9718358446746,28.8178817638041,0.279245683839638,30.3419893669157,19.5596320313559,79.7269599629279,58.7665598999181,8.32280153043608,7.06148243,18.59472847,NA,8.5,2.92287812495797,FALSE,FALSE,FALSE,FALSE,FALSE,FALSE,FALSE,FALSE,FALSE,FALSE,FALSE,FALSE,FALSE,FALSE,FALSE,FALSE,FALSE
"BU71FL","gitega",107.78,82.35,1064,15.157244109509,6.62289776763314,"BDI",2016,1.5157244109509,5.45077151708362,94,2,97.0460156517253,86.2354519582319,3.4772823918964,2.7740609012606,96.0277302875992,78.2102894396388,51.1682861519887,33.254835384211,2.44742029706851,24.8424617522009,22.0958059337367,77.7809411405218,44.5168889750658,6.63908588164413,7.06148243,18.59472847,NA,8.5,2.92287812495797,FALSE,FALSE,FALSE,FALSE,FALSE,FALSE,FALSE,FALSE,FALSE,FALSE,FALSE,FALSE,FALSE,FALSE,FALSE,FALSE,FALSE
"BU71FL","karusi",58.27,42.35,722,24.3532340105804,2.07245391124667,"BDI",2016,2.43532340105804,5.45077151708362,94,2,98.6699177619384,84.0660641399808,1.88076095066376,2.2624791881452,96.5034415082779,90.2933741588569,54.7458399140945,45.6092383707865,5.97059349563765,21.0208199496306,20.3062193099535,93.1754761386039,83.7706976219011,1.35643695022868,7.06148243,18.59472847,NA,8.5,2.92287812495797,FALSE,FALSE,FALSE,FALSE,FALSE,FALSE,FALSE,FALSE,FALSE,FALSE,FALSE,FALSE,FALSE,FALSE,FALSE,FALSE,FALSE
"BU71FL","kayanza",56.63,38.18,833,15.6099640829441,5.39836082438288,"BDI",2016,1.56099640829441,5.45077151708362,94,2,99.7947723926271,86.9041130135941,2.84004377700005,2.56577225944687,99.0226607442798,88.2483726836774,51.8730716957196,39.5829117648514,5.9889631395441,20.8799731318737,21.1084161197228,96.0602522758472,43.3948779678502,5.4234928083162,7.06148243,18.59472847,NA,8.5,2.92287812495797,FALSE,FALSE,FALSE,FALSE,FALSE,FALSE,FALSE,FALSE,FALSE,FALSE,FALSE,FALSE,FALSE,FALSE,FALSE,FALSE,FALSE
"BU71FL","kirundo",132.9,100.88,1052,38.8208648834389,2.56714878744745,"BDI",2016,3.88208648834389,5.45077151708362,94,2,96.2892859620677,78.6494513120379,1.64320687750647,2.21461488506101,91.1754330414449,84.1384020259839,55.1913132699979,38.6660270062594,5.89357162441391,25.6311670642699,19.7047007615977,77.141132035145,21.8382631435653,1.44698235272528,7.06148243,18.59472847,NA,8.5,2.92287812495797,FALSE,FALSE,FALSE,FALSE,FALSE,FALSE,FALSE,FALSE,FALSE,FALSE,FALSE,FALSE,FALSE,FALSE,FALSE,FALSE,FALSE
"BU71FL","makamba",42.04,33.6,777,13.5866246126256,3.78859261180136,"BDI",2016,1.35866246126256,5.45077151708362,94,2,99.2959273585736,88.927175540587,2.99542528195748,3.49772049990943,94.0397107445173,86.9747053629955,42.6777662403794,31.2528696923759,3.00252816050366,33.1611258373547,20.7917497841057,85.4047068184371,77.1296804138957,3.30468087392317,7.06148243,18.59472847,NA,8.5,2.92287812495797,FALSE,FALSE,FALSE,FALSE,FALSE,FALSE,FALSE,FALSE,FALSE,FALSE,FALSE,FALSE,FALSE,FALSE,FALSE,FALSE,FALSE
"BU71FL","muramvya",71.68,46.74,452,12.2190392548577,2.52158574172169,"BDI",2016,1.22190392548577,5.45077151708362,94,2,99.2457993481428,66.9329066993173,3.12403410572579,2.88597046889248,96.8073081747131,81.8788249599501,54.2629809457232,42.9608536962473,4.53208870166977,22.1456022503205,22.4191930136486,95.0735791331444,74.5226856458673,1.79082140899973,7.06148243,18.59472847,NA,8.5,2.92287812495797,FALSE,FALSE,FALSE,FALSE,FALSE,FALSE,FALSE,FALSE,FALSE,FALSE,FALSE,FALSE,FALSE,FALSE,FALSE,FALSE,FALSE
"BU71FL","muyinga",104.66,72.24,1130,35.2323892482486,1.30287791331308,"BDI",2016,3.52323892482486,5.45077151708362,94,2,99.2736540973721,78.7130487739613,2.21149712722365,2.37978928109916,91.4477142432203,94.6949756432123,56.58540365043,39.7026333881363,4.35492001917041,26.6261524603208,19.5959732552058,81.2589641745575,33.6437181556218,1.69917751422804,7.06148243,18.59472847,NA,8.5,2.92287812495797,FALSE,FALSE,FALSE,FALSE,FALSE,FALSE,FALSE,FALSE,FALSE,FALSE,FALSE,FALSE,FALSE,FALSE,FALSE,FALSE,FALSE
"BU71FL","mwaro",43.43,23.11,375,12.2407435905905,1.13123915720104,"BDI",2016,1.22407435905905,5.45077151708362,94,2,98.285412149435,85.2658647560717,3.55224668854439,2.96678972018525,92.1033152735991,83.3727472971907,45.9193945626793,36.7060931608116,4.67089900835983,22.2037697044678,23.1433737541345,90.1641379854947,64.0925295694162,2.8273126902224,7.06148243,18.59472847,NA,8.5,2.92287812495797,FALSE,FALSE,FALSE,FALSE,FALSE,FALSE,FALSE,FALSE,FALSE,FALSE,FALSE,FALSE,FALSE,FALSE,FALSE,FALSE,FALSE
"BU71FL","ngozi",105.92,85.3,1018,21.8809199566621,6.08553672298392,"BDI",2016,2.18809199566621,5.45077151708362,94,2,96.6041495539319,85.8192006819128,2.40374872962755,2.31834816288396,94.8954854828185,88.7131814353997,54.8640894943458,40.2741614140085,4.04909726557252,21.9291171042083,19.9832048773953,84.7234058652956,16.5880238075961,6.23792228088896,7.06148243,18.59472847,NA,8.5,2.92287812495797,FALSE,FALSE,FALSE,FALSE,FALSE,FALSE,FALSE,FALSE,FALSE,FALSE,FALSE,FALSE,FALSE,FALSE,FALSE,FALSE,FALSE
"BU71FL","rumonge",49.19,40.04,766,8.1029604142987,12.3314471406427,"BDI",2016,0.81029604142987,5.45077151708362,94,2,98.3414309501571,76.0291629529429,3.21987420397301,3.51429084981322,92.5073489573395,76.8532996165866,45.5267464575529,37.4982006535493,4.54763179382494,32.6884196090041,20.1316677859023,82.2206647397232,62.7218649651226,9.04293904037269,7.06148243,18.59472847,NA,8.5,2.92287812495797,FALSE,FALSE,FALSE,FALSE,FALSE,FALSE,FALSE,FALSE,FALSE,FALSE,FALSE,FALSE,FALSE,FALSE,FALSE,FALSE,FALSE
"BU71FL","rutana",68,48.41,553,21.2035466483529,3.11703904652404,"BDI",2016,2.12035466483529,5.45077151708362,94,2,98.9492468081292,85.7737568492943,2.87010046015051,3.15227781860577,97.2851448345389,93.4575318683349,42.2550518512894,34.0073013505618,4.08335783767862,28.8135381874375,20.8532681883908,53.3593238974032,54.6873962459214,3.57953794737174,7.06148243,18.59472847,NA,8.5,2.92287812495797,FALSE,FALSE,FALSE,FALSE,FALSE,FALSE,FALSE,FALSE,FALSE,FALSE,FALSE,FALSE,FALSE,FALSE,FALSE,FALSE,FALSE
"BU71FL","ruyigi",67.56,51.96,712,31.7660873074495,4.10054307494781,"BDI",2016,3.17660873074495,5.45077151708362,94,2,96.4615846478569,90.0528217674625,2.93269208682205,2.49211959029483,92.1642047610479,96.387376691778,45.7779906462277,35.6566379345763,4.8698356491812,23.8788411925032,20.2126687744456,73.1249647046601,33.8154304199091,3.34977909248445,7.06148243,18.59472847,NA,8.5,2.92287812495797,FALSE,FALSE,FALSE,FALSE,FALSE,FALSE,FALSE,FALSE,FALSE,FALSE,FALSE,FALSE,FALSE,FALSE,FALSE,FALSE,FALSE
"CD61FL","bandundu",77.6,50.93,2721,15.3278580068544,19.6394975174264,"COD",2013,1.53278580068544,6.13203124151836,71,-1,61.9298282231048,83.9146511009817,5.97867750744718,2.41693507563218,77.2801749788031,36.4758690373899,32.8264797985463,31.592200477641,8.38731780769979,25.5655746231366,19.713894168062,28.3941932743398,38.4623917057447,0.485972372930533,3.34057522,15.37901688,NA,15.2,2.73300404005781,FALSE,FALSE,FALSE,FALSE,FALSE,FALSE,FALSE,FALSE,FALSE,FALSE,FALSE,FALSE,FALSE,FALSE,FALSE,FALSE,FALSE
"CD61FL","bascongo",123.39,72.7,749,35.712663774185,21.7195497650252,"COD",2013,3.5712663774185,6.13203124151836,71,-1,84.0539137439134,90.1628667265005,5.91395925693797,3.56650724590716,84.6178030816708,29.8945695736322,40.3175275574044,32.3997799466351,10.4278454975155,23.3308712562975,19.37903487628,60.4494907654945,26.6155473713917,14.8029037748117,3.34057522,15.37901688,NA,15.2,2.73300404005781,FALSE,FALSE,FALSE,FALSE,FALSE,FALSE,FALSE,FALSE,FALSE,FALSE,FALSE,FALSE,FALSE,FALSE,FALSE,FALSE,FALSE
"CD61FL","equateur",129.37,103.03,2395,33.3429676154131,17.4361073873621,"COD",2013,3.33429676154131,6.13203124151836,71,-1,42.925791320325,56.7461846148233,4.62675133158882,2.14879761316552,66.1550191257908,53.8414305530857,30.7528259158944,22.514575661175,6.55300187328607,31.8512006707832,18.9265333406947,21.1577962106767,27.7486737956276,2.08452375900395,3.34057522,15.37901688,NA,15.2,2.73300404005781,FALSE,FALSE,FALSE,FALSE,FALSE,FALSE,FALSE,FALSE,FALSE,FALSE,FALSE,FALSE,FALSE,FALSE,FALSE,FALSE,FALSE
"CD61FL","kasaioccidental",113.14,90.95,1277,35.5115125130537,29.5156339438501,"COD",2013,3.55115125130537,6.13203124151836,71,-1,56.2113243009857,68.114350712499,4.8412957093263,2.42735267593467,67.3079998877378,38.3028286521191,45.9028267221135,35.0716491847255,6.88764385221975,31.8274578758151,18.8696697231254,29.1902639247942,25.5393300691492,0.949985649751346,3.34057522,15.37901688,NA,15.2,2.73300404005781,FALSE,FALSE,FALSE,FALSE,FALSE,FALSE,FALSE,FALSE,FALSE,FALSE,FALSE,FALSE,FALSE,FALSE,FALSE,FALSE,FALSE
"CD61FL","kasaioriental",126.35,101.74,1774,35.5133366048563,37.1604974003805,"COD",2013,3.55133366048563,6.13203124151836,71,-1,53.2963258522053,58.1719889915198,5.72519458875601,2.9217499021062,58.1504651946032,46.5851434247248,41.4201993555269,30.1972360949451,7.4218049660803,31.0819899165939,18.9165011548147,38.5330988254377,38.6090730771525,0.917473208986519,3.34057522,15.37901688,NA,15.2,2.73300404005781,FALSE,FALSE,FALSE,FALSE,FALSE,FALSE,FALSE,FALSE,FALSE,FALSE,FALSE,FALSE,FALSE,FALSE,FALSE,FALSE,FALSE
"CD61FL","katanga",112.87,82.24,1819,40.3303078725577,40.4160590077204,"COD",2013,4.03303078725577,6.13203124151836,71,-1,51.2934455518058,52.6154814299112,5.01093992076229,3.25162268247463,53.03943955612,33.3837672250979,36.6974507349732,24.0360971165701,6.60243930539326,33.0308395303229,18.8089685204504,47.4837739047159,32.6586303288909,27.4600303902707,3.34057522,15.37901688,NA,15.2,2.73300404005781,FALSE,FALSE,FALSE,FALSE,FALSE,FALSE,FALSE,FALSE,FALSE,FALSE,FALSE,FALSE,FALSE,FALSE,FALSE,FALSE,FALSE
"CD61FL","kinshasa",79.17,66.59,1208,18.8761992330767,100,"COD",2013,1.88761992330767,6.13203124151836,71,-1,83.7401014453679,91.0091529076067,9.75931279550757,4.97075743065185,89.0166389509989,27.4562360921711,11.6123241697051,6.40142798045587,2.73457404886537,24.3468083752544,20.6575790990786,97.0870950629199,62.3184826880684,89.0932459147268,3.34057522,15.37901688,NA,15.2,2.73300404005781,FALSE,FALSE,FALSE,FALSE,FALSE,FALSE,FALSE,FALSE,FALSE,FALSE,FALSE,FALSE,FALSE,FALSE,FALSE,FALSE,FALSE
"CD61FL","maniema",114.36,75.36,563,44.2612283117679,31.2233571328358,"COD",2013,4.42612283117679,6.13203124151836,71,-1,47.2514952363259,87.4402173526445,5.35777901556091,2.69570108173067,62.3832239820238,78.8351709878704,36.6637948201823,33.35036151457,21.78706806748,29.3822678587179,19.1404522182759,64.0727397943332,70.5145914901112,9.45751796100994,3.34057522,15.37901688,NA,15.2,2.73300404005781,FALSE,FALSE,FALSE,FALSE,FALSE,FALSE,FALSE,FALSE,FALSE,FALSE,FALSE,FALSE,FALSE,FALSE,FALSE,FALSE,FALSE
"CD61FL","nordkivu",45.46,23.6,1312,14.8204554412333,35.7610064155772,"COD",2013,1.48204554412333,6.13203124151836,71,-1,88.7122542256728,89.2006541847215,4.51218886778028,3.16794878857935,85.2731922379813,70.3086858103394,44.9456348643428,25.5768575559525,2.24777233480823,36.1179049055543,19.1517971947763,79.2548508529068,49.0609104146478,7.83690933538839,3.34057522,15.37901688,NA,15.2,2.73300404005781,FALSE,FALSE,FALSE,FALSE,FALSE,FALSE,FALSE,FALSE,FALSE,FALSE,FALSE,FALSE,FALSE,FALSE,FALSE,FALSE,FALSE
"CD61FL","orientale",109.01,79.74,1499,44.2260330734669,19.3403229178922,"COD",2013,4.42260330734669,6.13203124151836,71,-1,46.0739534260408,82.3457774188114,4.61801181051593,2.5945435933519,67.4875269060795,63.3107195003163,37.1720251548191,26.6396952566767,6.40470892358379,30.5428788269016,18.878791576513,48.6300491507314,67.3110591493776,7.07532420808386,3.34057522,15.37901688,NA,15.2,2.73300404005781,FALSE,FALSE,FALSE,FALSE,FALSE,FALSE,FALSE,FALSE,FALSE,FALSE,FALSE,FALSE,FALSE,FALSE,FALSE,FALSE,FALSE
"CD61FL","sudkivu",122.64,82.96,1398,19.5838162794464,11.1157578788755,"COD",2013,1.95838162794464,6.13203124151836,71,-1,75.6434389892986,87.5600837401781,4.15157051821665,3.32766788216379,87.7979516860849,65.7587783646181,48.0117777081449,33.743518615779,5.38564085050986,40.5094856712136,18.7096659943991,71.6354157168827,6.45475401173716,5.9760635930603,3.34057522,15.37901688,NA,15.2,2.73300404005781,FALSE,FALSE,FALSE,FALSE,FALSE,FALSE,FALSE,FALSE,FALSE,FALSE,FALSE,FALSE,FALSE,FALSE,FALSE,FALSE,FALSE
"CD81FL","basuele",58.21,44.43,281,48.9866275125482,39.5445371901352,"COD",2023,4.89866275125482,6.49256107491737,60,9,15.946843110515,59.8945179499267,4.97792254029433,2.14549435926763,36.0587943545134,80.2717584768051,37.1720251548191,30.1972360949451,6.60243930539326,28.4818382469867,19.2186032517338,31.2246285543354,16.7964510179172,1.16541814465472,3.68495083,23.43148804,NA,22.1,3.1540807605329,FALSE,FALSE,FALSE,FALSE,FALSE,FALSE,TRUE,TRUE,TRUE,FALSE,FALSE,FALSE,FALSE,FALSE,FALSE,FALSE,FALSE
"CD81FL","equateur",61.01,36.02,638,41.2524800617955,33.0444426271417,"COD",2023,4.12524800617955,6.49256107491737,60,9,28.0628936619278,64.693496765197,7.70782595086756,2.66624941888744,38.4529477097544,71.0616935065129,37.1720251548191,30.1972360949451,6.60243930539326,29.6170957298493,19.3047122411344,25.5929623683852,27.8842810574243,13.683260924005,3.68495083,23.43148804,NA,22.1,3.1540807605329,FALSE,FALSE,FALSE,FALSE,FALSE,FALSE,TRUE,TRUE,TRUE,FALSE,FALSE,FALSE,FALSE,FALSE,FALSE,FALSE,FALSE
"CD81FL","hautkatanga",108.31,85.95,1369,25.1805901192018,57.472688020403,"COD",2023,2.51805901192018,6.49256107491737,60,9,56.4197012229613,91.6092901329668,7.23009685444786,4.11568039478954,47.1477119401874,27.2592772851563,37.1720251548191,30.1972360949451,6.60243930539326,34.9794829787184,19.3525725840104,87.517372713915,59.9528941534343,54.5220603175077,3.68495083,23.43148804,NA,22.1,3.1540807605329,FALSE,FALSE,FALSE,FALSE,FALSE,FALSE,TRUE,TRUE,TRUE,FALSE,FALSE,FALSE,FALSE,FALSE,FALSE,FALSE,FALSE
"CD81FL","hautlomami",121.24,87.09,721,34.6565233704194,14.9521304734924,"COD",2023,3.46565233704194,6.49256107491737,60,9,35.764811456416,63.1565435462277,4.72557464159807,2.55354817958608,46.0545034705558,50.3919313722178,37.1720251548191,30.1972360949451,6.60243930539326,31.5169833192171,19.6596135437333,44.1011713386329,11.8637657135156,5.42795788826369,3.68495083,23.43148804,NA,22.1,3.1540807605329,FALSE,FALSE,FALSE,FALSE,FALSE,FALSE,TRUE,TRUE,TRUE,FALSE,FALSE,FALSE,FALSE,FALSE,FALSE,FALSE,FALSE
"CD81FL","hautuele",49.3,31.31,398,47.6798264277977,32.5925136252164,"COD",2023,4.76798264277977,6.49256107491737,60,9,23.8507628275626,76.7169542577267,6.48627655634523,2.73174443878571,43.488190532567,68.5635114820159,37.1720251548191,30.1972360949451,6.60243930539326,27.9866931923931,19.9791956928279,46.6742255469874,8.53696190998658,8.9020876758724,3.68495083,23.43148804,NA,22.1,3.1540807605329,FALSE,FALSE,FALSE,FALSE,FALSE,FALSE,TRUE,TRUE,TRUE,FALSE,FALSE,FALSE,FALSE,FALSE,FALSE,FALSE,FALSE
"CD81FL","ituri",101.15,73.38,935,40.4016845953057,10.7736553949076,"COD",2023,4.04016845953057,6.49256107491737,60,9,55.8776542162068,96.2854260083851,4.05207721494152,2.40202061273176,67.0635386495993,68.1825830934588,37.1720251548191,30.1972360949451,6.60243930539326,28.0471494834606,19.1928360628365,44.8782637482282,17.4228030757687,7.20433677515476,3.68495083,23.43148804,NA,22.1,3.1540807605329,FALSE,FALSE,FALSE,FALSE,FALSE,FALSE,TRUE,TRUE,TRUE,FALSE,FALSE,FALSE,FALSE,FALSE,FALSE,FALSE,FALSE
"CD81FL","kasai",94.25,76.08,846,39.8518626512811,16.3449659412907,"COD",2023,3.98518626512811,6.49256107491737,60,9,27.3428576194294,83.9486341818626,6.47895334133292,1.95047095364898,33.8266850701893,45.0515151279206,37.1720251548191,30.1972360949451,6.60243930539326,31.9606000042431,19.2182252307801,24.454868372064,5.55539008349292,12.0223245732779,3.68495083,23.43148804,NA,22.1,3.1540807605329,FALSE,FALSE,FALSE,FALSE,FALSE,FALSE,TRUE,TRUE,TRUE,FALSE,FALSE,FALSE,FALSE,FALSE,FALSE,FALSE,FALSE
"CD81FL","kasaicentral",143.81,120.3,927,38.7244380351428,16.4882840998652,"COD",2023,3.87244380351428,6.49256107491737,60,9,70.9596949290082,90.5999813736919,5.4885886331679,1.78360021131453,81.7078966936846,56.2880791595427,37.1720251548191,30.1972360949451,6.60243930539326,32.9059321313824,18.9663631987059,40.8617882388617,5.93538499101503,0.303540913203443,3.68495083,23.43148804,NA,22.1,3.1540807605329,FALSE,FALSE,FALSE,FALSE,FALSE,FALSE,TRUE,TRUE,TRUE,FALSE,FALSE,FALSE,FALSE,FALSE,FALSE,FALSE,FALSE
"CD81FL","kasaioriental",103.83,85.84,670,21.4060308564105,65.4272321511909,"COD",2023,2.14060308564105,6.49256107491737,60,9,49.6728044307416,86.9305881625835,6.54306048808127,3.0604183768342,54.7209333508449,57.2463736273694,37.1720251548191,30.1972360949451,6.60243930539326,37.8523150806138,19.1643516524798,85.0909682353736,42.8753659269463,4.26155179328704,3.68495083,23.43148804,NA,22.1,3.1540807605329,FALSE,FALSE,FALSE,FALSE,FALSE,FALSE,TRUE,TRUE,TRUE,FALSE,FALSE,FALSE,FALSE,FALSE,FALSE,FALSE,FALSE
"CD81FL","kinshasa",64.14,40.06,1900,42.4992786071567,100,"COD",2023,4.24992786071567,6.49256107491737,60,9,81.7346848741996,98.0063138283856,11.0867538494136,4.81095033048149,94.585101229383,25.2941712329249,37.1720251548191,30.1972360949451,6.60243930539326,25.2279278269523,21.2604259890156,98.5201571272493,78.941642606999,84.9784995220998,3.68495083,23.43148804,NA,22.1,3.1540807605329,FALSE,FALSE,FALSE,FALSE,FALSE,FALSE,TRUE,TRUE,TRUE,FALSE,FALSE,FALSE,FALSE,FALSE,FALSE,FALSE,FALSE
"CD81FL","kongocentral",68.09,62.77,1016,36.9694583574078,22.8704951350324,"COD",2023,3.69694583574078,6.49256107491737,60,9,38.9170596992649,93.698861223794,5.69141393767142,2.90831882534073,42.5678268631553,61.6888907620446,37.1720251548191,30.1972360949451,6.60243930539326,18.5537877487892,20.4493703459114,42.4174785894383,14.6757370122983,15.9797804198745,3.68495083,23.43148804,NA,22.1,3.1540807605329,FALSE,FALSE,FALSE,FALSE,FALSE,FALSE,TRUE,TRUE,TRUE,FALSE,FALSE,FALSE,FALSE,FALSE,FALSE,FALSE,FALSE
"CD81FL","kwango",71.18,49.91,685,42.2059800972142,15.7866541628215,"COD",2023,4.22059800972142,6.49256107491737,60,9,44.3397209972247,76.9951094769076,6.11509148760769,1.93372362705667,52.230752341276,60.299630990626,37.1720251548191,30.1972360949451,6.60243930539326,26.801651157599,20.4433506055019,4.04550557518769,9.42404745818902,1.1032550625569,3.68495083,23.43148804,NA,22.1,3.1540807605329,FALSE,FALSE,FALSE,FALSE,FALSE,FALSE,TRUE,TRUE,TRUE,FALSE,FALSE,FALSE,FALSE,FALSE,FALSE,FALSE,FALSE
"CD81FL","kwilu",69.93,50.39,1280,45.9633450306007,16.3456524308646,"COD",2023,4.59633450306007,6.49256107491737,60,9,38.3115939680386,92.4516219743354,8.1741832832409,2.64834366641777,62.3891676462665,37.8644214715949,37.1720251548191,30.1972360949451,6.60243930539326,25.5444524561406,19.9564351473822,33.4552210956062,4.97598256011833,12.9261119266496,3.68495083,23.43148804,NA,22.1,3.1540807605329,FALSE,FALSE,FALSE,FALSE,FALSE,FALSE,TRUE,TRUE,TRUE,FALSE,FALSE,FALSE,FALSE,FALSE,FALSE,FALSE,FALSE
"CD81FL","lomami",100.63,79.22,687,41.0374990634748,38.2994075380178,"COD",2023,4.10374990634748,6.49256107491737,60,9,38.9940375619729,77.7353174727285,6.59503309997752,2.39428848921094,57.2639640408105,60.7744615685339,37.1720251548191,30.1972360949451,6.60243930539326,32.185920978461,19.7276766308074,52.2374062881718,24.0076274927688,2.15870498101192,3.68495083,23.43148804,NA,22.1,3.1540807605329,FALSE,FALSE,FALSE,FALSE,FALSE,FALSE,TRUE,TRUE,TRUE,FALSE,FALSE,FALSE,FALSE,FALSE,FALSE,FALSE,FALSE
"CD81FL","lualaba",144.93,112.39,1029,39.5899821106873,19.9796753563895,"COD",2023,3.95899821106873,6.49256107491737,60,9,51.2501306632515,88.9477179246492,4.7742432694923,3.22397070612381,57.1088767613237,49.2142050655779,37.1720251548191,30.1972360949451,6.60243930539326,31.9708020647762,18.9944615347141,39.939938545342,16.1909302685636,20.7017251081151,3.68495083,23.43148804,NA,22.1,3.1540807605329,FALSE,FALSE,FALSE,FALSE,FALSE,FALSE,TRUE,TRUE,TRUE,FALSE,FALSE,FALSE,FALSE,FALSE,FALSE,FALSE,FALSE
"CD81FL","maindombe",54.77,44.92,325,39.5738024510783,31.376045385874,"COD",2023,3.95738024510783,6.49256107491737,60,9,23.3816466751847,90.2107614613017,6.83102736779498,2.18043529334264,45.7300436706294,64.4573419362714,37.1720251548191,30.1972360949451,6.60243930539326,17.4263235284153,19.9152801507454,27.3584334198435,21.9579892054964,0.792138159362526,3.68495083,23.43148804,NA,22.1,3.1540807605329,FALSE,FALSE,FALSE,FALSE,FALSE,FALSE,TRUE,TRUE,TRUE,FALSE,FALSE,FALSE,FALSE,FALSE,FALSE,FALSE,FALSE
"CD81FL","maniema",130.46,95.03,788,29.0136126507798,20.1098126149258,"COD",2023,2.90136126507798,6.49256107491737,60,9,9.11571511284532,72.2709048147717,6.08013018318132,2.42086363185063,15.6118647149191,74.0679215837081,37.1720251548191,30.1972360949451,6.60243930539326,27.2318678585943,18.7356549650609,32.1503166298279,34.1172001291668,2.37527170221519,3.68495083,23.43148804,NA,22.1,3.1540807605329,FALSE,FALSE,FALSE,FALSE,FALSE,FALSE,TRUE,TRUE,TRUE,FALSE,FALSE,FALSE,FALSE,FALSE,FALSE,FALSE,FALSE
"CD81FL","mongala",158.31,101.89,482,47.7909604523418,8.86972825352926,"COD",2023,4.77909604523418,6.49256107491737,60,9,5.75858025855075,64.9146888998767,5.37471880303653,2.26132559156322,15.4975622685627,79.5112244185573,37.1720251548191,30.1972360949451,6.60243930539326,38.0388308659334,18.2141273927448,13.3285310066331,83.2332845363065,4.58323463032592,3.68495083,23.43148804,NA,22.1,3.1540807605329,FALSE,FALSE,FALSE,FALSE,FALSE,FALSE,TRUE,TRUE,TRUE,FALSE,FALSE,FALSE,FALSE,FALSE,FALSE,FALSE,FALSE
"CD81FL","nordkivu",46.1,22.64,1705,20.0535302586674,18.9139483135258,"COD",2023,2.00535302586674,6.49256107491737,60,9,71.316940811452,98.9818872721547,6.15265145549577,3.38834891449329,75.3070585116886,90.3267344892578,37.1720251548191,30.1972360949451,6.60243930539326,38.516494958261,19.4727722388948,79.3211022889114,35.0605696555257,10.0750737763466,3.68495083,23.43148804,NA,22.1,3.1540807605329,FALSE,FALSE,FALSE,FALSE,FALSE,FALSE,TRUE,TRUE,TRUE,FALSE,FALSE,FALSE,FALSE,FALSE,FALSE,FALSE,FALSE
"CD81FL","nordubangi",75.24,53.1,297,51.9139524846358,21.2291904730345,"COD",2023,5.19139524846358,6.49256107491737,60,9,40.1357289856907,71.594792556546,5.37673124595428,2.23157982748439,50.9207517070038,67.5174304139216,37.1720251548191,30.1972360949451,6.60243930539326,29.0855282737388,19.6409712598222,48.1734398864001,42.9899909719636,5.75545945751768,3.68495083,23.43148804,NA,22.1,3.1540807605329,FALSE,FALSE,FALSE,FALSE,FALSE,FALSE,TRUE,TRUE,TRUE,FALSE,FALSE,FALSE,FALSE,FALSE,FALSE,FALSE,FALSE
"CD81FL","sankuru",135.34,120.24,379,30.0827047940721,3.29917644561127,"COD",2023,3.00827047940721,6.49256107491737,60,9,26.7811815776228,43.9271990379115,4.20305236481829,1.77066055817652,42.5901308447134,76.2331304371583,37.1720251548191,30.1972360949451,6.60243930539326,34.1636367411869,19.7841540526163,5.78265969346251,33.3031077930223,0.555094183670365,3.68495083,23.43148804,NA,22.1,3.1540807605329,FALSE,FALSE,FALSE,FALSE,FALSE,FALSE,TRUE,TRUE,TRUE,FALSE,FALSE,FALSE,FALSE,FALSE,FALSE,FALSE,FALSE
"CD81FL","sudkivu",82.38,57.42,1573,21.7992252130413,18.9279473046733,"COD",2023,2.17992252130413,6.49256107491737,60,9,57.3020937359171,96.0172427007342,6.06767426479218,3.08566189733471,55.3383749062728,69.1879159322323,37.1720251548191,30.1972360949451,6.60243930539326,40.7785865961446,18.9960891804807,59.8370167239803,26.628141994997,17.1417730100464,3.68495083,23.43148804,NA,22.1,3.1540807605329,FALSE,FALSE,FALSE,FALSE,FALSE,FALSE,TRUE,TRUE,TRUE,FALSE,FALSE,FALSE,FALSE,FALSE,FALSE,FALSE,FALSE
"CD81FL","sudubangi",135.69,107.96,683,46.4839051895132,8.60815007692776,"COD",2023,4.64839051895132,6.49256107491737,60,9,25.2425843646272,70.3750223027577,4.50756183795274,2.28448736361815,31.5079613332475,81.7973349991469,37.1720251548191,30.1972360949451,6.60243930539326,34.7053190789455,19.090468153707,20.3597190564109,59.5931501992324,3.47800545969826,3.68495083,23.43148804,NA,22.1,3.1540807605329,FALSE,FALSE,FALSE,FALSE,FALSE,FALSE,TRUE,TRUE,TRUE,FALSE,FALSE,FALSE,FALSE,FALSE,FALSE,FALSE,FALSE
"CD81FL","tanganyika",69.34,47.44,544,34.9994554672926,9.81195858004926,"COD",2023,3.49994554672926,6.49256107491737,60,9,21.1748579450052,39.4217328611926,2.78386958966942,1.74797008698705,39.7303755371947,74.3859661496129,37.1720251548191,30.1972360949451,6.60243930539326,30.6691054782542,19.4662695470243,35.9861873629109,8.5656423587686,3.57156482583922,3.68495083,23.43148804,NA,22.1,3.1540807605329,FALSE,FALSE,FALSE,FALSE,FALSE,FALSE,TRUE,TRUE,TRUE,FALSE,FALSE,FALSE,FALSE,FALSE,FALSE,FALSE,FALSE
"CD81FL","tshopo",75.88,55.66,350,52.0043797456289,26.6634660488711,"COD",2023,5.20043797456289,6.49256107491737,60,9,9.38077050801656,74.9036043017885,7.01235162574287,2.82701236927129,41.2564849087541,83.4430483856983,37.1720251548191,30.1972360949451,6.60243930539326,27.6456519375072,18.6669982097847,42.304431724185,21.4564493905597,13.1835489303703,3.68495083,23.43148804,NA,22.1,3.1540807605329,FALSE,FALSE,FALSE,FALSE,FALSE,FALSE,TRUE,TRUE,TRUE,FALSE,FALSE,FALSE,FALSE,FALSE,FALSE,FALSE,FALSE
"CD81FL","tshuapa",136.59,113.76,458,63.0571140133599,4.80893640785703,"COD",2023,6.30571140133599,6.49256107491737,60,9,6.29570848058356,35.9202975516134,5.1462482301615,1.86745370369516,28.1226204827819,56.894628365102,37.1720251548191,30.1972360949451,6.60243930539326,29.7668723476795,19.5477266668418,2.29883110817329,56.1518595095103,8.46321382041911,3.68495083,23.43148804,NA,22.1,3.1540807605329,FALSE,FALSE,FALSE,FALSE,FALSE,FALSE,TRUE,TRUE,TRUE,FALSE,FALSE,FALSE,FALSE,FALSE,FALSE,FALSE,FALSE
"CG51FL","brazzaville",89.19,53.1,1201,37.2405274745809,100,"COG",2005,3.72405274745809,7.49501490705893,63,-9,83.4549933014166,97.1686085186183,8.76627581290166,4.17241453241556,78.0886066128677,95.7188891570667,23.3222174669543,9.23931737283579,4.88466972572273,16.3727528549566,19.3896147957528,0.549091204479205,38.5275753444221,57.2179822864229,1.71774101,30.90304375,NA,33.8,3.43085468228882,FALSE,FALSE,FALSE,FALSE,FALSE,FALSE,FALSE,FALSE,FALSE,FALSE,FALSE,FALSE,FALSE,FALSE,FALSE,FALSE,FALSE
"CG51FL","pointenoire",90.53,64.77,613,28.9862535875195,100,"COG",2005,2.89862535875195,7.49501490705893,63,-9,81.5747102418426,96.4079263751537,7.76427955753543,3.98094316462143,71.2055515474832,97.5355496354276,18.7816607905405,8.09395089730544,7.36302308471498,16.1924496094233,18.9342286256584,0,27.8435832732012,39.7031609972409,1.71774101,30.90304375,NA,33.8,3.43085468228882,FALSE,FALSE,FALSE,FALSE,FALSE,FALSE,FALSE,FALSE,FALSE,FALSE,FALSE,FALSE,FALSE,FALSE,FALSE,FALSE,FALSE
"CG61FL","bouenza",71.7,51.28,832,21.8762660506649,29.9133593644418,"COG",2011,2.18762660506649,8.13040214995433,83,-3,55.7447358420276,70.7827580584981,5.21976433667371,2.31491712317356,51.1121863367955,13.6287219424414,16.7483966763847,16.3440699564515,9.64976927229108,20.1143042384706,18.522071844982,54.8800883883334,42.1460004021998,27.2586045882697,1.75237322,59.51348114,NA,40.8,4.08620286066913,FALSE,FALSE,FALSE,FALSE,FALSE,FALSE,FALSE,FALSE,FALSE,FALSE,FALSE,FALSE,FALSE,FALSE,FALSE,FALSE,FALSE
"CG61FL","brazzaville",71.31,43.51,2207,9.09519987415582,100,"COG",2011,0.909519987415582,8.13040214995433,83,-3,55.0217634208198,97.2731838701815,8.95595891772637,3.77157682131466,81.2805796746585,25.567851831498,14.004903635899,10.8587796864437,3.84807662904717,16.2522385629149,19.6168544798021,93.7529520905015,59.514220178772,60.9155539539619,1.75237322,59.51348114,NA,40.8,4.08620286066913,FALSE,FALSE,FALSE,FALSE,FALSE,FALSE,FALSE,FALSE,FALSE,FALSE,FALSE,FALSE,FALSE,FALSE,FALSE,FALSE,FALSE
"CG61FL","cuvette",87.91,64.28,299,30.9103485525131,0,"COG",2011,3.09103485525131,8.13040214995433,83,-3,31.3613875002917,88.0374276109098,7.06106329296514,2.14738761477128,75.3605972900392,39.4813707646578,18.4524066788001,10.5019861992588,1.4186402708251,19.5391511279214,18.3043974678364,56.8879011693932,12.8881189213786,26.6347305544935,1.75237322,59.51348114,NA,40.8,4.08620286066913,FALSE,FALSE,FALSE,FALSE,FALSE,FALSE,FALSE,FALSE,FALSE,FALSE,FALSE,FALSE,FALSE,FALSE,FALSE,FALSE,FALSE
"CG61FL","cuvetteouest",88.17,69.51,122,26.7903102380494,0,"COG",2011,2.67903102380494,8.13040214995433,83,-3,27.0627285457908,83.5097153038207,6.58392106729382,1.55222045881464,64.2392696742287,25.7809740630702,22.3517733216154,18.0943754909163,6.14063082347955,18.5571639274354,18.3023117412729,20.2800141415848,3.81331854398146,6.17920275552224,1.75237322,59.51348114,NA,40.8,4.08620286066913,FALSE,FALSE,FALSE,FALSE,FALSE,FALSE,FALSE,FALSE,FALSE,FALSE,FALSE,FALSE,FALSE,FALSE,FALSE,FALSE,FALSE
"CG61FL","kouilou",67.06,47.63,237,22.4378550272762,0,"COG",2011,2.24378550272762,8.13040214995433,83,-3,42.4176100333465,82.4394500281651,5.34749735244011,1.51420591022618,70.2783843602724,1.29668093759649,23.7675113030869,21.8092515560085,5.8429832571344,20.6267828136239,18.1223331000377,33.1540926169834,8.91982950399056,3.84444665057847,1.75237322,59.51348114,NA,40.8,4.08620286066913,FALSE,FALSE,FALSE,FALSE,FALSE,FALSE,FALSE,FALSE,FALSE,FALSE,FALSE,FALSE,FALSE,FALSE,FALSE,FALSE,FALSE
"CG61FL","lekoumou",84.16,63.07,162,24.8482999586795,0,"COG",2011,2.48482999586794,8.13040214995433,83,-3,61.3974314986603,70.887408281028,5.38245550311588,1.6104944296362,63.1088819225514,21.8440872367677,33.7517376974003,24.4977978539966,5.51220046565164,17.3936399087989,18.4716560649816,44.8973696321331,14.3877733846896,5.27853085892562,1.75237322,59.51348114,NA,40.8,4.08620286066913,FALSE,FALSE,FALSE,FALSE,FALSE,FALSE,FALSE,FALSE,FALSE,FALSE,FALSE,FALSE,FALSE,FALSE,FALSE,FALSE,FALSE
"CG61FL","likouala",64.37,42.68,405,38.7208678056659,0,"COG",2011,3.87208678056659,8.13040214995433,83,-3,32.3125586639303,83.737077523623,6.1892059944964,1.57954141983817,56.9956946044072,43.0542289609434,22.5455525335338,16.6295928776683,2.38370515858571,26.683527937727,18.0778073207323,52.7543668604343,11.0482725638088,21.0260192886773,1.75237322,59.51348114,NA,40.8,4.08620286066913,FALSE,FALSE,FALSE,FALSE,FALSE,FALSE,FALSE,FALSE,FALSE,FALSE,FALSE,FALSE,FALSE,FALSE,FALSE,FALSE,FALSE
"CG61FL","niari",55.98,42.7,460,28.7586741155929,46.7646752434073,"COG",2011,2.87586741155929,8.13040214995433,83,-3,63.5926689088066,72.6684040100878,6.56673564518856,2.55779721882099,80.5384019076244,14.1652687038019,21.4058066359277,16.4761597140701,4.26063789456216,18.0825655002567,18.8343270682929,53.0881294962005,40.5004660029124,29.9912602301291,1.75237322,59.51348114,NA,40.8,4.08620286066913,FALSE,FALSE,FALSE,FALSE,FALSE,FALSE,FALSE,FALSE,FALSE,FALSE,FALSE,FALSE,FALSE,FALSE,FALSE,FALSE,FALSE
"CG61FL","plateaux",66.39,45.32,309,18.3114741698935,0,"COG",2011,1.83114741698935,8.13040214995433,83,-3,21.038557432657,82.4320438847446,5.39103739220805,1.44356530418846,41.8710242839025,27.3659755346094,27.9942762676693,24.2739913224666,7.54547055856563,18.6270214790397,18.7856478278893,47.8316447642093,2.89855275606994,5.80487270208634,1.75237322,59.51348114,NA,40.8,4.08620286066913,FALSE,FALSE,FALSE,FALSE,FALSE,FALSE,FALSE,FALSE,FALSE,FALSE,FALSE,FALSE,FALSE,FALSE,FALSE,FALSE,FALSE
"CG61FL","pointenoire",62.34,42.91,1673,14.7926279641726,100,"COG",2011,1.47926279641726,8.13040214995433,83,-3,71.4352504068453,97.1409031113936,8.24139422197141,3.65978407613945,88.6894059747572,9.09471543805502,17.527640891855,13.0840623674506,3.63389859480187,16.1006898318062,19.2842533176915,95.7575072313808,48.8842092818616,53.9145137839939,1.75237322,59.51348114,NA,40.8,4.08620286066913,FALSE,FALSE,FALSE,FALSE,FALSE,FALSE,FALSE,FALSE,FALSE,FALSE,FALSE,FALSE,FALSE,FALSE,FALSE,FALSE,FALSE
"CG61FL","pool",50.43,37.76,541,11.2735492892514,0,"COG",2011,1.12735492892514,8.13040214995433,83,-3,74.1844565449226,90.6111454602487,6.1139493718032,1.58224808541978,79.5003826537165,36.3246789884556,23.2415519458921,19.5516238349558,8.42222198399379,16.0453176225776,18.998649666481,44.5111368826849,9.89263318179052,6.47846137353761,1.75237322,59.51348114,NA,40.8,4.08620286066913,FALSE,FALSE,FALSE,FALSE,FALSE,FALSE,FALSE,FALSE,FALSE,FALSE,FALSE,FALSE,FALSE,FALSE,FALSE,FALSE,FALSE
"CG61FL","sangha",93.38,78.33,146,35.4379455345944,32.9527586466657,"COG",2011,3.54379455345944,8.13040214995433,83,-3,35.095541155802,79.4425726837997,5.9474469454418,2.1132122168367,52.0065744016393,11.1429810363577,33.3450293591267,16.6576975932101,1.70221840891403,20.858699559564,18.2968688818479,49.7688156246984,14.2528228100872,17.0499045785308,1.75237322,59.51348114,NA,40.8,4.08620286066913,FALSE,FALSE,FALSE,FALSE,FALSE,FALSE,FALSE,FALSE,FALSE,FALSE,FALSE,FALSE,FALSE,FALSE,FALSE,FALSE,FALSE
"CI81FL","abidjan",59.47,24.49,1840,10.3671445727734,95.4663587697047,"CIV",2021,1.03671445727734,7.80628166562701,73,7,46.4304583350099,95.0985090169725,5.20119496853166,4.33914310635779,44.7074687898681,43.1777168977143,28.9416813746783,21.8984907101637,6.1975875125797,17.8522075249383,20.6702646319607,96.3506315600158,88.9099806467704,90.9723420573174,3.76207662,92.39588928,NA,71.1,4.52608248934632,FALSE,FALSE,FALSE,FALSE,FALSE,FALSE,TRUE,TRUE,TRUE,FALSE,FALSE,FALSE,FALSE,FALSE,FALSE,FALSE,FALSE
"CI81FL","bassassandra",64.17,34.89,909,35.2635461585744,29.58601047239,"CIV",2021,3.52635461585744,7.80628166562701,73,7,62.0061796277444,76.3533629708821,2.37396481190568,2.3367665885857,64.3339252468542,36.3093236206673,28.9416813746783,21.8984907101637,6.1975875125797,20.190498095085,19.3403200439164,67.8625678262958,49.119984187011,63.7367087964282,3.76207662,92.39588928,NA,71.1,4.52608248934632,FALSE,FALSE,FALSE,FALSE,FALSE,FALSE,TRUE,TRUE,TRUE,FALSE,FALSE,FALSE,FALSE,FALSE,FALSE,FALSE,FALSE
"CI81FL","comoe",36.4,15.05,385,18.7295015156502,39.5664633974006,"CIV",2021,1.87295015156502,7.80628166562701,73,7,65.0864827481102,93.4807051683266,3.5708693775831,3.32852841562806,60.1181182280351,54.388505767807,28.9416813746783,21.8984907101637,6.1975875125797,18.5791104707894,20.112613455418,79.6825770374321,79.5751114536419,80.7824187737945,3.76207662,92.39588928,NA,71.1,4.52608248934632,FALSE,FALSE,FALSE,FALSE,FALSE,FALSE,TRUE,TRUE,TRUE,FALSE,FALSE,FALSE,FALSE,FALSE,FALSE,FALSE,FALSE
"CI81FL","denguele",129.72,89.32,176,27.336849111372,31.2509792333759,"CIV",2021,2.7336849111372,7.80628166562701,73,7,49.9430871533072,62.3356541744645,1.23599851616691,2.46273136575487,65.7937726262034,26.6071402004493,28.9416813746783,21.8984907101637,6.1975875125797,33.2178613127509,18.693887573334,88.0270235861261,60.2461690566359,75.0957209614106,3.76207662,92.39588928,NA,71.1,4.52608248934632,FALSE,FALSE,FALSE,FALSE,FALSE,FALSE,TRUE,TRUE,TRUE,FALSE,FALSE,FALSE,FALSE,FALSE,FALSE,FALSE,FALSE
"CI81FL","gohdjiboua",74.74,50.22,667,26.7656590936071,42.782360465529,"CIV",2021,2.67656590936071,7.80628166562701,73,7,58.6520509944753,81.227099177763,2.82199095790957,2.83934356550701,61.5768537484505,28.6018624810567,28.9416813746783,21.8984907101637,6.1975875125797,19.737335137988,19.4700472090672,76.3324118049982,70.9528709946964,80.0777706990333,3.76207662,92.39588928,NA,71.1,4.52608248934632,FALSE,FALSE,FALSE,FALSE,FALSE,FALSE,TRUE,TRUE,TRUE,FALSE,FALSE,FALSE,FALSE,FALSE,FALSE,FALSE,FALSE
"CI81FL","lacs",73.12,43.05,412,30.4186906751066,29.39793546215,"CIV",2021,3.04186906751066,7.80628166562701,73,7,72.6883778867962,76.33343297577,3.21771653870869,2.68544930010077,71.9226028200929,19.1870194189929,28.9416813746783,21.8984907101637,6.1975875125797,22.6511129970259,19.0375622954552,86.6926873754579,38.388525832598,73.0044716265545,3.76207662,92.39588928,NA,71.1,4.52608248934632,FALSE,FALSE,FALSE,FALSE,FALSE,FALSE,TRUE,TRUE,TRUE,FALSE,FALSE,FALSE,FALSE,FALSE,FALSE,FALSE,FALSE
"CI81FL","lagunes",44.75,27.68,600,21.7540985447661,41.4226024732045,"CIV",2021,2.17540985447661,7.80628166562701,73,7,50.2361823293167,80.2236747222038,3.33015147133957,2.81346628513062,56.1620547312629,31.7207298842959,28.9416813746783,21.8984907101637,6.1975875125797,20.3553034593632,19.4699872700235,77.237592001754,56.8456987723711,70.6483139815756,3.76207662,92.39588928,NA,71.1,4.52608248934632,FALSE,FALSE,FALSE,FALSE,FALSE,FALSE,TRUE,TRUE,TRUE,FALSE,FALSE,FALSE,FALSE,FALSE,FALSE,FALSE,FALSE
"CI81FL","montagnes",104.34,73.17,969,38.6184765461955,34.5385818596479,"CIV",2021,3.86184765461955,7.80628166562701,73,7,63.2240533774018,69.31517620411,2.20063763331682,2.2152337789783,68.6383961917652,38.3476823801071,28.9416813746783,21.8984907101637,6.1975875125797,23.5637867338124,18.7697936584695,62.358809244308,46.8318226254057,55.1304148906348,3.76207662,92.39588928,NA,71.1,4.52608248934632,FALSE,FALSE,FALSE,FALSE,FALSE,FALSE,TRUE,TRUE,TRUE,FALSE,FALSE,FALSE,FALSE,FALSE,FALSE,FALSE,FALSE
"CI81FL","sassandramarahoue",85.19,57.87,1069,39.0380165237127,39.9356571742884,"CIV",2021,3.90380165237127,7.80628166562701,73,7,39.6845577353158,72.7093136388689,2.0374470820204,2.25649119770256,57.773078223223,19.2741673062386,28.9416813746783,21.8984907101637,6.1975875125797,23.821444746549,19.0704767005362,75.7644781980776,49.1579051139051,53.3545180137388,3.76207662,92.39588928,NA,71.1,4.52608248934632,FALSE,FALSE,FALSE,FALSE,FALSE,FALSE,TRUE,TRUE,TRUE,FALSE,FALSE,FALSE,FALSE,FALSE,FALSE,FALSE,FALSE
"CI81FL","savanes",87.75,46.11,747,18.7354237928873,42.1332580957236,"CIV",2021,1.87354237928873,7.80628166562701,73,7,55.2465271273848,83.3598241470685,1.37797127639827,2.37789933374306,69.2734406051816,44.5301834542508,28.9416813746783,21.8984907101637,6.1975875125797,24.5017005903749,19.420508169539,84.7985229119417,40.192896910773,57.9955753165072,3.76207662,92.39588928,NA,71.1,4.52608248934632,FALSE,FALSE,FALSE,FALSE,FALSE,FALSE,TRUE,TRUE,TRUE,FALSE,FALSE,FALSE,FALSE,FALSE,FALSE,FALSE,FALSE
"CI81FL","valleedubandama",67.52,36.51,575,24.1115928506148,51.4726108988328,"CIV",2021,2.41115928506148,7.80628166562701,73,7,70.8657427459981,84.4751162256331,2.95564679923758,2.95753593847314,76.5911891084162,34.7689156349432,28.9416813746783,21.8984907101637,6.1975875125797,20.3519033187715,19.4439335143325,91.3729301533122,51.8150244447795,74.112647896136,3.76207662,92.39588928,NA,71.1,4.52608248934632,FALSE,FALSE,FALSE,FALSE,FALSE,FALSE,TRUE,TRUE,TRUE,FALSE,FALSE,FALSE,FALSE,FALSE,FALSE,FALSE,FALSE
"CI81FL","woroba",128.44,85.4,514,34.9420628459773,22.7662143926632,"CIV",2021,3.49420628459773,7.80628166562701,73,7,40.9735331603024,57.1738905166684,1.16378467865223,2.07079992079176,58.308018866281,24.8372434293359,28.9416813746783,21.8984907101637,6.1975875125797,25.4678158655207,18.7523152035379,73.5541910051672,42.6193220988923,45.6848041024814,3.76207662,92.39588928,NA,71.1,4.52608248934632,FALSE,FALSE,FALSE,FALSE,FALSE,FALSE,TRUE,TRUE,TRUE,FALSE,FALSE,FALSE,FALSE,FALSE,FALSE,FALSE,FALSE
"CI81FL","yamoussoukro",54.21,31.11,111,20.0046811845883,65.1334675366883,"CIV",2021,2.00046811845883,7.80628166562701,73,7,79.6717402882045,85.8410210065899,4.47973160392159,3.74533256124622,71.7524187719173,38.5114606909794,28.9416813746783,21.8984907101637,6.1975875125797,19.3925824951327,20.456077416543,93.3281681504979,72.5845555216823,86.8750122429622,3.76207662,92.39588928,NA,71.1,4.52608248934632,FALSE,FALSE,FALSE,FALSE,FALSE,FALSE,TRUE,TRUE,TRUE,FALSE,FALSE,FALSE,FALSE,FALSE,FALSE,FALSE,FALSE
"CI81FL","zanzan",51.79,42.4,466,34.7003873628339,22.0822571047237,"CIV",2021,3.47003873628339,7.80628166562701,73,7,68.0034572778455,77.393571955775,1.90401644630411,2.34162444425359,68.5075116373849,64.5844399087082,28.9416813746783,21.8984907101637,6.1975875125797,24.2578355878509,19.3295603389339,82.3371235013944,47.9300501197274,59.9285481697401,3.76207662,92.39588928,NA,71.1,4.52608248934632,FALSE,FALSE,FALSE,FALSE,FALSE,FALSE,TRUE,TRUE,TRUE,FALSE,FALSE,FALSE,FALSE,FALSE,FALSE,FALSE,FALSE
"CM44FL","centre",119.35,95.12,612,52.6028992484223,32.484175293548,"CMR",2004,5.26028992484223,7.03297130362323,73,-10,66.1545759104925,63.5753980682699,6.25916135485942,3.08519471877599,57.439718549005,100,27.362651936649,7.50049951070474,4.02998461758868,29.9121683999526,18.5402545921394,43.142171967844,1.46680017020517,45.481370853009,3.72798991,42.25278473,NA,47.1,3.74367026240039,FALSE,FALSE,FALSE,FALSE,FALSE,FALSE,FALSE,FALSE,FALSE,FALSE,FALSE,FALSE,FALSE,FALSE,FALSE,FALSE,FALSE
"CM44FL","douala",72.77,39.85,503,69.929653191678,100,"CMR",2004,6.9929653191678,7.03297130362323,73,-10,74.7252747252748,94.2148760330578,8.08710217755436,4.44908180300497,82.4175824175825,100,20.8092485549132,2.31213872832369,1.71428571428571,27.2131147540983,20.1202003338897,15.7258064516128,23.1854838709676,93.75,3.72798991,42.25278473,NA,47.1,3.74367026240039,FALSE,FALSE,FALSE,FALSE,FALSE,FALSE,FALSE,FALSE,FALSE,FALSE,FALSE,FALSE,FALSE,FALSE,FALSE,FALSE,FALSE
"CM44FL","littoral",119.07,79.46,270,69.7911776643352,68.9231393926984,"CMR",2004,6.97911776643352,7.03297130362323,73,-10,81.6363742576756,91.3498647195983,6.63221549315446,3.43856893008044,77.071169565766,98.6149071999424,25.365174298763,8.34637690958251,2.7821256365275,22.2967465362595,19.2407306882328,34.3534765558069,5.42087063837262,57.544004315663,3.72798991,42.25278473,NA,47.1,3.74367026240039,FALSE,FALSE,FALSE,FALSE,FALSE,FALSE,FALSE,FALSE,FALSE,FALSE,FALSE,FALSE,FALSE,FALSE,FALSE,FALSE,FALSE
"CM44FL","yaounde",135.24,106.42,491,46.3803006168582,100,"CMR",2004,4.63803006168582,7.03297130362323,73,-10,67.3913043478261,89.1647855530474,8.48820326678766,4.60108303249102,80.4347826086957,90.5660377358491,10.1351351351352,6.0810810810811,2.70270270270271,28.9027653880462,19.2274368231048,8.40517241379316,21.5517241379312,92.2246220302373,3.72798991,42.25278473,NA,47.1,3.74367026240039,FALSE,FALSE,FALSE,FALSE,FALSE,FALSE,FALSE,FALSE,FALSE,FALSE,FALSE,FALSE,FALSE,FALSE,FALSE,FALSE,FALSE
"CM61FL","centre",104.69,75.46,811,32.039661095933,28.8712979870147,"CMR",2011,3.2039661095933,7.32248439003129,81,-3,76.5022820359531,72.3428889199103,6.97132585770627,3.21269995468052,73.8831327545238,20.1020744806254,16.7250594226703,8.70727399943157,3.1062429067852,28.1031048458773,18.7817273093729,70.1204637723826,52.2241428829186,57.4235675998124,3.85282946,58.33031845,NA,53.7,4.06612200020547,FALSE,FALSE,FALSE,FALSE,FALSE,FALSE,FALSE,FALSE,FALSE,FALSE,FALSE,FALSE,FALSE,FALSE,FALSE,FALSE,FALSE
"CM61FL","douala",64.85,32.9,801,22.6211630319856,100,"CMR",2011,2.26211630319856,7.32248439003129,81,-3,84.5072385987317,98.1357660195303,8.76228526063454,4.55201628099718,84.7796369676425,15.5092267743018,8.65550361365132,3.99301032433036,2.16439537870842,22.5507881289756,20.4668422792376,96.2376964870881,93.6238586647349,95.0952177377427,3.85282946,58.33031845,NA,53.7,4.06612200020547,FALSE,FALSE,FALSE,FALSE,FALSE,FALSE,FALSE,FALSE,FALSE,FALSE,FALSE,FALSE,FALSE,FALSE,FALSE,FALSE,FALSE
"CM61FL","littoral",108.45,74.95,383,23.5059260127639,63.7929323238732,"CMR",2011,2.35059260127638,7.32248439003129,81,-3,81.7591484440464,92.0947255615956,7.27364035676017,3.59810971285614,85.551735112544,33.1353049357723,19.8642512842187,5.8808485390391,1.12408376319581,21.4312115832076,19.6357997043592,69.8298689725559,67.9220174695772,71.5588705884957,3.85282946,58.33031845,NA,53.7,4.06612200020547,FALSE,FALSE,FALSE,FALSE,FALSE,FALSE,FALSE,FALSE,FALSE,FALSE,FALSE,FALSE,FALSE,FALSE,FALSE,FALSE,FALSE
"CM61FL","yaounde",69.84,37.99,853,19.0832955970759,100,"CMR",2011,1.90832955970759,7.32248439003129,81,-3,80.2222682442314,92.1394023771507,9.10744917938248,4.53018259201365,78.5841489149548,25.09824857673,9.48657875815699,3.67753557958543,1.03833803371781,24.655519829417,19.8892983169457,96.331099302766,90.2621371254147,97.5515446974948,3.85282946,58.33031845,NA,53.7,4.06612200020547,FALSE,FALSE,FALSE,FALSE,FALSE,FALSE,FALSE,FALSE,FALSE,FALSE,FALSE,FALSE,FALSE,FALSE,FALSE,FALSE,FALSE
"CM71FL","adamawa",92.97,57.49,462,33.8519167713662,36.9948982771671,"CMR",2018,3.38519167713662,7.38442192091887,68,4,56.4923459057693,46.0264569728624,2.92696945722627,2.57637459826541,59.6471329709531,36.9549404235009,29.8442715526749,18.4656142363223,8.98678949332385,31.3854254662123,18.4408519142425,59.172737006581,38.4970194962253,43.3295264757791,3.61970162,58.32909393,NA,62.2,4.0661010071287,FALSE,FALSE,FALSE,FALSE,FALSE,FALSE,FALSE,FALSE,FALSE,FALSE,FALSE,FALSE,FALSE,FALSE,FALSE,FALSE,FALSE
"CM71FL","douala",47.26,22.91,835,18.8526335098172,100,"CMR",2018,1.88526335098172,7.38442192091887,68,4,84.6473652630533,98.0084828816214,9.93781656769087,4.54132193930096,83.3282716861178,38.8652098801733,2.8589302596145,3.48596094579849,2.29919007580289,24.3257713370891,21.3632646103414,97.3902442514836,90.9672001315508,96.8023205069111,3.61970162,58.32909393,NA,62.2,4.0661010071287,FALSE,FALSE,FALSE,FALSE,FALSE,FALSE,FALSE,FALSE,FALSE,FALSE,FALSE,FALSE,FALSE,FALSE,FALSE,FALSE,FALSE
"CM71FL","east",124.6,80.59,657,44.5416289496159,36.8054165273141,"CMR",2018,4.45416289496159,7.38442192091887,68,4,68.281214940772,56.2221019613985,6.11942176565973,2.73715078577779,63.2609706745611,48.6922580598096,30.5024550307687,13.7623846658512,4.09445553288479,34.5417361127138,18.1035163795896,66.1181961474242,38.416877928976,41.8342891096843,3.61970162,58.32909393,NA,62.2,4.0661010071287,FALSE,FALSE,FALSE,FALSE,FALSE,FALSE,FALSE,FALSE,FALSE,FALSE,FALSE,FALSE,FALSE,FALSE,FALSE,FALSE,FALSE
"CM71FL","farnorth",76.6,52.03,1901,16.8277312514797,28.4897129721495,"CMR",2018,1.68277312514797,7.38442192091887,68,4,61.3111489185738,37.7899687252497,1.94507114079753,1.83187398265215,52.195688410795,21.9179630976495,31.3610498641836,31.2818572325681,9.08659205251438,35.8051149635265,18.1435081817107,74.879459114568,31.8883102755638,18.2810109204939,3.61970162,58.32909393,NA,62.2,4.0661010071287,FALSE,FALSE,FALSE,FALSE,FALSE,FALSE,FALSE,FALSE,FALSE,FALSE,FALSE,FALSE,FALSE,FALSE,FALSE,FALSE,FALSE
"CM71FL","north",107.13,77.02,1544,23.3543765274648,20.4557580348211,"CMR",2018,2.33543765274648,7.38442192091887,68,4,57.9179566532342,36.8309308900696,2.04389943261154,1.94101321442464,48.1061531732671,48.8310380327532,34.7123875782823,17.5499383723453,3.77677480608092,36.1411415134865,18.7008949443924,39.8764537252004,38.9682074358631,26.7336996204673,3.61970162,58.32909393,NA,62.2,4.0661010071287,FALSE,FALSE,FALSE,FALSE,FALSE,FALSE,FALSE,FALSE,FALSE,FALSE,FALSE,FALSE,FALSE,FALSE,FALSE,FALSE,FALSE
"CM71FL","northwest",44.56,26.72,563,13.1579270147973,35.0267269303671,"CMR",2018,1.31579270147973,7.38442192091887,68,4,90.7205120206949,90.3771233722998,7.49488548931135,2.83504127429078,87.326679807165,60.1293995767897,23.4053884050795,4.66454064053196,1.49616466527736,16.7542828047118,19.7262755309768,78.9498411058658,44.6884084780639,55.0819804215507,3.61970162,58.32909393,NA,62.2,4.0661010071287,FALSE,FALSE,FALSE,FALSE,FALSE,FALSE,FALSE,FALSE,FALSE,FALSE,FALSE,FALSE,FALSE,FALSE,FALSE,FALSE,FALSE
"CM71FL","south",92.45,51.7,432,36.1155637663572,34.9968531187749,"CMR",2018,3.61155637663572,7.38442192091887,68,4,81.4822572042347,79.7787448112545,8.45693830994787,3.39150836415738,70.0517878999059,41.5522963610335,22.9908819525017,5.21960085568445,2.38626320763712,27.0327994395663,18.9163092594652,78.6863271465561,54.4304750676275,67.9163262050383,3.61970162,58.32909393,NA,62.2,4.0661010071287,FALSE,FALSE,FALSE,FALSE,FALSE,FALSE,FALSE,FALSE,FALSE,FALSE,FALSE,FALSE,FALSE,FALSE,FALSE,FALSE,FALSE
"CM71FL","southwest",48.81,35.72,119,24.3724601602138,100,"CMR",2018,2.43724601602138,7.38442192091887,68,4,93.187938627099,99.3939469460375,9.68408297970774,4.33412941313893,83.356453804742,63.1616051394357,27.2436371482491,6.16980628507909,0.616614634379683,22.7819369898294,21.2724226475872,95.9676530790704,94.0186623158186,96.4355509897436,3.61970162,58.32909393,NA,62.2,4.0661010071287,FALSE,FALSE,FALSE,FALSE,FALSE,FALSE,FALSE,FALSE,FALSE,FALSE,FALSE,FALSE,FALSE,FALSE,FALSE,FALSE,FALSE
"CM71FL","west",73.66,41.3,1008,14.5367182878728,45.2740219838299,"CMR",2018,1.45367182878728,7.38442192091887,68,4,79.6317727554412,96.0296685179069,7.44819913639137,3.31316168606063,68.4976615733461,50.2618194921667,21.4449099659551,6.59746702241634,0.801615924620844,26.5027982201556,19.388230943534,70.4599247890189,68.5554302102881,71.6778133532046,3.61970162,58.32909393,NA,62.2,4.0661010071287,FALSE,FALSE,FALSE,FALSE,FALSE,FALSE,FALSE,FALSE,FALSE,FALSE,FALSE,FALSE,FALSE,FALSE,FALSE,FALSE,FALSE
"CM71FL","yaounde",60.13,26.93,790,19.4471941268339,100,"CMR",2018,1.94471941268339,7.38442192091887,68,4,81.2938277915229,92.4523482181672,10.0791440439016,4.42625937880153,79.2236017398691,45.4004318198375,10.2466678821155,2.99752778559361,2.02093167225694,27.5056428252586,20.5566912692425,96.2925114994328,87.4236504512873,97.2883426520326,3.61970162,58.32909393,NA,62.2,4.0661010071287,FALSE,FALSE,FALSE,FALSE,FALSE,FALSE,FALSE,FALSE,FALSE,FALSE,FALSE,FALSE,FALSE,FALSE,FALSE,FALSE,FALSE
"ET41FL","affar",212.42,183.97,127,2.64056066240725,8.73115657782762,"ETH",2000,0.264056066240725,4.80622519255202,30,-14,1.06147210805563,4.13255667968875,0.513140210112746,2.98158893409715,10.9392895077591,96.4103362803448,48.1572398228169,50.6554011878873,12.2743186845339,40.3455922151724,19.3917253514981,10.9835199090663,0.613406330582764,6.0558851176314,4.36504698,5.28970861,NA,12.7,1.66576316117727,FALSE,FALSE,FALSE,FALSE,TRUE,FALSE,FALSE,FALSE,FALSE,FALSE,FALSE,FALSE,FALSE,FALSE,FALSE,FALSE,FALSE
"ET41FL","amhara",161.87,112.51,3200,3.58290327091918,8.35657236515723,"ETH",2000,0.358290327091918,4.80622519255202,30,-14,20.5923071239666,2.77485115372366,0.536724444857281,2.98158893409715,27.0694652090189,100,56.6466312273152,51.4665075727308,9.75659736825822,22.2264918474,17.7585501983923,9.89191534616259,0.252322427376555,6.77798376048364,4.36504698,5.28970861,NA,12.7,1.66576316117727,FALSE,FALSE,FALSE,FALSE,TRUE,FALSE,FALSE,FALSE,FALSE,FALSE,FALSE,FALSE,FALSE,FALSE,FALSE,FALSE,FALSE
"ET41FL","diredawa",169.63,133.2,41,3.73896395638001,60.4918296280982,"ETH",2000,0.373896395638001,4.80622519255202,30,-14,52.4370113770426,31.0862132309773,3.20310367779679,2.98158893409715,52.5281064322593,100,31.0907211147262,30.8933050097562,11.0905567608008,37.2914212917697,20.1651651844614,78.8594601901407,7.12219954504774,60.2883187642151,4.36504698,5.28970861,NA,12.7,1.66576316117727,FALSE,FALSE,FALSE,FALSE,TRUE,FALSE,FALSE,FALSE,FALSE,FALSE,FALSE,FALSE,FALSE,FALSE,FALSE,FALSE,FALSE
"ET41FL","gambela",201.52,147.44,28,7.50597196490875,27.3270373273868,"ETH",2000,0.750597196490875,4.80622519255202,30,-14,12.7055729091304,23.2613259226436,1.55204182249963,2.98158893409715,20.263656117341,95.2471740161303,36.4326207954132,38.2988992808911,17.1992009681489,21.6748607953049,18.353842212546,17.5418867583597,2.35628773379655,16.4649487127314,4.36504698,5.28970861,NA,12.7,1.66576316117727,FALSE,FALSE,FALSE,FALSE,TRUE,FALSE,FALSE,FALSE,FALSE,FALSE,FALSE,FALSE,FALSE,FALSE,FALSE,FALSE,FALSE
"ET41FL","harari",139.28,100.93,24,3.12851458350368,41.3029258954641,"ETH",2000,0.312851458350368,4.80622519255202,30,-14,51.3826210860135,24.6878384150645,2.76558790233555,2.98158893409715,58.5895826699419,100,36.9164813509182,27.0010482960049,6.13531759459968,42.5445319148958,18.620044725808,50.4833168084644,3.40007905796685,52.2914494234281,4.36504698,5.28970861,NA,12.7,1.66576316117727,FALSE,FALSE,FALSE,FALSE,TRUE,FALSE,FALSE,FALSE,FALSE,FALSE,FALSE,FALSE,FALSE,FALSE,FALSE,FALSE,FALSE
"ET41FL","oromiya",174.23,121.33,4649,3.6136498877434,8.97154984847628,"ETH",2000,0.36136498877434,4.80622519255202,30,-14,16.6374977949833,4.31089013519327,0.794194905070376,2.98158893409715,19.6010703247158,98.9030613928051,47.3149858807235,42.9355260428073,10.4729482572995,32.5116894580933,18.5348081264439,13.5452076766123,0.167478404156555,9.06205292112936,4.36504698,5.28970861,NA,12.7,1.66576316117727,FALSE,FALSE,FALSE,FALSE,TRUE,FALSE,FALSE,FALSE,FALSE,FALSE,FALSE,FALSE,FALSE,FALSE,FALSE,FALSE,FALSE
"ET41FL","snnp",166.08,125.98,2583,4.2907052437018,6.10117478183822,"ETH",2000,0.42907052437018,4.80622519255202,30,-14,16.9334159635384,4.27647505897999,0.814317443754985,2.98158893409715,24.3008310868853,98.6669217905442,53.8624017703345,52.5472690351285,12.0987393508283,28.9716585469518,19.5506714871805,12.1058482073649,0,4.7720563611263,4.36504698,5.28970861,NA,12.7,1.66576316117727,FALSE,FALSE,FALSE,FALSE,TRUE,FALSE,FALSE,FALSE,FALSE,FALSE,FALSE,FALSE,FALSE,FALSE,FALSE,FALSE,FALSE
"ET41FL","somali",153.09,115.15,152,3.60461011199627,32.7637658157324,"ETH",2000,0.360461011199627,4.80622519255202,30,-14,24.4494519575058,5.59416406234108,0.361694612457086,2.98158893409715,39.298745323504,77.985169292936,45.0058090300107,43.4235133471731,20.9950159347052,48.8322889831687,19.0434270885274,14.556996336034,0,7.69665016221134,4.36504698,5.28970861,NA,12.7,1.66576316117727,FALSE,FALSE,FALSE,FALSE,TRUE,FALSE,FALSE,FALSE,FALSE,FALSE,FALSE,FALSE,FALSE,FALSE,FALSE,FALSE,FALSE
"ET41FL","tigray",142.4,86.71,783,1.89140584204111,19.6638227850619,"ETH",2000,0.189140584204111,4.80622519255202,30,-14,56.827074920572,3.7094655822255,0.588845783019028,2.98158893409715,66.5906268650554,99.1468960559704,55.7689920187351,48.3061811615069,10.8959250194308,19.9961331502863,18.5633453057365,20.9762615999688,1.42153462418344,14.5650053372102,4.36504698,5.28970861,NA,12.7,1.66576316117727,FALSE,FALSE,FALSE,FALSE,TRUE,FALSE,FALSE,FALSE,FALSE,FALSE,FALSE,FALSE,FALSE,FALSE,FALSE,FALSE,FALSE
"ET51FL","amhara",155.65,103.04,2687,5.15153649966369,5.86779510455423,"ETH",2005,0.515153649966369,5.06413472103846,43,-9,32.1404384712715,3.53344094327859,0.676832071005329,2.98797972902051,34.8919572094916,99.479382363093,56.465476883832,48.9999618805627,14.0154325259771,24.0087585929118,17.8917902716189,60.5266189581753,7.4701228637441,7.19434066487409,4.10098124,6.4820013,NA,14,1.86902930527472,FALSE,FALSE,FALSE,FALSE,FALSE,FALSE,FALSE,FALSE,FALSE,FALSE,FALSE,FALSE,FALSE,FALSE,FALSE,FALSE,FALSE
"ET51FL","diredawa",118.77,94.82,37,17.2284465311613,53.395347224222,"ETH",2005,1.72284465311613,5.06413472103846,43,-9,62.545038673133,25.7117747636959,3.07576286657839,4.02959986940249,55.7249266351613,100,29.9104253471021,28.3967236286859,10.4296614835781,39.8305566832535,19.0886323988842,90.5845393269602,48.296818170099,62.1724689521583,4.10098124,6.4820013,NA,14,1.86902930527472,FALSE,FALSE,FALSE,FALSE,FALSE,FALSE,FALSE,FALSE,FALSE,FALSE,FALSE,FALSE,FALSE,FALSE,FALSE,FALSE,FALSE
"ET51FL","gambela",117.17,92.78,32,12.2727317001355,11.8999761463587,"ETH",2005,1.22727317001355,5.06413472103846,43,-9,20.2660981822533,15.1413823107839,1.49525151328166,2.60181543775338,30.7460217399667,100,29.5954746297319,27.8601517228732,7.08122079062586,25.1749779536594,17.4204661946223,56.7562160970857,6.86149007225177,14.838076315071,4.10098124,6.4820013,NA,14,1.86902930527472,FALSE,FALSE,FALSE,FALSE,FALSE,FALSE,FALSE,FALSE,FALSE,FALSE,FALSE,FALSE,FALSE,FALSE,FALSE,FALSE,FALSE
"ET51FL","harari",85.07,62.58,21,16.6733635975395,42.5832538513365,"ETH",2005,1.66733635975395,5.06413472103846,43,-9,45.7845474844775,31.6355059307047,3.73190364487205,4.23251887820397,39.9454106329862,100,39.4300072729957,28.0612328356882,9.84901613229301,38.3876945179135,19.2878079476754,79.0847562718412,36.0540095870924,63.9971184320457,4.10098124,6.4820013,NA,14,1.86902930527472,FALSE,FALSE,FALSE,FALSE,FALSE,FALSE,FALSE,FALSE,FALSE,FALSE,FALSE,FALSE,FALSE,FALSE,FALSE,FALSE,FALSE
"ET51FL","oromiya",112.33,73.76,4383,12.1989354708161,8.15034343061658,"ETH",2005,1.21989354708161,5.06413472103846,43,-9,28.9391387404549,4.16526506435942,1.05535890682115,2.92282999069882,29.4018266678176,99.4526585384855,41.0686755111442,34.0297100122973,9.39681224584595,34.6234938311035,18.4743632124918,60.0320906620846,7.6889350214076,10.6948843932223,4.10098124,6.4820013,NA,14,1.86902930527472,FALSE,FALSE,FALSE,FALSE,FALSE,FALSE,FALSE,FALSE,FALSE,FALSE,FALSE,FALSE,FALSE,FALSE,FALSE,FALSE,FALSE
"ET51FL","snnp",125.62,91.53,2609,14.7241388420971,4.90168856673946,"ETH",2005,1.47241388420971,5.06413472103846,43,-9,35.5501842984168,3.65557058134604,0.870208023835559,3.2146755124655,37.6970682771861,98.9299035031934,50.8078610647609,34.8930518641041,6.99426590761132,34.0004312441204,18.7777333161,55.7212058774648,14.6837927855392,5.82478907099542,4.10098124,6.4820013,NA,14,1.86902930527472,FALSE,FALSE,FALSE,FALSE,FALSE,FALSE,FALSE,FALSE,FALSE,FALSE,FALSE,FALSE,FALSE,FALSE,FALSE,FALSE,FALSE
"ET51FL","somali",106.39,77.86,515,8.55061420695323,13.1919925963536,"ETH",2005,0.855061420695323,5.06413472103846,43,-9,5.565223237604,5.06540054014598,0.487532353009608,1.7846792058834,6.36211945045528,89.8898734992079,45.7240831293474,50.682047498633,22.8494294216101,47.8526323087136,19.1079541340548,30.6920214231477,12.1313196296015,10.2741080160458,4.10098124,6.4820013,NA,14,1.86902930527472,FALSE,FALSE,FALSE,FALSE,FALSE,FALSE,FALSE,FALSE,FALSE,FALSE,FALSE,FALSE,FALSE,FALSE,FALSE,FALSE,FALSE
"ET51FL","tigray",86.47,59.69,692,2.95181910215402,11.2265918719221,"ETH",2005,0.295181910215402,5.06413472103846,43,-9,52.0742946046103,6.0749417850485,1.25014731895666,2.57628888381152,63.9777697792168,100,41.7317544942962,42.7295407344309,11.8820894836409,19.5681750819362,18.3248165270095,69.3678261278619,10.7671044419417,14.8036209658332,4.10098124,6.4820013,NA,14,1.86902930527472,FALSE,FALSE,FALSE,FALSE,FALSE,FALSE,FALSE,FALSE,FALSE,FALSE,FALSE,FALSE,FALSE,FALSE,FALSE,FALSE,FALSE
"ET61FL","addisababa",41.08,19.32,228,5.65368828339818,100,"ETH",2011,0.565368828339818,5.83780316274917,65,-3,89.2076040914646,82.7315203284851,6.29821426032961,4.97426943728042,93.461209969107,37.0870881605663,16.0670327566679,9.30781160351868,3.74752291544824,26.2630929538423,20.418987619449,99.0336571267969,69.8505626741037,97.3463680262471,4.46897745,14.62286568,NA,23,2.68258644605791,FALSE,FALSE,FALSE,FALSE,FALSE,FALSE,FALSE,FALSE,FALSE,FALSE,FALSE,FALSE,FALSE,FALSE,FALSE,FALSE,FALSE
"ET61FL","affar",108.23,89.26,120,5.40193757263042,17.6992924327837,"ETH",2011,0.540193757263042,5.83780316274917,65,-3,11.5638370377843,6.82282597729263,1.11233767909029,2.36166788920626,30.3071503552801,19.6387159653486,43.2736163359404,44.6796703789922,17.0083724904056,43.1222006450152,18.3438711610289,41.430637441264,15.109065727747,27.4433405891782,4.46897745,14.62286568,NA,23,2.68258644605791,FALSE,FALSE,FALSE,FALSE,FALSE,FALSE,FALSE,FALSE,FALSE,FALSE,FALSE,FALSE,FALSE,FALSE,FALSE,FALSE,FALSE
"ET61FL","amhara",80.96,32.84,2725,12.4696259423397,13.6703325680637,"ETH",2011,1.24696259423397,5.83780316274917,65,-3,39.4284847391667,10.1921672717888,1.04677497047726,2.84631407886539,61.9668668879481,71.8509008060419,44.6343557112894,40.6035518756421,9.67722232627254,22.7340568125331,17.8898824801011,54.279048610461,16.2382756541321,16.1535421743858,4.46897745,14.62286568,NA,23,2.68258644605791,FALSE,FALSE,FALSE,FALSE,FALSE,FALSE,FALSE,FALSE,FALSE,FALSE,FALSE,FALSE,FALSE,FALSE,FALSE,FALSE,FALSE
"ET61FL","benishangulgumuz",119.99,72.24,139,7.92500543220612,15.23255667207,"ETH",2011,0.792500543220612,5.83780316274917,65,-3,42.8746778110679,9.14011722284776,1.38501364925016,2.70792237967512,67.2191845572603,45.1816347815056,42.9746430901077,38.962044023579,8.16933022208321,32.1474984695149,17.8862787431925,54.548049530867,12.0280039812582,13.1875466927638,4.46897745,14.62286568,NA,23,2.68258644605791,FALSE,FALSE,FALSE,FALSE,FALSE,FALSE,FALSE,FALSE,FALSE,FALSE,FALSE,FALSE,FALSE,FALSE,FALSE,FALSE,FALSE
"ET61FL","diredawa",72.06,53.59,39,5.5104166749595,52.9537655305979,"ETH",2011,0.55104166749595,5.83780316274917,65,-3,76.0551648098227,39.8298906495985,3.39502233910293,4.14849006452135,80.4779749552284,40.4588199208852,31.7794036235104,32.0662543114056,11.8219441625322,38.3903075008368,20.1122632744913,83.1672962246793,49.7596673310097,61.6707826277339,4.46897745,14.62286568,NA,23,2.68258644605791,FALSE,FALSE,FALSE,FALSE,FALSE,FALSE,FALSE,FALSE,FALSE,FALSE,FALSE,FALSE,FALSE,FALSE,FALSE,FALSE,FALSE
"ET61FL","gambela",117.73,81.46,41,10.320904073758,27.1382255341727,"ETH",2011,1.0320904073758,5.83780316274917,65,-3,29.6698184989417,27.6346935888263,3.39964802627686,2.9751981391738,51.7267794666165,33.087545909078,22.723317772723,24.2222060265719,11.6101427817052,25.4107740957167,18.3614456675041,66.5401271500654,24.0508324675672,24.4365992907245,4.46897745,14.62286568,NA,23,2.68258644605791,FALSE,FALSE,FALSE,FALSE,FALSE,FALSE,FALSE,FALSE,FALSE,FALSE,FALSE,FALSE,FALSE,FALSE,FALSE,FALSE,FALSE
"ET61FL","harari",95.08,51.39,29,5.03027582949592,38.2806607625052,"ETH",2011,0.503027582949592,5.83780316274917,65,-3,54.3552325369,32.3693173017589,4.06095018222815,4.34351871088163,64.7299238650602,43.1761665987747,24.6839969997932,24.9723304366635,7.27473747965184,40.0823985773736,19.1866405943557,79.0557135188293,35.0798584008993,77.8314374512162,4.46897745,14.62286568,NA,23,2.68258644605791,FALSE,FALSE,FALSE,FALSE,FALSE,FALSE,FALSE,FALSE,FALSE,FALSE,FALSE,FALSE,FALSE,FALSE,FALSE,FALSE,FALSE
"ET61FL","oromiya",89.71,55.46,4949,5.01744141116302,9.09439018299021,"ETH",2011,0.501744141116302,5.83780316274917,65,-3,27.1192542946375,8.00120126349441,1.71778386975178,3.01593843612704,45.8641622674788,47.5243017906012,35.8211842119771,31.8017542471938,8.26669229801088,33.3491960042324,18.6269360070915,44.0281211900952,10.9602736149724,15.4045545962753,4.46897745,14.62286568,NA,23,2.68258644605791,FALSE,FALSE,FALSE,FALSE,FALSE,FALSE,FALSE,FALSE,FALSE,FALSE,FALSE,FALSE,FALSE,FALSE,FALSE,FALSE,FALSE
"ET61FL","snnp",94.52,60.39,2650,6.79601036424856,8.98311280018885,"ETH",2011,0.679601036424856,5.83780316274917,65,-3,38.4687664106595,6.21970789209287,1.73650950114719,2.83790173480569,57.8099791201311,53.2833736538765,39.1891915233525,33.5852323752721,6.89777207611933,32.6416479397809,19.3400106242262,44.1434477352504,9.18218174328814,14.1432339033834,4.46897745,14.62286568,NA,23,2.68258644605791,FALSE,FALSE,FALSE,FALSE,FALSE,FALSE,FALSE,FALSE,FALSE,FALSE,FALSE,FALSE,FALSE,FALSE,FALSE,FALSE,FALSE
"ET61FL","somali",90.44,61.42,376,4.46116010910768,36.0808467856691,"ETH",2011,0.446116010910768,5.83780316274917,65,-3,25.8432974037595,7.59978182944145,0.902132222729959,2.7371077021177,39.4921149600783,19.3754958166472,27.9860224584976,37.3906059062617,20.048319975368,49.4466592090252,19.2830793318321,46.5779113396106,31.6743011320239,18.9814199794569,4.46897745,14.62286568,NA,23,2.68258644605791,FALSE,FALSE,FALSE,FALSE,FALSE,FALSE,FALSE,FALSE,FALSE,FALSE,FALSE,FALSE,FALSE,FALSE,FALSE,FALSE,FALSE
"ET61FL","tigray",84.73,42.59,749,6.8487299841009,15.5677646852868,"ETH",2011,0.68487299841009,5.83780316274917,65,-3,74.288394407071,11.6378566876504,1.88176446718265,2.91709333389252,83.7416794037785,58.6449130682304,45.2603902608655,41.4744194491252,8.56395191084284,20.464000234312,18.4594464433415,65.1291240351889,20.6789539020655,23.4423165899133,4.46897745,14.62286568,NA,23,2.68258644605791,FALSE,FALSE,FALSE,FALSE,FALSE,FALSE,FALSE,FALSE,FALSE,FALSE,FALSE,FALSE,FALSE,FALSE,FALSE,FALSE,FALSE
"ET71FL","amhara",59.86,25.98,2179,1.69241594483308,11.3577248622651,"ETH",2016,0.169241594483308,6.46404535770189,64,2,63.3145645074022,27.1200345037013,1.58840396188434,3.02494805090959,61.533795923979,64.4707405671188,40.9833785041248,35.4114550957556,7.7594203833767,21.6474624641397,18.3890156217817,59.2446705379618,4.74750068919897,17.5403599085337,3.60033751,24.34373283,NA,42.9,3.19227443775627,FALSE,FALSE,FALSE,FALSE,FALSE,FALSE,FALSE,FALSE,FALSE,FALSE,FALSE,FALSE,FALSE,FALSE,FALSE,FALSE,FALSE
"ET71FL","diredawa",73.39,43.41,48,2.3270919376738,50.2645228045551,"ETH",2016,0.23270919376738,6.46404535770189,64,2,83.1756084865525,56.2269168648047,3.93835795564425,3.80108980154628,85.2226859664515,68.8979822194626,36.6863699825997,38.2220291336034,9.16906382985667,40.4376868873845,19.2784955840793,84.8843048480578,58.9901660459703,63.7664960071069,3.60033751,24.34373283,NA,42.9,3.19227443775627,FALSE,FALSE,FALSE,FALSE,FALSE,FALSE,FALSE,FALSE,FALSE,FALSE,FALSE,FALSE,FALSE,FALSE,FALSE,FALSE,FALSE
"ET71FL","gambela",78.22,50.79,27,7.86095169217583,34.2725577067047,"ETH",2016,0.786095169217583,6.46404535770189,64,2,53.7744963274241,44.9740879155637,4.98611882392214,3.11003376430308,59.7769591419223,56.397199607902,19.4641044863748,23.8253933414582,12.4545732198279,20.613329273039,18.4508495185441,81.9842655075426,15.5583794351173,40.2626219519997,3.60033751,24.34373283,NA,42.9,3.19227443775627,FALSE,FALSE,FALSE,FALSE,FALSE,FALSE,FALSE,FALSE,FALSE,FALSE,FALSE,FALSE,FALSE,FALSE,FALSE,FALSE,FALSE
"ET71FL","harari",76.28,45.77,26,1.67784960277131,35.8307076724582,"ETH",2016,0.167784960277131,6.46404535770189,64,2,58.8661125967081,50.2497495651607,4.2625825949939,3.88480651328095,52.8841747539442,44.2130425301849,27.3583413959412,26.0101226529767,9.5204984015445,34.0325830958311,19.2291956705681,78.9199916048342,38.3161623194152,74.3280118147902,3.60033751,24.34373283,NA,42.9,3.19227443775627,FALSE,FALSE,FALSE,FALSE,FALSE,FALSE,FALSE,FALSE,FALSE,FALSE,FALSE,FALSE,FALSE,FALSE,FALSE,FALSE,FALSE
"ET71FL","somali",79.62,39.04,499,3.09782403792502,15.5727674675981,"ETH",2016,0.309782403792502,6.46404535770189,64,2,35.5175244980596,17.9246002659357,0.891783465413469,1.82505398993551,47.5410619208839,42.0931108371366,23.2081979918258,32.1305277053134,22.5489251022534,51.5319602564943,19.2932665972755,40.1341477472873,28.6061035843291,11.7069060763373,3.60033751,24.34373283,NA,42.9,3.19227443775627,FALSE,FALSE,FALSE,FALSE,FALSE,FALSE,FALSE,FALSE,FALSE,FALSE,FALSE,FALSE,FALSE,FALSE,FALSE,FALSE,FALSE
"ET71FL","tigray",48.9,21.44,710,2.16159129672899,16.8270141015078,"ETH",2016,0.216159129672899,6.46404535770189,64,2,81.4119916527819,56.9410491544379,2.6343930953143,2.9556853872334,79.4641482573326,77.0483718734806,32.750167255266,29.8645488999262,10.8894535965345,18.6162418507354,18.7123781774994,76.3365643681758,19.6402626008527,36.0952019103174,3.60033751,24.34373283,NA,42.9,3.19227443775627,FALSE,FALSE,FALSE,FALSE,FALSE,FALSE,FALSE,FALSE,FALSE,FALSE,FALSE,FALSE,FALSE,FALSE,FALSE,FALSE,FALSE
"ET81FL","afar",62.23,35.03,75,1.49156591925992,28.9387340516504,"ETH",2019,0.149156591925992,6.67641982448821,61,5,26.0530443276484,28.2653418819377,1.68959567977694,2.12793395677992,31.0072544959269,44.9427182318768,38.5367990295737,38.1315198514387,11.999954779694,41.5496398695466,18.047992077696,49.8214286635632,16.8886043909665,22.5223356057624,3.24287128,25.93511963,NA,48,3.25559802047829,FALSE,FALSE,FALSE,FALSE,FALSE,FALSE,FALSE,FALSE,FALSE,FALSE,FALSE,FALSE,FALSE,FALSE,FALSE,FALSE,FALSE
"ET81FL","amhara",51.67,14.43,1016,1.76811953271727,16.2452225241158,"ETH",2019,0.176811953271727,6.67641982448821,61,5,78.7634455845523,54.1991193450984,2.25359296978576,3.15283052979503,69.980524277932,69.2664108585575,34.6765748508182,32.6450845570535,6.3669659220294,21.6718992312738,17.9668437141629,66.9723644668622,17.4161178710143,29.8667419182938,3.24287128,25.93511963,NA,48,3.25559802047829,FALSE,FALSE,FALSE,FALSE,FALSE,FALSE,FALSE,FALSE,FALSE,FALSE,FALSE,FALSE,FALSE,FALSE,FALSE,FALSE,FALSE
"ET81FL","diredawa",82.84,46.1,30,1.40734301305233,53.2099009448189,"ETH",2019,0.140734301305233,6.67641982448821,61,5,72.2211524680416,69.1670588664308,5.49341683928662,4.10735023731229,69.8134282130615,55.4011788154559,19.819817270488,21.4274998860344,4.14072576287769,38.6183467917995,19.5000524471863,85.1793141291851,67.8532076419656,73.1758129900742,3.24287128,25.93511963,NA,48,3.25559802047829,FALSE,FALSE,FALSE,FALSE,FALSE,FALSE,FALSE,FALSE,FALSE,FALSE,FALSE,FALSE,FALSE,FALSE,FALSE,FALSE,FALSE
"ET81FL","gambela",91.27,58.98,25,3.59053760122391,47.9331303580658,"ETH",2019,0.359053760122391,6.67641982448821,61,5,66.9493078320548,70.274945550156,5.53043392119482,3.30994291894164,56.8281762601865,61.6063391094015,14.8049914601656,22.3668199034378,9.21516723817192,28.0037126027817,16.7923557335094,67.4947623854443,16.2796895123395,42.2854716239938,3.24287128,25.93511963,NA,48,3.25559802047829,FALSE,FALSE,FALSE,FALSE,FALSE,FALSE,FALSE,FALSE,FALSE,FALSE,FALSE,FALSE,FALSE,FALSE,FALSE,FALSE,FALSE
"ET81FL","harari",62.82,23.87,16,1.11018660919409,38.087706802288,"ETH",2019,0.111018660919409,6.67641982448821,61,5,53.2654930317593,63.8462984066592,4.37819741218872,4.22218058337663,57.5365216196209,64.5643262570642,28.9506809452875,21.7208655311237,3.2912434093859,37.2439489786888,18.7846297701184,86.8042999426908,43.876337965299,82.9458059467406,3.24287128,25.93511963,NA,48,3.25559802047829,FALSE,FALSE,FALSE,FALSE,FALSE,FALSE,FALSE,FALSE,FALSE,FALSE,FALSE,FALSE,FALSE,FALSE,FALSE,FALSE,FALSE
"ET81FL","oromia",60.85,26.12,2285,2.16321299672897,20.5673054613704,"ETH",2019,0.216321299672897,6.67641982448821,61,5,52.4177002726864,40.9606876227163,2.74373946531241,3.02913474832989,46.7464532592928,65.5255683265393,28.9953516965255,20.6061476947967,3.64142659738364,37.5826800810137,17.5559910576417,66.0668131762733,13.9428429940654,27.1836788684958,3.24287128,25.93511963,NA,48,3.25559802047829,FALSE,FALSE,FALSE,FALSE,FALSE,FALSE,FALSE,FALSE,FALSE,FALSE,FALSE,FALSE,FALSE,FALSE,FALSE,FALSE,FALSE
"ET81FL","snnpr",51.47,29.83,1207,2.02588668176116,25.223509793057,"ETH",2019,0.202588668176116,6.67641982448821,61,5,50.3609960749274,47.5009915621717,2.49154527026415,3.00232145781187,57.0893486193898,68.9421919949467,29.877086464594,24.6979081881436,4.89770951456425,33.580757444413,17.726199127949,72.1901104268047,8.73452955680089,33.1625711052931,3.24287128,25.93511963,NA,48,3.25559802047829,FALSE,FALSE,FALSE,FALSE,FALSE,FALSE,FALSE,FALSE,FALSE,FALSE,FALSE,FALSE,FALSE,FALSE,FALSE,FALSE,FALSE
"ET81FL","somali",107.9,56.21,427,1.84272552316387,34.2701799311245,"ETH",2019,0.184272552316387,6.67641982448821,61,5,26.629411027772,23.2746544341821,1.10558463200895,1.80470210045703,31.6005292834344,27.8819415455451,23.0421746735008,38.2110359004979,19.2545931738134,52.8335889798776,19.0997467171767,39.479560681084,24.3209009680519,10.6363289740089,3.24287128,25.93511963,NA,48,3.25559802047829,FALSE,FALSE,FALSE,FALSE,FALSE,FALSE,FALSE,FALSE,FALSE,FALSE,FALSE,FALSE,FALSE,FALSE,FALSE,FALSE,FALSE
"ET81FL","tigray",40.27,14.5,342,1.29148513382429,23.3883899960363,"ETH",2019,0.129148513382429,6.67641982448821,61,5,84.0871043138666,72.3908273163741,4.28475386091946,3.50677155824015,82.5299976490394,65.2226135479942,38.3983768169469,34.6289409919561,8.95715732998035,16.668408717539,19.0276673657643,76.7342220638167,31.8804557875538,49.7607491879367,3.24287128,25.93511963,NA,48,3.25559802047829,FALSE,FALSE,FALSE,FALSE,FALSE,FALSE,FALSE,FALSE,FALSE,FALSE,FALSE,FALSE,FALSE,FALSE,FALSE,FALSE,FALSE
"ET8AFL","addisababa",27.1,13.1,467,2.69814824795849,100,"ETH",2024,0.269814824795849,7.03340312516552,73,10,88.6009825012032,97.4985421982375,8.93296876174091,4.95638438041365,90.0224069816245,48.3046170098568,36.6863699825997,34.0297100122973,9.75659736825822,17.5942985542951,23.1060036278208,83.2250632305244,85.3307110790383,98.580921521511,2.80310345,34.79846954,NA,56.6,3.5495734070777,FALSE,FALSE,FALSE,FALSE,FALSE,FALSE,TRUE,TRUE,TRUE,FALSE,FALSE,FALSE,FALSE,FALSE,FALSE,FALSE,FALSE
"ET8AFL","afar",77.45,51.31,177,3.27824838645967,22.9979688120047,"ETH",2024,0.327824838645967,7.03340312516552,73,10,32.0098546930797,31.6510036787046,2.05443385705734,1.92563260804209,36.5661277439188,45.4469495351408,36.6863699825997,34.0297100122973,9.75659736825822,40.2958767686712,19.0367622188834,38.8249634446211,18.9746558895836,44.3926352466964,2.80310345,34.79846954,NA,56.6,3.5495734070777,FALSE,FALSE,FALSE,FALSE,FALSE,FALSE,TRUE,TRUE,TRUE,FALSE,FALSE,FALSE,FALSE,FALSE,FALSE,FALSE,FALSE
"ET8AFL","amhara",39.41,12.45,2703,4.17181443866263,19.4420524101014,"ETH",2024,0.417181443866263,7.03340312516552,73,10,47.7827398595554,73.0258285549716,4.10244843331319,3.32553270013979,63.515215317786,73.8357422545531,36.6863699825997,34.0297100122973,9.75659736825822,18.8742413826811,19.9135167441265,83.4948569842955,46.2520350719405,93.3375793212664,2.80310345,34.79846954,NA,56.6,3.5495734070777,FALSE,FALSE,FALSE,FALSE,FALSE,FALSE,TRUE,TRUE,TRUE,FALSE,FALSE,FALSE,FALSE,FALSE,FALSE,FALSE,FALSE
"ET8AFL","benishangulgumuz",80.73,44.51,139,4.89863139992361,33.9667260196171,"ETH",2024,0.489863139992361,7.03340312516552,73,10,35.2000740591675,59.5813822047212,4.28604361904319,2.81279660234251,34.9581404072118,72.6057695504598,36.6863699825997,34.0297100122973,9.75659736825822,27.7892792469005,19.0020131009268,84.0696008406521,50.3479021755636,64.7312732457049,2.80310345,34.79846954,NA,56.6,3.5495734070777,FALSE,FALSE,FALSE,FALSE,FALSE,FALSE,TRUE,TRUE,TRUE,FALSE,FALSE,FALSE,FALSE,FALSE,FALSE,FALSE,FALSE
"ET8AFL","centralethiopia",42.42,26.14,593,2.93974347247806,21.2949164062792,"ETH",2024,0.293974347247806,7.03340312516552,73,10,33.0367515162369,77.8037333698464,4.06840987968924,2.96381674205376,49.9313308989202,64.4577105853961,36.6863699825997,34.0297100122973,9.75659736825822,25.68502111136,20.6661248515827,77.5999181624104,53.6359495107025,82.0837928685266,2.80310345,34.79846954,NA,56.6,3.5495734070777,FALSE,FALSE,FALSE,FALSE,FALSE,FALSE,TRUE,TRUE,TRUE,FALSE,FALSE,FALSE,FALSE,FALSE,FALSE,FALSE,FALSE
"ET8AFL","diredawa",58.54,29.67,57,3.54522943378428,44.4113830923568,"ETH",2024,0.354522943378428,7.03340312516552,73,10,59.3984845169701,79.9044682301157,5.54776272513098,4.02379726406353,63.7374362943891,55.313431741929,36.6863699825997,34.0297100122973,9.75659736825822,31.3663328569153,20.493100628298,75.1789946633337,80.7950176837223,90.3314021425882,2.80310345,34.79846954,NA,56.6,3.5495734070777,FALSE,FALSE,FALSE,FALSE,FALSE,FALSE,TRUE,TRUE,TRUE,FALSE,FALSE,FALSE,FALSE,FALSE,FALSE,FALSE,FALSE
"ET8AFL","gambella",41.76,29.63,57,4.45809331402019,49.5992766599756,"ETH",2024,0.445809331402019,7.03340312516552,73,10,31.1144052770084,71.6415042321726,6.89964338476518,2.87636793726016,43.5158332714625,51.9491443189367,36.6863699825997,34.0297100122973,9.75659736825822,18.850643918469,18.8662790500504,65.7429519651609,44.0798583416508,57.9016476306155,2.80310345,34.79846954,NA,56.6,3.5495734070777,FALSE,FALSE,FALSE,FALSE,FALSE,FALSE,TRUE,TRUE,TRUE,FALSE,FALSE,FALSE,FALSE,FALSE,FALSE,FALSE,FALSE
"ET8AFL","harari",64.68,31.72,36,3.05585165171089,35.6529020118029,"ETH",2024,0.305585165171089,7.03340312516552,73,10,47.259097140614,75.51995854279,6.18557823152781,3.82850813524057,55.2061057291726,59.3405033766752,36.6863699825997,34.0297100122973,9.75659736825822,32.1603364776789,19.6156938635309,70.1063962908206,69.2160204858841,90.7587535513206,2.80310345,34.79846954,NA,56.6,3.5495734070777,FALSE,FALSE,FALSE,FALSE,FALSE,FALSE,TRUE,TRUE,TRUE,FALSE,FALSE,FALSE,FALSE,FALSE,FALSE,FALSE,FALSE
"ET8AFL","oromia",57.37,33.38,5287,4.06603707880888,19.0860236958723,"ETH",2024,0.406603707880888,7.03340312516552,73,10,32.0965459163028,50.5407624851705,3.33827211150204,3.0156855388721,36.755332674525,52.9887161542001,36.6863699825997,34.0297100122973,9.75659736825822,33.2625753275362,19.0159837392897,68.1888046492568,40.3686175640662,50.140399888764,2.80310345,34.79846954,NA,56.6,3.5495734070777,FALSE,FALSE,FALSE,FALSE,FALSE,FALSE,TRUE,TRUE,TRUE,FALSE,FALSE,FALSE,FALSE,FALSE,FALSE,FALSE,FALSE
"ET8AFL","sidama",44.66,22.46,463,3.38261225811361,20.3559750427605,"ETH",2024,0.338261225811361,7.03340312516552,73,10,49.1729231415845,58.7610000191251,4.4072907062832,2.60251880884548,52.7793557004573,65.1534401075086,36.6863699825997,34.0297100122973,9.75659736825822,26.1607976383178,19.6139916378561,67.4921548737063,49.8603421100285,44.3047579802706,2.80310345,34.79846954,NA,56.6,3.5495734070777,FALSE,FALSE,FALSE,FALSE,FALSE,FALSE,TRUE,TRUE,TRUE,FALSE,FALSE,FALSE,FALSE,FALSE,FALSE,FALSE,FALSE
"ET8AFL","somali",39.72,18.05,597,3.47714018485563,35.3383265695294,"ETH",2024,0.347714018485563,7.03340312516552,73,10,17.5699605939433,35.2825259052096,1.48940136368947,2.03201390389957,16.3723180058181,31.3588160719797,36.6863699825997,34.0297100122973,9.75659736825822,50.5813751231033,19.5703742216955,36.4173160502882,32.5831880151232,36.3726011711866,2.80310345,34.79846954,NA,56.6,3.5495734070777,FALSE,FALSE,FALSE,FALSE,FALSE,FALSE,TRUE,TRUE,TRUE,FALSE,FALSE,FALSE,FALSE,FALSE,FALSE,FALSE,FALSE
"ET8AFL","southethiopia",58.36,31.25,1079,4.53999262600146,26.4050778542957,"ETH",2024,0.453999262600146,7.03340312516552,73,10,26.941470785057,49.2297292664808,4.43662092837658,2.91553130772003,48.4563074524205,61.0394220474029,36.6863699825997,34.0297100122973,9.75659736825822,30.8684674114392,20.0463685664334,62.4452084361632,52.1455160443821,65.8686762137789,2.80310345,34.79846954,NA,56.6,3.5495734070777,FALSE,FALSE,FALSE,FALSE,FALSE,FALSE,TRUE,TRUE,TRUE,FALSE,FALSE,FALSE,FALSE,FALSE,FALSE,FALSE,FALSE
"ET8AFL","southwestethiopia",53.2,36.19,356,7.22369656320133,19.5072416725321,"ETH",2024,0.722369656320133,7.03340312516552,73,10,30.0099833400074,53.8585727100206,3.44803601471684,2.61958570962163,60.4266935100936,71.5533340714736,36.6863699825997,34.0297100122973,9.75659736825822,22.995355532008,20.1330620707427,47.0264756978482,50.3095058225718,64.4664446810812,2.80310345,34.79846954,NA,56.6,3.5495734070777,FALSE,FALSE,FALSE,FALSE,FALSE,FALSE,TRUE,TRUE,TRUE,FALSE,FALSE,FALSE,FALSE,FALSE,FALSE,FALSE,FALSE
"ET8AFL","tigray",65.7,21.25,723,2.2643295948425,25.3136005205149,"ETH",2024,0.22643295948425,7.03340312516552,73,10,53.089763377201,62.6747822167052,4.76549753377238,2.89767815918375,68.8638973754794,84.167022110096,36.6863699825997,34.0297100122973,9.75659736825822,17.9770743609715,19.9231389445993,75.1965711906032,31.3411152089872,47.6847101042127,2.80310345,34.79846954,NA,56.6,3.5495734070777,FALSE,FALSE,FALSE,FALSE,FALSE,FALSE,TRUE,TRUE,TRUE,FALSE,FALSE,FALSE,FALSE,FALSE,FALSE,FALSE,FALSE
"GA41FL","librevilleportgentil",82.11,48.26,1924,42.0523405075073,100,"GAB",2000,4.20523405075073,8.28976703304946,45,-14,46.4454976303318,87.4999999999999,7.70570793180132,2.22930433283385,63.9810426540284,6.06060606060607,14.3036386449182,8.65746549560837,2.60223048327133,31.5238718116419,18.3091178650852,99.6966632962588,68.4848484848482,94.3434343434343,2.90471101,123.197258,NA,73.6,4.81378679435823,FALSE,FALSE,FALSE,FALSE,TRUE,FALSE,FALSE,FALSE,FALSE,FALSE,FALSE,FALSE,FALSE,FALSE,FALSE,FALSE,FALSE
"GA61FL","estuaire",80.46,41.37,503,21.916345137288,63.3612069680951,"GAB",2012,2.1916345137288,9.13744337638468,82,-2,18.2136138870901,91.4759907971845,8.22308521741236,2.91182011338434,70.4433446503866,6.30524070983393,11.6614633777129,5.05138538716585,3.31805238143695,28.6677935268951,18.4968994107583,84.8109842112515,61.639773037874,86.5942259849963,2.42097569,225.07722473,NA,89.3,5.41644356433978,FALSE,FALSE,FALSE,FALSE,FALSE,FALSE,FALSE,FALSE,FALSE,FALSE,FALSE,FALSE,FALSE,FALSE,FALSE,FALSE,FALSE
"GA61FL","hautogooue",62.35,45.87,477,14.7561907051035,82.5683324070049,"GAB",2012,1.47561907051035,9.13744337638468,82,-2,16.1789540887479,95.3134253563895,7.48489553251934,2.45227292582301,86.1304034785849,3.86023235076999,19.7443334450083,10.6950493072367,3.97506317979033,23.7299448816412,18.3744271564768,88.6814182361857,43.7587278729781,92.8783367527,2.42097569,225.07722473,NA,89.3,5.41644356433978,FALSE,FALSE,FALSE,FALSE,FALSE,FALSE,FALSE,FALSE,FALSE,FALSE,FALSE,FALSE,FALSE,FALSE,FALSE,FALSE,FALSE
"GA61FL","moyenogooue",21.04,18.81,140,17.3404994086425,59.3809034882708,"GAB",2012,1.73404994086425,9.13744337638468,82,-2,20.6671704232381,88.0256858755035,7.08379157444553,2.10602997272009,70.8090136896731,14.8810588315738,22.0099349609499,13.3473102125499,2.87367854653966,26.508715428286,18.2575945973634,82.5025957804965,32.9414690455918,79.5916215625763,2.42097569,225.07722473,NA,89.3,5.41644356433978,FALSE,FALSE,FALSE,FALSE,FALSE,FALSE,FALSE,FALSE,FALSE,FALSE,FALSE,FALSE,FALSE,FALSE,FALSE,FALSE,FALSE
"GA61FL","ngounie",70.67,49.19,314,17.9690072089522,66.3316808367843,"GAB",2012,1.79690072089522,9.13744337638468,82,-2,18.2118199485714,84.6753230785661,6.34195913056545,1.86923620795416,80.48104995562,2.24288617746365,22.2082619223802,13.1035988294556,2.211296655627,23.6777701588698,18.0128269128493,75.9984282069486,23.2761208117983,72.5084795233403,2.42097569,225.07722473,NA,89.3,5.41644356433978,FALSE,FALSE,FALSE,FALSE,FALSE,FALSE,FALSE,FALSE,FALSE,FALSE,FALSE,FALSE,FALSE,FALSE,FALSE,FALSE,FALSE
"GA61FL","nyanga",54.73,42.05,133,14.5101836679631,80.9281205535883,"GAB",2012,1.45101836679631,9.13744337638468,82,-2,11.7122413629732,86.6353622071726,6.51011630405852,1.8744268501626,80.4019535259892,3.74807361474656,18.0452649386226,12.7564333208436,5.31931483852543,26.0247553791109,17.7919097285775,81.4619849968289,33.6419392259507,72.2564162489194,2.42097569,225.07722473,NA,89.3,5.41644356433978,FALSE,FALSE,FALSE,FALSE,FALSE,FALSE,FALSE,FALSE,FALSE,FALSE,FALSE,FALSE,FALSE,FALSE,FALSE,FALSE,FALSE
"GA61FL","ogooueivindo",92.73,63.48,206,17.6783389349153,58.5457825177664,"GAB",2012,1.76783389349153,9.13744337638468,82,-2,38.1768827540013,60.2549871821121,5.9080625966148,1.53634190403073,68.3087606993424,4.23397181230094,28.9326818040691,14.319543852271,2.98118629690039,30.4849613469462,18.1136722136182,71.5061670626792,13.1611307508845,60.4590979958189,2.42097569,225.07722473,NA,89.3,5.41644356433978,FALSE,FALSE,FALSE,FALSE,FALSE,FALSE,FALSE,FALSE,FALSE,FALSE,FALSE,FALSE,FALSE,FALSE,FALSE,FALSE,FALSE
"GA61FL","ogoouelolo",55.5,34.88,168,16.7098520423578,58.3998662358468,"GAB",2012,1.67098520423578,9.13744337638468,82,-2,9.21270245977315,88.1698642024951,6.04924407108043,1.90454142609559,64.391161315256,1.41597009727394,25.5102465544292,13.8605266612011,5.20105854140752,26.5735936127669,18.0228804586756,72.51113536052,27.2212473913439,82.6953928659954,2.42097569,225.07722473,NA,89.3,5.41644356433978,FALSE,FALSE,FALSE,FALSE,FALSE,FALSE,FALSE,FALSE,FALSE,FALSE,FALSE,FALSE,FALSE,FALSE,FALSE,FALSE,FALSE
"GA61FL","ogoouemaritime",59.67,34.94,56,12.1849594449907,73.4313681264919,"GAB",2012,1.21849594449907,9.13744337638468,82,-2,44.6705021673977,95.2329023914114,6.19437529056426,2.68277276901209,87.4486231572382,28.8974674806672,19.9424735144509,12.5440818492588,3.77551188717951,24.3907437774292,18.2124864063338,86.6414615967883,60.3563728543158,85.1875899717112,2.42097569,225.07722473,NA,89.3,5.41644356433978,FALSE,FALSE,FALSE,FALSE,FALSE,FALSE,FALSE,FALSE,FALSE,FALSE,FALSE,FALSE,FALSE,FALSE,FALSE,FALSE,FALSE
"GA61FL","woleuntem",78.09,42.18,264,21.7262702746427,52.3558429778532,"GAB",2012,2.17262702746427,9.13744337638468,82,-2,22.3300395232279,75.4906689065167,7.33988989726851,2.27904128184455,75.3032999455837,9.61360056527627,10.717860760954,3.75367332606459,0.931938097919496,25.709986295117,18.1001491334469,78.6064998373719,22.9723637439462,73.0614414194033,2.42097569,225.07722473,NA,89.3,5.41644356433978,FALSE,FALSE,FALSE,FALSE,FALSE,FALSE,FALSE,FALSE,FALSE,FALSE,FALSE,FALSE,FALSE,FALSE,FALSE,FALSE,FALSE
"GA71FL","estuaire",57.48,22.71,723,11.5809629691777,91.6972473130843,"GAB",2019,1.15809629691777,8.91478453560632,70,5,61.2170274465574,94.2622677477424,10.0027630393509,3.33108870139101,50.1599704427886,26.8241693740665,7.10810742227848,5.35534801718827,3.14709104304615,23.4630171612351,20.3579727888176,94.0399355823764,84.6249566840361,97.434334156133,2.76837039,205.99945068,NA,90.3,5.32787350218408,FALSE,FALSE,FALSE,FALSE,FALSE,FALSE,FALSE,FALSE,FALSE,FALSE,FALSE,FALSE,FALSE,FALSE,FALSE,FALSE,FALSE
"GA71FL","hautogooue",50.1,34.68,525,16.1051938659937,90.3322005452984,"GAB",2019,1.61051938659937,8.91478453560632,70,5,68.6610281880802,97.4829415611115,8.11430831812327,2.26586357401943,62.1057850600719,27.6850026492008,16.9756014063553,9.39762916858831,1.87208229202234,20.1788910504896,19.206682639006,93.5774809299813,68.2726045303452,94.1997878817394,2.76837039,205.99945068,NA,90.3,5.32787350218408,FALSE,FALSE,FALSE,FALSE,FALSE,FALSE,FALSE,FALSE,FALSE,FALSE,FALSE,FALSE,FALSE,FALSE,FALSE,FALSE,FALSE
"GA71FL","moyenogooue",29.87,10.57,174,16.2031431652534,66.2757591258193,"GAB",2019,1.62031431652534,8.91478453560632,70,5,73.0615082787657,93.511445550012,8.15626168051707,2.22930433283385,69.4115402460597,26.2377828568218,13.8694504363135,11.2705778675825,3.18338354244045,23.8217212745134,19.3312904135424,84.0277968734829,44.3568820586987,87.5201763264453,2.76837039,205.99945068,NA,90.3,5.32787350218408,FALSE,FALSE,FALSE,FALSE,FALSE,FALSE,FALSE,FALSE,FALSE,FALSE,FALSE,FALSE,FALSE,FALSE,FALSE,FALSE,FALSE
"GA71FL","ngounie",51.24,40.23,251,24.7333359694268,75.8793588084187,"GAB",2019,2.47333359694268,8.91478453560632,70,5,72.8060582308703,87.5246925926473,7.81344449325736,1.87444658582931,63.2539099250392,20.1569326683109,18.3302377528131,14.0561113348448,3.91298639503752,23.388505763012,19.8479168846337,85.8652540480126,48.0055565774247,82.6295451428822,2.76837039,205.99945068,NA,90.3,5.32787350218408,FALSE,FALSE,FALSE,FALSE,FALSE,FALSE,FALSE,FALSE,FALSE,FALSE,FALSE,FALSE,FALSE,FALSE,FALSE,FALSE,FALSE
"GA71FL","nyanga",45.3,26.99,115,19.5605007497982,80.673244331318,"GAB",2019,1.95605007497982,8.91478453560632,70,5,72.0154885543254,92.6735483389648,7.70395782002285,1.87146022171137,74.7525636285579,27.0870072469339,18.0051166485393,12.7075076841861,2.89204287982773,25.416572757246,18.9072275912672,84.4896196980089,50.8698577837198,81.2462158661067,2.76837039,205.99945068,NA,90.3,5.32787350218408,FALSE,FALSE,FALSE,FALSE,FALSE,FALSE,FALSE,FALSE,FALSE,FALSE,FALSE,FALSE,FALSE,FALSE,FALSE,FALSE,FALSE
"GA71FL","ogooueivindo",85.99,73.63,162,36.9680499193114,62.9211840086851,"GAB",2019,3.69680499193114,8.91478453560632,70,5,54.7340456558858,71.8240817443138,7.13111952802972,1.5930684358551,41.5895341433283,28.5479631455773,32.3681235263231,12.9446505871688,1.92021765660374,26.9196017403923,18.7201096635844,58.2424413681719,26.9754650945572,67.8562552290915,2.76837039,205.99945068,NA,90.3,5.32787350218408,FALSE,FALSE,FALSE,FALSE,FALSE,FALSE,FALSE,FALSE,FALSE,FALSE,FALSE,FALSE,FALSE,FALSE,FALSE,FALSE,FALSE
"GA71FL","ogoouelolo",68.88,52.61,151,23.2103373837247,58.2655055318371,"GAB",2019,2.32103373837247,8.91478453560632,70,5,73.2338447674045,90.1360531579019,7.64845915036278,1.91086461105181,51.4939686242402,12.4389240525053,22.5879768500571,15.8599925683209,3.49040099899563,23.4114260946493,18.6012403508876,71.5558087977124,43.9249202830628,86.4862937793063,2.76837039,205.99945068,NA,90.3,5.32787350218408,FALSE,FALSE,FALSE,FALSE,FALSE,FALSE,FALSE,FALSE,FALSE,FALSE,FALSE,FALSE,FALSE,FALSE,FALSE,FALSE,FALSE
"GA71FL","ogoouemaritime",27.89,13.95,68,7.11138669673868,60.5887388923468,"GAB",2019,0.711138669673868,8.91478453560632,70,5,73.2564730135153,95.2410351587455,8.19016020166625,2.42700116057427,64.2674447542773,20.614091826701,10.4770117890373,9.42758728834667,3.73503750467372,24.5850699108872,18.8586605380835,80.1099696708189,61.1860943634523,83.483315857613,2.76837039,205.99945068,NA,90.3,5.32787350218408,FALSE,FALSE,FALSE,FALSE,FALSE,FALSE,FALSE,FALSE,FALSE,FALSE,FALSE,FALSE,FALSE,FALSE,FALSE,FALSE,FALSE
"GA71FL","portgentil",31.54,14.51,618,2.81989555805922,100,"GAB",2019,0.281989555805922,8.91478453560632,70,5,78.1175352901768,96.137408670952,9.22262936837784,3.33926799542258,76.8125628536134,13.1865922912688,8.28017341624478,6.64604820523643,3.7898594948716,22.7658146043807,19.8177055812675,98.1244449808034,80.7924526136737,96.0181836988573,2.76837039,205.99945068,NA,90.3,5.32787350218408,FALSE,FALSE,FALSE,FALSE,FALSE,FALSE,FALSE,FALSE,FALSE,FALSE,FALSE,FALSE,FALSE,FALSE,FALSE,FALSE,FALSE
"GA71FL","woleuntem",69.92,44.45,395,44.1116755841132,59.3895561335386,"GAB",2019,4.41116755841132,8.91478453560632,70,5,70.2167195742937,85.3026931280138,9.03948209943843,2.32969875336266,60.8293052427547,23.7399957616492,10.9150455389883,4.43514338790076,2.07463949806218,26.8880036106303,19.2230370977621,79.8511608071366,44.5856837439253,84.140209805701,2.76837039,205.99945068,NA,90.3,5.32787350218408,FALSE,FALSE,FALSE,FALSE,FALSE,FALSE,FALSE,FALSE,FALSE,FALSE,FALSE,FALSE,FALSE,FALSE,FALSE,FALSE,FALSE
"GH4BFL","ashanti",118.06,61.86,680,23.6230245420834,45.4862803577757,"GHA",2003,2.36230245420834,5.88164764823244,80,-11,82.4046299543081,53.33948231821,6.34553379392432,3.44644158981606,82.1591248754018,100,29.4363089094255,20.7504310245528,6.50614224630606,22.2175061722141,19.4488246086173,70.9174478080789,40.9364004997172,57.4727911076612,2.14935279,18.96423721,NA,48.3,2.94255495339868,FALSE,FALSE,FALSE,FALSE,FALSE,FALSE,FALSE,FALSE,FALSE,FALSE,FALSE,FALSE,FALSE,FALSE,FALSE,FALSE,FALSE
"GH4BFL","brongahafo",107.5,60.98,362,61.2391963103343,33.1854616703686,"GHA",2003,6.12391963103343,5.88164764823244,80,-11,85.3286408412561,50.643286438556,5.37276773370638,2.80354001730461,87.0541495547735,100,29.1348516422381,20.5386343582164,5.39532810023255,20.8502342195008,19.7320221634299,65.3469687455938,21.4962071544723,41.4777375150229,2.14935279,18.96423721,NA,48.3,2.94255495339868,FALSE,FALSE,FALSE,FALSE,FALSE,FALSE,FALSE,FALSE,FALSE,FALSE,FALSE,FALSE,FALSE,FALSE,FALSE,FALSE,FALSE
"GH4BFL","central",109.12,61.32,292,33.6207825067757,27.4957447795687,"GHA",2003,3.36207825067757,5.88164764823244,80,-11,87.9470385670072,30.5655451366555,4.77709155524421,2.92282462553637,86.4508766885853,100,31.3735655588426,21.272775649531,2.41237070762362,22.8750243546787,19.1626335375817,56.5411587382639,30.1277263273732,34.3229964650948,2.14935279,18.96423721,NA,48.3,2.94255495339868,FALSE,FALSE,FALSE,FALSE,FALSE,FALSE,FALSE,FALSE,FALSE,FALSE,FALSE,FALSE,FALSE,FALSE,FALSE,FALSE,FALSE
"GH4BFL","eastern",84.2,49.13,372,37.5207553883914,29.5370726961832,"GHA",2003,3.75207553883914,5.88164764823244,80,-11,76.9710169419884,39.4702550893625,6.33268129326543,3.01028852717844,79.1180303007489,100,26.2579489969103,17.7245074220084,6.33243449951749,21.0798486908193,19.700209747768,60.5663648632007,34.7893847893702,45.4297717502584,2.14935279,18.96423721,NA,48.3,2.94255495339868,FALSE,FALSE,FALSE,FALSE,FALSE,FALSE,FALSE,FALSE,FALSE,FALSE,FALSE,FALSE,FALSE,FALSE,FALSE,FALSE,FALSE
"GH4BFL","greateraccra",71.54,45.17,363,16.892345596425,82.7119475371183,"GHA",2003,1.6892345596425,5.88164764823244,80,-11,78.7061041510603,75.2198432237224,7.59292821420884,4.46532573413301,87.8209921799687,100,11.531752655198,10.1399033342842,7.3272102533161,17.9609231843519,20.4383992744928,81.642979742628,63.4086442990081,75.2496970045321,2.14935279,18.96423721,NA,48.3,2.94255495339868,FALSE,FALSE,FALSE,FALSE,FALSE,FALSE,FALSE,FALSE,FALSE,FALSE,FALSE,FALSE,FALSE,FALSE,FALSE,FALSE,FALSE
"GH4BFL","northern",138.1,104.99,479,59.3823426608425,19.1985227154136,"GHA",2003,5.93823426608425,5.88164764823244,80,-11,63.2448029568785,15.7375709518237,1.11042866543139,1.82399524864472,76.0008652197865,100,48.2728642023603,35.4854099829531,7.05758125370354,19.696996211062,20.1533043852827,41.229761023407,11.1982262618024,16.3221630809784,2.14935279,18.96423721,NA,48.3,2.94255495339868,FALSE,FALSE,FALSE,FALSE,FALSE,FALSE,FALSE,FALSE,FALSE,FALSE,FALSE,FALSE,FALSE,FALSE,FALSE,FALSE,FALSE
"GH4BFL","uppereast",72.02,40.81,217,63.5839558352681,15.5954559620574,"GHA",2003,6.3583955835268,5.88164764823244,80,-11,79.857525927414,24.5091823129178,0.825614546447509,1.86597477670313,91.2065909393919,100,30.7662085030312,32.220953638843,13.5354562400401,9.78834935687653,19.5826168895231,65.2897368180135,16.4714276904797,16.7096455880379,2.14935279,18.96423721,NA,48.3,2.94255495339868,FALSE,FALSE,FALSE,FALSE,FALSE,FALSE,FALSE,FALSE,FALSE,FALSE,FALSE,FALSE,FALSE,FALSE,FALSE,FALSE,FALSE
"GH4BFL","upperwest",183.06,141.85,122,59.9876678889359,18.3746415865127,"GHA",2003,5.99876678889359,5.88164764823244,80,-11,77.2779970217093,32.2907323233216,1.61619995967655,1.76218094445912,79.4508966118008,100,33.9480782611468,25.1945979306326,10.8167520131724,20.2829755280328,19.97429178276,69.0345693355106,12.313776721095,18.2465549190836,2.14935279,18.96423721,NA,48.3,2.94255495339868,FALSE,FALSE,FALSE,FALSE,FALSE,FALSE,FALSE,FALSE,FALSE,FALSE,FALSE,FALSE,FALSE,FALSE,FALSE,FALSE,FALSE
"GH4BFL","volta",122.7,64.37,286,41.4547760900028,22.1308161754539,"GHA",2003,4.14547760900028,5.88164764823244,80,-11,89.2629113577419,43.211871576255,5.39938420323123,2.61793311971782,89.4100312992219,100,23.6046914484242,24.1901502535021,13.4824544774348,16.4556426240758,19.7725834312812,59.4515199589759,24.6271035109827,26.3689635113867,2.14935279,18.96423721,NA,48.3,2.94255495339868,FALSE,FALSE,FALSE,FALSE,FALSE,FALSE,FALSE,FALSE,FALSE,FALSE,FALSE,FALSE,FALSE,FALSE,FALSE,FALSE,FALSE
"GH4BFL","western",128.49,83.41,340,61.9162523388207,32.8113560981716,"GHA",2003,6.19162523388207,5.88164764823244,80,-11,78.8684823154255,32.3484752210024,5.41717406009556,2.97016096702178,76.407063931414,96.4796582384296,27.7702494668117,16.3310942827788,5.66921532547952,21.6971021073795,19.2640317446773,70.4858187626222,32.6235865944417,48.5412917282104,2.14935279,18.96423721,NA,48.3,2.94255495339868,FALSE,FALSE,FALSE,FALSE,FALSE,FALSE,FALSE,FALSE,FALSE,FALSE,FALSE,FALSE,FALSE,FALSE,FALSE,FALSE,FALSE
"GH5AFL","ashanti",77.4,44.04,539,29.8951649738729,43.4320791188573,"GHA",2008,2.98951649738729,7.07551939906139,93,-6,91.3542272178591,64.584250051204,6.82059233229521,3.33360898619787,92.9929741210707,46.5598916970943,22.0462701161837,15.8026746282744,9.64566474659594,23.4399448329547,19.9368526785731,94.3526600634328,80.7213137846549,71.8044563750264,3.72533512,63.45487595,NA,60.5,4.15032903833153,FALSE,FALSE,FALSE,FALSE,FALSE,FALSE,FALSE,FALSE,FALSE,FALSE,FALSE,FALSE,FALSE,FALSE,FALSE,FALSE,FALSE
"GH5AFL","brongahafo",66.59,45.36,252,48.7731123094402,34.6936382534773,"GHA",2008,4.87731123094402,7.07551939906139,93,-6,95.725463448181,60.8936783985373,5.2790849922799,2.6769350266169,95.725463448181,61.807404940605,21.4379866225191,17.0540021522745,3.39874944025268,17.5870519836837,19.5717971339204,78.3929798126545,82.8012973201374,48.1905546046551,3.72533512,63.45487595,NA,60.5,4.15032903833153,FALSE,FALSE,FALSE,FALSE,FALSE,FALSE,FALSE,FALSE,FALSE,FALSE,FALSE,FALSE,FALSE,FALSE,FALSE,FALSE,FALSE
"GH5AFL","central",101.11,62.46,273,29.7779695573061,29.0270205548057,"GHA",2008,2.97779695573061,7.07551939906139,93,-6,81.012344478057,51.3974116854004,5.71417886351301,3.09784069733005,87.2845477314684,62.1988072296958,28.7403129407914,25.0464739225945,13.5201861077009,24.9766697505785,19.5881920860447,84.9149394578159,81.1189623892952,56.8675206803767,3.72533512,63.45487595,NA,60.5,4.15032903833153,FALSE,FALSE,FALSE,FALSE,FALSE,FALSE,FALSE,FALSE,FALSE,FALSE,FALSE,FALSE,FALSE,FALSE,FALSE,FALSE,FALSE
"GH5AFL","eastern",74.13,52.31,250,29.0072118424282,31.7538934967765,"GHA",2008,2.90072118424282,7.07551939906139,93,-6,91.4880269240511,58.4939493898073,6.61561659764157,2.97945623444106,86.7890576547688,62.3878660968164,28.2142004028561,11.6543956122,5.68526813089503,18.8255202145445,19.5639409192401,85.6756607908993,71.9317522319186,53.8203776397257,3.72533512,63.45487595,NA,60.5,4.15032903833153,FALSE,FALSE,FALSE,FALSE,FALSE,FALSE,FALSE,FALSE,FALSE,FALSE,FALSE,FALSE,FALSE,FALSE,FALSE,FALSE,FALSE
"GH5AFL","greateraccra",58.15,32.25,325,9.70213896024705,84.5411636851301,"GHA",2008,0.970213896024705,7.07551939906139,93,-6,88.5885450361558,75.5632405426423,8.07241367265799,4.43564157801656,92.4055579765316,62.615633835982,12.5331144970763,9.37619104704148,4.41113588976801,17.2275271069632,21.1726019180859,97.6528192034991,85.9115601911435,83.1352452105676,3.72533512,63.45487595,NA,60.5,4.15032903833153,FALSE,FALSE,FALSE,FALSE,FALSE,FALSE,FALSE,FALSE,FALSE,FALSE,FALSE,FALSE,FALSE,FALSE,FALSE,FALSE,FALSE
"GH5AFL","northern",139.59,100.35,411,50.3761887076503,23.5881401818273,"GHA",2008,5.03761887076503,7.07551939906139,93,-6,76.4226901550865,26.5638309134375,1.68820483385235,1.89341576716568,80.5218373879151,70.9222466721537,25.5606600752978,23.1946138386205,13.2940137029718,23.2325519978584,20.0858079880712,72.942642247243,26.4359985516353,30.0136253320868,3.72533512,63.45487595,NA,60.5,4.15032903833153,FALSE,FALSE,FALSE,FALSE,FALSE,FALSE,FALSE,FALSE,FALSE,FALSE,FALSE,FALSE,FALSE,FALSE,FALSE,FALSE,FALSE
"GH5AFL","uppereast",56.22,43.73,158,46.1808762349464,10.2129422182898,"GHA",2008,4.61808762349464,7.07551939906139,93,-6,97.5021292557876,46.3221623431918,2.10161074674228,1.70798034671971,96.4613486036546,78.0087563912451,29.8678975224479,30.4326851498145,12.8661213074913,14.1511780049942,19.1494362791508,95.848897631138,11.6296835946155,24.1548857340146,3.72533512,63.45487595,NA,60.5,4.15032903833153,FALSE,FALSE,FALSE,FALSE,FALSE,FALSE,FALSE,FALSE,FALSE,FALSE,FALSE,FALSE,FALSE,FALSE,FALSE,FALSE,FALSE
"GH5AFL","upperwest",136.97,91.07,81,60.8811046210942,16.7828953840636,"GHA",2008,6.08811046210942,7.07551939906139,93,-6,94.8380609841967,45.5440092665495,2.24883715925771,1.92148547006475,96.7299205369226,85.0829326505312,22.0551835226998,19.7484344440854,11.6705143766613,20.1209519926015,18.9754370214505,97.180217302647,30.0908181876124,26.42560966659,3.72533512,63.45487595,NA,60.5,4.15032903833153,FALSE,FALSE,FALSE,FALSE,FALSE,FALSE,FALSE,FALSE,FALSE,FALSE,FALSE,FALSE,FALSE,FALSE,FALSE,FALSE,FALSE
"GH5AFL","volta",36.3,10.26,260,35.2349408035325,22.238857376276,"GHA",2008,3.52349408035325,7.07551939906139,93,-6,93.0172694088106,53.6508965522388,5.40969501868872,2.60173590161752,92.0275941002296,83.2966578741908,19.6765321040496,15.2373987459551,3.79402164291778,18.0865083354361,20.0910340285283,70.4477058979761,53.2893775506088,45.9164045179231,3.72533512,63.45487595,NA,60.5,4.15032903833153,FALSE,FALSE,FALSE,FALSE,FALSE,FALSE,FALSE,FALSE,FALSE,FALSE,FALSE,FALSE,FALSE,FALSE,FALSE,FALSE,FALSE
"GH5AFL","western",50.7,24.88,275,36.3734244583975,37.1934900155425,"GHA",2008,3.63734244583975,7.07551939906139,93,-6,95.961930446279,50.2664408214694,6.18853692844713,3.09137220112604,89.6599982640823,53.8901441882329,21.6876776636224,12.76481057557,5.9135203456535,22.0676930991698,20.2147575638622,73.2449169735351,61.7778702528964,56.101368206079,3.72533512,63.45487595,NA,60.5,4.15032903833153,FALSE,FALSE,FALSE,FALSE,FALSE,FALSE,FALSE,FALSE,FALSE,FALSE,FALSE,FALSE,FALSE,FALSE,FALSE,FALSE,FALSE
"GH72FL","ashanti",72.79,30.69,1028,22.4588110184588,54.0720883855636,"GHA",2014,2.24588110184588,7.57553763980581,98,0,92.5368503609113,85.2638912965703,7.1461030142418,3.58434743766144,95.1239216018002,45.9153406656854,10.3930529953621,10.8899057424064,3.43597552316149,23.4514238469058,20.744776341798,93.2589060911024,78.6657996801183,83.8225397472979,4.01644135,78.46701813,NA,78.3,4.36267838528992,FALSE,FALSE,FALSE,FALSE,FALSE,FALSE,FALSE,FALSE,FALSE,FALSE,FALSE,FALSE,FALSE,FALSE,FALSE,FALSE,FALSE
"GH72FL","brongahafo",48.91,21.14,475,45.7941824334821,40.70761312757,"GHA",2014,4.57941824334821,7.57553763980581,98,0,89.6011624788455,74.1998591399596,5.5261376839827,2.61099879099048,92.9601750303544,54.2492682129205,10.3792955735418,9.89704287538322,4.39270793002635,16.8826779177806,19.8245473690791,84.344257785381,74.1675167604166,61.8114605846515,4.01644135,78.46701813,NA,78.3,4.36267838528992,FALSE,FALSE,FALSE,FALSE,FALSE,FALSE,FALSE,FALSE,FALSE,FALSE,FALSE,FALSE,FALSE,FALSE,FALSE,FALSE,FALSE
"GH72FL","central",62.05,36.97,599,42.8675519647798,31.8695786401564,"GHA",2014,4.28675519647798,7.57553763980581,98,0,89.5317657142247,69.1360068689826,6.69126067460215,3.09633254936283,90.2209755171324,49.1145586906018,18.2510310453118,17.6142657222425,8.25519657670924,18.2651309372137,20.1104861938551,86.4266102659436,79.1570821307295,79.4112491822437,4.01644135,78.46701813,NA,78.3,4.36267838528992,FALSE,FALSE,FALSE,FALSE,FALSE,FALSE,FALSE,FALSE,FALSE,FALSE,FALSE,FALSE,FALSE,FALSE,FALSE,FALSE,FALSE
"GH72FL","eastern",69.68,32.9,524,41.3665342869292,39.8516492691373,"GHA",2014,4.13665342869292,7.57553763980581,98,0,90.9787739124856,65.8291091040404,6.88238463643495,2.925872528236,86.8796484255212,50.4024333145188,10.7929626527001,10.9690980997771,4.89095009181726,17.7392853099583,20.0107246396844,79.9761010904817,73.2241255256913,74.8479314279155,4.01644135,78.46701813,NA,78.3,4.36267838528992,FALSE,FALSE,FALSE,FALSE,FALSE,FALSE,FALSE,FALSE,FALSE,FALSE,FALSE,FALSE,FALSE,FALSE,FALSE,FALSE,FALSE
"GH72FL","greateraccra",33.56,14.6,840,16.5874402720744,86.5920925465908,"GHA",2014,1.65874402720744,7.57553763980581,98,0,91.072845441284,90.7199169295819,8.04164839372141,4.28842755839263,92.1688879676225,59.1353965606808,4.29773708347999,10.5611009490464,5.05335359089465,17.9756799140777,21.9889188013683,97.2040199922554,88.6422155201906,92.4176985422044,4.01644135,78.46701813,NA,78.3,4.36267838528992,FALSE,FALSE,FALSE,FALSE,FALSE,FALSE,FALSE,FALSE,FALSE,FALSE,FALSE,FALSE,FALSE,FALSE,FALSE,FALSE,FALSE
"GH72FL","northern",90.46,72.99,657,50.3283164615479,24.6261334266451,"GHA",2014,5.03283164615479,7.57553763980581,98,0,82.1023014073024,35.3312474735081,1.63716429223144,1.51812621765597,79.6022468615335,53.5563357316415,26.6018148584333,22.6468365575905,6.26381585959931,20.0380092614737,19.6325933809266,75.8407574234696,26.1412119552727,52.7416224055258,4.01644135,78.46701813,NA,78.3,4.36267838528992,FALSE,FALSE,FALSE,FALSE,FALSE,FALSE,FALSE,FALSE,FALSE,FALSE,FALSE,FALSE,FALSE,FALSE,FALSE,FALSE,FALSE
"GH72FL","uppereast",50.19,26.92,226,20.9077626082867,19.4821054922954,"GHA",2014,2.09077626082867,7.57553763980581,98,0,93.3450131514282,82.1297518306133,2.81232700607585,1.47927085198565,92.077277000246,69.1849717911567,11.8822482423452,17.0451344560642,7.59454001967722,15.2379040224215,19.6505120202197,88.9034005898774,20.2104801246204,34.1671587038359,4.01644135,78.46701813,NA,78.3,4.36267838528992,FALSE,FALSE,FALSE,FALSE,FALSE,FALSE,FALSE,FALSE,FALSE,FALSE,FALSE,FALSE,FALSE,FALSE,FALSE,FALSE,FALSE
"GH72FL","upperwest",78.68,49.82,154,50.6082210892515,15.1075308277856,"GHA",2014,5.06082210892515,7.57553763980581,98,0,97.5334083187394,63.4090800849206,2.260014326785,1.74114361317595,96.3735891910139,83.3283948345725,19.3011935272671,18.1620137705447,4.86442440810631,20.0275547489348,19.8030693323951,93.0362379740977,36.3557809141849,61.0463223840025,4.01644135,78.46701813,NA,78.3,4.36267838528992,FALSE,FALSE,FALSE,FALSE,FALSE,FALSE,FALSE,FALSE,FALSE,FALSE,FALSE,FALSE,FALSE,FALSE,FALSE,FALSE,FALSE
"GH72FL","volta",56.72,19.5,436,37.427173064721,33.4474852661586,"GHA",2014,3.7427173064721,7.57553763980581,98,0,86.5962441508701,65.077392064334,5.80793174823207,2.52289905712102,83.8291741481824,62.9263884479496,13.5327778659073,14.1112276945115,4.24683008414135,20.1279284529114,20.3072864504622,81.8178585868378,57.4148072820659,65.6550170059997,4.01644135,78.46701813,NA,78.3,4.36267838528992,FALSE,FALSE,FALSE,FALSE,FALSE,FALSE,FALSE,FALSE,FALSE,FALSE,FALSE,FALSE,FALSE,FALSE,FALSE,FALSE,FALSE
"GH72FL","western",39.63,14.36,553,36.75256304376,32.2628473451561,"GHA",2014,3.675256304376,7.57553763980581,98,0,83.5209890232639,72.9209193524595,6.39427603918844,3.2679766732537,85.6235643126477,27.6800084982553,12.8038894711432,13.1366153719189,3.53750306649442,19.1930376338704,20.0936880510768,82.8792210201641,83.4505097049387,80.8279759103929,4.01644135,78.46701813,NA,78.3,4.36267838528992,FALSE,FALSE,FALSE,FALSE,FALSE,FALSE,FALSE,FALSE,FALSE,FALSE,FALSE,FALSE,FALSE,FALSE,FALSE,FALSE,FALSE
"GH8CFL","ahafo",23.51,10.38,182,20.7636069783853,41.7392410552343,"GHA",2022,2.07636069783853,7.70970808593034,99,8,91.2685903021641,91.5591361150996,6.66706352855201,2.2836492122891,85.4136392346873,51.2599249503913,22.0507268194417,17.3341339372585,6.0886681026264,16.5424890958746,20.3797282698521,83.5342617067152,50.1925687445168,64.0472606984736,3.67459154,82.32108307,NA,85.1,4.41062724826626,FALSE,FALSE,FALSE,FALSE,FALSE,FALSE,TRUE,TRUE,TRUE,FALSE,FALSE,FALSE,FALSE,FALSE,FALSE,FALSE,FALSE
"GH8CFL","ashanti",44.54,21.59,1509,14.8988307944646,54.321451734842,"GHA",2022,1.48988307944646,7.70970808593034,99,8,92.5365395739481,90.3632717317252,7.8788466225912,3.37544211330448,91.7719611657047,55.0166964389533,22.0507268194417,17.3341339372585,6.0886681026264,16.5646649596276,20.9903779861066,95.3577438409714,80.6986005738064,85.2234745234748,3.67459154,82.32108307,NA,85.1,4.41062724826626,FALSE,FALSE,FALSE,FALSE,FALSE,FALSE,TRUE,TRUE,TRUE,FALSE,FALSE,FALSE,FALSE,FALSE,FALSE,FALSE,FALSE
"GH8CFL","bono",39.94,22.52,277,21.2332325271773,55.7651422143321,"GHA",2022,2.12332325271773,7.70970808593034,99,8,94.6832824840396,88.8521199991463,7.59479119374034,2.95251984450672,90.1504377134012,58.7401433987053,22.0507268194417,17.3341339372585,6.0886681026264,14.8513273934631,21.339586516765,91.2819238739101,70.408316252813,87.1733200235926,3.67459154,82.32108307,NA,85.1,4.41062724826626,FALSE,FALSE,FALSE,FALSE,FALSE,FALSE,TRUE,TRUE,TRUE,FALSE,FALSE,FALSE,FALSE,FALSE,FALSE,FALSE,FALSE
"GH8CFL","bonoeast",41.69,20.66,417,23.9171243365965,45.5969202235914,"GHA",2022,2.39171243365965,7.70970808593034,99,8,89.7713687544408,83.6701806230983,5.64700666708747,2.37885311165007,91.4330722896229,66.500079895012,22.0507268194417,17.3341339372585,6.0886681026264,17.8614967819619,20.4051280588034,82.2819301497931,52.8111793242955,72.2228297661932,3.67459154,82.32108307,NA,85.1,4.41062724826626,FALSE,FALSE,FALSE,FALSE,FALSE,FALSE,TRUE,TRUE,TRUE,FALSE,FALSE,FALSE,FALSE,FALSE,FALSE,FALSE,FALSE
"GH8CFL","central",47.28,32.07,838,20.9748534355935,50.6820306349579,"GHA",2022,2.09748534355935,7.70970808593034,99,8,94.4721828319248,80.296645941267,7.67628163177281,3.31659168395061,86.0438547128642,40.501265174486,22.0507268194417,17.3341339372585,6.0886681026264,20.0526688567961,20.5161736308694,89.9017005887419,72.5473747529601,89.6726016380331,3.67459154,82.32108307,NA,85.1,4.41062724826626,FALSE,FALSE,FALSE,FALSE,FALSE,FALSE,TRUE,TRUE,TRUE,FALSE,FALSE,FALSE,FALSE,FALSE,FALSE,FALSE,FALSE
"GH8CFL","eastern",42.6,27.83,603,21.1921329831914,45.0403600092385,"GHA",2022,2.11921329831914,7.70970808593034,99,8,85.7776388065922,88.87786123203,7.83292015506265,3.2933938038519,80.4206440593297,47.2410054455476,22.0507268194417,17.3341339372585,6.0886681026264,19.2093282900966,21.0106575504652,87.9755728099713,72.7300244833643,89.731256984721,3.67459154,82.32108307,NA,85.1,4.41062724826626,FALSE,FALSE,FALSE,FALSE,FALSE,FALSE,TRUE,TRUE,TRUE,FALSE,FALSE,FALSE,FALSE,FALSE,FALSE,FALSE,FALSE
"GH8CFL","greateraccra",25.01,15.61,1052,13.4332558396436,89.7034154371196,"GHA",2022,1.34332558396436,7.70970808593034,99,8,94.0241868033634,90.8890520761335,9.27622074282953,4.2036828264702,92.5114899716881,44.4302665321554,22.0507268194417,17.3341339372585,6.0886681026264,19.8252832705549,22.7085781703747,98.2289869527732,91.1583427943109,95.6527127778869,3.67459154,82.32108307,NA,85.1,4.41062724826626,FALSE,FALSE,FALSE,FALSE,FALSE,FALSE,TRUE,TRUE,TRUE,FALSE,FALSE,FALSE,FALSE,FALSE,FALSE,FALSE,FALSE
"GH8CFL","northeast",29.61,21.95,244,20.3126641995418,25.4073419538734,"GHA",2022,2.03126641995418,7.70970808593034,99,8,89.5248382042417,82.2341478338902,2.79214219303971,1.50483006871817,86.9410510417536,71.7465499079879,22.0507268194417,17.3341339372585,6.0886681026264,14.8537684568334,19.9452844579965,57.9847836533786,20.2907071890572,63.8830910650199,3.67459154,82.32108307,NA,85.1,4.41062724826626,FALSE,FALSE,FALSE,FALSE,FALSE,FALSE,TRUE,TRUE,TRUE,FALSE,FALSE,FALSE,FALSE,FALSE,FALSE,FALSE,FALSE
"GH8CFL","northern",37.82,23.25,909,18.2931945935421,37.1270984428486,"GHA",2022,1.82931945935421,7.70970808593034,99,8,78.6062479172721,68.682670099704,3.38505604586473,2.14338053792645,71.9201924327552,76.842989986688,22.0507268194417,17.3341339372585,6.0886681026264,19.4674999335621,21.052459056244,70.2836064555394,26.6455020095618,75.6998633080913,3.67459154,82.32108307,NA,85.1,4.41062724826626,FALSE,FALSE,FALSE,FALSE,FALSE,FALSE,TRUE,TRUE,TRUE,FALSE,FALSE,FALSE,FALSE,FALSE,FALSE,FALSE,FALSE
"GH8CFL","oti",65.2,37.93,280,20.3996076790661,27.5883318148628,"GHA",2022,2.03996076790661,7.70970808593034,99,8,91.8858067401264,66.5056089957572,4.71685573521325,2.16416764825065,86.8882737542746,76.9930591173283,22.0507268194417,17.3341339372585,6.0886681026264,18.8242631271853,20.2426279433273,63.3283190882931,42.0392876794801,70.4786811161727,3.67459154,82.32108307,NA,85.1,4.41062724826626,FALSE,FALSE,FALSE,FALSE,FALSE,FALSE,TRUE,TRUE,TRUE,FALSE,FALSE,FALSE,FALSE,FALSE,FALSE,FALSE,FALSE
"GH8CFL","savannah",47.53,18.19,242,21.6574706357954,27.3391830508131,"GHA",2022,2.16574706357954,7.70970808593034,99,8,82.8406805466067,70.9671314734163,3.21275067851994,1.72712747188613,86.0584334743218,79.8134205929413,22.0507268194417,17.3341339372585,6.0886681026264,18.6354780342052,20.2084630886498,58.3747241271221,25.5319257011823,64.3788443026558,3.67459154,82.32108307,NA,85.1,4.41062724826626,FALSE,FALSE,FALSE,FALSE,FALSE,FALSE,TRUE,TRUE,TRUE,FALSE,FALSE,FALSE,FALSE,FALSE,FALSE,FALSE,FALSE
"GH8CFL","uppereast",38.49,21.42,368,21.8787017080537,22.1978301002386,"GHA",2022,2.18787017080537,7.70970808593034,99,8,84.9126945554653,97.7377516148482,5.75866912107024,1.90327762407774,89.5837692660725,55.8600333333829,22.0507268194417,17.3341339372585,6.0886681026264,13.3315732462165,20.4505934223605,95.5973121738071,26.6417646186667,57.610757983882,3.67459154,82.32108307,NA,85.1,4.41062724826626,FALSE,FALSE,FALSE,FALSE,FALSE,FALSE,TRUE,TRUE,TRUE,FALSE,FALSE,FALSE,FALSE,FALSE,FALSE,FALSE,FALSE
"GH8CFL","upperwest",45.15,21.15,234,22.1495591611844,17.5074994075406,"GHA",2022,2.21495591611844,7.70970808593034,99,8,93.084489565535,92.8460777589942,4.35993768943646,1.90105613632661,84.8259080478972,70.9175726742939,22.0507268194417,17.3341339372585,6.0886681026264,11.5202110114896,21.143512780396,96.7603311687715,24.2601467225498,64.8474934210252,3.67459154,82.32108307,NA,85.1,4.41062724826626,FALSE,FALSE,FALSE,FALSE,FALSE,FALSE,TRUE,TRUE,TRUE,FALSE,FALSE,FALSE,FALSE,FALSE,FALSE,FALSE,FALSE
"GH8CFL","volta",24.33,14.32,333,19.9931517027557,38.903423560343,"GHA",2022,1.99931517027557,7.70970808593034,99,8,87.3477650026107,90.513075569464,7.90315240190234,3.03546619257189,90.5568116097985,77.1620052380305,22.0507268194417,17.3341339372585,6.0886681026264,16.9029093494621,21.149913404344,86.2374463037925,68.9423005240919,87.444593995696,3.67459154,82.32108307,NA,85.1,4.41062724826626,FALSE,FALSE,FALSE,FALSE,FALSE,FALSE,TRUE,TRUE,TRUE,FALSE,FALSE,FALSE,FALSE,FALSE,FALSE,FALSE,FALSE
"GH8CFL","western",45.54,23.66,518,23.3775315288042,48.3194658570844,"GHA",2022,2.33775315288042,7.70970808593034,99,8,83.0633632817892,84.1042197035566,7.73783255156578,3.48590156713743,77.5706603531222,43.2305650783773,22.0507268194417,17.3341339372585,6.0886681026264,19.7688668211587,20.4825374531804,90.553199023341,68.3641600243161,87.5785915610783,3.67459154,82.32108307,NA,85.1,4.41062724826626,FALSE,FALSE,FALSE,FALSE,FALSE,FALSE,TRUE,TRUE,TRUE,FALSE,FALSE,FALSE,FALSE,FALSE,FALSE,FALSE,FALSE
"GH8CFL","westernnorth",26.13,15.9,227,22.3329891470085,26.5658423909845,"GHA",2022,2.23329891470085,7.70970808593034,99,8,94.3644136719003,85.7343511956175,6.74946316482756,2.644921026936,92.0188352259299,29.3164703313659,22.0507268194417,17.3341339372585,6.0886681026264,19.8547597017138,20.3329659069494,82.778951580042,49.1439980484267,80.9393612071615,3.67459154,82.32108307,NA,85.1,4.41062724826626,FALSE,FALSE,FALSE,FALSE,FALSE,FALSE,TRUE,TRUE,TRUE,FALSE,FALSE,FALSE,FALSE,FALSE,FALSE,FALSE,FALSE
"GM61FL","banjul",54.84,29.9,114,18.0556900574288,100,"GMB",2013,1.80556900574288,6.48289741087801,97,-1,78.5918664390603,94.6854484732395,5.77402753184137,4.62311593801992,81.8370627351183,45.5402738086322,10.5071020599241,19.6525427699827,9.73249387931723,17.2438017036584,20.0912562666828,99.0093579952233,97.809966535065,86.8027052183119,3.91374874,25.59075928,NA,51.5,3.24223132069674,FALSE,FALSE,FALSE,FALSE,FALSE,FALSE,FALSE,FALSE,FALSE,FALSE,FALSE,FALSE,FALSE,FALSE,FALSE,FALSE,FALSE
"GM61FL","basse",79.15,55.17,1088,28.1708007291147,7.25912361193873,"GMB",2013,2.81708007291147,6.48289741087801,97,-1,97.5745958138695,31.2325120107761,1.21330938226859,2.50488002526601,95.119605774457,56.2733118194426,25.6277457198543,26.7867647230037,15.4303143211634,21.3890117416284,18.5932796068004,92.2362797705601,43.7306228758691,18.1358553852501,3.91374874,25.59075928,NA,51.5,3.24223132069674,FALSE,FALSE,FALSE,FALSE,FALSE,FALSE,FALSE,FALSE,FALSE,FALSE,FALSE,FALSE,FALSE,FALSE,FALSE,FALSE,FALSE
"GM61FL","brikama",58.75,34.95,2526,18.8853341848098,67.7579217483762,"GMB",2013,1.88853341848098,6.48289741087801,97,-1,87.6820874629612,75.5534204253761,4.47282554178562,3.27650435730762,82.8846779760478,45.7490126071149,16.1652677298003,15.6841632776372,9.19527860764162,21.8012241063908,19.407392643367,86.8765705842337,58.9962284657858,45.3805310982665,3.91374874,25.59075928,NA,51.5,3.24223132069674,FALSE,FALSE,FALSE,FALSE,FALSE,FALSE,FALSE,FALSE,FALSE,FALSE,FALSE,FALSE,FALSE,FALSE,FALSE,FALSE,FALSE
"GM61FL","janjanbureh",33.83,21.27,602,20.1625979215719,14.8522807641377,"GMB",2013,2.01625979215719,6.48289741087801,97,-1,86.1509036884733,50.0808483688189,2.01347992361686,2.13914274496847,86.789698712097,49.6881648331167,26.4603596382006,32.1399083888547,10.1047487719736,22.2924768257154,18.9684002880445,77.5572237160436,55.0505455483531,9.8306370355235,3.91374874,25.59075928,NA,51.5,3.24223132069674,FALSE,FALSE,FALSE,FALSE,FALSE,FALSE,FALSE,FALSE,FALSE,FALSE,FALSE,FALSE,FALSE,FALSE,FALSE,FALSE,FALSE
"GM61FL","kanifing",53.12,23.66,1268,17.4920331987834,100,"GMB",2013,1.74920331987834,6.48289741087801,97,-1,84.1958627516878,88.6767890679117,5.09295048801952,4.3030717953389,84.2645001772175,41.5890837677824,16.7485172277883,15.6458836610484,10.4960837632011,19.8297169081542,20.0461600291762,98.4240650501959,81.3771640427736,74.8398044014366,3.91374874,25.59075928,NA,51.5,3.24223132069674,FALSE,FALSE,FALSE,FALSE,FALSE,FALSE,FALSE,FALSE,FALSE,FALSE,FALSE,FALSE,FALSE,FALSE,FALSE,FALSE,FALSE
"GM61FL","kerewan",29.2,17.64,865,17.4490457999502,13.7913369099793,"GMB",2013,1.74490457999502,6.48289741087801,97,-1,91.3510823636271,52.6410376811804,2.01960034020154,2.11893741347192,93.3107650873256,42.8677421633606,20.5430595946166,19.4336168423676,7.79993948377027,25.6305141797513,18.6191083062403,88.5002786727136,57.6629266579062,21.074464571026,3.91374874,25.59075928,NA,51.5,3.24223132069674,FALSE,FALSE,FALSE,FALSE,FALSE,FALSE,FALSE,FALSE,FALSE,FALSE,FALSE,FALSE,FALSE,FALSE,FALSE,FALSE,FALSE
"GM61FL","kuntaur",47.84,22.66,489,17.9885569834809,4.23870748106085,"GMB",2013,1.79885569834809,6.48289741087801,97,-1,91.1475235383173,38.1174884835136,1.04466156065954,2.01312574782613,94.4533925820867,38.7858027326713,22.9942910890886,32.0731915054353,15.9074039010385,23.9602834120954,18.7194347566545,82.6733815945652,19.0607303299945,8.98193751296713,3.91374874,25.59075928,NA,51.5,3.24223132069674,FALSE,FALSE,FALSE,FALSE,FALSE,FALSE,FALSE,FALSE,FALSE,FALSE,FALSE,FALSE,FALSE,FALSE,FALSE,FALSE,FALSE
"GM61FL","mansakonko",41.31,26.94,382,18.4604153690541,12.6718677186649,"GMB",2013,1.84604153690541,6.48289741087801,97,-1,94.506226250379,53.6211648463051,2.71423805928077,1.86871172755538,92.4358297662729,59.9019119827656,21.411342584593,25.216994209826,9.69338946693088,23.576496300293,18.6945442507981,95.8291154711726,25.0280845935521,24.5044181192501,3.91374874,25.59075928,NA,51.5,3.24223132069674,FALSE,FALSE,FALSE,FALSE,FALSE,FALSE,FALSE,FALSE,FALSE,FALSE,FALSE,FALSE,FALSE,FALSE,FALSE,FALSE,FALSE
"GM81FL","banjul",57.56,26.49,80,3.65070302189456,100,"GMB",2019,0.365070302189456,6.6041968440619,88,5,89.6388201556169,93.8174733852901,6.03242720859629,4.01592418338981,85.4614580308486,46.7985888672337,4.87519616437122,10.9508866009005,3.95278278054446,17.7642935574804,20.6659559400317,99.0819543613957,96.9100601666266,95.5293312873069,3.14534926,23.21861267,NA,62.1,3.14495422728412,FALSE,FALSE,FALSE,FALSE,FALSE,FALSE,FALSE,FALSE,FALSE,FALSE,FALSE,FALSE,FALSE,FALSE,FALSE,FALSE,FALSE
"GM81FL","basse",53.09,22.97,948,1.99912038243342,32.9319113451365,"GMB",2019,0.199912038243342,6.6041968440619,88,5,91.869477922014,74.6534988868873,2.12945557959037,2.36460107788258,89.4869654348974,63.6898948695903,14.552542662464,18.7666073548248,4.89183923067738,20.5814709968075,18.9227405770505,95.956056243635,50.0277354423057,47.7793612252913,3.14534926,23.21861267,NA,62.1,3.14495422728412,FALSE,FALSE,FALSE,FALSE,FALSE,FALSE,FALSE,FALSE,FALSE,FALSE,FALSE,FALSE,FALSE,FALSE,FALSE,FALSE,FALSE
"GM81FL","brikama",46.45,27.23,3168,3.21392171219931,94.2212614030217,"GMB",2019,0.321392171219931,6.6041968440619,88,5,94.687237700665,87.2816841855994,5.15229088777125,3.41132118790318,88.2940908208159,51.3885417803511,11.2719203759398,15.3575509858571,4.61776491092494,20.9001684456216,20.0740253898885,90.1249629691428,73.0826120231278,68.5141329876241,3.14534926,23.21861267,NA,62.1,3.14495422728412,FALSE,FALSE,FALSE,FALSE,FALSE,FALSE,FALSE,FALSE,FALSE,FALSE,FALSE,FALSE,FALSE,FALSE,FALSE,FALSE,FALSE
"GM81FL","janjanbureh",66.35,26.99,491,2.02754888385649,12.6385326832836,"GMB",2019,0.202754888385649,6.6041968440619,88,5,92.2451325732849,75.2964291752182,2.30070110882952,1.55789020484299,94.0906228325739,71.2136040124037,14.9999668107407,18.063443078808,5.22630452399281,21.8645672417971,18.77484451715,86.3160117991471,21.8911102418387,20.5684230809748,3.14534926,23.21861267,NA,62.1,3.14495422728412,FALSE,FALSE,FALSE,FALSE,FALSE,FALSE,FALSE,FALSE,FALSE,FALSE,FALSE,FALSE,FALSE,FALSE,FALSE,FALSE,FALSE
"GM81FL","kanifing",56.17,26.92,1277,3.25973067500545,100,"GMB",2019,0.325973067500545,6.6041968440619,88,5,87.1150358580002,90.6813128143276,6.28505354653953,4.0278300519868,85.9211736718839,45.1972833182646,8.4196911074651,13.893067133787,4.92417729335656,18.6564466438844,20.5846282498357,99.516910674702,89.0757581220127,90.3739403967502,3.14534926,23.21861267,NA,62.1,3.14495422728412,FALSE,FALSE,FALSE,FALSE,FALSE,FALSE,FALSE,FALSE,FALSE,FALSE,FALSE,FALSE,FALSE,FALSE,FALSE,FALSE,FALSE
"GM81FL","kerewan",67.66,30.11,906,2.47131282256535,22.9158973771569,"GMB",2019,0.247131282256535,6.6041968440619,88,5,98.8482046466985,90.1019623792536,3.24883781298058,2.10005944106891,94.2963321641691,64.0469414851031,13.3665183301477,19.0673995354276,7.05265666083518,21.4575899514886,19.4972121416672,94.960810107654,58.0589311883223,32.8715863963401,3.14534926,23.21861267,NA,62.1,3.14495422728412,FALSE,FALSE,FALSE,FALSE,FALSE,FALSE,FALSE,FALSE,FALSE,FALSE,FALSE,FALSE,FALSE,FALSE,FALSE,FALSE,FALSE
"GM81FL","kuntaur",81.71,38.41,471,2.06162082981977,6.48331364866827,"GMB",2019,0.206162082981977,6.6041968440619,88,5,95.6774697260643,62.5657796592717,1.4270608964782,1.40760362998437,93.821575232755,60.0020914534451,17.183479736629,17.7852190269752,3.02158298256582,23.1910211164347,18.9834213271891,87.3300599546912,38.350369309452,15.8296450391266,3.14534926,23.21861267,NA,62.1,3.14495422728412,FALSE,FALSE,FALSE,FALSE,FALSE,FALSE,FALSE,FALSE,FALSE,FALSE,FALSE,FALSE,FALSE,FALSE,FALSE,FALSE,FALSE
"GM81FL","mansakonko",75.09,26.24,330,2.21978690007295,18.1584547549702,"GMB",2019,0.221978690007295,6.6041968440619,88,5,96.7439095470945,70.0156934585183,3.43588408032846,1.82189788860051,97.0587423607786,61.103442155852,11.2673133049584,16.6595296030915,4.29732533831544,22.7078297684167,19.1209965841005,89.64774351955,46.7134781964556,26.8825379170042,3.14534926,23.21861267,NA,62.1,3.14495422728412,FALSE,FALSE,FALSE,FALSE,FALSE,FALSE,FALSE,FALSE,FALSE,FALSE,FALSE,FALSE,FALSE,FALSE,FALSE,FALSE,FALSE
"GN52FL","boke",157.74,119.89,799,35.5738747246926,23.5646944803085,"GIN",2005,3.55738747246926,6.13811075336054,59,-9,41.8191786537928,25.2348858126106,0.642342068048536,2.5380977226703,52.7722215102173,98.9123895931699,27.0367124104721,18.4581959835101,5.8643346592555,22.7850731890856,18.5199089059495,20.9682148820793,10.8518265013944,11.2768738510645,4.03452682,19.66388702,NA,20.2,2.97878380728236,FALSE,FALSE,FALSE,FALSE,FALSE,FALSE,FALSE,FALSE,FALSE,FALSE,FALSE,FALSE,FALSE,FALSE,FALSE,FALSE,FALSE
"GN52FL","conakry",87.84,53.74,675,33.8781337346574,100,"GIN",2005,3.38781337346574,6.13811075336054,59,-9,51.4238166760859,70.5338349942344,3.44760453885388,4.97508736186887,51.3258904505886,97.9586028702031,21.129217021887,21.894534492908,9.28954468681692,19.8279521963427,18.9585361231049,93.4377340317592,13.6112162093392,93.5719458217843,4.03452682,19.66388702,NA,20.2,2.97878380728236,FALSE,FALSE,FALSE,FALSE,FALSE,FALSE,FALSE,FALSE,FALSE,FALSE,FALSE,FALSE,FALSE,FALSE,FALSE,FALSE,FALSE
"GN52FL","faranah",153.01,107.98,571,47.9411788326437,18.7661398367184,"GIN",2005,4.79411788326437,6.13811075336054,59,-9,51.6681958049314,23.1089490443724,0.749832875468842,2.56788142392387,53.9671097078029,100,30.8850357207851,28.4316797110547,13.3634841311732,23.7861842126155,18.7933338877274,21.4605918441013,0.748996139823302,4.00543119483669,4.03452682,19.66388702,NA,20.2,2.97878380728236,FALSE,FALSE,FALSE,FALSE,FALSE,FALSE,FALSE,FALSE,FALSE,FALSE,FALSE,FALSE,FALSE,FALSE,FALSE,FALSE,FALSE
"GN52FL","kankan",190.8,145.5,1011,44.1998073973995,10.4086533512505,"GIN",2005,4.41998073973995,6.13811075336054,59,-9,54.6200114166698,32.036864641577,0.365334828250503,2.67600496278463,47.5710115337937,98.5077222161948,43.5286157406987,29.9745611105631,10.8519150569432,26.1778280573586,18.1499178999787,17.7904277521591,0.278606471746747,4.11473657040671,4.03452682,19.66388702,NA,20.2,2.97878380728236,FALSE,FALSE,FALSE,FALSE,FALSE,FALSE,FALSE,FALSE,FALSE,FALSE,FALSE,FALSE,FALSE,FALSE,FALSE,FALSE,FALSE
"GN52FL","kindia",183.69,138.9,982,39.4372768261014,13.0582938449342,"GIN",2005,3.94372768261014,6.13811075336054,59,-9,57.3904224871425,27.9738758582524,0.564599509592263,2.85463440585442,49.3043453428975,98.9787432201811,34.8685562125231,25.2599033297356,8.61214078899684,20.4228967856187,18.7553092204744,20.9890116843832,3.51807009770765,19.2486192682676,4.03452682,19.66388702,NA,20.2,2.97878380728236,FALSE,FALSE,FALSE,FALSE,FALSE,FALSE,FALSE,FALSE,FALSE,FALSE,FALSE,FALSE,FALSE,FALSE,FALSE,FALSE,FALSE
"GN52FL","labe",136.82,117.02,678,44.0411606510407,5.45178403102848,"GIN",2005,4.40411606510407,6.13811075336054,59,-9,46.4336845104801,15.423857780576,0.525475180854632,2.45051249670362,31.8081746213634,95.9941742639164,33.538009539406,27.1291799967605,12.8225938208145,16.555340324873,18.8586662434236,9.25018604137643,0.501724844516059,5.93708907616976,4.03452682,19.66388702,NA,20.2,2.97878380728236,FALSE,FALSE,FALSE,FALSE,FALSE,FALSE,FALSE,FALSE,FALSE,FALSE,FALSE,FALSE,FALSE,FALSE,FALSE,FALSE,FALSE
"GN52FL","mamou",176.82,129.22,459,40.2611127682971,8.41802487272814,"GIN",2005,4.02611127682971,6.13811075336054,59,-9,56.3345554622666,15.7587247917471,0.313242125676463,2.6195638848541,50.8705638146858,98.5466138013486,31.5945564666416,21.0784070864792,3.72896576633312,13.6692908049927,18.1340005625389,18.4481039427836,0.292514446663955,6.22060294206398,4.03452682,19.66388702,NA,20.2,2.97878380728236,FALSE,FALSE,FALSE,FALSE,FALSE,FALSE,FALSE,FALSE,FALSE,FALSE,FALSE,FALSE,FALSE,FALSE,FALSE,FALSE,FALSE
"GN52FL","nzerekore",178.75,140.14,1539,58.7537448792505,17.373308188433,"GIN",2005,5.87537448792505,6.13811075336054,59,-9,52.3361183351115,31.4628773076964,0.867094744586399,2.46378954190516,57.2799671774826,99.3696851383467,39.7629394495404,28.0218186373666,11.224268237443,24.4177990221211,18.0807602172256,17.1398498232718,1.48244541373569,1.91254214985544,4.03452682,19.66388702,NA,20.2,2.97878380728236,FALSE,FALSE,FALSE,FALSE,FALSE,FALSE,FALSE,FALSE,FALSE,FALSE,FALSE,FALSE,FALSE,FALSE,FALSE,FALSE,FALSE
"GN62FL","boke",91.74,51.88,664,29.9404808566518,26.8624986762507,"GIN",2012,2.99404808566518,6.55015616128664,59,-2,55.0556503757804,37.8023093304196,1.72902437808121,2.79241264243759,60.6038110278433,23.1496639731601,25.1942407910808,19.7710341169467,9.240866667712,9.81445838595915,17.9385399539905,71.1244205218044,36.4891725765007,21.7715298065975,3.50398517,23.70012856,NA,26.2,3.16548047259895,FALSE,FALSE,FALSE,FALSE,FALSE,FALSE,FALSE,FALSE,FALSE,FALSE,FALSE,FALSE,FALSE,FALSE,FALSE,FALSE,FALSE
"GN62FL","conakry",66.88,40.6,904,15.4927597727791,100,"GIN",2012,1.54927597727791,6.55015616128664,59,-2,55.4424811745503,80.5910775949191,4.4103214042776,4.86854565673946,80.5154806469031,22.8458313509357,12.1067507891645,11.7109247891569,7.6833847626692,16.6658136882841,19.0703640769401,97.7687420948941,90.5614222076829,93.5614262205721,3.50398517,23.70012856,NA,26.2,3.16548047259895,FALSE,FALSE,FALSE,FALSE,FALSE,FALSE,FALSE,FALSE,FALSE,FALSE,FALSE,FALSE,FALSE,FALSE,FALSE,FALSE,FALSE
"GN62FL","faranah",158.17,125.22,744,68.1545536115567,16.9043067715722,"GIN",2012,6.81545536115567,6.55015616128664,59,-2,42.1642498559915,29.2018141923087,0.781603329855474,2.24366011017135,53.7732342537076,21.2283363614925,25.8661806486099,21.4506894852325,7.35218479966984,16.7210407766989,17.7339116634549,78.0184399378816,22.6867878172109,7.99826904007724,3.50398517,23.70012856,NA,26.2,3.16548047259895,FALSE,FALSE,FALSE,FALSE,FALSE,FALSE,FALSE,FALSE,FALSE,FALSE,FALSE,FALSE,FALSE,FALSE,FALSE,FALSE,FALSE
"GN62FL","kankan",196.98,150.95,1254,55.5075991836799,10.9791705665874,"GIN",2012,5.55075991836799,6.55015616128664,59,-2,51.6983369672789,40.5426745714165,0.616429423088048,2.23639116951747,54.0182036780144,23.4824482206248,26.5660963952475,30.337557285056,17.9844733574966,25.889584622122,17.8477000737144,79.7220026245078,29.1644899312852,10.1118268357174,3.50398517,23.70012856,NA,26.2,3.16548047259895,FALSE,FALSE,FALSE,FALSE,FALSE,FALSE,FALSE,FALSE,FALSE,FALSE,FALSE,FALSE,FALSE,FALSE,FALSE,FALSE,FALSE
"GN62FL","kindia",110.92,80.49,1058,42.0215936763154,19.1281155065253,"GIN",2012,4.20215936763154,6.55015616128664,59,-2,47.6317188140463,36.20924519369,1.43079187440448,3.01243247289139,64.782281363623,19.7834837447768,25.0075411021956,20.1125909144634,6.96337510804355,21.2969789964977,18.2918819271143,53.9156911114426,42.5262519278112,24.4758374407364,3.50398517,23.70012856,NA,26.2,3.16548047259895,FALSE,FALSE,FALSE,FALSE,FALSE,FALSE,FALSE,FALSE,FALSE,FALSE,FALSE,FALSE,FALSE,FALSE,FALSE,FALSE,FALSE
"GN62FL","labe",120.37,80.83,651,37.6005953314441,4.0365051871419,"GIN",2012,3.76005953314441,6.55015616128664,59,-2,35.044322685817,27.2783904524508,0.933024103251164,2.36868719229403,42.7710974044956,5.48065947658377,30.9095909974555,23.7163486359617,8.85926594440089,13.6477803193165,17.8543975969922,61.2547305179463,32.6666084709958,5.21255878759235,3.50398517,23.70012856,NA,26.2,3.16548047259895,FALSE,FALSE,FALSE,FALSE,FALSE,FALSE,FALSE,FALSE,FALSE,FALSE,FALSE,FALSE,FALSE,FALSE,FALSE,FALSE,FALSE
"GN62FL","mamou",113.55,71.53,506,43.7095064969832,7.15339444018135,"GIN",2012,4.37095064969832,6.55015616128664,59,-2,27.1741052573401,19.0249366895311,0.60702316245375,2.54745951121575,47.0045684241877,12.4397238637049,36.2169270287888,25.0906969560476,10.7329529764635,16.7296490352648,18.561931862612,53.3785530194136,26.833835289,8.35473493659548,3.50398517,23.70012856,NA,26.2,3.16548047259895,FALSE,FALSE,FALSE,FALSE,FALSE,FALSE,FALSE,FALSE,FALSE,FALSE,FALSE,FALSE,FALSE,FALSE,FALSE,FALSE,FALSE
"GN62FL","nzerekore",99.87,81.7,1216,61.5797109675483,12.846224931045,"GIN",2012,6.15797109675483,6.55015616128664,59,-2,66.5752803160884,34.6029931973073,1.4155203784316,2.72534931735153,73.1429793727366,24.5169383973885,32.1637647125532,21.4400414457489,7.15162203357979,18.6523244780129,18.1466728006636,80.4913421130337,36.9940654049645,3.33453875738425,3.50398517,23.70012856,NA,26.2,3.16548047259895,FALSE,FALSE,FALSE,FALSE,FALSE,FALSE,FALSE,FALSE,FALSE,FALSE,FALSE,FALSE,FALSE,FALSE,FALSE,FALSE,FALSE
"GN71FL","boke",126.24,87.53,837,23.9305884440971,18.6217360201916,"GIN",2018,2.39305884440971,6.83869842219857,51,4,30.6702816995066,42.101444380769,1.80885321952031,2.67071235683079,31.914113157367,22.0791598723692,33.1020691705834,21.824221291189,7.57970861428044,20.177234744378,19.2434856854299,66.7869947049907,44.0033008411516,38.5886637350488,3.73843002,34.88978195,NA,45,3.55219400553742,FALSE,FALSE,FALSE,FALSE,FALSE,FALSE,FALSE,FALSE,FALSE,FALSE,FALSE,FALSE,FALSE,FALSE,FALSE,FALSE,FALSE
"GN71FL","conakry",37.41,18.56,862,23.6838410344004,100,"GIN",2018,2.36838410344004,6.83869842219857,51,4,55.3945895934577,89.7555993173842,4.9468598779539,4.72130307435618,57.5112399486249,28.6701217840741,15.4708988202746,14.6308726724262,7.55098133682759,18.4922681925765,19.6963289359803,95.8202735863701,93.0975364786393,96.6615200320448,3.73843002,34.88978195,NA,45,3.55219400553742,FALSE,FALSE,FALSE,FALSE,FALSE,FALSE,FALSE,FALSE,FALSE,FALSE,FALSE,FALSE,FALSE,FALSE,FALSE,FALSE,FALSE
"GN71FL","faranah",135.6,89.98,800,42.236702857905,14.1176387212171,"GIN",2018,4.2236702857905,6.83869842219857,51,4,39.4206185017807,34.3963142703238,1.0878349747318,2.2028464554702,35.2394089865278,44.9326477380663,24.3702098381895,18.6781565288771,5.87428524150473,21.7212166899639,19.013750034443,85.6576584957458,30.9362353267412,25.7957883926027,3.73843002,34.88978195,NA,45,3.55219400553742,FALSE,FALSE,FALSE,FALSE,FALSE,FALSE,FALSE,FALSE,FALSE,FALSE,FALSE,FALSE,FALSE,FALSE,FALSE,FALSE,FALSE
"GN71FL","kankan",132.8,96.9,1353,32.4022905659693,17.5575662644238,"GIN",2018,3.24022905659693,6.83869842219857,51,4,46.6100257169659,51.6036742251141,1.2423179806381,2.90494232944564,58.0742994610363,56.3570433849889,24.7386899405904,23.6453670659348,10.7662740832677,24.425093027042,18.1591952517476,90.4848063733017,60.1748078999669,47.8206001181251,3.73843002,34.88978195,NA,45,3.55219400553742,FALSE,FALSE,FALSE,FALSE,FALSE,FALSE,FALSE,FALSE,FALSE,FALSE,FALSE,FALSE,FALSE,FALSE,FALSE,FALSE,FALSE
"GN71FL","kindia",123.84,69.84,1186,35.0657581473309,29.3860322560172,"GIN",2018,3.50657581473309,6.83869842219857,51,4,40.5614363041493,50.7186516074187,1.55227249141079,3.0258748044247,20.2932742820397,29.6482927316135,23.67847820105,18.8116042187296,8.61106958672077,24.7044044388977,18.5637616641458,61.3603098845316,42.0022921904221,42.2511254336124,3.73843002,34.88978195,NA,45,3.55219400553742,FALSE,FALSE,FALSE,FALSE,FALSE,FALSE,FALSE,FALSE,FALSE,FALSE,FALSE,FALSE,FALSE,FALSE,FALSE,FALSE,FALSE
"GN71FL","labe",105.04,88.17,859,20.2374908162989,8.24995145422377,"GIN",2018,2.02374908162989,6.83869842219857,51,4,22.9418863759127,30.3270123741008,1.04099474603572,2.21096290872935,17.5844507424215,27.311334930943,24.6575554758965,20.3855178775903,7.69482535137893,16.2543601325725,19.2090008409853,61.5787833310899,34.0288559857795,25.0691782425944,3.73843002,34.88978195,NA,45,3.55219400553742,FALSE,FALSE,FALSE,FALSE,FALSE,FALSE,FALSE,FALSE,FALSE,FALSE,FALSE,FALSE,FALSE,FALSE,FALSE,FALSE,FALSE
"GN71FL","mamou",99.19,79.25,623,33.0320217101747,9.95240598012736,"GIN",2018,3.30320217101747,6.83869842219857,51,4,24.5508180542066,37.5482110458662,0.877191185992762,2.63870565942679,30.4714305818097,39.5004748888903,22.8364355789964,19.8178387770207,6.72700165295457,17.0560473845986,19.236000281194,63.1355223602802,46.1650126984862,30.2344180806721,3.73843002,34.88978195,NA,45,3.55219400553742,FALSE,FALSE,FALSE,FALSE,FALSE,FALSE,FALSE,FALSE,FALSE,FALSE,FALSE,FALSE,FALSE,FALSE,FALSE,FALSE,FALSE
"GN71FL","nzerekore",112.35,92.08,1193,51.9029237120455,22.6854571591181,"GIN",2018,5.19029237120455,6.83869842219857,51,4,51.2344568131558,71.5441733582443,1.20939809036508,2.39327584705304,49.2679778747297,41.8287034247238,29.3241624692276,16.028231934184,7.70974123032635,13.9175268770101,19.8059649889672,88.7788658538651,35.6811071624811,18.8098411449891,3.73843002,34.88978195,NA,45,3.55219400553742,FALSE,FALSE,FALSE,FALSE,FALSE,FALSE,FALSE,FALSE,FALSE,FALSE,FALSE,FALSE,FALSE,FALSE,FALSE,FALSE,FALSE
"KE42FL","central",55.3,29.24,610,8.39605764604415,11.1043830775817,"KEN",2003,0.839605764604415,6.09334052763883,73,-11,88.7981011262324,64.8499195797129,8.43699325858916,3.65702267447751,89.9601758001414,100,26.8777198259191,14.2403719106847,4.40819607872034,25.7739384897575,19.8382050421703,41.1813185374117,14.7612996058266,18.9526883512295,4.03365707,25.64012337,NA,16,3.24415844366336,FALSE,FALSE,FALSE,FALSE,FALSE,FALSE,FALSE,FALSE,FALSE,FALSE,FALSE,FALSE,FALSE,FALSE,FALSE,FALSE,FALSE
"KE42FL","coast",107.85,54.23,479,32.5106702568965,34.3258200440098,"KEN",2003,3.25106702568965,6.09334052763883,73,-11,77.832815543705,31.1086835052707,4.83545925106654,3.14468828049387,79.3782109099592,97.7820872915807,35.1357553019716,25.2037372037192,5.54664548481245,31.4904781801106,19.055516506535,55.5833067866784,25.7823311130495,18.920723127062,4.03365707,25.64012337,NA,16,3.24415844366336,FALSE,FALSE,FALSE,FALSE,FALSE,FALSE,FALSE,FALSE,FALSE,FALSE,FALSE,FALSE,FALSE,FALSE,FALSE,FALSE,FALSE
"KE42FL","eastern",89.69,55.58,878,9.55569183522001,4.83851286441464,"KEN",2003,0.955569183522001,6.09334052763883,73,-11,87.0872157965858,37.2422320191236,6.77902452263831,3.00022681224123,74.0586981416818,100,33.7162449656727,21.9387911700411,3.80001872153691,26.027091311295,19.2867242812316,29.1041450895423,11.8348219152821,4.45841178552978,4.03365707,25.64012337,NA,16,3.24415844366336,FALSE,FALSE,FALSE,FALSE,FALSE,FALSE,FALSE,FALSE,FALSE,FALSE,FALSE,FALSE,FALSE,FALSE,FALSE,FALSE,FALSE
"KE42FL","northeastern",137.43,100.52,190,5.65598643254157,18.2034704991986,"KEN",2003,0.565598643254157,6.09334052763883,73,-11,26.3933421846733,7.6594092475484,0.223746995641698,1.59835479117557,37.3547244372095,94.725833642494,25.1929820061768,33.9874911122337,26.6555210391064,49.4324388605428,18.5809939331753,3.56746816582802,1.35921716962115,2.23098421008033,4.03365707,25.64012337,NA,16,3.24415844366336,FALSE,FALSE,FALSE,FALSE,FALSE,FALSE,FALSE,FALSE,FALSE,FALSE,FALSE,FALSE,FALSE,FALSE,FALSE,FALSE,FALSE
"KE42FL","nyanza",216.58,190.54,922,40.7291672701298,8.73879174938617,"KEN",2003,4.07291672701298,6.09334052763883,73,-11,54.5628463121825,35.8320062723482,6.68156481145388,2.55408649751595,48.1759752761772,100,31.0249363519523,15.3322144216878,2.44514055593924,33.9819591891907,18.01984821054,16.131771496096,6.61934147903944,4.8707312112631,4.03365707,25.64012337,NA,16,3.24415844366336,FALSE,FALSE,FALSE,FALSE,FALSE,FALSE,FALSE,FALSE,FALSE,FALSE,FALSE,FALSE,FALSE,FALSE,FALSE,FALSE,FALSE
"KE42FL","riftvalley",79.94,38.83,1494,15.4832279952003,14.5228082003383,"KEN",2003,1.54832279952003,6.09334052763883,73,-11,70.9105036139519,35.1253410281015,6.11989311281943,2.98375081226296,74.6746869649634,100,32.0132528403797,24.210023283361,7.87208443050317,30.9078847564249,18.8399268643883,18.8973460685895,14.3957686901407,9.44605911974569,4.03365707,25.64012337,NA,16,3.24415844366336,FALSE,FALSE,FALSE,FALSE,FALSE,FALSE,FALSE,FALSE,FALSE,FALSE,FALSE,FALSE,FALSE,FALSE,FALSE,FALSE,FALSE
"KE42FL","western",147.88,131.2,691,49.3807003449108,6.59267581378281,"KEN",2003,4.93807003449108,6.09334052763883,73,-11,66.6911486962419,28.167631558957,6.26861675552786,2.47746674074711,70.9172547772848,100,30.1938305435344,19.1042824302906,4.94677377733183,31.6313977240069,18.7359915626271,8.40809879705485,8.24050172940587,1.18047948220257,4.03365707,25.64012337,NA,16,3.24415844366336,FALSE,FALSE,FALSE,FALSE,FALSE,FALSE,FALSE,FALSE,FALSE,FALSE,FALSE,FALSE,FALSE,FALSE,FALSE,FALSE,FALSE
"KE52FL","central",68.07,28.93,467,1.43579675145034,12.4213396484367,"KEN",2008,0.143579675145034,6.81951881158765,88,-6,92.2000483533961,72.9575306105896,8.30390325951636,3.70801370292586,88.33375389585,30.8395371427897,26.3677192799673,18.0088417507896,4.86858881732494,23.4828850438712,19.8284248124336,66.7542374049009,57.2214133458096,20.2223666416588,5.19050598,54.35681915,NA,30.3,3.99557007303816,FALSE,FALSE,FALSE,FALSE,FALSE,FALSE,FALSE,FALSE,FALSE,FALSE,FALSE,FALSE,FALSE,FALSE,FALSE,FALSE,FALSE
"KE52FL","coast",66.54,29.99,482,3.73288417064042,41.4167592555526,"KEN",2008,0.373288417064042,6.81951881158765,88,-6,86.7207717740419,44.1493773171037,5.80063072640478,3.34884721838506,85.434062703397,18.8204267183519,34.7667179259627,29.1272477818396,11.2906577320208,28.8482718815031,18.9032689507333,63.205550532884,53.672170715414,28.2898219274552,5.19050598,54.35681915,NA,30.3,3.99557007303816,FALSE,FALSE,FALSE,FALSE,FALSE,FALSE,FALSE,FALSE,FALSE,FALSE,FALSE,FALSE,FALSE,FALSE,FALSE,FALSE,FALSE
"KE52FL","eastern",52.18,17.55,926,1.51491823381324,6.02694486085261,"KEN",2008,0.151491823381324,6.81951881158765,88,-6,91.7215342964514,41.7478565338588,7.20618612839825,2.93921719131652,88.7295495237945,54.286831843278,31.952536063428,25.454026462578,6.304380562896,22.4229742092794,19.4782256012165,50.2681136363536,35.3502304059941,8.65323508305321,5.19050598,54.35681915,NA,30.3,3.99557007303816,FALSE,FALSE,FALSE,FALSE,FALSE,FALSE,FALSE,FALSE,FALSE,FALSE,FALSE,FALSE,FALSE,FALSE,FALSE,FALSE,FALSE
"KE52FL","northeastern",79.26,45.83,169,2.10419670586177,13.2754734864668,"KEN",2008,0.210419670586177,6.81951881158765,88,-6,58.9694859737125,17.1501357666299,0.88130137315368,1.66917066440439,80.006093340122,5.50417494574341,32.3577498781631,32.2589592524295,18.8879883852384,43.10261407051,18.5624562177239,68.4726767243549,27.9312575950451,10.0697270666503,5.19050598,54.35681915,NA,30.3,3.99557007303816,FALSE,FALSE,FALSE,FALSE,FALSE,FALSE,FALSE,FALSE,FALSE,FALSE,FALSE,FALSE,FALSE,FALSE,FALSE,FALSE,FALSE
"KE52FL","nyanza",132.79,97.58,1046,13.1935821211162,8.42979860493023,"KEN",2008,1.31935821211162,6.81951881158765,88,-6,77.4167070157065,43.5936518208977,7.97719080847034,2.87503821542388,78.0069517906361,36.9709070572761,27.2020307997606,13.643035704026,3.20026157602607,31.1987304930986,18.3280945040575,55.5001156747773,32.0945427777967,12.9167011556352,5.19050598,54.35681915,NA,30.3,3.99557007303816,FALSE,FALSE,FALSE,FALSE,FALSE,FALSE,FALSE,FALSE,FALSE,FALSE,FALSE,FALSE,FALSE,FALSE,FALSE,FALSE,FALSE
"KE52FL","riftvalley",41.36,22.8,1669,1.67344134651558,11.1825121014037,"KEN",2008,0.167344134651558,6.81951881158765,88,-6,92.9492205094131,32.7827622084067,7.17369749597597,3.03080513764868,89.3040101513957,40.6842088522024,30.9196155943195,23.7499832545476,5.95947027193546,27.6739843992745,18.9011727944261,56.7750160436277,44.0472471327509,21.2642303350443,5.19050598,54.35681915,NA,30.3,3.99557007303816,FALSE,FALSE,FALSE,FALSE,FALSE,FALSE,FALSE,FALSE,FALSE,FALSE,FALSE,FALSE,FALSE,FALSE,FALSE,FALSE,FALSE
"KE52FL","western",95.83,68.31,676,14.0592163348865,8.67097938501622,"KEN",2008,1.40592163348865,6.81951881158765,88,-6,81.757299254096,24.6573128598877,7.26728423088385,2.70706907465549,77.7378518804459,32.8026080208691,26.7352639112538,13.3320078532069,2.85480724458074,33.539769885798,19.1248908015078,75.5134614600722,48.8208740350108,4.97183620963943,5.19050598,54.35681915,NA,30.3,3.99557007303816,FALSE,FALSE,FALSE,FALSE,FALSE,FALSE,FALSE,FALSE,FALSE,FALSE,FALSE,FALSE,FALSE,FALSE,FALSE,FALSE,FALSE
"KE72FL","central",42.44,16.22,1812,2.09361109108243,35.7767514506333,"KEN",2014,0.209361109108243,7.301698034031,92,0,95.4559374450151,89.3479338546859,9.4006531221832,3.90056732016662,97.1611439685358,29.7435141994192,12.5409366101321,8.04633622712747,2.03522927298674,17.8593893221649,20.4372727270629,80.1511927030275,49.8770934767689,50.2966145367332,4.91267347,72.84589386,NA,36,4.28834616674246,FALSE,FALSE,FALSE,FALSE,FALSE,FALSE,FALSE,FALSE,FALSE,FALSE,FALSE,FALSE,FALSE,FALSE,FALSE,FALSE,FALSE
"KE72FL","coast",54.03,32.84,2027,4.06522075387553,37.0621897185525,"KEN",2014,0.406522075387553,7.301698034031,92,0,92.1524571568022,57.4636658745231,6.32438198953636,2.92796056288708,87.522461495842,32.7380852671381,24.1800509347383,17.4328928729109,3.50292061113181,27.115153550595,19.5143802177329,69.875936470621,61.5662312957075,38.4664960768399,4.91267347,72.84589386,NA,36,4.28834616674246,FALSE,FALSE,FALSE,FALSE,FALSE,FALSE,FALSE,FALSE,FALSE,FALSE,FALSE,FALSE,FALSE,FALSE,FALSE,FALSE,FALSE
"KE72FL","eastern",42.54,20.61,2523,1.62356164426559,21.2917260037955,"KEN",2014,0.162356164426559,7.301698034031,92,0,93.6998640664919,62.1773182360607,7.87134976897879,2.89172910722692,92.0868745952108,27.136641506107,24.0065658229471,17.1580465814274,4.20796072961045,20.9105455608293,19.7512478548456,54.6612304545082,48.2065827499119,18.5531939415627,4.91267347,72.84589386,NA,36,4.28834616674246,FALSE,FALSE,FALSE,FALSE,FALSE,FALSE,FALSE,FALSE,FALSE,FALSE,FALSE,FALSE,FALSE,FALSE,FALSE,FALSE,FALSE
"KE72FL","nairobi",71.91,35.14,1809,2.51046367863506,100,"KEN",2014,0.251046367863506,7.301698034031,92,0,87.9521942114496,87.7284708605585,10.2489114586872,4.62415797673901,92.5174474934683,29.0972925790571,11.6465208656777,7.3515475714586,2.86217867023986,20.1755786461332,20.6040186016648,94.0451072402554,88.0392540550087,85.9771187900968,4.91267347,72.84589386,NA,36,4.28834616674246,FALSE,FALSE,FALSE,FALSE,FALSE,FALSE,FALSE,FALSE,FALSE,FALSE,FALSE,FALSE,FALSE,FALSE,FALSE,FALSE,FALSE
"KE72FL","northeastern",48.45,22.73,676,1.30099344086916,29.3198534793097,"KEN",2014,0.130099344086916,7.301698034031,92,0,77.9705489939569,28.0650751144993,0.94532139754976,1.84897257366604,69.8456658044512,24.6756556668989,19.659680129563,24.5015884177348,11.3486612759018,45.2341249159545,19.5979583717852,52.2136692229063,37.3424063815391,15.7867041642268,4.91267347,72.84589386,NA,36,4.28834616674246,FALSE,FALSE,FALSE,FALSE,FALSE,FALSE,FALSE,FALSE,FALSE,FALSE,FALSE,FALSE,FALSE,FALSE,FALSE,FALSE,FALSE
"KE72FL","nyanza",69.54,49.65,2938,14.0452450641228,24.0732571387564,"KEN",2014,1.40452450641228,7.301698034031,92,0,89.8073469329198,65.0616351887719,8.36851522207035,2.80667735676642,85.5034605298219,30.0973621686159,17.7761569349507,9.41952700052105,2.00481930042914,30.8580743601161,18.3686474679849,62.8652865598108,46.2377467249868,19.224577762964,4.91267347,72.84589386,NA,36,4.28834616674246,FALSE,FALSE,FALSE,FALSE,FALSE,FALSE,FALSE,FALSE,FALSE,FALSE,FALSE,FALSE,FALSE,FALSE,FALSE,FALSE,FALSE
"KE72FL","riftvalley",44.48,23.91,5584,2.15691515264983,24.0671621232046,"KEN",2014,0.215691515264983,7.301698034031,92,0,88.3596952628402,49.580520787573,7.78993989395663,2.8987343521255,83.1951715754176,26.9804776781951,23.497835192858,20.2968327138335,5.46088387387369,25.479689238231,19.4320579518153,60.4466373559905,47.4932321522302,26.4508816700105,4.91267347,72.84589386,NA,36,4.28834616674246,FALSE,FALSE,FALSE,FALSE,FALSE,FALSE,FALSE,FALSE,FALSE,FALSE,FALSE,FALSE,FALSE,FALSE,FALSE,FALSE,FALSE
"KE72FL","western",50.83,36.86,2302,16.9323721113281,13.8112887827213,"KEN",2014,1.69323721113281,7.301698034031,92,0,90.3462911206358,47.0340463124882,7.88341638005701,2.78889176185235,85.739448973205,31.3777246816475,19.8949050503205,11.3890132569556,2.08097092437594,28.2684397429341,19.0695772680324,75.2559750421962,22.7602795815315,9.41850868190252,4.91267347,72.84589386,NA,36,4.28834616674246,FALSE,FALSE,FALSE,FALSE,FALSE,FALSE,FALSE,FALSE,FALSE,FALSE,FALSE,FALSE,FALSE,FALSE,FALSE,FALSE,FALSE
"KE8CFL","baringo",60.43,23.9,257,4.39757691497201,11.7647590794866,"KEN",2022,0.439757691497201,7.65423604156395,94,8,96.4218000706744,81.2202329052351,9.04822241203254,2.3863328717765,83.546405274835,79.7402553443629,26.8064918685865,18.5565620905401,4.63839244802264,31.4700959645519,19.8420303075342,54.6336182847996,63.2101842536928,33.3022764154615,4.32241869,91.18416595,NA,76,4.51288126303747,FALSE,FALSE,FALSE,FALSE,FALSE,FALSE,TRUE,TRUE,TRUE,FALSE,FALSE,FALSE,FALSE,FALSE,FALSE,FALSE,FALSE
"KE8CFL","bomet",35.51,11.44,331,2.77624139783515,2.1702170109302,"KEN",2022,0.277624139783515,7.65423604156395,94,8,89.8302456049221,88.2024947792249,9.29195515477707,2.28709517642198,91.147772419461,85.1467208373875,26.8064918685865,18.5565620905401,4.63839244802264,23.421310332776,19.0680370909189,80.4758058967561,93.812472944645,31.3825015142365,4.32241869,91.18416595,NA,76,4.51288126303747,FALSE,FALSE,FALSE,FALSE,FALSE,FALSE,TRUE,TRUE,TRUE,FALSE,FALSE,FALSE,FALSE,FALSE,FALSE,FALSE,FALSE
"KE8CFL","bungoma",54.26,28.76,593,8.09893917243702,9.85464656043707,"KEN",2022,0.809893917243702,7.65423604156395,94,8,97.3512235646133,86.967369902702,9.59232326285045,2.68793344724138,89.8944378310361,84.4487382472273,26.8064918685865,18.5565620905401,4.63839244802264,27.6342130895083,19.6541763032247,86.4816386871397,55.9715991697217,31.2044855551314,4.32241869,91.18416595,NA,76,4.51288126303747,FALSE,FALSE,FALSE,FALSE,FALSE,FALSE,TRUE,TRUE,TRUE,FALSE,FALSE,FALSE,FALSE,FALSE,FALSE,FALSE,FALSE
"KE8CFL","busia",69.94,37.96,329,15.1645762969962,11.7187736830302,"KEN",2022,1.51645762969962,7.65423604156395,94,8,96.5303539711216,85.0901792137043,8.24888991641084,2.65307777303468,90.6133690799977,75.7600922714054,26.8064918685865,18.5565620905401,4.63839244802264,28.3156097105653,18.901886338039,71.668085930266,57.2722794057145,35.4874242640957,4.32241869,91.18416595,NA,76,4.51288126303747,FALSE,FALSE,FALSE,FALSE,FALSE,FALSE,TRUE,TRUE,TRUE,FALSE,FALSE,FALSE,FALSE,FALSE,FALSE,FALSE,FALSE
"KE8CFL","elgeyomarakwet",20.6,0.600000000000001,162,3.4452294788732,3.998700209772,"KEN",2022,0.34452294788732,7.65423604156395,94,8,82.3174113860454,95.5563597724933,10.3597245145675,2.48983893136666,86.4103080160062,87.188239514994,26.8064918685865,18.5565620905401,4.63839244802264,25.2016270174793,20.2996559082558,68.7358257770608,45.2338881812734,37.5487022830079,4.32241869,91.18416595,NA,76,4.51288126303747,FALSE,FALSE,FALSE,FALSE,FALSE,FALSE,TRUE,TRUE,TRUE,FALSE,FALSE,FALSE,FALSE,FALSE,FALSE,FALSE,FALSE
"KE8CFL","embu",55.62,23.29,166,3.34475530686856,13.1599177631634,"KEN",2022,0.334475530686856,7.65423604156395,94,8,97.1304571540703,94.2121565881718,10.0534149062886,3.13951223291897,90.815141239119,96.6073115829561,26.8064918685865,18.5565620905401,4.63839244802264,11.5399630792504,20.8442028357301,80.6414174926143,61.8971464921594,56.006777284844,4.32241869,91.18416595,NA,76,4.51288126303747,FALSE,FALSE,FALSE,FALSE,FALSE,FALSE,TRUE,TRUE,TRUE,FALSE,FALSE,FALSE,FALSE,FALSE,FALSE,FALSE,FALSE
"KE8CFL","garissa",42.41,9.84999999999999,245,2.52954004129459,51.8911110034774,"KEN",2022,0.252954004129459,7.65423604156395,94,8,39.7595699700712,59.0077449718405,3.14414973339935,2.98522356627608,39.6871032635278,61.88437469189,26.8064918685865,18.5565620905401,4.63839244802264,50.6177178903734,19.5117995811607,60.3014646696832,80.6024182917293,60.2855025099215,4.32241869,91.18416595,NA,76,4.51288126303747,FALSE,FALSE,FALSE,FALSE,FALSE,FALSE,TRUE,TRUE,TRUE,FALSE,FALSE,FALSE,FALSE,FALSE,FALSE,FALSE,FALSE
"KE8CFL","homabay",55.24,25.79,381,6.43910328582304,9.38932531217879,"KEN",2022,0.643910328582304,7.65423604156395,94,8,88.4408294457439,90.4567444730803,8.93475419766732,2.41306927928715,88.9362123253723,89.9921329973517,26.8064918685865,18.5565620905401,4.63839244802264,29.6561405394197,17.8582981952115,63.429200527138,47.9098367272164,23.4619990263302,4.32241869,91.18416595,NA,76,4.51288126303747,FALSE,FALSE,FALSE,FALSE,FALSE,FALSE,TRUE,TRUE,TRUE,FALSE,FALSE,FALSE,FALSE,FALSE,FALSE,FALSE,FALSE
"KE8CFL","isiolo",32.47,12.41,97,2.91396413206712,52.3449119672383,"KEN",2022,0.291396413206712,7.65423604156395,94,8,89.3009470622798,84.8794626654455,6.01878207679281,2.95059345604069,75.4005859434145,76.6776270601264,26.8064918685865,18.5565620905401,4.63839244802264,28.4724940402507,20.1843338339832,85.1820957109607,63.6704861034818,56.7914522362573,4.32241869,91.18416595,NA,76,4.51288126303747,FALSE,FALSE,FALSE,FALSE,FALSE,FALSE,TRUE,TRUE,TRUE,FALSE,FALSE,FALSE,FALSE,FALSE,FALSE,FALSE,FALSE
"KE8CFL","kajiado",42.52,29.98,505,2.99910704115873,55.5058497041847,"KEN",2022,0.299910704115873,7.65423604156395,94,8,71.4626967019569,81.7792986083156,9.56314716503638,3.78510609870183,80.6135020004669,82.7365290877239,26.8064918685865,18.5565620905401,4.63839244802264,24.8009515230816,20.4637136506452,85.9090703689781,80.9600143003423,67.6847312796811,4.32241869,91.18416595,NA,76,4.51288126303747,FALSE,FALSE,FALSE,FALSE,FALSE,FALSE,TRUE,TRUE,TRUE,FALSE,FALSE,FALSE,FALSE,FALSE,FALSE,FALSE,FALSE
"KE8CFL","kakamega",43.7,28.55,603,7.14784041024459,8.86271912747658,"KEN",2022,0.714784041024459,7.65423604156395,94,8,96.9837214274964,96.3980407194717,9.03479232941543,2.64948981791234,95.3953379068569,69.817173357757,26.8064918685865,18.5565620905401,4.63839244802264,25.6763098602747,19.8029934144714,86.4586072893628,46.0292282515235,33.4006421728714,4.32241869,91.18416595,NA,76,4.51288126303747,FALSE,FALSE,FALSE,FALSE,FALSE,FALSE,TRUE,TRUE,TRUE,FALSE,FALSE,FALSE,FALSE,FALSE,FALSE,FALSE,FALSE
"KE8CFL","kericho",27.36,15.79,367,4.64298950196228,9.7627291972375,"KEN",2022,0.464298950196228,7.65423604156395,94,8,94.0074737289356,91.4824824277078,9.92660627120867,2.78652598581143,87.501329391628,67.2058116202272,26.8064918685865,18.5565620905401,4.63839244802264,20.9974309969935,19.3258267454239,67.2059587012141,45.7006868150695,60.8563371196915,4.32241869,91.18416595,NA,76,4.51288126303747,FALSE,FALSE,FALSE,FALSE,FALSE,FALSE,TRUE,TRUE,TRUE,FALSE,FALSE,FALSE,FALSE,FALSE,FALSE,FALSE,FALSE
"KE8CFL","kiambu",38.2,9.62,989,2.91700963821269,70.5925580479844,"KEN",2022,0.291700963821269,7.65423604156395,94,8,92.5724645707522,97.9751045310118,10.7307152177557,4.33330014766202,89.1463576751848,94.8620855146098,26.8064918685865,18.5565620905401,4.63839244802264,15.0796243208601,21.1418588835341,92.7930767972523,90.8875630773187,90.991839802858,4.32241869,91.18416595,NA,76,4.51288126303747,FALSE,FALSE,FALSE,FALSE,FALSE,FALSE,TRUE,TRUE,TRUE,FALSE,FALSE,FALSE,FALSE,FALSE,FALSE,FALSE,FALSE
"KE8CFL","kilifi",29.12,12.72,517,10.3189285589726,20.937517641785,"KEN",2022,1.03189285589726,7.65423604156395,94,8,93.8615086193214,82.7730188297369,6.26297198092195,2.32256781148759,95.2117469311602,95.3894980305124,26.8064918685865,18.5565620905401,4.63839244802264,29.7438551109236,19.354718699813,70.2345908273286,59.9054486950238,44.9047018202692,4.32241869,91.18416595,NA,76,4.51288126303747,FALSE,FALSE,FALSE,FALSE,FALSE,FALSE,TRUE,TRUE,TRUE,FALSE,FALSE,FALSE,FALSE,FALSE,FALSE,FALSE,FALSE
"KE8CFL","kirinyaga",49.58,14.46,198,3.09875105348961,25.4674566593429,"KEN",2022,0.309875105348961,7.65423604156395,94,8,92.2457034010275,97.3322179041389,9.91552969201985,3.75561262510749,97.17896374323,78.406339597726,26.8064918685865,18.5565620905401,4.63839244802264,12.9615379045929,20.7316324421938,74.8015162009915,95.0155881825678,79.237377608031,4.32241869,91.18416595,NA,76,4.51288126303747,FALSE,FALSE,FALSE,FALSE,FALSE,FALSE,TRUE,TRUE,TRUE,FALSE,FALSE,FALSE,FALSE,FALSE,FALSE,FALSE,FALSE
"KE8CFL","kisii",50.78,21.42,375,4.49758354597389,11.6129292155239,"KEN",2022,0.449758354597389,7.65423604156395,94,8,95.6454976709742,93.1080316079906,9.71465705241036,2.66175127367994,94.5021579756189,66.7191501289449,26.8064918685865,18.5565620905401,4.63839244802264,20.7879009744897,18.813550385159,66.8561441499519,42.5296988840373,47.1913899741262,4.32241869,91.18416595,NA,76,4.51288126303747,FALSE,FALSE,FALSE,FALSE,FALSE,FALSE,TRUE,TRUE,TRUE,FALSE,FALSE,FALSE,FALSE,FALSE,FALSE,FALSE,FALSE
"KE8CFL","kisumu",50.18,20.9,419,8.36054966860026,34.8706312643389,"KEN",2022,0.836054966860026,7.65423604156395,94,8,87.8344348703099,96.7136329098173,9.65530201659033,3.09581127149962,92.3887534616161,90.9602412446006,26.8064918685865,18.5565620905401,4.63839244802264,25.6790218466036,18.6505078924159,82.5369538820008,69.7982297438723,57.2945053405889,4.32241869,91.18416595,NA,76,4.51288126303747,FALSE,FALSE,FALSE,FALSE,FALSE,FALSE,TRUE,TRUE,TRUE,FALSE,FALSE,FALSE,FALSE,FALSE,FALSE,FALSE,FALSE
"KE8CFL","kitui",20.69,6.41,336,3.18277949259285,3.77463827635406,"KEN",2022,0.318277949259285,7.65423604156395,94,8,84.6279875655721,76.9923507813097,9.31033554719438,2.24847594916544,82.2265910426,80.9919204952368,26.8064918685865,18.5565620905401,4.63839244802264,25.7166720072904,20.1075298651263,40.5093313535864,65.394992625842,19.924591845896,4.32241869,91.18416595,NA,76,4.51288126303747,FALSE,FALSE,FALSE,FALSE,FALSE,FALSE,TRUE,TRUE,TRUE,FALSE,FALSE,FALSE,FALSE,FALSE,FALSE,FALSE,FALSE
"KE8CFL","kwale",27.59,12,302,5.7455451509208,12.3179228285257,"KEN",2022,0.57455451509208,7.65423604156395,94,8,83.5393461793803,85.3158896791881,6.16369193815418,2.26889387837486,82.6417989126485,89.8493558802413,26.8064918685865,18.5565620905401,4.63839244802264,26.2198240450026,19.3142843366888,59.9241094195828,52.773512597577,42.1342555109756,4.32241869,91.18416595,NA,76,4.51288126303747,FALSE,FALSE,FALSE,FALSE,FALSE,FALSE,TRUE,TRUE,TRUE,FALSE,FALSE,FALSE,FALSE,FALSE,FALSE,FALSE,FALSE
"KE8CFL","laikipia",52.9,36.55,162,3.37364632090313,29.049220861746,"KEN",2022,0.337364632090313,7.65423604156395,94,8,91.549970064417,90.2993964649247,9.32936516050551,3.30678358036021,86.6366215806917,95.5361554771903,26.8064918685865,18.5565620905401,4.63839244802264,20.3234483215582,20.5456229153568,72.1298296789692,53.9518541718894,55.377522156073,4.32241869,91.18416595,NA,76,4.51288126303747,FALSE,FALSE,FALSE,FALSE,FALSE,FALSE,TRUE,TRUE,TRUE,FALSE,FALSE,FALSE,FALSE,FALSE,FALSE,FALSE,FALSE
"KE8CFL","lamu",68.24,32.64,61,3.62768527044625,29.9645617698017,"KEN",2022,0.362768527044625,7.65423604156395,94,8,84.9626338614818,88.1551768851357,6.54485605864792,2.75788410601707,86.3023025281897,70.540585223112,26.8064918685865,18.5565620905401,4.63839244802264,29.073569898297,20.4741565931634,74.878710663305,57.9391409234858,51.7994670159992,4.32241869,91.18416595,NA,76,4.51288126303747,FALSE,FALSE,FALSE,FALSE,FALSE,FALSE,TRUE,TRUE,TRUE,FALSE,FALSE,FALSE,FALSE,FALSE,FALSE,FALSE,FALSE
"KE8CFL","machakos",44.9,17.25,389,3.16254950221022,36.0377437186934,"KEN",2022,0.316254950221022,7.65423604156395,94,8,94.8317110598648,95.0572904600026,10.4542849792235,3.50996488733192,93.3080457958961,93.5286196115926,26.8064918685865,18.5565620905401,4.63839244802264,18.5311355277769,20.8905095716266,73.8420535250612,84.4781564495927,50.4077938459858,4.32241869,91.18416595,NA,76,4.51288126303747,FALSE,FALSE,FALSE,FALSE,FALSE,FALSE,TRUE,TRUE,TRUE,FALSE,FALSE,FALSE,FALSE,FALSE,FALSE,FALSE,FALSE
"KE8CFL","makueni",23.82,9.17,267,3.95855759990112,10.3029253529408,"KEN",2022,0.395855759990112,7.65423604156395,94,8,87.8665919041798,93.0017114552504,9.93718454907224,2.7615323347069,90.9146718052803,84.3489445630857,26.8064918685865,18.5565620905401,4.63839244802264,21.45276746915,20.7700527577546,61.4573230132715,66.987893534165,25.8933685789681,4.32241869,91.18416595,NA,76,4.51288126303747,FALSE,FALSE,FALSE,FALSE,FALSE,FALSE,TRUE,TRUE,TRUE,FALSE,FALSE,FALSE,FALSE,FALSE,FALSE,FALSE,FALSE
"KE8CFL","mandera",15.48,3.48,237,1.75599073839522,43.7220519559387,"KEN",2022,0.175599073839522,7.65423604156395,94,8,43.6389874566484,49.7404080940529,0.974116172890317,1.56262362846567,41.6318718327986,59.3727069694891,26.8064918685865,18.5565620905401,4.63839244802264,50.8429504126912,20.0761324206398,37.1273862347759,68.799117527065,20.7184611744324,4.32241869,91.18416595,NA,76,4.51288126303747,FALSE,FALSE,FALSE,FALSE,FALSE,FALSE,TRUE,TRUE,TRUE,FALSE,FALSE,FALSE,FALSE,FALSE,FALSE,FALSE,FALSE
"KE8CFL","marsabit",20.09,13.3,121,2.09516260139413,22.1872269962142,"KEN",2022,0.209516260139413,7.65423604156395,94,8,85.6985405859472,59.5872096611669,2.24045518551825,1.79224519997676,76.6732504123507,83.7747532747781,26.8064918685865,18.5565620905401,4.63839244802264,29.1162276972764,20.1390347058169,74.8193224737139,48.1113483150394,30.0196312452116,4.32241869,91.18416595,NA,76,4.51288126303747,FALSE,FALSE,FALSE,FALSE,FALSE,FALSE,TRUE,TRUE,TRUE,FALSE,FALSE,FALSE,FALSE,FALSE,FALSE,FALSE,FALSE
"KE8CFL","meru",29.04,18.99,463,4.09508302064332,8.78574514475974,"KEN",2022,0.409508302064332,7.65423604156395,94,8,94.5973437861508,94.3387838606183,8.4792528571005,2.67319353170272,97.4312761095706,96.4725514247492,26.8064918685865,18.5565620905401,4.63839244802264,14.3427149291903,19.6743890361511,73.7193189944902,55.7652506873032,41.4338339142186,4.32241869,91.18416595,NA,76,4.51288126303747,FALSE,FALSE,FALSE,FALSE,FALSE,FALSE,TRUE,TRUE,TRUE,FALSE,FALSE,FALSE,FALSE,FALSE,FALSE,FALSE,FALSE
"KE8CFL","migori",73.87,37.43,455,6.29831578886467,10.8975630593416,"KEN",2022,0.629831578886467,7.65423604156395,94,8,92.0838135504123,91.2054868172025,8.05553541048098,2.35784992134889,89.4641864059008,85.1783547416875,26.8064918685865,18.5565620905401,4.63839244802264,31.0760606910259,17.7201768431324,56.2300048719304,36.9030091413149,22.3210625007807,4.32241869,91.18416595,NA,76,4.51288126303747,FALSE,FALSE,FALSE,FALSE,FALSE,FALSE,TRUE,TRUE,TRUE,FALSE,FALSE,FALSE,FALSE,FALSE,FALSE,FALSE,FALSE
"KE8CFL","mombasa",70.38,23.94,434,6.26054699278307,100,"KEN",2022,0.626054699278307,7.65423604156395,94,8,95.6611469077199,94.9961425523022,8.9512964581305,4.13436170731153,91.8842952028719,77.1382747783911,26.8064918685865,18.5565620905401,4.63839244802264,22.56507653175,20.9992913288076,48.1626606838388,93.127581214767,86.2448813426476,4.32241869,91.18416595,NA,76,4.51288126303747,FALSE,FALSE,FALSE,FALSE,FALSE,FALSE,TRUE,TRUE,TRUE,FALSE,FALSE,FALSE,FALSE,FALSE,FALSE,FALSE,FALSE
"KE8CFL","muranga",33.73,6.04,315,2.89672453406201,13.7251379962236,"KEN",2022,0.289672453406201,7.65423604156395,94,8,96.8679775016784,96.0762280886957,9.80584795331391,3.40740336991039,95.5069099032858,79.4947269820596,26.8064918685865,18.5565620905401,4.63839244802264,14.2594318499693,20.6230263362276,77.4068725347135,84.6245779716759,72.0740960511887,4.32241869,91.18416595,NA,76,4.51288126303747,FALSE,FALSE,FALSE,FALSE,FALSE,FALSE,TRUE,TRUE,TRUE,FALSE,FALSE,FALSE,FALSE,FALSE,FALSE,FALSE,FALSE
"KE8CFL","nairobi",28.03,19.39,1850,3.07763909836579,100,"KEN",2022,0.307763909836579,7.65423604156395,94,8,88.994597405873,99.3042277928621,11.1612943992103,4.60933630781811,87.4125392146799,72.4115473511124,26.8064918685865,18.5565620905401,4.63839244802264,17.7240819887511,21.0707426666332,97.047512120574,93.3081857064496,94.7437646286714,4.32241869,91.18416595,NA,76,4.51288126303747,FALSE,FALSE,FALSE,FALSE,FALSE,FALSE,TRUE,TRUE,TRUE,FALSE,FALSE,FALSE,FALSE,FALSE,FALSE,FALSE,FALSE
"KE8CFL","nakuru",47,27.81,833,2.57799707285706,54.5936660505897,"KEN",2022,0.257799707285706,7.65423604156395,94,8,99.1128149215051,93.4562869873828,10.1101794741234,3.675912516407,91.5813696920607,77.8468152433962,26.8064918685865,18.5565620905401,4.63839244802264,24.8744852504408,20.601084238545,80.4409060556425,79.1373421854693,72.7450365523603,4.32241869,91.18416595,NA,76,4.51288126303747,FALSE,FALSE,FALSE,FALSE,FALSE,FALSE,TRUE,TRUE,TRUE,FALSE,FALSE,FALSE,FALSE,FALSE,FALSE,FALSE,FALSE
"KE8CFL","nandi",32.87,9.68,284,3.78222228228725,7.8657510948336,"KEN",2022,0.378222228228725,7.65423604156395,94,8,93.8961748908681,85.2121964683014,9.35781804021031,2.65288541520239,82.821867584924,73.3860600771716,26.8064918685865,18.5565620905401,4.63839244802264,19.5886489992797,19.5030462588181,47.0234842057877,57.0344449872865,46.5483933709226,4.32241869,91.18416595,NA,76,4.51288126303747,FALSE,FALSE,FALSE,FALSE,FALSE,FALSE,TRUE,TRUE,TRUE,FALSE,FALSE,FALSE,FALSE,FALSE,FALSE,FALSE,FALSE
"KE8CFL","narok",28.48,15.44,529,2.51160931240489,7.00984312977351,"KEN",2022,0.251160931240489,7.65423604156395,94,8,90.7919196815907,69.5659677026364,7.34922076679822,2.38534376248698,80.7148732190217,77.914589146986,26.8064918685865,18.5565620905401,4.63839244802264,29.7460626989936,18.7900954894075,59.7063535789386,51.1431305985828,22.7095623947641,4.32241869,91.18416595,NA,76,4.51288126303747,FALSE,FALSE,FALSE,FALSE,FALSE,FALSE,TRUE,TRUE,TRUE,FALSE,FALSE,FALSE,FALSE,FALSE,FALSE,FALSE,FALSE
"KE8CFL","nyamira",54.1,26.88,143,4.73636152469254,6.32727784447818,"KEN",2022,0.473636152469254,7.65423604156395,94,8,92.8874633497453,94.1610713745766,9.96969811659199,2.57610110982784,92.6858612659827,66.8765858259537,26.8064918685865,18.5565620905401,4.63839244802264,19.1929368467317,18.5714259041026,77.1774355417662,35.4915513637283,53.4620322242242,4.32241869,91.18416595,NA,76,4.51288126303747,FALSE,FALSE,FALSE,FALSE,FALSE,FALSE,TRUE,TRUE,TRUE,FALSE,FALSE,FALSE,FALSE,FALSE,FALSE,FALSE,FALSE
"KE8CFL","nyandarua",45.38,35.17,190,2.40682579348554,10.367115482415,"KEN",2022,0.240682579348554,7.65423604156395,94,8,98.0746543540686,97.2290406144665,9.68919358713735,3.22485412594421,99.2490224739573,92.478010238465,26.8064918685865,18.5565620905401,4.63839244802264,21.6251339023315,20.0961610615223,91.1620607900335,49.4300501691936,57.1543315991667,4.32241869,91.18416595,NA,76,4.51288126303747,FALSE,FALSE,FALSE,FALSE,FALSE,FALSE,TRUE,TRUE,TRUE,FALSE,FALSE,FALSE,FALSE,FALSE,FALSE,FALSE,FALSE
"KE8CFL","nyeri",55.04,27.18,206,3.06984386967256,22.3717118375724,"KEN",2022,0.306984386967256,7.65423604156395,94,8,85.5452257051421,99.4351193387642,11.1582259124427,3.77459077159206,82.3012204304487,89.9015159480137,26.8064918685865,18.5565620905401,4.63839244802264,9.98047901227924,20.9916264602885,88.8235023959988,77.7964013168919,80.7337136605876,4.32241869,91.18416595,NA,76,4.51288126303747,FALSE,FALSE,FALSE,FALSE,FALSE,FALSE,TRUE,TRUE,TRUE,FALSE,FALSE,FALSE,FALSE,FALSE,FALSE,FALSE,FALSE
"KE8CFL","samburu",42.8,18.54,141,3.4624773879964,11.8404908686133,"KEN",2022,0.34624773879964,7.65423604156395,94,8,87.6177581263776,51.4315364654223,4.40601790121697,1.99897995455718,73.1371602863268,96.091488260834,26.8064918685865,18.5565620905401,4.63839244802264,26.3433517513567,18.5112705592363,36.3910732262263,39.0337396873929,24.6737096789464,4.32241869,91.18416595,NA,76,4.51288126303747,FALSE,FALSE,FALSE,FALSE,FALSE,FALSE,TRUE,TRUE,TRUE,FALSE,FALSE,FALSE,FALSE,FALSE,FALSE,FALSE,FALSE
"KE8CFL","siaya",50.9,22.33,307,14.0899186160036,10.0573206541725,"KEN",2022,1.40899186160036,7.65423604156395,94,8,95.65987694134,92.094084916631,8.73374163838755,2.51582486661065,94.4389011457453,76.1558715751047,26.8064918685865,18.5565620905401,4.63839244802264,25.7597009167521,18.6114402893021,53.6635187009728,55.7378355797916,20.6549362148661,4.32241869,91.18416595,NA,76,4.51288126303747,FALSE,FALSE,FALSE,FALSE,FALSE,FALSE,TRUE,TRUE,TRUE,FALSE,FALSE,FALSE,FALSE,FALSE,FALSE,FALSE,FALSE
"KE8CFL","taitataveta",32.09,11.9,122,4.79066752147203,27.3954593248479,"KEN",2022,0.479066752147203,7.65423604156395,94,8,86.6725653319355,92.932390786595,9.14105748101897,3.14173893391083,92.9076834784652,91.6535521661945,26.8064918685865,18.5565620905401,4.63839244802264,19.2102489962687,20.4313145747862,80.4923187332703,82.0979402328782,61.4142246455039,4.32241869,91.18416595,NA,76,4.51288126303747,FALSE,FALSE,FALSE,FALSE,FALSE,FALSE,TRUE,TRUE,TRUE,FALSE,FALSE,FALSE,FALSE,FALSE,FALSE,FALSE,FALSE
"KE8CFL","tanariver",38.82,20.45,137,3.30323540783315,28.0807457351867,"KEN",2022,0.330323540783315,7.65423604156395,94,8,81.395948054473,52.4900360116215,4.14325552009386,1.85907559527763,81.085834858724,67.0955380803251,26.8064918685865,18.5565620905401,4.63839244802264,34.0830466339492,19.12316048261,56.6858649893088,36.2807450691674,38.4443723592393,4.32241869,91.18416595,NA,76,4.51288126303747,FALSE,FALSE,FALSE,FALSE,FALSE,FALSE,TRUE,TRUE,TRUE,FALSE,FALSE,FALSE,FALSE,FALSE,FALSE,FALSE,FALSE
"KE8CFL","tharakanithi",19.68,14.28,118,3.62879246349348,7.02724145050526,"KEN",2022,0.362879246349348,7.65423604156395,94,8,96.136077055732,93.6548848514903,9.21907427567799,2.76395352493768,96.2118541993605,87.5046251561649,26.8064918685865,18.5565620905401,4.63839244802264,17.5004836069947,20.6468411644792,63.998823151669,64.0403743879263,42.6514553495593,4.32241869,91.18416595,NA,76,4.51288126303747,FALSE,FALSE,FALSE,FALSE,FALSE,FALSE,TRUE,TRUE,TRUE,FALSE,FALSE,FALSE,FALSE,FALSE,FALSE,FALSE,FALSE
"KE8CFL","transnzoia",37.16,14.59,371,3.50299010021855,18.4423220754753,"KEN",2022,0.350299010021855,7.65423604156395,94,8,88.4699386992652,89.0550173878512,9.1890665575967,2.96464401018077,93.1568763396004,79.482967858926,26.8064918685865,18.5565620905401,4.63839244802264,25.3153810321847,19.5589170135064,86.2369413753272,87.8674924339002,43.1049840696116,4.32241869,91.18416595,NA,76,4.51288126303747,FALSE,FALSE,FALSE,FALSE,FALSE,FALSE,TRUE,TRUE,TRUE,FALSE,FALSE,FALSE,FALSE,FALSE,FALSE,FALSE,FALSE
"KE8CFL","turkana",64.81,38.04,303,4.11283248588632,19.8068963164309,"KEN",2022,0.411283248588632,7.65423604156395,94,8,84.8032228529136,49.3601157230618,3.00085262004118,1.66519786236291,65.5937020202118,79.3038750990393,26.8064918685865,18.5565620905401,4.63839244802264,26.5667588017207,20.3504245720553,62.3669895630859,24.1415714657131,15.2172003846988,4.32241869,91.18416595,NA,76,4.51288126303747,FALSE,FALSE,FALSE,FALSE,FALSE,FALSE,TRUE,TRUE,TRUE,FALSE,FALSE,FALSE,FALSE,FALSE,FALSE,FALSE,FALSE
"KE8CFL","uasingishu",34.29,16.31,466,2.67758235081528,41.3588453145521,"KEN",2022,0.267758235081528,7.65423604156395,94,8,94.6923615246575,92.5314747111043,10.6316874755205,3.69460191845473,93.071573305665,76.6335818676183,26.8064918685865,18.5565620905401,4.63839244802264,22.2851704542012,20.2909492882485,83.1001352323884,74.0926142841105,70.21782220712,4.32241869,91.18416595,NA,76,4.51288126303747,FALSE,FALSE,FALSE,FALSE,FALSE,FALSE,TRUE,TRUE,TRUE,FALSE,FALSE,FALSE,FALSE,FALSE,FALSE,FALSE,FALSE
"KE8CFL","vihiga",54,31.74,158,8.64049434643545,10.041638380017,"KEN",2022,0.864049434643545,7.65423604156395,94,8,96.0316545907404,95.7812073195395,9.24731989433214,2.53777401068987,99.1137229487519,85.1164380514109,26.8064918685865,18.5565620905401,4.63839244802264,23.6350568824975,19.9540458700253,83.8189186538906,77.184359381998,48.2241974560784,4.32241869,91.18416595,NA,76,4.51288126303747,FALSE,FALSE,FALSE,FALSE,FALSE,FALSE,TRUE,TRUE,TRUE,FALSE,FALSE,FALSE,FALSE,FALSE,FALSE,FALSE,FALSE
"KE8CFL","wajir",47.56,21.54,157,1.67084375019618,41.8826149139164,"KEN",2022,0.167084375019618,7.65423604156395,94,8,67.8274696090834,49.7547664245131,1.41611594521021,1.82286126813848,73.6124222285374,70.3627269709086,26.8064918685865,18.5565620905401,4.63839244802264,48.3478780137095,19.79069608951,67.435192116045,29.4276349743581,26.6399786655575,4.32241869,91.18416595,NA,76,4.51288126303747,FALSE,FALSE,FALSE,FALSE,FALSE,FALSE,TRUE,TRUE,TRUE,FALSE,FALSE,FALSE,FALSE,FALSE,FALSE,FALSE,FALSE
"KE8CFL","westpokot",41.48,17.77,398,4.23193644549511,5.22356520028518,"KEN",2022,0.423193644549511,7.65423604156395,94,8,74.3658564134059,57.0042723286824,5.76752382291721,1.87365890225331,58.7325931928654,78.3092769975544,26.8064918685865,18.5565620905401,4.63839244802264,36.3733729980586,18.9128084697006,43.9272882123751,31.981842655173,18.4356200045531,4.32241869,91.18416595,NA,76,4.51288126303747,FALSE,FALSE,FALSE,FALSE,FALSE,FALSE,TRUE,TRUE,TRUE,FALSE,FALSE,FALSE,FALSE,FALSE,FALSE,FALSE,FALSE
"KM61FL","ngazidja",52.92,22.33,1223,8.00175815820694,23.8638532417582,"COM",2012,0.800175815820694,7.30674228710956,86,-2,84.6137689321902,87.1274591096783,5.10346982873488,3.46121001019948,85.042788764296,17.9068414535707,18.8536331722989,11.7534143012728,8.89136738117527,31.0596571256714,20.4873240559728,83.9064607403273,20.0010067862807,80.2768067605754,5.17354631,77.10220337,NA,69.3,4.34513185824135,FALSE,FALSE,FALSE,FALSE,FALSE,FALSE,FALSE,FALSE,FALSE,FALSE,FALSE,FALSE,FALSE,FALSE,FALSE,FALSE,FALSE
"LB51FL","monrovia",96.06,64.45,1197,21.3229544837825,100,"LBR",2007,2.13229544837825,5.92482063279621,65,-7,75.4825595316911,68.7933151087594,6.11092192999852,4.40260356468202,80.5400700612981,18.8418467202922,24.8122121314028,20.9898388580841,8.71210069161238,23.8682061363049,18.6988762079308,81.7215542856691,49.4424199948717,7.06476974921447,4.32884932,15.8568964,NA,3,2.7636045097939,FALSE,FALSE,FALSE,FALSE,FALSE,FALSE,FALSE,FALSE,FALSE,FALSE,FALSE,FALSE,FALSE,FALSE,FALSE,FALSE,FALSE
"LB51FL","northcentral",107.43,75.39,2088,53.5576210230832,7.84299953241234,"LBR",2007,5.35576210230832,5.92482063279621,65,-7,46.4278415374012,30.0922375025967,2.01514100355736,2.40312500852267,60.102092103991,37.5622607954739,37.6133942380499,23.6757900686338,4.79654093861704,27.1598504547775,18.6985448606814,61.7523807147624,16.9088119533624,0.435829905861916,4.32884932,15.8568964,NA,3,2.7636045097939,FALSE,FALSE,FALSE,FALSE,FALSE,FALSE,FALSE,FALSE,FALSE,FALSE,FALSE,FALSE,FALSE,FALSE,FALSE,FALSE,FALSE
"LB51FL","northwestern",110.64,76.12,493,37.3052446602848,11.5554482680355,"LBR",2007,3.73052446602848,5.92482063279621,65,-7,64.5376859199437,26.3111801784152,1.80598639183356,2.37302201141055,67.8063763281736,26.6358377428489,33.2443632198447,19.0054979639898,3.79189603822084,32.7507805628871,19.6947161995585,70.7443277636533,31.8030076887768,0.0908518179360783,4.32884932,15.8568964,NA,3,2.7636045097939,FALSE,FALSE,FALSE,FALSE,FALSE,FALSE,FALSE,FALSE,FALSE,FALSE,FALSE,FALSE,FALSE,FALSE,FALSE,FALSE,FALSE
"LB51FL","southcentral",129.38,99.42,875,31.2422043610362,17.2763076120618,"LBR",2007,3.12422043610362,5.92482063279621,65,-7,39.9511435334451,27.842910357555,2.12614158950047,2.74200471871755,58.1198301740712,38.068571176736,31.2181896380142,21.0391050987716,7.13031681292349,31.996858439532,18.4904666347718,49.8750118049947,19.9132575486559,3.50388145342517,4.32884932,15.8568964,NA,3,2.7636045097939,FALSE,FALSE,FALSE,FALSE,FALSE,FALSE,FALSE,FALSE,FALSE,FALSE,FALSE,FALSE,FALSE,FALSE,FALSE,FALSE,FALSE
"LB51FL","southeasterna",115.6,76.25,365,41.5086910435385,21.33353675859,"LBR",2007,4.15086910435385,5.92482063279621,65,-7,28.1093796235744,25.1399118129117,2.18685981974486,1.96367756788159,52.003205391504,8.18975125032206,34.0361334372933,26.2230056599965,6.04756680389912,27.8586752937898,17.9427618386959,59.8851712657013,11.3350048439323,0.485925440145285,4.32884932,15.8568964,NA,3,2.7636045097939,FALSE,FALSE,FALSE,FALSE,FALSE,FALSE,FALSE,FALSE,FALSE,FALSE,FALSE,FALSE,FALSE,FALSE,FALSE,FALSE,FALSE
"LB51FL","southeasternb",106.33,80.85,402,35.3025104951709,11.1007600368327,"LBR",2007,3.53025104951709,5.92482063279621,65,-7,19.1088109359187,21.1764845180031,2.5887738543843,2.23172223257496,40.0140639398181,27.5901613631455,40.3648527567598,25.0508875104234,8.43290631419157,26.8824775060207,18.2625131822622,55.5368922803585,11.1195599523295,0.677543353943902,4.32884932,15.8568964,NA,3,2.7636045097939,FALSE,FALSE,FALSE,FALSE,FALSE,FALSE,FALSE,FALSE,FALSE,FALSE,FALSE,FALSE,FALSE,FALSE,FALSE,FALSE,FALSE
"LB5AFL","monrovia",94.24,50.61,696,14.4151306702503,100,"LBR",2009,1.44151306702503,6.10565528713533,81,-5,66.3047895504465,56.1079351950095,6.07522901654777,4.51360599735572,67.3882688023813,46.8688689036757,26.5072955369127,19.797597488462,4.88615350614305,25.566648504032,18.4093888580591,94.7142763637694,64.5351889042451,5.16856765084951,8.98514843,40.21982574,NA,1.9,3.69436005166481,TRUE,TRUE,TRUE,FALSE,FALSE,TRUE,TRUE,TRUE,TRUE,FALSE,FALSE,FALSE,FALSE,FALSE,FALSE,FALSE,FALSE
"LB5AFL","northcentral",108.7,69.14,1442,47.4811330007484,26.1407523265212,"LBR",2009,4.74811330007484,6.10565528713533,81,-5,66.3047895504465,56.1079351950095,2.77664958761187,2.5259232963906,67.3882688023813,46.8688689036757,26.5072955369127,19.797597488462,4.88615350614305,28.9491814466843,18.2878525429936,77.4176401073772,42.9189811113479,0,8.98514843,40.21982574,NA,1.9,3.69436005166481,TRUE,TRUE,TRUE,FALSE,FALSE,TRUE,TRUE,TRUE,TRUE,FALSE,FALSE,FALSE,FALSE,FALSE,FALSE,FALSE,FALSE
"LB5AFL","northwestern",142.77,108.73,287,33.1434464995762,10.8912817239009,"LBR",2009,3.31434464995762,6.10565528713533,81,-5,66.3047895504465,56.1079351950095,1.36125399757393,2.04428942244888,67.3882688023813,46.8688689036757,26.5072955369127,19.797597488462,4.88615350614305,37.5100430456254,18.0004330255042,61.1654257590112,31.8433849277701,1.32768007664036,8.98514843,40.21982574,NA,1.9,3.69436005166481,TRUE,TRUE,TRUE,FALSE,FALSE,TRUE,TRUE,TRUE,TRUE,FALSE,FALSE,FALSE,FALSE,FALSE,FALSE,FALSE,FALSE
"LB5AFL","southcentral",124.04,98.91,742,26.8555396634298,31.8790012440306,"LBR",2009,2.68555396634298,6.10565528713533,81,-5,66.3047895504465,56.1079351950095,2.24738209760065,3.02325949452343,67.3882688023813,46.8688689036757,26.5072955369127,19.797597488462,4.88615350614305,29.6224241362812,17.8622983130183,64.2624330131855,32.5541064676256,1.30485688819099,8.98514843,40.21982574,NA,1.9,3.69436005166481,TRUE,TRUE,TRUE,FALSE,FALSE,TRUE,TRUE,TRUE,TRUE,FALSE,FALSE,FALSE,FALSE,FALSE,FALSE,FALSE,FALSE
"LB5AFL","southeasterna",134,84.29,366,42.4965050664799,12.6495395091174,"LBR",2009,4.24965050664799,6.10565528713533,81,-5,66.3047895504465,56.1079351950095,1.62958081238689,1.75329683333856,67.3882688023813,46.8688689036757,26.5072955369127,19.797597488462,4.88615350614305,33.5934924715873,17.6607024359951,45.4908132843556,23.4979576100162,0.296204223211524,8.98514843,40.21982574,NA,1.9,3.69436005166481,TRUE,TRUE,TRUE,FALSE,FALSE,TRUE,TRUE,TRUE,TRUE,FALSE,FALSE,FALSE,FALSE,FALSE,FALSE,FALSE,FALSE
"LB5AFL","southeasternb",112.76,73.52,203,42.3644523644131,24.0294205187978,"LBR",2009,4.23644523644131,6.10565528713533,81,-5,66.3047895504465,56.1079351950095,2.68203154477642,2.04617230513917,67.3882688023813,46.8688689036757,26.5072955369127,19.797597488462,4.88615350614305,28.9407826188802,18.5491753652198,63.235317422514,32.2054473997465,1.06671383817284,8.98514843,40.21982574,NA,1.9,3.69436005166481,TRUE,TRUE,TRUE,FALSE,FALSE,TRUE,TRUE,TRUE,TRUE,FALSE,FALSE,FALSE,FALSE,FALSE,FALSE,FALSE,FALSE
"LB6AFL","northcentral",82.01,61.32,2101,31.8050839997001,43.1546491272894,"LBR",2013,3.18050839997001,6.56631311199031,80,-1,68.1590343924382,47.4441133830697,2.9108306794902,2.32495295209115,72.5964671154172,64.0344652693043,28.510455122592,24.8017343035533,5.11661854126402,25.3915033482071,18.1331696831861,69.1417352900008,25.7896428029566,0.450425542562727,7.15610409,48.72935104,NA,9.8,3.88628153930316,FALSE,FALSE,FALSE,FALSE,FALSE,FALSE,FALSE,FALSE,FALSE,FALSE,FALSE,FALSE,FALSE,FALSE,FALSE,FALSE,FALSE
"LB6AFL","northwestern",117.69,79.82,752,27.2852639852461,11.8942124008826,"LBR",2013,2.72852639852461,6.56631311199031,80,-1,81.7269745283599,47.0556598442931,2.16064984144124,2.19208522870476,81.5247391907244,66.033734836404,20.2329325131175,15.868666785957,4.97576607366905,31.3783075016436,17.9770061153936,65.7894646480454,22.9483328840283,2.20917324367363,7.15610409,48.72935104,NA,9.8,3.88628153930316,FALSE,FALSE,FALSE,FALSE,FALSE,FALSE,FALSE,FALSE,FALSE,FALSE,FALSE,FALSE,FALSE,FALSE,FALSE,FALSE,FALSE
"LB6AFL","southcentral",86.54,63,2812,15.0395916322706,72.8660926840124,"LBR",2013,1.50395916322706,6.56631311199031,80,-1,76.9732217486601,64.9040348309145,5.48700404500507,3.85983074090872,77.1680231244652,46.7244393479703,23.3029954934945,16.3169744896831,6.29924246473563,24.1351396862452,18.8001845849044,77.1326417945145,56.8650902983328,17.7593873364353,7.15610409,48.72935104,NA,9.8,3.88628153930316,FALSE,FALSE,FALSE,FALSE,FALSE,FALSE,FALSE,FALSE,FALSE,FALSE,FALSE,FALSE,FALSE,FALSE,FALSE,FALSE,FALSE
"LB6AFL","southeasterna",96,75.44,483,34.0803806196027,20.4830199105279,"LBR",2013,3.40803806196027,6.56631311199031,80,-1,59.2672591179518,59.5076083851796,2.77744420728774,1.9407884206506,66.970161276589,41.7679004526087,28.131533222525,22.1630682753166,9.00020747883551,29.6022768189485,17.9477453774317,54.4145057184522,21.9887793297925,3.27431720976879,7.15610409,48.72935104,NA,9.8,3.88628153930316,FALSE,FALSE,FALSE,FALSE,FALSE,FALSE,FALSE,FALSE,FALSE,FALSE,FALSE,FALSE,FALSE,FALSE,FALSE,FALSE,FALSE
"LB6AFL","southeasternb",141.31,90.49,532,32.977333087509,27.239530497582,"LBR",2013,3.2977333087509,6.56631311199031,80,-1,51.9824899599233,52.7082620048395,3.21948142142565,2.0673283238174,59.9745331088073,55.8356779183276,27.3871121728138,20.5896970129342,4.14023468461518,30.7777679700359,18.0108515537218,63.4126234625738,31.8440942302319,1.26223515891481,7.15610409,48.72935104,NA,9.8,3.88628153930316,FALSE,FALSE,FALSE,FALSE,FALSE,FALSE,FALSE,FALSE,FALSE,FALSE,FALSE,FALSE,FALSE,FALSE,FALSE,FALSE,FALSE
"LB7AFL","northcentral",77.95,51.45,1855,46.5259376261808,42.7194106636614,"LBR",2019,4.65259376261808,6.48945441505046,71,5,72.8356353439194,90.5479167265627,3.82391532095664,2.26444258542095,74.0231798166832,68.1580476521775,24.7838247882845,12.166427239768,1.82611385807694,23.4191054278924,18.539647981822,80.0464946677027,35.8037423047028,5.2093227890464,8.38325977,51.1932373,NA,23.1,3.93560743933723,FALSE,FALSE,FALSE,FALSE,FALSE,FALSE,FALSE,FALSE,FALSE,FALSE,FALSE,FALSE,FALSE,FALSE,FALSE,FALSE,FALSE
"LB7AFL","northwestern",121.12,85.61,479,33.4956567812538,7.96688425271769,"LBR",2019,3.34956567812538,6.48945441505046,71,5,73.9474476611152,74.1240398278333,2.85040288258099,2.23400533237355,76.5600773128756,66.0225187472905,25.1595897757224,17.5987498167773,3.51353577379168,30.9656124767589,18.5891830616614,77.6481195651696,23.5070916000941,10.7361459974633,8.38325977,51.1932373,NA,23.1,3.93560743933723,FALSE,FALSE,FALSE,FALSE,FALSE,FALSE,FALSE,FALSE,FALSE,FALSE,FALSE,FALSE,FALSE,FALSE,FALSE,FALSE,FALSE
"LB7AFL","southcentral",97.72,53.93,2187,22.0688664751608,73.9250699329023,"LBR",2019,2.20688664751609,6.48945441505046,71,5,68.0718931809492,72.000304505783,6.64352577358829,3.89618393044836,76.9975215908243,47.013298459381,18.5416232161087,15.8037865927589,3.50451304605692,21.3997772910734,18.8828254070928,88.1789490727717,63.0096529072276,41.1920474641549,8.38325977,51.1932373,NA,23.1,3.93560743933723,FALSE,FALSE,FALSE,FALSE,FALSE,FALSE,FALSE,FALSE,FALSE,FALSE,FALSE,FALSE,FALSE,FALSE,FALSE,FALSE,FALSE
"LB7AFL","southeasterna",113.34,65.1,348,48.7459329924961,20.1840658966376,"LBR",2019,4.87459329924961,6.48945441505046,71,5,55.852181997895,81.4295794627638,3.38771285907645,2.14923660180208,53.5724219298061,48.3626916103922,24.899164838346,14.2661919203399,4.18772044324602,27.2069715456164,18.2288050710085,74.3911798754174,31.9896001236813,7.3490912388845,8.38325977,51.1932373,NA,23.1,3.93560743933723,FALSE,FALSE,FALSE,FALSE,FALSE,FALSE,FALSE,FALSE,FALSE,FALSE,FALSE,FALSE,FALSE,FALSE,FALSE,FALSE,FALSE
"LB7AFL","southeasternb",93.04,44.16,314,47.6901727468765,28.1321928810916,"LBR",2019,4.76901727468765,6.48945441505046,71,5,72.1997199174119,79.6484727392537,3.62988629098186,2.37148257252873,66.9551198360744,67.4205006329403,25.6274789010117,15.9104399262757,2.75376016777286,24.2839505214821,18.445446260841,83.2919143506224,27.4521520195224,13.7729775648707,8.38325977,51.1932373,NA,23.1,3.93560743933723,FALSE,FALSE,FALSE,FALSE,FALSE,FALSE,FALSE,FALSE,FALSE,FALSE,FALSE,FALSE,FALSE,FALSE,FALSE,FALSE,FALSE
"MD42FL","antananarivo",70.37,38.21,1651,8.04747895636367,25.5363308445049,"MDG",2004,0.804747895636367,5.60653984035524,78,-10,85.2174172032222,44.130637910766,6.01516898116472,4.01232057471924,77.6426643138648,99.7740624371526,52.400744436622,40.3245268343268,10.2351168324178,35.1035577688346,20.8772536838141,53.986664624891,5.25419094275002,41.660286136072,5.25090027,14.29298973,NA,15.3,2.65976918839317,FALSE,FALSE,FALSE,FALSE,FALSE,FALSE,FALSE,FALSE,FALSE,FALSE,FALSE,FALSE,FALSE,FALSE,FALSE,FALSE,FALSE
"MD42FL","antsiranana",109.56,89.79,441,21.8953665008564,10.138441280294,"MDG",2004,2.18953665008564,5.60653984035524,78,-10,31.8849374972259,34.9294277509173,3.65631389325786,2.9072600782483,38.2437787102749,100,37.0585160493691,31.8649348232104,13.881481745157,31.6799997723136,18.1362734318705,31.3658642317841,1.54202678070839,8.83208438794679,5.25090027,14.29298973,NA,15.3,2.65976918839317,FALSE,FALSE,FALSE,FALSE,FALSE,FALSE,FALSE,FALSE,FALSE,FALSE,FALSE,FALSE,FALSE,FALSE,FALSE,FALSE,FALSE
"MD42FL","fianarantsoa",60.38,41.65,1308,12.2097526874016,17.5934416317656,"MDG",2004,1.22097526874016,5.60653984035524,78,-10,72.4130327375402,30.3584005622308,3.48658813048062,2.30707365398139,68.1277809823693,98.4656769667473,47.7873955348383,44.3880268814662,15.4712310128553,35.0551350057489,19.6707103796937,18.979571562792,0.890302039842741,6.45415969197024,5.25090027,14.29298973,NA,15.3,2.65976918839317,FALSE,FALSE,FALSE,FALSE,FALSE,FALSE,FALSE,FALSE,FALSE,FALSE,FALSE,FALSE,FALSE,FALSE,FALSE,FALSE,FALSE
"MD42FL","mahajanga",132.72,92.88,930,20.0675797219175,15.2030148758866,"MDG",2004,2.00675797219175,5.60653984035524,78,-10,40.6651064191082,23.0646563196309,3.05222993285782,2.56982007205007,51.3551044368154,100,47.6221059514863,41.8660987874322,13.3344339606447,39.0814319933031,18.7788945452147,29.9663841389666,1.47344976089188,11.3854794188026,5.25090027,14.29298973,NA,15.3,2.65976918839317,FALSE,FALSE,FALSE,FALSE,FALSE,FALSE,FALSE,FALSE,FALSE,FALSE,FALSE,FALSE,FALSE,FALSE,FALSE,FALSE,FALSE
"MD42FL","toamasina",111.46,75.54,987,31.4638692600521,18.135369190686,"MDG",2004,3.14638692600521,5.60653984035524,78,-10,53.529390116842,23.8193829150331,3.79199847476501,2.98579882038952,51.8703595412698,100,47.2803681913988,43.80046846472,12.1495901796539,34.9231416692207,19.2643213794548,20.6632661763166,1.90913291100147,10.8802299957548,5.25090027,14.29298973,NA,15.3,2.65976918839317,FALSE,FALSE,FALSE,FALSE,FALSE,FALSE,FALSE,FALSE,FALSE,FALSE,FALSE,FALSE,FALSE,FALSE,FALSE,FALSE,FALSE
"MD51FL","alaotramangoro",74.69,54.7,647,11.1523000289147,6.46987492552578,"MDG",2008,1.11523000289147,6.23945640632253,77,-6,81.3815735531361,39.6627745727124,4.51216756926348,3.48166282704454,74.3429383253512,57.65506774069,49.705931107708,31.4684194416341,8.81928789412236,28.9798333932427,19.7268022635942,56.0896425985652,1.51914593935432,12.3008864414333,4.08111811,20.91898537,NA,18.3,3.04065713754252,FALSE,FALSE,FALSE,FALSE,FALSE,FALSE,FALSE,TRUE,TRUE,FALSE,FALSE,FALSE,FALSE,FALSE,FALSE,FALSE,FALSE
"MD51FL","analamanga",49.17,24.64,1627,5.57420085667092,29.8741401645688,"MDG",2008,0.557420085667092,6.23945640632253,77,-6,86.7805258900048,52.9901364168838,6.40801164875326,4.42473688441954,85.8385314644392,54.8381503611956,44.6726089543191,31.4684194416341,8.81928789412236,28.769269090148,20.8530976564961,76.2765761526696,16.8229486385535,50.1997070376911,4.08111811,20.91898537,NA,18.3,3.04065713754252,FALSE,FALSE,FALSE,FALSE,FALSE,FALSE,FALSE,TRUE,TRUE,FALSE,FALSE,FALSE,FALSE,FALSE,FALSE,FALSE,FALSE
"MD51FL","analanjirofo",43.09,24.69,665,17.0472522480317,5.47793173837683,"MDG",2008,1.70472522480317,6.23945640632253,77,-6,83.6722478858974,19.5889215631289,2.83515116342537,2.69962374512951,83.6722478858974,60.7621792147327,48.241768329469,31.4684194416341,8.81928789412236,33.0382310172495,18.8423139136001,19.8073823785692,2.22636447117585,6.15350071052138,4.08111811,20.91898537,NA,18.3,3.04065713754252,FALSE,FALSE,FALSE,FALSE,FALSE,FALSE,FALSE,TRUE,TRUE,FALSE,FALSE,FALSE,FALSE,FALSE,FALSE,FALSE,FALSE
"MD51FL","androy",67.43,45.45,394,6.97246787677163,0,"MDG",2008,0.697246787677163,6.23945640632253,77,-6,40.0889117270152,20.9902529515353,1.00363910883206,1.76829240221083,40.1416947194173,26.8129536948659,54.2214179055916,31.4684194416341,8.81928789412236,39.2010080594269,17.784323038563,19.3244131274221,0.232238898576962,1.46133726598748,4.08111811,20.91898537,NA,18.3,3.04065713754252,FALSE,FALSE,FALSE,FALSE,FALSE,FALSE,FALSE,TRUE,TRUE,FALSE,FALSE,FALSE,FALSE,FALSE,FALSE,FALSE,FALSE
"MD51FL","anosy",95.74,70.59,425,9.41733303269663,7.68695081765886,"MDG",2008,0.941733303269663,6.23945640632253,77,-6,52.8308439296653,26.6358257265684,2.14458556756755,2.1824969931746,56.5873908786313,34.8860530566876,50.4498933944276,31.4684194416341,8.81928789412236,36.3075468896176,17.651555653233,26.3401514697271,1.22287349413197,8.58801659695181,4.08111811,20.91898537,NA,18.3,3.04065713754252,FALSE,FALSE,FALSE,FALSE,FALSE,FALSE,FALSE,TRUE,TRUE,FALSE,FALSE,FALSE,FALSE,FALSE,FALSE,FALSE,FALSE
"MD51FL","atsimoandrefana",68.85,53.96,815,6.6642221907165,6.94653814118859,"MDG",2008,0.66642221907165,6.23945640632253,77,-6,52.6515369837138,25.1333925623109,2.7575021186084,2.16143497075862,47.830938921275,14.1737895117324,36.7725237183924,31.4684194416341,8.81928789412236,42.213830786712,18.0550792286976,29.1519304960507,2.15528487436992,12.0999051815557,4.08111811,20.91898537,NA,18.3,3.04065713754252,FALSE,FALSE,FALSE,FALSE,FALSE,FALSE,FALSE,TRUE,TRUE,FALSE,FALSE,FALSE,FALSE,FALSE,FALSE,FALSE,FALSE
"MD51FL","atsimoatsinanana",94.03,68.65,525,13.8561324812871,7.1116132617604,"MDG",2008,1.38561324812871,6.23945640632253,77,-6,49.3372912667437,19.6914293750006,1.81322779105462,1.84901807993366,52.9703944438747,61.7997603602349,43.8632966891787,31.4684194416341,8.81928789412236,33.1513221332146,18.2260176107368,10.1670878214578,0.81977974060171,1.06591168028416,4.08111811,20.91898537,NA,18.3,3.04065713754252,FALSE,FALSE,FALSE,FALSE,FALSE,FALSE,FALSE,TRUE,TRUE,FALSE,FALSE,FALSE,FALSE,FALSE,FALSE,FALSE,FALSE
"MD51FL","atsinanana",40.81,32.89,566,21.7079458209004,25.3971988970915,"MDG",2008,2.17079458209004,6.23945640632253,77,-6,75.2537970592559,38.9740739391474,4.27194086867438,3.30588121375809,78.9421353163258,67.0971931064258,46.9432026450056,31.4684194416341,8.81928789412236,25.9311882163751,19.7216697472054,36.7469497033292,7.99884717049597,29.4243636052188,4.08111811,20.91898537,NA,18.3,3.04065713754252,FALSE,FALSE,FALSE,FALSE,FALSE,FALSE,FALSE,TRUE,TRUE,FALSE,FALSE,FALSE,FALSE,FALSE,FALSE,FALSE,FALSE
"MD51FL","betsiboka",87.98,63.26,179,9.76449533498328,3.31329592366773,"MDG",2008,0.976449533498328,6.23945640632253,77,-6,69.2595330320389,40.6339712524242,3.03344520660573,2.24964735930135,61.3721674130746,39.8177360733764,17.6813911452685,31.4684194416341,8.81928789412236,32.3687821944866,18.7756653499237,28.0729198795315,0.0996138796623336,9.79072322393565,4.08111811,20.91898537,NA,18.3,3.04065713754252,FALSE,FALSE,FALSE,FALSE,FALSE,FALSE,FALSE,TRUE,TRUE,FALSE,FALSE,FALSE,FALSE,FALSE,FALSE,FALSE,FALSE
"MD51FL","boeny",87.94,52.73,414,9.29885445166219,19.289067493793,"MDG",2008,0.929885445166219,6.23945640632253,77,-6,52.9836568414324,39.3909594321397,4.33151566131966,3.24119987975211,55.3413137214365,31.6738123999826,40.5456768523797,31.4684194416341,8.81928789412236,30.1868828503778,19.1488411074898,40.4331779227306,7.41612416305197,26.1845592358209,4.08111811,20.91898537,NA,18.3,3.04065713754252,FALSE,FALSE,FALSE,FALSE,FALSE,FALSE,FALSE,TRUE,TRUE,FALSE,FALSE,FALSE,FALSE,FALSE,FALSE,FALSE,FALSE
"MD51FL","bongolava",56.6,30.06,355,8.80469936321696,5.74108351224466,"MDG",2008,0.880469936321696,6.23945640632253,77,-6,88.9843906227573,38.132265046771,3.53527968944219,3.18860764347312,75.3965326189582,54.8276026936144,45.2480347177105,31.4684194416341,8.81928789412236,34.6417861425586,19.6859287442007,69.6546139416704,0,3.88822793427091,4.08111811,20.91898537,NA,18.3,3.04065713754252,FALSE,FALSE,FALSE,FALSE,FALSE,FALSE,FALSE,TRUE,TRUE,FALSE,FALSE,FALSE,FALSE,FALSE,FALSE,FALSE,FALSE
"MD51FL","diana",48.85,24.91,263,10.1822059894411,24.8916054861976,"MDG",2008,1.01822059894411,6.23945640632253,77,-6,77.9952785793475,37.0817438078024,4.34657523997321,3.31432798949307,68.2691207198049,19.1827219255241,33.1916660314068,31.4684194416341,8.81928789412236,30.542429693445,17.9628643226061,36.8932074348213,7.43148745382744,20.3761270409197,4.08111811,20.91898537,NA,18.3,3.04065713754252,FALSE,FALSE,FALSE,FALSE,FALSE,FALSE,FALSE,TRUE,TRUE,FALSE,FALSE,FALSE,FALSE,FALSE,FALSE,FALSE,FALSE
"MD51FL","hautematsiatra",89.5,53.94,816,5.24503430002158,13.0894768919095,"MDG",2008,0.524503430002158,6.23945640632253,77,-6,89.4457901710892,29.2732458822861,4.06374011148419,2.94447785148217,77.8792811478986,77.3405645113738,56.8247766176734,31.4684194416341,8.81928789412236,32.8809176571223,19.4165614492252,37.1701385480817,8.08308069508448,12.7056435599781,4.08111811,20.91898537,NA,18.3,3.04065713754252,FALSE,FALSE,FALSE,FALSE,FALSE,FALSE,FALSE,TRUE,TRUE,FALSE,FALSE,FALSE,FALSE,FALSE,FALSE,FALSE,FALSE
"MD51FL","ihorombe",105.34,79.59,269,7.51385332560808,7.63388475232115,"MDG",2008,0.751385332560808,6.23945640632253,77,-6,68.622303625762,25.8104702765171,2.25304042123337,2.26887965216952,60.4161385397232,44.367922661091,43.3442567629566,31.4684194416341,8.81928789412236,31.4519838139018,18.2825536671609,45.9246356848854,0.408337681119996,3.66035455117217,4.08111811,20.91898537,NA,18.3,3.04065713754252,FALSE,FALSE,FALSE,FALSE,FALSE,FALSE,FALSE,TRUE,TRUE,FALSE,FALSE,FALSE,FALSE,FALSE,FALSE,FALSE,FALSE
"MD51FL","itasy",77.96,42.4,620,5.92095427744771,3.60931384924978,"MDG",2008,0.592095427744771,6.23945640632253,77,-6,92.2126725732262,67.2003729754374,3.53127087217128,3.34657367876438,86.8546044766302,62.744262038638,43.9229800247843,31.4684194416341,8.81928789412236,37.8960611769492,19.8752029551545,55.046720367954,4.59922689240201,8.52571235990148,4.08111811,20.91898537,NA,18.3,3.04065713754252,FALSE,FALSE,FALSE,FALSE,FALSE,FALSE,FALSE,TRUE,TRUE,FALSE,FALSE,FALSE,FALSE,FALSE,FALSE,FALSE,FALSE
"MD51FL","melaky",51.99,46.66,134,10.8183583647738,4.30036171348317,"MDG",2008,1.08183583647738,6.23945640632253,77,-6,56.4088782856642,26.1209623140563,2.06866775622202,1.75307205720533,44.3849320189165,47.2544946863508,22.4746326983451,31.4684194416341,8.81928789412236,39.1638489186041,18.3468290866656,7.74751938617765,0.442815021459485,6.41896779071826,4.08111811,20.91898537,NA,18.3,3.04065713754252,FALSE,FALSE,FALSE,FALSE,FALSE,FALSE,FALSE,TRUE,TRUE,FALSE,FALSE,FALSE,FALSE,FALSE,FALSE,FALSE,FALSE
"MD51FL","menabe",51.47,31.82,318,9.97035302037941,8.51034186040851,"MDG",2008,0.997035302037941,6.23945640632253,77,-6,65.0812834469074,26.6799424170933,2.52736761707204,2.47063123159505,62.1349558611527,47.3651009629621,39.2546302502592,31.4684194416341,8.81928789412236,36.7431394943901,18.275514159199,41.5638185564602,1.87296375822453,8.40556404154183,4.08111811,20.91898537,NA,18.3,3.04065713754252,FALSE,FALSE,FALSE,FALSE,FALSE,FALSE,FALSE,TRUE,TRUE,FALSE,FALSE,FALSE,FALSE,FALSE,FALSE,FALSE,FALSE
"MD51FL","sava",64.83,26.96,536,13.9347440534947,10.5701229040044,"MDG",2008,1.39347440534947,6.23945640632253,77,-6,63.7168007195206,38.756473001579,3.58333897423643,3.08894285586393,55.3193698694213,40.4277008543406,33.4188426257628,31.4684194416341,8.81928789412236,28.4743011859476,18.0822020645458,35.7151427088843,5.56258800447862,4.67120543308572,4.08111811,20.91898537,NA,18.3,3.04065713754252,FALSE,FALSE,FALSE,FALSE,FALSE,FALSE,FALSE,TRUE,TRUE,FALSE,FALSE,FALSE,FALSE,FALSE,FALSE,FALSE,FALSE
"MD51FL","sofia",58.33,34.97,748,10.7012854714944,4.40673922838227,"MDG",2008,1.07012854714944,6.23945640632253,77,-6,66.9074399188602,37.4146172240222,3.59648297647689,2.37385065568326,70.2165862396601,37.6646329695164,29.3196647875332,31.4684194416341,8.81928789412236,27.0625412583281,18.540452792254,25.7419380304469,1.91910505996313,4.90961912720944,4.08111811,20.91898537,NA,18.3,3.04065713754252,FALSE,FALSE,FALSE,FALSE,FALSE,FALSE,FALSE,TRUE,TRUE,FALSE,FALSE,FALSE,FALSE,FALSE,FALSE,FALSE,FALSE
"MD51FL","vakinankaratra",67.4,54.26,1234,7.23848570619329,8.97969672846044,"MDG",2008,0.723848570619329,6.23945640632253,77,-6,89.3875971420817,30.5132275543676,3.84420059110981,3.23303142104228,81.9789456303125,79.1335347105028,55.8548986202001,31.4684194416341,8.81928789412236,33.6353621941096,20.1754253364644,36.0437913183728,1.66862294016712,9.72108944772414,4.08111811,20.91898537,NA,18.3,3.04065713754252,FALSE,FALSE,FALSE,FALSE,FALSE,FALSE,FALSE,TRUE,TRUE,FALSE,FALSE,FALSE,FALSE,FALSE,FALSE,FALSE,FALSE
"MD51FL","vatovavyfitovinany",142.3,106.15,782,14.9780692494769,3.12023660028815,"MDG",2008,1.49780692494769,6.23945640632253,77,-6,57.0475754276535,9.16371627694984,2.10114914851713,1.93257519222045,55.8763557765744,44.3732322821777,44.0033639583094,31.4684194416341,8.81928789412236,37.3476991095765,19.0000574527283,18.5126794049737,0.402757232387333,4.1584459271815,4.08111811,20.91898537,NA,18.3,3.04065713754252,FALSE,FALSE,FALSE,FALSE,FALSE,FALSE,FALSE,TRUE,TRUE,FALSE,FALSE,FALSE,FALSE,FALSE,FALSE,FALSE,FALSE
"MD81FL","alaotramangoro",59.67,32.48,462,10.3698470910546,13.3000245519049,"MDG",2021,1.03698470910546,6.18098815540389,55,7,82.6695778934062,40.0299034640429,5.18535928931189,3.55313863411763,72.2686264022958,44.8671023341922,38.4981706978517,27.0899013560149,1.94139485874938,19.8388991019416,19.5045178896682,44.6433462209045,33.5263197508701,37.0413924599469,3.55335546,17.17938805,NA,35.1,2.84371029601484,FALSE,FALSE,FALSE,FALSE,FALSE,FALSE,FALSE,FALSE,FALSE,FALSE,FALSE,FALSE,FALSE,FALSE,FALSE,FALSE,FALSE
"MD81FL","amoronimania",87.91,49.5,367,7.07085995274209,9.0400395701883,"MDG",2021,0.707085995274209,6.18098815540389,55,7,91.1263299153365,39.1330138403358,4.45095837175952,2.57566877424895,81.4710676227217,78.9296797083977,40.7112583216452,27.4333118177083,2.70179839822448,32.6288358054546,19.5006635592331,30.8904834411376,22.6907483075649,23.2909156613402,3.55335546,17.17938805,NA,35.1,2.84371029601484,FALSE,FALSE,FALSE,FALSE,FALSE,FALSE,FALSE,FALSE,FALSE,FALSE,FALSE,FALSE,FALSE,FALSE,FALSE,FALSE,FALSE
"MD81FL","analanjirofo",86.45,50.24,520,8.9927318901736,10.3303494401577,"MDG",2021,0.89927318901736,6.18098815540389,55,7,76.8672319719249,37.4872203303402,5.14680907376756,3.57497570042467,62.0478412482691,73.4585818593687,25.5321590264421,29.1491470958742,11.340700703779,24.4410109205449,18.8500736656463,44.0248496776516,41.046974099674,46.9785928473714,3.55335546,17.17938805,NA,35.1,2.84371029601484,FALSE,FALSE,FALSE,FALSE,FALSE,FALSE,FALSE,FALSE,FALSE,FALSE,FALSE,FALSE,FALSE,FALSE,FALSE,FALSE,FALSE
"MD81FL","androy",51.79,36.57,604,7.82371766782769,6.4960492163982,"MDG",2021,0.782371766782769,6.18098815540389,55,7,48.6085313017805,24.2772989693262,2.19035500276945,1.89517270046395,46.9284230876022,38.9626338154669,36.6456123524569,43.8024875940433,12.1655458187625,42.5697443243846,18.4971650039895,26.0666118093832,10.9686981138477,2.96834933488563,3.55335546,17.17938805,NA,35.1,2.84371029601484,FALSE,FALSE,FALSE,FALSE,FALSE,FALSE,FALSE,FALSE,FALSE,FALSE,FALSE,FALSE,FALSE,FALSE,FALSE,FALSE,FALSE
"MD81FL","anosy",88.2,78.33,481,23.8001153242546,12.9228711031389,"MDG",2021,2.38001153242546,6.18098815540389,55,7,56.0808506538507,36.7460975729129,1.97667618046383,1.94214588493037,54.7856293278809,60.7992079839972,40.4080259594244,35.4883666871769,9.91231387473207,33.7866249544711,18.6359558262151,25.0051783923898,10.8069802680935,9.04232771929174,3.55335546,17.17938805,NA,35.1,2.84371029601484,FALSE,FALSE,FALSE,FALSE,FALSE,FALSE,FALSE,FALSE,FALSE,FALSE,FALSE,FALSE,FALSE,FALSE,FALSE,FALSE,FALSE
"MD81FL","atsimoandrefana",90.57,74.44,1093,7.8105485588213,13.771421562973,"MDG",2021,0.78105485588213,6.18098815540389,55,7,38.9992957864844,25.965247413861,3.57593600486635,2.64600271727507,35.8656725310327,40.9735729867256,21.0355579044524,20.6143854495083,5.65087474063329,36.9438149164279,17.9889292643178,51.3798148918447,20.2412880045885,24.7599377894244,3.55335546,17.17938805,NA,35.1,2.84371029601484,FALSE,FALSE,FALSE,FALSE,FALSE,FALSE,FALSE,FALSE,FALSE,FALSE,FALSE,FALSE,FALSE,FALSE,FALSE,FALSE,FALSE
"MD81FL","atsimoatsinanana",67.14,60.11,498,26.4558471009005,4.60102542546946,"MDG",2021,2.64558471009005,6.18098815540389,55,7,63.4482114835573,20.6289037781407,2.15160245325307,1.59615233691764,56.8720744775119,61.0271703843191,40.8263307537555,42.6439250338146,12.1673144849134,34.7257678179109,17.9483347287486,14.908374441226,3.1894581730793,6.0015604302913,3.55335546,17.17938805,NA,35.1,2.84371029601484,FALSE,FALSE,FALSE,FALSE,FALSE,FALSE,FALSE,FALSE,FALSE,FALSE,FALSE,FALSE,FALSE,FALSE,FALSE,FALSE,FALSE
"MD81FL","atsinanana",85.98,63.43,569,10.7793613097942,21.5597439519153,"MDG",2021,1.07793613097942,6.18098815540389,55,7,72.5469253641865,36.6241450807816,4.67076974495457,3.13190354262311,67.048213364284,81.114310442006,31.7822433480946,34.0322362203067,8.92291523477097,25.4705632193263,19.3893303129863,27.8539526791758,33.457249448084,32.744538734427,3.55335546,17.17938805,NA,35.1,2.84371029601484,FALSE,FALSE,FALSE,FALSE,FALSE,FALSE,FALSE,FALSE,FALSE,FALSE,FALSE,FALSE,FALSE,FALSE,FALSE,FALSE,FALSE
"MD81FL","betsiboka",79.66,58.01,192,8.30408487682998,9.45330411978321,"MDG",2021,0.830408487682998,6.18098815540389,55,7,55.6034819999292,26.5134857097565,3.22095833617398,2.46580879868154,52.5924481998244,57.2656251650659,24.8806017326499,23.8676100529667,7.09756843850846,30.2220145545833,18.2541125029477,27.3320350462197,16.9160705709085,30.7380178854361,3.55335546,17.17938805,NA,35.1,2.84371029601484,FALSE,FALSE,FALSE,FALSE,FALSE,FALSE,FALSE,FALSE,FALSE,FALSE,FALSE,FALSE,FALSE,FALSE,FALSE,FALSE,FALSE
"MD81FL","boeny",82.56,53.67,384,6.82988885723422,32.4489289094744,"MDG",2021,0.682988885723422,6.18098815540389,55,7,59.4946983546071,37.8837063769374,4.70809838996841,3.25194325632434,52.6256571524181,56.3771075077119,19.3754477700463,22.3382380707867,10.1002784987753,25.7929520102403,18.8589828277644,46.3006167455869,29.7322091601544,36.929839751253,3.55335546,17.17938805,NA,35.1,2.84371029601484,FALSE,FALSE,FALSE,FALSE,FALSE,FALSE,FALSE,FALSE,FALSE,FALSE,FALSE,FALSE,FALSE,FALSE,FALSE,FALSE,FALSE
"MD81FL","bongolava",99.64,53.29,337,6.57557144927352,5.03233872425684,"MDG",2021,0.657557144927352,6.18098815540389,55,7,70.4465993319502,35.8834298878759,4.27114091328228,2.72221563357521,68.1380104366014,58.1496533272212,31.0690724981024,32.0632578413571,7.67146779344154,33.2427580431137,18.7303823131121,66.3709819899422,32.764908169275,18.8335862216233,3.55335546,17.17938805,NA,35.1,2.84371029601484,FALSE,FALSE,FALSE,FALSE,FALSE,FALSE,FALSE,FALSE,FALSE,FALSE,FALSE,FALSE,FALSE,FALSE,FALSE,FALSE,FALSE
"MD81FL","diana",42.01,27.12,333,7.66537403410322,34.7851849119382,"MDG",2021,0.766537403410322,6.18098815540389,55,7,67.3122056442469,56.6261965579703,6.03030764068517,3.87196557704272,60.8574487497957,49.3001768687457,15.2009751995169,16.2848310831073,8.71566055347374,19.669480614919,19.1701633584228,63.512778183152,35.4821344695438,55.3186918333853,3.55335546,17.17938805,NA,35.1,2.84371029601484,FALSE,FALSE,FALSE,FALSE,FALSE,FALSE,FALSE,FALSE,FALSE,FALSE,FALSE,FALSE,FALSE,FALSE,FALSE,FALSE,FALSE
"MD81FL","hautematsiatra",71.07,38.34,584,8.11241113712081,11.6149148463383,"MDG",2021,0.811241113712081,6.18098815540389,55,7,86.0612386250834,32.761554000377,5.00957841962416,2.63557467028201,82.3290105663151,67.5094994309156,36.8111952558777,32.6423202652274,2.55027481743257,28.519804135242,19.6381924009443,35.1043182524758,43.8331336337318,14.3403905912053,3.55335546,17.17938805,NA,35.1,2.84371029601484,FALSE,FALSE,FALSE,FALSE,FALSE,FALSE,FALSE,FALSE,FALSE,FALSE,FALSE,FALSE,FALSE,FALSE,FALSE,FALSE,FALSE
"MD81FL","ihorombe",48.75,39.85,224,17.2522373880862,7.66813533827172,"MDG",2021,1.72522373880862,6.18098815540389,55,7,59.0507246242059,14.8620344291153,3.04797349071576,2.36804945725036,51.8865497972877,58.3304791552018,25.6672621642751,22.2563399983018,4.35741342646017,26.3909264387734,18.536838577448,36.1250550438477,5.46088555125754,14.4755660579064,3.55335546,17.17938805,NA,35.1,2.84371029601484,FALSE,FALSE,FALSE,FALSE,FALSE,FALSE,FALSE,FALSE,FALSE,FALSE,FALSE,FALSE,FALSE,FALSE,FALSE,FALSE,FALSE
"MD81FL","itasy",55.43,33.72,382,6.02182520251574,17.2022593034431,"MDG",2021,0.602182520251574,6.18098815540389,55,7,90.437571113261,51.7590233969304,4.66005820639318,3.08402693496558,87.133507448774,68.0763249757543,42.6414794439196,34.7870561683083,2.71368416510477,30.6216325201372,19.6468848274632,57.9890649758187,56.8725559532531,28.7572223381378,3.55335546,17.17938805,NA,35.1,2.84371029601484,FALSE,FALSE,FALSE,FALSE,FALSE,FALSE,FALSE,FALSE,FALSE,FALSE,FALSE,FALSE,FALSE,FALSE,FALSE,FALSE,FALSE
"MD81FL","melaky",76.21,59.24,129,10.6330722792763,12.7760053302048,"MDG",2021,1.06330722792763,6.18098815540389,55,7,57.5689739303946,21.2656478526316,2.88428514352961,2.46040887368227,49.5666127926627,53.6697816790396,13.9109186068437,13.0289678823878,4.82722455726655,31.8577065915081,17.6641728256821,32.3772535419071,19.1299130704517,30.9873783462999,3.55335546,17.17938805,NA,35.1,2.84371029601484,FALSE,FALSE,FALSE,FALSE,FALSE,FALSE,FALSE,FALSE,FALSE,FALSE,FALSE,FALSE,FALSE,FALSE,FALSE,FALSE,FALSE
"MD81FL","menabe",74.89,36.99,375,7.31005700621172,13.2103490827253,"MDG",2021,0.731005700621172,6.18098815540389,55,7,49.6842174205006,21.6699530411056,2.47747003768772,2.11220128582308,48.2416102977327,48.703387030785,24.4375272169403,19.8176006056625,6.1975875125797,28.2346198182667,17.2256408134702,28.9379804258796,1.68651439394481,14.0638110411322,3.55335546,17.17938805,NA,35.1,2.84371029601484,FALSE,FALSE,FALSE,FALSE,FALSE,FALSE,FALSE,FALSE,FALSE,FALSE,FALSE,FALSE,FALSE,FALSE,FALSE,FALSE,FALSE
"MD81FL","sava",48.6,33.41,535,8.60869018271501,10.7626075443692,"MDG",2021,0.860869018271501,6.18098815540389,55,7,43.5202303986972,41.234133741475,4.87135110561757,3.60394216655119,44.04894147884,68.9796119472259,24.0794724390282,24.2101946629365,10.4974841659115,24.7150219599168,18.2190650406405,47.4281016034968,29.6315539502873,42.3593778104767,3.55335546,17.17938805,NA,35.1,2.84371029601484,FALSE,FALSE,FALSE,FALSE,FALSE,FALSE,FALSE,FALSE,FALSE,FALSE,FALSE,FALSE,FALSE,FALSE,FALSE,FALSE,FALSE
"MD81FL","sofia",87.87,66.5,727,7.91349377967754,10.5637818558165,"MDG",2021,0.791349377967754,6.18098815540389,55,7,48.7322004852766,32.7407295460729,4.11043796737209,2.86540262468394,46.4430947020407,49.2461782675594,20.4985726839845,24.5922965894736,8.94458441172912,27.6462978443607,17.4512268562292,16.7618589939475,43.8564151597065,24.9098330376134,3.55335546,17.17938805,NA,35.1,2.84371029601484,FALSE,FALSE,FALSE,FALSE,FALSE,FALSE,FALSE,FALSE,FALSE,FALSE,FALSE,FALSE,FALSE,FALSE,FALSE,FALSE,FALSE
"MD81FL","vakinankaratra",76.45,37.74,890,6.9861348903213,11.3976725386777,"MDG",2021,0.69861348903213,6.18098815540389,55,7,92.5573084483602,42.8477060002065,4.67890745065219,3.18917423917974,87.9485253400129,82.9810378458769,42.0158876606409,37.3024357797794,3.70438983184092,31.4211841732232,19.6920006137093,57.2884349496594,25.9418322501949,28.2787556572069,3.55335546,17.17938805,NA,35.1,2.84371029601484,FALSE,FALSE,FALSE,FALSE,FALSE,FALSE,FALSE,FALSE,FALSE,FALSE,FALSE,FALSE,FALSE,FALSE,FALSE,FALSE,FALSE
"MD81FL","vatovavyfitovinany",113.82,71.58,583,12.9175557889589,8.41869870172463,"MDG",2021,1.29175557889589,6.18098815540389,55,7,82.0468437791338,37.8044350756136,3.99088104365388,2.25270477658908,69.9640896719645,73.7234443395568,32.9693445337217,31.0719040600579,7.00365973529375,30.6085763123901,19.0850540136648,25.9786766949281,8.1645785756643,18.7321857703537,3.55335546,17.17938805,NA,35.1,2.84371029601484,FALSE,FALSE,FALSE,FALSE,FALSE,FALSE,FALSE,FALSE,FALSE,FALSE,FALSE,FALSE,FALSE,FALSE,FALSE,FALSE,FALSE
"ML41FL","bamako",129.87,81.02,1312,32.4822594257862,100,"MLI",2001,3.24822594257862,5.84708756526629,49,-13,76.8721976697163,91.58966196391,3.69148992445754,2.93044104884398,78.8079082467474,98.3851993319752,15.824126299161,15.2780897365764,6.10038510559329,30.3082212606652,18.9438091560061,88.9530103636257,46.3835270360624,53.9657540200522,4.51952076,13.15901566,NA,10.8,2.57710712522733,FALSE,FALSE,FALSE,FALSE,TRUE,FALSE,FALSE,FALSE,FALSE,FALSE,FALSE,FALSE,FALSE,FALSE,FALSE,FALSE,FALSE
"ML41FL","kayes",241.75,172.52,1891,33.1687438734647,21.8605042484027,"MLI",2001,3.31687438734647,5.84708756526629,49,-13,21.0539598958395,31.4592427234271,0.63678467320161,2.93044104884398,39.6361539960156,99.0707982638018,37.9723693768997,31.9898009098347,10.1891803455275,36.044571929946,17.8082416400501,35.6299306455583,22.3148737068185,5.41038131840533,4.51952076,13.15901566,NA,10.8,2.57710712522733,FALSE,FALSE,FALSE,FALSE,TRUE,FALSE,FALSE,FALSE,FALSE,FALSE,FALSE,FALSE,FALSE,FALSE,FALSE,FALSE,FALSE
"ML41FL","koulikoro",218.29,163.48,2198,42.4462679753348,7.6003425390405,"MLI",2001,4.24462679753348,5.84708756526629,49,-13,45.3974765114695,49.3040139779164,0.702049922200799,2.93044104884398,48.3090452934594,99.4612155417648,35.3258212446633,32.412466839045,10.9514973750949,32.7034159383602,17.9374801951174,31.7690873426574,3.08178707621307,5.22218146254894,4.51952076,13.15901566,NA,10.8,2.57710712522733,FALSE,FALSE,FALSE,FALSE,TRUE,FALSE,FALSE,FALSE,FALSE,FALSE,FALSE,FALSE,FALSE,FALSE,FALSE,FALSE,FALSE
"ML41FL","mopti",262.54,198.39,1931,44.6272499554243,14.9148464891362,"MLI",2001,4.46272499554243,5.84708756526629,49,-13,17.103847181088,18.2202700267769,0.473603350657971,2.93044104884398,27.1479449970307,99.0634078108818,38.7201287441234,33.7346237737076,10.3880955360342,34.5068260460998,18.10582279047,34.8888680764457,8.78057578727026,2.57830644143933,4.51952076,13.15901566,NA,10.8,2.57710712522733,FALSE,FALSE,FALSE,FALSE,TRUE,FALSE,FALSE,FALSE,FALSE,FALSE,FALSE,FALSE,FALSE,FALSE,FALSE,FALSE,FALSE
"ML41FL","segou",250.92,199.09,2436,50.3204800767281,10.4681853583791,"MLI",2001,5.03204800767281,5.84708756526629,49,-13,36.6639043297628,17.7578485393784,0.426241629186488,2.93044104884398,40.1989188312494,98.0006863024728,39.9449012984563,36.462551876905,14.5022129696604,36.4925328152493,18.9171193250252,31.473188255826,7.33335443972975,2.84125035861147,4.51952076,13.15901566,NA,10.8,2.57710712522733,FALSE,FALSE,FALSE,FALSE,TRUE,FALSE,FALSE,FALSE,FALSE,FALSE,FALSE,FALSE,FALSE,FALSE,FALSE,FALSE,FALSE
"ML41FL","sikasso",223.99,170.06,2789,54.4970846453727,14.4493338284852,"MLI",2001,5.44970846453727,5.84708756526629,49,-13,44.4262002346285,39.4953003375329,0.499975759396397,2.93044104884398,59.4159708616521,99.8995941099274,47.3545512348438,40.7103580546805,9.52713707026644,32.9432217539869,17.7544305009043,48.6179441712498,18.6324962183236,9.20476946939897,4.51952076,13.15901566,NA,10.8,2.57710712522733,FALSE,FALSE,FALSE,FALSE,TRUE,FALSE,FALSE,FALSE,FALSE,FALSE,FALSE,FALSE,FALSE,FALSE,FALSE,FALSE,FALSE
"ML53FL","bamako",99.1,71.34,1338,14.2807188028424,100,"MLI",2006,1.42807188028424,6.37499997371465,78,-8,81.3372502703594,88.9298967533618,3.22710476014333,4.899842708263,80.6278842622919,30.5746704387096,19.4354547805376,23.1756379099535,12.6113660353551,26.2835731437171,18.8542891528192,95.1195218773608,61.0311040014331,71.1789131652111,5.4559021,26.93190002,NA,16.6,3.29331145836365,FALSE,FALSE,FALSE,FALSE,FALSE,FALSE,FALSE,FALSE,FALSE,FALSE,FALSE,FALSE,FALSE,FALSE,FALSE,FALSE,FALSE
"ML53FL","gao",127.05,94.37,597,14.4620959031855,47.145359798964,"MLI",2006,1.44620959031855,6.37499997371465,78,-8,70.074107781711,32.0487336949634,0.989371376241898,3.49075888824471,70.3739669570486,31.7127241120066,32.0218239281764,34.2645685900051,15.7284659907961,36.5906592930429,18.8755071867609,54.6478774808073,27.6010374118791,10.7275774962403,5.4559021,26.93190002,NA,16.6,3.29331145836365,FALSE,FALSE,FALSE,FALSE,FALSE,FALSE,FALSE,FALSE,FALSE,FALSE,FALSE,FALSE,FALSE,FALSE,FALSE,FALSE,FALSE
"ML53FL","kayes",165.04,116.57,1948,30.0176743327083,14.4593805881961,"MLI",2006,3.00176743327083,6.37499997371465,78,-8,49.6271849308786,33.6583024068012,0.573765111611187,2.92403800360358,55.0388060969054,40.5565245887949,27.6647524386016,27.5567203653292,13.0371504143533,35.4189792911826,17.8718435041649,57.540384663852,27.1179621277338,10.9770147055343,5.4559021,26.93190002,NA,16.6,3.29331145836365,FALSE,FALSE,FALSE,FALSE,FALSE,FALSE,FALSE,FALSE,FALSE,FALSE,FALSE,FALSE,FALSE,FALSE,FALSE,FALSE,FALSE
"ML53FL","kidal",73.71,68.42,46,10.7703566147998,29.6751357843363,"MLI",2006,1.07703566147998,6.37499997371465,78,-8,25.6904541839072,19.7234593140527,0.706499940159121,3.66884375822898,31.6144998174001,74.4604284189623,31.7439228598828,31.6221427767215,23.7335690505347,29.9079550617834,18.6632696895968,28.02885332403,95.4714330662767,24.0272883070577,5.4559021,26.93190002,NA,16.6,3.29331145836365,FALSE,FALSE,FALSE,FALSE,FALSE,FALSE,FALSE,FALSE,FALSE,FALSE,FALSE,FALSE,FALSE,FALSE,FALSE,FALSE,FALSE
"ML53FL","koulikoro",211.21,168.82,2530,34.7008929269767,12.1283468393233,"MLI",2006,3.47008929269767,6.37499997371465,78,-8,75.0727585620424,52.9604957078642,0.657981904750474,2.49243956690552,71.4241690546832,41.2418298746227,34.8874124122095,32.6347770539224,14.3168590146738,32.7730788714448,17.729957672346,39.8415338709174,12.4188623279596,5.70815016804606,5.4559021,26.93190002,NA,16.6,3.29331145836365,FALSE,FALSE,FALSE,FALSE,FALSE,FALSE,FALSE,FALSE,FALSE,FALSE,FALSE,FALSE,FALSE,FALSE,FALSE,FALSE,FALSE
"ML53FL","mopti",200.4,145.94,1884,38.6131284639152,29.5278627318912,"MLI",2006,3.86131284639152,6.37499997371465,78,-8,59.2167912117181,28.1882810633986,0.353348844680746,2.93684409408437,52.230615591151,29.5728242423966,39.0150028170927,33.3452909959445,12.6219913823584,34.019339925523,18.7363706142179,49.3242833213656,14.1106772494656,5.32632886620389,5.4559021,26.93190002,NA,16.6,3.29331145836365,FALSE,FALSE,FALSE,FALSE,FALSE,FALSE,FALSE,FALSE,FALSE,FALSE,FALSE,FALSE,FALSE,FALSE,FALSE,FALSE,FALSE
"ML53FL","segou",229.09,174.04,2443,54.8357447823078,15.8754976010823,"MLI",2006,5.48357447823078,6.37499997371465,78,-8,74.4742901194276,40.7568582991857,0.864575377160781,2.67508979925079,76.7978117005129,38.4119328967008,35.3087623589908,31.9473237844472,13.6729138913192,35.4656885268469,18.3748622756878,50.7375423340814,11.912094382379,12.8533609357339,5.4559021,26.93190002,NA,16.6,3.29331145836365,FALSE,FALSE,FALSE,FALSE,FALSE,FALSE,FALSE,FALSE,FALSE,FALSE,FALSE,FALSE,FALSE,FALSE,FALSE,FALSE,FALSE
"ML53FL","sikasso",213.35,167.23,2646,50.8548321203254,15.3993310701122,"MLI",2006,5.08548321203254,6.37499997371465,78,-8,74.0228511940537,42.6443661512108,0.606979648091503,2.5751239390605,75.1215081161626,43.2977720214353,40.3082906255339,36.8608071035668,14.1865047338677,33.700242487561,17.6955413838969,56.0043638814865,11.7751964773519,9.38526743334752,5.4559021,26.93190002,NA,16.6,3.29331145836365,FALSE,FALSE,FALSE,FALSE,FALSE,FALSE,FALSE,FALSE,FALSE,FALSE,FALSE,FALSE,FALSE,FALSE,FALSE,FALSE,FALSE
"ML53FL","tombouctou",189.61,138.87,679,22.0223840080237,23.1133093155877,"MLI",2006,2.20223840080237,6.37499997371465,78,-8,48.8613552582105,24.129247411789,0.69657704340885,2.93875905430945,53.1547390469213,26.2534797699457,41.8383565206883,39.6565565133852,14.4778365513784,37.9010600510854,19.0728460157574,47.3370467774673,9.16244307246263,11.7637156783062,5.4559021,26.93190002,NA,16.6,3.29331145836365,FALSE,FALSE,FALSE,FALSE,FALSE,FALSE,FALSE,FALSE,FALSE,FALSE,FALSE,FALSE,FALSE,FALSE,FALSE,FALSE,FALSE
"ML6AFL","bamako",54.59,29.86,957,10.4333478248808,100,"MLI",2012,1.04333478248808,6.7713696368189,65,-2,74.1038423960811,95.0715119764018,4.02135613108161,4.81606959781906,79.5734427261678,36.717837654871,15.8607160967117,21.8697176104913,11.9870173094756,24.6779319631353,19.3239203512145,97.345628733644,89.6796189449288,82.8574372311011,3.7521801,27.53120613,NA,25.6,3.31532012967321,FALSE,FALSE,FALSE,FALSE,FALSE,FALSE,FALSE,FALSE,FALSE,FALSE,FALSE,FALSE,FALSE,FALSE,FALSE,FALSE,FALSE
"ML6AFL","kayes",92.82,56.75,1337,28.5944699685134,14.5593411517559,"MLI",2012,2.85944699685134,6.7713696368189,65,-2,64.29393746349,46.8931372432433,0.94326708321643,3.02266837809064,65.8415268541215,37.2186054765191,31.1110542970584,28.7477546997609,10.8057213079764,27.6573648730044,18.3789577886853,67.1595214567093,41.6407024860676,22.5814968775437,3.7521801,27.53120613,NA,25.6,3.31532012967321,FALSE,FALSE,FALSE,FALSE,FALSE,FALSE,FALSE,FALSE,FALSE,FALSE,FALSE,FALSE,FALSE,FALSE,FALSE,FALSE,FALSE
"ML6AFL","koulikoro",86.58,54.41,2111,35.1307763915664,5.07585105453236,"MLI",2012,3.51307763915664,6.7713696368189,65,-2,70.8711299982698,62.5265211587836,1.14880833357641,2.90279574523308,74.8094588987407,39.2340218227039,34.433569520584,29.6880505232833,11.0751453167812,28.1564811716606,18.6645120537877,57.0299652499882,38.1347646674405,23.6110308976647,3.7521801,27.53120613,NA,25.6,3.31532012967321,FALSE,FALSE,FALSE,FALSE,FALSE,FALSE,FALSE,FALSE,FALSE,FALSE,FALSE,FALSE,FALSE,FALSE,FALSE,FALSE,FALSE
"ML6AFL","mopti",102.86,70.28,1277,65.3323147811116,7.38631141742963,"MLI",2012,6.53323147811116,6.7713696368189,65,-2,43.5944617334535,26.195068748806,0.579015774514254,2.20840601820606,54.2187716243062,33.3859905915882,40.2334943591895,35.8781048064426,13.2033606953786,29.0677868356895,19.1272090380749,57.8595879487631,23.0140662985222,10.1463589713485,3.7521801,27.53120613,NA,25.6,3.31532012967321,FALSE,FALSE,FALSE,FALSE,FALSE,FALSE,FALSE,FALSE,FALSE,FALSE,FALSE,FALSE,FALSE,FALSE,FALSE,FALSE,FALSE
"ML6AFL","segou",102.28,73.63,1956,51.654779759712,7.52240547073662,"MLI",2012,5.1654779759712,6.7713696368189,65,-2,60.9393415863185,41.3048108543664,0.737505343103669,2.4921650511191,75.887187719142,31.7326124026774,36.0782156531928,31.0026676983492,11.1718180016323,30.2009122746559,19.0514709736958,62.0940777458446,33.7788351781022,15.2048403617708,3.7521801,27.53120613,NA,25.6,3.31532012967321,FALSE,FALSE,FALSE,FALSE,FALSE,FALSE,FALSE,FALSE,FALSE,FALSE,FALSE,FALSE,FALSE,FALSE,FALSE,FALSE,FALSE
"ML6AFL","sikasso",109.94,65.39,2404,58.0851998843594,16.5353926519695,"MLI",2012,5.80851998843594,6.7713696368189,65,-2,64.7756226632095,62.4851305723663,0.99396939109149,3.03581853987701,74.0821864119085,31.730464844079,34.7964920934979,33.1538850449053,11.9805919178364,30.1835527653821,18.4281232726415,67.8605765409539,35.3797422780931,22.4332538415852,3.7521801,27.53120613,NA,25.6,3.31532012967321,FALSE,FALSE,FALSE,FALSE,FALSE,FALSE,FALSE,FALSE,FALSE,FALSE,FALSE,FALSE,FALSE,FALSE,FALSE,FALSE,FALSE
"ML7AFL","bamako",48.03,30.25,1242,4.93650966148588,100,"MLI",2018,0.493650966148588,6.90412800049131,76,4,82.2667248680796,95.9600313160696,4.46776668524045,4.85001269297149,83.3630731348278,14.589810477142,12.0734613831987,15.1686181161908,7.90690602072544,23.7053206744885,19.606478814032,94.3695828381708,90.179172936879,90.3176438091446,3.73251104,31.16962242,NA,50.9,3.43944398013513,FALSE,FALSE,FALSE,FALSE,FALSE,FALSE,FALSE,FALSE,FALSE,FALSE,FALSE,FALSE,FALSE,FALSE,FALSE,FALSE,FALSE
"ML7AFL","gao",76.28,58.55,251,11.9911739741907,16.7956131018273,"MLI",2018,1.19911739741907,6.90412800049131,76,4,40.0115869806918,53.5612008160836,1.50477669654633,2.5521087862225,45.0660627956334,37.1556387388357,27.4476751461517,30.5982438127616,9.53205458938653,34.666122329665,19.9634959933051,64.3269441083063,41.9769475664556,15.5349989444025,3.73251104,31.16962242,NA,50.9,3.43944398013513,FALSE,FALSE,FALSE,FALSE,FALSE,FALSE,FALSE,FALSE,FALSE,FALSE,FALSE,FALSE,FALSE,FALSE,FALSE,FALSE,FALSE
"ML7AFL","kayes",116.76,79.07,1640,12.3466705885497,14.0908716093512,"MLI",2018,1.23466705885497,6.90412800049131,76,4,69.8283832558289,55.3788858038554,1.40813397892978,3.0216677310546,62.4142693979798,49.1362115024265,20.9441789117991,24.4252043991166,7.85225788310181,32.8152481169967,17.6728727079306,64.6066419989493,69.3433165163902,39.1057003322388,3.73251104,31.16962242,NA,50.9,3.43944398013513,FALSE,FALSE,FALSE,FALSE,FALSE,FALSE,FALSE,FALSE,FALSE,FALSE,FALSE,FALSE,FALSE,FALSE,FALSE,FALSE,FALSE
"ML7AFL","kidal",17.44,5.03,5,6.92102980010419,100,"MLI",2018,0.692102980010419,6.90412800049131,76,4,3.02318634772176,23.8513750135097,0.750119785614338,2.37535566579838,5.09443478686678,51.3918228501988,18.1030653113424,18.7463092237979,15.2748178428489,33.5790404288515,20.7629740830752,48.2144994648283,28.7561189821019,31.24993910595,3.73251104,31.16962242,NA,50.9,3.43944398013513,FALSE,FALSE,FALSE,FALSE,FALSE,FALSE,FALSE,FALSE,FALSE,FALSE,FALSE,FALSE,FALSE,FALSE,FALSE,FALSE,FALSE
"ML7AFL","koulikoro",100.84,74.47,1890,14.501563472995,5.24327221812226,"MLI",2018,1.4501563472995,6.90412800049131,76,4,69.5046461542671,77.1770236317282,2.0370374471128,3.05139336005194,68.0580296876516,42.5360403938837,20.5838858469842,21.273410806429,8.40762045604412,29.2884155342475,18.2459458027594,70.786701181686,50.0967238762476,49.6102884183004,3.73251104,31.16962242,NA,50.9,3.43944398013513,FALSE,FALSE,FALSE,FALSE,FALSE,FALSE,FALSE,FALSE,FALSE,FALSE,FALSE,FALSE,FALSE,FALSE,FALSE,FALSE,FALSE
"ML7AFL","mopti",130.89,98.15,1127,16.7176623758271,8.85620870427063,"MLI",2018,1.67176623758271,6.90412800049131,76,4,72.6228050407618,53.4385015032017,1.0205606296584,1.93758415069685,66.1241372492731,53.6901904787901,24.9687563925492,23.8562260244126,8.35120209508679,31.6265642839079,19.3773897845196,46.6665821319936,40.0860882833895,26.5165439731227,3.73251104,31.16962242,NA,50.9,3.43944398013513,FALSE,FALSE,FALSE,FALSE,FALSE,FALSE,FALSE,FALSE,FALSE,FALSE,FALSE,FALSE,FALSE,FALSE,FALSE,FALSE,FALSE
"ML7AFL","segou",112.59,77.74,1616,17.6677288383662,5.55338517195059,"MLI",2018,1.76677288383662,6.90412800049131,76,4,75.7765102325088,57.0096858633345,1.33244695419252,2.6056303652796,77.7150138623324,47.0378393408194,23.0863628519325,24.3437684195789,10.1962746521091,33.1675156676949,19.027810278426,63.3114142533697,50.063137916236,48.6523290905275,3.73251104,31.16962242,NA,50.9,3.43944398013513,FALSE,FALSE,FALSE,FALSE,FALSE,FALSE,FALSE,FALSE,FALSE,FALSE,FALSE,FALSE,FALSE,FALSE,FALSE,FALSE,FALSE
"ML7AFL","sikasso",91.79,49.65,1739,22.2493643344429,10.4344419206697,"MLI",2018,2.22493643344429,6.90412800049131,76,4,68.8529408979388,70.9357396290209,1.38848725782957,2.73830030818141,66.3416267066698,50.0015291160912,26.5024393846326,24.6843163719552,6.8200588560987,27.3431944153001,18.6126841535317,66.8113493440136,47.3031888319946,54.8909099277861,3.73251104,31.16962242,NA,50.9,3.43944398013513,FALSE,FALSE,FALSE,FALSE,FALSE,FALSE,FALSE,FALSE,FALSE,FALSE,FALSE,FALSE,FALSE,FALSE,FALSE,FALSE,FALSE
"ML8AFL","bamako",47.7,29.35,1627,8.9860501124967,100,"MLI",2023,0.89860501124967,6.94932154153665,75,9,92.4094426322082,97.6078767335494,5.52071946853612,4.70425087729639,80.8275241097283,17.7601781131386,32.0218239281764,31.0026676983492,11.1718180016323,22.9356869411964,19.7251447544542,97.4448833946876,97.801692908235,94.6012516280548,3.81316996,33.9802475,NA,54.5,3.52577939991355,FALSE,FALSE,FALSE,FALSE,FALSE,FALSE,TRUE,TRUE,TRUE,FALSE,FALSE,FALSE,FALSE,FALSE,FALSE,FALSE,FALSE
"ML8AFL","gao",75.02,51.38,420,13.3691136532086,17.6395192371814,"MLI",2023,1.33691136532086,6.94932154153665,75,9,52.2233972946521,53.1794365318122,2.04229540919675,3.50241464829413,51.4230893100125,39.8938752552525,32.0218239281764,31.0026676983492,11.1718180016323,36.1679919089557,19.449931942781,74.3750840495818,65.6593480266974,27.7012220841661,3.81316996,33.9802475,NA,54.5,3.52577939991355,FALSE,FALSE,FALSE,FALSE,FALSE,FALSE,TRUE,TRUE,TRUE,FALSE,FALSE,FALSE,FALSE,FALSE,FALSE,FALSE,FALSE
"ML8AFL","kayes",90.46,62.15,2292,14.3161557387391,8.89159963228739,"MLI",2023,1.43161557387391,6.94932154153665,75,9,63.931590220239,68.7051120986262,2.06358636796661,2.62838125554385,58.6733828858594,41.5932703127327,32.0218239281764,31.0026676983492,11.1718180016323,28.0955234595502,18.0978697763872,69.1915338122474,72.9423602491352,33.4312719947544,3.81316996,33.9802475,NA,54.5,3.52577939991355,FALSE,FALSE,FALSE,FALSE,FALSE,FALSE,TRUE,TRUE,TRUE,FALSE,FALSE,FALSE,FALSE,FALSE,FALSE,FALSE,FALSE
"ML8AFL","kidal",62.53,38.08,6,10.937986050688,100,"MLI",2023,1.0937986050688,6.94932154153665,75,9,19.156327826413,66.748664374641,2.25815094734385,4.06872227472737,18.5471167430052,53.7745254871616,32.0218239281764,31.0026676983492,11.1718180016323,34.384208138535,18.9352886004454,87.729851802862,77.726051616749,81.0890645216953,3.81316996,33.9802475,NA,54.5,3.52577939991355,FALSE,FALSE,FALSE,FALSE,FALSE,FALSE,TRUE,TRUE,TRUE,FALSE,FALSE,FALSE,FALSE,FALSE,FALSE,FALSE,FALSE
"ML8AFL","koulikoro",75.79,46.35,3399,16.1474311082776,6.45282312968186,"MLI",2023,1.61474311082776,6.94932154153665,75,9,77.1747523861174,92.4015675544155,2.90261714999479,3.08939406281407,71.5012954367036,40.9936916049881,32.0218239281764,31.0026676983492,11.1718180016323,26.6660377270229,18.6684156348462,80.6193278473191,74.059266958418,56.6888383549077,3.81316996,33.9802475,NA,54.5,3.52577939991355,FALSE,FALSE,FALSE,FALSE,FALSE,FALSE,TRUE,TRUE,TRUE,FALSE,FALSE,FALSE,FALSE,FALSE,FALSE,FALSE,FALSE
"ML8AFL","mopti",117.84,80.37,1530,22.6208075295262,9.76505476466996,"MLI",2023,2.26208075295262,6.94932154153665,75,9,71.3488603352924,63.6537218655777,1.98634397372536,2.49811607691189,68.2450191213895,54.0389570000614,32.0218239281764,31.0026676983492,11.1718180016323,32.3276383329422,19.0791433026721,83.3236583721437,59.8402869902973,30.3670796030146,3.81316996,33.9802475,NA,54.5,3.52577939991355,FALSE,FALSE,FALSE,FALSE,FALSE,FALSE,TRUE,TRUE,TRUE,FALSE,FALSE,FALSE,FALSE,FALSE,FALSE,FALSE,FALSE
"ML8AFL","segou",106.1,76.77,2377,21.4844269687438,8.05886125948811,"MLI",2023,2.14844269687438,6.94932154153665,75,9,75.2688614396946,72.70067985146,2.29167606363881,2.56440933734428,73.1368482111347,57.81399273971,32.0218239281764,31.0026676983492,11.1718180016323,29.047263838674,18.7868693954453,80.384369672389,66.9157798536261,48.9395126938207,3.81316996,33.9802475,NA,54.5,3.52577939991355,FALSE,FALSE,FALSE,FALSE,FALSE,FALSE,TRUE,TRUE,TRUE,FALSE,FALSE,FALSE,FALSE,FALSE,FALSE,FALSE,FALSE
"ML8AFL","sikasso",91.43,58.4,2951,24.3884977187484,16.0934868347147,"MLI",2023,2.43884977187484,6.94932154153665,75,9,76.5759147994486,86.5394161366055,2.3219395837598,2.51043775163774,69.4953777636658,53.7964958897004,32.0218239281764,31.0026676983492,11.1718180016323,30.5934724240241,18.4065077454585,77.3507876794114,62.1206410960391,33.5806163439272,3.81316996,33.9802475,NA,54.5,3.52577939991355,FALSE,FALSE,FALSE,FALSE,FALSE,FALSE,TRUE,TRUE,TRUE,FALSE,FALSE,FALSE,FALSE,FALSE,FALSE,FALSE,FALSE
"ML8AFL","tombouctou",49.4,31.22,240,16.1428836234719,21.0459908871228,"MLI",2023,1.61428836234719,6.94932154153665,75,9,25.7031561127228,58.7739448634746,1.66194958926603,3.25382936283319,31.9837979071534,53.3261818810372,32.0218239281764,31.0026676983492,11.1718180016323,35.3091512159557,19.1341768875708,88.9480833720083,32.1777205352545,43.3117434263559,3.81316996,33.9802475,NA,54.5,3.52577939991355,FALSE,FALSE,FALSE,FALSE,FALSE,FALSE,TRUE,TRUE,TRUE,FALSE,FALSE,FALSE,FALSE,FALSE,FALSE,FALSE,FALSE
"MR71FL","assaba",42.49,21.95,980,2.29518685438786,27.786587785483,"MRT",2020,0.229518685438786,7.49316377007164,81,6,75.1658828045802,60.9278655508419,2.5995659380239,2.31838331715051,82.2413492428824,58.4936258914059,21.5757914082915,23.0396997574395,6.91668932404328,36.8154688656777,19.7542974284643,59.0509279706234,43.3650966839314,22.5559495416593,3.00147843,53.89974594,NA,45.4,3.98712576436024,FALSE,FALSE,FALSE,FALSE,FALSE,FALSE,FALSE,FALSE,FALSE,FALSE,FALSE,FALSE,FALSE,FALSE,FALSE,FALSE,FALSE
"MR71FL","brakna",49.56,14.09,968,2.39009785213818,17.3210976986319,"MRT",2020,0.239009785213818,7.49316377007164,81,6,82.2046103524843,79.0991185068311,2.84175666109992,2.70706322336871,82.4304650409694,49.582853736195,16.198867067203,19.3894987193448,7.86078396501949,33.2229909009663,21.3705780680427,89.1295881067075,64.6096897557936,18.8851054415061,3.00147843,53.89974594,NA,45.4,3.98712576436024,FALSE,FALSE,FALSE,FALSE,FALSE,FALSE,FALSE,FALSE,FALSE,FALSE,FALSE,FALSE,FALSE,FALSE,FALSE,FALSE,FALSE
"MR71FL","gorgol",48.02,19.64,1098,2.00088982316489,17.8168841951548,"MRT",2020,0.200088982316489,7.49316377007164,81,6,66.6708355934854,65.1897594682835,2.74982321249496,2.34777390939176,75.7118274108896,51.4611482813033,22.1261310534811,27.4063871235629,8.33065369037417,37.4196554405542,19.1058566236757,57.3851404522554,36.4583099561654,22.2197852246969,3.00147843,53.89974594,NA,45.4,3.98712576436024,FALSE,FALSE,FALSE,FALSE,FALSE,FALSE,FALSE,FALSE,FALSE,FALSE,FALSE,FALSE,FALSE,FALSE,FALSE,FALSE,FALSE
"MR71FL","guidimagha",44.14,17.86,1099,1.36957294717427,27.4625364741788,"MRT",2020,0.136957294717427,7.49316377007164,81,6,85.1515265378127,49.5175766316603,1.78706096489926,2.17979751152092,71.4562690069702,61.0300532353942,21.9742420030924,29.7693832252176,10.4508665220062,35.9562966839959,18.700821727967,59.2694295848463,37.807847299408,14.2926493762881,3.00147843,53.89974594,NA,45.4,3.98712576436024,FALSE,FALSE,FALSE,FALSE,FALSE,FALSE,FALSE,FALSE,FALSE,FALSE,FALSE,FALSE,FALSE,FALSE,FALSE,FALSE,FALSE
"MR71FL","tagant",73.47,33,261,2.63664162177217,21.9734495955799,"MRT",2020,0.263664162177217,7.49316377007164,81,6,77.1503325580209,62.6058183746273,3.75836191855584,2.42971709124759,76.7966790485673,45.1627047812219,33.1052934101034,28.2523479693453,5.5465119715926,36.0331664370969,20.3933828407882,74.0013208873462,36.2730080167701,20.1237981541622,3.00147843,53.89974594,NA,45.4,3.98712576436024,FALSE,FALSE,FALSE,FALSE,FALSE,FALSE,FALSE,FALSE,FALSE,FALSE,FALSE,FALSE,FALSE,FALSE,FALSE,FALSE,FALSE
"MR71FL","trarza",35.37,13.6,579,3.20577013854516,32.5988266772931,"MRT",2020,0.320577013854516,7.49316377007164,81,6,81.6681617871407,90.0292658824896,4.14433451675694,3.46374261037831,87.9063410270121,18.3910022336843,17.5435595879592,16.1946976647011,4.20062193483788,26.8458311761578,20.9413202358048,96.4756714773101,80.5199916608046,41.6491995732767,3.00147843,53.89974594,NA,45.4,3.98712576436024,FALSE,FALSE,FALSE,FALSE,FALSE,FALSE,FALSE,FALSE,FALSE,FALSE,FALSE,FALSE,FALSE,FALSE,FALSE,FALSE,FALSE
"MW41FL","central",188.42,146.23,4886,42.7199011137336,10.0797467004407,"MWI",2000,4.27199011137336,5.41264626212204,75,-14,78.8612065625753,51.9817262367861,3.32701847321363,3.02747764113908,77.2043611556946,100,55.5357243666551,27.9019797280794,5.02115228783674,27.8211311709394,18.7001039806937,59.4522113709803,3.3931476040521,4.378685737648,2.35247517,8.84964848,NA,4.8,2.18037773845698,FALSE,FALSE,FALSE,FALSE,TRUE,FALSE,FALSE,FALSE,FALSE,FALSE,FALSE,FALSE,FALSE,FALSE,FALSE,FALSE,FALSE
"MW61FL","central",113.58,84.86,8196,38.4188679777156,15.1039836305278,"MWI",2010,3.84188679777156,6.52667741203855,93,-4,90.242608454848,70.9656171204726,4.48307265859199,2.85860022657172,91.4853947113853,75.0670153039889,42.0737461631017,17.4626917756642,4.15060330750364,25.6271131769378,18.6513811511342,73.6258191717244,14.686548293762,6.80301477480895,5.14304781,33.99194336,NA,8.7,3.5261235365367,FALSE,FALSE,FALSE,FALSE,FALSE,FALSE,FALSE,FALSE,FALSE,FALSE,FALSE,FALSE,FALSE,FALSE,FALSE,FALSE,FALSE
"MW61FL","northern",99.15,55.78,2204,14.1272994831178,7.47623764157617,"MWI",2010,1.41272994831178,6.52667741203855,93,-4,95.6786338797043,79.2593162635919,6.67652606494064,3.39073203973046,93.8189909592052,78.8144616102174,38.2107491534047,14.2964206750484,1.64267074680197,17.1484487155932,18.4895521117744,83.035172935233,8.81112423194802,7.66339148267535,5.14304781,33.99194336,NA,8.7,3.5261235365367,FALSE,FALSE,FALSE,FALSE,FALSE,FALSE,FALSE,FALSE,FALSE,FALSE,FALSE,FALSE,FALSE,FALSE,FALSE,FALSE,FALSE
"MW61FL","southern",114.05,83.69,8692,34.6103209971397,15.5761697269167,"MWI",2010,3.46103209971397,6.52667741203855,93,-4,95.4985279661936,73.6778159476463,4.77278139050307,3.08923687076188,94.3324544111459,78.0073414991131,41.6134916675913,18.5260712084284,4.17608032555939,22.0853961904609,18.151809066636,83.6586807688765,13.73508596596,11.8240354064635,5.14304781,33.99194336,NA,8.7,3.5261235365367,FALSE,FALSE,FALSE,FALSE,FALSE,FALSE,FALSE,FALSE,FALSE,FALSE,FALSE,FALSE,FALSE,FALSE,FALSE,FALSE,FALSE
"MW81FL","central",48.61,23.15,4956,17.2592565226162,14.2157606545928,"MWI",2024,1.72592565226162,6.25836727818788,91,10,83.0614079297064,96.7037092764704,5.96249039075478,2.85407575343888,88.6292780615127,66.0754794471613,41.8436189153465,17.9943814920463,4.16334181653151,16.1429586904276,18.8938094316675,85.249175054979,44.6299309892151,12.5640036867898,6.53459597,41.26664734,NA,15.6,3.72005460324625,FALSE,FALSE,FALSE,FALSE,FALSE,FALSE,TRUE,TRUE,TRUE,FALSE,FALSE,FALSE,FALSE,FALSE,FALSE,FALSE,FALSE
"MW81FL","northern",37.49,16.05,1468,12.6212709004839,16.7473835217839,"MWI",2024,1.26212709004839,6.25836727818788,91,10,84.9277814139273,96.013571542355,7.29263793475831,3.3857826859,85.992915206616,60.906982495759,41.8436189153465,17.9943814920463,4.16334181653151,12.7007570862833,18.4200902846088,81.9236702049414,55.273360537976,20.7246061355751,6.53459597,41.26664734,NA,15.6,3.72005460324625,FALSE,FALSE,FALSE,FALSE,FALSE,FALSE,TRUE,TRUE,TRUE,FALSE,FALSE,FALSE,FALSE,FALSE,FALSE,FALSE,FALSE
"MW81FL","southern",50.94,27.12,5421,23.2342835630954,12.6499834553873,"MWI",2024,2.32342835630954,6.25836727818788,91,10,87.4123598140171,96.9521702172184,5.7215941058596,2.96571841151628,87.2458504092364,72.4518267423327,41.8436189153465,17.9943814920463,4.16334181653151,17.118029574147,18.2194417557142,93.2233810765553,48.9531308956924,17.0368536973764,6.53459597,41.26664734,NA,15.6,3.72005460324625,FALSE,FALSE,FALSE,FALSE,FALSE,FALSE,TRUE,TRUE,TRUE,FALSE,FALSE,FALSE,FALSE,FALSE,FALSE,FALSE,FALSE
"MZ41FL","cabodelgado",208.87,152.04,934,54.9189094444488,19.1199884954114,"MOZ",2003,5.49189094444487,5.8274407735491,85,-11,70.8768302564692,29.6363862666475,1.41504729815438,2.779141374043,80.1796707137124,100,55.7206299621329,35.228717769177,4.45304750736922,29.2723868653045,17.4260037325235,22.9965011105155,0.145525255074539,1.1328779225115,3.25095367,11.03660774,NA,8.1,2.40121772370434,FALSE,FALSE,FALSE,FALSE,FALSE,FALSE,FALSE,FALSE,FALSE,FALSE,FALSE,FALSE,FALSE,FALSE,FALSE,FALSE,FALSE
"MZ41FL","gaza",153.89,117.66,486,56.8632839890296,26.7024247571777,"MOZ",2003,5.68632839890296,5.8274407735491,85,-11,90.3841473150281,62.8973001310934,2.77442248536219,3.30973345220258,91.6693456665013,100,32.4622138391666,21.9140210488518,6.83500375601058,18.7485136721459,18.9101596178039,33.295110130671,0.71907303085978,10.4004598976858,3.25095367,11.03660774,NA,8.1,2.40121772370434,FALSE,FALSE,FALSE,FALSE,FALSE,FALSE,FALSE,FALSE,FALSE,FALSE,FALSE,FALSE,FALSE,FALSE,FALSE,FALSE,FALSE
"MZ41FL","inhambane",134.68,101.38,774,36.4342497024089,19.228772097076,"MOZ",2003,3.64342497024089,5.8274407735491,85,-11,93.6256792874806,49.6327407094244,2.41673589716735,3.07089354535895,92.8547237540397,98.8219191790772,31.8753327257905,13.2589933071077,0.999742632093349,21.4003379791228,18.6611527593243,23.9544923144581,0.782277698618654,7.53449889429939,3.25095367,11.03660774,NA,8.1,2.40121772370434,FALSE,FALSE,FALSE,FALSE,FALSE,FALSE,FALSE,FALSE,FALSE,FALSE,FALSE,FALSE,FALSE,FALSE,FALSE,FALSE,FALSE
"MZ41FL","manica",141.52,106.6,780,32.6356020307509,33.7271037077587,"MOZ",2003,3.26356020307509,5.8274407735491,85,-11,73.5787815320973,56.3056351829004,2.08941864100188,2.76999725586299,81.5401473735526,98.4051431864797,39.2646031543453,22.0944485135268,2.43005397784606,27.8978105419015,18.1844617252146,24.4871774162122,1.3099013895917,5.76542927304131,3.25095367,11.03660774,NA,8.1,2.40121772370434,FALSE,FALSE,FALSE,FALSE,FALSE,FALSE,FALSE,FALSE,FALSE,FALSE,FALSE,FALSE,FALSE,FALSE,FALSE,FALSE,FALSE
"MZ41FL","nampula",168.51,121.65,2221,56.5653303974856,30.4397317529191,"MOZ",2003,5.65653303974856,5.8274407735491,85,-11,62.536899724808,36.8721542073772,1.42672070151119,2.6274562699263,69.0950136433131,99.725707965079,42.3557324540412,29.0990104228798,6.59963976942254,34.7749401494904,17.863890648402,4.91235984337878,0.898481137802052,5.75478809223285,3.25095367,11.03660774,NA,8.1,2.40121772370434,FALSE,FALSE,FALSE,FALSE,FALSE,FALSE,FALSE,FALSE,FALSE,FALSE,FALSE,FALSE,FALSE,FALSE,FALSE,FALSE,FALSE
"MZ41FL","niassa",184.36,144.92,496,47.8429882213548,19.6771687801799,"MOZ",2003,4.78429882213548,5.8274407735491,85,-11,54.5948146712866,46.0739285761315,1.48822665363998,2.61078159987948,51.9187770998343,100,45.1430339347461,24.3753104587017,1.44672861756598,31.0639020200541,18.3732976305186,14.2782496104243,0.894340644480616,3.23742990275196,3.25095367,11.03660774,NA,8.1,2.40121772370434,FALSE,FALSE,FALSE,FALSE,FALSE,FALSE,FALSE,FALSE,FALSE,FALSE,FALSE,FALSE,FALSE,FALSE,FALSE,FALSE,FALSE
"MZ41FL","sofala",177.65,144.82,761,45.8791518101314,39.2287232643018,"MOZ",2003,4.58791518101314,5.8274407735491,85,-11,77.8752480709115,51.636957288481,1.9020002963199,2.70223262903242,74.7268682536446,97.8485700893532,41.9785974441167,25.272981927695,6.75126315306151,27.3930048027385,18.2624131881568,20.1468578025391,4.47929657126717,6.28288088210067,3.25095367,11.03660774,NA,8.1,2.40121772370434,FALSE,FALSE,FALSE,FALSE,FALSE,FALSE,FALSE,FALSE,FALSE,FALSE,FALSE,FALSE,FALSE,FALSE,FALSE,FALSE,FALSE
"MZ41FL","tete",175.7,144.93,1025,46.6181263947267,12.0382735949892,"MOZ",2003,4.66181263947267,5.8274407735491,85,-11,63.7857350122841,47.4696390300599,1.56087456361924,2.57906412281493,72.0050827213207,99.2809488024385,45.9582309056793,25.3198831368799,1.60429924010726,29.1341721658802,18.3773714699269,27.9726534748246,2.21183384271568,4.67016123737912,3.25095367,11.03660774,NA,8.1,2.40121772370434,FALSE,FALSE,FALSE,FALSE,FALSE,FALSE,FALSE,FALSE,FALSE,FALSE,FALSE,FALSE,FALSE,FALSE,FALSE,FALSE,FALSE
"MZ41FL","zambezia",112.22,80.39,1698,59.6119402843692,10.8615030889774,"MOZ",2003,5.96119402843692,5.8274407735491,85,-11,52.9679675090969,32.9559789429421,1.28030639990533,1.8492611562979,63.2915816023828,100,47.1539287271557,26.8196706862147,5.02063944800273,33.135472937374,18.6373921784151,7.23738484700805,0.72994541154321,3.01457600578345,3.25095367,11.03660774,NA,8.1,2.40121772370434,FALSE,FALSE,FALSE,FALSE,FALSE,FALSE,FALSE,FALSE,FALSE,FALSE,FALSE,FALSE,FALSE,FALSE,FALSE,FALSE,FALSE
"MZ62FL","cabodelgado",72.39,48.31,906,38.0837476804268,12.443455371897,"MOZ",2011,3.80837476804268,6.42677400385031,77,-3,68.7444169070019,36.3548037240202,2.14081463894518,2.27583117847192,80.4000273186558,52.8539328810704,46.4727306117689,27.5197322179193,4.17267841375045,19.192766666024,18.9081253203526,33.978886795296,6.66815207331701,5.51405562922789,4.9217639,30.42516136,NA,20.2,3.41526994239281,FALSE,FALSE,FALSE,FALSE,FALSE,FALSE,FALSE,FALSE,FALSE,FALSE,FALSE,FALSE,FALSE,FALSE,FALSE,FALSE,FALSE
"MZ62FL","gaza",112.93,71.46,582,12.3371615686395,27.8531386575532,"MOZ",2011,1.23371615686395,6.42677400385031,77,-3,88.9816361623105,72.3606598865157,3.77650029795395,3.93409559700907,85.6379677092916,63.1943921479808,19.6490484104352,8.36438771115225,1.32623706666917,17.2792819619251,19.0230278411797,59.5882839022201,36.5793580586845,25.6691880169016,4.9217639,30.42516136,NA,20.2,3.41526994239281,FALSE,FALSE,FALSE,FALSE,FALSE,FALSE,FALSE,FALSE,FALSE,FALSE,FALSE,FALSE,FALSE,FALSE,FALSE,FALSE,FALSE
"MZ62FL","inhambane",62.68,45.59,602,28.7022303427615,23.149377346402,"MOZ",2011,2.87022303427615,6.42677400385031,77,-3,83.569498035959,59.8387534540588,3.54523911015901,3.62546832902788,86.3603762325805,34.1538786176582,28.8925752013741,8.4627660750216,1.56270513729552,15.0028613744234,18.8763882804912,56.6862074581293,19.3066349539856,21.9026387010449,4.9217639,30.42516136,NA,20.2,3.41526994239281,FALSE,FALSE,FALSE,FALSE,FALSE,FALSE,FALSE,FALSE,FALSE,FALSE,FALSE,FALSE,FALSE,FALSE,FALSE,FALSE,FALSE
"MZ62FL","manica",104.08,77.29,786,29.968105584608,32.6909805526938,"MOZ",2011,2.9968105584608,6.42677400385031,77,-3,77.4662056225597,75.534693086555,4.4396473055383,3.47691957817665,80.3420654879722,33.3999622832798,36.7553597192598,16.4482678731292,5.42402605559728,18.0788170751302,18.0555798240787,76.243344172981,28.3836355373424,22.7540005848813,4.9217639,30.42516136,NA,20.2,3.41526994239281,FALSE,FALSE,FALSE,FALSE,FALSE,FALSE,FALSE,FALSE,FALSE,FALSE,FALSE,FALSE,FALSE,FALSE,FALSE,FALSE,FALSE
"MZ62FL","nampula",66.44,50.47,1527,47.0013340160215,34.7665725980609,"MOZ",2011,4.70013340160215,6.42677400385031,77,-3,77.4443550719191,54.7870800478363,2.84874576803627,2.55229588109351,83.3956421936315,44.7236706615454,49.1671050030499,22.2640134565044,5.6907171061089,19.312456426445,18.7144473649079,34.1690676999979,26.8906144390748,17.0862950489935,4.9217639,30.42516136,NA,20.2,3.41526994239281,FALSE,FALSE,FALSE,FALSE,FALSE,FALSE,FALSE,FALSE,FALSE,FALSE,FALSE,FALSE,FALSE,FALSE,FALSE,FALSE,FALSE
"MZ62FL","niassa",81.89,57.51,656,34.3728840859906,22.2024234444461,"MOZ",2011,3.43728840859906,6.42677400385031,77,-3,84.2783726753246,62.4113549816278,2.64111104404985,2.8159486334618,87.8543333806828,40.4894685316125,43.1434902037158,22.0843178378773,2.42044505698614,30.276336678964,18.448469972612,46.1584094980004,31.5862749525974,9.62641869807279,4.9217639,30.42516136,NA,20.2,3.41526994239281,FALSE,FALSE,FALSE,FALSE,FALSE,FALSE,FALSE,FALSE,FALSE,FALSE,FALSE,FALSE,FALSE,FALSE,FALSE,FALSE,FALSE
"MZ62FL","sofala",97.37,56.11,1035,30.5205672988257,37.3773287011756,"MOZ",2011,3.05205672988257,6.42677400385031,77,-3,85.5540944559021,74.289423215915,3.11598530832387,3.13562210434637,87.4357401394571,57.8971275897686,29.447414865084,15.6867810687186,7.39250009971802,23.6026309209534,18.6384983060852,55.0539911954105,33.8457106029413,23.3128489812964,4.9217639,30.42516136,NA,20.2,3.41526994239281,FALSE,FALSE,FALSE,FALSE,FALSE,FALSE,FALSE,FALSE,FALSE,FALSE,FALSE,FALSE,FALSE,FALSE,FALSE,FALSE,FALSE
"MZ62FL","tete",135.57,83.67,1423,34.0075834537766,8.68109796387175,"MOZ",2011,3.40075834537766,6.42677400385031,77,-3,80.7159281631979,51.5227082422283,2.52299173067497,2.68968286694592,75.7743695482308,49.6683549261911,36.2337059099346,20.955312415316,4.86161743798309,23.8588910227403,18.3058730602631,41.7310862258195,23.3374747703875,13.0466630616047,4.9217639,30.42516136,NA,20.2,3.41526994239281,FALSE,FALSE,FALSE,FALSE,FALSE,FALSE,FALSE,FALSE,FALSE,FALSE,FALSE,FALSE,FALSE,FALSE,FALSE,FALSE,FALSE
"MZ62FL","zambezia",117.76,90.61,2297,56.222411732802,13.7460445851873,"MOZ",2011,5.6222411732802,6.42677400385031,77,-3,60.3358955249799,28.1386792181611,2.14925900951321,2.05510739268506,71.4835786632663,38.7649253553188,39.8199717337738,25.275146910297,7.3030329982257,31.2271417737809,18.8913350832123,22.0105010400336,7.16931495930544,6.50416968155511,4.9217639,30.42516136,NA,20.2,3.41526994239281,FALSE,FALSE,FALSE,FALSE,FALSE,FALSE,FALSE,FALSE,FALSE,FALSE,FALSE,FALSE,FALSE,FALSE,FALSE,FALSE,FALSE
"MZ71FL","cabodelgado",63.2,35.11,315,32.7518377212245,24.9490974055026,"MOZ",2015,3.27518377212245,6.41438275116873,85,1,95.5277578433634,69.5412466864407,4.10929410067666,2.66547173667025,95.3985122613957,44.2854846144273,40.8992845889452,22.1792309850156,4.65733247267616,11.0579529093859,18.4129207212695,47.4254784713283,10.9277031159424,16.4939210346724,6.60972881,40.35658646,NA,24,3.69775461460428,FALSE,FALSE,FALSE,FALSE,FALSE,FALSE,TRUE,TRUE,TRUE,FALSE,TRUE,FALSE,FALSE,FALSE,FALSE,FALSE,FALSE
"MZ71FL","gaza",64.16,43.84,272,11.9912009188229,25.3895652158152,"MOZ",2015,1.19912009188229,6.41438275116873,85,1,92.5800988820127,86.0314458819211,4.7626428448122,3.89559289358801,95.80510608122,60.8178419456948,40.8992845889452,22.1792309850156,4.65733247267616,15.6807459426907,18.4129207212695,65.3498813835198,6.9948886454242,37.572210651242,6.60972881,40.35658646,NA,24,3.69775461460428,FALSE,FALSE,FALSE,FALSE,FALSE,FALSE,TRUE,TRUE,TRUE,FALSE,TRUE,FALSE,FALSE,FALSE,FALSE,FALSE,FALSE
"MZ71FL","inhambane",15.32,9.46,175,16.3972724405477,20.457517932837,"MOZ",2015,1.63972724405477,6.41438275116873,85,1,90.1901163778234,85.3388776863787,5.66624315284372,3.63846463142947,96.1460677940332,68.4757453404993,40.8992845889452,22.1792309850156,4.65733247267616,18.1824675996265,18.4129207212695,59.6451715815674,4.88484058594299,16.8202191770181,6.60972881,40.35658646,NA,24,3.69775461460428,FALSE,FALSE,FALSE,FALSE,FALSE,FALSE,TRUE,TRUE,TRUE,FALSE,TRUE,FALSE,FALSE,FALSE,FALSE,FALSE,FALSE
"MZ71FL","manica",39.06,32.3,278,19.114235440838,23.2876854746857,"MOZ",2015,1.9114235440838,6.41438275116873,85,1,90.7868515196946,72.9627516733561,4.09479386879776,2.98642457141392,88.7998583700773,39.6912866782632,40.8992845889452,22.1792309850156,4.65733247267616,15.351232431662,18.4129207212695,55.5503092555357,1.90346754170174,23.4328183411734,6.60972881,40.35658646,NA,24,3.69775461460428,FALSE,FALSE,FALSE,FALSE,FALSE,FALSE,TRUE,TRUE,TRUE,FALSE,TRUE,FALSE,FALSE,FALSE,FALSE,FALSE,FALSE
"MZ71FL","nampula",41.1,26.72,716,58.7748189979797,25.2478014648653,"MOZ",2015,5.87748189979797,6.41438275116873,85,1,75.4209172089063,65.3438947888498,3.34092061817867,2.35582715140524,74.0338575386973,61.4364269737395,40.8992845889452,22.1792309850156,4.65733247267616,21.4857887736201,18.4129207212695,55.8307717409968,2.28351452108958,15.1105756178845,6.60972881,40.35658646,NA,24,3.69775461460428,FALSE,FALSE,FALSE,FALSE,FALSE,FALSE,TRUE,TRUE,TRUE,FALSE,TRUE,FALSE,FALSE,FALSE,FALSE,FALSE,FALSE
"MZ71FL","niassa",30.97,14.49,231,28.3314423738994,16.1422148267118,"MOZ",2015,2.83314423738994,6.41438275116873,85,1,85.1101060857849,80.4561232125813,3.63435681482613,2.28536899201383,85.8259431394565,72.776451633859,40.8992845889452,22.1792309850156,4.65733247267616,21.3107423288309,18.4129207212695,48.7441062637549,0.818783013770594,18.2896712868803,6.60972881,40.35658646,NA,24,3.69775461460428,FALSE,FALSE,FALSE,FALSE,FALSE,FALSE,TRUE,TRUE,TRUE,FALSE,TRUE,FALSE,FALSE,FALSE,FALSE,FALSE,FALSE
"MZ71FL","sofala",30.35,25.75,317,24.4471533726806,30.2998474793692,"MOZ",2015,2.44471533726806,6.41438275116873,85,1,82.8609336230797,86.6851337622782,3.83951866510926,3.1246055011641,79.9312465550986,62.5525423021076,40.8992845889452,22.1792309850156,4.65733247267616,19.3048257962859,18.4129207212695,62.6981200041905,9.22581852822941,26.204428335592,6.60972881,40.35658646,NA,24,3.69775461460428,FALSE,FALSE,FALSE,FALSE,FALSE,FALSE,TRUE,TRUE,TRUE,FALSE,TRUE,FALSE,FALSE,FALSE,FALSE,FALSE,FALSE
"MZ71FL","tete",48.88,31.31,296,24.915028908005,10.5439167534825,"MOZ",2015,2.4915028908005,6.41438275116873,85,1,69.6201489610196,55.2217342562612,2.46033434681684,2.33075804336733,74.5470342187693,26.5200165557828,40.8992845889452,22.1792309850156,4.65733247267616,17.3859034586266,18.4129207212695,37.6997449364747,0.679145877732323,9.27651663169372,6.60972881,40.35658646,NA,24,3.69775461460428,FALSE,FALSE,FALSE,FALSE,FALSE,FALSE,TRUE,TRUE,TRUE,FALSE,TRUE,FALSE,FALSE,FALSE,FALSE,FALSE,FALSE
"MZ71FL","zambezia",34.89,22.76,450,56.358047342568,16.5595170287944,"MOZ",2015,5.6358047342568,6.41438275116873,85,1,69.9082960185507,42.3560846935409,3.0514369475972,2.0951097400525,70.8620123923432,61.4318383325951,40.8992845889452,22.1792309850156,4.65733247267616,24.4512043287095,18.4129207212695,40.3333553845618,1.83531781497267,11.1598040578777,6.60972881,40.35658646,NA,24,3.69775461460428,FALSE,FALSE,FALSE,FALSE,FALSE,FALSE,TRUE,TRUE,TRUE,FALSE,TRUE,FALSE,FALSE,FALSE,FALSE,FALSE,FALSE
"MZ81FL","cabodelgado",83.84,59.89,605,24.7267088927642,29.410622199789,"MOZ",2022,2.47267088927642,6.36004645972499,55,8,45.0984845518725,57.2282439987525,3.52050983492588,2.84016826156658,67.7629180189283,69.1182618193015,40.8992845889452,22.1792309850156,4.65733247267616,19.0977375018675,18.0832327801844,70.0152166304324,28.7896648860114,28.9506466448468,8.24868107,47.69813538,NA,33.2,3.8648923065642,FALSE,FALSE,FALSE,FALSE,FALSE,FALSE,TRUE,TRUE,TRUE,FALSE,FALSE,FALSE,FALSE,FALSE,FALSE,FALSE,FALSE
"MZ81FL","gaza",67.84,36.2,363,9.0269660327946,32.2202615233341,"MOZ",2022,0.90269660327946,6.36004645972499,55,8,84.711623310364,88.2543670565202,5.75052016244026,3.95172255465296,85.5069891887785,49.6754046966027,40.8992845889452,22.1792309850156,4.65733247267616,15.6634191178433,18.8170963270651,93.083551590944,31.6088518134783,60.488333568871,8.24868107,47.69813538,NA,33.2,3.8648923065642,FALSE,FALSE,FALSE,FALSE,FALSE,FALSE,TRUE,TRUE,TRUE,FALSE,FALSE,FALSE,FALSE,FALSE,FALSE,FALSE,FALSE
"MZ81FL","inhambane",49.54,18.21,306,13.8167072008696,25.75383904613,"MOZ",2022,1.38167072008696,6.36004645972499,55,8,88.1165984642966,82.0729864579088,5.55804853274375,3.61128233962142,84.9607192639941,57.9718573205002,40.8992845889452,22.1792309850156,4.65733247267616,15.1555031203399,18.1922868625188,70.0975047753095,31.2296707883431,24.4304445091675,8.24868107,47.69813538,NA,33.2,3.8648923065642,FALSE,FALSE,FALSE,FALSE,FALSE,FALSE,TRUE,TRUE,TRUE,FALSE,FALSE,FALSE,FALSE,FALSE,FALSE,FALSE,FALSE
"MZ81FL","manica",69.35,44.04,719,12.1162547293718,30.431398909161,"MOZ",2022,1.21162547293718,6.36004645972499,55,8,69.1010448713238,73.6771099885013,5.24115045463461,3.19840050328342,75.0973291953505,61.4187484620825,40.8992845889452,22.1792309850156,4.65733247267616,17.1796295565672,18.204446592491,59.4019018811687,44.6010804260786,37.8945380667984,8.24868107,47.69813538,NA,33.2,3.8648923065642,FALSE,FALSE,FALSE,FALSE,FALSE,FALSE,TRUE,TRUE,TRUE,FALSE,FALSE,FALSE,FALSE,FALSE,FALSE,FALSE,FALSE
"MZ81FL","maputo",32.66,14.6,541,9.30056614990983,64.0014118114005,"MOZ",2022,0.930056614990983,6.36004645972499,55,8,89.379656730215,94.9285650473199,7.77565189417635,4.63506449419156,85.4628836343553,43.2878565160971,40.8992845889452,22.1792309850156,4.65733247267616,9.76224283542262,19.4793631134001,95.7742676415978,83.5971628846908,82.1971347832928,8.24868107,47.69813538,NA,33.2,3.8648923065642,FALSE,FALSE,FALSE,FALSE,FALSE,FALSE,TRUE,TRUE,TRUE,FALSE,FALSE,FALSE,FALSE,FALSE,FALSE,FALSE,FALSE
"MZ81FL","nampula",74.56,44.76,2571,41.6357122079665,26.4797748863034,"MOZ",2022,4.16357122079665,6.36004645972499,55,8,36.5520595197189,53.4335557716472,3.60996461902321,2.46018038176674,57.1624698992991,69.0874725257048,40.8992845889452,22.1792309850156,4.65733247267616,21.0309413310077,18.2428844276086,43.0499629769877,26.7597507849035,28.0692698648435,8.24868107,47.69813538,NA,33.2,3.8648923065642,FALSE,FALSE,FALSE,FALSE,FALSE,FALSE,TRUE,TRUE,TRUE,FALSE,FALSE,FALSE,FALSE,FALSE,FALSE,FALSE,FALSE
"MZ81FL","niassa",67.4,38.53,732,25.3286416176744,27.9447323915828,"MOZ",2022,2.53286416176744,6.36004645972499,55,8,59.3671052219763,77.993186665858,3.7442936750421,2.5227523121094,62.4389861650667,65.9704909777969,40.8992845889452,22.1792309850156,4.65733247267616,25.2693466910063,17.8626726911099,50.1177698420491,13.6107178451594,38.2202101237061,8.24868107,47.69813538,NA,33.2,3.8648923065642,FALSE,FALSE,FALSE,FALSE,FALSE,FALSE,TRUE,TRUE,TRUE,FALSE,FALSE,FALSE,FALSE,FALSE,FALSE,FALSE,FALSE
"MZ81FL","sofala",67.25,47.08,644,21.5429837624628,38.2185566508805,"MOZ",2022,2.15429837624628,6.36004645972499,55,8,75.6554219994099,77.3094089148739,4.80106243345407,3.18466522755313,76.6721696947075,63.2211705446046,40.8992845889452,22.1792309850156,4.65733247267616,21.3793506923975,18.3126770737547,67.7759955266389,37.4928794134103,42.1123373716976,8.24868107,47.69813538,NA,33.2,3.8648923065642,FALSE,FALSE,FALSE,FALSE,FALSE,FALSE,TRUE,TRUE,TRUE,FALSE,FALSE,FALSE,FALSE,FALSE,FALSE,FALSE,FALSE
"MZ81FL","tete",25.69,10.44,959,17.8493532709414,20.0062507435204,"MOZ",2022,1.78493532709414,6.36004645972499,55,8,52.9405377766341,67.4770629937016,4.07066055033974,2.79822586453932,56.6047117718623,37.7042754786683,40.8992845889452,22.1792309850156,4.65733247267616,14.7573167182591,18.6373102857516,67.1720982285519,30.3403162268505,25.9716566235381,8.24868107,47.69813538,NA,33.2,3.8648923065642,FALSE,FALSE,FALSE,FALSE,FALSE,FALSE,TRUE,TRUE,TRUE,FALSE,FALSE,FALSE,FALSE,FALSE,FALSE,FALSE,FALSE
"MZ81FL","zambezia",46.73,27.19,1699,26.4507996628634,17.9714450151662,"MOZ",2022,2.64507996628634,6.36004645972499,55,8,26.7612224026051,50.5944469710199,3.43951329452041,2.24466255671819,35.7995357578039,60.5712744088196,40.8992845889452,22.1792309850156,4.65733247267616,27.8821362330097,18.7116165053895,45.1190122831355,29.7931901293255,16.7762902520451,8.24868107,47.69813538,NA,33.2,3.8648923065642,FALSE,FALSE,FALSE,FALSE,FALSE,FALSE,TRUE,TRUE,TRUE,FALSE,FALSE,FALSE,FALSE,FALSE,FALSE,FALSE,FALSE
"NG4BFL","northcentral",160.76,117.42,840,48.4668326026175,22.1329678793912,"NGA",2003,4.84668326026175,6.63776739742963,29,-11,25.1888795827324,45.2899712382761,3.994195558594,2.86665735071058,44.7670772251008,99.2333881210336,32.0805352534032,20.0743859416186,6.02894405072695,29.6128257372395,18.6952217851339,30.2066765357434,10.2054915026162,45.233282735108,5.05360985,37.91439438,NA,52.2,3.63533083892761,FALSE,FALSE,FALSE,FALSE,FALSE,FALSE,FALSE,FALSE,FALSE,FALSE,FALSE,FALSE,FALSE,FALSE,FALSE,FALSE,FALSE
"NG4BFL","northeast",244.15,188.49,1401,39.0547552429718,25.9321518983589,"NGA",2003,3.90547552429718,6.63776739742963,29,-11,10.1234581068037,17.1947874603859,1.93479464061678,2.28093325659382,22.6416255203789,99.5892914825582,43.3820084760313,32.8728722405837,7.85421002194391,36.6585899032746,17.3483317502677,22.3135942991292,5.16708302930597,32.8599376441211,5.05360985,37.91439438,NA,52.2,3.63533083892761,FALSE,FALSE,FALSE,FALSE,FALSE,FALSE,FALSE,FALSE,FALSE,FALSE,FALSE,FALSE,FALSE,FALSE,FALSE,FALSE,FALSE
"NG4BFL","northwest",238.79,189.02,2075,40.3347783251924,25.786353198126,"NGA",2003,4.03347783251924,6.63776739742963,29,-11,6.01874296951862,10.4958948714136,1.74350435641299,2.61473427350075,15.690139862719,97.3979525269273,55.893996155937,43.0259685534145,12.4225558793597,34.1008420739823,17.4041480476402,34.5523600981624,5.7982389472171,42.6854274780533,5.05360985,37.91439438,NA,52.2,3.63533083892761,FALSE,FALSE,FALSE,FALSE,FALSE,FALSE,FALSE,FALSE,FALSE,FALSE,FALSE,FALSE,FALSE,FALSE,FALSE,FALSE,FALSE
"NG4BFL","southeast",89.32,56.04,353,55.9914904779109,41.5801619981205,"NGA",2003,5.59914904779109,6.63776739742963,29,-11,63.8894587275441,85.9731265625611,7.69080148787037,3.83440660617623,64.3398059388949,96.4628057188578,19.5961326035923,8.36851952171923,4.69715551043151,39.092533401953,20.477881684305,73.0893259633335,40.2861726213168,69.0045214680443,5.05360985,37.91439438,NA,52.2,3.63533083892761,FALSE,FALSE,FALSE,FALSE,FALSE,FALSE,FALSE,FALSE,FALSE,FALSE,FALSE,FALSE,FALSE,FALSE,FALSE,FALSE,FALSE
"NG4BFL","southsouth",174.26,119.36,771,57.7163485976872,23.9576316333991,"NGA",2003,5.77163485976872,6.63776739742963,29,-11,35.5882592603141,52.5948963420979,7.11235531843352,3.23360554777404,69.8770048579674,100,17.557766207109,17.0955591367471,12.1554667796588,30.1051528075423,18.9854495293945,53.7669086572803,29.9507402115948,56.7345425035462,5.05360985,37.91439438,NA,52.2,3.63533083892761,FALSE,FALSE,FALSE,FALSE,FALSE,FALSE,FALSE,FALSE,FALSE,FALSE,FALSE,FALSE,FALSE,FALSE,FALSE,FALSE,FALSE
"NG4BFL","southwest",97.34,66.17,488,33.1327107844496,68.346477232698,"NGA",2003,3.31327107844496,6.63776739742963,29,-11,67.84744598788,77.0490587241292,7.73086014500237,4.06818378910365,73.4719551761463,100,24.6956424280323,18.9530394130158,9.06380471769978,23.0738682241374,21.1130199043275,59.1657349562971,30.7408427652592,81.5505380930745,5.05360985,37.91439438,NA,52.2,3.63533083892761,FALSE,FALSE,FALSE,FALSE,FALSE,FALSE,FALSE,FALSE,FALSE,FALSE,FALSE,FALSE,FALSE,FALSE,FALSE,FALSE,FALSE
"NG53FL","northcentral",132.5,95.56,3751,53.4029464145502,23.7161257599282,"NGA",2008,5.34029464145502,7.67513080519696,53,-6,43.7377654252241,41.1096104073286,4.58789900538208,2.75371321117925,52.0547514167553,21.487461458316,39.1482791917597,23.6177577391416,8.62308713776395,28.9382489842496,19.0952157554131,48.1891340885698,37.5361908239933,32.5538302727065,3.69581532,77.45053101,NA,50.3,4.34963942300464,FALSE,FALSE,FALSE,FALSE,FALSE,FALSE,FALSE,FALSE,FALSE,FALSE,FALSE,FALSE,FALSE,FALSE,FALSE,FALSE,FALSE
"NG53FL","northeast",187.56,144.53,4500,40.0261948403287,24.837837419331,"NGA",2008,4.00261948403287,7.67513080519696,53,-6,12.8895801574691,12.6805080742984,1.88840410381697,1.94848108027855,24.9560573636855,4.64183435810082,44.9581370492713,39.9789384920691,19.725930029989,36.913568409844,17.8082887280141,32.4946649529398,34.3211266440723,23.5783066014379,3.69581532,77.45053101,NA,50.3,4.34963942300464,FALSE,FALSE,FALSE,FALSE,FALSE,FALSE,FALSE,FALSE,FALSE,FALSE,FALSE,FALSE,FALSE,FALSE,FALSE,FALSE,FALSE
"NG53FL","northwest",201.15,161.81,8567,44.0669968902338,18.4487150361747,"NGA",2008,4.40669968902338,7.67513080519696,53,-6,9.53821275569983,8.55531037754933,1.66716063062768,2.2436588522994,19.7190226549898,8.28479424271259,49.0933199316204,39.9133735249162,17.8384832478231,36.0650955224545,17.8628121220013,49.2954582614326,61.0975335696182,36.1724696052345,3.69581532,77.45053101,NA,50.3,4.34963942300464,FALSE,FALSE,FALSE,FALSE,FALSE,FALSE,FALSE,FALSE,FALSE,FALSE,FALSE,FALSE,FALSE,FALSE,FALSE,FALSE,FALSE
"NG53FL","southeast",141.49,96.99,2537,54.0158468452902,40.0780866177655,"NGA",2008,5.40158468452902,7.67513080519696,53,-6,67.2361349313312,70.1884662953204,8.23743692115107,3.61214812631804,64.0709329975335,13.4720361943312,17.4865359815374,11.9999339261691,7.45436552986076,37.4596025411693,21.5188046156704,68.2270805237771,62.1585176288931,63.5308586792483,3.69581532,77.45053101,NA,50.3,4.34963942300464,FALSE,FALSE,FALSE,FALSE,FALSE,FALSE,FALSE,FALSE,FALSE,FALSE,FALSE,FALSE,FALSE,FALSE,FALSE,FALSE,FALSE
"NG53FL","southsouth",133.08,86.84,3387,49.9704586815819,25.1911960316386,"NGA",2008,4.99704586815819,7.67513080519696,53,-6,54.8649506416461,47.2227978166444,8.03316546301007,3.51301873917421,55.7192358473523,17.4670779188665,26.2407205172573,14.7443819318253,5.6785245818682,31.4777583485863,19.863878205174,57.2925063988357,49.567961023818,56.0008456561133,3.69581532,77.45053101,NA,50.3,4.34963942300464,FALSE,FALSE,FALSE,FALSE,FALSE,FALSE,FALSE,FALSE,FALSE,FALSE,FALSE,FALSE,FALSE,FALSE,FALSE,FALSE,FALSE
"NG53FL","southwest",83.35,50.49,4186,37.7649599194704,52.6361446611118,"NGA",2008,3.77649599194704,7.67513080519696,53,-6,67.4207390886018,69.0281360814281,8.27771149396347,3.99146809800338,65.5035843137961,22.4235047385121,26.6148813973469,17.1884123063936,8.3698595964805,22.141227748486,21.4736194263667,78.066774730852,60.6493046322743,73.7611506927445,3.69581532,77.45053101,NA,50.3,4.34963942300464,FALSE,FALSE,FALSE,FALSE,FALSE,FALSE,FALSE,FALSE,FALSE,FALSE,FALSE,FALSE,FALSE,FALSE,FALSE,FALSE,FALSE
"NG61FL","northcentral",129.69,74.82,890,39.640883628018,19.0776307243485,"NGA",2010,3.9640883628018,7.69723789975703,56,-4,54.3437279327209,49.1349976807684,4.19081316934608,2.77418146773765,54.8939354266029,30.6732710133276,25.9867767473358,18.7832864986275,8.71302276169134,29.1342050936628,18.6456149557058,39.3467769516949,32.6596644471357,33.9814520101291,3.29653287,73.008255,NA,48,4.29057251694686,TRUE,TRUE,TRUE,FALSE,FALSE,TRUE,TRUE,TRUE,TRUE,FALSE,FALSE,FALSE,FALSE,FALSE,FALSE,FALSE,FALSE
"NG61FL","northeast",177.6,115.98,982,31.4870307462782,24.6405029929302,"NGA",2010,3.14870307462782,7.69723789975703,56,-4,54.3437279327209,49.1349976807684,1.51157831360659,1.89278665759114,54.8939354266029,30.6732710133276,25.9867767473358,18.7832864986275,8.71302276169134,36.9820618263598,17.9318421427688,54.4251476335661,24.0269053323293,21.2320078621141,3.29653287,73.008255,NA,48,4.29057251694686,TRUE,TRUE,TRUE,FALSE,FALSE,TRUE,TRUE,TRUE,TRUE,FALSE,FALSE,FALSE,FALSE,FALSE,FALSE,FALSE,FALSE
"NG61FL","northwest",173.61,131.87,1806,41.4501928276901,14.3963192028227,"NGA",2010,4.14501928276901,7.69723789975703,56,-4,54.3437279327209,49.1349976807684,1.19929457497331,2.37670504277165,54.8939354266029,30.6732710133276,25.9867767473358,18.7832864986275,8.71302276169134,38.2935938750161,18.4195178075171,47.4250995653822,55.7567888855528,35.4192526075876,3.29653287,73.008255,NA,48,4.29057251694686,TRUE,TRUE,TRUE,FALSE,FALSE,TRUE,TRUE,TRUE,TRUE,FALSE,FALSE,FALSE,FALSE,FALSE,FALSE,FALSE,FALSE
"NG61FL","southeast",125.31,95.98,437,28.8899839106129,42.8309337351576,"NGA",2010,2.88899839106129,7.69723789975703,56,-4,54.3437279327209,49.1349976807684,9.20999775009123,4.02023015164438,54.8939354266029,30.6732710133276,25.9867767473358,18.7832864986275,8.71302276169134,39.6269043310008,21.3949249505311,76.3966231270666,48.9146827669879,68.5360128114483,3.29653287,73.008255,NA,48,4.29057251694686,TRUE,TRUE,TRUE,FALSE,FALSE,TRUE,TRUE,TRUE,TRUE,FALSE,FALSE,FALSE,FALSE,FALSE,FALSE,FALSE,FALSE
"NG61FL","southsouth",105.25,75.1,705,29.9239956704986,22.1932099469291,"NGA",2010,2.99239956704986,7.69723789975703,56,-4,54.3437279327209,49.1349976807684,8.34323008683572,3.86501562191995,54.8939354266029,30.6732710133276,25.9867767473358,18.7832864986275,8.71302276169134,31.6470120612289,20.1258059537289,68.9130255280533,34.2372032557084,64.0889921798525,3.29653287,73.008255,NA,48,4.29057251694686,TRUE,TRUE,TRUE,FALSE,FALSE,TRUE,TRUE,TRUE,TRUE,FALSE,FALSE,FALSE,FALSE,FALSE,FALSE,FALSE,FALSE
"NG61FL","southwest",89.97,64.89,799,32.1203929229572,35.6084202268115,"NGA",2010,3.21203929229572,7.69723789975703,56,-4,54.3437279327209,49.1349976807684,6.88297925690529,3.76258169653661,54.8939354266029,30.6732710133276,25.9867767473358,18.7832864986275,8.71302276169134,25.4974495362014,20.1012509651187,63.5337071282162,48.20405994982,65.5766065921956,3.29653287,73.008255,NA,48,4.29057251694686,TRUE,TRUE,TRUE,FALSE,FALSE,TRUE,TRUE,TRUE,TRUE,FALSE,FALSE,FALSE,FALSE,FALSE,FALSE,FALSE,FALSE
"NG6AFL","northcentral",90.16,56.17,4201,28.8393813305624,21.7041033544885,"NGA",2013,2.88393813305624,7.96303925221964,39,-1,44.1243727155925,46.2315305575907,5.25833451474302,3.06833947292673,48.0713457792551,21.2915839558259,25.7328329774143,22.73013692972,11.4719748612266,25.2210400447448,19.6697035568897,55.4202609594801,37.6411184884292,46.302250787088,3.4206934,97.29588318,NA,55.6,4.57775667771102,FALSE,FALSE,FALSE,FALSE,FALSE,FALSE,FALSE,FALSE,FALSE,FALSE,FALSE,FALSE,FALSE,FALSE,FALSE,FALSE,FALSE
"NG6AFL","northeast",142.26,104.87,5483,25.5010796904892,23.1346239098344,"NGA",2013,2.55010796904892,7.96303925221964,39,-1,21.4343655722391,19.733244967373,2.47079017829864,2.14353399618037,26.9767421409208,16.3455111469651,37.5189349351274,35.7437935911063,16.8677404448466,34.521717289012,18.2690484225043,49.038151969354,43.7008122170615,30.0971603997874,3.4206934,97.29588318,NA,55.6,4.57775667771102,FALSE,FALSE,FALSE,FALSE,FALSE,FALSE,FALSE,FALSE,FALSE,FALSE,FALSE,FALSE,FALSE,FALSE,FALSE,FALSE,FALSE
"NG6AFL","northwest",163.92,123.74,11835,46.0621676654832,24.1551580092885,"NGA",2013,4.60621676654832,7.96303925221964,39,-1,14.0189278462561,11.6263672475044,1.96972478039039,2.19209361183492,22.3570814703854,4.91113612721507,51.2382015300848,53.0605162974703,24.8316211828463,32.8528756741283,17.7650456730692,56.5352860899616,57.797337574317,40.7244618413168,3.4206934,97.29588318,NA,55.6,4.57775667771102,FALSE,FALSE,FALSE,FALSE,FALSE,FALSE,FALSE,FALSE,FALSE,FALSE,FALSE,FALSE,FALSE,FALSE,FALSE,FALSE,FALSE
"NG6AFL","southeast",121.48,84.95,2688,21.8333161022388,68.9341962519,"NGA",2013,2.18333161022388,7.96303925221964,39,-1,81.1560373548826,79.3822539206225,8.72288305148411,3.55567429644205,72.3273924734781,22.9694391293113,11.9585105480307,14.4580276166437,10.9611033515261,32.6742937983306,21.3653043944134,70.5549208884009,55.7899956716812,62.6128366550496,3.4206934,97.29588318,NA,55.6,4.57775667771102,FALSE,FALSE,FALSE,FALSE,FALSE,FALSE,FALSE,FALSE,FALSE,FALSE,FALSE,FALSE,FALSE,FALSE,FALSE,FALSE,FALSE
"NG6AFL","southsouth",81.56,51.08,2843,30.3861228194799,32.3639864211046,"NGA",2013,3.03861228194799,7.96303925221964,39,-1,70.0058960675074,50.6389193609876,8.78742620976731,3.83795374079296,74.179003131366,22.0214584673122,14.9722791071534,15.5139365171914,11.0805095437136,28.0764112326155,20.3288345233592,72.7810198369698,53.5246445992112,68.1492337355803,3.4206934,97.29588318,NA,55.6,4.57775667771102,FALSE,FALSE,FALSE,FALSE,FALSE,FALSE,FALSE,FALSE,FALSE,FALSE,FALSE,FALSE,FALSE,FALSE,FALSE,FALSE,FALSE
"NG6AFL","southwest",80.51,42.92,4102,24.8500373705098,70.5316444563692,"NGA",2013,2.48500373705098,7.96303925221964,39,-1,65.8212817497384,75.4397377831873,9.10990964524675,4.21000696698802,62.5302665432672,40.9094967947647,17.2094642955901,18.6135335842393,9.58585130530434,21.6117237713638,21.636183453222,85.2546558903638,64.3198829656514,81.3545560260767,3.4206934,97.29588318,NA,55.6,4.57775667771102,FALSE,FALSE,FALSE,FALSE,FALSE,FALSE,FALSE,FALSE,FALSE,FALSE,FALSE,FALSE,FALSE,FALSE,FALSE,FALSE,FALSE
"NG7BFL","northcentral",102.02,63.34,4398,25.951759454178,30.642473060115,"NGA",2018,2.5951759454178,7.62943133622345,61,4,54.6553601161119,49.211862876758,5.78283456904498,2.92058361636618,53.3850752890449,36.0263521627203,22.5859450781268,18.2696092137984,4.89606806495063,25.424882112794,19.6237502582043,68.2525545398423,43.4296979168511,53.6034319461555,3.09069347,63.60244751,NA,56.5,4.15265195246727,FALSE,FALSE,FALSE,FALSE,FALSE,FALSE,FALSE,FALSE,FALSE,FALSE,FALSE,FALSE,FALSE,FALSE,FALSE,FALSE,FALSE
"NG7BFL","northeast",134.76,96.68,6097,23.7074689756568,24.394433263769,"NGA",2018,2.37074689756568,7.62943133622345,61,4,38.3708573811148,25.3827017249939,2.96489147263652,2.18650620456596,43.7204042481506,24.6837453992011,42.7459937104204,35.101763960353,8.80295838561874,33.6479283461122,18.2047347651704,53.7529728693778,51.2420597866147,35.6472489174123,3.09069347,63.60244751,NA,56.5,4.15265195246727,FALSE,FALSE,FALSE,FALSE,FALSE,FALSE,FALSE,FALSE,FALSE,FALSE,FALSE,FALSE,FALSE,FALSE,FALSE,FALSE,FALSE
"NG7BFL","northwest",190.38,143.21,12300,32.6214685724696,26.5217623363743,"NGA",2018,3.26214685724696,7.62943133622345,61,4,30.2503687325987,15.5655339421478,2.43556669599334,2.3269230866294,38.7863483364158,20.3961582920203,51.2861694612524,39.5586137087396,7.08715605407035,34.5021762970541,17.8152800922603,58.0223247657599,41.3912054674386,44.607565802897,3.09069347,63.60244751,NA,56.5,4.15265195246727,FALSE,FALSE,FALSE,FALSE,FALSE,FALSE,FALSE,FALSE,FALSE,FALSE,FALSE,FALSE,FALSE,FALSE,FALSE,FALSE,FALSE
"NG7BFL","southeast",78.55,49.17,3265,18.0103349503281,70.817215498551,"NGA",2018,1.80103349503281,7.62943133622345,61,4,83.6273573383668,81.8047542676824,9.66917712524441,3.64886033615728,74.205935056846,31.4150210038305,14.2967486211731,12.5113442746006,3.97027016256109,33.4178404742832,22.415173377795,81.0845355523693,60.5654699765885,61.5314574913617,3.09069347,63.60244751,NA,56.5,4.15265195246727,FALSE,FALSE,FALSE,FALSE,FALSE,FALSE,FALSE,FALSE,FALSE,FALSE,FALSE,FALSE,FALSE,FALSE,FALSE,FALSE,FALSE
"NG7BFL","southsouth",76.11,48.54,2821,23.5894204884887,37.0354375984542,"NGA",2018,2.35894204884887,7.62943133622345,61,4,70.6853633246914,50.1972561583301,9.75502566765817,3.78203990136777,69.9757740386019,32.1707326691429,14.8988400826301,16.3971909200194,4.6326837808169,28.2572542703615,21.2007405104916,80.47137739703,62.8995314619089,71.5098393478352,3.09069347,63.60244751,NA,56.5,4.15265195246727,FALSE,FALSE,FALSE,FALSE,FALSE,FALSE,FALSE,FALSE,FALSE,FALSE,FALSE,FALSE,FALSE,FALSE,FALSE,FALSE,FALSE
"NG7BFL","southwest",68.26,33.63,4286,26.9625981820595,76.8336139998185,"NGA",2018,2.69625981820595,7.62943133622345,61,4,74.1417291888186,76.3195994796491,9.78772844688163,4.10905607318201,74.482581467878,60.5831140567645,17.677019626545,17.7479616548912,4.36591853838378,21.4621128414921,22.1840681622929,90.7243585556987,71.1487600917923,83.4821583157136,3.09069347,63.60244751,NA,56.5,4.15265195246727,FALSE,FALSE,FALSE,FALSE,FALSE,FALSE,FALSE,FALSE,FALSE,FALSE,FALSE,FALSE,FALSE,FALSE,FALSE,FALSE,FALSE
"NG8BFL","northcentral",74.41,41.7,4726,26.3983843309931,33.4348453487339,"NGA",2024,2.63983843309931,6.98856115818211,67,10,48.4563834373942,49.0581324847789,6.15412262354498,2.96172569014001,43.3017005104852,43.851793743604,25.9867767473358,18.7832864986275,8.71302276169134,26.7811219319346,20.6224132153434,63.7224637449442,54.5221179970169,49.506973667689,4.19086456,66.82009125,NA,62.5,4.20200380253678,FALSE,FALSE,FALSE,FALSE,FALSE,FALSE,TRUE,TRUE,TRUE,FALSE,FALSE,FALSE,FALSE,FALSE,FALSE,FALSE,FALSE
"NG8BFL","northeast",134.76,91.79,5661,23.7684037291835,37.0535295160593,"NGA",2024,2.37684037291835,6.98856115818211,67,10,54.0320957493299,36.2341983055089,3.49918139927554,2.13974343998232,54.0686350058536,40.7059366202475,25.9867767473358,18.7832864986275,8.71302276169134,32.8629065486745,19.1428319415329,65.3893611706294,50.145503699644,32.4247806584542,4.19086456,66.82009125,NA,62.5,4.20200380253678,FALSE,FALSE,FALSE,FALSE,FALSE,FALSE,TRUE,TRUE,TRUE,FALSE,FALSE,FALSE,FALSE,FALSE,FALSE,FALSE,FALSE
"NG8BFL","northwest",144.3,94.59,11035,24.8490135452783,26.0954873631828,"NGA",2024,2.48490135452783,6.98856115818211,67,10,40.5429728954247,21.5143537909349,3.40923963882269,2.39730531181688,37.5286602373752,19.0158081525045,25.9867767473358,18.7832864986275,8.71302276169134,33.1363116678529,18.7777223021242,67.9216490478844,65.6057690833208,34.6324039949603,4.19086456,66.82009125,NA,62.5,4.20200380253678,FALSE,FALSE,FALSE,FALSE,FALSE,FALSE,TRUE,TRUE,TRUE,FALSE,FALSE,FALSE,FALSE,FALSE,FALSE,FALSE,FALSE
"NG8BFL","southeast",71.11,37.47,2017,25.5315008073177,40.5493740274251,"NGA",2024,2.55315008073177,6.98856115818211,67,10,79.1179353614427,86.4203513700786,10.4548425105446,3.65297740156746,75.2636203569917,29.9315210228248,25.9867767473358,18.7832864986275,8.71302276169134,36.0004017996531,22.785888953699,82.1085559171613,64.5074806487845,65.4453259997763,4.19086456,66.82009125,NA,62.5,4.20200380253678,FALSE,FALSE,FALSE,FALSE,FALSE,FALSE,TRUE,TRUE,TRUE,FALSE,FALSE,FALSE,FALSE,FALSE,FALSE,FALSE,FALSE
"NG8BFL","southsouth",55.2,28.18,2159,26.9048486189166,72.230754951276,"NGA",2024,2.69048486189166,6.98856115818211,67,10,80.1431779643764,65.7730146847933,10.7688314335707,3.99491949900055,77.4295230602481,31.8990748791042,25.9867767473358,18.7832864986275,8.71302276169134,26.6522577523161,22.1124386467606,85.4716682957147,73.2605307302552,73.3738225049611,4.19086456,66.82009125,NA,62.5,4.20200380253678,FALSE,FALSE,FALSE,FALSE,FALSE,FALSE,TRUE,TRUE,TRUE,FALSE,FALSE,FALSE,FALSE,FALSE,FALSE,FALSE,FALSE
"NG8BFL","southwest",52.27,19.95,2776,21.8418441781379,83.6139058028152,"NGA",2024,2.18418441781379,6.98856115818211,67,10,73.5779890346143,82.2038851585688,10.9121462019433,4.32535640621267,71.1539222863015,48.7887093569012,25.9867767473358,18.7832864986275,8.71302276169134,19.8046369094074,23.0983041199304,95.2664997101495,83.826675512386,83.653095093993,4.19086456,66.82009125,NA,62.5,4.20200380253678,FALSE,FALSE,FALSE,FALSE,FALSE,FALSE,TRUE,TRUE,TRUE,FALSE,FALSE,FALSE,FALSE,FALSE,FALSE,FALSE,FALSE
"NI51FL","agadez",107.64,85.84,214,11.6630342530502,58.1009307656365,"NER",2006,1.16630342530502,5.80917822495162,52,-8,61.5226473688676,42.9881625903442,1.29098209243159,3.69003586208002,68.4783304675426,25.9188642012805,41.6374562340567,29.7896882665553,10.6801432505827,32.9769690569541,18.7686077593662,67.0439331806829,19.0767071250794,26.881560406075,5.99335575,19.9213028,NA,9.3,2.99178965162429,FALSE,FALSE,FALSE,FALSE,FALSE,FALSE,FALSE,FALSE,FALSE,FALSE,FALSE,FALSE,FALSE,FALSE,FALSE,FALSE,FALSE
"NI51FL","diffa",93.77,68.53,240,15.8824000541285,15.8547022537053,"NER",2006,1.58824000541285,5.80917822495162,52,-8,39.5798577981221,12.6245597898826,0.579347018968348,3.27301596038224,55.2178346978261,4.9424076467059,45.2041705922156,45.2975838244292,13.135457982959,38.0746953724396,17.434797872266,56.6387588857905,1.68412816806905,15.7423552095475,5.99335575,19.9213028,NA,9.3,2.99178965162429,FALSE,FALSE,FALSE,FALSE,FALSE,FALSE,FALSE,FALSE,FALSE,FALSE,FALSE,FALSE,FALSE,FALSE,FALSE,FALSE,FALSE
"NI51FL","dosso",201.83,163.28,1371,33.5552497253539,8.67807477642232,"NER",2006,3.35552497253539,5.80917822495162,52,-8,47.3867796637357,15.6837712205804,0.496363939625598,2.74956839925272,58.3454809124705,7.90443264169031,41.6615590940963,37.7031947257498,10.7403362681673,29.9560316937158,17.737700080815,34.8463257441619,5.37550065176111,4.94984857062913,5.99335575,19.9213028,NA,9.3,2.99178965162429,FALSE,FALSE,FALSE,FALSE,FALSE,FALSE,FALSE,FALSE,FALSE,FALSE,FALSE,FALSE,FALSE,FALSE,FALSE,FALSE,FALSE
"NI51FL","maradi",194.23,161.88,2311,28.1753611219303,9.48488257473249,"NER",2006,2.81753611219303,5.80917822495162,52,-8,32.1410254449347,13.4408668983611,0.380402923082296,2.99391370144757,40.7594424844864,2.54758885577814,62.4317661100408,54.495775573565,11.9570243271007,38.3157168256958,17.2338868608189,38.1150793442378,9.07175874745695,4.77933477053466,5.99335575,19.9213028,NA,9.3,2.99178965162429,FALSE,FALSE,FALSE,FALSE,FALSE,FALSE,FALSE,FALSE,FALSE,FALSE,FALSE,FALSE,FALSE,FALSE,FALSE,FALSE,FALSE
"NI51FL","niamey",126.22,99.84,552,29.0721605292416,100,"NER",2006,2.90721605292416,5.80917822495162,52,-8,56.6457815439661,74.3324449073556,3.39201109416855,4.83768124754131,78.0028051700386,14.6369117231256,21.1508598922617,18.7929189726881,6.55228181174199,27.3650097273299,19.44561910925,93.103339058234,44.6013589922171,59.4548412350787,5.99335575,19.9213028,NA,9.3,2.99178965162429,FALSE,FALSE,FALSE,FALSE,FALSE,FALSE,FALSE,FALSE,FALSE,FALSE,FALSE,FALSE,FALSE,FALSE,FALSE,FALSE,FALSE
"NI51FL","tahoua",213.71,179.22,2048,19.3472490177401,10.0370408636619,"NER",2006,1.93472490177401,5.80917822495162,52,-8,47.771075571875,13.7794216329863,0.432434793267881,2.70006727912635,49.7794465274733,25.025296583253,46.5226645976807,41.9862269264725,10.9184613503524,32.0505218670485,18.0932437195413,32.9874774210815,5.40839249912661,5.26003133019641,5.99335575,19.9213028,NA,9.3,2.99178965162429,FALSE,FALSE,FALSE,FALSE,FALSE,FALSE,FALSE,FALSE,FALSE,FALSE,FALSE,FALSE,FALSE,FALSE,FALSE,FALSE,FALSE
"NI51FL","tillaberi",181.62,161.64,1404,27.6260680687874,2.72875045837894,"NER",2006,2.76260680687874,5.80917822495162,52,-8,45.5690469193347,10.9493987638964,0.523041107693944,2.73837470299434,53.5426704384306,21.4443861490846,47.4384462511588,41.0114491506131,8.64533834391149,30.2345463921111,18.300729563101,23.0200781350559,1.92568531053791,2.07658757589345,5.99335575,19.9213028,NA,9.3,2.99178965162429,FALSE,FALSE,FALSE,FALSE,FALSE,FALSE,FALSE,FALSE,FALSE,FALSE,FALSE,FALSE,FALSE,FALSE,FALSE,FALSE,FALSE
"NI51FL","zinder",235.65,192.74,2034,22.382084758236,10.3086748846712,"NER",2006,2.2382084758236,5.80917822495162,52,-8,22.0117997635747,11.5928281686286,0.595310640038362,2.89219166031484,25.4710408724897,10.7427541186655,58.7625676639286,52.4591804840401,11.5427065782257,38.4407955956998,17.0904151636999,41.8485008603728,4.45282207674119,5.16508278495355,5.99335575,19.9213028,NA,9.3,2.99178965162429,FALSE,FALSE,FALSE,FALSE,FALSE,FALSE,FALSE,FALSE,FALSE,FALSE,FALSE,FALSE,FALSE,FALSE,FALSE,FALSE,FALSE
"NI61FL","agadez",51.37,34.19,194,9.01863507700151,48.2143034388249,"NER",2012,0.901863507700151,6.2700619242754,73,-2,78.2078671002523,14.5720173612511,1.66431291592975,3.64031974590282,76.8986826879285,23.660530692949,37.4401233952638,27.3831915681633,10.900504136418,34.0477154088302,19.2469687180543,72.9219374424051,50.2803677527555,37.9635089373351,4.30732679,22.71487427,NA,14.4,3.12301996408709,FALSE,FALSE,FALSE,FALSE,FALSE,FALSE,FALSE,FALSE,FALSE,FALSE,FALSE,FALSE,FALSE,FALSE,FALSE,FALSE,FALSE
"NI61FL","diffa",33.13,27.17,366,11.9532146578233,12.0680778778498,"NER",2012,1.19532146578233,6.2700619242754,73,-2,52.433655866426,2.73583624436057,0.569247916580202,3.37049001226121,58.9972475650471,16.5785529353367,49.638125452082,66.6906029746274,36.3752903293229,32.0790010659478,18.0566312202019,72.6602781456157,21.9515483915216,33.0314147939756,4.30732679,22.71487427,NA,14.4,3.12301996408709,FALSE,FALSE,FALSE,FALSE,FALSE,FALSE,FALSE,FALSE,FALSE,FALSE,FALSE,FALSE,FALSE,FALSE,FALSE,FALSE,FALSE
"NI61FL","dosso",164.09,130.5,1592,39.8040604316249,7.59689922844427,"NER",2012,3.98040604316249,6.2700619242754,73,-2,79.5336652221403,10.8622979458482,0.806716948204809,2.99369117213341,74.7441885902972,7.47825726240876,29.0874886653584,36.4943310567369,12.0156178680371,31.1275649104813,18.610042755062,45.3579066840261,12.0450213659043,7.06757701711208,4.30732679,22.71487427,NA,14.4,3.12301996408709,FALSE,FALSE,FALSE,FALSE,FALSE,FALSE,FALSE,FALSE,FALSE,FALSE,FALSE,FALSE,FALSE,FALSE,FALSE,FALSE,FALSE
"NI61FL","maradi",121.27,93.58,3155,36.7011655469231,8.03730463867846,"NER",2012,3.67011655469231,6.2700619242754,73,-2,68.4665343818851,9.64303993510726,0.539330739606448,3.03056221875564,69.0169797944795,36.1477894804486,46.0771363835126,45.5254612655832,15.6215355290443,37.113094800002,17.1912608251472,73.668028665165,19.295224891329,9.66386245484295,4.30732679,22.71487427,NA,14.4,3.12301996408709,FALSE,FALSE,FALSE,FALSE,FALSE,FALSE,FALSE,FALSE,FALSE,FALSE,FALSE,FALSE,FALSE,FALSE,FALSE,FALSE,FALSE
"NI61FL","niamey",74.25,53.7,645,22.5070058113897,100,"NER",2012,2.25070058113897,6.2700619242754,73,-2,87.7270670704298,47.340943933163,3.96259746683335,4.91436082971396,79.9798505538505,24.2817749269361,15.1154814464866,18.0334840536159,9.38214315269433,26.9763888337294,19.9637122453775,96.7042257056544,82.567583779929,71.4974866968466,4.30732679,22.71487427,NA,14.4,3.12301996408709,FALSE,FALSE,FALSE,FALSE,FALSE,FALSE,FALSE,FALSE,FALSE,FALSE,FALSE,FALSE,FALSE,FALSE,FALSE,FALSE,FALSE
"NI61FL","tahoua",109.63,87.55,2909,29.5740210051713,10.0138933378281,"NER",2012,2.95740210051713,6.2700619242754,73,-2,65.3188960290867,9.25417811120213,0.521105084122758,2.72038876805039,66.1816786135272,22.5057821954306,29.4070974598068,40.6603616635144,17.1110767831006,34.5485188858633,18.2367295413652,56.3268017309632,10.8401431506792,9.12854034893009,4.30732679,22.71487427,NA,14.4,3.12301996408709,FALSE,FALSE,FALSE,FALSE,FALSE,FALSE,FALSE,FALSE,FALSE,FALSE,FALSE,FALSE,FALSE,FALSE,FALSE,FALSE,FALSE
"NI61FL","tillaberi",164.63,133.61,1718,27.9275555748487,3.38890128793649,"NER",2012,2.79275555748487,6.2700619242754,73,-2,73.5463675809567,4.1052554069341,0.855019683415243,2.87943309860093,74.8031318054093,30.9997302976015,29.4212598531126,38.0121309601038,12.6596335590187,29.9790650349595,18.6498319272575,74.2441666468047,7.44104186901238,12.57810537942,4.30732679,22.71487427,NA,14.4,3.12301996408709,FALSE,FALSE,FALSE,FALSE,FALSE,FALSE,FALSE,FALSE,FALSE,FALSE,FALSE,FALSE,FALSE,FALSE,FALSE,FALSE,FALSE
"NI61FL","zinder",138.7,122.13,2809,19.8510265803682,9.37742914905892,"NER",2012,1.98510265803682,6.2700619242754,73,-2,58.6311685042515,6.52016261505597,0.705879655475404,2.79031950719507,61.2460837531368,15.2376391415554,43.1270704469492,46.2175086431249,16.9239638662317,38.2680575359347,17.881690306453,67.1065399639918,13.6513366705443,7.23254982578737,4.30732679,22.71487427,NA,14.4,3.12301996408709,FALSE,FALSE,FALSE,FALSE,FALSE,FALSE,FALSE,FALSE,FALSE,FALSE,FALSE,FALSE,FALSE,FALSE,FALSE,FALSE,FALSE
"NM41FL","caprivi",28.42,24.95,184,1.54362317753434,12.5161253000616,"NAM",2000,0.154362317753434,7.67632338249331,79,-14,75.3795613903359,69.1042535892025,6.73698898853281,2.90823461759698,84.5367941000197,100,19.9352256965972,19.5738789079688,7.43206824097934,15.6247960645339,19.3331590045508,73.5150136599049,3.79625265204445,11.3807447951147,10.04545307,217.55029297,NA,36.5,5.38243005584471,FALSE,FALSE,FALSE,FALSE,TRUE,FALSE,FALSE,FALSE,FALSE,FALSE,FALSE,FALSE,FALSE,FALSE,FALSE,FALSE,FALSE
"NM41FL","erongo",25.3,16.38,187,5.8062174993709,100,"NAM",2000,0.58062174993709,7.67632338249331,79,-14,88.1475913763497,94.6067200365761,8.900250582405,2.90823461759698,91.326958685359,85.2541526590698,6.88390151414599,5.37155653236946,4.1375450941962,18.7636224837782,20.5536819556845,97.2918058318189,97.0735595944649,89.8499024624222,10.04545307,217.55029297,NA,36.5,5.38243005584471,FALSE,FALSE,FALSE,FALSE,TRUE,FALSE,FALSE,FALSE,FALSE,FALSE,FALSE,FALSE,FALSE,FALSE,FALSE,FALSE,FALSE
"NM41FL","kavango",83.03,71.03,327,7.15652980339759,14.1965886060917,"NAM",2000,0.715652980339759,7.67632338249331,79,-14,87.1078015128107,49.2289276953472,5.73014079044034,2.90823461759698,84.7107753644395,97.1315936458467,27.7630189734219,27.9084118451771,9.09509212163741,20.9846578763779,19.044906583192,52.3803635918953,12.7557049124017,17.4118150487075,10.04545307,217.55029297,NA,36.5,5.38243005584471,FALSE,FALSE,FALSE,FALSE,TRUE,FALSE,FALSE,FALSE,FALSE,FALSE,FALSE,FALSE,FALSE,FALSE,FALSE,FALSE,FALSE
"NM41FL","khomas",57.83,38.97,624,6.07900293014174,93.2038129695302,"NAM",2000,0.607900293014173,7.67632338249331,79,-14,88.2845530371585,91.1037284760633,8.45910869919265,2.90823461759698,87.8372766954633,77.159749720398,30.8515965195213,19.9027993508011,5.45648267334606,23.6601147093049,20.0138698031969,91.6415588515512,70.7843204340753,68.0770629163219,10.04545307,217.55029297,NA,36.5,5.38243005584471,FALSE,FALSE,FALSE,FALSE,TRUE,FALSE,FALSE,FALSE,FALSE,FALSE,FALSE,FALSE,FALSE,FALSE,FALSE,FALSE,FALSE
"NM41FL","kunene",65.44,39.83,147,4.67278805123841,27.5157271821546,"NAM",2000,0.467278805123841,7.67632338249331,79,-14,67.3389887511411,60.348774075106,5.14923910620186,2.90823461759698,63.6092871582974,100,18.1437659572816,15.6035873415827,6.81709202654449,27.9096693627102,18.9184615423443,75.5727895799431,36.6625221579214,29.0584453466671,10.04545307,217.55029297,NA,36.5,5.38243005584471,FALSE,FALSE,FALSE,FALSE,TRUE,FALSE,FALSE,FALSE,FALSE,FALSE,FALSE,FALSE,FALSE,FALSE,FALSE,FALSE,FALSE
"NM41FL","ohangwena",40.73,29.77,503,5.83470140483755,0,"NAM",2000,0.583470140483755,7.67632338249331,79,-14,82.1019686984684,58.0304297355892,5.72180674914795,2.90823461759698,77.7172010830262,100,24.0149610165246,33.5110505925722,14.9715822804159,23.2655445988853,20.7919807836517,65.7622287684593,0.691859493511823,0.239107704127991,10.04545307,217.55029297,NA,36.5,5.38243005584471,FALSE,FALSE,FALSE,FALSE,TRUE,FALSE,FALSE,FALSE,FALSE,FALSE,FALSE,FALSE,FALSE,FALSE,FALSE,FALSE,FALSE
"NM41FL","omaheke",73.77,51.22,138,6.61609625827899,17.4140455598199,"NAM",2000,0.661609625827899,7.67632338249331,79,-14,71.1945666510448,55.182132461244,4.23015324301292,2.90823461759698,58.7165836766634,89.4114824082839,27.9079443632482,30.7413481410547,13.7939970497871,34.0866000956153,19.2924757363718,82.5278364358595,21.1780424871164,22.1849390366224,10.04545307,217.55029297,NA,36.5,5.38243005584471,FALSE,FALSE,FALSE,FALSE,TRUE,FALSE,FALSE,FALSE,FALSE,FALSE,FALSE,FALSE,FALSE,FALSE,FALSE,FALSE,FALSE
"NM41FL","omusati",88.33,51.14,373,4.48556387136605,0,"NAM",2000,0.448556387136605,7.67632338249331,79,-14,60.5577463767263,84.1149360139736,6.96920451539011,2.90823461759698,79.2835080649907,94.992672668307,27.6317578905677,27.1941577388152,5.72640691611762,20.2705278812836,21.7559401552072,51.8724489565819,5.41951443665878,0,10.04545307,217.55029297,NA,36.5,5.38243005584471,FALSE,FALSE,FALSE,FALSE,TRUE,FALSE,FALSE,FALSE,FALSE,FALSE,FALSE,FALSE,FALSE,FALSE,FALSE,FALSE,FALSE
"NM41FL","oshana",82.73,51.16,376,4.41982180271581,34.8332613042763,"NAM",2000,0.441982180271581,7.67632338249331,79,-14,91.0604915584177,84.7138412876196,8.10890473423872,2.90823461759698,76.3525787349757,100,14.7072791543656,22.5716473720494,10.7851703151745,25.3004598726877,21.6908734175002,81.6892396169182,27.4227661195722,17.3013675083759,10.04545307,217.55029297,NA,36.5,5.38243005584471,FALSE,FALSE,FALSE,FALSE,TRUE,FALSE,FALSE,FALSE,FALSE,FALSE,FALSE,FALSE,FALSE,FALSE,FALSE,FALSE,FALSE
"NM41FL","oshikoto",102.24,62.54,345,5.94513213749773,18.2793519490228,"NAM",2000,0.594513213749773,7.67632338249331,79,-14,74.5121116243487,77.550165325628,7.07807254494658,2.90823461759698,85.4748833712543,100,21.4192135496194,22.5783798962841,8.16681424974253,22.4549144001682,20.865238737569,69.4094575684488,24.2807242767301,23.0600478059687,10.04545307,217.55029297,NA,36.5,5.38243005584471,FALSE,FALSE,FALSE,FALSE,TRUE,FALSE,FALSE,FALSE,FALSE,FALSE,FALSE,FALSE,FALSE,FALSE,FALSE,FALSE,FALSE
"NM41FL","otjozondjupa",33.2,28.28,386,5.46666127276464,36.031296115987,"NAM",2000,0.546666127276464,7.67632338249331,79,-14,73.1987110071975,76.1189088766901,6.17752806248646,2.90823461759698,73.9473123953198,100,19.5215267913579,17.447014987499,7.73216827735387,31.2381698989658,19.1966858692767,91.4317709551874,53.1156999412931,52.0110299235513,10.04545307,217.55029297,NA,36.5,5.38243005584471,FALSE,FALSE,FALSE,FALSE,TRUE,FALSE,FALSE,FALSE,FALSE,FALSE,FALSE,FALSE,FALSE,FALSE,FALSE,FALSE,FALSE
"NM51FL","caprivi",109.4,62.46,260,1.4047452052137,21.452178091435,"NAM",2006,0.14047452052137,8.29833630712577,86,-8,89.4887207656568,77.2931821718027,7.77923945580573,2.07788359618664,89.4732078722922,42.1797824016848,21.4621904734465,20.1269441447804,4.50754655675307,14.5509490784499,19.2848785288306,86.3067661160834,11.1696244018714,20.7203377701065,11.30290031,437.56240845,NA,40.5,6.08121934351014,FALSE,FALSE,FALSE,FALSE,FALSE,FALSE,FALSE,FALSE,FALSE,FALSE,FALSE,FALSE,FALSE,FALSE,FALSE,FALSE,FALSE
"NM51FL","erongo",70.35,54.41,286,3.81960496203742,88.1302097318998,"NAM",2006,0.381960496203742,8.29833630712577,86,-8,96.4061118337889,91.9233359780632,8.93504200023105,4.24544281765921,84.3746034731303,29.2535401441834,14.9986949408084,8.97255025144659,3.24781363912635,16.6933437288502,20.5550287237152,90.62632794273,80.5126181577254,73.7363985102127,11.30290031,437.56240845,NA,40.5,6.08121934351014,FALSE,FALSE,FALSE,FALSE,FALSE,FALSE,FALSE,FALSE,FALSE,FALSE,FALSE,FALSE,FALSE,FALSE,FALSE,FALSE,FALSE
"NM51FL","kavango",68.52,46.14,560,3.61654443675669,29.0956962950228,"NAM",2006,0.361654443675669,8.29833630712577,86,-8,72.0988942506444,62.6684770052013,5.79594893587856,2.07916996107272,55.0150299525851,9.24506494602102,32.6029057361635,23.1073687089829,6.58603114798948,14.5082642184942,18.9748194538146,69.3887499422846,13.3804597758986,22.609324430705,11.30290031,437.56240845,NA,40.5,6.08121934351014,FALSE,FALSE,FALSE,FALSE,FALSE,FALSE,FALSE,FALSE,FALSE,FALSE,FALSE,FALSE,FALSE,FALSE,FALSE,FALSE,FALSE
"NM51FL","khomas",42.77,18.62,895,3.81463816053779,96.2372563396927,"NAM",2006,0.381463816053779,8.29833630712577,86,-8,87.9088576522895,94.3788777457529,9.85563833791647,4.37476076081276,86.5559094808528,20.2937640935739,20.9690819713277,14.5135260094188,4.71234076002231,19.8628482253768,20.9221985469529,96.3282063502902,83.3219632382973,80.0220403616253,11.30290031,437.56240845,NA,40.5,6.08121934351014,FALSE,FALSE,FALSE,FALSE,FALSE,FALSE,FALSE,FALSE,FALSE,FALSE,FALSE,FALSE,FALSE,FALSE,FALSE,FALSE,FALSE
"NM51FL","kunene",52.4,47.94,180,3.06920915201218,27.1988016110818,"NAM",2006,0.306920915201218,8.29833630712577,86,-8,52.3234942686947,53.1144778235792,5.30353386234154,2.7945315692657,60.8731215370774,11.3572138497956,26.503360387362,22.7034149396527,5.45157326166445,30.9458135907332,19.1378466722559,71.487748616623,27.7924756452489,32.4835305341015,11.30290031,437.56240845,NA,40.5,6.08121934351014,FALSE,FALSE,FALSE,FALSE,FALSE,FALSE,FALSE,FALSE,FALSE,FALSE,FALSE,FALSE,FALSE,FALSE,FALSE,FALSE,FALSE
"NM51FL","ohangwena",86.38,58.53,544,4.96951770577213,3.87861799293566,"NAM",2006,0.496951770577213,8.29833630712577,86,-8,79.3033375429095,71.1664130575482,6.6067932588503,1.92736561906122,91.8412241039385,38.3288066614591,25.8254887728596,25.6051875349632,7.82567573732547,20.5668302217701,20.6819642515173,85.4998047371786,6.34744791515435,6.08436322650796,11.30290031,437.56240845,NA,40.5,6.08121934351014,FALSE,FALSE,FALSE,FALSE,FALSE,FALSE,FALSE,FALSE,FALSE,FALSE,FALSE,FALSE,FALSE,FALSE,FALSE,FALSE,FALSE
"NM51FL","omaheke",52.92,34.83,212,4.49856515288961,27.7727183421666,"NAM",2006,0.449856515288961,8.29833630712577,86,-8,80.6205376895026,77.1804469800378,6.66163172283833,3.18909895216694,89.1372803825218,16.4488461890766,19.4221984789706,19.9582513213747,6.68052395656245,25.6611800176669,19.6507123629952,91.5792865865989,29.0121306680166,25.3414810650857,11.30290031,437.56240845,NA,40.5,6.08121934351014,FALSE,FALSE,FALSE,FALSE,FALSE,FALSE,FALSE,FALSE,FALSE,FALSE,FALSE,FALSE,FALSE,FALSE,FALSE,FALSE,FALSE
"NM51FL","omusati",85.11,56.62,434,4.87470609691307,5.2426153966122,"NAM",2006,0.487470609691307,8.29833630712577,86,-8,91.9165111227296,87.0386664312281,8.00030110646957,2.10672917199744,94.5494215347135,26.344767850667,22.330818894335,23.8449824821328,9.15959512657647,17.7172082714397,21.9214738593731,62.9526584875877,16.683731784851,9.12773249849933,11.30290031,437.56240845,NA,40.5,6.08121934351014,FALSE,FALSE,FALSE,FALSE,FALSE,FALSE,FALSE,FALSE,FALSE,FALSE,FALSE,FALSE,FALSE,FALSE,FALSE,FALSE,FALSE
"NM51FL","oshana",86.48,60.94,359,3.69464320622448,35.5724619479535,"NAM",2006,0.369464320622448,8.29833630712577,86,-8,83.5561877185609,88.6332240036789,8.61743040364697,3.02767582579671,97.6718229799541,45.6205696168869,22.0149814068023,26.2167565615903,6.54351552546685,20.6083027220266,21.2886649437826,94.1840315729467,43.1229656725499,25.4079805617113,11.30290031,437.56240845,NA,40.5,6.08121934351014,FALSE,FALSE,FALSE,FALSE,FALSE,FALSE,FALSE,FALSE,FALSE,FALSE,FALSE,FALSE,FALSE,FALSE,FALSE,FALSE,FALSE
"NM51FL","oshikoto",70.72,50.85,431,4.48176524817514,21.1320117570303,"NAM",2006,0.448176524817514,8.29833630712577,86,-8,89.1149876159263,77.7700766073974,7.06835380953476,2.6341167075022,83.871463680793,33.8903125028446,22.0070341420237,23.730396865689,8.89450402319678,19.1688635218057,20.2552708814082,84.954822960595,38.3021621749412,26.7521710389271,11.30290031,437.56240845,NA,40.5,6.08121934351014,FALSE,FALSE,FALSE,FALSE,FALSE,FALSE,FALSE,FALSE,FALSE,FALSE,FALSE,FALSE,FALSE,FALSE,FALSE,FALSE,FALSE
"NM51FL","otjozondjupa",61.66,47.24,334,3.83624521943936,45.7462328907782,"NAM",2006,0.383624521943936,8.29833630712577,86,-8,84.6725307022225,80.3131209260414,6.90065712614962,3.61678814326218,90.0343767286096,20.1286309119112,25.8389309437746,20.4652881838493,6.90017072047048,24.991996871615,19.7618631682172,95.1277319068921,58.0538225171591,54.9130354397392,11.30290031,437.56240845,NA,40.5,6.08121934351014,FALSE,FALSE,FALSE,FALSE,FALSE,FALSE,FALSE,FALSE,FALSE,FALSE,FALSE,FALSE,FALSE,FALSE,FALSE,FALSE,FALSE
"NM61FL","erongo",47.04,25.26,336,0.516148274118464,91.3760824843757,"NAM",2013,0.0516148274118464,8.58422010982982,89,-1,80.3591309505023,98.1663013625802,9.68694833086803,4.09142708172612,93.2723522406815,26.2156710752422,12.5545898900434,10.6150147802749,5.15528037818861,15.6522120797674,20.8593795840712,97.6425263524691,79.9680062590343,76.0028849227245,10.08887577,539.41345215,NA,47.4,6.29048234949365,FALSE,FALSE,FALSE,FALSE,FALSE,FALSE,FALSE,FALSE,FALSE,FALSE,FALSE,FALSE,FALSE,FALSE,FALSE,FALSE,FALSE
"NM61FL","kavango",89.34,63.25,535,1.05284826416005,28.2418341419969,"NAM",2013,0.105284826416005,8.58422010982982,89,-1,80.6330904795448,72.9863609665456,7.1359869506244,2.10431980358243,88.9848858397746,28.5665892121647,17.6940011341418,16.5041325743107,10.5523689538961,16.6263354512372,18.8345393986161,68.0252991200636,21.553039310341,24.0529453576156,10.08887577,539.41345215,NA,47.4,6.29048234949365,FALSE,FALSE,FALSE,FALSE,FALSE,FALSE,FALSE,FALSE,FALSE,FALSE,FALSE,FALSE,FALSE,FALSE,FALSE,FALSE,FALSE
"NM61FL","khomas",37.33,20.13,825,0.43022786007015,97.7068845309119,"NAM",2013,0.043022786007015,8.58422010982982,89,-1,67.6417743218605,95.8341873045893,10.5678832592265,3.99336609874343,75.0663689216027,42.0719349091852,7.68350160017163,14.6676031637726,5.98413786271114,14.7342258374911,21.579660095029,97.6143502776258,79.2132294730314,70.3787059116687,10.08887577,539.41345215,NA,47.4,6.29048234949365,FALSE,FALSE,FALSE,FALSE,FALSE,FALSE,FALSE,FALSE,FALSE,FALSE,FALSE,FALSE,FALSE,FALSE,FALSE,FALSE,FALSE
"NM61FL","kunene",50.58,21.14,172,0.422218696573224,34.5765966420525,"NAM",2013,0.0422218696573224,8.58422010982982,89,-1,78.6537147452515,72.5646034876376,6.41343294191395,2.90823461759698,88.2416184236233,48.3378618295939,17.3972972868719,18.4346679272392,5.69124039102733,22.5402264097469,19.3849595727838,84.8663605982815,34.8291127211257,51.0011550818372,10.08887577,539.41345215,NA,47.4,6.29048234949365,FALSE,FALSE,FALSE,FALSE,FALSE,FALSE,FALSE,FALSE,FALSE,FALSE,FALSE,FALSE,FALSE,FALSE,FALSE,FALSE,FALSE
"NM61FL","ohangwena",67.07,49.53,536,0.306422079486097,13.0992695395582,"NAM",2013,0.0306422079486097,8.58422010982982,89,-1,92.635846598473,85.907178412833,7.66731808289473,1.98893532572329,95.7078914849267,76.7651980767401,25.4234961226835,21.7876304942813,5.56119994883615,20.6481463210052,20.2506285179275,65.5011491339305,14.6895691158645,14.7239147607025,10.08887577,539.41345215,NA,47.4,6.29048234949365,FALSE,FALSE,FALSE,FALSE,FALSE,FALSE,FALSE,FALSE,FALSE,FALSE,FALSE,FALSE,FALSE,FALSE,FALSE,FALSE,FALSE
"NM61FL","omaheke",54.78,27.19,141,0.466425409324418,42.2082986731393,"NAM",2013,0.0466425409324418,8.58422010982982,89,-1,87.9268070516286,75.7272692096214,6.87365129455759,2.9908765874636,87.2572126123105,33.398946283508,23.8407321713025,25.0721898763644,11.0868303195652,26.396060021906,19.9042920220842,93.8684038591915,42.3540877107647,37.8459426472348,10.08887577,539.41345215,NA,47.4,6.29048234949365,FALSE,FALSE,FALSE,FALSE,FALSE,FALSE,FALSE,FALSE,FALSE,FALSE,FALSE,FALSE,FALSE,FALSE,FALSE,FALSE,FALSE
"NM61FL","omusati",41.26,30.96,412,0.307889056486733,6.94872467514015,"NAM",2013,0.0307889056486733,8.58422010982982,89,-1,93.0143240722464,85.6407998978439,8.04814529408889,2.39616249470609,91.7311449655498,49.2475579263809,19.7519264478708,21.0614501574404,8.64509553708683,14.5732838548631,21.5643290174913,64.0980263000653,17.0968819558342,11.658875228382,10.08887577,539.41345215,NA,47.4,6.29048234949365,FALSE,FALSE,FALSE,FALSE,FALSE,FALSE,FALSE,FALSE,FALSE,FALSE,FALSE,FALSE,FALSE,FALSE,FALSE,FALSE,FALSE
"NM61FL","oshana",38.19,21.16,285,0.293071840981351,53.7225258425164,"NAM",2013,0.0293071840981351,8.58422010982982,89,-1,80.9278603101908,94.5140928293774,9.74709429499886,3.11060271736927,89.8057631067062,70.0052567198497,11.8268171043009,10.8792572878464,9.67779950087526,13.3650629967141,21.5462702350229,90.932764720111,48.2704054416137,34.5561443304128,10.08887577,539.41345215,NA,47.4,6.29048234949365,FALSE,FALSE,FALSE,FALSE,FALSE,FALSE,FALSE,FALSE,FALSE,FALSE,FALSE,FALSE,FALSE,FALSE,FALSE,FALSE,FALSE
"NM61FL","oshikoto",62.24,33.76,354,0.393955679988916,15.4910305417211,"NAM",2013,0.0393955679988916,8.58422010982982,89,-1,90.8078213926432,89.774294210304,8.57147454308262,2.61011677382351,98.7250643475281,50.447495280611,21.5707612048392,26.421333418958,9.61276746735107,18.3831056707528,20.6758026652475,82.0386864055083,30.7079114032671,28.2565001374968,10.08887577,539.41345215,NA,47.4,6.29048234949365,FALSE,FALSE,FALSE,FALSE,FALSE,FALSE,FALSE,FALSE,FALSE,FALSE,FALSE,FALSE,FALSE,FALSE,FALSE,FALSE,FALSE
"NM61FL","otjozondjupa",44.99,32.8,287,0.482195960603876,66.48383138582,"NAM",2013,0.0482195960603876,8.58422010982982,89,-1,93.5291366582775,86.2946531667483,7.99640587318712,3.52938775979148,90.893133178546,49.3092460693297,17.0773361947202,9.37749586311798,5.4744327949364,20.0683517330002,20.2185540390609,97.2505186776743,61.807475112951,73.513024777661,10.08887577,539.41345215,NA,47.4,6.29048234949365,FALSE,FALSE,FALSE,FALSE,FALSE,FALSE,FALSE,FALSE,FALSE,FALSE,FALSE,FALSE,FALSE,FALSE,FALSE,FALSE,FALSE
"RW41FL","butare",181.48,144.67,567,16.38306779026,4.21455870730096,"RWA",2000,1.638306779026,5.52891015868841,90,-14,95.1119271747711,23.4247058443192,3.40237258604415,2.74518841721467,90.2238543495423,100,46.6780717938974,31.8904245966875,8.15475179238242,29.9081073985727,22.2387556072309,31.5298501721262,4.89387677542995,2.23377295864456,3.57583427,9.00399399,NA,6.2,2.19766825556314,FALSE,FALSE,FALSE,FALSE,TRUE,FALSE,FALSE,FALSE,FALSE,FALSE,FALSE,FALSE,FALSE,FALSE,FALSE,FALSE,FALSE
"RW41FL","byumba",256.77,210.24,733,28.229183226719,7.02979515828657,"RWA",2000,2.8229183226719,5.52891015868841,90,-14,84.9557522123894,17.7611940298509,2.72525252525254,2.74518841721467,83.9285714285714,100,47.6288659793816,26.5979381443301,7.20164609053503,34.6480582524272,20.6955645161292,46.1065573770493,3.90143737166327,2.46406570841891,3.57583427,9.00399399,NA,6.2,2.19766825556314,FALSE,FALSE,FALSE,FALSE,TRUE,FALSE,FALSE,FALSE,FALSE,FALSE,FALSE,FALSE,FALSE,FALSE,FALSE,FALSE,FALSE
"RW41FL","cyangugu",142.54,112.12,575,9.03788338278028,7.77502067824642,"RWA",2000,0.903788338278029,5.52891015868841,90,-14,86.9158878504673,34.8297213622292,3.98035363457763,2.74518841721467,92.4528301886793,100,40.076335877863,26.3358778625956,7.82442748091608,32.931305715783,20.876227897839,42.7419354838713,8.48484848484854,5.26315789473687,3.57583427,9.00399399,NA,6.2,2.19766825556314,FALSE,FALSE,FALSE,FALSE,TRUE,FALSE,FALSE,FALSE,FALSE,FALSE,FALSE,FALSE,FALSE,FALSE,FALSE,FALSE,FALSE
"RW41FL","gikongoro",175.08,115.03,469,11.510430147041,3.31061343719581,"RWA",2000,1.1510430147041,5.52891015868841,90,-14,93.5897435897436,11.2676056338027,2.31578947368419,2.74518841721467,93.5897435897436,100,50.2283105022826,30.5936073059358,4.54545454545451,33.5839598997502,21.8048245614033,31.4031180400887,2.00892857142855,0.890868596881952,3.57583427,9.00399399,NA,6.2,2.19766825556314,FALSE,FALSE,FALSE,FALSE,TRUE,FALSE,FALSE,FALSE,FALSE,FALSE,FALSE,FALSE,FALSE,FALSE,FALSE,FALSE,FALSE
"RW41FL","gisenyi",211.42,160.18,1000,14.5305660894773,16.5429480381765,"RWA",2000,1.45305660894773,5.52891015868841,90,-14,92.2222222222222,25.6590509666084,3.49425287356325,2.74518841721467,87.7777777777778,98,41.5704387990767,18.9376443418016,6.92840646651276,33.5862068965519,20.7080459770117,42.5882352941181,12.0853080568721,11.529411764706,3.57583427,9.00399399,NA,6.2,2.19766825556314,FALSE,FALSE,FALSE,FALSE,TRUE,FALSE,FALSE,FALSE,FALSE,FALSE,FALSE,FALSE,FALSE,FALSE,FALSE,FALSE,FALSE
"RW41FL","gitarama",161.34,114.43,719,15.3216154295386,7.66998341625177,"RWA",2000,1.53216154295386,5.52891015868841,90,-14,93.2038834951456,30.4777594728176,3.89380530973456,2.74518841721467,89.3203883495146,100,42.5263157894742,25.6842105263161,4.84210526315795,28.5481239804229,21.4849557522126,28.051001821494,8.36363636363647,2.18181818181821,3.57583427,9.00399399,NA,6.2,2.19766825556314,FALSE,FALSE,FALSE,FALSE,TRUE,FALSE,FALSE,FALSE,FALSE,FALSE,FALSE,FALSE,FALSE,FALSE,FALSE,FALSE,FALSE
"RW41FL","kibungo",259.1,216.99,647,37.6566716358846,9.63244613434672,"RWA",2000,3.76566716358847,5.52891015868841,90,-14,77.4774774774775,24.0797546012272,3.35231316725981,2.74518841721467,82.8828828828829,100,44.5147679324897,27.637130801688,9.26315789473693,32.9999999999984,20.7704626334522,50.4672897196263,4.8598130841122,2.80898876404497,3.57583427,9.00399399,NA,6.2,2.19766825556314,FALSE,FALSE,FALSE,FALSE,TRUE,FALSE,FALSE,FALSE,FALSE,FALSE,FALSE,FALSE,FALSE,FALSE,FALSE,FALSE,FALSE
"RW41FL","kibuye",164.34,109.88,501,11.4857254539129,0,"RWA",2000,1.14857254539129,5.52891015868841,90,-14,86.046511627907,15.6050955414014,2.27734375000001,2.74518841721467,87.3563218390805,98.5714285714286,47.4000000000003,25.8,8.58283433133736,33.4933333333337,20.9335937500001,29.5409181636727,2.79441117764472,0.399201596806389,3.57583427,9.00399399,NA,6.2,2.19766825556314,FALSE,FALSE,FALSE,FALSE,TRUE,FALSE,FALSE,FALSE,FALSE,FALSE,FALSE,FALSE,FALSE,FALSE,FALSE,FALSE,FALSE
"RW41FL","ruhengeri",189.93,156.55,982,17.2538075302351,14.3400532521876,"RWA",2000,1.72538075302351,5.52891015868841,90,-14,85.8585858585859,22.0762155059135,3.13545150501675,2.74518841721467,89.8989898989899,100,38.2905982905985,21.880341880342,8.0341880341881,34.9457058242847,20.9048414023374,40.9948542024017,7.38831615120281,4.9742710120069,3.57583427,9.00399399,NA,6.2,2.19766825556314,FALSE,FALSE,FALSE,FALSE,TRUE,FALSE,FALSE,FALSE,FALSE,FALSE,FALSE,FALSE,FALSE,FALSE,FALSE,FALSE,FALSE
"RW41FL","umutara",208,169.4,282,45.0692876831124,3.29740012682314,"RWA",2000,4.50692876831124,5.52891015868841,90,-14,84,25.3658536585369,2.93294460641402,2.74518841721467,78.6666666666667,100,40.634920634921,21.9047619047621,6.66666666666671,35.3084415584417,20.5087209302327,12.0588235294119,4.41176470588239,0.882352941176477,3.57583427,9.00399399,NA,6.2,2.19766825556314,FALSE,FALSE,FALSE,FALSE,TRUE,FALSE,FALSE,FALSE,FALSE,FALSE,FALSE,FALSE,FALSE,FALSE,FALSE,FALSE,FALSE
"RW53FL","cityofkigali",77.51,57.98,463,3.78553679624629,100,"RWA",2005,0.378553679624629,5.78079556334891,95,-9,81.170788825644,64.9867618697597,6.36148740792277,4.54374057190881,86.2782993531933,100,25.4183896816874,13.8472663878181,7.39339521476971,32.4693512574494,21.1477541239597,66.1588621245366,7.4057464237984,36.4325822750136,7.71997023,25.02086639,NA,4.8,3.21971013233692,FALSE,FALSE,FALSE,FALSE,FALSE,FALSE,FALSE,FALSE,FALSE,FALSE,FALSE,FALSE,FALSE,FALSE,FALSE,FALSE,FALSE
"RW61FL","east",90.86,62.02,2322,5.87789657141916,3.57206989424849,"RWA",2010,0.587789657141916,6.37434307191988,97,-4,97.1649294422027,67.5444706657558,3.50915084789691,3.12757365429308,94.1946568711475,92.3631330876222,37.7829778624117,15.9960288730085,3.17858119705808,29.3238771916395,20.8128010940936,63.8244559233311,80.1357966959984,3.65520400256183,8.08185482,47.96871567,NA,9.7,3.87054904154705,FALSE,FALSE,FALSE,FALSE,FALSE,FALSE,FALSE,FALSE,FALSE,FALSE,FALSE,FALSE,FALSE,FALSE,FALSE,FALSE,FALSE
"RW61FL","north",78.86,45.87,1457,5.2230186501201,5.56404574707336,"RWA",2010,0.52230186501201,6.37434307191988,97,-4,99.2404985432305,63.6821162901144,3.59466019862068,2.73098109153618,97.3913649408632,95.5983391936922,43.2374216516549,14.2139646679847,0.970936557702814,26.8664677695754,21.0544615821178,72.435082148211,67.5078067724108,3.73477294544603,8.08185482,47.96871567,NA,9.7,3.87054904154705,FALSE,FALSE,FALSE,FALSE,FALSE,FALSE,FALSE,FALSE,FALSE,FALSE,FALSE,FALSE,FALSE,FALSE,FALSE,FALSE,FALSE
"RW61FL","south",69.65,44.64,2132,5.24423251281783,10.0594895046055,"RWA",2010,0.524423251281783,6.37434307191988,97,-4,96.8319249573583,66.8299284495663,3.87414912703772,2.41808400007481,97.6096789801952,81.372759532787,33.9843766706321,15.9248242831489,3.10903010630614,25.7514320867641,22.3162301209926,73.6148985747322,70.7744466487193,2.56344625380456,8.08185482,47.96871567,NA,9.7,3.87054904154705,FALSE,FALSE,FALSE,FALSE,FALSE,FALSE,FALSE,FALSE,FALSE,FALSE,FALSE,FALSE,FALSE,FALSE,FALSE,FALSE,FALSE
"RW61FL","west",70.47,44.06,2189,4.4057121121482,4.09786948485032,"RWA",2010,0.44057121121482,6.37434307191988,97,-4,94.9540332051676,70.6726241710313,3.36713556973461,2.58690467962662,91.1462147353778,79.4513926737357,41.4813391998089,16.99068399756,2.08664235268656,26.7808739246255,21.3205135813447,72.0424363801249,67.1813137086891,6.12644229227288,8.08185482,47.96871567,NA,9.7,3.87054904154705,FALSE,FALSE,FALSE,FALSE,FALSE,FALSE,FALSE,FALSE,FALSE,FALSE,FALSE,FALSE,FALSE,FALSE,FALSE,FALSE,FALSE
"RW70FL","east",59.5,41.73,2189,3.42981558309615,5.47943534628179,"RWA",2015,0.342981558309615,6.58712488135122,98,1,97.9944125381553,88.9244514275949,4.11463595281048,2.85677190626023,43.275517868273,92.0332943951972,31.9077857507802,10.7578680341631,1.40224740274149,27.2990496304955,21.2221525985143,62.7398213249629,73.4792535419536,18.28756941826,6.65061283,48.81296921,NA,22.8,3.8879960400505,FALSE,FALSE,FALSE,FALSE,FALSE,FALSE,FALSE,FALSE,FALSE,FALSE,FALSE,FALSE,FALSE,FALSE,FALSE,FALSE,FALSE
"RW70FL","north",39.43,19.89,1190,2.81157786670206,10.0992526879611,"RWA",2015,0.281157786670206,6.58712488135122,98,1,100,92.4448410947822,4.33412020001527,2.7900843823967,53.8709126169776,95.6690783158847,31.7781196819173,11.228971524434,1.55350079428941,24.8176076487916,21.3280185254495,79.6984523499296,71.7459794793949,16.5343624040454,6.65061283,48.81296921,NA,22.8,3.8879960400505,FALSE,FALSE,FALSE,FALSE,FALSE,FALSE,FALSE,FALSE,FALSE,FALSE,FALSE,FALSE,FALSE,FALSE,FALSE,FALSE,FALSE
"RW70FL","south",54.97,31.65,1901,4.47050900662898,8.45301635383825,"RWA",2015,0.447050900662898,6.58712488135122,98,1,98.6137842134926,89.8951137198233,4.36650203853154,2.63280867399513,44.4766685810841,83.9653803526086,32.7947945214998,14.125275709942,2.12633085561132,23.6925803516564,22.5054642028453,67.7355904245041,62.0052682385491,10.5477705359263,6.65061283,48.81296921,NA,22.8,3.8879960400505,FALSE,FALSE,FALSE,FALSE,FALSE,FALSE,FALSE,FALSE,FALSE,FALSE,FALSE,FALSE,FALSE,FALSE,FALSE,FALSE,FALSE
"RW70FL","west",50.9,29.67,1890,2.7283565794641,12.3319571222277,"RWA",2015,0.27283565794641,6.58712488135122,98,1,96.5404692220309,90.7230621608378,3.90568641754316,2.53566613937591,37.3032446979344,78.6891855897812,38.7447010049943,13.7052438628779,1.58575814569257,26.1932322287034,21.5634236385118,69.8072008439597,67.1408437371929,18.6956484993341,6.65061283,48.81296921,NA,22.8,3.8879960400505,FALSE,FALSE,FALSE,FALSE,FALSE,FALSE,FALSE,FALSE,FALSE,FALSE,FALSE,FALSE,FALSE,FALSE,FALSE,FALSE,FALSE
"RW81FL","east",50.7,31.67,2137,3.27468439267566,6.64904851778428,"RWA",2019,0.327468439267566,6.71338782569743,98,5,98.7960771012089,92.1030073760165,4.8850382698388,2.89682513083864,97.6806781580564,74.8141147560218,21.9070607483397,8.89998520371762,1.11851032309628,23.7028283563384,21.621138989606,72.3701150429118,74.5342246768029,41.6318874003237,4.91471481,39.81322098,NA,46.6,3.68419904255616,FALSE,FALSE,FALSE,FALSE,FALSE,FALSE,FALSE,FALSE,FALSE,FALSE,FALSE,FALSE,FALSE,FALSE,FALSE,FALSE,FALSE
"RW81FL","kigali",32.6,19.19,1058,3.21857531261833,68.1727436535795,"RWA",2019,0.321857531261833,6.71338782569743,98,5,98.994749297311,96.9620106652307,7.64471212075686,4.29924135533635,97.4312427178814,74.0938112713786,16.7155265876285,8.32405353763121,1.87352455881176,26.7065289878602,22.769720356231,96.6325679511391,91.676567992063,87.6416468669458,4.91471481,39.81322098,NA,46.6,3.68419904255616,FALSE,FALSE,FALSE,FALSE,FALSE,FALSE,FALSE,FALSE,FALSE,FALSE,FALSE,FALSE,FALSE,FALSE,FALSE,FALSE,FALSE
"RW81FL","north",51.11,30.93,1162,3.44201963545691,8.90021733413981,"RWA",2019,0.344201963545691,6.71338782569743,98,5,98.0351640048591,95.4750114253831,4.97390712643579,2.72671363786548,96.7218465061916,83.3321064240364,33.0275294575648,10.2686622395127,0.298346658909104,21.2880910672763,21.9717441766594,80.8381564618099,58.4543269535202,33.7831519548523,4.91471481,39.81322098,NA,46.6,3.68419904255616,FALSE,FALSE,FALSE,FALSE,FALSE,FALSE,FALSE,FALSE,FALSE,FALSE,FALSE,FALSE,FALSE,FALSE,FALSE,FALSE,FALSE
"RW81FL","south",48.72,27.29,1609,3.92805572841821,7.27354573847006,"RWA",2019,0.392805572841821,6.71338782569743,98,5,98.9741186343727,91.5686901770711,4.81496658937586,2.51916349177992,98.8290788801315,88.392974683738,24.8611961800075,12.3069666563768,1.9422644569653,21.8876819183167,22.7541409380972,79.877227747188,62.9287811143899,37.821242551241,4.91471481,39.81322098,NA,46.6,3.68419904255616,FALSE,FALSE,FALSE,FALSE,FALSE,FALSE,FALSE,FALSE,FALSE,FALSE,FALSE,FALSE,FALSE,FALSE,FALSE,FALSE,FALSE
"RW81FL","west",40.71,21.57,1862,3.82886605646706,12.3852044352858,"RWA",2019,0.382886605646706,6.71338782569743,98,5,98.9207105719685,91.9264988026468,4.5152291829136,2.75939574289317,96.7103184048803,90.0952424188945,33.0870277871203,11.2042601376694,0.105787679965411,23.9743205153058,22.1310030732161,74.439850755423,72.3480402659898,41.2620821551516,4.91471481,39.81322098,NA,46.6,3.68419904255616,FALSE,FALSE,FALSE,FALSE,FALSE,FALSE,FALSE,FALSE,FALSE,FALSE,FALSE,FALSE,FALSE,FALSE,FALSE,FALSE,FALSE
"SL51FL","eastern",121.52,89.7,1151,60.4568257605564,20.0711403980333,"SLE",2008,6.04568257605564,6.55870691302346,77,-6,66.9069005554814,29.0817578628268,1.3832356152152,2.69348049780509,63.1867277607391,23.8168494852315,29.4574001640519,22.230578169168,8.1434363288338,27.7190062498581,19.1541978772537,47.3378888620783,45.7963048348198,5.5478349264035,5.60332584,37.23431396,NA,12.1,3.61723075439236,FALSE,FALSE,FALSE,FALSE,FALSE,FALSE,FALSE,FALSE,FALSE,FALSE,FALSE,FALSE,FALSE,FALSE,FALSE,FALSE,FALSE
"SL51FL","northern",142.9,106.49,2774,47.4439737093873,16.8157162745444,"SLE",2008,4.74439737093873,6.55870691302346,77,-6,50.3208563109716,15.8312582512303,0.992533914741322,2.6983662041417,51.7883172667588,15.514201103534,35.4724027465021,28.6682755793862,8.1007542268989,27.7944763683586,18.54648129494,35.731643038879,35.3365161960582,2.67939524986928,5.60332584,37.23431396,NA,12.1,3.61723075439236,FALSE,FALSE,FALSE,FALSE,FALSE,FALSE,FALSE,FALSE,FALSE,FALSE,FALSE,FALSE,FALSE,FALSE,FALSE,FALSE,FALSE
"SL51FL","southern",143.68,109.49,1271,49.0755404230641,16.9242113726085,"SLE",2008,4.90755404230641,6.55870691302346,77,-6,69.449026716858,33.7179714316511,1.50718351421489,2.34308506949251,66.5531793174446,14.002871712756,34.8803189585574,26.6925843437442,12.0984976968239,32.6058167676426,18.6745716519421,43.3475445417311,22.0801143950711,4.95412938656486,5.60332584,37.23431396,NA,12.1,3.61723075439236,FALSE,FALSE,FALSE,FALSE,FALSE,FALSE,FALSE,FALSE,FALSE,FALSE,FALSE,FALSE,FALSE,FALSE,FALSE,FALSE,FALSE
"SL51FL","western",149.39,105.81,801,24.1996642668586,88.7252772756064,"SLE",2008,2.41996642668586,6.55870691302346,77,-6,77.7752159121984,36.0348358544406,5.17368117138157,4.68950655021095,71.4108442942074,5.21895462106649,24.38037820009,16.6208561844908,8.66346622154677,23.1723328450515,18.94311015602,92.6927832236279,79.0321023530894,42.8456356824788,5.60332584,37.23431396,NA,12.1,3.61723075439236,FALSE,FALSE,FALSE,FALSE,FALSE,FALSE,FALSE,FALSE,FALSE,FALSE,FALSE,FALSE,FALSE,FALSE,FALSE,FALSE,FALSE
"SL61FL","eastern",178.75,138.78,3054,41.1233691826929,25.6258902843848,"SLE",2013,4.11233691826929,7.01882411878849,92,-1,84.9482258878829,73.1478811196812,2.01188267082641,2.67846578926754,84.5723312697923,29.6360540399216,36.2544503772528,22.0679047943009,6.32419838084225,29.7142927131955,18.4016833693676,66.256864380754,46.6124512462329,6.2917872381981,8.45845032,84.93772125,NA,13.5,4.44191829676448,FALSE,FALSE,FALSE,FALSE,FALSE,FALSE,FALSE,FALSE,FALSE,FALSE,FALSE,FALSE,FALSE,FALSE,FALSE,FALSE,FALSE
"SL61FL","northern",146,115.51,4935,55.1996911879988,12.0099132161805,"SLE",2013,5.51996911879988,7.01882411878849,92,-1,73.1291893508249,37.391806793093,1.73534731146959,2.73490293849122,73.4486172335767,36.4476157715646,30.6398269029888,22.7062585588787,9.27127034045471,25.2281410584926,18.6977874695309,43.3454923358422,42.8583945054564,2.37031909758027,8.45845032,84.93772125,NA,13.5,4.44191829676448,FALSE,FALSE,FALSE,FALSE,FALSE,FALSE,FALSE,FALSE,FALSE,FALSE,FALSE,FALSE,FALSE,FALSE,FALSE,FALSE,FALSE
"SL61FL","southern",140.37,100.37,2951,37.6862706575663,14.5712858988795,"SLE",2013,3.76862706575663,7.01882411878849,92,-1,86.8828587628744,61.1619760726486,1.92151040249193,2.48439676814915,82.7585945588498,36.3036629424223,38.1534950922695,22.3773634791734,7.98030611449174,28.8701445440345,18.6603792544608,55.1721452305954,39.98547961219,4.80842558044418,8.45845032,84.93772125,NA,13.5,4.44191829676448,FALSE,FALSE,FALSE,FALSE,FALSE,FALSE,FALSE,FALSE,FALSE,FALSE,FALSE,FALSE,FALSE,FALSE,FALSE,FALSE,FALSE
"SL61FL","western",170.03,112.93,1546,30.0896416009994,90.5651116579029,"SLE",2013,3.00896416009994,7.01882411878849,92,-1,70.7776417231757,61.8897927841891,5.43955877099925,4.68557757487309,76.2598147336908,18.3249474959936,22.7719563310007,12.5174208530331,8.10066993719423,20.7914133920349,18.9019132148078,91.4179055479893,75.7701540652343,54.2915477724278,8.45845032,84.93772125,NA,13.5,4.44191829676448,FALSE,FALSE,FALSE,FALSE,FALSE,FALSE,FALSE,FALSE,FALSE,FALSE,FALSE,FALSE,FALSE,FALSE,FALSE,FALSE,FALSE
"SL7AFL","eastern",117.47,86.12,2159,41.5616261172927,30.3944727271467,"SLE",2019,4.15616261172927,6.73781181726417,95,5,80.1802970359413,92.2801577075199,3.05105981532801,2.60820214275342,74.2579909686855,60.006267105591,18.4664582077024,12.3983144589106,2.84360843414877,25.7988242894883,18.7717589467363,65.167504718112,46.5157638431242,9.42101890098434,5.7052846,48.13619995,NA,22.7,3.87403449176517,FALSE,FALSE,FALSE,FALSE,FALSE,FALSE,FALSE,FALSE,FALSE,FALSE,FALSE,FALSE,FALSE,FALSE,FALSE,FALSE,FALSE
"SL7AFL","northern",107.66,82.65,2020,43.9766506569373,21.3859594240011,"SLE",2019,4.39766506569373,6.73781181726417,95,5,79.5229884866338,84.3848892982034,2.61164045833375,2.54181499170597,74.0513252534096,65.8315598119689,26.2540782852749,19.1745317803269,3.91147402096618,20.3705348025157,19.2469376947609,57.903194581165,35.5876458349675,12.8225751803472,5.7052846,48.13619995,NA,22.7,3.87403449176517,FALSE,FALSE,FALSE,FALSE,FALSE,FALSE,FALSE,FALSE,FALSE,FALSE,FALSE,FALSE,FALSE,FALSE,FALSE,FALSE,FALSE
"SL7AFL","northwestern",151.05,112.06,1884,42.7669215174648,20.3776713425776,"SLE",2019,4.27669215174648,6.73781181726417,95,5,76.1780687510755,66.6841063528817,2.62875580048966,2.65374331934961,66.2811798632576,53.3918565306036,25.4903863819254,21.2941541789086,5.05163908387233,22.389493156297,18.7734980145323,47.0872288785515,52.9818649683723,7.48710383915986,5.7052846,48.13619995,NA,22.7,3.87403449176517,FALSE,FALSE,FALSE,FALSE,FALSE,FALSE,FALSE,FALSE,FALSE,FALSE,FALSE,FALSE,FALSE,FALSE,FALSE,FALSE,FALSE
"SL7AFL","southern",121.36,97.94,2092,36.9291659300988,13.1189029768803,"SLE",2019,3.69291659300988,6.73781181726417,95,5,84.3237162449741,85.0333756230128,3.09517695934576,2.38286532628343,81.7311518499684,55.2554781460816,26.2147295670308,19.6087382106489,5.20164868038013,27.3452983114592,18.9893630943972,58.625295767277,41.3049690852426,7.31150314840106,5.7052846,48.13619995,NA,22.7,3.87403449176517,FALSE,FALSE,FALSE,FALSE,FALSE,FALSE,FALSE,FALSE,FALSE,FALSE,FALSE,FALSE,FALSE,FALSE,FALSE,FALSE,FALSE
"SL7AFL","western",113.35,78.39,1758,18.9742468165367,96.3319504569809,"SLE",2019,1.89742468165367,6.73781181726417,95,5,77.4739932495871,87.898944946533,6.15853511982205,4.59060274755282,71.5894715030372,48.0523410931311,19.1431169945012,17.641823119903,6.36871723960302,18.3248895001997,19.3885382831017,94.9639143337258,86.4393483751496,64.2881022878853,5.7052846,48.13619995,NA,22.7,3.87403449176517,FALSE,FALSE,FALSE,FALSE,FALSE,FALSE,FALSE,FALSE,FALSE,FALSE,FALSE,FALSE,FALSE,FALSE,FALSE,FALSE,FALSE
"SN4AFL","dakar",88.47,58.92,1793,3.06637157737759,97.8644176619751,"SEN",2005,0.306637157737759,6.88739552006753,84,-9,77.2625895790671,92.8644582382181,4.26954784461641,4.42114696160742,77.9858738522913,96.9274572103932,7.05148720289525,6.74862183053442,5.98436168993566,25.879290982485,20.8170440877336,96.1552659646437,0,87.3666941765281,3.67466521,36.00606155,NA,47.1,3.58368730067129,FALSE,FALSE,FALSE,FALSE,FALSE,FALSE,FALSE,FALSE,FALSE,FALSE,FALSE,FALSE,FALSE,FALSE,FALSE,FALSE,FALSE
"SN4AFL","diourbel",153.86,108.32,1211,3.07693086697435,15.2022066643663,"SEN",2005,0.307693086697435,6.88739552006753,84,-9,78.3128842997547,65.8336680617174,0.644537381503563,3.04975048269258,63.1814103706036,100,15.4547180432938,19.7826564330618,9.17265527928776,27.0961835853491,19.3745420330322,72.1278362529103,0,37.7733351369208,3.67466521,36.00606155,NA,47.1,3.58368730067129,FALSE,FALSE,FALSE,FALSE,FALSE,FALSE,FALSE,FALSE,FALSE,FALSE,FALSE,FALSE,FALSE,FALSE,FALSE,FALSE,FALSE
"SN4AFL","fatick",124.79,85.94,604,6.3837639942681,10.3395559027102,"SEN",2005,0.63837639942681,6.88739552006753,84,-9,80.5555442929248,48.9374343124279,1.2645131503559,1.98325319452562,75.2627607418083,99.1985073585951,11.9890887878416,15.8829017878385,6.78905627201557,30.8149533044365,19.2544158945578,40.2727735774085,0,19.191520879935,3.67466521,36.00606155,NA,47.1,3.58368730067129,FALSE,FALSE,FALSE,FALSE,FALSE,FALSE,FALSE,FALSE,FALSE,FALSE,FALSE,FALSE,FALSE,FALSE,FALSE,FALSE,FALSE
"SN4AFL","kaolack",140.67,97.43,1333,10.4165213795182,18.1946037989279,"SEN",2005,1.04165213795182,6.88739552006753,84,-9,76.9502383688232,44.8485105004889,1.03925168268087,2.15289138658226,69.0587727076163,99.3330597702355,13.4010430520311,10.4758120067841,6.70531928164303,28.9667097904963,18.3396082988848,66.0376611702108,0,21.5383111323454,3.67466521,36.00606155,NA,47.1,3.58368730067129,FALSE,FALSE,FALSE,FALSE,FALSE,FALSE,FALSE,FALSE,FALSE,FALSE,FALSE,FALSE,FALSE,FALSE,FALSE,FALSE,FALSE
"SN4AFL","kolda",190.44,146.2,959,6.56549963084765,11.4654967013914,"SEN",2005,0.656549963084765,6.88739552006753,84,-9,71.4895730955268,31.7508167008191,0.703741698340153,1.84027940711215,76.5632895995719,100,34.2855686907376,30.8464180362412,8.48786382962701,28.6168555174013,18.1582258318487,15.7219483292401,0,9.47910682719394,3.67466521,36.00606155,NA,47.1,3.58368730067129,FALSE,FALSE,FALSE,FALSE,FALSE,FALSE,FALSE,FALSE,FALSE,FALSE,FALSE,FALSE,FALSE,FALSE,FALSE,FALSE,FALSE
"SN4AFL","louga",80.17,55.89,683,3.42796102296915,19.4998151266649,"SEN",2005,0.342796102296915,6.88739552006753,84,-9,86.8625109745987,58.1416129496472,0.746641457883045,2.49467212306122,74.4244989382378,100,17.7094358014574,19.5848059410809,11.8134176448892,26.8523173536347,19.3874946729126,77.1609347080597,0,25.8502830100292,3.67466521,36.00606155,NA,47.1,3.58368730067129,FALSE,FALSE,FALSE,FALSE,FALSE,FALSE,FALSE,FALSE,FALSE,FALSE,FALSE,FALSE,FALSE,FALSE,FALSE,FALSE,FALSE
"SN4AFL","matam",82.52,60.2,405,3.02596746020065,12.1094992394367,"SEN",2005,0.302596746020065,6.88739552006753,84,-9,64.6732768088251,46.8671843818096,0.721258130910697,2.47657838747683,59.0032753646699,98.969575825099,20.662493788866,27.9840032283666,12.1565228058113,28.9420586558071,19.2518403747552,59.9241063002939,0,24.4003902044556,3.67466521,36.00606155,NA,47.1,3.58368730067129,FALSE,FALSE,FALSE,FALSE,FALSE,FALSE,FALSE,FALSE,FALSE,FALSE,FALSE,FALSE,FALSE,FALSE,FALSE,FALSE,FALSE
"SN4AFL","saintlouis",88.6,62.36,644,3.92406354867401,30.5771405913578,"SEN",2005,0.392406354867401,6.88739552006753,84,-9,90.0253218601732,59.1076310052884,1.64879367474417,3.03247175577488,86.995353627949,100,22.8520552573609,27.2700950280441,11.0189383557422,29.2060762420618,19.6892286829219,72.2560498960585,0,42.7494452341956,3.67466521,36.00606155,NA,47.1,3.58368730067129,FALSE,FALSE,FALSE,FALSE,FALSE,FALSE,FALSE,FALSE,FALSE,FALSE,FALSE,FALSE,FALSE,FALSE,FALSE,FALSE,FALSE
"SN4AFL","tambacounda",163.73,123.15,781,9.72645747895716,17.8946167357933,"SEN",2005,0.972645747895716,6.88739552006753,84,-9,67.3075610347345,33.9708880992951,0.580408159776943,1.98862695175235,64.4555108643068,100,24.5129467690487,22.6368662979799,8.11638336852554,28.1823983941222,18.1256475909358,37.6865129856665,0,15.7028872164028,3.67466521,36.00606155,NA,47.1,3.58368730067129,FALSE,FALSE,FALSE,FALSE,FALSE,FALSE,FALSE,FALSE,FALSE,FALSE,FALSE,FALSE,FALSE,FALSE,FALSE,FALSE,FALSE
"SN61FL","dakar",53.3,27.23,2070,3.12710917280614,95.5429366290553,"SEN",2010,0.312710917280614,7.151394217519,89,-4,79.3945540617364,96.21662700194,3.82942480410382,4.3966474243176,83.7721931385102,40.1128952905218,14.4068549325307,15.110941889274,6.12933869205455,24.5628345249217,21.1688763409076,94.6747196434285,95.5887757420229,92.2956234247357,4.02764368,51.38805008,NA,56.5,3.93940565671548,FALSE,FALSE,FALSE,FALSE,FALSE,FALSE,FALSE,FALSE,FALSE,FALSE,FALSE,FALSE,FALSE,FALSE,FALSE,FALSE,FALSE
"SN61FL","diourbel",84.06,46.47,1302,3.61594172448669,11.8420690275186,"SEN",2010,0.361594172448669,7.151394217519,89,-4,82.968703948072,77.749892822086,0.845175171139519,3.20563962884818,80.5442913105758,35.664966084776,25.7418509387422,22.8222745889338,6.05863318739704,28.4293714049232,19.3061473986203,86.7050699236047,64.945363193626,54.5574337665612,4.02764368,51.38805008,NA,56.5,3.93940565671548,FALSE,FALSE,FALSE,FALSE,FALSE,FALSE,FALSE,FALSE,FALSE,FALSE,FALSE,FALSE,FALSE,FALSE,FALSE,FALSE,FALSE
"SN61FL","fatick",68.66,43.8,613,3.46314019096469,10.4423992143806,"SEN",2010,0.346314019096469,7.151394217519,89,-4,88.9237879637428,65.3521521132209,1.47530744720677,2.19421781598745,82.360481017999,28.9449016911086,18.2235277239963,15.5989001381722,6.21358244632746,28.5340591831699,19.411241910664,62.330880027465,37.6724040607866,31.8672570266074,4.02764368,51.38805008,NA,56.5,3.93940565671548,FALSE,FALSE,FALSE,FALSE,FALSE,FALSE,FALSE,FALSE,FALSE,FALSE,FALSE,FALSE,FALSE,FALSE,FALSE,FALSE,FALSE
"SN61FL","kaffrine",78.07,48.69,499,4.5216832532732,11.5400200874231,"SEN",2010,0.45216832532732,7.151394217519,89,-4,91.6160310082029,49.1711425422473,0.583828175509876,1.83156348337585,81.8086152628551,51.0083142396615,32.6576307013396,31.0150743387224,7.85089219730665,30.539989595883,18.3815438951775,83.5357380595829,23.0116901647471,19.6152614263187,4.02764368,51.38805008,NA,56.5,3.93940565671548,FALSE,FALSE,FALSE,FALSE,FALSE,FALSE,FALSE,FALSE,FALSE,FALSE,FALSE,FALSE,FALSE,FALSE,FALSE,FALSE,FALSE
"SN61FL","kaolack",77.3,49.08,932,3.23893787616815,26.798648133172,"SEN",2010,0.323893787616815,7.151394217519,89,-4,83.3868188340109,65.7469104316435,1.2466722102976,2.45551341080865,79.3762203994766,25.7766919595218,23.1255415551116,22.7589926724278,6.1344795094548,28.2801652697266,19.0245522462883,78.0450543454514,38.6936560352593,37.1503043819178,4.02764368,51.38805008,NA,56.5,3.93940565671548,FALSE,FALSE,FALSE,FALSE,FALSE,FALSE,FALSE,FALSE,FALSE,FALSE,FALSE,FALSE,FALSE,FALSE,FALSE,FALSE,FALSE
"SN61FL","kedougou",122.1,97.96,110,13.7039599776118,20.1910728435286,"SEN",2010,1.37039599776118,7.151394217519,89,-4,58.8432816070503,32.4498883813752,1.23631076897753,1.64931812065611,76.4537149760572,55.1400994963835,34.7127085310954,24.2249128101594,3.91846096931351,27.6339526126102,18.0479347556977,71.4345512624836,10.5235027098931,17.226231158043,4.02764368,51.38805008,NA,56.5,3.93940565671548,FALSE,FALSE,FALSE,FALSE,FALSE,FALSE,FALSE,FALSE,FALSE,FALSE,FALSE,FALSE,FALSE,FALSE,FALSE,FALSE,FALSE
"SN61FL","kolda",123.2,93.46,607,6.86070856878332,15.5411767553836,"SEN",2010,0.686070856878332,7.151394217519,89,-4,75.1088666247077,42.5535254158632,1.27114215391018,1.7600117652606,76.5901486435932,37.2060135211477,37.2914303835209,30.1703433016548,5.49629674363392,27.0691298018303,17.9480137790679,27.022889159894,20.1154776979917,20.4189474092584,4.02764368,51.38805008,NA,56.5,3.93940565671548,FALSE,FALSE,FALSE,FALSE,FALSE,FALSE,FALSE,FALSE,FALSE,FALSE,FALSE,FALSE,FALSE,FALSE,FALSE,FALSE,FALSE
"SN61FL","louga",73.25,33.36,777,2.72218741453055,16.6466386576188,"SEN",2010,0.272218741453055,7.151394217519,89,-4,84.177004748438,70.9396083962321,0.663385499678214,2.4520240887067,82.4511933611036,46.3160898218878,22.5542223637598,30.9282242923858,16.3128803267788,28.2876936142965,19.024124635667,93.3333467054798,53.8208387284141,36.7011317553619,4.02764368,51.38805008,NA,56.5,3.93940565671548,FALSE,FALSE,FALSE,FALSE,FALSE,FALSE,FALSE,FALSE,FALSE,FALSE,FALSE,FALSE,FALSE,FALSE,FALSE,FALSE,FALSE
"SN61FL","matam",68.82,37.11,465,5.5067623284474,25.2337856052974,"SEN",2010,0.55067623284474,7.151394217519,89,-4,73.0900922989432,54.1175296400236,0.784322569687914,2.44183571244656,69.5949553303295,35.4629102619153,22.832014462494,31.6489097304881,13.607082685181,32.2365279239608,18.7063430732576,80.7291939914799,34.2952015185195,32.6510735604146,4.02764368,51.38805008,NA,56.5,3.93940565671548,FALSE,FALSE,FALSE,FALSE,FALSE,FALSE,FALSE,FALSE,FALSE,FALSE,FALSE,FALSE,FALSE,FALSE,FALSE,FALSE,FALSE
"SN61FL","saintlouis",61.56,30.4,697,2.5007847836887,46.9630578175347,"SEN",2010,0.25007847836887,7.151394217519,89,-4,77.0508023668633,71.4299379336488,1.74969047751532,2.81711559956645,80.000883055876,39.9011595657237,17.3622817493647,32.1085972531656,14.1144682755077,28.246775543506,20.0162453161768,74.4626664401927,54.9702227111379,53.5166089521592,4.02764368,51.38805008,NA,56.5,3.93940565671548,FALSE,FALSE,FALSE,FALSE,FALSE,FALSE,FALSE,FALSE,FALSE,FALSE,FALSE,FALSE,FALSE,FALSE,FALSE,FALSE,FALSE
"SN61FL","sedhiou",96.4,64.41,405,3.39230767643423,13.9938698721383,"SEN",2010,0.339230767643423,7.151394217519,89,-4,85.5914064383119,46.9929727330113,1.16070414806998,1.87876540743251,82.3509907904771,48.4170196402494,34.9402367106084,29.0649325695208,6.14630972322705,29.0360730528956,18.8585261006264,19.3616562885775,14.101601682206,22.9498016211911,4.02764368,51.38805008,NA,56.5,3.93940565671548,FALSE,FALSE,FALSE,FALSE,FALSE,FALSE,FALSE,FALSE,FALSE,FALSE,FALSE,FALSE,FALSE,FALSE,FALSE,FALSE,FALSE
"SN61FL","tambacounda",81.78,53.25,628,8.92139876039979,22.0331636643457,"SEN",2010,0.892139876039979,7.151394217519,89,-4,71.6547196959197,45.1478633288441,0.795901668170008,1.79290744810457,74.9215084145421,20.0216674429592,22.2199169384391,29.8903287302883,14.6156572882963,29.6151036808684,17.9624714969836,49.0079017136693,13.6131825918715,22.1085186984169,4.02764368,51.38805008,NA,56.5,3.93940565671548,FALSE,FALSE,FALSE,FALSE,FALSE,FALSE,FALSE,FALSE,FALSE,FALSE,FALSE,FALSE,FALSE,FALSE,FALSE,FALSE,FALSE
"SN61FL","ziguinchor",59.46,30.81,338,4.55174187900177,45.218887181069,"SEN",2010,0.455174187900177,7.151394217519,89,-4,95.0607005962494,90.1603768494426,4.17314218629742,2.84743860905421,93.7186681290095,46.0774153843813,17.2102257903986,18.290702874318,4.99326389097282,20.4508615605848,19.7835167954112,46.3587953619509,26.0576892447036,59.6162797917561,4.02764368,51.38805008,NA,56.5,3.93940565671548,FALSE,FALSE,FALSE,FALSE,FALSE,FALSE,FALSE,FALSE,FALSE,FALSE,FALSE,FALSE,FALSE,FALSE,FALSE,FALSE,FALSE
"SN7IFL","north",56.85,27.71,1077,2.20463745385534,23.3092646384292,"SEN",2016,0.220463745385534,7.14396475532741,93,2,82.7429242529486,58.7935144198737,1.55788115837228,2.45675148023262,69.670208535468,42.0967965154088,13.2739870180006,23.8621461109795,8.86597963030081,25.1471179649306,19.9512476456768,84.8287464919014,48.3463115811863,42.4945041935835,4.25606871,53.90053558,NA,64.5,3.98714041441475,FALSE,FALSE,FALSE,FALSE,FALSE,FALSE,FALSE,FALSE,FALSE,FALSE,FALSE,FALSE,FALSE,FALSE,FALSE,FALSE,FALSE
"SN7IFL","south",85.94,55.21,1042,3.30879633018816,22.9498871669349,"SEN",2016,0.330879633018816,7.14396475532741,93,2,78.789393183054,52.9129061641814,2.28887814374314,1.93102609981116,69.9315299629377,52.8186853539545,19.0409460325605,21.9452614771639,8.67560645641051,21.5482437706917,18.9201919408971,44.2667513281344,26.3799612131024,35.9664268690111,4.25606871,53.90053558,NA,64.5,3.98714041441475,FALSE,FALSE,FALSE,FALSE,FALSE,FALSE,FALSE,FALSE,FALSE,FALSE,FALSE,FALSE,FALSE,FALSE,FALSE,FALSE,FALSE
"SN7IFL","west",24.55,15.94,1918,2.94281268507951,76.4430158858444,"SEN",2016,0.294281268507951,7.14396475532741,93,2,96.7894143566296,92.4712641178526,4.09118107298381,4.01233057985268,90.6437569366491,31.3985952761083,7.95099550497446,10.6501116139196,3.76286136671202,20.9220710089845,21.9879105539361,95.1601674898951,92.3050527413737,85.6378859308037,4.25606871,53.90053558,NA,64.5,3.98714041441475,FALSE,FALSE,FALSE,FALSE,FALSE,FALSE,FALSE,FALSE,FALSE,FALSE,FALSE,FALSE,FALSE,FALSE,FALSE,FALSE,FALSE
"SN7ZFL","dakar",35.92,11.92,2070,3.62409235747731,93.5440065138046,"SEN",2017,0.362409235747731,7.21138703030537,93,3,98.563592301535,95.6871104229726,5.19324936987997,4.49004022900608,97.0646877852305,47.513862058609,4.50118051116674,9.53597043754097,5.27113032216217,20.5149220376469,22.2284627137955,98.1239633362298,97.5746712061726,95.8848146799173,4.16359377,56.49185944,NA,61.7,4.03409654706381,FALSE,FALSE,FALSE,FALSE,FALSE,FALSE,FALSE,FALSE,FALSE,FALSE,FALSE,FALSE,FALSE,FALSE,FALSE,FALSE,FALSE
"SN7ZFL","diourbel",61.02,33.93,1492,1.98506490225831,13.1353361717815,"SEN",2017,0.198506490225832,7.21138703030537,93,3,89.3676524429305,78.1875829798359,1.30830506070016,3.02261291943771,85.7425225611317,32.8645300585519,9.90886677396773,18.0650466109326,7.81656626418465,25.5603445144058,20.2781239056664,62.3011832987151,74.1763240203074,57.050230601712,4.16359377,56.49185944,NA,61.7,4.03409654706381,FALSE,FALSE,FALSE,FALSE,FALSE,FALSE,FALSE,FALSE,FALSE,FALSE,FALSE,FALSE,FALSE,FALSE,FALSE,FALSE,FALSE
"SN7ZFL","fatick",43.67,16.88,577,2.20352666455857,15.3696007864622,"SEN",2017,0.220352666455857,7.21138703030537,93,3,93.6000301312668,81.2032721733948,2.55973908826333,2.49272099145281,88.7016068200903,44.076032850378,8.35003028495859,21.3462116929419,12.54460071368,27.0031524949165,20.2870650964125,57.6638266203795,56.801907892402,47.5228316527072,4.16359377,56.49185944,NA,61.7,4.03409654706381,FALSE,FALSE,FALSE,FALSE,FALSE,FALSE,FALSE,FALSE,FALSE,FALSE,FALSE,FALSE,FALSE,FALSE,FALSE,FALSE,FALSE
"SN7ZFL","kaffrine",49.2,23.76,621,1.79798629062198,14.1175838931897,"SEN",2017,0.179798629062198,7.21138703030537,93,3,94.0457378002624,65.7505235364674,0.78252994193194,1.58113862176971,88.0951949907588,26.2706993333115,19.8644720922534,22.5237053649716,8.71244816392852,25.086537522733,18.6894705462579,92.3162283894828,25.1827837142053,17.1762936960461,4.16359377,56.49185944,NA,61.7,4.03409654706381,FALSE,FALSE,FALSE,FALSE,FALSE,FALSE,FALSE,FALSE,FALSE,FALSE,FALSE,FALSE,FALSE,FALSE,FALSE,FALSE,FALSE
"SN7ZFL","kaolack",48.46,20.22,764,2.18001797687808,31.3690288232302,"SEN",2017,0.218001797687808,7.21138703030537,93,3,91.7604527902074,78.0676063610393,2.02726005093712,2.59868480572983,87.3404749469673,52.281228692981,14.6803001194765,22.3882600061925,10.7087651262755,26.830275462429,20.5197296030647,85.2461077418055,63.2114756382038,45.1135012688306,4.16359377,56.49185944,NA,61.7,4.03409654706381,FALSE,FALSE,FALSE,FALSE,FALSE,FALSE,FALSE,FALSE,FALSE,FALSE,FALSE,FALSE,FALSE,FALSE,FALSE,FALSE,FALSE
"SN7ZFL","kedougou",61.1,35.61,136,4.68571662023675,26.4301276518466,"SEN",2017,0.468571662023675,7.21138703030537,93,3,60.0659294052916,48.240441252743,2.00214495486691,1.93126056895287,45.8667491129173,66.4848052219312,23.7612286947895,24.921203169116,7.66114480625734,23.3682607790337,18.9848098999503,74.020073767217,22.7856489653891,31.317168448421,4.16359377,56.49185944,NA,61.7,4.03409654706381,FALSE,FALSE,FALSE,FALSE,FALSE,FALSE,FALSE,FALSE,FALSE,FALSE,FALSE,FALSE,FALSE,FALSE,FALSE,FALSE,FALSE
"SN7ZFL","kolda",86.83,61.98,618,3.43871509352211,19.3804681343854,"SEN",2017,0.343871509352211,7.21138703030537,93,3,88.4717366498119,64.1268876364025,1.75918800436491,1.63288619562424,85.4143151712616,36.881357806308,23.9368190032015,23.5779260667392,5.0428367401803,20.4639410117138,18.2172983905354,23.4579078980889,21.1769637035886,22.3683467129347,4.16359377,56.49185944,NA,61.7,4.03409654706381,FALSE,FALSE,FALSE,FALSE,FALSE,FALSE,FALSE,FALSE,FALSE,FALSE,FALSE,FALSE,FALSE,FALSE,FALSE,FALSE,FALSE
"SN7ZFL","louga",72.83,35.06,738,2.25898815475967,19.2774668425191,"SEN",2017,0.225898815475967,7.21138703030537,93,3,87.2803383951803,72.0021683126023,1.38815528657928,2.47092313347271,79.2204189011474,47.6279517938566,11.711040448876,22.5126857863476,11.942549410932,23.2947482522252,20.1275943755305,96.0639447384503,61.6807458171957,41.607351424101,4.16359377,56.49185944,NA,61.7,4.03409654706381,FALSE,FALSE,FALSE,FALSE,FALSE,FALSE,FALSE,FALSE,FALSE,FALSE,FALSE,FALSE,FALSE,FALSE,FALSE,FALSE,FALSE
"SN7ZFL","matam",74.29,30.99,478,2.85919990010763,20.5761911207308,"SEN",2017,0.285919990010763,7.21138703030537,93,3,89.7776923419213,68.8388459015747,1.36766416540524,2.35675649487983,79.288043487292,38.007827283963,13.4533542492428,28.7404536130678,14.2639994537115,28.2365941338618,19.7530449262265,83.124209774376,38.7927978073802,43.8422393847616,4.16359377,56.49185944,NA,61.7,4.03409654706381,FALSE,FALSE,FALSE,FALSE,FALSE,FALSE,FALSE,FALSE,FALSE,FALSE,FALSE,FALSE,FALSE,FALSE,FALSE,FALSE,FALSE
"SN7ZFL","saintlouis",58.93,21.62,696,2.58768738801668,40.4287295387608,"SEN",2017,0.258768738801668,7.21138703030537,93,3,96.3770457028958,76.4016425786757,2.65893390656442,2.81462781018932,95.5288255105739,46.879894313519,12.2078796343753,21.2328805668836,9.98753559580844,26.5446261271921,20.6270024288188,83.087894102998,64.7835901572608,51.8424572940629,4.16359377,56.49185944,NA,61.7,4.03409654706381,FALSE,FALSE,FALSE,FALSE,FALSE,FALSE,FALSE,FALSE,FALSE,FALSE,FALSE,FALSE,FALSE,FALSE,FALSE,FALSE,FALSE
"SN7ZFL","sedhiou",61.24,31.37,391,2.02617751896147,14.4746060821884,"SEN",2017,0.202617751896147,7.21138703030537,93,3,90.6228585759872,59.3826832135072,1.90409474498136,1.78950630664751,89.0246650289426,42.9910956121343,22.0340394756085,26.8180393555332,9.37226317399041,21.5332978737379,18.6935146841636,24.6298302669403,73.2971079618997,28.2686637239359,4.16359377,56.49185944,NA,61.7,4.03409654706381,FALSE,FALSE,FALSE,FALSE,FALSE,FALSE,FALSE,FALSE,FALSE,FALSE,FALSE,FALSE,FALSE,FALSE,FALSE,FALSE,FALSE
"SN7ZFL","tambacounda",67.15,44.76,696,3.13704391181796,17.9899788904376,"SEN",2017,0.313704391181796,7.21138703030537,93,3,76.0980614988079,52.1105706400656,1.42237360662125,1.88464133070134,66.2180394490503,40.84136249009,21.0933860144128,25.6731630954331,8.97694727433172,30.3723834340663,18.8807915607732,57.6872924949907,23.5877802828632,29.4604282067952,4.16359377,56.49185944,NA,61.7,4.03409654706381,FALSE,FALSE,FALSE,FALSE,FALSE,FALSE,FALSE,FALSE,FALSE,FALSE,FALSE,FALSE,FALSE,FALSE,FALSE,FALSE,FALSE
"SN7ZFL","thies",53.78,26.03,1395,2.22865903484842,43.4503560545143,"SEN",2017,0.222865903484842,7.21138703030537,93,3,98.8317605659204,88.425401319376,2.98223309174238,3.19758112851533,90.5721724846964,50.5454059301896,8.39093234532326,16.8656464069543,9.51532442256417,24.2841475757612,21.0584120697754,90.1428716532059,77.159591240225,65.6193711665022,4.16359377,56.49185944,NA,61.7,4.03409654706381,FALSE,FALSE,FALSE,FALSE,FALSE,FALSE,FALSE,FALSE,FALSE,FALSE,FALSE,FALSE,FALSE,FALSE,FALSE,FALSE,FALSE
"SN7ZFL","ziguinchor",53.46,26.74,379,3.48043246121732,38.3113238885217,"SEN",2017,0.348043246121732,7.21138703030537,93,3,96.7296414345582,87.9035078193663,4.80702116624611,2.67234379918215,94.4817047381819,48.2922932141105,12.9379934005019,12.4812691708123,4.04653639957013,20.557337178926,20.4062109032688,37.2583833525085,81.7524751040571,62.9908995844862,4.16359377,56.49185944,NA,61.7,4.03409654706381,FALSE,FALSE,FALSE,FALSE,FALSE,FALSE,FALSE,FALSE,FALSE,FALSE,FALSE,FALSE,FALSE,FALSE,FALSE,FALSE,FALSE
"SN8SFL","dakar",26.96,7.32,1801,4.28637951137837,94.3507911011412,"SEN",2023,0.428637951137837,7.43722631544053,92,9,85.2819874892915,98.0372705196346,5.31631823367073,4.42334032934234,75.8511933473725,34.7910252094567,18.2235277239963,22.6368662979799,8.48786382962701,19.6011420295118,22.0919023091999,97.7701487103753,98.0719019693044,97.6580255279579,4.32314825,73.22670746,NA,74.2,4.29356021043443,FALSE,FALSE,FALSE,FALSE,FALSE,FALSE,TRUE,TRUE,TRUE,FALSE,FALSE,FALSE,FALSE,FALSE,FALSE,FALSE,FALSE
"SN8SFL","diourbel",53.16,25.16,1079,8.6062250634256,14.4405156609645,"SEN",2023,0.86062250634256,7.43722631544053,92,9,77.1448927161125,87.0034289672116,1.61986922432395,3.21496662248762,62.0424430741117,40.7630438315996,18.2235277239963,22.6368662979799,8.48786382962701,22.9337114248821,20.48746210483,77.5032196512627,82.0263142149039,87.2527884114451,4.32314825,73.22670746,NA,74.2,4.29356021043443,FALSE,FALSE,FALSE,FALSE,FALSE,FALSE,TRUE,TRUE,TRUE,FALSE,FALSE,FALSE,FALSE,FALSE,FALSE,FALSE,FALSE
"SN8SFL","fatick",39.42,15.15,621,4.91607122105745,14.2043011202599,"SEN",2023,0.491607122105745,7.43722631544053,92,9,93.4334846163147,87.5420599416119,3.16115966612367,2.33903265271234,82.241937128131,51.2087359070998,18.2235277239963,22.6368662979799,8.48786382962701,27.0337860240734,20.1807174612986,78.7302270191613,69.6400924482165,53.6829286509583,4.32314825,73.22670746,NA,74.2,4.29356021043443,FALSE,FALSE,FALSE,FALSE,FALSE,FALSE,TRUE,TRUE,TRUE,FALSE,FALSE,FALSE,FALSE,FALSE,FALSE,FALSE,FALSE
"SN8SFL","kaffrine",41.96,16.86,537,4.70913032832047,13.3451746835524,"SEN",2023,0.470913032832047,7.43722631544053,92,9,90.7375110113346,83.3619006003128,1.09697583943988,1.72984563907141,76.9727022008791,25.9222536667321,18.2235277239963,22.6368662979799,8.48786382962701,26.7016148721346,19.0806768517096,94.5497036816414,46.2739280799851,47.447021432661,4.32314825,73.22670746,NA,74.2,4.29356021043443,FALSE,FALSE,FALSE,FALSE,FALSE,FALSE,TRUE,TRUE,TRUE,FALSE,FALSE,FALSE,FALSE,FALSE,FALSE,FALSE,FALSE
"SN8SFL","kaolack",19.55,13.95,743,4.73458138939439,29.6716979397775,"SEN",2023,0.473458138939439,7.43722631544053,92,9,86.1786770400435,91.3261553839565,2.52309139317024,2.56290216672988,81.5886229225371,24.0670020503895,18.2235277239963,22.6368662979799,8.48786382962701,25.9360401584449,20.1139360164372,92.0516056928231,64.3032775855855,72.5868581577722,4.32314825,73.22670746,NA,74.2,4.29356021043443,FALSE,FALSE,FALSE,FALSE,FALSE,FALSE,TRUE,TRUE,TRUE,FALSE,FALSE,FALSE,FALSE,FALSE,FALSE,FALSE,FALSE
"SN8SFL","kedougou",44.99,22.12,122,8.1143447620188,27.1426811765073,"SEN",2023,0.81143447620188,7.43722631544053,92,9,76.596298383877,80.0236527257117,3.17846140814541,1.80351666969735,69.5825261077929,49.7844729289701,18.2235277239963,22.6368662979799,8.48786382962701,22.1666826688331,18.6360338146128,84.841810517605,43.1604410958986,41.4901889882675,4.32314825,73.22670746,NA,74.2,4.29356021043443,FALSE,FALSE,FALSE,FALSE,FALSE,FALSE,TRUE,TRUE,TRUE,FALSE,FALSE,FALSE,FALSE,FALSE,FALSE,FALSE,FALSE
"SN8SFL","kolda",64.56,33.5,479,6.6463543761933,17.4764215821019,"SEN",2023,0.66463543761933,7.43722631544053,92,9,86.6553316287203,83.8294538320137,2.94449858132588,1.66915898328376,79.2230072857491,58.3981161930195,18.2235277239963,22.6368662979799,8.48786382962701,24.7050814418507,17.9296072528264,37.5095807470477,47.3753233824888,37.2380208901343,4.32314825,73.22670746,NA,74.2,4.29356021043443,FALSE,FALSE,FALSE,FALSE,FALSE,FALSE,TRUE,TRUE,TRUE,FALSE,FALSE,FALSE,FALSE,FALSE,FALSE,FALSE,FALSE
"SN8SFL","louga",55.68,22.12,559,9.04643109196248,18.6276828693716,"SEN",2023,0.904643109196248,7.43722631544053,92,9,83.7675744556483,90.2966410308034,2.1961058504607,2.7890727563616,79.4898408134928,44.8106417013562,18.2235277239963,22.6368662979799,8.48786382962701,24.4445032290713,20.2935611102739,98.3613514290635,80.0955464223666,70.2561483397785,4.32314825,73.22670746,NA,74.2,4.29356021043443,FALSE,FALSE,FALSE,FALSE,FALSE,FALSE,TRUE,TRUE,TRUE,FALSE,FALSE,FALSE,FALSE,FALSE,FALSE,FALSE,FALSE
"SN8SFL","matam",41.37,20.9,448,4.88831002323235,21.0241277709201,"SEN",2023,0.488831002323235,7.43722631544053,92,9,72.4533320306195,75.8920615953033,1.92270336011809,2.04063603826718,66.2417037022837,38.2303701453961,18.2235277239963,22.6368662979799,8.48786382962701,32.5491201266506,19.3997285883707,93.5797752988891,49.5553583281566,53.8260493339705,4.32314825,73.22670746,NA,74.2,4.29356021043443,FALSE,FALSE,FALSE,FALSE,FALSE,FALSE,TRUE,TRUE,TRUE,FALSE,FALSE,FALSE,FALSE,FALSE,FALSE,FALSE,FALSE
"SN8SFL","saintlouis",30.05,10.35,736,7.26028090164775,38.6116327215012,"SEN",2023,0.726028090164775,7.43722631544053,92,9,88.9294337144578,82.0403721925462,2.95357136196165,2.53887551991407,81.1063705844469,48.9426978680058,18.2235277239963,22.6368662979799,8.48786382962701,27.5313130107165,20.2691845257588,87.7543135980302,77.8762590361748,63.0570526584116,4.32314825,73.22670746,NA,74.2,4.29356021043443,FALSE,FALSE,FALSE,FALSE,FALSE,FALSE,TRUE,TRUE,TRUE,FALSE,FALSE,FALSE,FALSE,FALSE,FALSE,FALSE,FALSE
"SN8SFL","sedhiou",74.11,31.37,350,6.03754163421499,18.1832675410191,"SEN",2023,0.603754163421499,7.43722631544053,92,9,78.1804123355952,77.4829506976919,2.56402192871229,1.84379741918602,66.2359944527919,55.1733654134778,18.2235277239963,22.6368662979799,8.48786382962701,27.2723379704431,19.6066109475136,43.7884963624944,44.0519763553948,45.5068600189443,4.32314825,73.22670746,NA,74.2,4.29356021043443,FALSE,FALSE,FALSE,FALSE,FALSE,FALSE,TRUE,TRUE,TRUE,FALSE,FALSE,FALSE,FALSE,FALSE,FALSE,FALSE,FALSE
"SN8SFL","tambacounda",55.81,26.46,537,5.39513787719049,23.825753298431,"SEN",2023,0.539513787719049,7.43722631544053,92,9,63.9622480337873,78.3617351425677,1.90268471963924,1.85153401389442,48.189088324424,30.7482722343568,18.2235277239963,22.6368662979799,8.48786382962701,30.7610567093849,18.4409926037831,78.666842574338,38.6703025580659,46.2512636668916,4.32314825,73.22670746,NA,74.2,4.29356021043443,FALSE,FALSE,FALSE,FALSE,FALSE,FALSE,TRUE,TRUE,TRUE,FALSE,FALSE,FALSE,FALSE,FALSE,FALSE,FALSE,FALSE
"SN8SFL","thies",35.96,11.94,1273,6.53871121539247,43.4715261820842,"SEN",2023,0.653871121539247,7.43722631544053,92,9,87.0596776929145,94.9581434202336,3.49723903521731,3.42108303592911,76.0917056558507,40.0440254912039,18.2235277239963,22.6368662979799,8.48786382962701,22.834966029274,21.2838211618125,94.5643081149582,93.3725185761894,92.3632482626092,4.32314825,73.22670746,NA,74.2,4.29356021043443,FALSE,FALSE,FALSE,FALSE,FALSE,FALSE,TRUE,TRUE,TRUE,FALSE,FALSE,FALSE,FALSE,FALSE,FALSE,FALSE,FALSE
"SN8SFL","ziguinchor",15.8,4,290,5.15942628948336,44.9363317732626,"SEN",2023,0.515942628948336,7.43722631544053,92,9,94.2669312873043,93.8000804423028,5.84592973973692,2.67797357267538,80.2253055532661,33.4170697301334,18.2235277239963,22.6368662979799,8.48786382962701,22.161536532595,20.5743615320973,69.5736582842218,62.9297048835351,69.0564245993768,4.32314825,73.22670746,NA,74.2,4.29356021043443,FALSE,FALSE,FALSE,FALSE,FALSE,FALSE,TRUE,TRUE,TRUE,FALSE,FALSE,FALSE,FALSE,FALSE,FALSE,FALSE,FALSE
"SZ51FL","hhohho",112.45,91.47,735,2.23067133738375,25.5058554280566,"SWZ",2006,0.223067133738375,7.99461836597433,87,-8,93.0937436361032,78.0313713955731,8.13000582507606,3.37006955943537,93.6515266604344,44.8010359196283,26.8948022911238,8.08561759686071,2.46626835110655,25.7647822537149,18.7689888172205,74.7932604202159,36.8144829479854,36.9446068913177,7.82560062,237.50752258,NA,35.2,5.47019929699414,FALSE,FALSE,FALSE,FALSE,FALSE,FALSE,FALSE,FALSE,FALSE,FALSE,FALSE,FALSE,FALSE,FALSE,FALSE,FALSE,FALSE
"SZ51FL","lubombo",133.51,117.16,551,1.4929918551595,17.3582523908732,"SWZ",2006,0.14929918551595,7.99461836597433,87,-8,86.376481131127,69.1464368247681,6.33820369210309,2.79353172368126,89.9504941425588,42.9360428025557,17.8344135737044,4.4646711596259,1.81359190147306,22.8994323640519,18.1255467358278,57.3509517244545,30.8422248842622,26.4775223886023,7.82560062,237.50752258,NA,35.2,5.47019929699414,FALSE,FALSE,FALSE,FALSE,FALSE,FALSE,FALSE,FALSE,FALSE,FALSE,FALSE,FALSE,FALSE,FALSE,FALSE,FALSE,FALSE
"TD41FL","zone1",166.15,137.51,412,19.1454874155435,100,"TCD",2004,1.91454874155435,6.09998429324126,22,-10,46.335250714884,53.0365013142762,3.57998531533,4.9861116156568,47.89890358384,99.1000691544224,26.8247972585711,26.4618707430605,16.3150322561664,33.4401963023508,17.8275060581936,62.4805041080618,33.5757721857396,31.6782324017511,4.23982859,27.74994278,NA,3.5,3.32323377820834,FALSE,FALSE,FALSE,FALSE,FALSE,FALSE,FALSE,FALSE,FALSE,FALSE,FALSE,FALSE,FALSE,FALSE,FALSE,FALSE,FALSE
"TD41FL","zone2",152.99,112.58,768,13.5501514016306,9.63843577022075,"TCD",2004,1.35501514016306,6.09998429324126,22,-10,20.8874516420745,2.6086053336942,0.168996115416117,3.07573968879419,21.8137684282479,100,58.4495265351614,59.1641916379476,19.8308396943872,34.1073099027309,17.6732927349789,53.0343268532023,4.93000061194931,0.516250122960871,4.23982859,27.74994278,NA,3.5,3.32323377820834,FALSE,FALSE,FALSE,FALSE,FALSE,FALSE,FALSE,FALSE,FALSE,FALSE,FALSE,FALSE,FALSE,FALSE,FALSE,FALSE,FALSE
"TD41FL","zone3",148.91,117.23,765,17.8609502883165,12.5830111782681,"TCD",2004,1.78609502883165,6.09998429324126,22,-10,13.2100962856347,4.9444275822065,0.241337744712212,1.99334857260273,17.1297434798121,99.4202632817864,43.133392460949,43.2167961563043,18.0500180261067,37.4644131658183,17.2331919702674,38.6344206010737,0.152443348210326,0.887330623525604,4.23982859,27.74994278,NA,3.5,3.32323377820834,FALSE,FALSE,FALSE,FALSE,FALSE,FALSE,FALSE,FALSE,FALSE,FALSE,FALSE,FALSE,FALSE,FALSE,FALSE,FALSE,FALSE
"TD41FL","zone4",116.03,96.37,444,14.1724318069768,16.0024009631972,"TCD",2004,1.41724318069768,6.09998429324126,22,-10,4.17089487510242,6.80603976999197,0.200714536682305,1.76108401184752,9.77274450826293,94.8583654235669,54.0661509464555,49.0878688512251,12.7762583378628,36.5266338060006,18.2214290993252,67.250181346555,0.957494082127755,2.40748523930229,4.23982859,27.74994278,NA,3.5,3.32323377820834,FALSE,FALSE,FALSE,FALSE,FALSE,FALSE,FALSE,FALSE,FALSE,FALSE,FALSE,FALSE,FALSE,FALSE,FALSE,FALSE,FALSE
"TD41FL","zone5",246.22,194.94,760,16.7596916266225,9.94489228041205,"TCD",2004,1.67596916266225,6.09998429324126,22,-10,1.9967731811111,2.32184705931553,0.17653071495664,2.90364610367542,6.43894137329418,100,42.0749007475167,40.7309726839772,14.1551985897709,33.629102794717,17.3022027793066,61.6627690281316,1.2303841677563,1.10386050619148,4.23982859,27.74994278,NA,3.5,3.32323377820834,FALSE,FALSE,FALSE,FALSE,FALSE,FALSE,FALSE,FALSE,FALSE,FALSE,FALSE,FALSE,FALSE,FALSE,FALSE,FALSE,FALSE
"TD41FL","zone6",180.88,140.22,602,17.4965851614251,10.7655469325521,"TCD",2004,1.74965851614251,6.09998429324126,22,-10,44.7271724626764,9.78236835456117,1.21534055499971,3.39976979454226,42.1607792952243,100,37.3591543990552,31.3188190309145,12.1586941801534,33.9781288121003,17.4950198393304,46.3774930556778,0.601074878959934,0.81341179316391,4.23982859,27.74994278,NA,3.5,3.32323377820834,FALSE,FALSE,FALSE,FALSE,FALSE,FALSE,FALSE,FALSE,FALSE,FALSE,FALSE,FALSE,FALSE,FALSE,FALSE,FALSE,FALSE
"TD41FL","zone7",234.3,189.04,1464,16.1860544185815,13.3477358329464,"TCD",2004,1.61860544185815,6.09998429324126,22,-10,15.4313296239355,16.968538329413,1.26732437588087,3.1540678114581,19.607617415953,99.1939302962856,38.3039996923692,26.7935213463364,8.594807838013,36.0882161560006,17.6634967738412,22.0641298254541,1.16572699228286,0.323508822288503,4.23982859,27.74994278,NA,3.5,3.32323377820834,FALSE,FALSE,FALSE,FALSE,FALSE,FALSE,FALSE,FALSE,FALSE,FALSE,FALSE,FALSE,FALSE,FALSE,FALSE,FALSE,FALSE
"TD41FL","zone8",196.97,160.97,794,22.4369674253727,13.4694970052709,"TCD",2004,2.24369674253727,6.09998429324126,22,-10,28.1696881371406,14.124074626261,1.27146893257937,2.80721602746539,27.7941880792996,100,30.4870481449917,28.002935929368,12.039796612879,28.7060177950712,19.2018340120524,35.6250076556608,0.65526760093516,1.76197193995337,4.23982859,27.74994278,NA,3.5,3.32323377820834,FALSE,FALSE,FALSE,FALSE,FALSE,FALSE,FALSE,FALSE,FALSE,FALSE,FALSE,FALSE,FALSE,FALSE,FALSE,FALSE,FALSE
"TD71FL","barhelgazal",67,45.54,250,9.42529858468283,24.5155757766258,"TCD",2014,0.942529858468283,7.15366945204991,36,0,20.4566408935393,6.46053954272961,0.287734616559777,3.19586407490055,30.1454349423214,0,53.7576222506544,49.9371597323185,12.9348141698272,43.4227041674701,18.0841676173281,89.4109118733573,5.57928603447493,5.30239070066996,3.29708338,42.16276169,NA,8.4,3.74153740706877,FALSE,FALSE,FALSE,FALSE,FALSE,FALSE,FALSE,FALSE,FALSE,FALSE,FALSE,FALSE,FALSE,FALSE,FALSE,FALSE,FALSE
"TD71FL","batha",121.15,99.81,861,7.50837209250393,9.26202033934975,"TCD",2014,0.750837209250393,7.15366945204991,36,0,7.88894070245441,8.07927038069996,0.696415975257663,2.52783337177281,30.4947001894374,0,38.852859945019,42.2448956071941,14.0287479621498,46.5126771889467,17.4942222301327,62.3904288032874,5.72761357985599,2.79695287302384,3.29708338,42.16276169,NA,8.4,3.74153740706877,FALSE,FALSE,FALSE,FALSE,FALSE,FALSE,FALSE,FALSE,FALSE,FALSE,FALSE,FALSE,FALSE,FALSE,FALSE,FALSE,FALSE
"TD71FL","borkoutibesti",98.98,75.8,75,6.43449158932316,42.9267227851959,"TCD",2014,0.643449158932316,7.15366945204991,36,0,8.10395535320534,17.2410876805845,0.823740642074863,3.51089172086623,19.7802490289203,0,45.591494231296,46.4288086570167,13.519519293761,42.2484749852271,19.3948142974856,30.4430866844383,13.600372510226,22.3428121260586,3.29708338,42.16276169,NA,8.4,3.74153740706877,FALSE,FALSE,FALSE,FALSE,FALSE,FALSE,FALSE,FALSE,FALSE,FALSE,FALSE,FALSE,FALSE,FALSE,FALSE,FALSE,FALSE
"TD71FL","charibaguirmi",171.27,128,883,16.1553796998501,1.72473758230763,"TCD",2014,1.61553796998501,7.15366945204991,36,0,5.5179348416891,10.2655544527468,0.358482101111991,3.02649001134937,27.8814681469724,0,42.2462094489045,36.9739242938231,13.4248059234698,41.6534348963536,17.1949191487352,86.4651837350231,11.8292999733772,1.98239316766054,3.29708338,42.16276169,NA,8.4,3.74153740706877,FALSE,FALSE,FALSE,FALSE,FALSE,FALSE,FALSE,FALSE,FALSE,FALSE,FALSE,FALSE,FALSE,FALSE,FALSE,FALSE,FALSE
"TD71FL","guera",112.64,88.36,1225,14.9246532914141,28.7900804384506,"TCD",2014,1.49246532914141,7.15366945204991,36,0,25.5769097906888,14.5065019614467,1.03125767496541,2.79093739899059,61.5644988585702,0.722521165490886,31.8111107601757,36.0903305863726,14.1522923079507,39.4174084006081,16.8947150571469,55.0308011068405,10.9490067642245,8.08152084744685,3.29708338,42.16276169,NA,8.4,3.74153740706877,FALSE,FALSE,FALSE,FALSE,FALSE,FALSE,FALSE,FALSE,FALSE,FALSE,FALSE,FALSE,FALSE,FALSE,FALSE,FALSE,FALSE
"TD71FL","hadjerlamis",112.68,75.81,1311,13.1998914682209,13.2153501791515,"TCD",2014,1.31998914682209,7.15366945204991,36,0,30.9920873332612,12.4290050491131,0.332527581383175,3.196275852853,53.70605662128,0,37.6826477097034,46.3382146496964,17.6747549427567,40.134944020032,17.507368667465,94.8472168203662,7.97688463695159,3.1671623754991,3.29708338,42.16276169,NA,8.4,3.74153740706877,FALSE,FALSE,FALSE,FALSE,FALSE,FALSE,FALSE,FALSE,FALSE,FALSE,FALSE,FALSE,FALSE,FALSE,FALSE,FALSE,FALSE
"TD71FL","kanem",85.66,64.1,700,7.75895383718743,10.6488140394495,"TCD",2014,0.775895383718743,7.15366945204991,36,0,25.8567630651209,5.24395654964999,0.185411400200136,3.47056571527301,39.0429390366809,2.0190644795786,58.3922373299975,59.4348703044723,18.2006194359398,40.0641209442218,18.0687958272388,75.9979238033644,2.12225174690794,3.27352848967445,3.29708338,42.16276169,NA,8.4,3.74153740706877,FALSE,FALSE,FALSE,FALSE,FALSE,FALSE,FALSE,FALSE,FALSE,FALSE,FALSE,FALSE,FALSE,FALSE,FALSE,FALSE,FALSE
"TD71FL","lac",100.99,74.08,954,9.08027154757598,5.86918583863292,"TCD",2014,0.908027154757598,7.15366945204991,36,0,17.8278989557909,4.04621324529175,0.156073862293773,3.31797427660384,35.2861075362243,0,53.0219519286711,60.0070087004436,20.8087565334228,41.3276094532673,17.6516640145909,80.0066777999677,1.81503017241965,1.92965349589879,3.29708338,42.16276169,NA,8.4,3.74153740706877,FALSE,FALSE,FALSE,FALSE,FALSE,FALSE,FALSE,FALSE,FALSE,FALSE,FALSE,FALSE,FALSE,FALSE,FALSE,FALSE,FALSE
"TD71FL","logoneoccidental",178.58,136.45,1139,20.7203855750087,27.6618665423128,"TCD",2014,2.07203855750087,7.15366945204991,36,0,28.5902904219368,29.3745531640065,2.99232823903042,2.85961843928045,54.717904945009,1.00489275028565,26.7170804089441,23.9110805913308,9.94957395234346,32.9766699830371,18.0134584202771,54.2890733205256,21.464083479283,8.27057721465237,3.29708338,42.16276169,NA,8.4,3.74153740706877,FALSE,FALSE,FALSE,FALSE,FALSE,FALSE,FALSE,FALSE,FALSE,FALSE,FALSE,FALSE,FALSE,FALSE,FALSE,FALSE,FALSE
"TD71FL","logoneoriental",187.1,140.67,2004,25.8957570470045,10.2543578680322,"TCD",2014,2.58957570470045,7.15366945204991,36,0,40.4426306696831,27.1996112696488,2.54828818077759,2.42048782030325,63.094698637449,0,24.9875262765152,22.1690950303104,9.48260039731434,41.2806547558004,17.7288988878864,39.65072458341,5.31044262679167,3.66947577869037,3.29708338,42.16276169,NA,8.4,3.74153740706877,FALSE,FALSE,FALSE,FALSE,FALSE,FALSE,FALSE,FALSE,FALSE,FALSE,FALSE,FALSE,FALSE,FALSE,FALSE,FALSE,FALSE
"TD71FL","mandoul",130.97,93.21,1437,27.0002397330842,8.46558105359241,"TCD",2014,2.70002397330842,7.15366945204991,36,0,63.354415739737,28.823602486754,2.08402230574078,2.43445991082126,68.817822934342,0,24.0216895740023,18.1467920714005,6.1279468892023,36.5468634830086,17.6915135681991,30.7992789515607,7.20834112015551,1.35117968625741,3.29708338,42.16276169,NA,8.4,3.74153740706877,FALSE,FALSE,FALSE,FALSE,FALSE,FALSE,FALSE,FALSE,FALSE,FALSE,FALSE,FALSE,FALSE,FALSE,FALSE,FALSE,FALSE
"TD71FL","mayokebbiest",143.26,95.58,1405,15.0116320119865,8.37890999326776,"TCD",2014,1.50116320119865,7.15366945204991,36,0,42.5572598596663,21.1063047075365,2.29322103146661,2.74783584368689,74.9288137586645,0,38.8486099018013,25.6053394194778,4.94630260564629,35.9101987446257,17.6002421402092,51.456322038276,6.07972955100685,2.14805412100102,3.29708338,42.16276169,NA,8.4,3.74153740706877,FALSE,FALSE,FALSE,FALSE,FALSE,FALSE,FALSE,FALSE,FALSE,FALSE,FALSE,FALSE,FALSE,FALSE,FALSE,FALSE,FALSE
"TD71FL","mayokebbiouest",123.25,94.85,1025,20.2553701557036,13.7547632240113,"TCD",2014,2.02553701557036,7.15366945204991,36,0,58.3782926942347,24.9204718102725,3.3046863834977,3.02575848280824,83.5676502698994,0.464762792982682,45.6865744189193,29.8340443513488,6.89187961315824,35.7187477922748,18.0507332251685,32.935779113489,9.96180485255164,1.17295550583495,3.29708338,42.16276169,NA,8.4,3.74153740706877,FALSE,FALSE,FALSE,FALSE,FALSE,FALSE,FALSE,FALSE,FALSE,FALSE,FALSE,FALSE,FALSE,FALSE,FALSE,FALSE,FALSE
"TD71FL","moyenchari",139.39,113.18,954,26.873062446346,28.3854742499952,"TCD",2014,2.6873062446346,7.15366945204991,36,0,41.8065876235104,28.5508752165496,3.32915040784568,2.91851594918342,58.872972151899,0,23.3633076000099,16.3548608734968,7.36201177466181,36.3114015246298,17.662800972297,48.6549551229254,19.8876371682514,11.6589858016266,3.29708338,42.16276169,NA,8.4,3.74153740706877,FALSE,FALSE,FALSE,FALSE,FALSE,FALSE,FALSE,FALSE,FALSE,FALSE,FALSE,FALSE,FALSE,FALSE,FALSE,FALSE,FALSE
"TD71FL","ndjamena",133.42,95.66,1214,13.488977883555,100,"TCD",2014,1.3488977883555,7.15366945204991,36,0,42.5674005539029,68.7175527033722,4.81644683994954,4.98809940360472,72.3322269468052,2.81627403339791,24.8763984809583,25.549369699135,11.6291463837172,37.9083137367253,18.2252754865009,97.0534119279158,67.9673577450051,47.6477578964736,3.29708338,42.16276169,NA,8.4,3.74153740706877,FALSE,FALSE,FALSE,FALSE,FALSE,FALSE,FALSE,FALSE,FALSE,FALSE,FALSE,FALSE,FALSE,FALSE,FALSE,FALSE,FALSE
"TD71FL","ouaddai",101.44,60.65,1033,6.90971805808065,18.7404383975478,"TCD",2014,0.690971805808065,7.15366945204991,36,0,10.1355394767476,11.4953703172109,0.280037958916741,2.49387466009502,24.1606675500844,0,37.9088689070534,43.653731990675,18.5335051150151,39.1684271521381,18.5125398564984,26.2508852435124,8.55591878497704,5.34271170687617,3.29708338,42.16276169,NA,8.4,3.74153740706877,FALSE,FALSE,FALSE,FALSE,FALSE,FALSE,FALSE,FALSE,FALSE,FALSE,FALSE,FALSE,FALSE,FALSE,FALSE,FALSE,FALSE
"TD71FL","salamat",132.62,105.02,438,17.0241116715101,30.6470014848449,"TCD",2014,1.70241116715101,7.15366945204991,36,0,23.6780451912843,16.0944931575719,0.396849608540277,2.9224876154758,39.8596800042284,0,41.4262790474292,42.6226323950995,16.4383200763855,41.9827556615066,17.148918379495,47.7556859881278,9.80260717551965,5.53028741442803,3.29708338,42.16276169,NA,8.4,3.74153740706877,FALSE,FALSE,FALSE,FALSE,FALSE,FALSE,FALSE,FALSE,FALSE,FALSE,FALSE,FALSE,FALSE,FALSE,FALSE,FALSE,FALSE
"TD71FL","sila",84.4,66.07,416,11.3967171261881,10.3859358839912,"TCD",2014,1.13967171261881,7.15366945204991,36,0,18.7214177122457,11.5086621373342,0.259676848632532,1.92203819527846,37.2617234646845,1.25191943572257,39.9501021253056,42.5864643679466,14.2492844372696,45.1961245445185,17.7904012448827,52.3705903480603,10.8427991939765,0.729979354886425,3.29708338,42.16276169,NA,8.4,3.74153740706877,FALSE,FALSE,FALSE,FALSE,FALSE,FALSE,FALSE,FALSE,FALSE,FALSE,FALSE,FALSE,FALSE,FALSE,FALSE,FALSE,FALSE
"TD71FL","tandjile",171.63,150.79,1121,15.1733611117366,12.3013873548313,"TCD",2014,1.51733611117366,7.15366945204991,36,0,45.3437178310985,22.5558628459707,2.52914531469392,2.71655741273482,81.165462419465,0,28.8111667575766,23.0999614106256,7.69356571560403,36.2558886093356,17.647595874817,34.6393041032035,10.7130375221956,1.7328443567449,3.29708338,42.16276169,NA,8.4,3.74153740706877,FALSE,FALSE,FALSE,FALSE,FALSE,FALSE,FALSE,FALSE,FALSE,FALSE,FALSE,FALSE,FALSE,FALSE,FALSE,FALSE,FALSE
"TD71FL","wadifira",52.99,33.91,450,5.85928716382178,5.29225862879079,"TCD",2014,0.585928716382178,7.15366945204991,36,0,8.86142404737445,7.29178190035006,0.161676633426349,2.69430781232193,22.5577426676105,0,47.7082883141115,51.5996422593302,14.5990300442055,35.8918175156626,19.7209792813096,9.2390361478234,1.95007078605978,0.95573577925303,3.29708338,42.16276169,NA,8.4,3.74153740706877,FALSE,FALSE,FALSE,FALSE,FALSE,FALSE,FALSE,FALSE,FALSE,FALSE,FALSE,FALSE,FALSE,FALSE,FALSE,FALSE,FALSE
"TG61FL","centrale",113.09,92.25,637,49.7373324868125,21.0152512947067,"TGO",2013,4.97373324868125,6.78637662489491,84,-1,95.1822504886594,75.4403236045779,3.31460697524734,2.73162101854997,82.3168369618492,50.5851876421054,21.6254180017733,15.5405084659048,5.24833798411756,17.810700693759,19.5323734761479,72.2398109919774,29.1522326352809,41.2017445254499,4.78670263,39.56414795,NA,41,3.67792335338127,FALSE,FALSE,FALSE,FALSE,FALSE,FALSE,FALSE,FALSE,FALSE,FALSE,FALSE,FALSE,FALSE,FALSE,FALSE,FALSE,FALSE
"TG61FL","kara",108.04,88.71,811,58.1133996279354,18.1235239642292,"TGO",2013,5.81133996279354,6.78637662489491,84,-1,87.0861627362107,56.3843859471393,3.0758343206986,2.28225023642212,82.6170430963924,78.0590550645426,27.292707461322,24.9601514038475,6.53549394290969,21.8979728438811,19.7921570228951,69.0723169512073,16.5904468942349,26.3988410728185,4.78670263,39.56414795,NA,41,3.67792335338127,FALSE,FALSE,FALSE,FALSE,FALSE,FALSE,FALSE,FALSE,FALSE,FALSE,FALSE,FALSE,FALSE,FALSE,FALSE,FALSE,FALSE
"TG61FL","plateaux",99.05,67.93,1650,48.4314461739552,14.3340935734924,"TGO",2013,4.84314461739552,6.78637662489491,84,-1,75.2591442561115,63.4715197446458,3.51418594471583,2.6246843063591,67.4153723826172,50.0357832761874,24.6395486512405,20.5082140817044,5.10327179144976,18.0695583803986,19.8203884073391,46.303949346343,17.5339851320543,28.4418534053319,4.78670263,39.56414795,NA,41,3.67792335338127,FALSE,FALSE,FALSE,FALSE,FALSE,FALSE,FALSE,FALSE,FALSE,FALSE,FALSE,FALSE,FALSE,FALSE,FALSE,FALSE,FALSE
"TG61FL","savanes",93.65,71.63,955,38.9526845511112,13.0137578076347,"TGO",2013,3.89526845511112,6.78637662489491,84,-1,92.858328577999,52.3430116345754,1.49121324092108,1.79925519258328,86.190392804971,61.1765952869192,27.354023049571,29.091470132255,10.0624111441405,26.034695987664,19.2758263567744,51.5972472156314,14.4369019406844,14.8259023375565,4.78670263,39.56414795,NA,41,3.67792335338127,FALSE,FALSE,FALSE,FALSE,FALSE,FALSE,FALSE,FALSE,FALSE,FALSE,FALSE,FALSE,FALSE,FALSE,FALSE,FALSE,FALSE
"TZ63FL","central",58.06,42.46,736,8.23022431462744,12.5714992554802,"TZA",2010,0.823022431462744,6.60195017378459,91,-4,95.0710842779282,41.0564402591631,4.83307296925993,2.27201398822797,88.4334586646741,65.4515809233344,44.5883643145409,29.42521976893,5.87767517510456,18.6467165899739,19.0417140742429,40.4637180922694,7.89445245771196,2.93794270623509,5.22392178,37.18493271,NA,14.8,3.61590364455298,FALSE,FALSE,FALSE,FALSE,FALSE,FALSE,FALSE,FALSE,FALSE,FALSE,FALSE,FALSE,FALSE,FALSE,FALSE,FALSE,FALSE
"TZ63FL","eastern",93.31,48.3,887,15.356977737455,50.9333281165865,"TZA",2010,1.5356977737455,6.60195017378459,91,-4,97.9912198186753,42.7550649552964,6.16712897407727,3.96356580747095,95.1812439889039,26.672411203408,26.5620902037533,19.107109947123,6.13724019251442,12.5693066774771,19.2930665492252,68.054442923599,28.386227211138,34.6085276895935,5.22392178,37.18493271,NA,14.8,3.61590364455298,FALSE,FALSE,FALSE,FALSE,FALSE,FALSE,FALSE,FALSE,FALSE,FALSE,FALSE,FALSE,FALSE,FALSE,FALSE,FALSE,FALSE
"TZ63FL","lake",94.47,71.29,1577,13.4126682788617,14.7316683145399,"TZA",2010,1.34126682788617,6.60195017378459,91,-4,91.4438401889499,35.2056759090379,4.84435610699578,2.79395055477962,89.1274705934287,70.9468402811876,31.2869840559081,17.7987993670846,4.11185934560187,27.3785076372742,18.6207607125286,35.1045433953912,13.0300659585076,6.94716856568701,5.22392178,37.18493271,NA,14.8,3.61590364455298,FALSE,FALSE,FALSE,FALSE,FALSE,FALSE,FALSE,FALSE,FALSE,FALSE,FALSE,FALSE,FALSE,FALSE,FALSE,FALSE,FALSE
"TZ63FL","northern",53.9,27.86,1018,7.51415198178937,17.0368499541592,"TZA",2010,0.751415198178937,6.60195017378459,91,-4,92.0671727270586,40.1447333183811,5.60316241583843,3.29025211014025,87.9171651114978,59.6589693139374,34.7899067043083,26.4938562514893,5.47837305263459,22.8900027860518,19.6738981159095,56.6301484517283,16.4503878156302,17.2744806883224,5.22392178,37.18493271,NA,14.8,3.61590364455298,FALSE,FALSE,FALSE,FALSE,FALSE,FALSE,FALSE,FALSE,FALSE,FALSE,FALSE,FALSE,FALSE,FALSE,FALSE,FALSE,FALSE
"TZ63FL","southern",66.55,44.28,623,9.96574498054179,14.3920247295207,"TZA",2010,0.996574498054179,6.60195017378459,91,-4,93.9544076452592,53.5727528052,5.49574733127638,2.63847103709918,90.0998409967664,56.0580250746632,38.9602924891504,24.3053826467124,3.2268150672149,11.0909304204541,18.6899628129461,43.4802354123378,28.6102653554451,6.63159487885445,5.22392178,37.18493271,NA,14.8,3.61590364455298,FALSE,FALSE,FALSE,FALSE,FALSE,FALSE,FALSE,FALSE,FALSE,FALSE,FALSE,FALSE,FALSE,FALSE,FALSE,FALSE,FALSE
"TZ63FL","southernhighlands",92.93,61.64,1067,6.12717900245367,15.6793515262068,"TZA",2010,0.612717900245367,6.60195017378459,91,-4,81.8539505584838,37.3605367380322,5.37983026431483,3.2200174389392,83.9886104188414,54.2009724863666,43.3349503337839,17.1937757974955,1.68666295471456,19.0821018061374,18.9600332773096,49.8210560682012,24.9927664570101,11.3998512962921,5.22392178,37.18493271,NA,14.8,3.61590364455298,FALSE,FALSE,FALSE,FALSE,FALSE,FALSE,FALSE,FALSE,FALSE,FALSE,FALSE,FALSE,FALSE,FALSE,FALSE,FALSE,FALSE
"TZ63FL","western",87.81,69.33,1560,7.57691336776077,13.1661685165381,"TZA",2010,0.757691336776077,6.60195017378459,91,-4,74.9083352283587,30.4285180346896,4.23109884272817,2.55304806999985,68.2408771368264,55.1313061873272,33.0953576805842,16.5564580565084,2.18533772279547,24.5896924821592,18.6808400648106,37.1902937580735,13.0472229584744,8.68304328217281,5.22392178,37.18493271,NA,14.8,3.61590364455298,FALSE,FALSE,FALSE,FALSE,FALSE,FALSE,FALSE,FALSE,FALSE,FALSE,FALSE,FALSE,FALSE,FALSE,FALSE,FALSE,FALSE
"TZ63FL","zanzibar",74.21,36.35,208,9.02289631271956,35.6712662371479,"TZA",2010,0.902289631271956,6.60195017378459,91,-4,94.6441616956193,35.3681054907352,6.23366639889254,3.95812238855085,85.0286521910015,11.1191530193706,23.8280277829835,23.8391235896882,11.4618439482908,28.4699021175667,19.7837629427806,77.1163520337537,56.8760864408635,36.3986793660544,5.22392178,37.18493271,NA,14.8,3.61590364455298,FALSE,FALSE,FALSE,FALSE,FALSE,FALSE,FALSE,FALSE,FALSE,FALSE,FALSE,FALSE,FALSE,FALSE,FALSE,FALSE,FALSE
"TZ7BFL","central",52.31,26.2,1074,3.05272027391161,14.1150171770135,"TZA",2015,0.305272027391161,6.84495106036383,96,1,98.2249492852877,60.0583721183135,5.46972533689199,2.50212863640334,93.0596921932067,69.0970221841292,26.7702542252784,21.6880721788633,5.76262508033224,21.1199061503039,19.2212821804396,55.4742012679551,16.0907293959944,6.94390341982206,3.64969945,33.27184296,NA,26.2,3.50471148254488,FALSE,FALSE,FALSE,FALSE,FALSE,FALSE,FALSE,FALSE,FALSE,FALSE,FALSE,FALSE,FALSE,FALSE,FALSE,FALSE,FALSE
"TZ7BFL","eastern",81.78,42.58,1295,7.6884876436828,64.610605536351,"TZA",2015,0.76884876436828,6.84495106036383,96,1,93.9722264598424,86.6857605959113,7.1509798645529,4.16591732477137,91.8010064383069,46.1975847166754,18.7275909741741,11.2767469894402,4.46660704857551,16.403439150677,19.9088778333177,71.6348133954928,69.845900742089,50.1871571131003,3.64969945,33.27184296,NA,26.2,3.50471148254488,FALSE,FALSE,FALSE,FALSE,FALSE,FALSE,FALSE,FALSE,FALSE,FALSE,FALSE,FALSE,FALSE,FALSE,FALSE,FALSE,FALSE
"TZ7BFL","lake",75.62,56.2,2975,16.4298727241717,18.6979539151502,"TZA",2015,1.64298727241717,6.84495106036383,96,1,86.9694945956261,49.7539887526904,5.45941137626533,2.74192085155923,82.2824722219386,64.7395780908231,28.3627214640182,17.8021965386105,3.78497718966731,29.920963414114,18.7523102747388,53.3303791374678,20.2633862875506,12.7557148869582,3.64969945,33.27184296,NA,26.2,3.50471148254488,FALSE,FALSE,FALSE,FALSE,FALSE,FALSE,FALSE,FALSE,FALSE,FALSE,FALSE,FALSE,FALSE,FALSE,FALSE,FALSE,FALSE
"TZ7BFL","northern",46.45,29.32,874,4.70953353708079,29.72009037326,"TZA",2015,0.470953353708079,6.84495106036383,96,1,94.3837844776681,67.0217807525256,6.32613576714881,3.52181988862743,88.2636478809261,55.119346828163,28.6426208929848,21.1509799565839,4.30251921750359,20.006290376695,20.0802553194724,78.9344695452624,49.9327605328687,32.6152760919185,3.64969945,33.27184296,NA,26.2,3.50471148254488,FALSE,FALSE,FALSE,FALSE,FALSE,FALSE,FALSE,FALSE,FALSE,FALSE,FALSE,FALSE,FALSE,FALSE,FALSE,FALSE,FALSE
"TZ7BFL","southern",57.18,16.06,398,18.4903787344032,20.4740669322405,"TZA",2015,1.84903787344032,6.84495106036383,96,1,90.5642967207867,81.0600303028758,5.3390156315472,2.69437833534778,87.5325991079618,36.034135992016,28.2015020541987,15.8858091673765,2.74050480607944,11.6857820021457,18.6747346632731,58.7440542759406,15.8963603777034,9.74844040593446,3.64969945,33.27184296,NA,26.2,3.50471148254488,FALSE,FALSE,FALSE,FALSE,FALSE,FALSE,FALSE,FALSE,FALSE,FALSE,FALSE,FALSE,FALSE,FALSE,FALSE,FALSE,FALSE
"TZ7BFL","southernhighlands",52.45,23.74,523,8.01613447224215,27.1086698076138,"TZA",2015,0.801613447224215,6.84495106036383,96,1,97.1723876345075,87.9417427891325,6.74592870569962,3.34076220157842,91.5987920208506,57.6062233245443,36.4344169177379,16.250294427465,2.04370635705163,14.0959744921394,19.3890483065275,60.1126793221086,34.3583445472477,20.1582956033125,3.64969945,33.27184296,NA,26.2,3.50471148254488,FALSE,FALSE,FALSE,FALSE,FALSE,FALSE,FALSE,FALSE,FALSE,FALSE,FALSE,FALSE,FALSE,FALSE,FALSE,FALSE,FALSE
"TZ7BFL","southwesthighlands",82.98,52.64,918,6.05283596904214,22.2808579802762,"TZA",2015,0.605283596904214,6.84495106036383,96,1,87.9313032107946,62.0295270473112,5.89418732253458,2.90063130228791,83.2097575792266,72.1813342769375,35.6794695005488,20.1822749888552,4.0891032741186,20.9708749155304,19.1025720989842,46.0584646902843,25.7426866397491,13.6079148602189,3.64969945,33.27184296,NA,26.2,3.50471148254488,FALSE,FALSE,FALSE,FALSE,FALSE,FALSE,FALSE,FALSE,FALSE,FALSE,FALSE,FALSE,FALSE,FALSE,FALSE,FALSE,FALSE
"TZ7BFL","western",58.66,38.41,1127,16.1660275142693,14.0662326513888,"TZA",2015,1.61660275142693,6.84495106036383,96,1,77.9391983066191,49.6745480745749,4.73401859954725,2.34826454503352,78.4911245938649,80.7473690855646,25.1325551304864,20.0363018543019,4.80073646197358,26.1043124373538,19.0135883100403,46.2181360535342,17.350463927885,9.2499703709389,3.64969945,33.27184296,NA,26.2,3.50471148254488,FALSE,FALSE,FALSE,FALSE,FALSE,FALSE,FALSE,FALSE,FALSE,FALSE,FALSE,FALSE,FALSE,FALSE,FALSE,FALSE,FALSE
"TZ7BFL","zanzibar",50.59,24.13,241,3.61660767931202,27.0820667781737,"TZA",2015,0.361660767931202,6.84495106036383,96,1,93.0506109128584,65.9785261425978,7.33613012431003,4.18355843631257,88.3611728999764,26.6783007675129,18.1379689997498,16.8995104101096,6.41780534791579,28.279663352736,20.689450263991,95.1239027026619,70.3496109856568,46.3993214512571,3.64969945,33.27184296,NA,26.2,3.50471148254488,FALSE,FALSE,FALSE,FALSE,FALSE,FALSE,FALSE,FALSE,FALSE,FALSE,FALSE,FALSE,FALSE,FALSE,FALSE,FALSE,FALSE
"TZ82FL","central",26.01,13.09,1050,6.06123765170369,15.1891191424156,"TZA",2022,0.606123765170369,7.09632447016986,87,8,96.98661980703,77.643563198039,6.39391241341772,2.79449127599774,89.4156931576078,56.1526006398674,28.6426208929848,19.107109947123,4.30251921750359,18.3109893211601,19.6811949599168,63.0263761950115,72.7096813965452,31.1308867917576,3.13497496,35.93323135,NA,45.8,3.5816625316766,FALSE,FALSE,FALSE,FALSE,FALSE,FALSE,TRUE,TRUE,TRUE,FALSE,FALSE,FALSE,FALSE,FALSE,FALSE,FALSE,FALSE
"TZ82FL","eastern",71.34,20.51,1364,8.6821532287168,63.513359878774,"TZA",2022,0.86821532287168,7.09632447016986,87,8,95.7428230757583,90.7445212754462,7.55757953067311,3.91957244864413,92.8157392077041,71.3810628504881,28.6426208929848,19.107109947123,4.30251921750359,13.4392457884419,19.8799580665074,85.5304464528307,88.0745891767121,62.140074443913,3.13497496,35.93323135,NA,45.8,3.5816625316766,FALSE,FALSE,FALSE,FALSE,FALSE,FALSE,TRUE,TRUE,TRUE,FALSE,FALSE,FALSE,FALSE,FALSE,FALSE,FALSE,FALSE
"TZ82FL","lake",37.21,17.49,3431,8.88441887143253,25.4127071839087,"TZA",2022,0.888441887143253,7.09632447016986,87,8,89.0075526839363,76.9003622028108,6.02716609534882,3.14697757041083,86.4674779929611,81.5634921190411,28.6426208929848,19.107109947123,4.30251921750359,27.3533209027612,19.195580029558,67.9810113538365,68.5582464370599,31.301296700915,3.13497496,35.93323135,NA,45.8,3.5816625316766,FALSE,FALSE,FALSE,FALSE,FALSE,FALSE,TRUE,TRUE,TRUE,FALSE,FALSE,FALSE,FALSE,FALSE,FALSE,FALSE,FALSE
"TZ82FL","northern",36.13,13.09,1099,7.94522000886493,19.3742417064057,"TZA",2022,0.794522000886493,7.09632447016986,87,8,90.9843712372095,72.7357468440298,6.90532067304198,3.08676084285293,80.8542197808156,56.6632555657384,28.6426208929848,19.107109947123,4.30251921750359,18.3230372279589,19.9464032399461,69.077694928788,73.6678378507743,42.0158206620411,3.13497496,35.93323135,NA,45.8,3.5816625316766,FALSE,FALSE,FALSE,FALSE,FALSE,FALSE,TRUE,TRUE,TRUE,FALSE,FALSE,FALSE,FALSE,FALSE,FALSE,FALSE,FALSE
"TZ82FL","southern",16.18,12.34,385,15.0652276586832,20.0352511748986,"TZA",2022,1.50652276586832,7.09632447016986,87,8,93.6339180208877,97.0530569157734,6.1341363106181,2.60594480393994,84.2299928043948,62.544443507559,28.6426208929848,19.107109947123,4.30251921750359,6.26445812788867,19.2057686135522,65.2946652993509,73.3259580762364,19.9137459784167,3.13497496,35.93323135,NA,45.8,3.5816625316766,FALSE,FALSE,FALSE,FALSE,FALSE,FALSE,TRUE,TRUE,TRUE,FALSE,FALSE,FALSE,FALSE,FALSE,FALSE,FALSE,FALSE
"TZ82FL","southernhighlands",58.25,22.96,546,8.57333000086179,24.0649636845596,"TZA",2022,0.857333000086179,7.09632447016986,87,8,97.315583414199,98.5380637880776,7.46687721574849,3.22758041196048,91.5504725282047,49.0764748723729,28.6426208929848,19.107109947123,4.30251921750359,13.5381170980427,19.7390312101292,78.1777727600392,88.5570446083194,31.5553872013824,3.13497496,35.93323135,NA,45.8,3.5816625316766,FALSE,FALSE,FALSE,FALSE,FALSE,FALSE,TRUE,TRUE,TRUE,FALSE,FALSE,FALSE,FALSE,FALSE,FALSE,FALSE,FALSE
"TZ82FL","southwesthighlands",49,30.44,969,6.68421095955214,24.5815349431326,"TZA",2022,0.668421095955214,7.09632447016986,87,8,83.178306427537,84.5489743424562,5.95823418345348,2.94880545645153,80.0273175119441,81.0581937620187,28.6426208929848,19.107109947123,4.30251921750359,19.4175666951997,19.0284168342377,65.0968849235187,72.9092152655464,31.3340055100979,3.13497496,35.93323135,NA,45.8,3.5816625316766,FALSE,FALSE,FALSE,FALSE,FALSE,FALSE,TRUE,TRUE,TRUE,FALSE,FALSE,FALSE,FALSE,FALSE,FALSE,FALSE,FALSE
"TZ82FL","western",50,24.88,1036,12.8103842947635,11.3916856080531,"TZA",2022,1.28103842947635,7.09632447016986,87,8,80.4243030210594,82.0165999737278,4.68899753288619,2.33733031598256,81.5708026484225,70.1673345978678,28.6426208929848,19.107109947123,4.30251921750359,26.3256642347838,18.6897871292442,59.9729676141098,45.3871707431355,15.426839034603,3.13497496,35.93323135,NA,45.8,3.5816625316766,FALSE,FALSE,FALSE,FALSE,FALSE,FALSE,TRUE,TRUE,TRUE,FALSE,FALSE,FALSE,FALSE,FALSE,FALSE,FALSE,FALSE
"TZ82FL","zanzibar",34.74,9.56,313,4.89340397138576,29.8725763347681,"TZA",2022,0.489340397138576,7.09632447016986,87,8,93.9386904929158,86.704547534789,8.43159178261247,4.10219570532068,84.7252485544133,45.1250583037516,28.6426208929848,19.107109947123,4.30251921750359,27.4202915392103,21.1353614077026,94.9789051113769,88.9146561989779,67.0512247836038,3.13497496,35.93323135,NA,45.8,3.5816625316766,FALSE,FALSE,FALSE,FALSE,FALSE,FALSE,TRUE,TRUE,TRUE,FALSE,FALSE,FALSE,FALSE,FALSE,FALSE,FALSE,FALSE
"UG41FL","central",135.03,105.34,2004,40.6220648257693,24.8408881310088,"UGA",2000,4.06220648257693,5.55315467725067,52,-14,38.2599695722617,56.9620050869553,5.65188352237081,3,50.9111843755787,99.8327845755994,34.5598641966076,19.8955780220106,3.64255537701511,36.3029788184528,17.918892810092,53.3293826887047,6.58359149814333,19.5487166179991,5.0827775,16.42602158,NA,7.4,2.79886675908799,FALSE,FALSE,FALSE,FALSE,TRUE,FALSE,FALSE,FALSE,FALSE,FALSE,FALSE,FALSE,FALSE,FALSE,FALSE,FALSE,FALSE
"UG41FL","eastern",137.67,112.67,2085,52.0582632694432,7.68259257148121,"UGA",2000,5.20582632694432,5.55315467725067,52,-14,44.7851706759642,35.6824610781528,3.9532389593973,3,53.2114463251325,99.0408499627449,35.4404009285649,22.4675818975567,4.298071637687,32.1806553207245,17.7723832015138,57.6639390376482,2.50554691656089,4.38601773933617,5.0827775,16.42602158,NA,7.4,2.79886675908799,FALSE,FALSE,FALSE,FALSE,TRUE,FALSE,FALSE,FALSE,FALSE,FALSE,FALSE,FALSE,FALSE,FALSE,FALSE,FALSE,FALSE
"UG41FL","northern",176.97,131.37,1200,58.730960932994,5.01463106437381,"UGA",2000,5.8730960932994,5.55315467725067,52,-14,44.9296936674066,24.6015668082556,2.45668414776403,3,57.8763460188979,98.0124933942453,36.8699626176456,24.9786476374138,3.79392049741523,31.177899659422,18.1809030237193,60.8593536803652,3.12058183249357,2.02761635367672,5.0827775,16.42602158,NA,7.4,2.79886675908799,FALSE,FALSE,FALSE,FALSE,TRUE,FALSE,FALSE,FALSE,FALSE,FALSE,FALSE,FALSE,FALSE,FALSE,FALSE,FALSE,FALSE
"UG41FL","western",169.3,130.75,1783,47.8492533905535,3.12691974397783,"UGA",2000,4.78492533905535,5.55315467725067,52,-14,57.879450113429,21.7931369235466,3.34541920144664,3,67.5853101458379,100,47.8203642272225,23.6833089428896,4.31177806884449,36.4997016654384,18.5999032973835,34.9056388370837,1.7026714435574,2.29956289476491,5.0827775,16.42602158,NA,7.4,2.79886675908799,FALSE,FALSE,FALSE,FALSE,TRUE,FALSE,FALSE,FALSE,FALSE,FALSE,FALSE,FALSE,FALSE,FALSE,FALSE,FALSE,FALSE
"UG52FL","central1",129.58,82.85,777,22.366575900048,4.59480031037413,"UGA",2006,2.2366575900048,5.84793550212137,64,-8,8.16683343264997,52.1822703804894,5.46324598979878,3.86324570769565,59.9463402118718,64.4972144296994,29.8050278427324,14.5221156337425,4.26484042310978,37.1996922509191,18.0431908013603,44.4524266887664,95.7949372184937,15.6233340173051,6.463305,31.60310555,NA,9,3.45325539266274,FALSE,FALSE,FALSE,FALSE,FALSE,FALSE,FALSE,FALSE,FALSE,FALSE,FALSE,FALSE,FALSE,FALSE,FALSE,FALSE,FALSE
"UG52FL","central2",114.9,94.06,720,41.7924897673644,8.25879183750185,"UGA",2006,4.17924897673644,5.84793550212137,64,-8,15.3212985309785,52.3411166072868,5.3621238927077,3.77371686687037,67.2045010556563,59.6059434716158,21.4038951149029,13.1673863366406,2.19183110517203,36.8263401942049,17.7893551793929,63.7735617078391,97.5256844112774,9.08247715189848,6.463305,31.60310555,NA,9,3.45325539266274,FALSE,FALSE,FALSE,FALSE,FALSE,FALSE,FALSE,FALSE,FALSE,FALSE,FALSE,FALSE,FALSE,FALSE,FALSE,FALSE,FALSE
"UG52FL","eastcentral",114.02,93.71,864,61.832532632374,5.83004937152725,"UGA",2006,6.1832532632374,5.84793550212137,64,-8,21.629549856818,54.6465279759697,4.70483521981051,3.27326546823255,58.3166725058264,40.7987426600163,31.7234320475307,28.9790301106153,9.74346379147723,33.9147504270781,17.679063834803,77.1850669947543,89.7749772707442,3.2991857809379,6.463305,31.60310555,NA,9,3.45325539266274,FALSE,FALSE,FALSE,FALSE,FALSE,FALSE,FALSE,FALSE,FALSE,FALSE,FALSE,FALSE,FALSE,FALSE,FALSE,FALSE,FALSE
"UG52FL","eastern",97.45,79.05,1227,40.5504062705236,5.07600854365969,"UGA",2006,4.05504062705236,5.84793550212137,64,-8,12.4871706593668,40.4647102367585,4.37947209141088,2.3849159865712,63.5537129436584,65.04778189972,28.1268781870785,16.2433886697609,2.34444389946372,30.9480557627363,18.0140418115391,79.0212708312961,69.8560438969483,2.21716848190754,6.463305,31.60310555,NA,9,3.45325539266274,FALSE,FALSE,FALSE,FALSE,FALSE,FALSE,FALSE,FALSE,FALSE,FALSE,FALSE,FALSE,FALSE,FALSE,FALSE,FALSE,FALSE
"UG52FL","kampala",88.12,73.17,371,14.0546955542786,100,"UGA",2006,1.40546955542786,5.84793550212137,64,-8,20.9574674718624,89.4743182030442,8.1865478233195,4.93008674977673,71.2508707571866,56.0878235020736,19.1308665181814,12.617776996305,7.52627090980608,31.9103145604544,18.8938412477075,91.0749729380983,98.1457573118882,57.1097176740799,6.463305,31.60310555,NA,9,3.45325539266274,FALSE,FALSE,FALSE,FALSE,FALSE,FALSE,FALSE,FALSE,FALSE,FALSE,FALSE,FALSE,FALSE,FALSE,FALSE,FALSE,FALSE
"UG52FL","north",153.6,120.18,1405,46.749753916009,9.71182584877723,"UGA",2006,4.6749753916009,5.84793550212137,64,-8,23.9031240696719,30.5073757608454,2.78397600648454,1.70885695110929,79.153211844785,59.4010077366448,34.1933413819729,27.8568026139393,5.63791616074306,31.3571126995026,18.4248743470528,71.2501412907007,67.7914516733179,0.856298732870899,6.463305,31.60310555,NA,9,3.45325539266274,FALSE,FALSE,FALSE,FALSE,FALSE,FALSE,FALSE,FALSE,FALSE,FALSE,FALSE,FALSE,FALSE,FALSE,FALSE,FALSE,FALSE
"UG52FL","southwest",133.87,104.59,1000,28.0824153071544,6.34592705524522,"UGA",2006,2.80824153071544,5.84793550212137,64,-8,11.6803726326613,31.2263956922185,4.02001763956213,3.15220590468745,67.3864255675531,57.6674181336557,42.6672553356429,23.1599205173002,9.89839674683822,35.0406014032591,18.8299966679447,49.1225444621803,97.8666708437298,4.89945586898997,6.463305,31.60310555,NA,9,3.45325539266274,FALSE,FALSE,FALSE,FALSE,FALSE,FALSE,FALSE,FALSE,FALSE,FALSE,FALSE,FALSE,FALSE,FALSE,FALSE,FALSE,FALSE
"UG52FL","western",137.43,109.54,1220,51.5932884685073,5.04834696605197,"UGA",2006,5.15932884685073,5.84793550212137,64,-8,21.277559171325,30.4471536218114,3.4115984564919,2.99410355530723,75.2990602574442,73.2514810089231,33.3289925081014,16.8142132714842,3.93025618730101,32.5070707327223,17.6758338302305,60.6273917424028,92.4115736454486,3.8118547936083,6.463305,31.60310555,NA,9,3.45325539266274,FALSE,FALSE,FALSE,FALSE,FALSE,FALSE,FALSE,FALSE,FALSE,FALSE,FALSE,FALSE,FALSE,FALSE,FALSE,FALSE,FALSE
"UG52FL","westnile",164.41,143.44,447,46.8360672470464,14.9779673328515,"UGA",2006,4.68360672470464,5.84793550212137,64,-8,11.2946209488482,33.7229935596527,3.05123940352142,2.48084215223757,64.902832048379,86.1473731502653,32.2021425104901,22.0810919687597,4.84469162735969,25.8535678974293,18.7896986095201,70.3362600180122,86.0245511097418,1.56526153233691,6.463305,31.60310555,NA,9,3.45325539266274,FALSE,FALSE,FALSE,FALSE,FALSE,FALSE,FALSE,FALSE,FALSE,FALSE,FALSE,FALSE,FALSE,FALSE,FALSE,FALSE,FALSE
"UG5AFL","central1",66.48,56.04,280,26.9808292838122,0,"UGA",2009,2.69808292838122,6.68329472322098,79,-5,57.879450113429,56.9620050869553,5.72248620447845,3.73468168858938,72.9689311205847,100,29.4563419892517,16.600303124606,3.96898448583944,34.906709390835,17.8055247392313,74.5852437595671,97.4695674370861,9.48689028480824,5.78845549,44.3670578,NA,10,3.79249725262197,TRUE,TRUE,TRUE,FALSE,FALSE,FALSE,TRUE,TRUE,TRUE,FALSE,FALSE,FALSE,FALSE,FALSE,FALSE,FALSE,FALSE
"UG5AFL","central2",113.71,77.94,314,46.5812862962288,13.8164091679047,"UGA",2009,4.65812862962288,6.68329472322098,79,-5,57.879450113429,56.9620050869553,5.45103613077685,3.67638557177949,72.9689311205847,90.5042639797228,29.4563419892517,16.600303124606,3.96898448583944,38.5958963021888,17.5590963742379,66.8864016072899,98.0756484732195,12.3038613023278,5.78845549,44.3670578,NA,10,3.79249725262197,TRUE,TRUE,TRUE,FALSE,FALSE,FALSE,TRUE,TRUE,TRUE,FALSE,FALSE,FALSE,FALSE,FALSE,FALSE,FALSE,FALSE
"UG5AFL","eastcentral",72.97,44.74,552,74.6293602807206,35.3263233366341,"UGA",2009,7.46293602807206,6.68329472322098,79,-5,57.879450113429,56.9620050869553,5.98581201247375,3.54767024719728,72.9689311205847,93.2606027419058,29.4563419892517,16.600303124606,3.96898448583944,39.5160240322775,17.757676036268,79.4475342799898,98.3109220829282,12.7412354323481,5.78845549,44.3670578,NA,10,3.79249725262197,TRUE,TRUE,TRUE,FALSE,FALSE,FALSE,TRUE,TRUE,TRUE,FALSE,FALSE,FALSE,FALSE,FALSE,FALSE,FALSE,FALSE
"UG5AFL","kampala",122.33,57.93,139,13.0740848343307,100,"UGA",2009,1.30740848343307,6.68329472322098,79,-5,57.879450113429,56.9620050869553,8.19326474214521,4.79149011850652,72.9689311205847,90.4294600144375,29.4563419892517,16.600303124606,3.96898448583944,32.9107379988851,18.9591164962116,95.9405907061757,98.6724967252381,62.8266011252453,5.78845549,44.3670578,NA,10,3.79249725262197,TRUE,TRUE,TRUE,FALSE,FALSE,FALSE,TRUE,TRUE,TRUE,FALSE,FALSE,FALSE,FALSE,FALSE,FALSE,FALSE,FALSE
"UG5AFL","mideastern",50.88,39.57,425,47.9813228509083,5.91639325320198,"UGA",2009,4.79813228509083,6.68329472322098,79,-5,57.879450113429,56.9620050869553,4.5423541873608,2.75671595668247,72.9689311205847,100,29.4563419892517,16.600303124606,3.96898448583944,36.989720820173,17.989121069869,57.5342640287611,92.115759570273,3.32130515733957,5.78845549,44.3670578,NA,10,3.79249725262197,TRUE,TRUE,TRUE,FALSE,FALSE,FALSE,TRUE,TRUE,TRUE,FALSE,FALSE,FALSE,FALSE,FALSE,FALSE,FALSE,FALSE
"UG5AFL","midnorthern",105.57,63.16,579,57.8227463138976,0,"UGA",2009,5.78227463138976,6.68329472322098,79,-5,57.879450113429,56.9620050869553,3.63749385301332,1.85951221610137,72.9689311205847,99.0193689283948,29.4563419892517,16.600303124606,3.96898448583944,31.2741904849658,17.5182276283117,77.4288583869509,84.6407791884877,0,5.78845549,44.3670578,NA,10,3.79249725262197,TRUE,TRUE,TRUE,FALSE,FALSE,FALSE,TRUE,TRUE,TRUE,FALSE,FALSE,FALSE,FALSE,FALSE,FALSE,FALSE,FALSE
"UG5AFL","midwestern",95.33,66.38,347,40.9280702973387,7.30104438762144,"UGA",2009,4.09280702973387,6.68329472322098,79,-5,57.879450113429,56.9620050869553,4.01157684524684,2.98043671927763,72.9689311205847,100,29.4563419892517,16.600303124606,3.96898448583944,32.3466552236658,18.1919405117095,60.6544731318934,91.7655756422508,8.37114475772664,5.78845549,44.3670578,NA,10,3.79249725262197,TRUE,TRUE,TRUE,FALSE,FALSE,FALSE,TRUE,TRUE,TRUE,FALSE,FALSE,FALSE,FALSE,FALSE,FALSE,FALSE,FALSE
"UG5AFL","northeast",81.31,66.51,326,33.251141232067,4.77060233004471,"UGA",2009,3.3251141232067,6.68329472322098,79,-5,57.879450113429,56.9620050869553,4.28095438118095,2.19015765694495,72.9689311205847,95.3831683212479,29.4563419892517,16.600303124606,3.96898448583944,32.3786706949675,18.715041356657,96.5709191363558,62.3345314504434,3.93743929254724,5.78845549,44.3670578,NA,10,3.79249725262197,TRUE,TRUE,TRUE,FALSE,FALSE,FALSE,TRUE,TRUE,TRUE,FALSE,FALSE,FALSE,FALSE,FALSE,FALSE,FALSE,FALSE
"UG5AFL","westnile",98.67,83.58,313,56.2065345147047,7.68336407702631,"UGA",2009,5.62065345147047,6.68329472322098,79,-5,57.879450113429,56.9620050869553,3.05925432244958,2.22189150968405,72.9689311205847,100,29.4563419892517,16.600303124606,3.96898448583944,29.9521017120708,18.0925829384965,80.031814886603,93.6822160341133,0.579650134772323,5.78845549,44.3670578,NA,10,3.79249725262197,TRUE,TRUE,TRUE,FALSE,FALSE,FALSE,TRUE,TRUE,TRUE,FALSE,FALSE,FALSE,FALSE,FALSE,FALSE,FALSE,FALSE
"UG7BFL","acholi",50.01,28.88,758,43.5758060398776,17.742829418938,"UGA",2016,4.35758060398776,6.62366218739434,93,2,85.0104588297365,84.1336791284669,4.95039164775746,3,84.3270982953993,81.4578828195638,24.2274180062591,18.8323059980409,4.09030730326373,29.2381869374628,18.080499219339,80.5969890690916,28.262140584121,10.413801673091,5.01553297,39.08125305,NA,26.7,3.66564289037601,FALSE,FALSE,FALSE,FALSE,FALSE,FALSE,FALSE,FALSE,FALSE,FALSE,FALSE,FALSE,FALSE,FALSE,FALSE,FALSE,FALSE
"UG7BFL","ankole",56.79,37.81,1230,10.5493291969372,23.1192797593809,"UGA",2016,1.05493291969372,6.62366218739434,93,2,84.5095044706579,70.5829941361129,5.85435120590848,3,81.3479116988111,81.5023280612233,23.9564368781548,13.4958666614373,1.71928839416919,33.6103349306767,19.5558770182259,50.8652544677,25.1962208522187,28.8436384575263,5.01553297,39.08125305,NA,26.7,3.66564289037601,FALSE,FALSE,FALSE,FALSE,FALSE,FALSE,FALSE,FALSE,FALSE,FALSE,FALSE,FALSE,FALSE,FALSE,FALSE,FALSE,FALSE
"UG7BFL","bukedi",56,31.75,1006,23.829893502169,11.8924673924549,"UGA",2016,2.3829893502169,6.62366218739434,93,2,77.7310835913165,66.0018279334145,5.67306328762043,3,75.7534843089936,53.7531599930203,15.3734045689746,12.4240627140683,3.28491151598121,32.4168430890281,18.0801980457785,93.4866396723328,30.1013285238309,9.25639720663713,5.01553297,39.08125305,NA,26.7,3.66564289037601,FALSE,FALSE,FALSE,FALSE,FALSE,FALSE,FALSE,FALSE,FALSE,FALSE,FALSE,FALSE,FALSE,FALSE,FALSE,FALSE,FALSE
"UG7BFL","bunyoro",83.18,52.82,820,23.865457672693,11.6861488954964,"UGA",2016,2.3865457672693,6.62366218739434,93,2,81.030580242069,56.8635778673304,4.98004232109617,3,84.2701346653046,82.8931008495702,29.4563419892517,11.7633389379605,2.42028920688417,32.551764562688,18.5546656142628,77.2351233420706,29.0149531317219,33.7517461174217,5.01553297,39.08125305,NA,26.7,3.66564289037601,FALSE,FALSE,FALSE,FALSE,FALSE,FALSE,FALSE,FALSE,FALSE,FALSE,FALSE,FALSE,FALSE,FALSE,FALSE,FALSE,FALSE
"UG7BFL","busoga",83.66,56.17,1484,39.9540632331809,10.1985513906578,"UGA",2016,3.99540632331809,6.62366218739434,93,2,72.8067577954839,76.4972450235446,6.10803363301326,3.00000000000001,69.7566367207355,63.4223271318388,20.8372646244806,10.735532578943,2.11397657988977,36.8132865101301,17.9366595712761,89.3332148548678,46.9648762942156,25.0582447882889,5.01553297,39.08125305,NA,26.7,3.66564289037601,FALSE,FALSE,FALSE,FALSE,FALSE,FALSE,FALSE,FALSE,FALSE,FALSE,FALSE,FALSE,FALSE,FALSE,FALSE,FALSE,FALSE
"UG7BFL","kampala",52.7,25.39,520,8.06343842923729,100,"UGA",2016,0.806343842923729,6.62366218739434,93,2,81.206561247923,94.3427366417772,9.41604123867408,3,82.3096289041823,56.6256139318026,13.8346480457416,9.94317608548219,3.12173862563933,30.139536860228,19.6782175381545,97.7495848853489,91.4452068321737,89.8855550151822,5.01553297,39.08125305,NA,26.7,3.66564289037601,FALSE,FALSE,FALSE,FALSE,FALSE,FALSE,FALSE,FALSE,FALSE,FALSE,FALSE,FALSE,FALSE,FALSE,FALSE,FALSE,FALSE
"UG7BFL","karamoja",108.2,68.76,396,54.0312114268928,19.0573949132088,"UGA",2016,5.40312114268928,6.62366218739434,93,2,86.5441922431808,71.1748381403184,1.46070413028258,3,91.0032123922657,87.1754364173244,30.089903362208,29.5655182203771,11.1738637007565,35.527434104,20.0526168294672,89.7296286625211,5.35663020475968,5.95079035878042,5.01553297,39.08125305,NA,26.7,3.66564289037601,FALSE,FALSE,FALSE,FALSE,FALSE,FALSE,FALSE,FALSE,FALSE,FALSE,FALSE,FALSE,FALSE,FALSE,FALSE,FALSE,FALSE
"UG7BFL","kigezi",53.05,35.59,501,11.0586151384509,13.0360491638242,"UGA",2016,1.10586151384509,6.62366218739434,93,2,88.7250758274568,69.6754393579631,5.57552915773472,3,95.6343912015416,77.0388101549517,22.1196519912748,12.1202459784372,3.96898448583944,32.50885609623,20.0220400863064,62.9135278063679,21.2448413864419,20.9814273525368,5.01553297,39.08125305,NA,26.7,3.66564289037601,FALSE,FALSE,FALSE,FALSE,FALSE,FALSE,FALSE,FALSE,FALSE,FALSE,FALSE,FALSE,FALSE,FALSE,FALSE,FALSE,FALSE
"UG7BFL","lango",51.72,28.27,818,43.5103244050755,7.07590182997227,"UGA",2016,4.35103244050755,6.62366218739434,93,2,81.9173659815854,66.3031573466266,5.06802406970688,3,72.9689311205847,87.051622436228,16.7562000168172,10.3978824086162,4.61136129005653,25.6050917905137,17.8355467034797,83.2776570500876,16.7008612730913,8.09126675876067,5.01553297,39.08125305,NA,26.7,3.66564289037601,FALSE,FALSE,FALSE,FALSE,FALSE,FALSE,FALSE,FALSE,FALSE,FALSE,FALSE,FALSE,FALSE,FALSE,FALSE,FALSE,FALSE
"UG7BFL","teso",48.32,30.75,896,35.6873248554957,7.50898449345327,"UGA",2016,3.56873248554957,6.62366218739434,93,2,91.494406328298,73.8616821793092,5.88234118987229,3,87.5582157617125,59.641502916455,7.74243234965161,7.41488628554293,1.96187244797892,32.3352459859113,18.5255143625974,92.5684189447821,32.2528744552862,8.81600609269864,5.01553297,39.08125305,NA,26.7,3.66564289037601,FALSE,FALSE,FALSE,FALSE,FALSE,FALSE,FALSE,FALSE,FALSE,FALSE,FALSE,FALSE,FALSE,FALSE,FALSE,FALSE,FALSE
"UG7BFL","tooro",64.41,38.85,1141,13.7188014436416,18.2318916708721,"UGA",2016,1.37188014436416,6.62366218739434,93,2,75.9908951208554,73.6418325235642,5.54056584128966,3,86.6170350770495,63.2500822050775,34.9513880273265,16.600303124606,1.86416886211062,31.7228600429846,18.3012818862708,62.9986441777509,20.6695316272933,24.0043881929661,5.01553297,39.08125305,NA,26.7,3.66564289037601,FALSE,FALSE,FALSE,FALSE,FALSE,FALSE,FALSE,FALSE,FALSE,FALSE,FALSE,FALSE,FALSE,FALSE,FALSE,FALSE,FALSE
"UG7BFL","westnile",73.95,43.47,1031,21.5314133314179,10.4545140991607,"UGA",2016,2.15314133314179,6.62366218739434,93,2,82.2522141742144,78.196178218456,4.58523382785775,3,81.6548157664632,75.1027120272141,27.1784840919621,18.3194287167792,8.21948169580813,27.6203089320666,18.7093631735876,83.6220938115947,12.5925701766837,8.88582603240941,5.01553297,39.08125305,NA,26.7,3.66564289037601,FALSE,FALSE,FALSE,FALSE,FALSE,FALSE,FALSE,FALSE,FALSE,FALSE,FALSE,FALSE,FALSE,FALSE,FALSE,FALSE,FALSE
"ZA71FL","freestate",48.11,15.63,163,0.250854925252497,85.7880050825005,"ZAF",2016,0.0250854925252497,8.63962422644072,85,2,86.2066189048174,96.0071887570448,10.4040344917583,3.32973410386745,90.3474887616945,28.2261314775267,19.6457756594924,13.8385055354793,2.88418147894171,13.726262765014,21.1507177549129,95.353549753397,79.8453518903182,91.6912505451893,8.07959366,456.56936646,NA,83.9,6.12374064130626,FALSE,FALSE,FALSE,FALSE,FALSE,FALSE,FALSE,FALSE,FALSE,FALSE,FALSE,FALSE,FALSE,FALSE,FALSE,FALSE,FALSE
"ZA71FL","gauteng",38.03,18.9,942,0.154435592912376,97.8298376279105,"ZAF",2016,0.0154435592912376,8.63962422644072,85,2,54.7190410172724,96.9467517414056,10.9035685808234,3.25827898904043,86.0141006236015,36.0757431259223,21.844320004146,8.34993710501456,1.30062399499039,13.2728306140153,20.7087282335967,96.2897979357603,80.5768540234835,88.709129992073,8.07959366,456.56936646,NA,83.9,6.12374064130626,FALSE,FALSE,FALSE,FALSE,FALSE,FALSE,FALSE,FALSE,FALSE,FALSE,FALSE,FALSE,FALSE,FALSE,FALSE,FALSE,FALSE
"ZA71FL","kwazulunatal",31.17,14.63,646,0.113395068128453,47.5827102577681,"ZAF",2016,0.0113395068128453,8.63962422644072,85,2,64.5335172910517,95.437946998838,10.2233025019935,2.67074332973202,87.7550702840063,30.6830707163365,25.7125117352364,5.97083779034156,2.49416321469477,16.5666533412798,20.4158382698265,85.7690918422055,68.5516879507418,86.40529656958,8.07959366,456.56936646,NA,83.9,6.12374064130626,FALSE,FALSE,FALSE,FALSE,FALSE,FALSE,FALSE,FALSE,FALSE,FALSE,FALSE,FALSE,FALSE,FALSE,FALSE,FALSE,FALSE
"ZA71FL","limpopo",30.73,16.63,342,0.128685499943125,16.2907751712999,"ZAF",2016,0.0128685499943125,8.63962422644072,85,2,70.4625592375756,97.4762944134856,10.3642077873488,2.24204226670473,88.5865517036099,46.3699399243072,18.6430621376513,7.95608827594585,4.49243282329548,11.9743937476995,20.2666114302239,83.0566538109623,48.6356595117552,94.9320110671477,8.07959366,456.56936646,NA,83.9,6.12374064130626,FALSE,FALSE,FALSE,FALSE,FALSE,FALSE,FALSE,FALSE,FALSE,FALSE,FALSE,FALSE,FALSE,FALSE,FALSE,FALSE,FALSE
"ZA71FL","mpumalanga",65.66,34.36,310,0.108793666159069,41.6866216460719,"ZAF",2016,0.0108793666159069,8.63962422644072,85,2,63.9461951300699,95.2738163819792,9.89566407081121,2.5080004788649,77.3577516599506,14.5218985702574,14.3389643046009,4.53806150746537,1.67696173907038,16.5978647323296,19.5663451085777,88.1661335801345,45.811843737371,78.8569576708939,8.07959366,456.56936646,NA,83.9,6.12374064130626,FALSE,FALSE,FALSE,FALSE,FALSE,FALSE,FALSE,FALSE,FALSE,FALSE,FALSE,FALSE,FALSE,FALSE,FALSE,FALSE,FALSE
"ZA71FL","northwest",55.69,20.88,265,0.149719823869866,42.0188057691266,"ZAF",2016,0.0149719823869866,8.63962422644072,85,2,65.9856820378322,95.3816096751767,9.77291396879707,2.76820055505094,84.436173575282,33.5059197909387,21.3724248921784,14.8184271122218,1.552961560558,12.0450336657232,20.4332642817921,92.9635866081771,58.6764942086953,89.1022720155574,8.07959366,456.56936646,NA,83.9,6.12374064130626,FALSE,FALSE,FALSE,FALSE,FALSE,FALSE,FALSE,FALSE,FALSE,FALSE,FALSE,FALSE,FALSE,FALSE,FALSE,FALSE,FALSE
"ZM42FL","central",199.38,164.51,475,34.0606164537129,20.6729101630233,"ZMB",2002,3.40606164537129,5.97600726020307,84,-12,81.9444444444445,33.7106918238994,5.96296296296299,2.46186038682361,83.3333333333333,100,44.0129449838188,26.8608414239482,4.36187399030696,24.7048138056298,17.9851851851852,31.7929759704251,12.3844731977819,12.4074074074074,5.88845205,23.19246864,NA,17.4,3.14382759838312,FALSE,FALSE,FALSE,FALSE,TRUE,FALSE,FALSE,FALSE,FALSE,FALSE,FALSE,FALSE,FALSE,FALSE,FALSE,FALSE,FALSE
"ZM42FL","copperbelt",151.25,119.04,1121,40.8389238367049,78.4245246410548,"ZMB",2002,4.08389238367049,5.97600726020307,84,-12,87.7697841726619,72.3172628304825,7.26172465960675,2.46186038682361,84.8920863309353,98.3870967741936,41.3385826771657,29.3307086614174,6.49606299212603,23.2497387669794,18.1180030257188,78.761061946903,60.854092526691,48.318584070797,5.88845205,23.19246864,NA,17.4,3.14382759838312,FALSE,FALSE,FALSE,FALSE,TRUE,FALSE,FALSE,FALSE,FALSE,FALSE,FALSE,FALSE,FALSE,FALSE,FALSE,FALSE,FALSE
"ZM42FL","eastern",153.28,125.02,824,60.4990004971005,7.96770796770809,"ZMB",2002,6.04990004971005,5.97600726020307,84,-12,81.767955801105,31.2354312354314,4.15078236130868,2.46186038682361,88.9502762430939,100,59.7285067873307,32.1266968325791,4.97737556561085,26.9284712482464,18.2517780938833,42.6332288401253,5.96546310832023,5.79937304075233,5.88845205,23.19246864,NA,17.4,3.14382759838312,FALSE,FALSE,FALSE,FALSE,TRUE,FALSE,FALSE,FALSE,FALSE,FALSE,FALSE,FALSE,FALSE,FALSE,FALSE,FALSE,FALSE
"ZM42FL","luapula",253.85,219.99,552,55.8269676259334,14.6110056925993,"ZMB",2002,5.58269676259334,5.97600726020307,84,-12,70.0934579439252,29.0937996820352,4.29079497907954,2.46186038682361,82.2429906542056,100,57.1725571725578,33.0561330561335,3.950103950104,26.5519360786717,18.0836820083684,26.9315673289187,0.4424778761062,0,5.88845205,23.19246864,NA,17.4,3.14382759838312,FALSE,FALSE,FALSE,FALSE,TRUE,FALSE,FALSE,FALSE,FALSE,FALSE,FALSE,FALSE,FALSE,FALSE,FALSE,FALSE,FALSE
"ZM42FL","lusaka",152.11,114.67,778,11.3196461011154,82.1492805755418,"ZMB",2002,1.13196461011154,5.97600726020307,84,-12,90,75.3532182103605,7.00306278713626,2.46186038682361,86.6666666666667,100,35.7852882703779,21.2723658051691,5.35714285714287,21.5060625398846,18.5819295558958,93.0357142857141,24.3291592128802,44.4642857142856,5.88845205,23.19246864,NA,17.4,3.14382759838312,FALSE,FALSE,FALSE,FALSE,TRUE,FALSE,FALSE,FALSE,FALSE,FALSE,FALSE,FALSE,FALSE,FALSE,FALSE,FALSE,FALSE
"ZM42FL","northern",176.69,137.09,932,42.3015082523322,14.9172699069297,"ZMB",2002,4.23015082523322,5.97600726020307,84,-12,68.859649122807,27.6501766784461,4.84245810055875,2.46186038682361,80.7017543859649,100,54.4733861834667,33.1823329558331,7.54504504504521,25.7759784075577,18.3928571428574,29.3187347931879,7.29927007299284,6.6909975669101,5.88845205,23.19246864,NA,17.4,3.14382759838312,FALSE,FALSE,FALSE,FALSE,TRUE,FALSE,FALSE,FALSE,FALSE,FALSE,FALSE,FALSE,FALSE,FALSE,FALSE,FALSE,FALSE
"ZM42FL","northwestern",124.05,100.31,330,35.2133300409886,14.4367360422864,"ZMB",2002,3.52133300409886,5.97600726020307,84,-12,77.5757575757576,47.0654627539497,4.57939914163083,2.46186038682361,82.4242424242425,100,43.9632545931751,26.7716535433066,3.01441677588462,20.6881720430104,17.87982832618,35.1612903225801,1.93861066235862,4.03225806451608,5.88845205,23.19246864,NA,17.4,3.14382759838312,FALSE,FALSE,FALSE,FALSE,TRUE,FALSE,FALSE,FALSE,FALSE,FALSE,FALSE,FALSE,FALSE,FALSE,FALSE,FALSE,FALSE
"ZM42FL","southern",136.09,100.35,696,28.4691563363237,18.5801928133213,"ZMB",2002,2.84691563363237,5.97600726020307,84,-12,87.9032258064517,32.3216995447644,5.29834254143643,2.46186038682361,87.0967741935485,98.3870967741935,40.1129943502823,24.4821092278719,3.75234521575984,22.5433526011564,17.9981818181817,60.3139013452916,11.6591928251122,6.05381165919285,5.88845205,23.19246864,NA,17.4,3.14382759838312,FALSE,FALSE,FALSE,FALSE,TRUE,FALSE,FALSE,FALSE,FALSE,FALSE,FALSE,FALSE,FALSE,FALSE,FALSE,FALSE,FALSE
"ZM42FL","western",180.55,116.7,569,19.0578726477834,5.68696527428268,"ZMB",2002,1.90578726477834,5.97600726020307,84,-12,71.0743801652892,33.4410339256865,4.35465116279067,2.46186038682361,80.1652892561983,98.5714285714286,42.2037422037418,23.4927234927234,2.47422680412369,20.5058099794939,18.3120155038758,24.9448123620308,0.662251655629135,0.665188470066515,5.88845205,23.19246864,NA,17.4,3.14382759838312,FALSE,FALSE,FALSE,FALSE,TRUE,FALSE,FALSE,FALSE,FALSE,FALSE,FALSE,FALSE,FALSE,FALSE,FALSE,FALSE,FALSE
"ZM51FL","central",107.94,77.25,585,15.327959944694,21.5531268489746,"ZMB",2007,1.5327959944694,7.01995084600797,80,-7,14.4031373786929,33.1925273136872,6.08255305925605,2.85813611150616,91.6081981336191,84.6111424143784,45.5794606603885,19.4380115879646,5.19275471743236,20.6652601655615,18.2737975859483,45.1488993549558,20.6887252412838,12.5919681342878,4.55994081,51.02414322,NA,18.5,3.93229891717816,FALSE,FALSE,FALSE,FALSE,FALSE,FALSE,FALSE,FALSE,FALSE,FALSE,FALSE,FALSE,FALSE,FALSE,FALSE,FALSE,FALSE
"ZM51FL","copperbelt",110,78.24,831,14.5915335844192,77.9198177524326,"ZMB",2007,1.45915335844192,7.01995084600797,80,-7,24.4795863936064,76.0067392464527,7.81345742171524,4.21584953600213,86.978852566374,69.5654627450408,36.5764889537111,18.2265340554804,2.83245388125532,21.0581122835493,18.8537427896923,66.4381869927643,61.2232102519537,42.6291758438447,4.55994081,51.02414322,NA,18.5,3.93229891717816,FALSE,FALSE,FALSE,FALSE,FALSE,FALSE,FALSE,FALSE,FALSE,FALSE,FALSE,FALSE,FALSE,FALSE,FALSE,FALSE,FALSE
"ZM51FL","eastern",129.71,87.33,953,13.5257897526965,7.43220354151699,"ZMB",2007,1.35257897526965,7.01995084600797,80,-7,17.8848616226733,44.8939414534855,4.3259327353729,2.06521438651132,88.9569995438526,58.6576847161841,43.8406644914567,17.1609527400203,3.98396724633883,22.4902712597746,18.4069345042237,16.5329788351638,19.4081550990279,3.62627350828761,4.55994081,51.02414322,NA,18.5,3.93229891717816,FALSE,FALSE,FALSE,FALSE,FALSE,FALSE,FALSE,FALSE,FALSE,FALSE,FALSE,FALSE,FALSE,FALSE,FALSE,FALSE,FALSE
"ZM51FL","luapula",114.62,96.24,536,30.0464739356609,13.1254933706494,"ZMB",2007,3.00464739356609,7.01995084600797,80,-7,22.5157128941489,35.502447112415,4.99520068025971,2.68512093034403,75.8336246148886,45.7807840779711,50.3373947546097,21.3663400632889,4.87528639799945,27.6292245808373,18.1709792846161,30.3389664945448,18.2547207652544,4.24726635492835,4.55994081,51.02414322,NA,18.5,3.93229891717816,FALSE,FALSE,FALSE,FALSE,FALSE,FALSE,FALSE,FALSE,FALSE,FALSE,FALSE,FALSE,FALSE,FALSE,FALSE,FALSE,FALSE
"ZM51FL","lusaka",135.05,94.38,678,6.80692801153608,82.3411311903388,"ZMB",2007,0.680692801153608,7.01995084600797,80,-7,35.0710245046877,78.118433870146,7.49879654208714,4.432855460249,91.9251608163866,76.4612080031165,32.8102536523828,13.9729362158685,2.54476469224125,20.8224098125647,19.1004243908117,85.0110302233886,77.8799657823129,53.6683991233682,4.55994081,51.02414322,NA,18.5,3.93229891717816,FALSE,FALSE,FALSE,FALSE,FALSE,FALSE,FALSE,FALSE,FALSE,FALSE,FALSE,FALSE,FALSE,FALSE,FALSE,FALSE,FALSE
"ZM51FL","northern",144.16,106.76,938,20.2708446832228,16.6016992996818,"ZMB",2007,2.02708446832228,7.01995084600797,80,-7,18.602699346316,31.0051099642046,4.94041805814266,2.42140185687734,71.0557200758764,47.3204638186011,41.3075931948502,21.3914712978475,5.8444568546076,25.1495527552762,18.602890654496,20.0711479761707,31.8029665845843,6.43594224142938,4.55994081,51.02414322,NA,18.5,3.93229891717816,FALSE,FALSE,FALSE,FALSE,FALSE,FALSE,FALSE,FALSE,FALSE,FALSE,FALSE,FALSE,FALSE,FALSE,FALSE,FALSE,FALSE
"ZM51FL","northwestern",91.36,65.92,361,15.9163624607599,14.7862678786391,"ZMB",2007,1.59163624607599,7.01995084600797,80,-7,17.6733091343281,42.0596905267496,4.74872073129255,2.34828408401428,77.99395579646,56.7214031854679,39.7234750004069,27.7188176703739,7.89986899273719,22.0728513866709,17.9209685530576,17.1873420010693,5.29813169710006,3.01965675925796,4.55994081,51.02414322,NA,18.5,3.93229891717816,FALSE,FALSE,FALSE,FALSE,FALSE,FALSE,FALSE,FALSE,FALSE,FALSE,FALSE,FALSE,FALSE,FALSE,FALSE,FALSE,FALSE
"ZM51FL","southern",92.3,56.81,615,9.63523860529389,18.6784420990657,"ZMB",2007,0.963523860529389,7.01995084600797,80,-7,20.5156329373167,37.462837283318,6.4503365295394,2.98629148850533,91.9724313259321,73.0063360113284,28.8633780312744,16.8118911651138,3.95728617414859,21.0811485488645,18.368308147744,41.363843721476,41.5754187644575,14.6998065971879,4.55994081,51.02414322,NA,18.5,3.93229891717816,FALSE,FALSE,FALSE,FALSE,FALSE,FALSE,FALSE,FALSE,FALSE,FALSE,FALSE,FALSE,FALSE,FALSE,FALSE,FALSE,FALSE
"ZM51FL","western",109.37,73.58,417,9.15725661819406,8.8827737077199,"ZMB",2007,0.915725661819406,7.01995084600797,80,-7,19.4201394197561,45.2496537002036,4.7990623233516,1.93676009810741,93.0520530739017,56.5323885534523,31.0256155723313,19.4146269852444,9.2547787414455,19.1594676295566,18.7139824015262,29.2184726072964,3.70590890401537,4.30038380374605,4.55994081,51.02414322,NA,18.5,3.93229891717816,FALSE,FALSE,FALSE,FALSE,FALSE,FALSE,FALSE,FALSE,FALSE,FALSE,FALSE,FALSE,FALSE,FALSE,FALSE,FALSE,FALSE
"ZM61FL","central",67.33,45.03,1256,16.1008497586672,20.4026384967525,"ZMB",2013,1.61008497586672,7.50698650889907,79,-1,83.4270583255836,48.132505862746,6.38318017970391,2.85108887029533,80.5674502266531,75.7166076448008,37.5513704404434,18.970809763123,3.50280674553524,22.5579036376689,18.2219009601761,54.7143474570983,45.438696995857,13.4385480280424,4.57390451,83.29361725,NA,30.1,4.4223719225876,FALSE,FALSE,FALSE,FALSE,FALSE,FALSE,FALSE,FALSE,FALSE,FALSE,FALSE,FALSE,FALSE,FALSE,FALSE,FALSE,FALSE
"ZM61FL","copperbelt",69.35,45.56,1710,12.1127636857812,75.5535468636616,"ZMB",2013,1.21127636857812,7.50698650889907,79,-1,95.2751378364736,82.5586974509308,8.08953842433392,4.03964152074427,91.2020275621822,62.7941507576266,30.820650067035,17.3946087246682,4.91795669886737,20.35161255555,18.9644506812379,75.5449282130711,60.8770189816532,54.2677213326634,4.57390451,83.29361725,NA,30.1,4.4223719225876,FALSE,FALSE,FALSE,FALSE,FALSE,FALSE,FALSE,FALSE,FALSE,FALSE,FALSE,FALSE,FALSE,FALSE,FALSE,FALSE,FALSE
"ZM61FL","eastern",109.77,77.94,1708,23.788209683089,9.63374555296724,"ZMB",2013,2.3788209683089,7.50698650889907,79,-1,89.4215643793238,70.7723945633168,4.63132398991958,2.27334540039583,86.8599133162847,71.5779977032618,37.5166341846019,17.7778056160935,4.27135034438681,23.0796851068006,18.0869635052233,72.7646297810109,34.5101007543015,5.30462163614916,4.57390451,83.29361725,NA,30.1,4.4223719225876,FALSE,FALSE,FALSE,FALSE,FALSE,FALSE,FALSE,FALSE,FALSE,FALSE,FALSE,FALSE,FALSE,FALSE,FALSE,FALSE,FALSE
"ZM61FL","luapula",95.74,74.66,1180,41.632502662067,17.9504968862952,"ZMB",2013,4.1632502662067,7.50698650889907,79,-1,80.1241435184574,68.5481021353793,5.21125138323198,2.15813333595891,78.3220283037609,66.3046784088575,37.3451829944457,25.4449434673088,12.0216370575559,24.6241736525296,18.6807106501008,42.9508703200605,42.2351047719153,4.52199406839353,4.57390451,83.29361725,NA,30.1,4.4223719225876,FALSE,FALSE,FALSE,FALSE,FALSE,FALSE,FALSE,FALSE,FALSE,FALSE,FALSE,FALSE,FALSE,FALSE,FALSE,FALSE,FALSE
"ZM61FL","lusaka",68.32,42.6,1939,7.39038009700094,85.9329893471161,"ZMB",2013,0.739038009700094,7.50698650889907,79,-1,91.0054775865114,90.1923399741216,7.91824391498298,4.32402070751666,87.6240645394648,71.809925792594,29.3050003400168,14.9934912399118,6.42087534739306,18.3228501200166,19.3437607167042,96.259803478839,83.301982408245,71.0940791714901,4.57390451,83.29361725,NA,30.1,4.4223719225876,FALSE,FALSE,FALSE,FALSE,FALSE,FALSE,FALSE,FALSE,FALSE,FALSE,FALSE,FALSE,FALSE,FALSE,FALSE,FALSE,FALSE
"ZM61FL","muchinga",71.03,44.76,793,32.0548329479498,15.9912496098183,"ZMB",2013,3.20548329479498,7.50698650889907,79,-1,80.4592796500071,60.7852426630684,5.3943671738049,2.21238277761836,83.2461500488239,62.7154216595237,34.6643006170128,20.8232305916599,3.38248594059765,21.7742548166666,18.5830923789318,35.0534352209679,29.5035792852823,8.63518459509742,4.57390451,83.29361725,NA,30.1,4.4223719225876,FALSE,FALSE,FALSE,FALSE,FALSE,FALSE,FALSE,FALSE,FALSE,FALSE,FALSE,FALSE,FALSE,FALSE,FALSE,FALSE,FALSE
"ZM61FL","northern",74.72,51.41,1211,26.7070430384287,15.7028245074415,"ZMB",2013,2.67070430384287,7.50698650889907,79,-1,87.0131987333763,48.0561617319928,5.0450926888457,2.05179077448189,88.1228347006767,71.6278533935422,44.2215587025842,24.3638063204924,3.58217003951642,23.2556842916194,18.4057125772467,30.4475769716422,20.2337160376417,6.99202690533849,4.57390451,83.29361725,NA,30.1,4.4223719225876,FALSE,FALSE,FALSE,FALSE,FALSE,FALSE,FALSE,FALSE,FALSE,FALSE,FALSE,FALSE,FALSE,FALSE,FALSE,FALSE,FALSE
"ZM61FL","northwestern",57.35,37.73,634,22.7612007182604,22.1499188587477,"ZMB",2013,2.27612007182604,7.50698650889907,79,-1,84.7693856561151,74.9140945328412,5.9173233987697,2.46186038682361,85.091511752855,61.2040554832892,30.8152258110061,18.7770319884625,7.55628211683598,20.4077599068774,18.2215105381693,49.4881332396172,10.913887757042,12.9168726502254,4.57390451,83.29361725,NA,30.1,4.4223719225876,FALSE,FALSE,FALSE,FALSE,FALSE,FALSE,FALSE,FALSE,FALSE,FALSE,FALSE,FALSE,FALSE,FALSE,FALSE,FALSE,FALSE
"ZM61FL","southern",58.21,38.03,1762,10.1822179395996,18.5952848308104,"ZMB",2013,1.01822179395996,7.50698650889907,79,-1,83.5465673639376,56.3142026485558,6.82441983080991,2.97490144118547,86.0259285309332,93.2673935151436,29.5290012183283,18.6580438002323,3.55075026196848,19.6279262512387,18.4374645125548,66.7413898361153,33.9492828625988,16.213242467819,4.57390451,83.29361725,NA,30.1,4.4223719225876,FALSE,FALSE,FALSE,FALSE,FALSE,FALSE,FALSE,FALSE,FALSE,FALSE,FALSE,FALSE,FALSE,FALSE,FALSE,FALSE,FALSE
"ZM61FL","western",61.54,36.99,841,19.5772358560889,15.2021087272819,"ZMB",2013,1.95772358560889,7.50698650889907,79,-1,81.8642387056902,62.0350700368432,5.49883836881796,2.0412548647977,76.0828320196052,78.2674017774681,31.1312306482262,23.2976504075746,6.34215022903563,14.8569364223605,18.7313257049672,43.4938625398287,12.235465779276,6.53201539264137,4.57390451,83.29361725,NA,30.1,4.4223719225876,FALSE,FALSE,FALSE,FALSE,FALSE,FALSE,FALSE,FALSE,FALSE,FALSE,FALSE,FALSE,FALSE,FALSE,FALSE,FALSE,FALSE
"ZM71FL","central",47.23,24.82,831,14.9448447225535,22.0376772601332,"ZMB",2018,1.49448447225535,7.28885937152878,90,4,93.2390501098243,72.0066926702198,7.14444536483144,2.92849424586353,90.7366741454926,79.7774146380468,27.2744388360243,15.2665002595452,4.14782774373479,20.0255089748689,18.3876913950867,73.1873696018656,39.3192295490405,24.1957769796425,4.76996708,69.82767487,NA,40.2,4.24603041929657,FALSE,FALSE,FALSE,FALSE,FALSE,FALSE,FALSE,FALSE,FALSE,FALSE,FALSE,FALSE,FALSE,FALSE,FALSE,FALSE,FALSE
"ZM71FL","copperbelt",49.67,29.83,1186,20.1667887119752,80.9859462733664,"ZMB",2018,2.01667887119752,7.28885937152878,90,4,94.855734597554,90.5230840898963,8.34719788475935,4.03054006663053,87.0744187678275,82.6493660477572,22.8977514250101,14.8173936873577,4.97864931134792,18.8661330371642,19.3152026219694,80.9812712738986,76.0204998110387,63.4136609790809,4.76996708,69.82767487,NA,40.2,4.24603041929657,FALSE,FALSE,FALSE,FALSE,FALSE,FALSE,FALSE,FALSE,FALSE,FALSE,FALSE,FALSE,FALSE,FALSE,FALSE,FALSE,FALSE
"ZM71FL","eastern",52.09,25.81,1274,9.03643227438817,8.14902249675681,"ZMB",2018,0.903643227438817,7.28885937152878,90,4,93.6134247642582,90.275256062461,4.89094665835575,2.22175526337892,92.0486844001572,66.5389820543392,27.1917682718837,13.3687645646607,1.5110528871407,20.6684374435949,18.2214381192423,79.1588230255361,35.9257400807782,14.8914865098788,4.76996708,69.82767487,NA,40.2,4.24603041929657,FALSE,FALSE,FALSE,FALSE,FALSE,FALSE,FALSE,FALSE,FALSE,FALSE,FALSE,FALSE,FALSE,FALSE,FALSE,FALSE,FALSE
"ZM71FL","luapula",99.05,69.96,905,36.0947670936641,18.2497465404159,"ZMB",2018,3.60947670936641,7.28885937152878,90,4,92.2174338926499,88.071227946022,5.5914739673096,2.2616895782679,90.902131328928,71.6516616474263,37.8569216278546,18.5501047900119,4.58304966626627,27.9585950915606,18.5642104877893,55.8696377708218,45.8130854689991,11.3219661179492,4.76996708,69.82767487,NA,40.2,4.24603041929657,FALSE,FALSE,FALSE,FALSE,FALSE,FALSE,FALSE,FALSE,FALSE,FALSE,FALSE,FALSE,FALSE,FALSE,FALSE,FALSE,FALSE
"ZM71FL","lusaka",63.86,29.96,1511,5.1240992972523,83.5768019984697,"ZMB",2018,0.51240992972523,7.28885937152878,90,4,94.8825892047429,91.1803594219824,8.27570657161523,4.32050296363346,94.911760894813,71.1863793681876,26.2655104042419,14.8334715822093,4.80494695188468,17.6527968556647,19.5052723956374,96.2848724799321,78.3871370717865,75.9788378636419,4.76996708,69.82767487,NA,40.2,4.24603041929657,FALSE,FALSE,FALSE,FALSE,FALSE,FALSE,FALSE,FALSE,FALSE,FALSE,FALSE,FALSE,FALSE,FALSE,FALSE,FALSE,FALSE
"ZM71FL","muchinga",71.94,36.48,609,18.9234053945338,13.7488291791301,"ZMB",2018,1.89234053945338,7.28885937152878,90,4,85.9203007283633,76.0090845036932,5.3891912506677,2.15534655088025,83.8536820217344,68.6543880387274,25.594348677206,20.5278267575535,5.75946326453867,23.4452264828823,18.5897648179719,51.4782382533669,50.0030396318749,13.8797335549386,4.76996708,69.82767487,NA,40.2,4.24603041929657,FALSE,FALSE,FALSE,FALSE,FALSE,FALSE,FALSE,FALSE,FALSE,FALSE,FALSE,FALSE,FALSE,FALSE,FALSE,FALSE,FALSE
"ZM71FL","northern",60.58,30.76,879,24.4232156058246,16.8224662948016,"ZMB",2018,2.44232156058246,7.28885937152878,90,4,88.4874551810653,72.1672146430429,5.17238869947694,2.06639658518155,88.3064997104969,72.8314746084675,38.496569906363,19.3136246404353,2.49214980233359,23.1032359184184,18.4116217277,38.4895941363347,52.9456180817898,9.88627825262726,4.76996708,69.82767487,NA,40.2,4.24603041929657,FALSE,FALSE,FALSE,FALSE,FALSE,FALSE,FALSE,FALSE,FALSE,FALSE,FALSE,FALSE,FALSE,FALSE,FALSE,FALSE,FALSE
"ZM71FL","northwestern",32.65,20.11,521,25.8695354991528,18.4401639987868,"ZMB",2018,2.58695354991528,7.28885937152878,90,4,90.7972508651448,87.8222787128911,6.79124389298189,2.58066403338733,87.0198018373177,50.8050316499549,26.431142724679,17.0296686680988,3.1385024936936,21.3583958955612,18.5996116557244,66.3669480944594,46.4371874566948,19.6820872820324,4.76996708,69.82767487,NA,40.2,4.24603041929657,FALSE,FALSE,FALSE,FALSE,FALSE,FALSE,FALSE,FALSE,FALSE,FALSE,FALSE,FALSE,FALSE,FALSE,FALSE,FALSE,FALSE
"ZM71FL","southern",63.91,32.09,1287,3.42242064318841,26.9589273401249,"ZMB",2018,0.342242064318841,7.28885937152878,90,4,92.8283068906102,82.094751029629,7.35259054360734,3.03091183109357,94.3006954974582,84.6354004529684,21.2322306763568,13.6242448023423,3.22420342516616,19.2266088171289,18.2794350594559,69.3984850065114,49.9793364667819,21.6597542258339,4.76996708,69.82767487,NA,40.2,4.24603041929657,FALSE,FALSE,FALSE,FALSE,FALSE,FALSE,FALSE,FALSE,FALSE,FALSE,FALSE,FALSE,FALSE,FALSE,FALSE,FALSE,FALSE
"ZM71FL","western",57.12,31.61,618,15.3106244751509,16.3857000768501,"ZMB",2018,1.53106244751509,7.28885937152878,90,4,82.9603792077352,73.6950330181961,5.8984215714277,2.03127238994762,86.0082817955666,78.5230038532361,22.1998303099666,16.3780120337265,2.54235993939092,14.363251520831,18.5225309456177,45.9139858321682,5.68463922633747,10.7094144151958,4.76996708,69.82767487,NA,40.2,4.24603041929657,FALSE,FALSE,FALSE,FALSE,FALSE,FALSE,FALSE,FALSE,FALSE,FALSE,FALSE,FALSE,FALSE,FALSE,FALSE,FALSE,FALSE
"ZM81FL","central",52.34,31.82,958,17.9933218852449,28.150041362417,"ZMB",2024,1.79933218852449,7.07927658370523,91,10,88.602265405386,89.644646455267,7.52296093277808,2.94082635019377,88.3961053455954,74.1300667543888,36.9608359740784,19.3641258128399,4.31661216734688,18.3191408837356,18.5542614619308,70.305051614104,49.7414927319728,25.0694680811216,5.97841072,79.55635071,NA,53.6,4.37646558453258,FALSE,FALSE,FALSE,FALSE,FALSE,FALSE,TRUE,TRUE,TRUE,FALSE,FALSE,FALSE,FALSE,FALSE,FALSE,FALSE,FALSE
"ZM81FL","copperbelt",45.35,19.71,987,10.4435476207654,79.7154117674958,"ZMB",2024,1.04435476207654,7.07927658370523,91,10,96.2504420201163,96.6237761448426,9.20635874840631,3.95016841545355,90.3377538371654,68.5517809000021,36.9608359740784,19.3641258128399,4.31661216734688,16.5719352527403,19.5331141449938,74.2750829988274,76.0492238213328,59.8073102885255,5.97841072,79.55635071,NA,53.6,4.37646558453258,FALSE,FALSE,FALSE,FALSE,FALSE,FALSE,TRUE,TRUE,TRUE,FALSE,FALSE,FALSE,FALSE,FALSE,FALSE,FALSE,FALSE
"ZM81FL","eastern",38,22.63,1031,12.3956790142825,15.6549981260914,"ZMB",2024,1.23956790142825,7.07927658370523,91,10,87.1825387980072,96.7611677481554,5.33446032544147,2.31575488685977,78.675307176662,62.7850115237528,36.9608359740784,19.3641258128399,4.31661216734688,18.4626401940869,18.3383646348024,77.9641721360598,48.889286025202,11.3493550741333,5.97841072,79.55635071,NA,53.6,4.37646558453258,FALSE,FALSE,FALSE,FALSE,FALSE,FALSE,TRUE,TRUE,TRUE,FALSE,FALSE,FALSE,FALSE,FALSE,FALSE,FALSE,FALSE
"ZM81FL","luapula",44.09,35.15,685,20.3733362516869,22.8785646546265,"ZMB",2024,2.03733362516869,7.07927658370523,91,10,95.410740312861,97.7625863177098,5.82587832165624,2.38051278814902,88.4955081649858,78.7518865361179,36.9608359740784,19.3641258128399,4.31661216734688,19.3559905482925,18.9664453203667,44.7717993986235,43.529317794487,12.5171054927394,5.97841072,79.55635071,NA,53.6,4.37646558453258,FALSE,FALSE,FALSE,FALSE,FALSE,FALSE,TRUE,TRUE,TRUE,FALSE,FALSE,FALSE,FALSE,FALSE,FALSE,FALSE,FALSE
"ZM81FL","lusaka",45.17,26.13,1265,10.7609416320909,89.6007012324151,"ZMB",2024,1.07609416320909,7.07927658370523,91,10,90.5797710909798,95.1374637045444,9.03858861224047,4.29339822396497,83.8511647760606,72.6536076228005,36.9608359740784,19.3641258128399,4.31661216734688,15.304138712879,19.5935647026022,96.9577007818601,85.9393385429701,79.8802509026039,5.97841072,79.55635071,NA,53.6,4.37646558453258,FALSE,FALSE,FALSE,FALSE,FALSE,FALSE,TRUE,TRUE,TRUE,FALSE,FALSE,FALSE,FALSE,FALSE,FALSE,FALSE,FALSE
"ZM81FL","muchinga",27.07,18.67,420,11.8216928251116,22.8843642569944,"ZMB",2024,1.18216928251116,7.07927658370523,91,10,93.962219429183,90.5479525823804,6.9840327793988,2.42158375774082,89.9849331791979,83.2106948426166,36.9608359740784,19.3641258128399,4.31661216734688,16.4187541601602,19.0136343086556,45.6772976558225,72.2734826596229,19.8992283579994,5.97841072,79.55635071,NA,53.6,4.37646558453258,FALSE,FALSE,FALSE,FALSE,FALSE,FALSE,TRUE,TRUE,TRUE,FALSE,FALSE,FALSE,FALSE,FALSE,FALSE,FALSE,FALSE
"ZM81FL","northern",45.84,34.75,734,16.579917965729,22.2708158753688,"ZMB",2024,1.6579917965729,7.07927658370523,91,10,84.4796526216106,93.6914817314538,5.45431316634384,2.27657119255236,82.6057114051014,73.8420790067755,36.9608359740784,19.3641258128399,4.31661216734688,21.113494434522,18.6398599900409,38.5924497487211,30.316090699933,11.9227414220664,5.97841072,79.55635071,NA,53.6,4.37646558453258,FALSE,FALSE,FALSE,FALSE,FALSE,FALSE,TRUE,TRUE,TRUE,FALSE,FALSE,FALSE,FALSE,FALSE,FALSE,FALSE,FALSE
"ZM81FL","northwestern",23.42,14.16,618,26.393726532953,40.4314319308491,"ZMB",2024,2.6393726532953,7.07927658370523,91,10,85.8209097826399,89.5069181406609,6.98662886951186,2.52456511482826,84.9375882396136,76.9089128374378,36.9608359740784,19.3641258128399,4.31661216734688,19.9226865309545,18.5513518736643,58.7114890667717,30.1773760270345,18.8270864811523,5.97841072,79.55635071,NA,53.6,4.37646558453258,FALSE,FALSE,FALSE,FALSE,FALSE,FALSE,TRUE,TRUE,TRUE,FALSE,FALSE,FALSE,FALSE,FALSE,FALSE,FALSE,FALSE
"ZM81FL","southern",42.11,20.35,1046,11.653761189689,27.341609847904,"ZMB",2024,1.1653761189689,7.07927658370523,91,10,91.9028904369534,91.3531654106145,7.58767256540321,2.81946437535021,92.1685368643397,63.9816055873839,36.9608359740784,19.3641258128399,4.31661216734688,15.5047840021127,18.3030177334993,74.7606478759779,54.2062456263706,27.4664992698016,5.97841072,79.55635071,NA,53.6,4.37646558453258,FALSE,FALSE,FALSE,FALSE,FALSE,FALSE,TRUE,TRUE,TRUE,FALSE,FALSE,FALSE,FALSE,FALSE,FALSE,FALSE,FALSE
"ZM81FL","western",37.89,11.53,507,14.5423073114897,24.532469901468,"ZMB",2024,1.45423073114897,7.07927658370523,91,10,86.3086627651578,80.5717651541899,6.97732788390553,2.1450517735401,87.2735579685978,81.2034980939729,36.9608359740784,19.3641258128399,4.31661216734688,13.6821622421063,18.2557099092026,60.1497156771333,33.9701595459353,14.3434488811845,5.97841072,79.55635071,NA,53.6,4.37646558453258,FALSE,FALSE,FALSE,FALSE,FALSE,FALSE,TRUE,TRUE,TRUE,FALSE,FALSE,FALSE,FALSE,FALSE,FALSE,FALSE,FALSE
"ZW52FL","bulawayo",76.12,69.63,240,1.76152153556645,100,"ZWE",2005,0.176152153556645,6.1339865629473,68,-9,77.1875761667692,92.4783552921469,9.04348919911399,4.61926395673135,76.4625737519172,14.7341397261843,24.9432446737012,13.6417220825535,6.45345245641994,15.1578367497219,20.2081334389577,98.2950379022759,99.1321027502675,98.0184999900141,10.47575283,94.44809723,NA,36.1,4.54805044795317,FALSE,FALSE,FALSE,FALSE,FALSE,FALSE,FALSE,FALSE,FALSE,FALSE,FALSE,FALSE,FALSE,FALSE,FALSE,FALSE,FALSE
"ZW52FL","harare",83.65,57.82,632,1.75424648880673,100,"ZWE",2005,0.175424648880673,6.1339865629473,68,-9,62.299302347174,90.929499025386,9.1487807183949,4.55353121755262,68.4708412135189,33.068758869577,23.5726423457802,8.8430689609607,3.5247932721829,13.0599637607235,19.8914070673785,97.7998162839236,98.074527530154,83.1803151104208,10.47575283,94.44809723,NA,36.1,4.54805044795317,FALSE,FALSE,FALSE,FALSE,FALSE,FALSE,FALSE,FALSE,FALSE,FALSE,FALSE,FALSE,FALSE,FALSE,FALSE,FALSE,FALSE
"ZW52FL","manicaland",126.75,80.99,616,8.79657989288541,16.0831787950891,"ZWE",2005,0.87965798928854,6.1339865629473,68,-9,51.4224856201169,50.7747161816498,7.31988329942387,2.93800694158142,54.5097034070501,20.0559535171859,34.2847610864794,15.9467084227293,5.97657409800091,19.0585473432309,19.3815170869895,74.5319819640318,60.5617827302914,20.5321243867463,10.47575283,94.44809723,NA,36.1,4.54805044795317,FALSE,FALSE,FALSE,FALSE,FALSE,FALSE,FALSE,FALSE,FALSE,FALSE,FALSE,FALSE,FALSE,FALSE,FALSE,FALSE,FALSE
"ZW52FL","mashonalandcentral",85.77,66.38,526,5.56175228005816,5.22029647239388,"ZWE",2005,0.556175228005816,6.1339865629473,68,-9,61.5864592236613,43.532473696346,6.53066364935705,2.51505148304102,71.973987160669,19.5354316118943,33.127477884799,21.8984907101637,6.16566156928074,10.2114189068888,18.6224301424694,71.0914812751131,52.5427309771189,16.4513498403996,10.47575283,94.44809723,NA,36.1,4.54805044795317,FALSE,FALSE,FALSE,FALSE,FALSE,FALSE,FALSE,FALSE,FALSE,FALSE,FALSE,FALSE,FALSE,FALSE,FALSE,FALSE,FALSE
"ZW52FL","mashonalandeast",63.97,43.52,400,6.07742679594303,10.8702644807061,"ZWE",2005,0.607742679594303,6.1339865629473,68,-9,84.4671894320281,64.789826463274,7.85794706399289,3.10311992118754,87.3430189435387,14.1997741084913,30.2969723579204,16.5708682007648,7.149248638041,16.6098689169355,19.2702890426501,78.5858543473457,68.1398391155428,27.3563812515458,10.47575283,94.44809723,NA,36.1,4.54805044795317,FALSE,FALSE,FALSE,FALSE,FALSE,FALSE,FALSE,FALSE,FALSE,FALSE,FALSE,FALSE,FALSE,FALSE,FALSE,FALSE,FALSE
"ZW52FL","mashonalandwest",89.14,68.06,498,2.19691065960107,27.8931234280647,"ZWE",2005,0.219691065960107,6.1339865629473,68,-9,66.9125975669358,55.9349859143934,7.13516966719124,3.08373997526448,64.8997651216295,20.578041832729,26.6528771946107,14.9472125576659,9.30302896976125,16.8002604192761,19.0725872997511,70.4170014024976,64.3245520471158,41.3226771133714,10.47575283,94.44809723,NA,36.1,4.54805044795317,FALSE,FALSE,FALSE,FALSE,FALSE,FALSE,FALSE,FALSE,FALSE,FALSE,FALSE,FALSE,FALSE,FALSE,FALSE,FALSE,FALSE
"ZW52FL","masvingo",69.08,51.19,723,4.06687212999482,6.1043935803339,"ZWE",2005,0.406687212999482,6.1339865629473,68,-9,63.5826426089077,55.8903109604515,6.57585101699826,2.15195143861157,63.5522163931621,27.863738854156,25.6012744947467,16.4806480819374,5.14533278637531,19.2775741129152,19.1536579382984,47.6044798958874,33.1580254563972,9.1240237128755,10.47575283,94.44809723,NA,36.1,4.54805044795317,FALSE,FALSE,FALSE,FALSE,FALSE,FALSE,FALSE,FALSE,FALSE,FALSE,FALSE,FALSE,FALSE,FALSE,FALSE,FALSE,FALSE
"ZW52FL","midlands",75.6,45.32,711,2.36076257228707,21.7113590747693,"ZWE",2005,0.236076257228707,6.1339865629473,68,-9,59.2214196699809,47.3681417384685,7.68834383347898,2.78307478935064,56.188265621565,23.8700035755589,26.6934096698562,16.6254232833065,4.66577789262106,16.560257133432,19.334046374176,71.017708760085,51.8930235291601,30.0464197978864,10.47575283,94.44809723,NA,36.1,4.54805044795317,FALSE,FALSE,FALSE,FALSE,FALSE,FALSE,FALSE,FALSE,FALSE,FALSE,FALSE,FALSE,FALSE,FALSE,FALSE,FALSE,FALSE
"ZW62FL","bulawayo",47.41,36.09,201,8.08511985764633,100,"ZWE",2010,0.808511985764633,6.80462644800411,89,-4,89.2788366822013,88.2789117504592,10.1398699683977,4.63188450906353,88.0275223470089,32.0767700514042,19.7660665048437,9.62302997021072,1.40694605180271,13.7672561533181,20.1144258710144,98.5798127286294,97.1241171336915,93.3283345211859,10.47575283,94.44809723,NA,38.9,4.54805044795317,FALSE,FALSE,FALSE,FALSE,FALSE,FALSE,FALSE,FALSE,FALSE,FALSE,FALSE,FALSE,FALSE,FALSE,FALSE,FALSE,FALSE
"ZW62FL","harare",88.89,41.94,726,3.86919965088521,100,"ZWE",2010,0.386919965088521,6.80462644800411,89,-4,71.1438393524592,82.3163426615289,10.1009675816282,4.2971178213712,81.0643061692494,44.366270457806,25.1103856450737,10.4841519688426,3.56217469510275,11.2788519265933,20.3324341799872,87.5686731900369,90.9880983067627,76.7435611026768,10.47575283,94.44809723,NA,38.9,4.54805044795317,FALSE,FALSE,FALSE,FALSE,FALSE,FALSE,FALSE,FALSE,FALSE,FALSE,FALSE,FALSE,FALSE,FALSE,FALSE,FALSE,FALSE
"ZW62FL","manicaland",111.81,68.46,754,10.2273644924033,16.0164349427925,"ZWE",2010,1.02273644924033,6.80462644800411,89,-4,52.8602556127665,59.9876978771559,8.63776353748764,2.87964336032106,64.9948189759932,32.1307030846252,23.9512672961596,11.0962682275118,1.96074006428392,16.3743314934391,19.6103171413587,73.7939804140751,58.5304622195219,23.6472938816748,10.47575283,94.44809723,NA,38.9,4.54805044795317,FALSE,FALSE,FALSE,FALSE,FALSE,FALSE,FALSE,FALSE,FALSE,FALSE,FALSE,FALSE,FALSE,FALSE,FALSE,FALSE,FALSE
"ZW62FL","mashonalandcentral",86.26,55.11,570,5.08396621482231,4.8988806288835,"ZWE",2010,0.508396621482231,6.80462644800411,89,-4,79.449492962876,50.287873208156,7.45749780002704,2.56514657207753,81.0047504644563,24.3263259285937,25.3345371676179,15.1803876702318,2.36531467182477,10.766692963627,18.7223078083377,71.2953316083625,54.5632268528408,25.4857386032591,10.47575283,94.44809723,NA,38.9,4.54805044795317,FALSE,FALSE,FALSE,FALSE,FALSE,FALSE,FALSE,FALSE,FALSE,FALSE,FALSE,FALSE,FALSE,FALSE,FALSE,FALSE,FALSE
"ZW62FL","mashonalandeast",60.44,38.52,477,6.29305642074566,8.7858192716342,"ZWE",2010,0.629305642074567,6.80462644800411,89,-4,85.9222051259759,58.5785258802304,8.88145220588022,2.90578295609686,81.9954733575489,24.8776972244224,28.8750402585287,16.8122299642444,4.17709320601286,10.0982615538224,19.502085151759,78.9222230180854,63.0996368417785,17.2413604545809,10.47575283,94.44809723,NA,38.9,4.54805044795317,FALSE,FALSE,FALSE,FALSE,FALSE,FALSE,FALSE,FALSE,FALSE,FALSE,FALSE,FALSE,FALSE,FALSE,FALSE,FALSE,FALSE
"ZW62FL","mashonalandwest",123.25,72.1,640,6.41639692766764,19.5312364655092,"ZWE",2010,0.641639692766764,6.80462644800411,89,-4,83.8860831083096,52.7457756666541,8.13728694989191,2.95807150031314,80.7914989920036,34.8041271027932,24.1305555258464,14.298393733159,2.51721706337569,15.2264945746274,19.1230630413913,73.0213134584601,54.3528747180176,38.4171232374747,10.47575283,94.44809723,NA,38.9,4.54805044795317,FALSE,FALSE,FALSE,FALSE,FALSE,FALSE,FALSE,FALSE,FALSE,FALSE,FALSE,FALSE,FALSE,FALSE,FALSE,FALSE,FALSE
"ZW62FL","masvingo",73.12,52.34,567,7.78556745270172,5.55350118856889,"ZWE",2010,0.778556745270172,6.80462644800411,89,-4,71.5634848125349,73.2005076504625,8.48558914378903,2.38706424319855,77.9197678405893,23.2457396538712,24.7839451646778,8.6102853686796,2.31784927410474,14.6291632395233,19.9200223907534,66.8777731132389,39.6962295966518,14.8116366032809,10.47575283,94.44809723,NA,38.9,4.54805044795317,FALSE,FALSE,FALSE,FALSE,FALSE,FALSE,FALSE,FALSE,FALSE,FALSE,FALSE,FALSE,FALSE,FALSE,FALSE,FALSE,FALSE
"ZW62FL","matabelelandnorth",37.61,25.26,249,15.5965497522796,12.7825594415641,"ZWE",2010,1.55965497522796,6.80462644800411,89,-4,80.2231077641311,63.2660406141947,7.56646229872527,2.02984018063001,91.033830037411,39.8288991993951,28.0742274052688,19.3711548595729,5.995543607691,12.127648564283,19.0482432974781,66.1245664180196,33.1394878541915,17.6373122674542,10.47575283,94.44809723,NA,38.9,4.54805044795317,FALSE,FALSE,FALSE,FALSE,FALSE,FALSE,FALSE,FALSE,FALSE,FALSE,FALSE,FALSE,FALSE,FALSE,FALSE,FALSE,FALSE
"ZW62FL","matabelelandsouth",42.74,33.39,242,8.21759508412159,10.1315418343201,"ZWE",2010,0.821759508412159,6.80462644800411,89,-4,83.6583074057715,68.6663337875447,8.46319152567612,2.65004845429311,85.4372635587059,23.0434231886914,26.0041402273431,13.5536579842547,3.54315808890758,12.6472873357028,19.170059864844,68.6891261012873,49.1999240590878,9.95499665934059,10.47575283,94.44809723,NA,38.9,4.54805044795317,FALSE,FALSE,FALSE,FALSE,FALSE,FALSE,FALSE,FALSE,FALSE,FALSE,FALSE,FALSE,FALSE,FALSE,FALSE,FALSE,FALSE
"ZW62FL","midlands",77.62,65.43,623,9.71456982229583,21.9322973197865,"ZWE",2010,0.971456982229583,6.80462644800411,89,-4,68.015708937969,63.3825011594683,8.74398151604548,2.77146369234994,80.58016302285,29.2603020652223,23.2630758716399,14.0808816123896,2.05804561726276,13.1051618118517,19.4234026205941,72.286037768548,53.7609656267923,29.826772641222,10.47575283,94.44809723,NA,38.9,4.54805044795317,FALSE,FALSE,FALSE,FALSE,FALSE,FALSE,FALSE,FALSE,FALSE,FALSE,FALSE,FALSE,FALSE,FALSE,FALSE,FALSE,FALSE
"ZW72FL","bulawayo",50.8,18.34,234,6.01415948025668,100,"ZWE",2015,0.601415948025668,7.23498949471845,87,1,88.5287604972626,90.2561177682754,11.0387046851547,4.65487200711456,88.3862590820424,54.0309177557834,12.6371906944176,6.33818574741227,1.91770540434036,11.6926276973982,20.7083144959813,99.2942202337309,97.9104889466181,95.7014461788824,7.45204067,103.31652832,NA,33.7,4.63779736642424,FALSE,FALSE,FALSE,FALSE,FALSE,FALSE,FALSE,FALSE,FALSE,FALSE,FALSE,FALSE,FALSE,FALSE,FALSE,FALSE,FALSE
"ZW72FL","manicaland",88.79,54.27,877,6.21955068535097,12.4811404584099,"ZWE",2015,0.621955068535097,7.23498949471845,87,1,75.3133073759824,69.5346998070925,8.41565020764512,2.68300796651799,78.6733250099295,49.2205579030517,23.0576959328236,9.94823762225475,2.59769661143541,15.7107793589342,19.2942167699841,72.662794098812,62.3977601902091,18.3646837908708,7.45204067,103.31652832,NA,33.7,4.63779736642424,FALSE,FALSE,FALSE,FALSE,FALSE,FALSE,FALSE,FALSE,FALSE,FALSE,FALSE,FALSE,FALSE,FALSE,FALSE,FALSE,FALSE
"ZW72FL","mashonalandcentral",74.75,50.27,585,7.71533256554766,5.83578533518857,"ZWE",2015,0.771533256554766,7.23498949471845,87,1,90.4328696307621,68.4884378770705,7.71059085115258,2.35787486939053,85.6844874375222,53.2344902443718,21.3972233629279,13.1385089863853,2.53573690805189,10.3291648183561,18.8239099478478,65.7738930874295,52.0568777100633,13.2579834558921,7.45204067,103.31652832,NA,33.7,4.63779736642424,FALSE,FALSE,FALSE,FALSE,FALSE,FALSE,FALSE,FALSE,FALSE,FALSE,FALSE,FALSE,FALSE,FALSE,FALSE,FALSE,FALSE
"ZW72FL","mashonalandeast",76.37,53.03,593,6.66178240306793,13.279860988167,"ZWE",2015,0.666178240306793,7.23498949471845,87,1,90.0867829553975,73.423323081653,9.0260661447891,2.96446859963748,88.3702249323082,44.6397795432999,19.3067941490818,11.0261244262381,3.19478445992392,14.2050580537336,19.3120993462927,71.4002832427333,63.7167787998943,20.2510887067963,7.45204067,103.31652832,NA,33.7,4.63779736642424,FALSE,FALSE,FALSE,FALSE,FALSE,FALSE,FALSE,FALSE,FALSE,FALSE,FALSE,FALSE,FALSE,FALSE,FALSE,FALSE,FALSE
"ZW72FL","mashonalandwest",84.13,45.5,765,7.49165981631347,26.6623331194194,"ZWE",2015,0.749165981631347,7.23498949471845,87,1,81.6274207443656,65.60051475974,8.76443698613263,2.92137244366216,81.6471547169211,50.0115504441611,24.1186478737548,14.6210201577747,4.9433980644954,13.4738480121145,19.09395439782,72.653159839688,55.3339474530778,27.8662075716207,7.45204067,103.31652832,NA,33.7,4.63779736642424,FALSE,FALSE,FALSE,FALSE,FALSE,FALSE,FALSE,FALSE,FALSE,FALSE,FALSE,FALSE,FALSE,FALSE,FALSE,FALSE,FALSE
"ZW72FL","masvingo",54.27,31.5,713,5.94924709607316,9.94091405110349,"ZWE",2015,0.594924709607316,7.23498949471845,87,1,75.9705374360575,78.014711527537,9.02757263877023,2.59487812250731,69.4571974265596,60.2286808543015,18.5826122905354,10.5721829933618,4.11015761663412,12.4895685600189,19.9532532294518,63.3433557567383,48.0374740824362,23.2903681668611,7.45204067,103.31652832,NA,33.7,4.63779736642424,FALSE,FALSE,FALSE,FALSE,FALSE,FALSE,FALSE,FALSE,FALSE,FALSE,FALSE,FALSE,FALSE,FALSE,FALSE,FALSE,FALSE
"ZW72FL","matabelelandnorth",63.79,38.74,277,11.0837039143855,9.14119209477443,"ZWE",2015,1.10837039143855,7.23498949471845,87,1,96.4608941455465,82.7962454939147,8.15670330078775,2.11494204193773,94.3737267018736,63.7854273551996,17.5174954855512,11.54400537065,6.04640810747982,13.5709965074838,19.0415629870124,79.0861371678706,36.8278816363452,16.4047456395681,7.45204067,103.31652832,NA,33.7,4.63779736642424,FALSE,FALSE,FALSE,FALSE,FALSE,FALSE,FALSE,FALSE,FALSE,FALSE,FALSE,FALSE,FALSE,FALSE,FALSE,FALSE,FALSE
"ZW72FL","matabelelandsouth",51.6,42.15,225,6.44076608957163,16.0589072178453,"ZWE",2015,0.644076608957163,7.23498949471845,87,1,91.4304568693624,83.4282265572711,9.22637766068662,2.84717251085303,89.6269805880748,67.7435474941062,22.7505251349441,15.6671160940976,4.79855642850861,14.4068310788626,19.0421818722207,81.3904132257489,54.4163206161172,18.0007645430317,7.45204067,103.31652832,NA,33.7,4.63779736642424,FALSE,FALSE,FALSE,FALSE,FALSE,FALSE,FALSE,FALSE,FALSE,FALSE,FALSE,FALSE,FALSE,FALSE,FALSE,FALSE,FALSE
"ZW72FL","midlands",69.19,35.96,777,7.64465187170884,26.4303305307478,"ZWE",2015,0.764465187170884,7.23498949471845,87,1,78.9375289058213,80.8309937186445,9.33960085993317,2.92960218837813,71.1943786519178,58.7272790556857,21.6351866118575,11.7334493282599,5.2042274182261,15.7109162103456,19.6248070273716,67.6577631764809,58.5733192383763,27.265621154663,7.45204067,103.31652832,NA,33.7,4.63779736642424,FALSE,FALSE,FALSE,FALSE,FALSE,FALSE,FALSE,FALSE,FALSE,FALSE,FALSE,FALSE,FALSE,FALSE,FALSE,FALSE,FALSE
