"prevalence","af","lo","hi","model","year"
1,0,0,0,"spline_no_time_interaction",2000
1.28870292887029,0.00534092230461636,0.00291520735340112,0.00776073595930404,"spline_no_time_interaction",2000
1.57740585774059,0.0106533117918186,0.00582193597867664,0.0154612087201486,"spline_no_time_interaction",2000
1.86610878661088,0.0159372737444726,0.008720334024512,0.0231016710581786,"spline_no_time_interaction",2000
2.15481171548117,0.0211928363147849,0.0116107437999714,0.030682033751686,"spline_no_time_interaction",2000
2.44351464435146,0.026419939431524,0.0144937210855194,0.0382018312652783,"spline_no_time_interaction",2000
2.73221757322176,0.0316184296905799,0.0173700371386339,0.0456602168081434,"spline_no_time_interaction",2000
3.02092050209205,0.0367880853243484,0.0202406120701241,0.0530560829496861,"spline_no_time_interaction",2000
3.30962343096234,0.0419286225176037,0.0231064881026494,0.0603881045660309,"spline_no_time_interaction",2000
3.59832635983264,0.0470396820144896,0.0259688385492247,0.067654707984474,"spline_no_time_interaction",2000
3.88702928870293,0.052120821346341,0.0288289600979753,0.074854067502078,"spline_no_time_interaction",2000
4.17573221757322,0.0571715212369077,0.0316882421941712,0.0819841510744321,"spline_no_time_interaction",2000
4.46443514644351,0.0621912234541884,0.034548101256671,0.089042859088966,"spline_no_time_interaction",2000
4.75313807531381,0.0671793510269367,0.0374099439004419,0.0960280987355958,"spline_no_time_interaction",2000
5.0418410041841,0.0721353030250399,0.0402751485046949,0.102937790397891,"spline_no_time_interaction",2000
5.33054393305439,0.0770584541361332,0.0431450456953913,0.10976988387896,"spline_no_time_interaction",2000
5.61924686192469,0.081948167399708,0.0460209039479782,0.116522394642917,"spline_no_time_interaction",2000
5.90794979079498,0.0868038069624895,0.0489039232684799,0.123193431893835,"spline_no_time_interaction",2000
6.19665271966527,0.0916247393595447,0.0517952191928861,0.129781213040026,"spline_no_time_interaction",2000
6.48535564853556,0.0964103302468019,0.05469578749766,0.136284086660967,"spline_no_time_interaction",2000
6.77405857740586,0.101159947720051,0.0576064953468627,0.142700543251318,"spline_no_time_interaction",2000
7.06276150627615,0.105872966702971,0.0605280748084995,0.149029225636961,"spline_no_time_interaction",2000
7.35146443514644,0.110548772129122,0.0634611209689998,0.155268932796942,"spline_no_time_interaction",2000
7.64016736401674,0.115186761919267,0.0664060991018576,0.161418615171172,"spline_no_time_interaction",2000
7.92887029288703,0.119786349129918,0.0693633495792257,0.167477370649722,"spline_no_time_interaction",2000
8.21757322175732,0.124346963744764,0.0723330600099544,0.173444469292781,"spline_no_time_interaction",2000
8.50627615062761,0.128868054830857,0.0753152397572897,0.179319376156921,"spline_no_time_interaction",2000
8.79497907949791,0.133349090260126,0.0783097610020929,0.185101710342994,"spline_no_time_interaction",2000
9.0836820083682,0.137789557604877,0.0813163692475005,0.190791234229063,"spline_no_time_interaction",2000
9.37238493723849,0.142188968020972,0.0843346442577206,0.196387892180959,"spline_no_time_interaction",2000
9.66108786610879,0.1465468590876,0.0873639809854458,0.201891829209487,"spline_no_time_interaction",2000
9.94979079497908,0.150862788935482,0.0904036651888145,0.207303310688802,"spline_no_time_interaction",2000
10.2384937238494,0.155136334937185,0.0934528945769667,0.212622699611086,"spline_no_time_interaction",2000
10.5271966527197,0.159367094681498,0.0965107755677472,0.217850459756962,"spline_no_time_interaction",2000
10.81589958159,0.163554689705,0.0995763013801138,0.222987180161,"spline_no_time_interaction",2000
11.1046025104602,0.167698764385585,0.102648367080645,0.228033558537541,"spline_no_time_interaction",2000
11.3933054393305,0.171798986154908,0.105725775934538,0.232990395031413,"spline_no_time_interaction",2000
11.6820083682008,0.175855041344288,0.10880727084205,0.237858556678996,"spline_no_time_interaction",2000
11.9707112970711,0.179866635576863,0.11189153726282,0.242638975236221,"spline_no_time_interaction",2000
12.2594142259414,0.183833493469571,0.114977209582441,0.247332640928035,"spline_no_time_interaction",2000
12.5481171548117,0.187755360079757,0.118062870060038,0.251940605875074,"spline_no_time_interaction",2000
12.836820083682,0.191632007187669,0.121147026912257,0.256464014102849,"spline_no_time_interaction",2000
13.1255230125523,0.195463226233807,0.124228152423119,0.260904056081464,"spline_no_time_interaction",2000
13.4142259414226,0.199248822769419,0.12730471105525,0.265261935111974,"spline_no_time_interaction",2000
13.7029288702929,0.202988619926203,0.130375150867584,0.269538881506347,"spline_no_time_interaction",2000
13.9916317991632,0.206682462909045,0.133437893848662,0.273736169411789,"spline_no_time_interaction",2000
14.2803347280335,0.210330216995807,0.136491349586466,0.277855102098562,"spline_no_time_interaction",2000
14.5690376569038,0.213931771419757,0.139533911539912,0.281897022706499,"spline_no_time_interaction",2000
14.8577405857741,0.217487039327405,0.142563965412014,0.285863307675394,"spline_no_time_interaction",2000
15.1464435146443,0.220995954080289,0.145579906890559,0.289755345814942,"spline_no_time_interaction",2000
15.4351464435146,0.224458473026708,0.148580141004744,0.293574546440763,"spline_no_time_interaction",2000
15.7238493723849,0.227874583726809,0.151563077939351,0.297322354846279,"spline_no_time_interaction",2000
16.0125523012552,0.231244298053539,0.154527153756347,0.301000225020966,"spline_no_time_interaction",2000
16.3012552301255,0.234567639605219,0.157470859711891,0.3046095733387,"spline_no_time_interaction",2000
16.5899581589958,0.237844649644755,0.160392737666192,0.308151794137077,"spline_no_time_interaction",2000
16.8786610878661,0.241075388099206,0.163291383480775,0.311628259614634,"spline_no_time_interaction",2000
17.1673640167364,0.244259934456694,0.166165451241605,0.315040318828418,"spline_no_time_interaction",2000
17.4560669456067,0.247398386509015,0.169013659366987,0.318389291215346,"spline_no_time_interaction",2000
17.744769874477,0.250490865167767,0.171834790641207,0.32167647608391,"spline_no_time_interaction",2000
18.0334728033473,0.253537510537573,0.174627699284033,0.324903140448138,"spline_no_time_interaction",2000
18.3221757322176,0.256538479639686,0.177391315588361,0.32807051185971,"spline_no_time_interaction",2000
18.6108786610879,0.259493946495135,0.180124647825046,0.331179777727558,"spline_no_time_interaction",2000
18.8995815899582,0.262404098807517,0.182826784545977,0.33423207813575,"spline_no_time_interaction",2000
19.1882845188284,0.265269134244897,0.185496895842077,0.337228498777365,"spline_no_time_interaction",2000
19.4769874476987,0.26808926318475,0.188134232105564,0.340170077555116,"spline_no_time_interaction",2000
19.765690376569,0.270864710569411,0.190738122644092,0.343057809630122,"spline_no_time_interaction",2000
20.0543933054393,0.273595712524231,0.193307973688869,0.345892643471268,"spline_no_time_interaction",2000
20.3430962343096,0.276282517785456,0.195843266767654,0.348675485240727,"spline_no_time_interaction",2000
20.6317991631799,0.278925396839478,0.198343557145345,0.351407216947455,"spline_no_time_interaction",2000
20.9205020920502,0.28152463470324,0.200808468574402,0.354088688080187,"spline_no_time_interaction",2000
21.2092050209205,0.28408052057699,0.203237686844087,0.356720702580448,"spline_no_time_interaction",2000
21.4979079497908,0.286593354825422,0.205630958424159,0.359304032833894,"spline_no_time_interaction",2000
21.7866108786611,0.289063446252821,0.207988084714708,0.36183941971144,"spline_no_time_interaction",2000
22.0753138075314,0.291491114402899,0.21030891889183,0.364327579506643,"spline_no_time_interaction",2000
22.3640167364017,0.293876696562374,0.212593364439916,0.366769217911146,"spline_no_time_interaction",2000
22.652719665272,0.2962205405835,0.214841365855261,0.369165024802778,"spline_no_time_interaction",2000
22.9414225941423,0.298523006134802,0.21705290488917,0.371515679673733,"spline_no_time_interaction",2000
23.2301255230125,0.300784463612759,0.219227994879397,0.373821854371202,"spline_no_time_interaction",2000
23.5188284518828,0.303005287181788,0.221366671863701,0.376084207878265,"spline_no_time_interaction",2000
23.8075313807531,0.305185855805959,0.223468991576996,0.378303390675267,"spline_no_time_interaction",2000
24.0962343096234,0.307326554701706,0.225535026855236,0.380480049506739,"spline_no_time_interaction",2000
24.3849372384937,0.309427778907509,0.227564866546937,0.382614834707548,"spline_no_time_interaction",2000
24.673640167364,0.311489926078616,0.229558606486966,0.384708394587045,"spline_no_time_interaction",2000
24.9623430962343,0.313513396355679,0.23151634704968,0.386761377195383,"spline_no_time_interaction",2000
25.2510460251046,0.315498594191956,0.233438192275874,0.388774434322183,"spline_no_time_interaction",2000
25.5397489539749,0.317445925522385,0.235324245389863,0.390748220043255,"spline_no_time_interaction",2000
25.8284518828452,0.319355794752718,0.237174604757196,0.39268338858954,"spline_no_time_interaction",2000
26.1171548117155,0.321228606690443,0.238989364433624,0.394580597375616,"spline_no_time_interaction",2000
26.4058577405858,0.323064766295233,0.240768612964098,0.39644050752441,"spline_no_time_interaction",2000
26.6945606694561,0.324864679303276,0.242512433211194,0.398263785127774,"spline_no_time_interaction",2000
26.9832635983264,0.326628753320962,0.244220903005107,0.40005110268729,"spline_no_time_interaction",2000
27.2719665271966,0.328357398093602,0.24589409538485,0.401803139406775,"spline_no_time_interaction",2000
27.5606694560669,0.330051025573578,0.247532078839928,0.403520581125829,"spline_no_time_interaction",2000
27.8493723849372,0.33171004707368,0.249134914938717,0.405204117134023,"spline_no_time_interaction",2000
28.1380753138075,0.333334871571046,0.250702657225884,0.406854438028914,"spline_no_time_interaction",2000
28.4267782426778,0.334925908600582,0.252235355775391,0.408472237264673,"spline_no_time_interaction",2000
28.7154811715481,0.336483568302956,0.253733058493687,0.410058210211831,"spline_no_time_interaction",2000
29.0041841004184,0.338008260837049,0.255195812043318,0.411613052388642,"spline_no_time_interaction",2000
29.2928870292887,0.339500397144651,0.256623664664658,0.413137458599252,"spline_no_time_interaction",2000
29.581589958159,0.340960391025442,0.258016671151471,0.414632122703657,"spline_no_time_interaction",2000
29.8702928870293,0.342388655037572,0.259374889388832,0.416097733080598,"spline_no_time_interaction",2000
30.1589958158996,0.343785600132957,0.260698382043615,0.417534970661639,"spline_no_time_interaction",2000
30.4476987447699,0.345151638622556,0.261987223395841,0.418944508831005,"spline_no_time_interaction",2000
30.7364016736402,0.346487182146178,0.263241498601833,0.420327010426398,"spline_no_time_interaction",2000
31.0251046025105,0.347792640157546,0.264461303570876,0.42168312517375,"spline_no_time_interaction",2000
31.3138075313807,0.34906842101806,0.265646748890943,0.423013488568327,"spline_no_time_interaction",2000
31.602510460251,0.350314931869864,0.266797961700983,0.424318720211848,"spline_no_time_interaction",2000
31.8912133891213,0.351532578336982,0.267915087129458,0.425599422190739,"spline_no_time_interaction",2000
32.1799163179916,0.352721764411015,0.268998289851529,0.426856177693354,"spline_no_time_interaction",2000
32.4686192468619,0.35388289225049,0.270047755290202,0.42808954975875,"spline_no_time_interaction",2000
32.7573221757322,0.3550163629335,0.271063692376581,0.429300080496957,"spline_no_time_interaction",2000
33.0460251046025,0.356122578145639,0.272046337977606,0.430488290666686,"spline_no_time_interaction",2000
33.3347280334728,0.357201939016314,0.272995955886769,0.431654678471042,"spline_no_time_interaction",2000
33.6234309623431,0.358254848082588,0.273912841354542,0.432799719557361,"spline_no_time_interaction",2000
33.9121338912134,0.35928170905641,0.274797321415887,0.433923866427004,"spline_no_time_interaction",2000
34.2008368200837,0.360282927909297,0.275649757326146,0.43502754853281,"spline_no_time_interaction",2000
34.489539748954,0.361258911538612,0.276470542379855,0.436111171712604,"spline_no_time_interaction",2000
34.7782426778243,0.362210066150697,0.277260098968213,0.437175117716923,"spline_no_time_interaction",2000
35.0669456066946,0.363136796316555,0.278018876502106,0.438219744249139,"spline_no_time_interaction",2000
35.3556485355649,0.364039506169724,0.278747352632276,0.439245386219504,"spline_no_time_interaction",2000
35.6443514644351,0.36491860015097,0.279446033142863,0.440252357233681,"spline_no_time_interaction",2000
35.9330543933054,0.365774485426385,0.280115453626487,0.441240952646505,"spline_no_time_interaction",2000
36.2217573221757,0.366607569335932,0.2807561745983,0.442211448949912,"spline_no_time_interaction",2000
36.510460251046,0.367418257181777,0.28136877715913,0.443164103328211,"spline_no_time_interaction",2000
36.7991631799163,0.368206951683219,0.281953861006769,0.444099154323043,"spline_no_time_interaction",2000
37.0878661087866,0.368974053442399,0.282512042705444,0.44501682407271,"spline_no_time_interaction",2000
37.3765690376569,0.36971996219579,0.283043953959284,0.445917321921968,"spline_no_time_interaction",2000
37.6652719665272,0.370445076464249,0.283550238874801,0.446800845985842,"spline_no_time_interaction",2000
37.9539748953975,0.371149793843038,0.28403155078911,0.447667586163183,"spline_no_time_interaction",2000
38.2426778242678,0.371834511303549,0.284488549096627,0.448517727157187,"spline_no_time_interaction",2000
38.5313807531381,0.37249962315529,0.284921898954129,0.449351445157745,"spline_no_time_interaction",2000
38.8200836820084,0.373145521158742,0.285332268401851,0.450168910292573,"spline_no_time_interaction",2000
39.1087866108787,0.373772596049779,0.285720321819802,0.450970294356745,"spline_no_time_interaction",2000
39.397489539749,0.374381237517719,0.286086716253083,0.451755773592508,"spline_no_time_interaction",2000
39.6861924686192,0.374971833745059,0.28643209991081,0.452525529016671,"spline_no_time_interaction",2000
39.9748953974895,0.375544770860496,0.286757111521251,0.453279745934279,"spline_no_time_interaction",2000
40.2635983263598,0.376100433749261,0.287062370304675,0.454018623011655,"spline_no_time_interaction",2000
40.5523012552301,0.376639205686538,0.287348476013663,0.454742371540119,"spline_no_time_interaction",2000
40.8410041841004,0.377161468079705,0.287616006769606,0.455451216575599,"spline_no_time_interaction",2000
41.1297071129707,0.377667600303361,0.287865518565686,0.456145396959127,"spline_no_time_interaction",2000
41.418410041841,0.378157979622248,0.288097535974356,0.456825172200057,"spline_no_time_interaction",2000
41.7071129707113,0.378632981093795,0.288312547972328,0.457490825383596,"spline_no_time_interaction",2000
41.9958158995816,0.3790929774022,0.288511016176547,0.458142656489916,"spline_no_time_interaction",2000
42.2845188284519,0.379538338744711,0.288693375733665,0.458780981430131,"spline_no_time_interaction",2000
42.5732217573222,0.37996943235852,0.288860027455899,0.459406137114623,"spline_no_time_interaction",2000
42.8619246861925,0.380386622288372,0.289011335443817,0.46001848274351,"spline_no_time_interaction",2000
43.1506276150628,0.380790269975489,0.289147640094759,0.460618390845409,"spline_no_time_interaction",2000
43.4393305439331,0.381180734200258,0.289269258949135,0.461206246462995,"spline_no_time_interaction",2000
43.7280334728033,0.381558371414955,0.289376492144113,0.461782443531987,"spline_no_time_interaction",2000
44.0167364016736,0.381923534963186,0.289469616213723,0.462347388162767,"spline_no_time_interaction",2000
44.3054393305439,0.382276575185216,0.289548886653916,0.462901496814144,"spline_no_time_interaction",2000
44.5941422594142,0.382617838625066,0.289614534202757,0.463445197662905,"spline_no_time_interaction",2000
44.8828451882845,0.382947667918319,0.289666766207324,0.463978929305494,"spline_no_time_interaction",2000
45.1715481171548,0.38326640261316,0.289705774859025,0.46450313590791,"spline_no_time_interaction",2000
45.4602510460251,0.383574380134982,0.289731745225696,0.465018262787607,"spline_no_time_interaction",2000
45.7489539748954,0.383871936493299,0.289744860723555,0.46552475350303,"spline_no_time_interaction",2000
46.0376569037657,0.384159406373382,0.289745304717885,0.466023048805411,"spline_no_time_interaction",2000
46.326359832636,0.384437120964186,0.289733251081531,0.466513589966245,"spline_no_time_interaction",2000
46.6150627615063,0.38470540691309,0.289708861021595,0.466996819323271,"spline_no_time_interaction",2000
46.9037656903766,0.384964587133059,0.289672289079047,0.467473177148084,"spline_no_time_interaction",2000
47.1924686192469,0.385214980594285,0.289623684397448,0.467943100319874,"spline_no_time_interaction",2000
47.4811715481172,0.385456901823136,0.289563190835484,0.46840702136344,"spline_no_time_interaction",2000
47.7698744769874,0.38569066061655,0.289490948174649,0.468865367043217,"spline_no_time_interaction",2000
48.0585774058577,0.385916558772878,0.289407083275929,0.469318559312667,"spline_no_time_interaction",2000
48.347280334728,0.386134888842359,0.289311708841275,0.469767014055925,"spline_no_time_interaction",2000
48.6359832635983,0.386345937007402,0.289204935618032,0.470211136940364,"spline_no_time_interaction",2000
48.9246861924686,0.386549985165259,0.289086880964636,0.470651320640456,"spline_no_time_interaction",2000
49.2133891213389,0.386747310310478,0.288957668998407,0.471087943692919,"spline_no_time_interaction",2000
49.5020920502092,0.386938180829078,0.288817422064821,0.471521370480736,"spline_no_time_interaction",2000
49.7907949790795,0.387122861895218,0.28866627678992,0.471951948634697,"spline_no_time_interaction",2000
50.0794979079498,0.387301614731323,0.288504383532484,0.472380008221762,"spline_no_time_interaction",2000
50.3682008368201,0.387474694662689,0.288331902359523,0.472805861436684,"spline_no_time_interaction",2000
50.6569037656904,0.387642353753911,0.288149010278139,0.473229801840178,"spline_no_time_interaction",2000
50.9456066945607,0.387804838101413,0.287955895490583,0.473652104022047,"spline_no_time_interaction",2000
51.234309623431,0.387962388363305,0.287752758981446,0.474073023403691,"spline_no_time_interaction",2000
51.5230125523013,0.388115239031594,0.287539813115829,0.474492796091872,"spline_no_time_interaction",2000
51.8117154811715,0.38826361988184,0.287317284719693,0.47491163916767,"spline_no_time_interaction",2000
52.1004184100418,0.388407754884954,0.287085412583153,0.475329750734704,"spline_no_time_interaction",2000
52.3891213389121,0.388547858182728,0.286844438480727,0.47574730969433,"spline_no_time_interaction",2000
52.6778242677824,0.388684135282996,0.286594608853947,0.476164476617769,"spline_no_time_interaction",2000
52.9665271966527,0.388816789710703,0.286336187722154,0.476581395731325,"spline_no_time_interaction",2000
53.255230125523,0.388946023211317,0.286069456329087,0.476998195609659,"spline_no_time_interaction",2000
53.5439330543933,0.389072036093804,0.285794712845607,0.477414990065893,"spline_no_time_interaction",2000
53.8326359832636,0.389195026203333,0.285512269178556,0.47783187881223,"spline_no_time_interaction",2000
54.1213389121339,0.389315183967729,0.285222439342289,0.478248947561803,"spline_no_time_interaction",2000
54.4100418410042,0.389432694599486,0.284925542153295,0.478666269878203,"spline_no_time_interaction",2000
54.6987447698745,0.389547739712394,0.284621902853613,0.479083908807469,"spline_no_time_interaction",2000
54.9874476987448,0.389660498351007,0.284311853586854,0.479501918342378,"spline_no_time_interaction",2000
55.2761506276151,0.389771146021488,0.283995729633864,0.479920344556733,"spline_no_time_interaction",2000
55.5648535564854,0.389879849435199,0.283673856179695,0.480339226291599,"spline_no_time_interaction",2000
55.8535564853556,0.389986766095814,0.283346544845752,0.480758596973274,"spline_no_time_interaction",2000
56.1422594142259,0.390092047149403,0.283014097397499,0.481178486773348,"spline_no_time_interaction",2000
56.4309623430962,0.390195836614526,0.282676801818005,0.481598924132506,"spline_no_time_interaction",2000
56.7196652719665,0.390298272391765,0.28233493232046,0.482019937447397,"spline_no_time_interaction",2000
57.0083682008368,0.390399487494718,0.281988750070309,0.482441556614759,"spline_no_time_interaction",2000
57.2970711297071,0.390499610668901,0.281638502728121,0.482863814380961,"spline_no_time_interaction",2000
57.5857740585774,0.390598768447113,0.281284427499036,0.483286747599062,"spline_no_time_interaction",2000
57.8744769874477,0.390697084576802,0.280926748263581,0.483710398284578,"spline_no_time_interaction",2000
58.163179916318,0.390794678496067,0.280565670357717,0.484134814732508,"spline_no_time_interaction",2000
58.4518828451883,0.390891664234376,0.280201376221088,0.484560052711179,"spline_no_time_interaction",2000
58.7405857740586,0.39098815006393,0.279834022842323,0.484986176622243,"spline_no_time_interaction",2000
59.0292887029289,0.391084236321052,0.279463734712454,0.485413260762456,"spline_no_time_interaction",2000
59.3179916317992,0.391180012184794,0.279090594139252,0.485841390679669,"spline_no_time_interaction",2000
59.6066945606695,0.391275563504677,0.278714659429001,0.486270663295043,"spline_no_time_interaction",2000
59.8953974895397,0.391370971816022,0.278335961541417,0.486701187522962,"spline_no_time_interaction",2000
60.18410041841,0.391466312947877,0.277954499781809,0.487133084874363,"spline_no_time_interaction",2000
60.4728033472803,0.391561659347694,0.277570247138265,0.487566489462425,"spline_no_time_interaction",2000
60.7615062761506,0.391657079431796,0.277183148174129,0.488001548289018,"spline_no_time_interaction",2000
61.0502092050209,0.391752636500957,0.276793115891905,0.488438421517792,"spline_no_time_interaction",2000
61.3389121338912,0.391848388920286,0.2764000320228,0.488877282439977,"spline_no_time_interaction",2000
61.6276150627615,0.391944390916587,0.276003749146214,0.489318317184947,"spline_no_time_interaction",2000
61.9163179916318,0.39204069184631,0.275604088942851,0.489761724591577,"spline_no_time_interaction",2000
62.2050209205021,0.392137339042525,0.275200850092156,0.490207715291495,"spline_no_time_interaction",2000
62.4937238493724,0.392234375907822,0.274793803647305,0.490656511643329,"spline_no_time_interaction",2000
62.7824267782427,0.392331840575097,0.274382690113059,0.491108347406454,"spline_no_time_interaction",2000
63.071129707113,0.392429768783336,0.273967227884188,0.491563466501774,"spline_no_time_interaction",2000
63.3598326359833,0.392528191744765,0.273547108442903,0.492022122681743,"spline_no_time_interaction",2000
63.6485355648536,0.392627136030189,0.273121997183178,0.492484578626248,"spline_no_time_interaction",2000
63.9372384937238,0.392726626680961,0.272691542816352,0.49295110444568,"spline_no_time_interaction",2000
64.2259414225941,0.392826686420421,0.272255376432669,0.493421976907127,"spline_no_time_interaction",2000
64.5146443514644,0.39292733722608,0.271813116802328,0.493897478255764,"spline_no_time_interaction",2000
64.8033472803347,0.393028598763423,0.271364367473139,0.494377895517603,"spline_no_time_interaction",2000
65.092050209205,0.393130489847683,0.2709087218375,0.494863519310365,"spline_no_time_interaction",2000
65.3807531380753,0.393233029017487,0.270445765748923,0.495354642889251,"spline_no_time_interaction",2000
65.6694560669456,0.393336231691009,0.269975071558156,0.495851561446802,"spline_no_time_interaction",2000
65.9581589958159,0.393440110142157,0.269496199688391,0.496354570876403,"spline_no_time_interaction",2000
66.2468619246862,0.393544676364578,0.269008707260183,0.496863966481401,"spline_no_time_interaction",2000
66.5355648535565,0.393649941939295,0.268512148971238,0.497380042070221,"spline_no_time_interaction",2000
66.8242677824268,0.393755916327446,0.268006074304216,0.497903088965357,"spline_no_time_interaction",2000
67.1129707112971,0.393862608291111,0.267490032391007,0.498433394938086,"spline_no_time_interaction",2000
67.4016736401674,0.39397002658302,0.266963574854254,0.49897124333656,"spline_no_time_interaction",2000
67.6903765690377,0.394078179946836,0.266426256909694,0.499516912274024,"spline_no_time_interaction",2000
67.979079497908,0.394187077117045,0.265877638431984,0.500070673847761,"spline_no_time_interaction",2000
68.2677824267782,0.394296726810918,0.265317284966896,0.500632793388318,"spline_no_time_interaction",2000
68.5564853556485,0.394407136848511,0.264744766870021,0.501203528550493,"spline_no_time_interaction",2000
68.8451882845188,0.39451831329931,0.264159658751057,0.501783128242646,"spline_no_time_interaction",2000
69.1338912133891,0.394630260771367,0.263561541444973,0.502371831730784,"spline_no_time_interaction",2000
69.4225941422594,0.394742981783728,0.262950002085901,0.502969867530279,"spline_no_time_interaction",2000
69.7112970711297,0.394856474206721,0.262324630593307,0.503577451550197,"spline_no_time_interaction",2000
70,0.394970730723293,0.261685020810617,0.504194785424218,"spline_no_time_interaction",2000
1,0,0,0,"spline_no_time_interaction",2014
1.28870292887029,0.00534092230461636,0.00291520735340112,0.00776073595930404,"spline_no_time_interaction",2014
1.57740585774059,0.0106533117918186,0.00582193597867664,0.0154612087201486,"spline_no_time_interaction",2014
1.86610878661088,0.0159372737444726,0.008720334024512,0.0231016710581786,"spline_no_time_interaction",2014
2.15481171548117,0.0211928363147849,0.0116107437999714,0.030682033751686,"spline_no_time_interaction",2014
2.44351464435146,0.026419939431524,0.0144937210855194,0.0382018312652783,"spline_no_time_interaction",2014
2.73221757322176,0.0316184296905799,0.0173700371386339,0.0456602168081434,"spline_no_time_interaction",2014
3.02092050209205,0.0367880853243484,0.0202406120701241,0.0530560829496861,"spline_no_time_interaction",2014
3.30962343096234,0.0419286225176037,0.0231064881026494,0.0603881045660309,"spline_no_time_interaction",2014
3.59832635983264,0.0470396820144896,0.0259688385492247,0.067654707984474,"spline_no_time_interaction",2014
3.88702928870293,0.052120821346341,0.0288289600979753,0.074854067502078,"spline_no_time_interaction",2014
4.17573221757322,0.0571715212369077,0.0316882421941712,0.0819841510744321,"spline_no_time_interaction",2014
4.46443514644351,0.0621912234541884,0.034548101256671,0.089042859088966,"spline_no_time_interaction",2014
4.75313807531381,0.0671793510269367,0.0374099439004419,0.0960280987355958,"spline_no_time_interaction",2014
5.0418410041841,0.0721353030250399,0.0402751485046949,0.102937790397891,"spline_no_time_interaction",2014
5.33054393305439,0.0770584541361332,0.0431450456953913,0.10976988387896,"spline_no_time_interaction",2014
5.61924686192469,0.081948167399708,0.0460209039479782,0.116522394642917,"spline_no_time_interaction",2014
5.90794979079498,0.0868038069624895,0.0489039232684799,0.123193431893835,"spline_no_time_interaction",2014
6.19665271966527,0.0916247393595447,0.0517952191928861,0.129781213040026,"spline_no_time_interaction",2014
6.48535564853556,0.0964103302468019,0.05469578749766,0.136284086660967,"spline_no_time_interaction",2014
6.77405857740586,0.101159947720051,0.0576064953468627,0.142700543251318,"spline_no_time_interaction",2014
7.06276150627615,0.105872966702971,0.0605280748084995,0.149029225636961,"spline_no_time_interaction",2014
7.35146443514644,0.110548772129122,0.0634611209689998,0.155268932796942,"spline_no_time_interaction",2014
7.64016736401674,0.115186761919267,0.0664060991018576,0.161418615171172,"spline_no_time_interaction",2014
7.92887029288703,0.119786349129918,0.0693633495792257,0.167477370649722,"spline_no_time_interaction",2014
8.21757322175732,0.124346963744764,0.0723330600099544,0.173444469292781,"spline_no_time_interaction",2014
8.50627615062761,0.128868054830857,0.0753152397572897,0.179319376156921,"spline_no_time_interaction",2014
8.79497907949791,0.133349090260126,0.0783097610020929,0.185101710342994,"spline_no_time_interaction",2014
9.0836820083682,0.137789557604877,0.0813163692475005,0.190791234229063,"spline_no_time_interaction",2014
9.37238493723849,0.142188968020972,0.0843346442577206,0.196387892180959,"spline_no_time_interaction",2014
9.66108786610879,0.1465468590876,0.0873639809854458,0.201891829209487,"spline_no_time_interaction",2014
9.94979079497908,0.150862788935482,0.0904036651888145,0.207303310688802,"spline_no_time_interaction",2014
10.2384937238494,0.155136334937185,0.0934528945769667,0.212622699611086,"spline_no_time_interaction",2014
10.5271966527197,0.159367094681498,0.0965107755677472,0.217850459756962,"spline_no_time_interaction",2014
10.81589958159,0.163554689705,0.0995763013801138,0.222987180161,"spline_no_time_interaction",2014
11.1046025104602,0.167698764385585,0.102648367080645,0.228033558537541,"spline_no_time_interaction",2014
11.3933054393305,0.171798986154908,0.105725775934538,0.232990395031413,"spline_no_time_interaction",2014
11.6820083682008,0.175855041344288,0.10880727084205,0.237858556678996,"spline_no_time_interaction",2014
11.9707112970711,0.179866635576863,0.11189153726282,0.242638975236221,"spline_no_time_interaction",2014
12.2594142259414,0.183833493469571,0.114977209582441,0.247332640928035,"spline_no_time_interaction",2014
12.5481171548117,0.187755360079757,0.118062870060038,0.251940605875074,"spline_no_time_interaction",2014
12.836820083682,0.191632007187669,0.121147026912257,0.256464014102849,"spline_no_time_interaction",2014
13.1255230125523,0.195463226233807,0.124228152423119,0.260904056081464,"spline_no_time_interaction",2014
13.4142259414226,0.199248822769419,0.12730471105525,0.265261935111974,"spline_no_time_interaction",2014
13.7029288702929,0.202988619926203,0.130375150867584,0.269538881506347,"spline_no_time_interaction",2014
13.9916317991632,0.206682462909045,0.133437893848662,0.273736169411789,"spline_no_time_interaction",2014
14.2803347280335,0.210330216995807,0.136491349586466,0.277855102098562,"spline_no_time_interaction",2014
14.5690376569038,0.213931771419757,0.139533911539912,0.281897022706499,"spline_no_time_interaction",2014
14.8577405857741,0.217487039327405,0.142563965412014,0.285863307675394,"spline_no_time_interaction",2014
15.1464435146443,0.220995954080289,0.145579906890559,0.289755345814942,"spline_no_time_interaction",2014
15.4351464435146,0.224458473026708,0.148580141004744,0.293574546440763,"spline_no_time_interaction",2014
15.7238493723849,0.227874583726809,0.151563077939351,0.297322354846279,"spline_no_time_interaction",2014
16.0125523012552,0.231244298053539,0.154527153756347,0.301000225020966,"spline_no_time_interaction",2014
16.3012552301255,0.234567639605219,0.157470859711891,0.3046095733387,"spline_no_time_interaction",2014
16.5899581589958,0.237844649644755,0.160392737666192,0.308151794137077,"spline_no_time_interaction",2014
16.8786610878661,0.241075388099206,0.163291383480775,0.311628259614634,"spline_no_time_interaction",2014
17.1673640167364,0.244259934456694,0.166165451241605,0.315040318828418,"spline_no_time_interaction",2014
17.4560669456067,0.247398386509015,0.169013659366987,0.318389291215346,"spline_no_time_interaction",2014
17.744769874477,0.250490865167767,0.171834790641207,0.32167647608391,"spline_no_time_interaction",2014
18.0334728033473,0.253537510537573,0.174627699284033,0.324903140448138,"spline_no_time_interaction",2014
18.3221757322176,0.256538479639686,0.177391315588361,0.32807051185971,"spline_no_time_interaction",2014
18.6108786610879,0.259493946495135,0.180124647825046,0.331179777727558,"spline_no_time_interaction",2014
18.8995815899582,0.262404098807517,0.182826784545977,0.33423207813575,"spline_no_time_interaction",2014
19.1882845188284,0.265269134244897,0.185496895842077,0.337228498777365,"spline_no_time_interaction",2014
19.4769874476987,0.26808926318475,0.188134232105564,0.340170077555116,"spline_no_time_interaction",2014
19.765690376569,0.270864710569411,0.190738122644092,0.343057809630122,"spline_no_time_interaction",2014
20.0543933054393,0.273595712524231,0.193307973688869,0.345892643471268,"spline_no_time_interaction",2014
20.3430962343096,0.276282517785456,0.195843266767654,0.348675485240727,"spline_no_time_interaction",2014
20.6317991631799,0.278925396839478,0.198343557145345,0.351407216947455,"spline_no_time_interaction",2014
20.9205020920502,0.28152463470324,0.200808468574402,0.354088688080187,"spline_no_time_interaction",2014
21.2092050209205,0.28408052057699,0.203237686844087,0.356720702580448,"spline_no_time_interaction",2014
21.4979079497908,0.286593354825422,0.205630958424159,0.359304032833894,"spline_no_time_interaction",2014
21.7866108786611,0.289063446252821,0.207988084714708,0.36183941971144,"spline_no_time_interaction",2014
22.0753138075314,0.291491114402899,0.21030891889183,0.364327579506643,"spline_no_time_interaction",2014
22.3640167364017,0.293876696562374,0.212593364439916,0.366769217911146,"spline_no_time_interaction",2014
22.652719665272,0.2962205405835,0.214841365855261,0.369165024802778,"spline_no_time_interaction",2014
22.9414225941423,0.298523006134802,0.21705290488917,0.371515679673733,"spline_no_time_interaction",2014
23.2301255230125,0.300784463612759,0.219227994879397,0.373821854371202,"spline_no_time_interaction",2014
23.5188284518828,0.303005287181788,0.221366671863701,0.376084207878265,"spline_no_time_interaction",2014
23.8075313807531,0.305185855805959,0.223468991576996,0.378303390675267,"spline_no_time_interaction",2014
24.0962343096234,0.307326554701706,0.225535026855236,0.380480049506739,"spline_no_time_interaction",2014
24.3849372384937,0.309427778907509,0.227564866546937,0.382614834707548,"spline_no_time_interaction",2014
24.673640167364,0.311489926078616,0.229558606486966,0.384708394587045,"spline_no_time_interaction",2014
24.9623430962343,0.313513396355679,0.23151634704968,0.386761377195383,"spline_no_time_interaction",2014
25.2510460251046,0.315498594191956,0.233438192275874,0.388774434322183,"spline_no_time_interaction",2014
25.5397489539749,0.317445925522385,0.235324245389863,0.390748220043255,"spline_no_time_interaction",2014
25.8284518828452,0.319355794752718,0.237174604757196,0.39268338858954,"spline_no_time_interaction",2014
26.1171548117155,0.321228606690443,0.238989364433624,0.394580597375616,"spline_no_time_interaction",2014
26.4058577405858,0.323064766295233,0.240768612964098,0.39644050752441,"spline_no_time_interaction",2014
26.6945606694561,0.324864679303276,0.242512433211194,0.398263785127774,"spline_no_time_interaction",2014
26.9832635983264,0.326628753320962,0.244220903005107,0.40005110268729,"spline_no_time_interaction",2014
27.2719665271966,0.328357398093602,0.24589409538485,0.401803139406775,"spline_no_time_interaction",2014
27.5606694560669,0.330051025573578,0.247532078839928,0.403520581125829,"spline_no_time_interaction",2014
27.8493723849372,0.33171004707368,0.249134914938717,0.405204117134023,"spline_no_time_interaction",2014
28.1380753138075,0.333334871571046,0.250702657225884,0.406854438028914,"spline_no_time_interaction",2014
28.4267782426778,0.334925908600582,0.252235355775391,0.408472237264673,"spline_no_time_interaction",2014
28.7154811715481,0.336483568302956,0.253733058493687,0.410058210211831,"spline_no_time_interaction",2014
29.0041841004184,0.338008260837049,0.255195812043318,0.411613052388642,"spline_no_time_interaction",2014
29.2928870292887,0.339500397144651,0.256623664664658,0.413137458599252,"spline_no_time_interaction",2014
29.581589958159,0.340960391025442,0.258016671151471,0.414632122703657,"spline_no_time_interaction",2014
29.8702928870293,0.342388655037572,0.259374889388832,0.416097733080598,"spline_no_time_interaction",2014
30.1589958158996,0.343785600132957,0.260698382043615,0.417534970661639,"spline_no_time_interaction",2014
30.4476987447699,0.345151638622556,0.261987223395841,0.418944508831005,"spline_no_time_interaction",2014
30.7364016736402,0.346487182146178,0.263241498601833,0.420327010426398,"spline_no_time_interaction",2014
31.0251046025105,0.347792640157546,0.264461303570876,0.42168312517375,"spline_no_time_interaction",2014
31.3138075313807,0.34906842101806,0.265646748890943,0.423013488568327,"spline_no_time_interaction",2014
31.602510460251,0.350314931869864,0.266797961700983,0.424318720211848,"spline_no_time_interaction",2014
31.8912133891213,0.351532578336982,0.267915087129458,0.425599422190739,"spline_no_time_interaction",2014
32.1799163179916,0.352721764411015,0.268998289851529,0.426856177693354,"spline_no_time_interaction",2014
32.4686192468619,0.35388289225049,0.270047755290202,0.42808954975875,"spline_no_time_interaction",2014
32.7573221757322,0.3550163629335,0.271063692376581,0.429300080496957,"spline_no_time_interaction",2014
33.0460251046025,0.356122578145639,0.272046337977606,0.430488290666686,"spline_no_time_interaction",2014
33.3347280334728,0.357201939016314,0.272995955886769,0.431654678471042,"spline_no_time_interaction",2014
33.6234309623431,0.358254848082588,0.273912841354542,0.432799719557361,"spline_no_time_interaction",2014
33.9121338912134,0.35928170905641,0.274797321415887,0.433923866427004,"spline_no_time_interaction",2014
34.2008368200837,0.360282927909297,0.275649757326146,0.43502754853281,"spline_no_time_interaction",2014
34.489539748954,0.361258911538612,0.276470542379855,0.436111171712604,"spline_no_time_interaction",2014
34.7782426778243,0.362210066150697,0.277260098968213,0.437175117716923,"spline_no_time_interaction",2014
35.0669456066946,0.363136796316555,0.278018876502106,0.438219744249139,"spline_no_time_interaction",2014
35.3556485355649,0.364039506169724,0.278747352632276,0.439245386219504,"spline_no_time_interaction",2014
35.6443514644351,0.36491860015097,0.279446033142863,0.440252357233681,"spline_no_time_interaction",2014
35.9330543933054,0.365774485426385,0.280115453626487,0.441240952646505,"spline_no_time_interaction",2014
36.2217573221757,0.366607569335932,0.2807561745983,0.442211448949912,"spline_no_time_interaction",2014
36.510460251046,0.367418257181777,0.28136877715913,0.443164103328211,"spline_no_time_interaction",2014
36.7991631799163,0.368206951683219,0.281953861006769,0.444099154323043,"spline_no_time_interaction",2014
37.0878661087866,0.368974053442399,0.282512042705444,0.44501682407271,"spline_no_time_interaction",2014
37.3765690376569,0.36971996219579,0.283043953959284,0.445917321921968,"spline_no_time_interaction",2014
37.6652719665272,0.370445076464249,0.283550238874801,0.446800845985842,"spline_no_time_interaction",2014
37.9539748953975,0.371149793843038,0.28403155078911,0.447667586163183,"spline_no_time_interaction",2014
38.2426778242678,0.371834511303549,0.284488549096627,0.448517727157187,"spline_no_time_interaction",2014
38.5313807531381,0.37249962315529,0.284921898954129,0.449351445157745,"spline_no_time_interaction",2014
38.8200836820084,0.373145521158742,0.285332268401851,0.450168910292573,"spline_no_time_interaction",2014
39.1087866108787,0.373772596049779,0.285720321819802,0.450970294356745,"spline_no_time_interaction",2014
39.397489539749,0.374381237517719,0.286086716253083,0.451755773592508,"spline_no_time_interaction",2014
39.6861924686192,0.374971833745059,0.28643209991081,0.452525529016671,"spline_no_time_interaction",2014
39.9748953974895,0.375544770860496,0.286757111521251,0.453279745934279,"spline_no_time_interaction",2014
40.2635983263598,0.376100433749261,0.287062370304675,0.454018623011655,"spline_no_time_interaction",2014
40.5523012552301,0.376639205686538,0.287348476013663,0.454742371540119,"spline_no_time_interaction",2014
40.8410041841004,0.377161468079705,0.287616006769606,0.455451216575599,"spline_no_time_interaction",2014
41.1297071129707,0.377667600303361,0.287865518565686,0.456145396959127,"spline_no_time_interaction",2014
41.418410041841,0.378157979622248,0.288097535974356,0.456825172200057,"spline_no_time_interaction",2014
41.7071129707113,0.378632981093795,0.288312547972328,0.457490825383596,"spline_no_time_interaction",2014
41.9958158995816,0.3790929774022,0.288511016176547,0.458142656489916,"spline_no_time_interaction",2014
42.2845188284519,0.379538338744711,0.288693375733665,0.458780981430131,"spline_no_time_interaction",2014
42.5732217573222,0.37996943235852,0.288860027455899,0.459406137114623,"spline_no_time_interaction",2014
42.8619246861925,0.380386622288372,0.289011335443817,0.46001848274351,"spline_no_time_interaction",2014
43.1506276150628,0.380790269975489,0.289147640094759,0.460618390845409,"spline_no_time_interaction",2014
43.4393305439331,0.381180734200258,0.289269258949135,0.461206246462995,"spline_no_time_interaction",2014
43.7280334728033,0.381558371414955,0.289376492144113,0.461782443531987,"spline_no_time_interaction",2014
44.0167364016736,0.381923534963186,0.289469616213723,0.462347388162767,"spline_no_time_interaction",2014
44.3054393305439,0.382276575185216,0.289548886653916,0.462901496814144,"spline_no_time_interaction",2014
44.5941422594142,0.382617838625066,0.289614534202757,0.463445197662905,"spline_no_time_interaction",2014
44.8828451882845,0.382947667918319,0.289666766207324,0.463978929305494,"spline_no_time_interaction",2014
45.1715481171548,0.38326640261316,0.289705774859025,0.46450313590791,"spline_no_time_interaction",2014
45.4602510460251,0.383574380134982,0.289731745225696,0.465018262787607,"spline_no_time_interaction",2014
45.7489539748954,0.383871936493299,0.289744860723555,0.46552475350303,"spline_no_time_interaction",2014
46.0376569037657,0.384159406373382,0.289745304717885,0.466023048805411,"spline_no_time_interaction",2014
46.326359832636,0.384437120964186,0.289733251081531,0.466513589966245,"spline_no_time_interaction",2014
46.6150627615063,0.38470540691309,0.289708861021595,0.466996819323271,"spline_no_time_interaction",2014
46.9037656903766,0.384964587133059,0.289672289079047,0.467473177148084,"spline_no_time_interaction",2014
47.1924686192469,0.385214980594285,0.289623684397448,0.467943100319874,"spline_no_time_interaction",2014
47.4811715481172,0.385456901823136,0.289563190835484,0.46840702136344,"spline_no_time_interaction",2014
47.7698744769874,0.38569066061655,0.289490948174649,0.468865367043217,"spline_no_time_interaction",2014
48.0585774058577,0.385916558772878,0.289407083275929,0.469318559312667,"spline_no_time_interaction",2014
48.347280334728,0.386134888842359,0.289311708841275,0.469767014055925,"spline_no_time_interaction",2014
48.6359832635983,0.386345937007402,0.289204935618032,0.470211136940364,"spline_no_time_interaction",2014
48.9246861924686,0.386549985165259,0.289086880964636,0.470651320640456,"spline_no_time_interaction",2014
49.2133891213389,0.386747310310478,0.288957668998407,0.471087943692919,"spline_no_time_interaction",2014
49.5020920502092,0.386938180829078,0.288817422064821,0.471521370480736,"spline_no_time_interaction",2014
49.7907949790795,0.387122861895218,0.28866627678992,0.471951948634697,"spline_no_time_interaction",2014
50.0794979079498,0.387301614731323,0.288504383532484,0.472380008221762,"spline_no_time_interaction",2014
50.3682008368201,0.387474694662689,0.288331902359523,0.472805861436684,"spline_no_time_interaction",2014
50.6569037656904,0.387642353753911,0.288149010278139,0.473229801840178,"spline_no_time_interaction",2014
50.9456066945607,0.387804838101413,0.287955895490583,0.473652104022047,"spline_no_time_interaction",2014
51.234309623431,0.387962388363305,0.287752758981446,0.474073023403691,"spline_no_time_interaction",2014
51.5230125523013,0.388115239031594,0.287539813115829,0.474492796091872,"spline_no_time_interaction",2014
51.8117154811715,0.38826361988184,0.287317284719693,0.47491163916767,"spline_no_time_interaction",2014
52.1004184100418,0.388407754884954,0.287085412583153,0.475329750734704,"spline_no_time_interaction",2014
52.3891213389121,0.388547858182728,0.286844438480727,0.47574730969433,"spline_no_time_interaction",2014
52.6778242677824,0.388684135282996,0.286594608853947,0.476164476617769,"spline_no_time_interaction",2014
52.9665271966527,0.388816789710703,0.286336187722154,0.476581395731325,"spline_no_time_interaction",2014
53.255230125523,0.388946023211317,0.286069456329087,0.476998195609659,"spline_no_time_interaction",2014
53.5439330543933,0.389072036093804,0.285794712845607,0.477414990065893,"spline_no_time_interaction",2014
53.8326359832636,0.389195026203333,0.285512269178556,0.47783187881223,"spline_no_time_interaction",2014
54.1213389121339,0.389315183967729,0.285222439342289,0.478248947561803,"spline_no_time_interaction",2014
54.4100418410042,0.389432694599486,0.284925542153295,0.478666269878203,"spline_no_time_interaction",2014
54.6987447698745,0.389547739712394,0.284621902853613,0.479083908807469,"spline_no_time_interaction",2014
54.9874476987448,0.389660498351007,0.284311853586854,0.479501918342378,"spline_no_time_interaction",2014
55.2761506276151,0.389771146021488,0.283995729633864,0.479920344556733,"spline_no_time_interaction",2014
55.5648535564854,0.389879849435199,0.283673856179695,0.480339226291599,"spline_no_time_interaction",2014
55.8535564853556,0.389986766095814,0.283346544845752,0.480758596973274,"spline_no_time_interaction",2014
56.1422594142259,0.390092047149403,0.283014097397499,0.481178486773348,"spline_no_time_interaction",2014
56.4309623430962,0.390195836614526,0.282676801818005,0.481598924132506,"spline_no_time_interaction",2014
56.7196652719665,0.390298272391765,0.28233493232046,0.482019937447397,"spline_no_time_interaction",2014
57.0083682008368,0.390399487494718,0.281988750070309,0.482441556614759,"spline_no_time_interaction",2014
57.2970711297071,0.390499610668901,0.281638502728121,0.482863814380961,"spline_no_time_interaction",2014
57.5857740585774,0.390598768447113,0.281284427499036,0.483286747599062,"spline_no_time_interaction",2014
57.8744769874477,0.390697084576802,0.280926748263581,0.483710398284578,"spline_no_time_interaction",2014
58.163179916318,0.390794678496067,0.280565670357717,0.484134814732508,"spline_no_time_interaction",2014
58.4518828451883,0.390891664234376,0.280201376221088,0.484560052711179,"spline_no_time_interaction",2014
58.7405857740586,0.39098815006393,0.279834022842323,0.484986176622243,"spline_no_time_interaction",2014
59.0292887029289,0.391084236321052,0.279463734712454,0.485413260762456,"spline_no_time_interaction",2014
59.3179916317992,0.391180012184794,0.279090594139252,0.485841390679669,"spline_no_time_interaction",2014
59.6066945606695,0.391275563504677,0.278714659429001,0.486270663295043,"spline_no_time_interaction",2014
59.8953974895397,0.391370971816022,0.278335961541417,0.486701187522962,"spline_no_time_interaction",2014
60.18410041841,0.391466312947877,0.277954499781809,0.487133084874363,"spline_no_time_interaction",2014
60.4728033472803,0.391561659347694,0.277570247138265,0.487566489462425,"spline_no_time_interaction",2014
60.7615062761506,0.391657079431796,0.277183148174129,0.488001548289018,"spline_no_time_interaction",2014
61.0502092050209,0.391752636500957,0.276793115891905,0.488438421517792,"spline_no_time_interaction",2014
61.3389121338912,0.391848388920286,0.2764000320228,0.488877282439977,"spline_no_time_interaction",2014
61.6276150627615,0.391944390916587,0.276003749146214,0.489318317184947,"spline_no_time_interaction",2014
61.9163179916318,0.39204069184631,0.275604088942851,0.489761724591577,"spline_no_time_interaction",2014
62.2050209205021,0.392137339042525,0.275200850092156,0.490207715291495,"spline_no_time_interaction",2014
62.4937238493724,0.392234375907822,0.274793803647305,0.490656511643329,"spline_no_time_interaction",2014
62.7824267782427,0.392331840575097,0.274382690113059,0.491108347406454,"spline_no_time_interaction",2014
63.071129707113,0.392429768783336,0.273967227884188,0.491563466501774,"spline_no_time_interaction",2014
63.3598326359833,0.392528191744765,0.273547108442903,0.492022122681743,"spline_no_time_interaction",2014
63.6485355648536,0.392627136030189,0.273121997183178,0.492484578626248,"spline_no_time_interaction",2014
63.9372384937238,0.392726626680961,0.272691542816352,0.49295110444568,"spline_no_time_interaction",2014
64.2259414225941,0.392826686420421,0.272255376432669,0.493421976907127,"spline_no_time_interaction",2014
64.5146443514644,0.39292733722608,0.271813116802328,0.493897478255764,"spline_no_time_interaction",2014
64.8033472803347,0.393028598763423,0.271364367473139,0.494377895517603,"spline_no_time_interaction",2014
65.092050209205,0.393130489847683,0.2709087218375,0.494863519310365,"spline_no_time_interaction",2014
65.3807531380753,0.393233029017487,0.270445765748923,0.495354642889251,"spline_no_time_interaction",2014
65.6694560669456,0.393336231691009,0.269975071558156,0.495851561446802,"spline_no_time_interaction",2014
65.9581589958159,0.393440110142157,0.269496199688391,0.496354570876403,"spline_no_time_interaction",2014
66.2468619246862,0.393544676364578,0.269008707260183,0.496863966481401,"spline_no_time_interaction",2014
66.5355648535565,0.393649941939295,0.268512148971238,0.497380042070221,"spline_no_time_interaction",2014
66.8242677824268,0.393755916327446,0.268006074304216,0.497903088965357,"spline_no_time_interaction",2014
67.1129707112971,0.393862608291111,0.267490032391007,0.498433394938086,"spline_no_time_interaction",2014
67.4016736401674,0.39397002658302,0.266963574854254,0.49897124333656,"spline_no_time_interaction",2014
67.6903765690377,0.394078179946836,0.266426256909694,0.499516912274024,"spline_no_time_interaction",2014
67.979079497908,0.394187077117045,0.265877638431984,0.500070673847761,"spline_no_time_interaction",2014
68.2677824267782,0.394296726810918,0.265317284966896,0.500632793388318,"spline_no_time_interaction",2014
68.5564853556485,0.394407136848511,0.264744766870021,0.501203528550493,"spline_no_time_interaction",2014
68.8451882845188,0.39451831329931,0.264159658751057,0.501783128242646,"spline_no_time_interaction",2014
69.1338912133891,0.394630260771367,0.263561541444973,0.502371831730784,"spline_no_time_interaction",2014
69.4225941422594,0.394742981783728,0.262950002085901,0.502969867530279,"spline_no_time_interaction",2014
69.7112970711297,0.394856474206721,0.262324630593307,0.503577451550197,"spline_no_time_interaction",2014
70,0.394970730723293,0.261685020810617,0.504194785424218,"spline_no_time_interaction",2014
1,0,0,0,"spline_no_time_interaction",2024
1.28870292887029,0.00534092230461636,0.00291520735340112,0.00776073595930404,"spline_no_time_interaction",2024
1.57740585774059,0.0106533117918186,0.00582193597867664,0.0154612087201486,"spline_no_time_interaction",2024
1.86610878661088,0.0159372737444726,0.008720334024512,0.0231016710581786,"spline_no_time_interaction",2024
2.15481171548117,0.0211928363147849,0.0116107437999714,0.030682033751686,"spline_no_time_interaction",2024
2.44351464435146,0.026419939431524,0.0144937210855194,0.0382018312652783,"spline_no_time_interaction",2024
2.73221757322176,0.0316184296905799,0.0173700371386339,0.0456602168081434,"spline_no_time_interaction",2024
3.02092050209205,0.0367880853243484,0.0202406120701241,0.0530560829496861,"spline_no_time_interaction",2024
3.30962343096234,0.0419286225176037,0.0231064881026494,0.0603881045660309,"spline_no_time_interaction",2024
3.59832635983264,0.0470396820144896,0.0259688385492247,0.067654707984474,"spline_no_time_interaction",2024
3.88702928870293,0.052120821346341,0.0288289600979753,0.074854067502078,"spline_no_time_interaction",2024
4.17573221757322,0.0571715212369077,0.0316882421941712,0.0819841510744321,"spline_no_time_interaction",2024
4.46443514644351,0.0621912234541884,0.034548101256671,0.089042859088966,"spline_no_time_interaction",2024
4.75313807531381,0.0671793510269367,0.0374099439004419,0.0960280987355958,"spline_no_time_interaction",2024
5.0418410041841,0.0721353030250399,0.0402751485046949,0.102937790397891,"spline_no_time_interaction",2024
5.33054393305439,0.0770584541361332,0.0431450456953913,0.10976988387896,"spline_no_time_interaction",2024
5.61924686192469,0.081948167399708,0.0460209039479782,0.116522394642917,"spline_no_time_interaction",2024
5.90794979079498,0.0868038069624895,0.0489039232684799,0.123193431893835,"spline_no_time_interaction",2024
6.19665271966527,0.0916247393595447,0.0517952191928861,0.129781213040026,"spline_no_time_interaction",2024
6.48535564853556,0.0964103302468019,0.05469578749766,0.136284086660967,"spline_no_time_interaction",2024
6.77405857740586,0.101159947720051,0.0576064953468627,0.142700543251318,"spline_no_time_interaction",2024
7.06276150627615,0.105872966702971,0.0605280748084995,0.149029225636961,"spline_no_time_interaction",2024
7.35146443514644,0.110548772129122,0.0634611209689998,0.155268932796942,"spline_no_time_interaction",2024
7.64016736401674,0.115186761919267,0.0664060991018576,0.161418615171172,"spline_no_time_interaction",2024
7.92887029288703,0.119786349129918,0.0693633495792257,0.167477370649722,"spline_no_time_interaction",2024
8.21757322175732,0.124346963744764,0.0723330600099544,0.173444469292781,"spline_no_time_interaction",2024
8.50627615062761,0.128868054830857,0.0753152397572897,0.179319376156921,"spline_no_time_interaction",2024
8.79497907949791,0.133349090260126,0.0783097610020929,0.185101710342994,"spline_no_time_interaction",2024
9.0836820083682,0.137789557604877,0.0813163692475005,0.190791234229063,"spline_no_time_interaction",2024
9.37238493723849,0.142188968020972,0.0843346442577206,0.196387892180959,"spline_no_time_interaction",2024
9.66108786610879,0.1465468590876,0.0873639809854458,0.201891829209487,"spline_no_time_interaction",2024
9.94979079497908,0.150862788935482,0.0904036651888145,0.207303310688802,"spline_no_time_interaction",2024
10.2384937238494,0.155136334937185,0.0934528945769667,0.212622699611086,"spline_no_time_interaction",2024
10.5271966527197,0.159367094681498,0.0965107755677472,0.217850459756962,"spline_no_time_interaction",2024
10.81589958159,0.163554689705,0.0995763013801138,0.222987180161,"spline_no_time_interaction",2024
11.1046025104602,0.167698764385585,0.102648367080645,0.228033558537541,"spline_no_time_interaction",2024
11.3933054393305,0.171798986154908,0.105725775934538,0.232990395031413,"spline_no_time_interaction",2024
11.6820083682008,0.175855041344288,0.10880727084205,0.237858556678996,"spline_no_time_interaction",2024
11.9707112970711,0.179866635576863,0.11189153726282,0.242638975236221,"spline_no_time_interaction",2024
12.2594142259414,0.183833493469571,0.114977209582441,0.247332640928035,"spline_no_time_interaction",2024
12.5481171548117,0.187755360079757,0.118062870060038,0.251940605875074,"spline_no_time_interaction",2024
12.836820083682,0.191632007187669,0.121147026912257,0.256464014102849,"spline_no_time_interaction",2024
13.1255230125523,0.195463226233807,0.124228152423119,0.260904056081464,"spline_no_time_interaction",2024
13.4142259414226,0.199248822769419,0.12730471105525,0.265261935111974,"spline_no_time_interaction",2024
13.7029288702929,0.202988619926203,0.130375150867584,0.269538881506347,"spline_no_time_interaction",2024
13.9916317991632,0.206682462909045,0.133437893848662,0.273736169411789,"spline_no_time_interaction",2024
14.2803347280335,0.210330216995807,0.136491349586466,0.277855102098562,"spline_no_time_interaction",2024
14.5690376569038,0.213931771419757,0.139533911539912,0.281897022706499,"spline_no_time_interaction",2024
14.8577405857741,0.217487039327405,0.142563965412014,0.285863307675394,"spline_no_time_interaction",2024
15.1464435146443,0.220995954080289,0.145579906890559,0.289755345814942,"spline_no_time_interaction",2024
15.4351464435146,0.224458473026708,0.148580141004744,0.293574546440763,"spline_no_time_interaction",2024
15.7238493723849,0.227874583726809,0.151563077939351,0.297322354846279,"spline_no_time_interaction",2024
16.0125523012552,0.231244298053539,0.154527153756347,0.301000225020966,"spline_no_time_interaction",2024
16.3012552301255,0.234567639605219,0.157470859711891,0.3046095733387,"spline_no_time_interaction",2024
16.5899581589958,0.237844649644755,0.160392737666192,0.308151794137077,"spline_no_time_interaction",2024
16.8786610878661,0.241075388099206,0.163291383480775,0.311628259614634,"spline_no_time_interaction",2024
17.1673640167364,0.244259934456694,0.166165451241605,0.315040318828418,"spline_no_time_interaction",2024
17.4560669456067,0.247398386509015,0.169013659366987,0.318389291215346,"spline_no_time_interaction",2024
17.744769874477,0.250490865167767,0.171834790641207,0.32167647608391,"spline_no_time_interaction",2024
18.0334728033473,0.253537510537573,0.174627699284033,0.324903140448138,"spline_no_time_interaction",2024
18.3221757322176,0.256538479639686,0.177391315588361,0.32807051185971,"spline_no_time_interaction",2024
18.6108786610879,0.259493946495135,0.180124647825046,0.331179777727558,"spline_no_time_interaction",2024
18.8995815899582,0.262404098807517,0.182826784545977,0.33423207813575,"spline_no_time_interaction",2024
19.1882845188284,0.265269134244897,0.185496895842077,0.337228498777365,"spline_no_time_interaction",2024
19.4769874476987,0.26808926318475,0.188134232105564,0.340170077555116,"spline_no_time_interaction",2024
19.765690376569,0.270864710569411,0.190738122644092,0.343057809630122,"spline_no_time_interaction",2024
20.0543933054393,0.273595712524231,0.193307973688869,0.345892643471268,"spline_no_time_interaction",2024
20.3430962343096,0.276282517785456,0.195843266767654,0.348675485240727,"spline_no_time_interaction",2024
20.6317991631799,0.278925396839478,0.198343557145345,0.351407216947455,"spline_no_time_interaction",2024
20.9205020920502,0.28152463470324,0.200808468574402,0.354088688080187,"spline_no_time_interaction",2024
21.2092050209205,0.28408052057699,0.203237686844087,0.356720702580448,"spline_no_time_interaction",2024
21.4979079497908,0.286593354825422,0.205630958424159,0.359304032833894,"spline_no_time_interaction",2024
21.7866108786611,0.289063446252821,0.207988084714708,0.36183941971144,"spline_no_time_interaction",2024
22.0753138075314,0.291491114402899,0.21030891889183,0.364327579506643,"spline_no_time_interaction",2024
22.3640167364017,0.293876696562374,0.212593364439916,0.366769217911146,"spline_no_time_interaction",2024
22.652719665272,0.2962205405835,0.214841365855261,0.369165024802778,"spline_no_time_interaction",2024
22.9414225941423,0.298523006134802,0.21705290488917,0.371515679673733,"spline_no_time_interaction",2024
23.2301255230125,0.300784463612759,0.219227994879397,0.373821854371202,"spline_no_time_interaction",2024
23.5188284518828,0.303005287181788,0.221366671863701,0.376084207878265,"spline_no_time_interaction",2024
23.8075313807531,0.305185855805959,0.223468991576996,0.378303390675267,"spline_no_time_interaction",2024
24.0962343096234,0.307326554701706,0.225535026855236,0.380480049506739,"spline_no_time_interaction",2024
24.3849372384937,0.309427778907509,0.227564866546937,0.382614834707548,"spline_no_time_interaction",2024
24.673640167364,0.311489926078616,0.229558606486966,0.384708394587045,"spline_no_time_interaction",2024
24.9623430962343,0.313513396355679,0.23151634704968,0.386761377195383,"spline_no_time_interaction",2024
25.2510460251046,0.315498594191956,0.233438192275874,0.388774434322183,"spline_no_time_interaction",2024
25.5397489539749,0.317445925522385,0.235324245389863,0.390748220043255,"spline_no_time_interaction",2024
25.8284518828452,0.319355794752718,0.237174604757196,0.39268338858954,"spline_no_time_interaction",2024
26.1171548117155,0.321228606690443,0.238989364433624,0.394580597375616,"spline_no_time_interaction",2024
26.4058577405858,0.323064766295233,0.240768612964098,0.39644050752441,"spline_no_time_interaction",2024
26.6945606694561,0.324864679303276,0.242512433211194,0.398263785127774,"spline_no_time_interaction",2024
26.9832635983264,0.326628753320962,0.244220903005107,0.40005110268729,"spline_no_time_interaction",2024
27.2719665271966,0.328357398093602,0.24589409538485,0.401803139406775,"spline_no_time_interaction",2024
27.5606694560669,0.330051025573578,0.247532078839928,0.403520581125829,"spline_no_time_interaction",2024
27.8493723849372,0.33171004707368,0.249134914938717,0.405204117134023,"spline_no_time_interaction",2024
28.1380753138075,0.333334871571046,0.250702657225884,0.406854438028914,"spline_no_time_interaction",2024
28.4267782426778,0.334925908600582,0.252235355775391,0.408472237264673,"spline_no_time_interaction",2024
28.7154811715481,0.336483568302956,0.253733058493687,0.410058210211831,"spline_no_time_interaction",2024
29.0041841004184,0.338008260837049,0.255195812043318,0.411613052388642,"spline_no_time_interaction",2024
29.2928870292887,0.339500397144651,0.256623664664658,0.413137458599252,"spline_no_time_interaction",2024
29.581589958159,0.340960391025442,0.258016671151471,0.414632122703657,"spline_no_time_interaction",2024
29.8702928870293,0.342388655037572,0.259374889388832,0.416097733080598,"spline_no_time_interaction",2024
30.1589958158996,0.343785600132957,0.260698382043615,0.417534970661639,"spline_no_time_interaction",2024
30.4476987447699,0.345151638622556,0.261987223395841,0.418944508831005,"spline_no_time_interaction",2024
30.7364016736402,0.346487182146178,0.263241498601833,0.420327010426398,"spline_no_time_interaction",2024
31.0251046025105,0.347792640157546,0.264461303570876,0.42168312517375,"spline_no_time_interaction",2024
31.3138075313807,0.34906842101806,0.265646748890943,0.423013488568327,"spline_no_time_interaction",2024
31.602510460251,0.350314931869864,0.266797961700983,0.424318720211848,"spline_no_time_interaction",2024
31.8912133891213,0.351532578336982,0.267915087129458,0.425599422190739,"spline_no_time_interaction",2024
32.1799163179916,0.352721764411015,0.268998289851529,0.426856177693354,"spline_no_time_interaction",2024
32.4686192468619,0.35388289225049,0.270047755290202,0.42808954975875,"spline_no_time_interaction",2024
32.7573221757322,0.3550163629335,0.271063692376581,0.429300080496957,"spline_no_time_interaction",2024
33.0460251046025,0.356122578145639,0.272046337977606,0.430488290666686,"spline_no_time_interaction",2024
33.3347280334728,0.357201939016314,0.272995955886769,0.431654678471042,"spline_no_time_interaction",2024
33.6234309623431,0.358254848082588,0.273912841354542,0.432799719557361,"spline_no_time_interaction",2024
33.9121338912134,0.35928170905641,0.274797321415887,0.433923866427004,"spline_no_time_interaction",2024
34.2008368200837,0.360282927909297,0.275649757326146,0.43502754853281,"spline_no_time_interaction",2024
34.489539748954,0.361258911538612,0.276470542379855,0.436111171712604,"spline_no_time_interaction",2024
34.7782426778243,0.362210066150697,0.277260098968213,0.437175117716923,"spline_no_time_interaction",2024
35.0669456066946,0.363136796316555,0.278018876502106,0.438219744249139,"spline_no_time_interaction",2024
35.3556485355649,0.364039506169724,0.278747352632276,0.439245386219504,"spline_no_time_interaction",2024
35.6443514644351,0.36491860015097,0.279446033142863,0.440252357233681,"spline_no_time_interaction",2024
35.9330543933054,0.365774485426385,0.280115453626487,0.441240952646505,"spline_no_time_interaction",2024
36.2217573221757,0.366607569335932,0.2807561745983,0.442211448949912,"spline_no_time_interaction",2024
36.510460251046,0.367418257181777,0.28136877715913,0.443164103328211,"spline_no_time_interaction",2024
36.7991631799163,0.368206951683219,0.281953861006769,0.444099154323043,"spline_no_time_interaction",2024
37.0878661087866,0.368974053442399,0.282512042705444,0.44501682407271,"spline_no_time_interaction",2024
37.3765690376569,0.36971996219579,0.283043953959284,0.445917321921968,"spline_no_time_interaction",2024
37.6652719665272,0.370445076464249,0.283550238874801,0.446800845985842,"spline_no_time_interaction",2024
37.9539748953975,0.371149793843038,0.28403155078911,0.447667586163183,"spline_no_time_interaction",2024
38.2426778242678,0.371834511303549,0.284488549096627,0.448517727157187,"spline_no_time_interaction",2024
38.5313807531381,0.37249962315529,0.284921898954129,0.449351445157745,"spline_no_time_interaction",2024
38.8200836820084,0.373145521158742,0.285332268401851,0.450168910292573,"spline_no_time_interaction",2024
39.1087866108787,0.373772596049779,0.285720321819802,0.450970294356745,"spline_no_time_interaction",2024
39.397489539749,0.374381237517719,0.286086716253083,0.451755773592508,"spline_no_time_interaction",2024
39.6861924686192,0.374971833745059,0.28643209991081,0.452525529016671,"spline_no_time_interaction",2024
39.9748953974895,0.375544770860496,0.286757111521251,0.453279745934279,"spline_no_time_interaction",2024
40.2635983263598,0.376100433749261,0.287062370304675,0.454018623011655,"spline_no_time_interaction",2024
40.5523012552301,0.376639205686538,0.287348476013663,0.454742371540119,"spline_no_time_interaction",2024
40.8410041841004,0.377161468079705,0.287616006769606,0.455451216575599,"spline_no_time_interaction",2024
41.1297071129707,0.377667600303361,0.287865518565686,0.456145396959127,"spline_no_time_interaction",2024
41.418410041841,0.378157979622248,0.288097535974356,0.456825172200057,"spline_no_time_interaction",2024
41.7071129707113,0.378632981093795,0.288312547972328,0.457490825383596,"spline_no_time_interaction",2024
41.9958158995816,0.3790929774022,0.288511016176547,0.458142656489916,"spline_no_time_interaction",2024
42.2845188284519,0.379538338744711,0.288693375733665,0.458780981430131,"spline_no_time_interaction",2024
42.5732217573222,0.37996943235852,0.288860027455899,0.459406137114623,"spline_no_time_interaction",2024
42.8619246861925,0.380386622288372,0.289011335443817,0.46001848274351,"spline_no_time_interaction",2024
43.1506276150628,0.380790269975489,0.289147640094759,0.460618390845409,"spline_no_time_interaction",2024
43.4393305439331,0.381180734200258,0.289269258949135,0.461206246462995,"spline_no_time_interaction",2024
43.7280334728033,0.381558371414955,0.289376492144113,0.461782443531987,"spline_no_time_interaction",2024
44.0167364016736,0.381923534963186,0.289469616213723,0.462347388162767,"spline_no_time_interaction",2024
44.3054393305439,0.382276575185216,0.289548886653916,0.462901496814144,"spline_no_time_interaction",2024
44.5941422594142,0.382617838625066,0.289614534202757,0.463445197662905,"spline_no_time_interaction",2024
44.8828451882845,0.382947667918319,0.289666766207324,0.463978929305494,"spline_no_time_interaction",2024
45.1715481171548,0.38326640261316,0.289705774859025,0.46450313590791,"spline_no_time_interaction",2024
45.4602510460251,0.383574380134982,0.289731745225696,0.465018262787607,"spline_no_time_interaction",2024
45.7489539748954,0.383871936493299,0.289744860723555,0.46552475350303,"spline_no_time_interaction",2024
46.0376569037657,0.384159406373382,0.289745304717885,0.466023048805411,"spline_no_time_interaction",2024
46.326359832636,0.384437120964186,0.289733251081531,0.466513589966245,"spline_no_time_interaction",2024
46.6150627615063,0.38470540691309,0.289708861021595,0.466996819323271,"spline_no_time_interaction",2024
46.9037656903766,0.384964587133059,0.289672289079047,0.467473177148084,"spline_no_time_interaction",2024
47.1924686192469,0.385214980594285,0.289623684397448,0.467943100319874,"spline_no_time_interaction",2024
47.4811715481172,0.385456901823136,0.289563190835484,0.46840702136344,"spline_no_time_interaction",2024
47.7698744769874,0.38569066061655,0.289490948174649,0.468865367043217,"spline_no_time_interaction",2024
48.0585774058577,0.385916558772878,0.289407083275929,0.469318559312667,"spline_no_time_interaction",2024
48.347280334728,0.386134888842359,0.289311708841275,0.469767014055925,"spline_no_time_interaction",2024
48.6359832635983,0.386345937007402,0.289204935618032,0.470211136940364,"spline_no_time_interaction",2024
48.9246861924686,0.386549985165259,0.289086880964636,0.470651320640456,"spline_no_time_interaction",2024
49.2133891213389,0.386747310310478,0.288957668998407,0.471087943692919,"spline_no_time_interaction",2024
49.5020920502092,0.386938180829078,0.288817422064821,0.471521370480736,"spline_no_time_interaction",2024
49.7907949790795,0.387122861895218,0.28866627678992,0.471951948634697,"spline_no_time_interaction",2024
50.0794979079498,0.387301614731323,0.288504383532484,0.472380008221762,"spline_no_time_interaction",2024
50.3682008368201,0.387474694662689,0.288331902359523,0.472805861436684,"spline_no_time_interaction",2024
50.6569037656904,0.387642353753911,0.288149010278139,0.473229801840178,"spline_no_time_interaction",2024
50.9456066945607,0.387804838101413,0.287955895490583,0.473652104022047,"spline_no_time_interaction",2024
51.234309623431,0.387962388363305,0.287752758981446,0.474073023403691,"spline_no_time_interaction",2024
51.5230125523013,0.388115239031594,0.287539813115829,0.474492796091872,"spline_no_time_interaction",2024
51.8117154811715,0.38826361988184,0.287317284719693,0.47491163916767,"spline_no_time_interaction",2024
52.1004184100418,0.388407754884954,0.287085412583153,0.475329750734704,"spline_no_time_interaction",2024
52.3891213389121,0.388547858182728,0.286844438480727,0.47574730969433,"spline_no_time_interaction",2024
52.6778242677824,0.388684135282996,0.286594608853947,0.476164476617769,"spline_no_time_interaction",2024
52.9665271966527,0.388816789710703,0.286336187722154,0.476581395731325,"spline_no_time_interaction",2024
53.255230125523,0.388946023211317,0.286069456329087,0.476998195609659,"spline_no_time_interaction",2024
53.5439330543933,0.389072036093804,0.285794712845607,0.477414990065893,"spline_no_time_interaction",2024
53.8326359832636,0.389195026203333,0.285512269178556,0.47783187881223,"spline_no_time_interaction",2024
54.1213389121339,0.389315183967729,0.285222439342289,0.478248947561803,"spline_no_time_interaction",2024
54.4100418410042,0.389432694599486,0.284925542153295,0.478666269878203,"spline_no_time_interaction",2024
54.6987447698745,0.389547739712394,0.284621902853613,0.479083908807469,"spline_no_time_interaction",2024
54.9874476987448,0.389660498351007,0.284311853586854,0.479501918342378,"spline_no_time_interaction",2024
55.2761506276151,0.389771146021488,0.283995729633864,0.479920344556733,"spline_no_time_interaction",2024
55.5648535564854,0.389879849435199,0.283673856179695,0.480339226291599,"spline_no_time_interaction",2024
55.8535564853556,0.389986766095814,0.283346544845752,0.480758596973274,"spline_no_time_interaction",2024
56.1422594142259,0.390092047149403,0.283014097397499,0.481178486773348,"spline_no_time_interaction",2024
56.4309623430962,0.390195836614526,0.282676801818005,0.481598924132506,"spline_no_time_interaction",2024
56.7196652719665,0.390298272391765,0.28233493232046,0.482019937447397,"spline_no_time_interaction",2024
57.0083682008368,0.390399487494718,0.281988750070309,0.482441556614759,"spline_no_time_interaction",2024
57.2970711297071,0.390499610668901,0.281638502728121,0.482863814380961,"spline_no_time_interaction",2024
57.5857740585774,0.390598768447113,0.281284427499036,0.483286747599062,"spline_no_time_interaction",2024
57.8744769874477,0.390697084576802,0.280926748263581,0.483710398284578,"spline_no_time_interaction",2024
58.163179916318,0.390794678496067,0.280565670357717,0.484134814732508,"spline_no_time_interaction",2024
58.4518828451883,0.390891664234376,0.280201376221088,0.484560052711179,"spline_no_time_interaction",2024
58.7405857740586,0.39098815006393,0.279834022842323,0.484986176622243,"spline_no_time_interaction",2024
59.0292887029289,0.391084236321052,0.279463734712454,0.485413260762456,"spline_no_time_interaction",2024
59.3179916317992,0.391180012184794,0.279090594139252,0.485841390679669,"spline_no_time_interaction",2024
59.6066945606695,0.391275563504677,0.278714659429001,0.486270663295043,"spline_no_time_interaction",2024
59.8953974895397,0.391370971816022,0.278335961541417,0.486701187522962,"spline_no_time_interaction",2024
60.18410041841,0.391466312947877,0.277954499781809,0.487133084874363,"spline_no_time_interaction",2024
60.4728033472803,0.391561659347694,0.277570247138265,0.487566489462425,"spline_no_time_interaction",2024
60.7615062761506,0.391657079431796,0.277183148174129,0.488001548289018,"spline_no_time_interaction",2024
61.0502092050209,0.391752636500957,0.276793115891905,0.488438421517792,"spline_no_time_interaction",2024
61.3389121338912,0.391848388920286,0.2764000320228,0.488877282439977,"spline_no_time_interaction",2024
61.6276150627615,0.391944390916587,0.276003749146214,0.489318317184947,"spline_no_time_interaction",2024
61.9163179916318,0.39204069184631,0.275604088942851,0.489761724591577,"spline_no_time_interaction",2024
62.2050209205021,0.392137339042525,0.275200850092156,0.490207715291495,"spline_no_time_interaction",2024
62.4937238493724,0.392234375907822,0.274793803647305,0.490656511643329,"spline_no_time_interaction",2024
62.7824267782427,0.392331840575097,0.274382690113059,0.491108347406454,"spline_no_time_interaction",2024
63.071129707113,0.392429768783336,0.273967227884188,0.491563466501774,"spline_no_time_interaction",2024
63.3598326359833,0.392528191744765,0.273547108442903,0.492022122681743,"spline_no_time_interaction",2024
63.6485355648536,0.392627136030189,0.273121997183178,0.492484578626248,"spline_no_time_interaction",2024
63.9372384937238,0.392726626680961,0.272691542816352,0.49295110444568,"spline_no_time_interaction",2024
64.2259414225941,0.392826686420421,0.272255376432669,0.493421976907127,"spline_no_time_interaction",2024
64.5146443514644,0.39292733722608,0.271813116802328,0.493897478255764,"spline_no_time_interaction",2024
64.8033472803347,0.393028598763423,0.271364367473139,0.494377895517603,"spline_no_time_interaction",2024
65.092050209205,0.393130489847683,0.2709087218375,0.494863519310365,"spline_no_time_interaction",2024
65.3807531380753,0.393233029017487,0.270445765748923,0.495354642889251,"spline_no_time_interaction",2024
65.6694560669456,0.393336231691009,0.269975071558156,0.495851561446802,"spline_no_time_interaction",2024
65.9581589958159,0.393440110142157,0.269496199688391,0.496354570876403,"spline_no_time_interaction",2024
66.2468619246862,0.393544676364578,0.269008707260183,0.496863966481401,"spline_no_time_interaction",2024
66.5355648535565,0.393649941939295,0.268512148971238,0.497380042070221,"spline_no_time_interaction",2024
66.8242677824268,0.393755916327446,0.268006074304216,0.497903088965357,"spline_no_time_interaction",2024
67.1129707112971,0.393862608291111,0.267490032391007,0.498433394938086,"spline_no_time_interaction",2024
67.4016736401674,0.39397002658302,0.266963574854254,0.49897124333656,"spline_no_time_interaction",2024
67.6903765690377,0.394078179946836,0.266426256909694,0.499516912274024,"spline_no_time_interaction",2024
67.979079497908,0.394187077117045,0.265877638431984,0.500070673847761,"spline_no_time_interaction",2024
68.2677824267782,0.394296726810918,0.265317284966896,0.500632793388318,"spline_no_time_interaction",2024
68.5564853556485,0.394407136848511,0.264744766870021,0.501203528550493,"spline_no_time_interaction",2024
68.8451882845188,0.39451831329931,0.264159658751057,0.501783128242646,"spline_no_time_interaction",2024
69.1338912133891,0.394630260771367,0.263561541444973,0.502371831730784,"spline_no_time_interaction",2024
69.4225941422594,0.394742981783728,0.262950002085901,0.502969867530279,"spline_no_time_interaction",2024
69.7112970711297,0.394856474206721,0.262324630593307,0.503577451550197,"spline_no_time_interaction",2024
70,0.394970730723293,0.261685020810617,0.504194785424218,"spline_no_time_interaction",2024
1,0,0,0,"spline_no_time_interaction",2025
1.28870292887029,0.00534092230461636,0.00291520735340112,0.00776073595930404,"spline_no_time_interaction",2025
1.57740585774059,0.0106533117918186,0.00582193597867664,0.0154612087201486,"spline_no_time_interaction",2025
1.86610878661088,0.0159372737444726,0.008720334024512,0.0231016710581786,"spline_no_time_interaction",2025
2.15481171548117,0.0211928363147849,0.0116107437999714,0.030682033751686,"spline_no_time_interaction",2025
2.44351464435146,0.026419939431524,0.0144937210855194,0.0382018312652783,"spline_no_time_interaction",2025
2.73221757322176,0.0316184296905799,0.0173700371386339,0.0456602168081434,"spline_no_time_interaction",2025
3.02092050209205,0.0367880853243484,0.0202406120701241,0.0530560829496861,"spline_no_time_interaction",2025
3.30962343096234,0.0419286225176037,0.0231064881026494,0.0603881045660309,"spline_no_time_interaction",2025
3.59832635983264,0.0470396820144896,0.0259688385492247,0.067654707984474,"spline_no_time_interaction",2025
3.88702928870293,0.052120821346341,0.0288289600979753,0.074854067502078,"spline_no_time_interaction",2025
4.17573221757322,0.0571715212369077,0.0316882421941712,0.0819841510744321,"spline_no_time_interaction",2025
4.46443514644351,0.0621912234541884,0.034548101256671,0.089042859088966,"spline_no_time_interaction",2025
4.75313807531381,0.0671793510269367,0.0374099439004419,0.0960280987355958,"spline_no_time_interaction",2025
5.0418410041841,0.0721353030250399,0.0402751485046949,0.102937790397891,"spline_no_time_interaction",2025
5.33054393305439,0.0770584541361332,0.0431450456953913,0.10976988387896,"spline_no_time_interaction",2025
5.61924686192469,0.081948167399708,0.0460209039479782,0.116522394642917,"spline_no_time_interaction",2025
5.90794979079498,0.0868038069624895,0.0489039232684799,0.123193431893835,"spline_no_time_interaction",2025
6.19665271966527,0.0916247393595447,0.0517952191928861,0.129781213040026,"spline_no_time_interaction",2025
6.48535564853556,0.0964103302468019,0.05469578749766,0.136284086660967,"spline_no_time_interaction",2025
6.77405857740586,0.101159947720051,0.0576064953468627,0.142700543251318,"spline_no_time_interaction",2025
7.06276150627615,0.105872966702971,0.0605280748084995,0.149029225636961,"spline_no_time_interaction",2025
7.35146443514644,0.110548772129122,0.0634611209689998,0.155268932796942,"spline_no_time_interaction",2025
7.64016736401674,0.115186761919267,0.0664060991018576,0.161418615171172,"spline_no_time_interaction",2025
7.92887029288703,0.119786349129918,0.0693633495792257,0.167477370649722,"spline_no_time_interaction",2025
8.21757322175732,0.124346963744764,0.0723330600099544,0.173444469292781,"spline_no_time_interaction",2025
8.50627615062761,0.128868054830857,0.0753152397572897,0.179319376156921,"spline_no_time_interaction",2025
8.79497907949791,0.133349090260126,0.0783097610020929,0.185101710342994,"spline_no_time_interaction",2025
9.0836820083682,0.137789557604877,0.0813163692475005,0.190791234229063,"spline_no_time_interaction",2025
9.37238493723849,0.142188968020972,0.0843346442577206,0.196387892180959,"spline_no_time_interaction",2025
9.66108786610879,0.1465468590876,0.0873639809854458,0.201891829209487,"spline_no_time_interaction",2025
9.94979079497908,0.150862788935482,0.0904036651888145,0.207303310688802,"spline_no_time_interaction",2025
10.2384937238494,0.155136334937185,0.0934528945769667,0.212622699611086,"spline_no_time_interaction",2025
10.5271966527197,0.159367094681498,0.0965107755677472,0.217850459756962,"spline_no_time_interaction",2025
10.81589958159,0.163554689705,0.0995763013801138,0.222987180161,"spline_no_time_interaction",2025
11.1046025104602,0.167698764385585,0.102648367080645,0.228033558537541,"spline_no_time_interaction",2025
11.3933054393305,0.171798986154908,0.105725775934538,0.232990395031413,"spline_no_time_interaction",2025
11.6820083682008,0.175855041344288,0.10880727084205,0.237858556678996,"spline_no_time_interaction",2025
11.9707112970711,0.179866635576863,0.11189153726282,0.242638975236221,"spline_no_time_interaction",2025
12.2594142259414,0.183833493469571,0.114977209582441,0.247332640928035,"spline_no_time_interaction",2025
12.5481171548117,0.187755360079757,0.118062870060038,0.251940605875074,"spline_no_time_interaction",2025
12.836820083682,0.191632007187669,0.121147026912257,0.256464014102849,"spline_no_time_interaction",2025
13.1255230125523,0.195463226233807,0.124228152423119,0.260904056081464,"spline_no_time_interaction",2025
13.4142259414226,0.199248822769419,0.12730471105525,0.265261935111974,"spline_no_time_interaction",2025
13.7029288702929,0.202988619926203,0.130375150867584,0.269538881506347,"spline_no_time_interaction",2025
13.9916317991632,0.206682462909045,0.133437893848662,0.273736169411789,"spline_no_time_interaction",2025
14.2803347280335,0.210330216995807,0.136491349586466,0.277855102098562,"spline_no_time_interaction",2025
14.5690376569038,0.213931771419757,0.139533911539912,0.281897022706499,"spline_no_time_interaction",2025
14.8577405857741,0.217487039327405,0.142563965412014,0.285863307675394,"spline_no_time_interaction",2025
15.1464435146443,0.220995954080289,0.145579906890559,0.289755345814942,"spline_no_time_interaction",2025
15.4351464435146,0.224458473026708,0.148580141004744,0.293574546440763,"spline_no_time_interaction",2025
15.7238493723849,0.227874583726809,0.151563077939351,0.297322354846279,"spline_no_time_interaction",2025
16.0125523012552,0.231244298053539,0.154527153756347,0.301000225020966,"spline_no_time_interaction",2025
16.3012552301255,0.234567639605219,0.157470859711891,0.3046095733387,"spline_no_time_interaction",2025
16.5899581589958,0.237844649644755,0.160392737666192,0.308151794137077,"spline_no_time_interaction",2025
16.8786610878661,0.241075388099206,0.163291383480775,0.311628259614634,"spline_no_time_interaction",2025
17.1673640167364,0.244259934456694,0.166165451241605,0.315040318828418,"spline_no_time_interaction",2025
17.4560669456067,0.247398386509015,0.169013659366987,0.318389291215346,"spline_no_time_interaction",2025
17.744769874477,0.250490865167767,0.171834790641207,0.32167647608391,"spline_no_time_interaction",2025
18.0334728033473,0.253537510537573,0.174627699284033,0.324903140448138,"spline_no_time_interaction",2025
18.3221757322176,0.256538479639686,0.177391315588361,0.32807051185971,"spline_no_time_interaction",2025
18.6108786610879,0.259493946495135,0.180124647825046,0.331179777727558,"spline_no_time_interaction",2025
18.8995815899582,0.262404098807517,0.182826784545977,0.33423207813575,"spline_no_time_interaction",2025
19.1882845188284,0.265269134244897,0.185496895842077,0.337228498777365,"spline_no_time_interaction",2025
19.4769874476987,0.26808926318475,0.188134232105564,0.340170077555116,"spline_no_time_interaction",2025
19.765690376569,0.270864710569411,0.190738122644092,0.343057809630122,"spline_no_time_interaction",2025
20.0543933054393,0.273595712524231,0.193307973688869,0.345892643471268,"spline_no_time_interaction",2025
20.3430962343096,0.276282517785456,0.195843266767654,0.348675485240727,"spline_no_time_interaction",2025
20.6317991631799,0.278925396839478,0.198343557145345,0.351407216947455,"spline_no_time_interaction",2025
20.9205020920502,0.28152463470324,0.200808468574402,0.354088688080187,"spline_no_time_interaction",2025
21.2092050209205,0.28408052057699,0.203237686844087,0.356720702580448,"spline_no_time_interaction",2025
21.4979079497908,0.286593354825422,0.205630958424159,0.359304032833894,"spline_no_time_interaction",2025
21.7866108786611,0.289063446252821,0.207988084714708,0.36183941971144,"spline_no_time_interaction",2025
22.0753138075314,0.291491114402899,0.21030891889183,0.364327579506643,"spline_no_time_interaction",2025
22.3640167364017,0.293876696562374,0.212593364439916,0.366769217911146,"spline_no_time_interaction",2025
22.652719665272,0.2962205405835,0.214841365855261,0.369165024802778,"spline_no_time_interaction",2025
22.9414225941423,0.298523006134802,0.21705290488917,0.371515679673733,"spline_no_time_interaction",2025
23.2301255230125,0.300784463612759,0.219227994879397,0.373821854371202,"spline_no_time_interaction",2025
23.5188284518828,0.303005287181788,0.221366671863701,0.376084207878265,"spline_no_time_interaction",2025
23.8075313807531,0.305185855805959,0.223468991576996,0.378303390675267,"spline_no_time_interaction",2025
24.0962343096234,0.307326554701706,0.225535026855236,0.380480049506739,"spline_no_time_interaction",2025
24.3849372384937,0.309427778907509,0.227564866546937,0.382614834707548,"spline_no_time_interaction",2025
24.673640167364,0.311489926078616,0.229558606486966,0.384708394587045,"spline_no_time_interaction",2025
24.9623430962343,0.313513396355679,0.23151634704968,0.386761377195383,"spline_no_time_interaction",2025
25.2510460251046,0.315498594191956,0.233438192275874,0.388774434322183,"spline_no_time_interaction",2025
25.5397489539749,0.317445925522385,0.235324245389863,0.390748220043255,"spline_no_time_interaction",2025
25.8284518828452,0.319355794752718,0.237174604757196,0.39268338858954,"spline_no_time_interaction",2025
26.1171548117155,0.321228606690443,0.238989364433624,0.394580597375616,"spline_no_time_interaction",2025
26.4058577405858,0.323064766295233,0.240768612964098,0.39644050752441,"spline_no_time_interaction",2025
26.6945606694561,0.324864679303276,0.242512433211194,0.398263785127774,"spline_no_time_interaction",2025
26.9832635983264,0.326628753320962,0.244220903005107,0.40005110268729,"spline_no_time_interaction",2025
27.2719665271966,0.328357398093602,0.24589409538485,0.401803139406775,"spline_no_time_interaction",2025
27.5606694560669,0.330051025573578,0.247532078839928,0.403520581125829,"spline_no_time_interaction",2025
27.8493723849372,0.33171004707368,0.249134914938717,0.405204117134023,"spline_no_time_interaction",2025
28.1380753138075,0.333334871571046,0.250702657225884,0.406854438028914,"spline_no_time_interaction",2025
28.4267782426778,0.334925908600582,0.252235355775391,0.408472237264673,"spline_no_time_interaction",2025
28.7154811715481,0.336483568302956,0.253733058493687,0.410058210211831,"spline_no_time_interaction",2025
29.0041841004184,0.338008260837049,0.255195812043318,0.411613052388642,"spline_no_time_interaction",2025
29.2928870292887,0.339500397144651,0.256623664664658,0.413137458599252,"spline_no_time_interaction",2025
29.581589958159,0.340960391025442,0.258016671151471,0.414632122703657,"spline_no_time_interaction",2025
29.8702928870293,0.342388655037572,0.259374889388832,0.416097733080598,"spline_no_time_interaction",2025
30.1589958158996,0.343785600132957,0.260698382043615,0.417534970661639,"spline_no_time_interaction",2025
30.4476987447699,0.345151638622556,0.261987223395841,0.418944508831005,"spline_no_time_interaction",2025
30.7364016736402,0.346487182146178,0.263241498601833,0.420327010426398,"spline_no_time_interaction",2025
31.0251046025105,0.347792640157546,0.264461303570876,0.42168312517375,"spline_no_time_interaction",2025
31.3138075313807,0.34906842101806,0.265646748890943,0.423013488568327,"spline_no_time_interaction",2025
31.602510460251,0.350314931869864,0.266797961700983,0.424318720211848,"spline_no_time_interaction",2025
31.8912133891213,0.351532578336982,0.267915087129458,0.425599422190739,"spline_no_time_interaction",2025
32.1799163179916,0.352721764411015,0.268998289851529,0.426856177693354,"spline_no_time_interaction",2025
32.4686192468619,0.35388289225049,0.270047755290202,0.42808954975875,"spline_no_time_interaction",2025
32.7573221757322,0.3550163629335,0.271063692376581,0.429300080496957,"spline_no_time_interaction",2025
33.0460251046025,0.356122578145639,0.272046337977606,0.430488290666686,"spline_no_time_interaction",2025
33.3347280334728,0.357201939016314,0.272995955886769,0.431654678471042,"spline_no_time_interaction",2025
33.6234309623431,0.358254848082588,0.273912841354542,0.432799719557361,"spline_no_time_interaction",2025
33.9121338912134,0.35928170905641,0.274797321415887,0.433923866427004,"spline_no_time_interaction",2025
34.2008368200837,0.360282927909297,0.275649757326146,0.43502754853281,"spline_no_time_interaction",2025
34.489539748954,0.361258911538612,0.276470542379855,0.436111171712604,"spline_no_time_interaction",2025
34.7782426778243,0.362210066150697,0.277260098968213,0.437175117716923,"spline_no_time_interaction",2025
35.0669456066946,0.363136796316555,0.278018876502106,0.438219744249139,"spline_no_time_interaction",2025
35.3556485355649,0.364039506169724,0.278747352632276,0.439245386219504,"spline_no_time_interaction",2025
35.6443514644351,0.36491860015097,0.279446033142863,0.440252357233681,"spline_no_time_interaction",2025
35.9330543933054,0.365774485426385,0.280115453626487,0.441240952646505,"spline_no_time_interaction",2025
36.2217573221757,0.366607569335932,0.2807561745983,0.442211448949912,"spline_no_time_interaction",2025
36.510460251046,0.367418257181777,0.28136877715913,0.443164103328211,"spline_no_time_interaction",2025
36.7991631799163,0.368206951683219,0.281953861006769,0.444099154323043,"spline_no_time_interaction",2025
37.0878661087866,0.368974053442399,0.282512042705444,0.44501682407271,"spline_no_time_interaction",2025
37.3765690376569,0.36971996219579,0.283043953959284,0.445917321921968,"spline_no_time_interaction",2025
37.6652719665272,0.370445076464249,0.283550238874801,0.446800845985842,"spline_no_time_interaction",2025
37.9539748953975,0.371149793843038,0.28403155078911,0.447667586163183,"spline_no_time_interaction",2025
38.2426778242678,0.371834511303549,0.284488549096627,0.448517727157187,"spline_no_time_interaction",2025
38.5313807531381,0.37249962315529,0.284921898954129,0.449351445157745,"spline_no_time_interaction",2025
38.8200836820084,0.373145521158742,0.285332268401851,0.450168910292573,"spline_no_time_interaction",2025
39.1087866108787,0.373772596049779,0.285720321819802,0.450970294356745,"spline_no_time_interaction",2025
39.397489539749,0.374381237517719,0.286086716253083,0.451755773592508,"spline_no_time_interaction",2025
39.6861924686192,0.374971833745059,0.28643209991081,0.452525529016671,"spline_no_time_interaction",2025
39.9748953974895,0.375544770860496,0.286757111521251,0.453279745934279,"spline_no_time_interaction",2025
40.2635983263598,0.376100433749261,0.287062370304675,0.454018623011655,"spline_no_time_interaction",2025
40.5523012552301,0.376639205686538,0.287348476013663,0.454742371540119,"spline_no_time_interaction",2025
40.8410041841004,0.377161468079705,0.287616006769606,0.455451216575599,"spline_no_time_interaction",2025
41.1297071129707,0.377667600303361,0.287865518565686,0.456145396959127,"spline_no_time_interaction",2025
41.418410041841,0.378157979622248,0.288097535974356,0.456825172200057,"spline_no_time_interaction",2025
41.7071129707113,0.378632981093795,0.288312547972328,0.457490825383596,"spline_no_time_interaction",2025
41.9958158995816,0.3790929774022,0.288511016176547,0.458142656489916,"spline_no_time_interaction",2025
42.2845188284519,0.379538338744711,0.288693375733665,0.458780981430131,"spline_no_time_interaction",2025
42.5732217573222,0.37996943235852,0.288860027455899,0.459406137114623,"spline_no_time_interaction",2025
42.8619246861925,0.380386622288372,0.289011335443817,0.46001848274351,"spline_no_time_interaction",2025
43.1506276150628,0.380790269975489,0.289147640094759,0.460618390845409,"spline_no_time_interaction",2025
43.4393305439331,0.381180734200258,0.289269258949135,0.461206246462995,"spline_no_time_interaction",2025
43.7280334728033,0.381558371414955,0.289376492144113,0.461782443531987,"spline_no_time_interaction",2025
44.0167364016736,0.381923534963186,0.289469616213723,0.462347388162767,"spline_no_time_interaction",2025
44.3054393305439,0.382276575185216,0.289548886653916,0.462901496814144,"spline_no_time_interaction",2025
44.5941422594142,0.382617838625066,0.289614534202757,0.463445197662905,"spline_no_time_interaction",2025
44.8828451882845,0.382947667918319,0.289666766207324,0.463978929305494,"spline_no_time_interaction",2025
45.1715481171548,0.38326640261316,0.289705774859025,0.46450313590791,"spline_no_time_interaction",2025
45.4602510460251,0.383574380134982,0.289731745225696,0.465018262787607,"spline_no_time_interaction",2025
45.7489539748954,0.383871936493299,0.289744860723555,0.46552475350303,"spline_no_time_interaction",2025
46.0376569037657,0.384159406373382,0.289745304717885,0.466023048805411,"spline_no_time_interaction",2025
46.326359832636,0.384437120964186,0.289733251081531,0.466513589966245,"spline_no_time_interaction",2025
46.6150627615063,0.38470540691309,0.289708861021595,0.466996819323271,"spline_no_time_interaction",2025
46.9037656903766,0.384964587133059,0.289672289079047,0.467473177148084,"spline_no_time_interaction",2025
47.1924686192469,0.385214980594285,0.289623684397448,0.467943100319874,"spline_no_time_interaction",2025
47.4811715481172,0.385456901823136,0.289563190835484,0.46840702136344,"spline_no_time_interaction",2025
47.7698744769874,0.38569066061655,0.289490948174649,0.468865367043217,"spline_no_time_interaction",2025
48.0585774058577,0.385916558772878,0.289407083275929,0.469318559312667,"spline_no_time_interaction",2025
48.347280334728,0.386134888842359,0.289311708841275,0.469767014055925,"spline_no_time_interaction",2025
48.6359832635983,0.386345937007402,0.289204935618032,0.470211136940364,"spline_no_time_interaction",2025
48.9246861924686,0.386549985165259,0.289086880964636,0.470651320640456,"spline_no_time_interaction",2025
49.2133891213389,0.386747310310478,0.288957668998407,0.471087943692919,"spline_no_time_interaction",2025
49.5020920502092,0.386938180829078,0.288817422064821,0.471521370480736,"spline_no_time_interaction",2025
49.7907949790795,0.387122861895218,0.28866627678992,0.471951948634697,"spline_no_time_interaction",2025
50.0794979079498,0.387301614731323,0.288504383532484,0.472380008221762,"spline_no_time_interaction",2025
50.3682008368201,0.387474694662689,0.288331902359523,0.472805861436684,"spline_no_time_interaction",2025
50.6569037656904,0.387642353753911,0.288149010278139,0.473229801840178,"spline_no_time_interaction",2025
50.9456066945607,0.387804838101413,0.287955895490583,0.473652104022047,"spline_no_time_interaction",2025
51.234309623431,0.387962388363305,0.287752758981446,0.474073023403691,"spline_no_time_interaction",2025
51.5230125523013,0.388115239031594,0.287539813115829,0.474492796091872,"spline_no_time_interaction",2025
51.8117154811715,0.38826361988184,0.287317284719693,0.47491163916767,"spline_no_time_interaction",2025
52.1004184100418,0.388407754884954,0.287085412583153,0.475329750734704,"spline_no_time_interaction",2025
52.3891213389121,0.388547858182728,0.286844438480727,0.47574730969433,"spline_no_time_interaction",2025
52.6778242677824,0.388684135282996,0.286594608853947,0.476164476617769,"spline_no_time_interaction",2025
52.9665271966527,0.388816789710703,0.286336187722154,0.476581395731325,"spline_no_time_interaction",2025
53.255230125523,0.388946023211317,0.286069456329087,0.476998195609659,"spline_no_time_interaction",2025
53.5439330543933,0.389072036093804,0.285794712845607,0.477414990065893,"spline_no_time_interaction",2025
53.8326359832636,0.389195026203333,0.285512269178556,0.47783187881223,"spline_no_time_interaction",2025
54.1213389121339,0.389315183967729,0.285222439342289,0.478248947561803,"spline_no_time_interaction",2025
54.4100418410042,0.389432694599486,0.284925542153295,0.478666269878203,"spline_no_time_interaction",2025
54.6987447698745,0.389547739712394,0.284621902853613,0.479083908807469,"spline_no_time_interaction",2025
54.9874476987448,0.389660498351007,0.284311853586854,0.479501918342378,"spline_no_time_interaction",2025
55.2761506276151,0.389771146021488,0.283995729633864,0.479920344556733,"spline_no_time_interaction",2025
55.5648535564854,0.389879849435199,0.283673856179695,0.480339226291599,"spline_no_time_interaction",2025
55.8535564853556,0.389986766095814,0.283346544845752,0.480758596973274,"spline_no_time_interaction",2025
56.1422594142259,0.390092047149403,0.283014097397499,0.481178486773348,"spline_no_time_interaction",2025
56.4309623430962,0.390195836614526,0.282676801818005,0.481598924132506,"spline_no_time_interaction",2025
56.7196652719665,0.390298272391765,0.28233493232046,0.482019937447397,"spline_no_time_interaction",2025
57.0083682008368,0.390399487494718,0.281988750070309,0.482441556614759,"spline_no_time_interaction",2025
57.2970711297071,0.390499610668901,0.281638502728121,0.482863814380961,"spline_no_time_interaction",2025
57.5857740585774,0.390598768447113,0.281284427499036,0.483286747599062,"spline_no_time_interaction",2025
57.8744769874477,0.390697084576802,0.280926748263581,0.483710398284578,"spline_no_time_interaction",2025
58.163179916318,0.390794678496067,0.280565670357717,0.484134814732508,"spline_no_time_interaction",2025
58.4518828451883,0.390891664234376,0.280201376221088,0.484560052711179,"spline_no_time_interaction",2025
58.7405857740586,0.39098815006393,0.279834022842323,0.484986176622243,"spline_no_time_interaction",2025
59.0292887029289,0.391084236321052,0.279463734712454,0.485413260762456,"spline_no_time_interaction",2025
59.3179916317992,0.391180012184794,0.279090594139252,0.485841390679669,"spline_no_time_interaction",2025
59.6066945606695,0.391275563504677,0.278714659429001,0.486270663295043,"spline_no_time_interaction",2025
59.8953974895397,0.391370971816022,0.278335961541417,0.486701187522962,"spline_no_time_interaction",2025
60.18410041841,0.391466312947877,0.277954499781809,0.487133084874363,"spline_no_time_interaction",2025
60.4728033472803,0.391561659347694,0.277570247138265,0.487566489462425,"spline_no_time_interaction",2025
60.7615062761506,0.391657079431796,0.277183148174129,0.488001548289018,"spline_no_time_interaction",2025
61.0502092050209,0.391752636500957,0.276793115891905,0.488438421517792,"spline_no_time_interaction",2025
61.3389121338912,0.391848388920286,0.2764000320228,0.488877282439977,"spline_no_time_interaction",2025
61.6276150627615,0.391944390916587,0.276003749146214,0.489318317184947,"spline_no_time_interaction",2025
61.9163179916318,0.39204069184631,0.275604088942851,0.489761724591577,"spline_no_time_interaction",2025
62.2050209205021,0.392137339042525,0.275200850092156,0.490207715291495,"spline_no_time_interaction",2025
62.4937238493724,0.392234375907822,0.274793803647305,0.490656511643329,"spline_no_time_interaction",2025
62.7824267782427,0.392331840575097,0.274382690113059,0.491108347406454,"spline_no_time_interaction",2025
63.071129707113,0.392429768783336,0.273967227884188,0.491563466501774,"spline_no_time_interaction",2025
63.3598326359833,0.392528191744765,0.273547108442903,0.492022122681743,"spline_no_time_interaction",2025
63.6485355648536,0.392627136030189,0.273121997183178,0.492484578626248,"spline_no_time_interaction",2025
63.9372384937238,0.392726626680961,0.272691542816352,0.49295110444568,"spline_no_time_interaction",2025
64.2259414225941,0.392826686420421,0.272255376432669,0.493421976907127,"spline_no_time_interaction",2025
64.5146443514644,0.39292733722608,0.271813116802328,0.493897478255764,"spline_no_time_interaction",2025
64.8033472803347,0.393028598763423,0.271364367473139,0.494377895517603,"spline_no_time_interaction",2025
65.092050209205,0.393130489847683,0.2709087218375,0.494863519310365,"spline_no_time_interaction",2025
65.3807531380753,0.393233029017487,0.270445765748923,0.495354642889251,"spline_no_time_interaction",2025
65.6694560669456,0.393336231691009,0.269975071558156,0.495851561446802,"spline_no_time_interaction",2025
65.9581589958159,0.393440110142157,0.269496199688391,0.496354570876403,"spline_no_time_interaction",2025
66.2468619246862,0.393544676364578,0.269008707260183,0.496863966481401,"spline_no_time_interaction",2025
66.5355648535565,0.393649941939295,0.268512148971238,0.497380042070221,"spline_no_time_interaction",2025
66.8242677824268,0.393755916327446,0.268006074304216,0.497903088965357,"spline_no_time_interaction",2025
67.1129707112971,0.393862608291111,0.267490032391007,0.498433394938086,"spline_no_time_interaction",2025
67.4016736401674,0.39397002658302,0.266963574854254,0.49897124333656,"spline_no_time_interaction",2025
67.6903765690377,0.394078179946836,0.266426256909694,0.499516912274024,"spline_no_time_interaction",2025
67.979079497908,0.394187077117045,0.265877638431984,0.500070673847761,"spline_no_time_interaction",2025
68.2677824267782,0.394296726810918,0.265317284966896,0.500632793388318,"spline_no_time_interaction",2025
68.5564853556485,0.394407136848511,0.264744766870021,0.501203528550493,"spline_no_time_interaction",2025
68.8451882845188,0.39451831329931,0.264159658751057,0.501783128242646,"spline_no_time_interaction",2025
69.1338912133891,0.394630260771367,0.263561541444973,0.502371831730784,"spline_no_time_interaction",2025
69.4225941422594,0.394742981783728,0.262950002085901,0.502969867530279,"spline_no_time_interaction",2025
69.7112970711297,0.394856474206721,0.262324630593307,0.503577451550197,"spline_no_time_interaction",2025
70,0.394970730723293,0.261685020810617,0.504194785424218,"spline_no_time_interaction",2025
1,0,0,0,"spline_ti_interaction",2000
1.28870292887029,0.00381081898067126,0.00135687745800839,0.00625873049235159,"spline_ti_interaction",2000
1.57740585774059,0.00760711123314761,0.00271193883334453,0.0124782557579999,"spline_ti_interaction",2000
1.86610878661088,0.0113889003608347,0.00406530195583488,0.0186586447393576,"spline_ti_interaction",2000
2.15481171548117,0.0151561558825405,0.00541724491323248,0.0247997038602995,"spline_ti_interaction",2000
2.44351464435146,0.0189087845180784,0.00676822312986891,0.0309009482872696,"spline_ti_interaction",2000
2.73221757322176,0.0226466255272425,0.00811887246880838,0.0369615954173425,"spline_ti_interaction",2000
3.02092050209205,0.0263694676105921,0.00946995547247309,0.0429806558234711,"spline_ti_interaction",2000
3.30962343096234,0.0300770524803068,0.0108223401560481,0.048956964643037,"spline_ti_interaction",2000
3.59832635983264,0.0337690638692707,0.0121770083634121,0.0548891554049491,"spline_ti_interaction",2000
3.88702928870293,0.0374451203246038,0.0135350502957734,0.0607756548626345,"spline_ti_interaction",2000
4.17573221757322,0.0411047786464511,0.0148976396696592,0.0666147168439063,"spline_ti_interaction",2000
4.46443514644351,0.0447475618745177,0.0162659786538076,0.0724045313631052,"spline_ti_interaction",2000
4.75313807531381,0.0483729742647921,0.0176412667008978,0.0781432836980657,"spline_ti_interaction",2000
5.0418410041841,0.0519804960663985,0.0190246850563233,0.0838291584430813,"spline_ti_interaction",2000
5.33054393305439,0.0555695819646297,0.0204173775115258,0.0894603537937312,"spline_ti_interaction",2000
5.61924686192469,0.0591396704696534,0.0218204322561502,0.095035115356489,"spline_ti_interaction",2000
5.90794979079498,0.0626901950769688,0.0232348834374059,0.100551754451859,"spline_ti_interaction",2000
6.19665271966527,0.0662205848935498,0.0246616991271086,0.106008658435553,"spline_ti_interaction",2000
6.48535564853556,0.0697302602902465,0.0261017514819768,0.11140430744533,"spline_ti_interaction",2000
6.77405857740586,0.0732186353699382,0.0275558083550972,0.116737284046421,"spline_ti_interaction",2000
7.06276150627615,0.0766851214622948,0.029024526812683,0.122006282887195,"spline_ti_interaction",2000
7.35146443514644,0.0801291298436325,0.0305084505120427,0.127210115230877,"spline_ti_interaction",2000
7.64016736401674,0.0835500747519088,0.0320080146442863,0.132347707219295,"spline_ti_interaction",2000
7.92887029288703,0.0869473756037286,0.0335235491197791,0.137418098332705,"spline_ti_interaction",2000
8.21757322175732,0.0903204572328923,0.0350552545895616,0.142420460378806,"spline_ti_interaction",2000
8.50627615062761,0.0936687505031577,0.0366031803683782,0.147354115069008,"spline_ti_interaction",2000
8.79497907949791,0.0969916942382041,0.0381672578088956,0.152218504833583,"spline_ti_interaction",2000
9.0836820083682,0.100288736618502,0.0397473084204901,0.157013185639684,"spline_ti_interaction",2000
9.37238493723849,0.103559336533026,0.0413430106742368,0.161737856120679,"spline_ti_interaction",2000
9.66108786610879,0.106802964986437,0.0429538834286302,0.166392371754089,"spline_ti_interaction",2000
9.94979079497908,0.110019103984694,0.0445793486195626,0.170976685371211,"spline_ti_interaction",2000
10.2384937238494,0.113207246558815,0.0462187486510988,0.175490830372669,"spline_ti_interaction",2000
10.5271966527197,0.116366897467273,0.0478713434546378,0.179934923159818,"spline_ti_interaction",2000
10.81589958159,0.119497575247313,0.0495362919226385,0.184309181500849,"spline_ti_interaction",2000
11.1046025104602,0.122598812011746,0.0512126643063023,0.188613911967593,"spline_ti_interaction",2000
11.3933054393305,0.125670153922112,0.0528994473941913,0.192849505114,"spline_ti_interaction",2000
11.6820083682008,0.128711159231067,0.0545955707732174,0.197016408449289,"spline_ti_interaction",2000
11.9707112970711,0.131721398759256,0.0562999092593652,0.20111512463573,"spline_ti_interaction",2000
12.2594142259414,0.134700455944354,0.058011288231435,0.205146206543008,"spline_ti_interaction",2000
12.5481171548117,0.137647928016951,0.0597284826692374,0.209110259806093,"spline_ti_interaction",2000
12.836820083682,0.140563430301284,0.0614501969323494,0.213007967268994,"spline_ti_interaction",2000
13.1255230125523,0.143446591969327,0.0631750970636046,0.216840053558254,"spline_ti_interaction",2000
13.4142259414226,0.146297052574688,0.0649018362388031,0.220607257412189,"spline_ti_interaction",2000
13.7029288702929,0.149114464604636,0.0666290479170935,0.224310342282062,"spline_ti_interaction",2000
13.9916317991632,0.151898496842405,0.0683553380357631,0.227950109066602,"spline_ti_interaction",2000
14.2803347280335,0.154648833261777,0.0700792966497943,0.231527384505869,"spline_ti_interaction",2000
14.5690376569038,0.157365176202468,0.0717994951370178,0.235043029435639,"spline_ti_interaction",2000
14.8577405857741,0.160047246689886,0.0735144934281776,0.238497933546953,"spline_ti_interaction",2000
15.1464435146443,0.162694782034,0.0752228549683616,0.241892998978575,"spline_ti_interaction",2000
15.4351464435146,0.165307539155394,0.0769231465582816,0.245229146854765,"spline_ti_interaction",2000
15.7238493723849,0.167885299922649,0.0786139353636133,0.248507329706498,"spline_ti_interaction",2000
16.0125523012552,0.170427866865454,0.0802938061821676,0.251728509931387,"spline_ti_interaction",2000
16.3012552301255,0.172935053305477,0.0819613854432057,0.2548936229866,"spline_ti_interaction",2000
16.5899581589958,0.175406688626722,0.083615337901922,0.258003590321142,"spline_ti_interaction",2000
16.8786610878661,0.177842619426767,0.085254369699356,0.261059319617759,"spline_ti_interaction",2000
17.1673640167364,0.18024271069341,0.0868772321698639,0.264061704464807,"spline_ti_interaction",2000
17.4560669456067,0.182606845094684,0.0884827270459199,0.267011619515711,"spline_ti_interaction",2000
17.744769874477,0.184934927733666,0.0900697072387598,0.26990992902042,"spline_ti_interaction",2000
18.0334728033473,0.187226882993932,0.0916370826026144,0.272757477132056,"spline_ti_interaction",2000
18.3221757322176,0.189482652867733,0.0931838238405394,0.275555082415284,"spline_ti_interaction",2000
18.6108786610879,0.19170219742323,0.0947089644144306,0.278303537792318,"spline_ti_interaction",2000
18.8995815899582,0.193885491965538,0.0962116022956342,0.281003604699733,"spline_ti_interaction",2000
19.1882845188284,0.196032523740914,0.0976909007351782,0.283656007227407,"spline_ti_interaction",2000
19.4769874476987,0.198143294964842,0.0991460880297018,0.286261438324042,"spline_ti_interaction",2000
19.765690376569,0.200217825023491,0.100576457146299,0.288820564579995,"spline_ti_interaction",2000
20.0543933054393,0.202256147306226,0.101981363856667,0.291334022594682,"spline_ti_interaction",2000
20.3430962343096,0.204258311112224,0.10336022628053,0.293802423232589,"spline_ti_interaction",2000
20.6317991631799,0.206224391659142,0.104712526382298,0.296226368664741,"spline_ti_interaction",2000
20.9205020920502,0.208154482733211,0.106037804674452,0.298606443880806,"spline_ti_interaction",2000
21.2092050209205,0.210048685786944,0.107335652845115,0.300943203550325,"spline_ti_interaction",2000
21.4979079497908,0.211907117884805,0.108605715154609,0.303237185384962,"spline_ti_interaction",2000
21.7866108786611,0.213729908896882,0.109847683567711,0.305488909312599,"spline_ti_interaction",2000
22.0753138075314,0.21551720444245,0.111061296657253,0.307698883835745,"spline_ti_interaction",2000
22.3640167364017,0.21726917425893,0.112246341625334,0.309867619484674,"spline_ti_interaction",2000
22.652719665272,0.218986004177965,0.113402645133992,0.311995622001277,"spline_ti_interaction",2000
22.9414225941423,0.220667897928763,0.11453007153841,0.314083397079341,"spline_ti_interaction",2000
23.2301255230125,0.222315075585046,0.11562851700146,0.316131452348865,"spline_ti_interaction",2000
23.5188284518828,0.223927765260022,0.116697899681918,0.318140290487913,"spline_ti_interaction",2000
23.8075313807531,0.225506205119505,0.117738160313477,0.320110412435473,"spline_ti_interaction",2000
24.0962343096234,0.227050645387079,0.118749261519376,0.322042321545622,"spline_ti_interaction",2000
24.3849372384937,0.22856135295937,0.119731189240683,0.323936530666659,"spline_ti_interaction",2000
24.673640167364,0.230038602477483,0.120683942657938,0.3257935542917,"spline_ti_interaction",2000
24.9623430962343,0.231482676278954,0.121607532615452,0.327613909739058,"spline_ti_interaction",2000
25.2510460251046,0.232893866806672,0.122501982246108,0.329398120933579,"spline_ti_interaction",2000
25.5397489539749,0.234272473018728,0.123367322291022,0.331146715738213,"spline_ti_interaction",2000
25.8284518828452,0.235618796513657,0.124203586534029,0.332860222696114,"spline_ti_interaction",2000
26.1171548117155,0.236933144053044,0.125010813458437,0.334539174196854,"spline_ti_interaction",2000
26.4058577405858,0.23821582724443,0.125789045331333,0.336184106637244,"spline_ti_interaction",2000
26.6945606694561,0.239467163360436,0.126538328551102,0.337795561598535,"spline_ti_interaction",2000
26.9832635983264,0.240687476787483,0.127258714890237,0.339374087436638,"spline_ti_interaction",2000
27.2719665271966,0.24187709937904,0.127950261910954,0.340920239589305,"spline_ti_interaction",2000
27.5606694560669,0.243036370530148,0.128613033236781,0.34243458050725,"spline_ti_interaction",2000
27.8493723849372,0.244165633350917,0.129247095020479,0.343917675679467,"spline_ti_interaction",2000
28.1380753138075,0.245265232351136,0.1298525140156,0.345370091078793,"spline_ti_interaction",2000
28.4267782426778,0.246335517224723,0.13042936260673,0.346792395958008,"spline_ti_interaction",2000
28.7154811715481,0.247376842859065,0.130977719708188,0.348185162209442,"spline_ti_interaction",2000
29.0041841004184,0.248389568471311,0.131497670918284,0.349548962775908,"spline_ti_interaction",2000
29.2928870292887,0.249374058530602,0.13198931086077,0.350884371521324,"spline_ti_interaction",2000
29.581589958159,0.250330685392763,0.132452747839831,0.352191964340491,"spline_ti_interaction",2000
29.8702928870293,0.251259823851793,0.132888098718793,0.353472313607838,"spline_ti_interaction",2000
30.1589958158996,0.252161850544814,0.133295489658342,0.354725986645559,"spline_ti_interaction",2000
30.4476987447699,0.253037147628889,0.133675062382072,0.355953547456973,"spline_ti_interaction",2000
30.7364016736402,0.253886100112656,0.134026972324021,0.357155553563735,"spline_ti_interaction",2000
31.0251046025105,0.254709093800361,0.134351387411969,0.35833255343271,"spline_ti_interaction",2000
31.3138075313807,0.255506516522596,0.134648491098305,0.359485086420199,"spline_ti_interaction",2000
31.602510460251,0.256278757862144,0.134918483330039,0.360613681660595,"spline_ti_interaction",2000
31.8912133891213,0.25702620864688,0.135161581087357,0.361718856880029,"spline_ti_interaction",2000
32.1799163179916,0.257749260697016,0.135378019135026,0.362801117495688,"spline_ti_interaction",2000
32.4686192468619,0.258448306438463,0.135568050433602,0.363860955741149,"spline_ti_interaction",2000
32.7573221757322,0.259123739608097,0.13573194798633,0.364898850613063,"spline_ti_interaction",2000
33.0460251046025,0.259775956905171,0.135870007992162,0.365915268485803,"spline_ti_interaction",2000
33.3347280334728,0.260405356604994,0.135982548525491,0.366910661810025,"spline_ti_interaction",2000
33.6234309623431,0.261012340296926,0.136069912501882,0.367885470021189,"spline_ti_interaction",2000
33.9121338912134,0.261597312455205,0.136132467468051,0.368840119068589,"spline_ti_interaction",2000
34.2008368200837,0.262160681169569,0.136170606795739,0.369775021902475,"spline_ti_interaction",2000
34.489539748954,0.262702856690089,0.136184747717159,0.370690577532242,"spline_ti_interaction",2000
34.7782426778243,0.263224249811988,0.136175329008944,0.37158717006506,"spline_ti_interaction",2000
35.0669456066946,0.263725270882185,0.136142809303901,0.372465168344913,"spline_ti_interaction",2000
35.3556485355649,0.26420633054049,0.136087667336553,0.3733249271398,"spline_ti_interaction",2000
35.6443514644351,0.264667839954625,0.136010401120421,0.374166788236579,"spline_ti_interaction",2000
35.9330543933054,0.265110212025779,0.135911527448805,0.374991082945158,"spline_ti_interaction",2000
36.2217573221757,0.265533859713073,0.135791579567088,0.375798131013637,"spline_ti_interaction",2000
36.510460251046,0.265939194616181,0.135651105171213,0.37658823974377,"spline_ti_interaction",2000
36.7991631799163,0.266326626685209,0.135490665402522,0.377361704299318,"spline_ti_interaction",2000
37.0878661087866,0.266696564184272,0.135310832919985,0.378118809103351,"spline_ti_interaction",2000
37.3765690376569,0.267049413872713,0.135112189138308,0.378859830191038,"spline_ti_interaction",2000
37.6652719665272,0.267385580751776,0.134895322458516,0.379585036095617,"spline_ti_interaction",2000
37.9539748953975,0.267705467768274,0.134660825154554,0.380294689614323,"spline_ti_interaction",2000
38.2426778242678,0.26800947559553,0.134409290362577,0.380989049614026,"spline_ti_interaction",2000
38.5313807531381,0.268298003063137,0.134141315724496,0.381668369164222,"spline_ti_interaction",2000
38.8200836820084,0.268571446888738,0.133857500803993,0.382332896950519,"spline_ti_interaction",2000
39.1087866108787,0.268830200518075,0.133558438275099,0.382982881603527,"spline_ti_interaction",2000
39.397489539749,0.26907465380657,0.13324471085462,0.383618573317553,"spline_ti_interaction",2000
39.6861924686192,0.269305193290895,0.132916891411306,0.384240224191795,"spline_ti_interaction",2000
39.9748953974895,0.269522203020318,0.132575544318228,0.384848088631654,"spline_ti_interaction",2000
40.2635983263598,0.269726062668092,0.132221213467078,0.385442428620587,"spline_ti_interaction",2000
40.5523012552301,0.269917147445145,0.131854423477516,0.386023512635119,"spline_ti_interaction",2000
40.8410041841004,0.270095827848069,0.131475678252771,0.386591616164495,"spline_ti_interaction",2000
41.1297071129707,0.270262469972338,0.131085461405206,0.3871470218555,"spline_ti_interaction",2000
41.418410041841,0.270417433018394,0.130684225583278,0.387690022764608,"spline_ti_interaction",2000
41.7071129707113,0.270561068329555,0.130272388009969,0.388220923768235,"spline_ti_interaction",2000
41.9958158995816,0.270693722122631,0.129850341150453,0.388740038518697,"spline_ti_interaction",2000
42.2845188284519,0.270815735812535,0.129418454053217,0.389247688956736,"spline_ti_interaction",2000
42.5732217573222,0.270927443438139,0.128977063103223,0.389744207396642,"spline_ti_interaction",2000
42.8619246861925,0.271029170746125,0.128526469095751,0.390229936930273,"spline_ti_interaction",2000
43.1506276150628,0.271121239174932,0.128066952323022,0.390705227428537,"spline_ti_interaction",2000
43.4393305439331,0.271203965828245,0.12759877321148,0.39117043498469,"spline_ti_interaction",2000
43.7280334728033,0.271277664974996,0.127122178250381,0.391625920223439,"spline_ti_interaction",2000
44.0167364016736,0.271342645528272,0.12663739244069,0.392072049306643,"spline_ti_interaction",2000
44.3054393305439,0.271399211480458,0.126144621685215,0.392509192934131,"spline_ti_interaction",2000
44.5941422594142,0.271447659996014,0.125644048022871,0.39293772642018,"spline_ti_interaction",2000
44.8828451882845,0.271488281246382,0.125135830446766,0.393358028787055,"spline_ti_interaction",2000
45.1715481171548,0.271521360728169,0.124620113490173,0.39377048061821,"spline_ti_interaction",2000
45.4602510460251,0.271547181644429,0.1240970355958,0.394175462197317,"spline_ti_interaction",2000
45.7489539748954,0.271566026471341,0.123566734667713,0.394573352268212,"spline_ti_interaction",2000
46.0376569037657,0.271578177123233,0.123029349366321,0.394964527422082,"spline_ti_interaction",2000
46.326359832636,0.271583910638613,0.122485008108456,0.395349362525632,"spline_ti_interaction",2000
46.6150627615063,0.271583497183181,0.121933824844775,0.395728230298717,"spline_ti_interaction",2000
46.9037656903766,0.271577201746172,0.121375905032994,0.396101499998287,"spline_ti_interaction",2000
47.1924686192469,0.271565283923945,0.120811346421702,0.396469536515068,"spline_ti_interaction",2000
47.4811715481172,0.271547997193572,0.120240238547608,0.39683269951258,"spline_ti_interaction",2000
47.7698744769874,0.271525588629033,0.119662663457532,0.397191342461395,"spline_ti_interaction",2000
48.0585774058577,0.271498293978764,0.119078685490472,0.397545811487899,"spline_ti_interaction",2000
48.347280334728,0.271466335976812,0.118488349155775,0.397896444015527,"spline_ti_interaction",2000
48.6359832635983,0.271429928926551,0.117891691581569,0.398243567827073,"spline_ti_interaction",2000
48.9246861924686,0.271389281894434,0.1172887511507,0.398587500464785,"spline_ti_interaction",2000
49.2133891213389,0.271344598052876,0.116679567300396,0.398928548313924,"spline_ti_interaction",2000
49.5020920502092,0.27129606979008,0.116064171132494,0.399267004954749,"spline_ti_interaction",2000
49.7907949790795,0.271243885938301,0.115442601780997,0.399603151981304,"spline_ti_interaction",2000
50.0794979079498,0.27118823103697,0.114814905760223,0.399937258280199,"spline_ti_interaction",2000
50.3682008368201,0.27112928293487,0.114181132638422,0.400269579064873,"spline_ti_interaction",2000
50.6569037656904,0.271067216130775,0.113541342311733,0.400600356496049,"spline_ti_interaction",2000
50.9456066945607,0.271002198696976,0.112895599310186,0.400929818529368,"spline_ti_interaction",2000
51.234309623431,0.270934392998776,0.112243974431886,0.401258179045408,"spline_ti_interaction",2000
51.5230125523013,0.270863955017223,0.111586543554434,0.401585637592489,"spline_ti_interaction",2000
51.8117154811715,0.270791036026521,0.110923390749637,0.401912380095543,"spline_ti_interaction",2000
52.1004184100418,0.270715781600612,0.110254606257458,0.402238578646348,"spline_ti_interaction",2000
52.3891213389121,0.270638327575148,0.109580278532549,0.402564390279149,"spline_ti_interaction",2000
52.6778242677824,0.270558801389584,0.108900496116635,0.40288995795486,"spline_ti_interaction",2000
52.9665271966527,0.270477328793591,0.108215359477978,0.403215413653458,"spline_ti_interaction",2000
53.255230125523,0.270394034115879,0.107524980981908,0.403540878892756,"spline_ti_interaction",2000
53.5439330543933,0.270309040582875,0.106829484807657,0.403866465363086,"spline_ti_interaction",2000
53.8326359832636,0.270222469438923,0.106129004545607,0.404192275149175,"spline_ti_interaction",2000
54.1213389121339,0.270134435518546,0.10542367384378,0.40451839978291,"spline_ti_interaction",2000
54.4100418410042,0.270045049275661,0.104713628888766,0.40484492193753,"spline_ti_interaction",2000
54.6987447698745,0.269954418256715,0.103999009955481,0.405171916834143,"spline_ti_interaction",2000
54.9874476987448,0.269862648036509,0.103279961995832,0.405499453409359,"spline_ti_interaction",2000
55.2761506276151,0.269769841466353,0.102556631916259,0.405827594925946,"spline_ti_interaction",2000
55.5648535564854,0.269676094495925,0.101829158773157,0.406156398684494,"spline_ti_interaction",2000
55.8535564853556,0.269581495915345,0.101097671318702,0.406485917227588,"spline_ti_interaction",2000
56.1422594142259,0.269486129721577,0.100362290930463,0.406816200244544,"spline_ti_interaction",2000
56.4309623430962,0.269390074622473,0.0996231288863401,0.407147295554227,"spline_ti_interaction",2000
56.7196652719665,0.269293404868257,0.0988802864251347,0.407479250397438,"spline_ti_interaction",2000
57.0083682008368,0.26919619124343,0.0981338553087109,0.407812112654563,"spline_ti_interaction",2000
57.2970711297071,0.269098501564067,0.0973839174903439,0.408145931844531,"spline_ti_interaction",2000
57.5857740585774,0.269000402176772,0.0966305471682013,0.408480760177734,"spline_ti_interaction",2000
57.8744769874477,0.268901957603077,0.0958738088018865,0.408816653250242,"spline_ti_interaction",2000
58.163179916318,0.268803229532542,0.0951137535358719,0.409153670716958,"spline_ti_interaction",2000
58.4518828451883,0.26870427613323,0.09435041622813,0.409491877069602,"spline_ti_interaction",2000
58.7405857740586,0.268605151873369,0.0935838136745594,0.409831342449006,"spline_ti_interaction",2000
59.0292887029289,0.268505906209552,0.0928139399932345,0.41017214346711,"spline_ti_interaction",2000
59.3179916317992,0.268406581584678,0.0920407602530021,0.41051436403934,"spline_ti_interaction",2000
59.6066945606695,0.268307218406391,0.0912642220025753,0.410858095830678,"spline_ti_interaction",2000
59.8953974895397,0.268207854517802,0.0904842531513802,0.411203438703552,"spline_ti_interaction",2000
60.18410041841,0.2681085243715,0.0897007591708391,0.411550501119012,"spline_ti_interaction",2000
60.4728033472803,0.268009260465651,0.0889136263834442,0.411899400232336,"spline_ti_interaction",2000
60.7615062761506,0.267910093005543,0.0881227206446412,0.412250262116367,"spline_ti_interaction",2000
61.0502092050209,0.267811049307866,0.0873278853981401,0.412603221969246,"spline_ti_interaction",2000
61.3389121338912,0.267712153952667,0.086528941876658,0.412958424134073,"spline_ti_interaction",2000
61.6276150627615,0.267613429262093,0.0857256904077345,0.413316021931708,"spline_ti_interaction",2000
61.9163179916318,0.267514894932778,0.084917909430038,0.413676177608112,"spline_ti_interaction",2000
62.2050209205021,0.267416569602492,0.0841053602480046,0.414039061700043,"spline_ti_interaction",2000
62.4937238493724,0.26731846987121,0.0832877844253391,0.414404853048296,"spline_ti_interaction",2000
62.7824267782427,0.26722060962231,0.0824649022084845,0.414773738623447,"spline_ti_interaction",2000
63.071129707113,0.267123001535422,0.0816364175687821,0.415145912628045,"spline_ti_interaction",2000
63.3598326359833,0.267025656041654,0.0808020156580672,0.415521576360077,"spline_ti_interaction",2000
63.6485355648536,0.26692858128093,0.0799613634979142,0.415900937610709,"spline_ti_interaction",2000
63.9372384937238,0.266831784662349,0.0791141155256505,0.416284209537834,"spline_ti_interaction",2000
64.2259414225941,0.266735272492863,0.0782599133072769,0.416671610176633,"spline_ti_interaction",2000
64.5146443514644,0.26663905073857,0.0773983887060904,0.417063361565825,"spline_ti_interaction",2000
64.8033472803347,0.266543124304185,0.0765291625692723,0.417459689358279,"spline_ti_interaction",2000
65.092050209205,0.266447497709328,0.0756518477273932,0.417860821927395,"spline_ti_interaction",2000
65.3807531380753,0.266352175360062,0.0747660506522102,0.418266989685878,"spline_ti_interaction",2000
65.6694560669456,0.26625716029802,0.0738713686559549,0.418678424796562,"spline_ti_interaction",2000
65.9581589958159,0.266162454192163,0.0729673911008856,0.419095360327422,"spline_ti_interaction",2000
66.2468619246862,0.266068058593952,0.0720537041879397,0.419518029171435,"spline_ti_interaction",2000
66.5355648535565,0.26597397488876,0.0711298917198137,0.419946663438023,"spline_ti_interaction",2000
66.8242677824268,0.265880203588276,0.0701955340991167,0.420381493907515,"spline_ti_interaction",2000
67.1129707112971,0.265786744918115,0.0692502110956241,0.420822749181068,"spline_ti_interaction",2000
67.4016736401674,0.265693599103383,0.0682935035591868,0.421270655021137,"spline_ti_interaction",2000
67.6903765690377,0.265600766368845,0.0673249942662525,0.421725433787389,"spline_ti_interaction",2000
67.979079497908,0.26550824693891,0.0663442687420442,0.422187303892099,"spline_ti_interaction",2000
68.2677824267782,0.265416041034722,0.0653509160513512,0.422656479275222,"spline_ti_interaction",2000
68.5564853556485,0.26532414855006,0.0643445288099522,0.423133168860547,"spline_ti_interaction",2000
68.8451882845188,0.265232568737161,0.0633247034166302,0.423617575894362,"spline_ti_interaction",2000
69.1338912133891,0.265141300327712,0.0622910413974711,0.424109897287496,"spline_ti_interaction",2000
69.4225941422594,0.265050341320256,0.0612431499956196,0.42461032290635,"spline_ti_interaction",2000
69.7112970711297,0.264959688118161,0.0601806415626478,0.425119034588,"spline_ti_interaction",2000
70,0.26486933536756,0.0591031349454895,0.425636205035476,"spline_ti_interaction",2000
1,0,0,0,"spline_ti_interaction",2014
1.28870292887029,0.00499229349193298,0.0027331306215006,0.00724633855786194,"spline_ti_interaction",2014
1.57740585774059,0.00995965883393568,0.00545881522258718,0.0144401336626496,"spline_ti_interaction",2014
1.86610878661088,0.0149021876182188,0.00817719457947574,0.0215815822586148,"spline_ti_interaction",2014
2.15481171548117,0.0198199173598314,0.0108885833364141,0.0286706045257824,"spline_ti_interaction",2014
2.44351464435146,0.024712823165468,0.0135934876591444,0.0357068151946801,"spline_ti_interaction",2014
2.73221757322176,0.0295808134752441,0.016292607577425,0.0426895184184675,"spline_ti_interaction",2014
3.02092050209205,0.0344237472195226,0.0189867775366234,0.0496178047504405,"spline_ti_interaction",2014
3.30962343096234,0.0392414376510707,0.0216769428561601,0.0564905852044463,"spline_ti_interaction",2014
3.59832635983264,0.0440336417439114,0.0243641686601199,0.0633065650506588,"spline_ti_interaction",2014
3.88702928870293,0.0488000534083665,0.0270496339128626,0.0700642397261872,"spline_ti_interaction",2014
4.17573221757322,0.0535403072627604,0.0297346044413882,0.0767619312440403,"spline_ti_interaction",2014
4.46443514644351,0.0582540065802664,0.0324203728435332,0.0833979021152922,"spline_ti_interaction",2014
4.75313807531381,0.0629407382274851,0.0351082248601524,0.0899704166859697,"spline_ti_interaction",2014
5.0418410041841,0.0676000676303737,0.0377994237027373,0.0964777455981276,"spline_ti_interaction",2014
5.33054393305439,0.0722315376004918,0.0404951910228901,0.102918180534432,"spline_ti_interaction",2014
5.61924686192469,0.0768346781953996,0.0431966892615904,0.109290068483477,"spline_ti_interaction",2014
5.90794979079498,0.0814090171453085,0.0459050213119042,0.115591830341454,"spline_ti_interaction",2014
6.19665271966527,0.0859540803336769,0.048621217992158,0.121821971375679,"spline_ti_interaction",2014
6.48535564853556,0.0904693875644482,0.0513462076626977,0.1279790987614,"spline_ti_interaction",2014
6.77405857740586,0.0949544550153552,0.0540808081449694,0.134061930924341,"spline_ti_interaction",2014
7.06276150627615,0.0994087986752575,0.0568257205912915,0.140069306796605,"spline_ti_interaction",2014
7.35146443514644,0.103831937002176,0.0595815274379227,0.146000189735472,"spline_ti_interaction",2014
7.64016736401674,0.10822339384963,0.0623486982258321,0.151853664819407,"spline_ti_interaction",2014
7.92887029288703,0.112582700596533,0.0651275935509099,0.157628936475164,"spline_ti_interaction",2014
8.21757322175732,0.116909396341214,0.0679184406639755,0.163325348024297,"spline_ti_interaction",2014
8.50627615062761,0.121203028456761,0.0707213111005878,0.168942399714105,"spline_ti_interaction",2014
8.79497907949791,0.125463154417935,0.0735361561743015,0.174479717284554,"spline_ti_interaction",2014
9.0836820083682,0.129689343099264,0.076362815927765,0.17993704392075,"spline_ti_interaction",2014
9.37238493723849,0.133881176020068,0.0792009849004092,0.185314270594386,"spline_ti_interaction",2014
9.66108786610879,0.13803824863395,0.0820501952891426,0.190611450642383,"spline_ti_interaction",2014
9.94979079497908,0.142160169178334,0.084909882871276,0.195828736897364,"spline_ti_interaction",2014
10.2384937238494,0.146246558627685,0.0877794053907922,0.200966363878983,"spline_ti_interaction",2014
10.5271966527197,0.150297051299362,0.0906580396341676,0.206024650242581,"spline_ti_interaction",2014
10.81589958159,0.154311296750507,0.0935449621109582,0.211004017949586,"spline_ti_interaction",2014
11.1046025104602,0.158288959498357,0.0964392621254049,0.215904979040061,"spline_ti_interaction",2014
11.3933054393305,0.162229719390334,0.0993399472113515,0.22072813055305,"spline_ti_interaction",2014
11.6820083682008,0.166133269644816,0.102245970635712,0.225474126264161,"spline_ti_interaction",2014
11.9707112970711,0.169999317232716,0.105156233851708,0.2301436748457,"spline_ti_interaction",2014
12.2594142259414,0.17382758284757,0.108069591976071,0.234737534763837,"spline_ti_interaction",2014
12.5481171548117,0.177617801961067,0.110984852640307,0.239256516989679,"spline_ti_interaction",2014
12.836820083682,0.181369729019171,0.113900755333403,0.243701510186597,"spline_ti_interaction",2014
13.1255230125523,0.185083133264919,0.116816005034978,0.248073443953631,"spline_ti_interaction",2014
13.4142259414226,0.188757795197807,0.119729297980039,0.252373260473004,"spline_ti_interaction",2014
13.7029288702929,0.192393508927677,0.122639314038038,0.256601925686892,"spline_ti_interaction",2014
13.9916317991632,0.195990085285308,0.125544708022606,0.260760442654812,"spline_ti_interaction",2014
14.2803347280335,0.199547350680186,0.128444121624989,0.264849839579167,"spline_ti_interaction",2014
14.5690376569038,0.203065150014689,0.131336179889665,0.268871178449171,"spline_ti_interaction",2014
14.8577405857741,0.206543346879689,0.134219498383976,0.272825549656347,"spline_ti_interaction",2014
15.1464435146443,0.209981821181149,0.137092698691103,0.276714055011996,"spline_ti_interaction",2014
15.4351464435146,0.213380472180562,0.139954407549348,0.280537814531757,"spline_ti_interaction",2014
15.7238493723849,0.216739223406671,0.142803252776583,0.284297979271631,"spline_ti_interaction",2014
16.0125523012552,0.220058018483378,0.145637881369316,0.287995709000963,"spline_ti_interaction",2014
16.3012552301255,0.223336811744772,0.148456985354516,0.291632134118435,"spline_ti_interaction",2014
16.5899581589958,0.226575573116497,0.151259297436498,0.295208368947854,"spline_ti_interaction",2014
16.8786610878661,0.229774289103265,0.154043593763671,0.298725511914087,"spline_ti_interaction",2014
17.1673640167364,0.232932963792797,0.156808697456472,0.302184645096802,"spline_ti_interaction",2014
17.4560669456067,0.236051618089004,0.159553483851688,0.30558682913091,"spline_ti_interaction",2014
17.744769874477,0.239130294051689,0.162276880372075,0.308933111829361,"spline_ti_interaction",2014
18.0334728033473,0.242169051830344,0.164977872703753,0.312224518093557,"spline_ti_interaction",2014
18.3221757322176,0.245167968000166,0.167655508863363,0.31546204414121,"spline_ti_interaction",2014
18.6108786610879,0.248127135899255,0.170308900891002,0.318646657318435,"spline_ti_interaction",2014
18.8995815899582,0.25104666289133,0.172937226912266,0.321779290014412,"spline_ti_interaction",2014
19.1882845188284,0.253926667223601,0.175539732299441,0.324860833582041,"spline_ti_interaction",2014
19.4769874476987,0.256767280768226,0.178115728774287,0.327892144580349,"spline_ti_interaction",2014
19.765690376569,0.259568650978782,0.180664593460611,0.330874049580054,"spline_ti_interaction",2014
20.0543933054393,0.262330937867889,0.183185767301835,0.333807341444858,"spline_ti_interaction",2014
20.3430962343096,0.265054315692436,0.185678754057374,0.336692783623663,"spline_ti_interaction",2014
20.6317991631799,0.267738982100729,0.188143119813751,0.339531127442234,"spline_ti_interaction",2014
20.9205020920502,0.270385151219923,0.190578488530616,0.342323103578017,"spline_ti_interaction",2014
21.2092050209205,0.272993043522781,0.192984536211346,0.345069408850032,"spline_ti_interaction",2014
21.4979079497908,0.275562893091712,0.195360990679022,0.347770719805732,"spline_ti_interaction",2014
21.7866108786611,0.278094944959182,0.197707626847202,0.350427692032624,"spline_ti_interaction",2014
22.0753138075314,0.280589457739706,0.200024264773994,0.353040966712528,"spline_ti_interaction",2014
22.3640167364017,0.28304671121233,0.20231076978898,0.355611184361261,"spline_ti_interaction",2014
22.652719665272,0.285466998851434,0.204567044279485,0.358138978202246,"spline_ti_interaction",2014
22.9414225941423,0.287850629399778,0.206793025229024,0.360624979132685,"spline_ti_interaction",2014
23.2301255230125,0.290197925694602,0.208988679131189,0.363069817844232,"spline_ti_interaction",2014
23.5188284518828,0.292509217097377,0.211153993589965,0.365474118110717,"spline_ti_interaction",2014
23.8075313807531,0.294784840872037,0.213288976089405,0.367838500353344,"spline_ti_interaction",2014
24.0962343096234,0.29702514393005,0.215393652542668,0.370163586022429,"spline_ti_interaction",2014
24.3849372384937,0.299230486962064,0.217468067499834,0.372450004903382,"spline_ti_interaction",2014
24.673640167364,0.30140123625141,0.219512275442182,0.374698387488983,"spline_ti_interaction",2014
24.9623430962343,0.303537763593386,0.221526338994464,0.376909366318237,"spline_ti_interaction",2014
25.2510460251046,0.305640448438954,0.223510328855347,0.379083579909926,"spline_ti_interaction",2014
25.5397489539749,0.307709674599327,0.225464319601079,0.381221670257301,"spline_ti_interaction",2014
25.8284518828452,0.309745826716792,0.227388385735277,0.383324279705125,"spline_ti_interaction",2014
26.1171548117155,0.311749292530646,0.229282602736057,0.385392054190462,"spline_ti_interaction",2014
26.4058577405858,0.313720462568735,0.231147046090433,0.38742564348362,"spline_ti_interaction",2014
26.6945606694561,0.315659730863492,0.232981791380411,0.389425702416281,"spline_ti_interaction",2014
26.9832635983264,0.317567496228649,0.234786915155148,0.391392892480322,"spline_ti_interaction",2014
27.2719665271966,0.319444162543385,0.236562495212659,0.39332788212273,"spline_ti_interaction",2014
27.5606694560669,0.321290138784425,0.238308610797143,0.395231346656875,"spline_ti_interaction",2014
27.8493723849372,0.323105835564177,0.240025339807575,0.397103964319996,"spline_ti_interaction",2014
28.1380753138075,0.324891663045044,0.241712757342569,0.398946413724662,"spline_ti_interaction",2014
28.4267782426778,0.326648034318331,0.243370940084461,0.400759376413615,"spline_ti_interaction",2014
28.7154811715481,0.328375365390288,0.244999967242369,0.402543536101495,"spline_ti_interaction",2014
29.0041841004184,0.330074074389997,0.246599920963867,0.404299576954391,"spline_ti_interaction",2014
29.2928870292887,0.331744582372767,0.248170888623699,0.406028183225489,"spline_ti_interaction",2014
29.581589958159,0.333387315640478,0.249712967146864,0.407730039983257,"spline_ti_interaction",2014
29.8702928870293,0.335002700866202,0.251226258955074,0.409405827669493,"spline_ti_interaction",2014
30.1589958158996,0.336591164558876,0.25271087298511,0.411056220368935,"spline_ti_interaction",2014
30.4476987447699,0.33815313631684,0.254166930568478,0.412681886978927,"spline_ti_interaction",2014
30.7364016736402,0.339689046442722,0.255594564145228,0.414283488020116,"spline_ti_interaction",2014
31.0251046025105,0.341199324116533,0.256993916555313,0.415861672986123,"spline_ti_interaction",2014
31.3138075313807,0.342684398483556,0.258365144100457,0.417417079901312,"spline_ti_interaction",2014
31.602510460251,0.344144698407389,0.259708417735818,0.418950333986599,"spline_ti_interaction",2014
31.8912133891213,0.345580652019551,0.261023923866286,0.420462046279204,"spline_ti_interaction",2014
32.1799163179916,0.346992686496033,0.262311865296848,0.421952812537428,"spline_ti_interaction",2014
32.4686192468619,0.348381227717776,0.263572461863469,0.423423212194066,"spline_ti_interaction",2014
32.7573221757322,0.349746700891916,0.264805952395382,0.424873807971386,"spline_ti_interaction",2014
33.0460251046025,0.351089531998029,0.266012597969199,0.426305145950084,"spline_ti_interaction",2014
33.3347280334728,0.352410146564244,0.26719268078491,0.427717754344848,"spline_ti_interaction",2014
33.6234309623431,0.353708971184422,0.26834650733,0.429112143778296,"spline_ti_interaction",2014
33.9121338912134,0.354986433131454,0.269474408319671,0.430488806713098,"spline_ti_interaction",2014
34.2008368200837,0.356242960985168,0.270576740134378,0.431848217511612,"spline_ti_interaction",2014
34.489539748954,0.357478983350909,0.271653882912453,0.433190831734523,"spline_ti_interaction",2014
34.7782426778243,0.358694927447906,0.272706238185971,0.434517085564924,"spline_ti_interaction",2014
35.0669456066946,0.35989121824818,0.273734227156979,0.435827395704132,"spline_ti_interaction",2014
35.3556485355649,0.361068279127881,0.274738291165541,0.437122160230043,"spline_ti_interaction",2014
35.6443514644351,0.362226532074987,0.275718891101899,0.438401759493738,"spline_ti_interaction",2014
35.9330543933054,0.363366398736317,0.276676507593172,0.439666557891906,"spline_ti_interaction",2014
36.2217573221757,0.364488298964168,0.277611637982906,0.440916903719581,"spline_ti_interaction",2014
36.510460251046,0.365592649596383,0.278524793670624,0.442153129150781,"spline_ti_interaction",2014
36.7991631799163,0.366679864218197,0.279416498790156,0.443375550906657,"spline_ti_interaction",2014
37.0878661087866,0.36775035314455,0.280287288441269,0.444584471652448,"spline_ti_interaction",2014
37.3765690376569,0.368804523589998,0.281137706455784,0.445780182076077,"spline_ti_interaction",2014
37.6652719665272,0.369842779463691,0.281968303405317,0.446962962112518,"spline_ti_interaction",2014
37.9539748953975,0.370865521128905,0.282779633708346,0.44813308279167,"spline_ti_interaction",2014
38.2426778242678,0.371873145230639,0.283572252813927,0.449290808135076,"spline_ti_interaction",2014
38.5313807531381,0.372866045080593,0.284346719106809,0.450436394392,"spline_ti_interaction",2014
38.8200836820084,0.373844610441941,0.28510359141216,0.451570091606594,"spline_ti_interaction",2014
39.1087866108787,0.374809226553203,0.28584342180382,0.452692147441603,"spline_ti_interaction",2014
39.397489539749,0.375760273877826,0.286566752651285,0.453802808998302,"spline_ti_interaction",2014
39.6861924686192,0.37669812835669,0.287274116187817,0.45490232357489,"spline_ti_interaction",2014
39.9748953974895,0.377623161758555,0.28796603476284,0.455990939069317,"spline_ti_interaction",2014
40.2635983263598,0.378535739663285,0.288643010499473,0.457068908331048,"spline_ti_interaction",2014
40.5523012552301,0.379436222127063,0.289305526610195,0.458136489269263,"spline_ti_interaction",2014
40.8410041841004,0.380324963599633,0.289954046040846,0.459193945692302,"spline_ti_interaction",2014
41.1297071129707,0.381202313217998,0.290589011642282,0.460241547634903,"spline_ti_interaction",2014
41.418410041841,0.382068612720583,0.291210837298575,0.461279574408627,"spline_ti_interaction",2014
41.7071129707113,0.382924195672243,0.291819904278116,0.462308315939609,"spline_ti_interaction",2014
41.9958158995816,0.383769389815114,0.292416570065619,0.463328070070758,"spline_ti_interaction",2014
42.2845188284519,0.384604517372341,0.293001169563918,0.464339142110126,"spline_ti_interaction",2014
42.5732217573222,0.385429892906248,0.293574007599901,0.465341846709246,"spline_ti_interaction",2014
42.8619246861925,0.386245822587844,0.29413535679133,0.46633650811787,"spline_ti_interaction",2014
43.1506276150628,0.387052607592412,0.294685470352354,0.467323456321036,"spline_ti_interaction",2014
43.4393305439331,0.387850544102496,0.295224582900148,0.468303026377382,"spline_ti_interaction",2014
43.7280334728033,0.388639924591634,0.295752915651513,0.469275556676112,"spline_ti_interaction",2014
44.0167364016736,0.389421035729556,0.296270670430709,0.470241389771633,"spline_ti_interaction",2014
44.3054393305439,0.39019415877664,0.296778032006522,0.471200871253814,"spline_ti_interaction",2014
44.5941422594142,0.390959568017548,0.297275164487038,0.472154349691359,"spline_ti_interaction",2014
44.8828451882845,0.391717530660762,0.297762212437961,0.473102175560792,"spline_ti_interaction",2014
45.1715481171548,0.39246830880998,0.298239308420182,0.474044698956717,"spline_ti_interaction",2014
45.4602510460251,0.393212161474155,0.298706580266805,0.474982267589301,"spline_ti_interaction",2014
45.7489539748954,0.39394934588555,0.29916415593704,0.475915225421095,"spline_ti_interaction",2014
46.0376569037657,0.394680117643685,0.299612164777994,0.476843911973829,"spline_ti_interaction",2014
46.326359832636,0.395404727140654,0.300050728618233,0.477768662802856,"spline_ti_interaction",2014
46.6150627615063,0.39612341793283,0.300479958602392,0.47868980902886,"spline_ti_interaction",2014
46.9037656903766,0.396836428182508,0.300899960453634,0.479607675886125,"spline_ti_interaction",2014
47.1924686192469,0.397543990507467,0.301310835392768,0.480522581772538,"spline_ti_interaction",2014
47.4811715481172,0.398246331410421,0.301712679989277,0.481434837374026,"spline_ti_interaction",2014
47.7698744769874,0.398943671077837,0.302105587010519,0.482344744687285,"spline_ti_interaction",2014
48.0585774058577,0.399636219357589,0.302489637237163,0.483252596162786,"spline_ti_interaction",2014
48.347280334728,0.400324174427117,0.302864898074901,0.484158673428617,"spline_ti_interaction",2014
48.6359832635983,0.401007726628298,0.303231434170626,0.485063246026428,"spline_ti_interaction",2014
48.9246861924686,0.401687061133798,0.30358931474701,0.485966570595243,"spline_ti_interaction",2014
49.2133891213389,0.402362357436092,0.303938613513802,0.486868890095476,"spline_ti_interaction",2014
49.5020920502092,0.403033785372464,0.304279400964038,0.487770432698791,"spline_ti_interaction",2014
49.7907949790795,0.403701511094317,0.304611758108284,0.488671411952678,"spline_ti_interaction",2014
50.0794979079498,0.404365696484413,0.304935775849258,0.489572026300184,"spline_ti_interaction",2014
50.3682008368201,0.405026497222531,0.30525155131938,0.490472458514227,"spline_ti_interaction",2014
50.6569037656904,0.405684065543729,0.305559193899865,0.491372876066706,"spline_ti_interaction",2014
50.9456066945607,0.406338547751256,0.305858820255541,0.492273430578154,"spline_ti_interaction",2014
51.234309623431,0.406990084834862,0.306150555568631,0.493174258037547,"spline_ti_interaction",2014
51.5230125523013,0.407638811950083,0.306434532323806,0.4940754788678,"spline_ti_interaction",2014
51.8117154811715,0.408284859812052,0.306710892778279,0.494977198573424,"spline_ti_interaction",2014
52.1004184100418,0.408928353914817,0.306979786937624,0.495879507955415,"spline_ti_interaction",2014
52.3891213389121,0.40956941129168,0.307241365368982,0.496782482880012,"spline_ti_interaction",2014
52.6778242677824,0.410208141648889,0.307495780599114,0.497686185250684,"spline_ti_interaction",2014
52.9665271966527,0.410844652823605,0.307743197310915,0.498590664969697,"spline_ti_interaction",2014
53.255230125523,0.411479051010273,0.307983792042758,0.499495960618932,"spline_ti_interaction",2014
53.5439330543933,0.412111441025587,0.308217752887466,0.500402100204821,"spline_ti_interaction",2014
53.8326359832636,0.41274192560717,0.308445277048126,0.501309101805419,"spline_ti_interaction",2014
54.1213389121339,0.413370601865639,0.308666562073937,0.502216973928162,"spline_ti_interaction",2014
54.4100418410042,0.413997562945658,0.308881807928454,0.503125716884502,"spline_ti_interaction",2014
54.6987447698745,0.414622899229362,0.309091218226359,0.504035323987381,"spline_ti_interaction",2014
54.9874476987448,0.415246699100945,0.309295000602173,0.504945782627244,"spline_ti_interaction",2014
55.2761506276151,0.415869048355813,0.309493363994301,0.505857075259263,"spline_ti_interaction",2014
55.5648535564854,0.416490026876506,0.30968650920916,0.506769180558077,"spline_ti_interaction",2014
55.8535564853556,0.417109708460832,0.3098746265369,0.507682074829868,"spline_ti_interaction",2014
56.1422594142259,0.417728162743148,0.310057898504203,0.508595733283374,"spline_ti_interaction",2014
56.4309623430962,0.418345454823245,0.310236497221924,0.509510131280998,"spline_ti_interaction",2014
56.7196652719665,0.418961645953534,0.310410584483202,0.510425245404884,"spline_ti_interaction",2014
57.0083682008368,0.41957679434881,0.310580312358449,0.511341054371568,"spline_ti_interaction",2014
57.2970711297071,0.420190955597961,0.310745822954119,0.512257539865401,"spline_ti_interaction",2014
57.5857740585774,0.420804183866441,0.310907250548977,0.513174687015826,"spline_ti_interaction",2014
57.8744769874477,0.421416531622527,0.311064719719549,0.514092485228172,"spline_ti_interaction",2014
58.163179916318,0.422028048850742,0.311218341905785,0.515010929240529,"spline_ti_interaction",2014
58.4518828451883,0.422638782521512,0.311368212602411,0.515930020152002,"spline_ti_interaction",2014
58.7405857740586,0.423248776467773,0.311514409775713,0.516849766256464,"spline_ti_interaction",2014
59.0292887029289,0.423858070369782,0.311656989381083,0.51777018440331,"spline_ti_interaction",2014
59.3179916317992,0.424466698204239,0.311795979175901,0.51869130162988,"spline_ti_interaction",2014
59.6066945606695,0.425074692189501,0.311931390764639,0.519613153216917,"spline_ti_interaction",2014
59.8953974895397,0.425682082380188,0.312063217598916,0.520535783320201,"spline_ti_interaction",2014
60.18410041841,0.426288896032136,0.312191432345252,0.521459245646905,"spline_ti_interaction",2014
60.4728033472803,0.426895158743035,0.312315990492555,0.522383602743034,"spline_ti_interaction",2014
60.7615062761506,0.427500894197232,0.312436829176802,0.523308926287372,"spline_ti_interaction",2014
61.0502092050209,0.428106123711476,0.312553865365212,0.52423529748979,"spline_ti_interaction",2014
61.3389121338912,0.428710866367231,0.312666996246212,0.525162806929913,"spline_ti_interaction",2014
61.6276150627615,0.429315139396739,0.312776100765812,0.526091554026732,"spline_ti_interaction",2014
61.9163179916318,0.429918957907662,0.312881038738775,0.52702164708633,"spline_ti_interaction",2014
62.2050209205021,0.430522336113346,0.312981655978919,0.527953201703956,"spline_ti_interaction",2014
62.4937238493724,0.431125286577861,0.313077781620694,0.528886341259055,"spline_ti_interaction",2014
62.7824267782427,0.431727819699225,0.31316922652627,0.529821197046075,"spline_ti_interaction",2014
63.071129707113,0.432329944893953,0.313255788699464,0.530757906420738,"spline_ti_interaction",2014
63.3598326359833,0.43293166979447,0.313337250554875,0.531696613247278,"spline_ti_interaction",2014
63.6485355648536,0.433533000226651,0.313413379644054,0.53263746726398,"spline_ti_interaction",2014
63.9372384937238,0.434133941424783,0.313483934578002,0.533580621961668,"spline_ti_interaction",2014
64.2259414225941,0.434734497748763,0.313548664633492,0.534526234310924,"spline_ti_interaction",2014
64.5146443514644,0.435334673275416,0.313607313105352,0.535474463389905,"spline_ti_interaction",2014
64.8033472803347,0.435934471245992,0.313659615726188,0.536425470482579,"spline_ti_interaction",2014
65.092050209205,0.436533894590579,0.313705303831917,0.537379417737038,"spline_ti_interaction",2014
65.3807531380753,0.437132946138239,0.31374410603488,0.538336467330768,"spline_ti_interaction",2014
65.6694560669456,0.437731627659025,0.313775744852692,0.539296782118109,"spline_ti_interaction",2014
65.9581589958159,0.438329939863954,0.313799937799936,0.540260524836192,"spline_ti_interaction",2014
66.2468619246862,0.438927883370844,0.31381640255439,0.541227856173472,"spline_ti_interaction",2014
66.5355648535565,0.439525458667766,0.313824857556695,0.542198934279329,"spline_ti_interaction",2014
66.8242677824268,0.44012266557416,0.313825020505985,0.543173914859251,"spline_ti_interaction",2014
67.1129707112971,0.440719503692427,0.313816611251875,0.544152949955974,"spline_ti_interaction",2014
67.4016736401674,0.441315972626498,0.313799353481157,0.545136187169557,"spline_ti_interaction",2014
67.6903765690377,0.441912071981961,0.313772975388627,0.546123769206179,"spline_ti_interaction",2014
67.979079497908,0.442507801366043,0.313737210315328,0.547115833454221,"spline_ti_interaction",2014
68.2677824267782,0.443103160385411,0.313691797345507,0.548112511590003,"spline_ti_interaction",2014
68.5564853556485,0.443698148400768,0.313636480865826,0.549113929477017,"spline_ti_interaction",2014
68.8451882845188,0.444292764290719,0.313571010319246,0.550120206952108,"spline_ti_interaction",2014
69.1338912133891,0.444887006546052,0.313495141356019,0.551131457233854,"spline_ti_interaction",2014
69.4225941422594,0.445480873111676,0.313408635942309,0.552147786613943,"spline_ti_interaction",2014
69.7112970711297,0.446074360740274,0.31331126056623,0.553169294603105,"spline_ti_interaction",2014
70,0.446667464877468,0.313202787022459,0.55419607325177,"spline_ti_interaction",2014
1,0,0,0,"spline_ti_interaction",2024
1.28870292887029,0.00584636999685562,0.00353223884708243,0.00815512696074217,"spline_ti_interaction",2024
1.57740585774059,0.0116585550167734,0.0070520260525595,0.0162437131643333,"spline_ti_interaction",2024
1.86610878661088,0.0174367224871709,0.0105595238923286,0.0242661204697935,"spline_ti_interaction",2024
2.15481171548117,0.0231809855023425,0.0140550598463527,0.0322224414119124,"spline_ti_interaction",2024
2.44351464435146,0.0288913947569027,0.0175391425237087,0.0401124726743107,"spline_ti_interaction",2024
2.73221757322176,0.0345679345767065,0.0210124629228416,0.0479357114900364,"spline_ti_interaction",2024
3.02092050209205,0.0402105402576066,0.0244758370242765,0.0556914508169698,"spline_ti_interaction",2024
3.30962343096234,0.0458191020822069,0.0279301826531914,0.0633788132253287,"spline_ti_interaction",2024
3.59832635983264,0.0513934549942843,0.0313765270440399,0.070996726435315,"spline_ti_interaction",2024
3.88702928870293,0.0569333721104545,0.0348160001679323,0.0785439203367433,"spline_ti_interaction",2024
4.17573221757322,0.0624385687232821,0.0382498083319436,0.0860189631019717,"spline_ti_interaction",2024
4.46443514644351,0.0679087302117644,0.0416791771864186,0.0934203718283926,"spline_ti_interaction",2024
4.75313807531381,0.0733435269448582,0.0451053198255658,0.10074667198048,"spline_ti_interaction",2024
5.0418410041841,0.0787426093746381,0.0485294213486303,0.107996401754394,"spline_ti_interaction",2024
5.33054393305439,0.0841056070436268,0.0519526202510826,0.115168126648808,"spline_ti_interaction",2024
5.61924686192469,0.0894321385802112,0.0553759916130949,0.122260473067496,"spline_ti_interaction",2024
5.90794979079498,0.0947218218156497,0.0588005480321029,0.129272145045056,"spline_ti_interaction",2024
6.19665271966527,0.0999742742103195,0.0622272279157755,0.136201933776674,"spline_ti_interaction",2024
6.48535564853556,0.105189108694331,0.065656866432811,0.14304873398883,"spline_ti_interaction",2024
6.77405857740586,0.110365936101797,0.069090188201281,0.149811552508205,"spline_ti_interaction",2024
7.06276150627615,0.115504368559073,0.0725278019435036,0.156489516691228,"spline_ti_interaction",2024
7.35146443514644,0.120604022090863,0.075970199043498,0.163081877703236,"spline_ti_interaction",2024
7.64016736401674,0.125664519475953,0.079417759623727,0.169588007486703,"spline_ti_interaction",2024
7.92887029288703,0.13068549230802,0.0828707567964644,0.176007396030619,"spline_ti_interaction",2024
8.21757322175732,0.135666581150993,0.0863293339601418,0.182339669306377,"spline_ti_interaction",2024
8.50627615062761,0.140607436046875,0.0897934842198919,0.188584605610153,"spline_ti_interaction",2024
8.79497907949791,0.145507718263299,0.0932630847435293,0.194742105166118,"spline_ti_interaction",2024
9.0836820083682,0.15036710151571,0.0967379058254374,0.200812181932095,"spline_ti_interaction",2024
9.37238493723849,0.155185273131393,0.100217579200603,0.206794991504731,"spline_ti_interaction",2024
9.66108786610879,0.159961935250692,0.103701583020069,0.212690843965238,"spline_ti_interaction",2024
9.94979079497908,0.164696803646067,0.107189304700788,0.218500143969195,"spline_ti_interaction",2024
10.2384937238494,0.16938960762082,0.110680058725836,0.224223373491627,"spline_ti_interaction",2024
10.5271966527197,0.174040090542613,0.114173084373448,0.229861093633261,"spline_ti_interaction",2024
10.81589958159,0.178648011627966,0.117667528199703,0.235413962011154,"spline_ti_interaction",2024
11.1046025104602,0.183213145605292,0.121162456891686,0.240882719743142,"spline_ti_interaction",2024
11.3933054393305,0.18773528300949,0.1246568629437,0.246268186112211,"spline_ti_interaction",2024
11.6820083682008,0.192214228218391,0.128149690781915,0.251571231673912,"spline_ti_interaction",2024
11.9707112970711,0.196649799764787,0.131639839467508,0.256792776142327,"spline_ti_interaction",2024
12.2594142259414,0.201041830248785,0.135126168190989,0.261933783246694,"spline_ti_interaction",2024
12.5481171548117,0.205390167241758,0.138607495538441,0.266995262849702,"spline_ti_interaction",2024
12.836820083682,0.209694676308976,0.142082579280775,0.271978293515986,"spline_ti_interaction",2024
13.1255230125523,0.21395523706648,0.145550148206546,0.276883987938743,"spline_ti_interaction",2024
13.4142259414226,0.218171740576266,0.149008927663218,0.281713466681776,"spline_ti_interaction",2024
13.7029288702929,0.222344091593593,0.15245763289093,0.286467868335402,"spline_ti_interaction",2024
13.9916317991632,0.226472211501295,0.155894961449909,0.291148361574209,"spline_ti_interaction",2024
14.2803347280335,0.230556037140737,0.159319604501413,0.295756133780853,"spline_ti_interaction",2024
14.5690376569038,0.234595523544537,0.162730244002752,0.300292398737992,"spline_ti_interaction",2024
14.8577405857741,0.238590644046234,0.166125559627792,0.304758391353075,"spline_ti_interaction",2024
15.1464435146443,0.242541387926061,0.169504243112225,0.309155351792473,"spline_ti_interaction",2024
15.4351464435146,0.246447763254903,0.1728649977901,0.31348453156207,"spline_ti_interaction",2024
15.7238493723849,0.250309801514495,0.176206535333141,0.317747205080679,"spline_ti_interaction",2024
16.0125523012552,0.254127553506577,0.179527592276528,0.321944648959376,"spline_ti_interaction",2024
16.3012552301255,0.257901080301989,0.182826953113521,0.326078107060402,"spline_ti_interaction",2024
16.5899581589958,0.261630457855922,0.186103446431968,0.330148802847235,"spline_ti_interaction",2024
16.8786610878661,0.265315777885086,0.189355947363115,0.334157939642131,"spline_ti_interaction",2024
17.1673640167364,0.268957148755853,0.19258338068487,0.338106700344511,"spline_ti_interaction",2024
17.4560669456067,0.272554694681502,0.195784725344133,0.341996242913485,"spline_ti_interaction",2024
17.744769874477,0.276108559781749,0.198959014337883,0.345827708443513,"spline_ti_interaction",2024
18.0334728033473,0.27961890508127,0.202105339896389,0.349602212090352,"spline_ti_interaction",2024
18.3221757322176,0.283085906855243,0.205222856751165,0.353320838029369,"spline_ti_interaction",2024
18.6108786610879,0.286509756882267,0.208310783320167,0.356984639554496,"spline_ti_interaction",2024
18.8995815899582,0.289890659780774,0.211368403037898,0.360594633782069,"spline_ti_interaction",2024
19.1882845188284,0.293228829975485,0.21439506480918,0.364151796403253,"spline_ti_interaction",2024
19.4769874476987,0.296524494248231,0.217390181889966,0.367657067748252,"spline_ti_interaction",2024
19.765690376569,0.299777893533151,0.220353230693354,0.371111357492171,"spline_ti_interaction",2024
20.0543933054393,0.302989279998093,0.223283748789335,0.374515541498811,"spline_ti_interaction",2024
20.3430962343096,0.306158918585211,0.226181333632662,0.377870466063025,"spline_ti_interaction",2024
20.6317991631799,0.309287095582046,0.229045642138744,0.381176964025484,"spline_ti_interaction",2024
20.9205020920502,0.312374112012821,0.231876385996693,0.384435847030058,"spline_ti_interaction",2024
21.2092050209205,0.315420274030846,0.234673325610954,0.3876478935193,"spline_ti_interaction",2024
21.4979079497908,0.318425899728194,0.237436269846393,0.390813861462115,"spline_ti_interaction",2024
21.7866108786611,0.32139131658179,0.240165071361672,0.393934487802688,"spline_ti_interaction",2024
22.0753138075314,0.32431686388248,0.242859624666564,0.397010494609341,"spline_ti_interaction",2024
22.3640167364017,0.327202899797094,0.245519866271158,0.400042601778933,"spline_ti_interaction",2024
22.652719665272,0.330049794281461,0.248145766848338,0.403031520803081,"spline_ti_interaction",2024
22.9414225941423,0.332857930514468,0.250737328902769,0.405977959337466,"spline_ti_interaction",2024
23.2301255230125,0.33562770423411,0.253294582150697,0.408882623816292,"spline_ti_interaction",2024
23.5188284518828,0.33835951672672,0.255817575690269,0.41174621328614,"spline_ti_interaction",2024
23.8075313807531,0.341053775480637,0.258306376758405,0.414569421656082,"spline_ti_interaction",2024
24.0962343096234,0.343710895744737,0.260761069442482,0.417352941572842,"spline_ti_interaction",2024
24.3849372384937,0.34633130434644,0.263181754983618,0.420097471028385,"spline_ti_interaction",2024
24.673640167364,0.348915432009643,0.265568543791462,0.42280370606182,"spline_ti_interaction",2024
24.9623430962343,0.351463713260072,0.267921553879029,0.42547234186852,"spline_ti_interaction",2024
25.2510460251046,0.353976588400636,0.27024091091498,0.428104076294884,"spline_ti_interaction",2024
25.5397489539749,0.35645450042044,0.27252674446286,0.430699607337027,"spline_ti_interaction",2024
25.8284518828452,0.358897891702526,0.274779184443593,0.433259630105724,"spline_ti_interaction",2024
26.1171548117155,0.361307206126354,0.276998362213354,0.435784839720513,"spline_ti_interaction",2024
26.4058577405858,0.363682888772498,0.279184409786231,0.43827593140593,"spline_ti_interaction",2024
26.6945606694561,0.366025386577929,0.28133746002314,0.440733601508427,"spline_ti_interaction",2024
26.9832635983264,0.368335149506879,0.283457647532656,0.443158548863753,"spline_ti_interaction",2024
27.2719665271966,0.370612630797713,0.285545109015623,0.445551474963536,"spline_ti_interaction",2024
27.5606694560669,0.372858286975594,0.287599983516958,0.44791308378002,"spline_ti_interaction",2024
27.8493723849372,0.375072574639327,0.289622409919423,0.450244078049221,"spline_ti_interaction",2024
28.1380753138075,0.377255948534123,0.291612525651184,0.452545156882357,"spline_ti_interaction",2024
28.4267782426778,0.379408864670707,0.293570470719054,0.454817018137228,"spline_ti_interaction",2024
28.7154811715481,0.381531780304035,0.295496388564295,0.45706035772564,"spline_ti_interaction",2024
29.0041841004184,0.383625153196168,0.29739042641087,0.45927586805896,"spline_ti_interaction",2024
29.2928870292887,0.385689442349617,0.299252737302306,0.461464237779653,"spline_ti_interaction",2024
29.581589958159,0.387725110130209,0.301083483958093,0.463626152536669,"spline_ti_interaction",2024
29.8702928870293,0.389732617775505,0.302882834944934,0.465762290076849,"spline_ti_interaction",2024
30.1589958158996,0.391712424905725,0.304650965481873,0.467873318799543,"spline_ti_interaction",2024
30.4476987447699,0.393664992508288,0.306388062659977,0.469959899018074,"spline_ti_interaction",2024
30.7364016736402,0.395590780745704,0.308094324060775,0.472022680224875,"spline_ti_interaction",2024
31.0251046025105,0.397490247285254,0.309769956914135,0.474062298862838,"spline_ti_interaction",2024
31.3138075313807,0.399363848300711,0.31141518069514,0.476079378147881,"spline_ti_interaction",2024
31.602510460251,0.401212038250238,0.313030227983279,0.478074527087478,"spline_ti_interaction",2024
31.8912133891213,0.403035269469854,0.314615344957915,0.480048339461222,"spline_ti_interaction",2024
32.1799163179916,0.404833991975858,0.316170792023991,0.482001393073254,"spline_ti_interaction",2024
32.4686192468619,0.406608653162572,0.317696844154488,0.483934249043305,"spline_ti_interaction",2024
32.7573221757322,0.408359698375835,0.319193792466242,0.485847451694136,"spline_ti_interaction",2024
33.0460251046025,0.410087572233554,0.320661947015707,0.487741528824165,"spline_ti_interaction",2024
33.3347280334728,0.411792717514197,0.322101635481531,0.489616990866915,"spline_ti_interaction",2024
33.6234309623431,0.413475576538581,0.323513205957281,0.49147433128602,"spline_ti_interaction",2024
33.9121338912134,0.415136590818245,0.324897026664279,0.493314026289142,"spline_ti_interaction",2024
34.2008368200837,0.416776201624818,0.326253487173998,0.49513653500865,"spline_ti_interaction",2024
34.489539748954,0.41839484882817,0.327582996381562,0.496942299124912,"spline_ti_interaction",2024
34.7782426778243,0.419992969622756,0.328885980036766,0.498731742624809,"spline_ti_interaction",2024
35.0669456066946,0.421570997758018,0.33016287895256,0.500505271921234,"spline_ti_interaction",2024
35.3556485355649,0.423129364138281,0.331414149515798,0.502263276618106,"spline_ti_interaction",2024
35.6443514644351,0.424668497019405,0.332640263276939,0.504006130266037,"spline_ti_interaction",2024
35.9330543933054,0.42618882296093,0.333841707672636,0.50573419157686,"spline_ti_interaction",2024
36.2217573221757,0.427690765521641,0.335018982725745,0.507447804733168,"spline_ti_interaction",2024
36.510460251046,0.429174744171898,0.336172598134165,0.509147299771946,"spline_ti_interaction",2024
36.7991631799163,0.430641174094191,0.337303071905684,0.510832993342766,"spline_ti_interaction",2024
37.0878661087866,0.432090466182804,0.338410929028343,0.512505189774694,"spline_ti_interaction",2024
37.3765690376569,0.433523027211877,0.339496700088462,0.514164182461808,"spline_ti_interaction",2024
37.6652719665272,0.434939259666438,0.340560919523791,0.515810254927964,"spline_ti_interaction",2024
37.9539748953975,0.436339561542596,0.341604123471969,0.517443682124176,"spline_ti_interaction",2024
38.2426778242678,0.437724326209724,0.342626847702594,0.519064731756377,"spline_ti_interaction",2024
38.5313807531381,0.439093942771906,0.343629628136964,0.520673664562032,"spline_ti_interaction",2024
38.8200836820084,0.440448795891224,0.3446129989725,0.52227073541478,"spline_ti_interaction",2024
39.1087866108787,0.441789264932595,0.345577487973413,0.523856195320137,"spline_ti_interaction",2024
39.397489539749,0.443115723760462,0.346523614295746,0.525430292651483,"spline_ti_interaction",2024
39.6861924686192,0.444428540984999,0.347451887982856,0.526993273924379,"spline_ti_interaction",2024
39.9748953974895,0.445728080319912,0.348362809812578,0.528545384499173,"spline_ti_interaction",2024
40.2635983263598,0.447014698835281,0.349256864112619,0.530086870778525,"spline_ti_interaction",2024
40.5523012552301,0.448288747526772,0.350134519842717,0.531617980336623,"spline_ti_interaction",2024
40.8410041841004,0.449550571258677,0.350996229657877,0.533138962440966,"spline_ti_interaction",2024
41.1297071129707,0.450800509048465,0.351842430066108,0.534650068358859,"spline_ti_interaction",2024
41.418410041841,0.452038892239836,0.352673535294796,0.536151552594893,"spline_ti_interaction",2024
41.7071129707113,0.453266043846641,0.353489934886892,0.537643673406992,"spline_ti_interaction",2024
41.9958158995816,0.454482280667392,0.354292000022985,0.539126691760915,"spline_ti_interaction",2024
42.2845188284519,0.455687913578332,0.355080084487913,0.540600871056281,"spline_ti_interaction",2024
42.5732217573222,0.456883245663838,0.355854519483577,0.542066477584909,"spline_ti_interaction",2024
42.8619246861925,0.45806857160266,0.356615612307781,0.54352378033569,"spline_ti_interaction",2024
43.1506276150628,0.459244180697517,0.357363655647817,0.544973049409035,"spline_ti_interaction",2024
43.4393305439331,0.460410356898741,0.358098928282221,0.546414555496871,"spline_ti_interaction",2024
43.7280334728033,0.46156737995583,0.358821698918935,0.547848569050412,"spline_ti_interaction",2024
44.0167364016736,0.462715523590163,0.359532221957302,0.549275360154422,"spline_ti_interaction",2024
44.3054393305439,0.463855055865715,0.360230739286313,0.550695197827897,"spline_ti_interaction",2024
44.5941422594142,0.464986237835423,0.360917477726556,0.552108349501973,"spline_ti_interaction",2024
44.8828451882845,0.466109323481203,0.361592649935711,0.553515080230522,"spline_ti_interaction",2024
45.1715481171548,0.467224561471239,0.362256459956171,0.554915651705377,"spline_ti_interaction",2024
45.4602510460251,0.468332196942202,0.362909108554207,0.556310321488318,"spline_ti_interaction",2024
45.7489539748954,0.46943247266656,0.363550796765908,0.557699342492254,"spline_ti_interaction",2024
46.0376569037657,0.470525629186938,0.364181726780011,0.559082962607948,"spline_ti_interaction",2024
46.326359832636,0.471611901699903,0.364802095273977,0.560461424151554,"spline_ti_interaction",2024
46.6150627615063,0.472691518655356,0.365412091028203,0.561834963183403,"spline_ti_interaction",2024
46.9037656903766,0.473764703041571,0.366011898776508,0.563203808982362,"spline_ti_interaction",2024
47.1924686192469,0.474831672275856,0.366601699795522,0.564568183470753,"spline_ti_interaction",2024
47.4811715481172,0.475892637729935,0.367181671682266,0.565928300597885,"spline_ti_interaction",2024
47.7698744769874,0.476947804579249,0.36775198885963,0.56728436576493,"spline_ti_interaction",2024
48.0585774058577,0.477997368330679,0.368312816183455,0.568636574477609,"spline_ti_interaction",2024
48.347280334728,0.479041513705478,0.368864307720766,0.569985111344004,"spline_ti_interaction",2024
48.6359832635983,0.480080418012699,0.369406614702099,0.571330150242301,"spline_ti_interaction",2024
48.9246861924686,0.481114253492014,0.3699398909781,0.572671854520167,"spline_ti_interaction",2024
49.2133891213389,0.482143186891424,0.370464292723248,0.574010376562997,"spline_ti_interaction",2024
49.5020920502092,0.483167376048144,0.370979972212783,0.575345856441761,"spline_ti_interaction",2024
49.7907949790795,0.484186975089171,0.371487088414329,0.576678423365383,"spline_ti_interaction",2024
50.0794979079498,0.485202133942399,0.371985806257423,0.578008195454751,"spline_ti_interaction",2024
50.3682008368201,0.486212996683129,0.372476293557967,0.579335279181656,"spline_ti_interaction",2024
50.6569037656904,0.487219703937917,0.372958725642284,0.580659770285691,"spline_ti_interaction",2024
50.9456066945607,0.488222390754288,0.373433281187127,0.581981753161902,"spline_ti_interaction",2024
51.234309623431,0.489221187156201,0.373900143080304,0.58330130127536,"spline_ti_interaction",2024
51.5230125523013,0.490216217716474,0.374359497307438,0.584618477287105,"spline_ti_interaction",2024
51.8117154811715,0.491207602777683,0.374811534884214,0.585933333841518,"spline_ti_interaction",2024
52.1004184100418,0.492195457798689,0.37525645010598,0.587245913744885,"spline_ti_interaction",2024
52.3891213389121,0.493179890593795,0.375694434582909,0.588556249491533,"spline_ti_interaction",2024
52.6778242677824,0.494161002336958,0.376125678419534,0.589864364174269,"spline_ti_interaction",2024
52.9665271966527,0.495138892266487,0.376550378718439,0.591170273585266,"spline_ti_interaction",2024
53.255230125523,0.496113657886449,0.376968739339928,0.592473986779448,"spline_ti_interaction",2024
53.5439330543933,0.497085395200072,0.3773809707094,0.593775506654135,"spline_ti_interaction",2024
53.8326359832636,0.498054198116043,0.37778728783195,0.595074830356598,"spline_ti_interaction",2024
54.1213389121339,0.499020155426887,0.378187903055037,0.596371949176289,"spline_ti_interaction",2024
54.4100418410042,0.499983352247506,0.378583028002225,0.597666849642246,"spline_ti_interaction",2024
54.6987447698745,0.500943871056253,0.378972874797335,0.598959514441433,"spline_ti_interaction",2024
54.9874476987448,0.501901792356894,0.379357656555659,0.600249923199891,"spline_ti_interaction",2024
55.2761506276151,0.502857194183634,0.379737585286673,0.60153805306872,"spline_ti_interaction",2024
55.5648535564854,0.503810149284462,0.380112864174014,0.602823879180771,"spline_ti_interaction",2024
55.8535564853556,0.504760724997194,0.380483685896244,0.604107375509358,"spline_ti_interaction",2024
56.1422594142259,0.505708984903061,0.380850235259411,0.605388515801296,"spline_ti_interaction",2024
56.4309623430962,0.506654988527536,0.381212687250576,0.606667274312191,"spline_ti_interaction",2024
56.7196652719665,0.507598791939578,0.381571207417787,0.607943626481247,"spline_ti_interaction",2024
57.0083682008368,0.508540448451645,0.381925952642659,0.609217549513986,"spline_ti_interaction",2024
57.2970711297071,0.509480008979397,0.382277071193226,0.610489022876927,"spline_ti_interaction",2024
57.5857740585774,0.510417523067995,0.382624704750563,0.611758028603922,"spline_ti_interaction",2024
57.8744769874477,0.511353038666416,0.382968987048545,0.613024551750804,"spline_ti_interaction",2024
58.163179916318,0.512286601470194,0.383310041226449,0.614288580961252,"spline_ti_interaction",2024
58.4518828451883,0.513218254483579,0.383647977724504,0.61555010902179,"spline_ti_interaction",2024
58.7405857740586,0.514148037926773,0.383982893207247,0.616809133305742,"spline_ti_interaction",2024
59.0292887029289,0.515075988393075,0.384314867066529,0.618065656527128,"spline_ti_interaction",2024
59.3179916317992,0.516002137559879,0.384643956529603,0.619319687630767,"spline_ti_interaction",2024
59.6066945606695,0.516926515524341,0.384970206884514,0.62057124058763,"spline_ti_interaction",2024
59.8953974895397,0.517849150469575,0.385293649947127,0.62182033472907,"spline_ti_interaction",2024
60.18410041841,0.518770068139954,0.385614302008244,0.62306699508957,"spline_ti_interaction",2024
60.4728033472803,0.519689292807277,0.385932166929763,0.624311251917365,"spline_ti_interaction",2024
60.7615062761506,0.520606847063204,0.386247235248213,0.62555314080642,"spline_ti_interaction",2024
61.0502092050209,0.521522751446206,0.386559482738445,0.626792702892179,"spline_ti_interaction",2024
61.3389121338912,0.522437024560794,0.386868870782394,0.628029984709184,"spline_ti_interaction",2024
61.6276150627615,0.523349683408087,0.387175347659977,0.629265037821761,"spline_ti_interaction",2024
61.9163179916318,0.52426074316275,0.387478847810716,0.630497918827597,"spline_ti_interaction",2024
62.2050209205021,0.525170218206476,0.387779296046944,0.631728688327121,"spline_ti_interaction",2024
62.4937238493724,0.526078121502324,0.388076605291059,0.63295741123675,"spline_ti_interaction",2024
62.7824267782427,0.526984464170531,0.388370675191342,0.634184156873061,"spline_ti_interaction",2024
63.071129707113,0.527889256481449,0.388661396511863,0.635408997773255,"spline_ti_interaction",2024
63.3598326359833,0.528792507192188,0.388948648759142,0.636632010014647,"spline_ti_interaction",2024
63.6485355648536,0.529694223534363,0.389232300647246,0.637853272837867,"spline_ti_interaction",2024
63.9372384937238,0.530594412228415,0.389512214862081,0.639072867311491,"spline_ti_interaction",2024
64.2259414225941,0.531493079251347,0.389788247576303,0.640290876212138,"spline_ti_interaction",2024
64.5146443514644,0.532390230329551,0.390060251076736,0.641507383184565,"spline_ti_interaction",2024
64.8033472803347,0.533285870482685,0.390328072269862,0.642722472884596,"spline_ti_interaction",2024
65.092050209205,0.534180004460199,0.390591555147303,0.643936230163089,"spline_ti_interaction",2024
65.3807531380753,0.535072636916029,0.390850542012939,0.645148739590924,"spline_ti_interaction",2024
65.6694560669456,0.535963771618368,0.391104870440874,0.646360086002724,"spline_ti_interaction",2024
65.9581589958159,0.53685341145339,0.391354373957038,0.647570354071317,"spline_ti_interaction",2024
66.2468619246862,0.537741559224745,0.391598886194284,0.648779627092848,"spline_ti_interaction",2024
66.5355648535565,0.538628217623804,0.391838241202034,0.649987986759124,"spline_ti_interaction",2024
66.8242677824268,0.539513388786912,0.392072271932107,0.651195513354127,"spline_ti_interaction",2024
67.1129707112971,0.54039707466885,0.392300812491435,0.652402285020378,"spline_ti_interaction",2024
67.4016736401674,0.541279277223067,0.392523699392615,0.653608377323364,"spline_ti_interaction",2024
67.6903765690377,0.542159998401774,0.392740771942437,0.654813863045004,"spline_ti_interaction",2024
67.979079497908,0.543039240155944,0.39295187260919,0.656018811993096,"spline_ti_interaction",2024
68.2677824267782,0.543917004433492,0.393156847361274,0.65722329082824,"spline_ti_interaction",2024
68.5564853556485,0.54479329297849,0.393355545074306,0.658427363120384,"spline_ti_interaction",2024
68.8451882845188,0.545668107138962,0.393547817076476,0.659631089337304,"spline_ti_interaction",2024
69.1338912133891,0.546541447945591,0.393733517938439,0.660834526540094,"spline_ti_interaction",2024
69.4225941422594,0.547413315984065,0.393912505314942,0.662037728306903,"spline_ti_interaction",2024
69.7112970711297,0.548283710869891,0.394084637967117,0.663240745075542,"spline_ti_interaction",2024
70,0.549152631158972,0.394249776073938,0.664443623852975,"spline_ti_interaction",2024
1,0,0,0,"spline_ti_interaction",2025
1.28870292887029,0.00593138463866738,0.00359959285956313,0.0082577195222685,"spline_ti_interaction",2025
1.57740585774059,0.0118275830366446,0.007186259677056,0.0164472085876176,"spline_ti_interaction",2025
1.86610878661088,0.0176887715022654,0.0107601737105528,0.0245688416608566,"spline_ti_interaction",2025
2.15481171548117,0.0235150719701798,0.0143216712803953,0.0326227260083637,"spline_ti_interaction",2025
2.44351464435146,0.0293065439612251,0.017871267239202,0.0406086756592333,"spline_ti_interaction",2025
2.73221757322176,0.0350631806420695,0.0214096560349437,0.0485262080351699,"spline_ti_interaction",2025
3.02092050209205,0.0407849261819698,0.0249376548208418,0.0563746386179328,"spline_ti_interaction",2025
3.30962343096234,0.0464716797877378,0.0284561804294657,0.0641531147316313,"spline_ti_interaction",2025
3.59832635983264,0.0521232854053451,0.0319662566455587,0.0718605913907837,"spline_ti_interaction",2025
3.88702928870293,0.0577395252607807,0.035469007396402,0.0794958284760181,"spline_ti_interaction",2025
4.17573221757322,0.0633201238858089,0.0389656304891115,0.0870574267142734,"spline_ti_interaction",2025
4.46443514644351,0.0688647760245202,0.042457341272376,0.0945439376247242,"spline_ti_interaction",2025
4.75313807531381,0.074373161533067,0.0459453410579712,0.101953922597688,"spline_ti_interaction",2025
5.0418410041841,0.079844940485098,0.0494308016667494,0.109285957260692,"spline_ti_interaction",2025
5.33054393305439,0.0852797522260744,0.0529148451430653,0.116538647663647,"spline_ti_interaction",2025
5.61924686192469,0.0906772254483467,0.0563985237492746,0.123710666918659,"spline_ti_interaction",2025
5.90794979079498,0.0960369881978912,0.0598828265438198,0.130800766353166,"spline_ti_interaction",2025
6.19665271966527,0.101358668274527,0.0633686691398421,0.137807783619932,"spline_ti_interaction",2025
6.48535564853556,0.106641889079504,0.0668568649084076,0.144730658851066,"spline_ti_interaction",2025
6.77405857740586,0.111886272047616,0.0703481177673083,0.15156844314326,"spline_ti_interaction",2025
7.06276150627615,0.117091440030315,0.0738430169199958,0.15832030691453,"spline_ti_interaction",2025
7.35146443514644,0.122257019896443,0.0773420354494623,0.164985543156958,"spline_ti_interaction",2025
7.64016736401674,0.127382645380754,0.0808455363590449,0.171563564445532,"spline_ti_interaction",2025
7.92887029288703,0.132467959137688,0.0843537767964924,0.178053900239311,"spline_ti_interaction",2025
8.21757322175732,0.137512612892714,0.0878668855833551,0.184456214600975,"spline_ti_interaction",2025
8.50627615062761,0.142516267945273,0.0913848428732726,0.190770322318153,"spline_ti_interaction",2025
8.79497907949791,0.14747859690833,0.0949075141977863,0.196996158812202,"spline_ti_interaction",2025
9.0836820083682,0.152399284922928,0.0984346594660194,0.203133772008524,"spline_ti_interaction",2025
9.37238493723849,0.157278030814103,0.101965901659466,0.209183349874031,"spline_ti_interaction",2025
9.66108786610879,0.162114548283299,0.105500712040774,0.215145233038462,"spline_ti_interaction",2025
9.94979079497908,0.166908564724317,0.109038472355014,0.221019855521477,"spline_ti_interaction",2025
10.2384937238494,0.17165982111659,0.112578492453396,0.226807727649574,"spline_ti_interaction",2025
10.5271966527197,0.176368072551515,0.116120008072444,0.232509437810528,"spline_ti_interaction",2025
10.81589958159,0.181033090005856,0.119662163567705,0.238125669591234,"spline_ti_interaction",2025
11.1046025104602,0.185654659999123,0.123204024654167,0.243657188869308,"spline_ti_interaction",2025
11.3933054393305,0.19023258488073,0.126744584054634,0.249104838497825,"spline_ti_interaction",2025
11.6820083682008,0.194766680865998,0.130282787314884,0.254469511714358,"spline_ti_interaction",2025
11.9707112970711,0.19925677834137,0.133817535489403,0.259752150033976,"spline_ti_interaction",2025
12.2594142259414,0.203702721771106,0.137347690577032,0.264953738153336,"spline_ti_interaction",2025
12.5481171548117,0.208104370576569,0.14087207471631,0.270075306081037,"spline_ti_interaction",2025
12.836820083682,0.212461601878469,0.144389448616282,0.27511795230576,"spline_ti_interaction",2025
13.1255230125523,0.216774306605722,0.147898543288176,0.280082809434263,"spline_ti_interaction",2025
13.4142259414226,0.221042387131753,0.151398086830373,0.284971017353682,"spline_ti_interaction",2025
13.7029288702929,0.225265759516305,0.154886798021408,0.289783733146496,"spline_ti_interaction",2025
13.9916317991632,0.229444356422428,0.158363378981477,0.294522142904499,"spline_ti_interaction",2025
14.2803347280335,0.233578125944725,0.161826526374228,0.299187450433843,"spline_ti_interaction",2025
14.5690376569038,0.237667034324307,0.16527492875611,0.303780884776974,"spline_ti_interaction",2025
14.8577405857741,0.24171106605004,0.168707273477877,0.30830369494919,"spline_ti_interaction",2025
15.1464435146443,0.245710221506163,0.172122260854473,0.312757134250871,"spline_ti_interaction",2025
15.4351464435146,0.249664519797088,0.175518603793809,0.317142466231541,"spline_ti_interaction",2025
15.7238493723849,0.253574003339265,0.178895024697187,0.32146097606399,"spline_ti_interaction",2025
16.0125523012552,0.257438733778313,0.182250271726621,0.325713950089606,"spline_ti_interaction",2025
16.3012552301255,0.261258782970627,0.185583141435712,0.329902641381827,"spline_ti_interaction",2025
16.5899581589958,0.265034237572765,0.188892475016947,0.33402828194507,"spline_ti_interaction",2025
16.8786610878661,0.268765199907962,0.192177160714383,0.338092082988767,"spline_ti_interaction",2025
17.1673640167364,0.272451788843105,0.195436136873301,0.342095234677172,"spline_ti_interaction",2025
17.4560669456067,0.276094138982589,0.198668396354061,0.346038901709283,"spline_ti_interaction",2025
17.744769874477,0.279692404700811,0.2018729864418,0.349924231316767,"spline_ti_interaction",2025
18.0334728033473,0.283246757147125,0.205049013867198,0.353752344356122,"spline_ti_interaction",2025
18.3221757322176,0.286757382592476,0.208195647949414,0.357524330386813,"spline_ti_interaction",2025
18.6108786610879,0.290224482674306,0.2113121217109,0.36124124782061,"spline_ti_interaction",2025
18.8995815899582,0.293648271740293,0.214397733087235,0.364904118751891,"spline_ti_interaction",2025
19.1882845188284,0.297028973825459,0.21745184526225,0.368513923840898,"spline_ti_interaction",2025
19.4769874476987,0.300366825184709,0.220473885534711,0.372071608354155,"spline_ti_interaction",2025
19.765690376569,0.303662076072642,0.22346334410255,0.375578086859177,"spline_ti_interaction",2025
20.0543933054393,0.306914987835195,0.226419771987447,0.379034240156804,"spline_ti_interaction",2025
20.3430962343096,0.310125834436485,0.229342779736522,0.382440919519001,"spline_ti_interaction",2025
20.6317991631799,0.313294910974561,0.232232037065165,0.385798962630771,"spline_ti_interaction",2025
20.9205020920502,0.316422527102374,0.235087268099563,0.389109185969299,"spline_ti_interaction",2025
21.2092050209205,0.319508997471134,0.237908245226261,0.392372372982537,"spline_ti_interaction",2025
21.4979079497908,0.322554648496418,0.240694788877608,0.395589286690887,"spline_ti_interaction",2025
21.7866108786611,0.325559815814725,0.243446762858781,0.398760669159675,"spline_ti_interaction",2025
22.0753138075314,0.328524846693286,0.246164072422349,0.40188724759098,"spline_ti_interaction",2025
22.3640167364017,0.331450107042395,0.248846664469741,0.404969746878506,"spline_ti_interaction",2025
22.652719665272,0.334335974365614,0.251494519719745,0.408008883438145,"spline_ti_interaction",2025
22.9414225941423,0.33718283918498,0.254107650394191,0.411005369738594,"spline_ti_interaction",2025
23.2301255230125,0.339991104573407,0.256686095302179,0.413959917486918,"spline_ti_interaction",2025
23.5188284518828,0.342761179234484,0.259229911918761,0.416873231693079,"spline_ti_interaction",2025
23.8075313807531,0.345493477905328,0.261739175571061,0.419746012128134,"spline_ti_interaction",2025
24.0962343096234,0.348188422885373,0.264213978235366,0.42257895706999,"spline_ti_interaction",2025
24.3849372384937,0.350846447824882,0.266654428903304,0.425372769796125,"spline_ti_interaction",2025
24.673640167364,0.353467990091853,0.269060645659392,0.428128151325282,"spline_ti_interaction",2025
24.9623430962343,0.356053490676551,0.27143275416037,0.430845801485385,"spline_ti_interaction",2025
25.2510460251046,0.358603396151279,0.273770887731719,0.433526422338328,"spline_ti_interaction",2025
25.5397489539749,0.361118155599501,0.27607518365453,0.436170715675816,"spline_ti_interaction",2025
25.8284518828452,0.363598217346745,0.278345779667327,0.43877937999512,"spline_ti_interaction",2025
26.1171548117155,0.366044031047913,0.28058281506896,0.441353113342013,"spline_ti_interaction",2025
26.4058577405858,0.36845604739372,0.282786429968564,0.443892613386999,"spline_ti_interaction",2025
26.6945606694561,0.370834718760651,0.284956765495635,0.44639857841411,"spline_ti_interaction",2025
26.9832635983264,0.373180500372211,0.287093964714263,0.448871708659116,"spline_ti_interaction",2025
27.2719665271966,0.375493850542758,0.289198172977401,0.451312706463385,"spline_ti_interaction",2025
27.5606694560669,0.377775230688832,0.291269538184607,0.453722276092625,"spline_ti_interaction",2025
27.8493723849372,0.380025102140216,0.293308208287332,0.456101120058673,"spline_ti_interaction",2025
28.1380753138075,0.382243924228259,0.295314329999708,0.458449936760112,"spline_ti_interaction",2025
28.4267782426778,0.384432157380656,0.297288052800013,0.460769422838354,"spline_ti_interaction",2025
28.7154811715481,0.38659026309996,0.299229529768951,0.463060272503039,"spline_ti_interaction",2025
29.0041841004184,0.388718703232145,0.301138917917274,0.465323176010023,"spline_ti_interaction",2025
29.2928870292887,0.390817940693762,0.303016380186537,0.467558819416863,"spline_ti_interaction",2025
29.581589958159,0.39288844157651,0.304862089249554,0.46976788537761,"spline_ti_interaction",2025
29.8702928870293,0.394930670692615,0.306676223677409,0.471951048310588,"spline_ti_interaction",2025
30.1589958158996,0.396945091090581,0.308458968705892,0.474108973000216,"spline_ti_interaction",2025
30.4476987447699,0.398932167014602,0.310210521377317,0.476242315885794,"spline_ti_interaction",2025
30.7364016736402,0.400892361731244,0.311931089130144,0.47835172239041,"spline_ti_interaction",2025
31.0251046025105,0.402826135874373,0.313620888925355,0.480437824751999,"spline_ti_interaction",2025
31.3138075313807,0.404733948439108,0.315280149782435,0.482501241889942,"spline_ti_interaction",2025
31.602510460251,0.406616256562462,0.316909113591191,0.484542578474364,"spline_ti_interaction",2025
31.8912133891213,0.408473515121363,0.318508035563985,0.486562423956903,"spline_ti_interaction",2025
32.1799163179916,0.410306176537891,0.320077184817843,0.488561351870213,"spline_ti_interaction",2025
32.4686192468619,0.412114690480923,0.321616844678292,0.490539919163466,"spline_ti_interaction",2025
32.7573221757322,0.413899504435474,0.323127314206971,0.492498666128742,"spline_ti_interaction",2025
33.0460251046025,0.415661065011732,0.324608910940061,0.49443811670882,"spline_ti_interaction",2025
33.3347280334728,0.417399816844563,0.32606196954923,0.49635877769693,"spline_ti_interaction",2025
33.6234309623431,0.419116203962885,0.327486844585773,0.498261139158453,"spline_ti_interaction",2025
33.9121338912134,0.42081066944174,0.32888391016888,0.500145674175476,"spline_ti_interaction",2025
34.2008368200837,0.422483655966528,0.330253561180086,0.502012839047781,"spline_ti_interaction",2025
34.489539748954,0.424135604682814,0.331596211231459,0.503863072941282,"spline_ti_interaction",2025
34.7782426778243,0.42576695393604,0.332912290197145,0.505696797667966,"spline_ti_interaction",2025
35.0669456066946,0.427378138510863,0.334202242425223,0.507514417817098,"spline_ti_interaction",2025
35.3556485355649,0.428969590226519,0.335466527252732,0.509316321511947,"spline_ti_interaction",2025
35.6443514644351,0.430541738132753,0.336705618615922,0.511102881148797,"spline_ti_interaction",2025
35.9330543933054,0.432095009453354,0.337920005818107,0.512874454564501,"spline_ti_interaction",2025
36.2217573221757,0.433629828296057,0.339110190229804,0.514631385362874,"spline_ti_interaction",2025
36.510460251046,0.435146614577589,0.340276682379345,0.516374003311158,"spline_ti_interaction",2025
36.7991631799163,0.436645783828124,0.341420000599911,0.518102625090765,"spline_ti_interaction",2025
37.0878661087866,0.438127747192832,0.342540669751501,0.519817555322735,"spline_ti_interaction",2025
37.3765690376569,0.439592911600017,0.343639219924775,0.521519087881892,"spline_ti_interaction",2025
37.6652719665272,0.441041679595776,0.344716184733568,0.523207506930293,"spline_ti_interaction",2025
37.9539748953975,0.44247444914824,0.345772099244562,0.524883088150724,"spline_ti_interaction",2025
38.2426778242678,0.443891613513221,0.346807497990451,0.526546100009569,"spline_ti_interaction",2025
38.5313807531381,0.44529356159368,0.347822915385879,0.528196804106536,"spline_ti_interaction",2025
38.8200836820084,0.446680677766827,0.348818883920928,0.529835456224437,"spline_ti_interaction",2025
39.1087866108787,0.44805334104049,0.349795929684237,0.531462308151011,"spline_ti_interaction",2025
39.397489539749,0.449411924854389,0.350754570269428,0.533077608850708,"spline_ti_interaction",2025
39.6861924686192,0.450756797325623,0.35169531427273,0.534681605230733,"spline_ti_interaction",2025
39.9748953974895,0.452088321556051,0.352618660926651,0.536274542907002,"spline_ti_interaction",2025
40.2635983263598,0.453406853853093,0.353525092979489,0.537856668263081,"spline_ti_interaction",2025
40.5523012552301,0.454712744386572,0.35441507808735,0.539428228507087,"spline_ti_interaction",2025
40.8410041841004,0.456006337148368,0.355289067969642,0.540989472148735,"spline_ti_interaction",2025
41.1297071129707,0.457287970236189,0.356147498567662,0.542540649302255,"spline_ti_interaction",2025
41.418410041841,0.458557974050842,0.356990784160118,0.544082012757762,"spline_ti_interaction",2025
41.7071129707113,0.459816670651249,0.357819315066836,0.545613818427643,"spline_ti_interaction",2025
41.9958158995816,0.461064375846963,0.358633463735302,0.547136324459948,"spline_ti_interaction",2025
42.2845188284519,0.462301399490302,0.359433585679247,0.548649790987456,"spline_ti_interaction",2025
42.5732217573222,0.46352804363213,0.360220014492385,0.550154480464371,"spline_ti_interaction",2025
42.8619246861925,0.464744601918945,0.360993060587543,0.551650657443043,"spline_ti_interaction",2025
43.1506276150628,0.465951362588451,0.361753020159103,0.553138587209251,"spline_ti_interaction",2025
43.4393305439331,0.467148608495179,0.36250017586518,0.554618535285152,"spline_ti_interaction",2025
43.7280334728033,0.468336618249817,0.363234800533856,0.556090766689158,"spline_ti_interaction",2025
44.0167364016736,0.469515664416839,0.363957153074114,0.557555545732127,"spline_ti_interaction",2025
44.3054393305439,0.470686013883034,0.364667480214502,0.55901313536788,"spline_ti_interaction",2025
44.5941422594142,0.47184792652363,0.36536601402782,0.560463796640073,"spline_ti_interaction",2025
44.8828451882845,0.47300165514604,0.366052972804584,0.561907787930674,"spline_ti_interaction",2025
45.1715481171548,0.474147447227311,0.366728566412138,0.563345364102567,"spline_ti_interaction",2025
45.4602510460251,0.475285546675272,0.3673930014544,0.564776775848423,"spline_ti_interaction",2025
45.7489539748954,0.476416194981978,0.368046484698407,0.566202269250262,"spline_ti_interaction",2025
46.0376569037657,0.477539631357288,0.368689223922598,0.56762208543576,"spline_ti_interaction",2025
46.326359832636,0.478656089655141,0.369321421448467,0.56903645993827,"spline_ti_interaction",2025
46.6150627615063,0.479765796993996,0.369943271817664,0.570445622002834,"spline_ti_interaction",2025
46.9037656903766,0.480868975027368,0.370554965513958,0.571849794145748,"spline_ti_interaction",2025
47.1924686192469,0.481965839838292,0.371156689521111,0.573249191614871,"spline_ti_interaction",2025
47.4811715481172,0.483056601473532,0.371748627091959,0.574644021797929,"spline_ti_interaction",2025
47.7698744769874,0.484141463797523,0.37233095822267,0.576034483683573,"spline_ti_interaction",2025
48.0585774058577,0.485220621070745,0.37290385341323,0.577420766475524,"spline_ti_interaction",2025
48.347280334728,0.486294256852301,0.373467472455812,0.578803048618545,"spline_ti_interaction",2025
48.6359832635983,0.487362547330638,0.374021972155212,0.580181498088471,"spline_ti_interaction",2025
48.9246861924686,0.488425663636488,0.37456751162637,0.581556272674111,"spline_ti_interaction",2025
49.2133891213389,0.489483771428703,0.37510425198606,0.582927519569478,"spline_ti_interaction",2025
49.5020920502092,0.490537027526215,0.375632350262608,0.58429537399801,"spline_ti_interaction",2025
49.7907949790795,0.491585585037769,0.376151969722554,0.585659960765716,"spline_ti_interaction",2025
50.0794979079498,0.492629592881656,0.376663279141599,0.587021394046972,"spline_ti_interaction",2025
50.3682008368201,0.493669194157998,0.377166449789305,0.588379776815355,"spline_ti_interaction",2025
50.6569037656904,0.494704528519974,0.377661659943053,0.589735201795766,"spline_ti_interaction",2025
50.9456066945607,0.495735730076269,0.378149090809953,0.591087750835786,"spline_ti_interaction",2025
51.234309623431,0.496762927940687,0.378628927366346,0.592437495325537,"spline_ti_interaction",2025
51.5230125523013,0.497786245813054,0.379101357265619,0.593784496316825,"spline_ti_interaction",2025
51.8117154811715,0.498805803184175,0.379566572734789,0.595128805310995,"spline_ti_interaction",2025
52.1004184100418,0.499821714693971,0.380024768861249,0.596470464421361,"spline_ti_interaction",2025
52.3891213389121,0.500834087414385,0.380476137749095,0.597809505864492,"spline_ti_interaction",2025
52.6778242677824,0.501843021841569,0.38092086968908,0.599145952855323,"spline_ti_interaction",2025
52.9665271966527,0.502848616531545,0.381359161518264,0.600479821715009,"spline_ti_interaction",2025
53.255230125523,0.503850968299326,0.381791216395672,0.60181112241351,"spline_ti_interaction",2025
53.5439330543933,0.504850172449452,0.38221724362835,0.603139859125747,"spline_ti_interaction",2025
53.8326359832636,0.505846322192147,0.38263745673749,0.604466030607245,"spline_ti_interaction",2025
54.1213389121339,0.506839505669733,0.383052066371651,0.605789630029652,"spline_ti_interaction",2025
54.4100418410042,0.507829807374759,0.38346128223171,0.607110646050614,"spline_ti_interaction",2025
54.6987447698745,0.508817309176202,0.383865314297137,0.608429063704333,"spline_ti_interaction",2025
54.9874476987448,0.509802090972044,0.384264373331509,0.60974486515338,"spline_ti_interaction",2025
55.2761506276151,0.510784230203019,0.384658668846662,0.611058030232633,"spline_ti_interaction",2025
55.5648535564854,0.511763799082156,0.385048401550191,0.612368536828603,"spline_ti_interaction",2025
55.8535564853556,0.512740864475044,0.385433761730731,0.613676361686984,"spline_ti_interaction",2025
56.1422594142259,0.51371548952892,0.385814931873519,0.614981481322172,"spline_ti_interaction",2025
56.4309623430962,0.514687733379946,0.386192084778406,0.616283872704924,"spline_ti_interaction",2025
56.7196652719665,0.515657651744362,0.386565383960648,0.617583513906661,"spline_ti_interaction",2025
57.0083682008368,0.516625297608438,0.386934984433967,0.618880384658053,"spline_ti_interaction",2025
57.2970711297071,0.517590721583387,0.387301032785148,0.620174466818008,"spline_ti_interaction",2025
57.5857740585774,0.518553972915627,0.387663669181781,0.621465744674005,"spline_ti_interaction",2025
57.8744769874477,0.519515099265439,0.388023026056589,0.622754205364516,"spline_ti_interaction",2025
58.163179916318,0.520474146061413,0.388379225530951,0.624039839400243,"spline_ti_interaction",2025
58.4518828451883,0.52143115607095,0.388732377371906,0.62532264117818,"spline_ti_interaction",2025
58.7405857740586,0.522386169310205,0.389082577956237,0.626602609395154,"spline_ti_interaction",2025
59.0292887029289,0.52333922221676,0.389429906862792,0.62787974774607,"spline_ti_interaction",2025
59.3179916317992,0.524290346384235,0.389774422099124,0.629154065744535,"spline_ti_interaction",2025
59.6066945606695,0.525239571842613,0.39011617013082,0.630425577617736,"spline_ti_interaction",2025
59.8953974895397,0.526186926730882,0.390455184388481,0.631694302615795,"spline_ti_interaction",2025
60.18410041841,0.527132436782252,0.390791483265112,0.632960265326038,"spline_ti_interaction",2025
60.4728033472803,0.528076126274488,0.391125073152874,0.634223495217088,"spline_ti_interaction",2025
60.7615062761506,0.529018017826603,0.391455947568795,0.635484026759001,"spline_ti_interaction",2025
61.0502092050209,0.529958132033088,0.391784085750943,0.636741899602199,"spline_ti_interaction",2025
61.3389121338912,0.530896487581899,0.392109453019801,0.63799715844213,"spline_ti_interaction",2025
61.6276150627615,0.531833101579957,0.392432002039954,0.639249852671377,"spline_ti_interaction",2025
61.9163179916318,0.532767989334745,0.392751672093972,0.640500036380373,"spline_ti_interaction",2025
62.2050209205021,0.533701165369993,0.393068393200293,0.641747767390441,"spline_ti_interaction",2025
62.4937238493724,0.534632642811645,0.393382083892512,0.64299310754597,"spline_ti_interaction",2025
62.7824267782427,0.535562432971957,0.393692649856496,0.644236122791726,"spline_ti_interaction",2025
63.071129707113,0.536490546325122,0.393999988216781,0.645476882065082,"spline_ti_interaction",2025
63.3598326359833,0.537416991856411,0.394303985202846,0.646715457596607,"spline_ti_interaction",2025
63.6485355648536,0.538341777050785,0.394604516591002,0.647951924556001,"spline_ti_interaction",2025
63.9372384937238,0.539264908889113,0.394901452354302,0.649186359797296,"spline_ti_interaction",2025
64.2259414225941,0.540186393620446,0.395194656174069,0.650418841747829,"spline_ti_interaction",2025
64.5146443514644,0.541106237245955,0.395483987998759,0.65164944961932,"spline_ti_interaction",2025
64.8033472803347,0.542024445071465,0.395769302566256,0.652878263545857,"spline_ti_interaction",2025
65.092050209205,0.542941022136066,0.39605045180411,0.654105363817133,"spline_ti_interaction",2025
65.3807531380753,0.543855973383617,0.396327286018333,0.655330830433846,"spline_ti_interaction",2025
65.6694560669456,0.544769302887552,0.39659965089698,0.6565547436266,"spline_ti_interaction",2025
65.9581589958159,0.545681013854907,0.396867388159615,0.657777183458736,"spline_ti_interaction",2025
66.2468619246862,0.546591109410881,0.397130339614718,0.658998228682011,"spline_ti_interaction",2025
66.5355648535565,0.547499592569686,0.39738834744935,0.660217956526505,"spline_ti_interaction",2025
66.8242677824268,0.548406465800396,0.397641252727438,0.661436442893376,"spline_ti_interaction",2025
67.1129707112971,0.549311731393402,0.397888897584503,0.662653761664991,"spline_ti_interaction",2025
67.4016736401674,0.5502153916372,0.398131126441797,0.663869984297314,"spline_ti_interaction",2025
67.6903765690377,0.551117448818499,0.398367786375384,0.66508517962947,"spline_ti_interaction",2025
67.979079497908,0.552017905222202,0.39859872746498,0.666299413708312,"spline_ti_interaction",2025
68.2677824267782,0.552916763129641,0.398823803115191,0.667512749629412,"spline_ti_interaction",2025
68.5564853556485,0.553814024621755,0.399042869459516,0.668725247597632,"spline_ti_interaction",2025
68.8451882845188,0.554709691390805,0.399255784897558,0.669936964923649,"spline_ti_interaction",2025
69.1338912133891,0.555603764817674,0.399462410857134,0.67114795574063,"spline_ti_interaction",2025
69.4225941422594,0.556496245846905,0.399662611621658,0.672358270939593,"spline_ti_interaction",2025
69.7112970711297,0.557387134472282,0.399856252357934,0.673567958509336,"spline_ti_interaction",2025
70,0.558276429649635,0.400043199395693,0.67477706327099,"spline_ti_interaction",2025
1,0,0,0,"full_te_surface",2000
1.28870292887029,0.00214762984490668,0,0.00705493191640105,"full_te_surface",2000
1.57740585774059,0.00429133294866446,0,0.0140535085256006,"full_te_surface",2000
1.86610878661088,0.0064322020609201,0,0.0209858674214596,"full_te_surface",2000
2.15481171548117,0.00857133111113995,0,0.0278424341531214,"full_te_surface",2000
2.44351464435146,0.0107098046030087,0,0.0346140822620147,"full_te_surface",2000
2.73221757322176,0.0128486976277645,0,0.0412921893752305,"full_te_surface",2000
3.02092050209205,0.0149890758657752,0,0.0478686937768055,"full_te_surface",2000
3.30962343096234,0.0171319955765362,0,0.0543361527706961,"full_te_surface",2000
3.59832635983264,0.0192785035772718,0,0.0606878042044139,"full_te_surface",2000
3.88702928870293,0.0214296372103219,0,0.0669176325910127,"full_te_surface",2000
4.17573221757322,0.023586424299496,0,0.0730204413457721,"full_te_surface",2000
4.46443514644351,0.025749883095579,0,0.0789919327366266,"full_te_surface",2000
4.75313807531381,0.0279210222111733,0,0.084828797225288,"full_te_surface",2000
5.0418410041841,0.0301008404792894,0,0.0905288143916003,"full_te_surface",2000
5.33054393305439,0.0322900160043141,0,0.0960930321642123,"full_te_surface",2000
5.61924686192469,0.0344881927269152,0,0.101529951074001,"full_te_surface",2000
5.90794979079498,0.0366948050558105,0,0.106849001098217,"full_te_surface",2000
6.19665271966527,0.0389092916360947,0,0.112058913498378,"full_te_surface",2000
6.48535564853556,0.0411310953947054,0,0.117167665906464,"full_te_surface",2000
6.77405857740586,0.0433596635827056,0,0.122182452391891,"full_te_surface",2000
7.06276150627615,0.0455944478144173,0,0.127109671421074,"full_te_surface",2000
7.35146443514644,0.0478349041034427,0,0.131954927386809,"full_te_surface",2000
7.64016736401674,0.0500804928956107,0,0.136723042948661,"full_te_surface",2000
7.92887029288703,0.0523306790988898,0,0.141418080321768,"full_te_surface",2000
8.21757322175732,0.0545849321102994,0,0.146043370169221,"full_te_surface",2000
8.50627615062761,0.0568427258398628,0,0.150601547054502,"full_te_surface",2000
8.79497907949791,0.0591035387316433,0,0.155094590589568,"full_te_surface",2000
9.0836820083682,0.0613668537818957,0,0.15952387152665,"full_te_surface",2000
9.37238493723849,0.0636321585543809,0,0.163890202121347,"full_te_surface",2000
9.66108786610879,0.0658989451928778,0,0.168193890161088,"full_te_surface",2000
9.94979079497908,0.0681667104309379,0,0.172434796118286,"full_te_surface",2000
10.2384937238494,0.0704349555989187,0,0.176612392957802,"full_te_surface",2000
10.5271966527197,0.0727031866283387,0,0.180725828206577,"full_te_surface",2000
10.81589958159,0.074970914053597,0,0.184773987980067,"full_te_surface",2000
11.1046025104602,0.077237653011092,0,0.188755562754681,"full_te_surface",2000
11.3933054393305,0.0795029232357878,0,0.192669114776091,"full_te_surface",2000
11.6820083682008,0.081766249055263,0,0.196513147097918,"full_te_surface",2000
11.9707112970711,0.0840271593812858,0,0.200286174351434,"full_te_surface",2000
12.2594142259414,0.0862851876989555,0,0.203986795451871,"full_te_surface",2000
12.5481171548117,0.0885398826489612,0,0.207613873354139,"full_te_surface",2000
12.836820083682,0.0907909867511737,0,0.211168382818311,"full_te_surface",2000
13.1255230125523,0.0930384083699819,0,0.214653174954974,"full_te_surface",2000
13.4142259414226,0.0952820621536494,0,0.218071344470364,"full_te_surface",2000
13.7029288702929,0.0975218636171377,0,0.221426106060518,"full_te_surface",2000
13.9916317991632,0.0997577291384625,0,0.224720734712399,"full_te_surface",2000
14.2803347280335,0.101989575954975,0,0.227958514875053,"full_te_surface",2000
14.5690376569038,0.104217322159563,0,0.231142697067802,"full_te_surface",2000
14.8577405857741,0.106440886696782,0,0.234276460784522,"full_te_surface",2000
15.1464435146443,0.108660189358904,0,0.237362882788028,"full_te_surface",2000
15.4351464435146,0.110875150781906,0,0.240404910076913,"full_te_surface",2000
15.7238493723849,0.113085692441372,0,0.243405336957565,"full_te_surface",2000
16.0125523012552,0.115291736648343,0,0.24636678577326,"full_te_surface",2000
16.3012552301255,0.117493206545084,0,0.249291690935935,"full_te_surface",2000
16.5899581589958,0.119690026100791,0,0.25218228597902,"full_te_surface",2000
16.8786610878661,0.121882120107234,0,0.25504059340527,"full_te_surface",2000
17.1673640167364,0.124069414174329,0,0.257868417145069,"full_te_surface",2000
17.4560669456067,0.126251834725659,0,0.260667337470792,"full_te_surface",2000
17.744769874477,0.128429308993916,0,0.26343870823372,"full_te_surface",2000
18.0334728033473,0.130601765016304,0,0.266183656303723,"full_te_surface",2000
18.3221757322176,0.132769131629864,0,0.26890308310006,"full_te_surface",2000
18.6108786610879,0.134931338466755,0,0.271597668105766,"full_te_surface",2000
18.8995815899582,0.137088315949469,0,0.274267874259439,"full_te_surface",2000
19.1882845188284,0.139239995286,0,0.276913955117955,"full_te_surface",2000
19.4769874476987,0.141386308464953,0,0.27953596368274,"full_te_surface",2000
19.765690376569,0.143527188250602,0,0.282133762781492,"full_te_surface",2000
20.0543933054393,0.145662568177897,0,0.284707036897363,"full_te_surface",2000
20.3430962343096,0.147792382547422,0,0.28725530533915,"full_te_surface",2000
20.6317991631799,0.149916566420303,0,0.28977793664937,"full_te_surface",2000
20.9205020920502,0.152035055613069,0,0.292274164152521,"full_te_surface",2000
21.2092050209205,0.154147786692464,0,0.294743102553455,"full_te_surface",2000
21.4979079497908,0.156254696970218,0,0.297183765505796,"full_te_surface",2000
21.7866108786611,0.158355724497773,0,0.299595084082509,"full_te_surface",2000
22.0753138075314,0.16045080806096,0,0.301975926095142,"full_te_surface",2000
22.3640167364017,0.162539887174644,0,0.304325116224627,"full_te_surface",2000
22.652719665272,0.16462290207732,0,0.306641456944658,"full_te_surface",2000
22.9414225941423,0.166699788639785,0,0.308923760000839,"full_te_surface",2000
23.2301255230125,0.168770297627434,0,0.311171232178772,"full_te_surface",2000
23.5188284518828,0.170833947913411,0,0.313383659893853,"full_te_surface",2000
23.8075313807531,0.172890248269188,0.000479874176979256,0.315561013996693,"full_te_surface",2000
24.0962343096234,0.174938712481962,0.00230173565819169,0.317703405437911,"full_te_surface",2000
24.3849372384937,0.176978859307953,0.00415345174617299,0.319811070075238,"full_te_surface",2000
24.673640167364,0.179010212422883,0.00603350473680175,0.321884354736282,"full_te_surface",2000
24.9623430962343,0.181032300369689,0.00794023186075132,0.323923704419772,"full_te_surface",2000
25.2510460251046,0.18304465650352,0.00987184232562588,0.325929650526163,"full_te_surface",2000
25.5397489539749,0.185046818934059,0.01182643322126,0.327902800016705,"full_te_surface",2000
25.8284518828452,0.18703833046524,0.0138020043829163,0.329843825408302,"full_te_surface",2000
26.1171548117155,0.189018738532384,0.0157964722992163,0.331753455519461,"full_te_surface",2000
26.4058577405858,0.190987595136826,0.0178076831440195,0.333632466890427,"full_te_surface",2000
26.6945606694561,0.192944456778052,0.0198334250041676,0.335481675807968,"full_te_surface",2000
26.9832635983264,0.194888884383419,0.021871439368081,0.337301930872355,"full_te_surface",2000
27.2719665271966,0.196820443235485,0.0239194319336338,0.3390941060507,"full_te_surface",2000
27.5606694560669,0.198738702896992,0.0259750827875654,0.340859094167125,"full_te_surface",2000
27.8493723849372,0.20064323713355,0.0280360560028876,0.342597800786088,"full_te_surface",2000
28.1380753138075,0.202533623834066,0.0301000086953093,0.344311138450723,"full_te_surface",2000
28.4267782426778,0.20440944492894,0.0321645995746292,0.346000021243193,"full_te_surface",2000
28.7154811715481,0.206270286306081,0.0342274970222914,0.347665359638872,"full_te_surface",2000
29.0041841004184,0.208115737724784,0.0362863867218944,0.349308055630628,"full_te_surface",2000
29.2928870292887,0.209945392727476,0.038338978865329,0.350928998103656,"full_te_surface",2000
29.581589958159,0.211758848549401,0.0403830149534229,0.352529058445116,"full_te_surface",2000
29.8702928870293,0.213555706026244,0.0424162742064613,0.354109086376401,"full_te_surface",2000
30.1589958158996,0.215335569499748,0.0444365795967377,0.355669905999069,"full_te_surface",2000
30.4476987447699,0.217098046721334,0.0464418035123595,0.357212312048439,"full_te_surface",2000
30.7364016736402,0.21884274875377,0.0484298730588899,0.358737066351465,"full_te_surface",2000
31.0251046025105,0.220569289870903,0.0503987750030569,0.360244894487889,"full_te_surface",2000
31.3138075313807,0.222277287455475,0.0523465603606885,0.361736482655698,"full_te_surface",2000
31.602510460251,0.223966361895066,0.0542713486292619,0.363212474743669,"full_te_surface",2000
31.8912133891213,0.225636136476156,0.0561713316639753,0.364673469615262,"full_te_surface",2000
32.1799163179916,0.227286237276352,0.058044777195054,0.36612001860923,"full_te_surface",2000
32.4686192468619,0.228916293054783,0.0598900319831199,0.367552623263216,"full_te_surface",2000
32.7573221757322,0.230525935140682,0.0617055246088358,0.368971733267121,"full_te_surface",2000
33.0460251046025,0.23211479732017,0.0634897678927292,0.370377744653298,"full_te_surface",2000
33.3347280334728,0.233682515721259,0.0652413609410448,0.371770998230634,"full_te_surface",2000
33.6234309623431,0.235228728697074,0.0669589908137092,0.373151778269247,"full_te_surface",2000
33.9121338912134,0.236753076707313,0.0686414338109423,0.374520311442005,"full_te_surface",2000
34.2008368200837,0.238255202197951,0.0702875563757666,0.375876766028305,"full_te_surface",2000
34.489539748954,0.239734749479184,0.071896315610544,0.377221251384522,"full_te_surface",2000
34.7782426778243,0.241191364601628,0.0734667594067683,0.378553817684428,"full_te_surface",2000
35.0669456066946,0.242624695230771,0.0749980261885395,0.379874455931485,"full_te_surface",2000
35.3556485355649,0.244034390519671,0.0764893442715016,0.381183098243563,"full_te_surface",2000
35.6443514644351,0.245420100979904,0.0779400308404198,0.382479618409034,"full_te_surface",2000
35.9330543933054,0.246781478350758,0.0793494905500283,0.383763832711702,"full_te_surface",2000
36.2217573221757,0.248118175466662,0.0807172137552283,0.385035501020405,"full_te_surface",2000
36.510460251046,0.249429846122843,0.0820427743781292,0.386294328137639,"full_te_surface",2000
36.7991631799163,0.250716144939206,0.0833258274207697,0.38753996540004,"full_te_surface",2000
37.0878661087866,0.25197672722241,0.0845661061335845,0.388772012522241,"full_te_surface",2000
37.3765690376569,0.253211248826142,0.0857634188507915,0.389990019674358,"full_te_surface",2000
37.6652719665272,0.25441936600956,0.0869176455047913,0.391193489782303,"full_te_surface",2000
37.9539748953975,0.255600735293892,0.0880287338324296,0.392381881039249,"full_te_surface",2000
38.2426778242678,0.256755013317162,0.0890966952864932,0.393554609615875,"full_te_surface",2000
38.5313807531381,0.257881856687027,0.0901216006661373,0.394711052556583,"full_te_surface",2000
38.8200836820084,0.258980921831698,0.0911035754800084,0.395850550848632,"full_te_surface",2000
39.1087866108787,0.260051864848908,0.0920427950556842,0.396972412651146,"full_te_surface",2000
39.397489539749,0.261094341352905,0.0929394794086559,0.398075916671191,"full_te_surface",2000
39.6861924686192,0.262108007395585,0.093793889241864,0.399160316526452,"full_te_surface",2000
39.9748953974895,0.263092703397974,0.0946065467810853,0.400224994056803,"full_te_surface",2000
40.2635983263598,0.264048661276105,0.0953784506945078,0.401269654271097,"full_te_surface",2000
40.5523012552301,0.26497615927325,0.0961106105987569,0.402294071850336,"full_te_surface",2000
40.8410041841004,0.265875471464781,0.0968039831511581,0.403298051205585,"full_te_surface",2000
41.1297071129707,0.266746867843103,0.0974594736162387,0.404281425486609,"full_te_surface",2000
41.418410041841,0.267590614401091,0.0980779374100139,0.405244055597263,"full_te_surface",2000
41.7071129707113,0.26840697321409,0.0986601816188359,0.406185829221372,"full_te_surface",2000
41.9958158995816,0.269196202520487,0.0992069664900749,0.407106659862293,"full_te_surface",2000
42.2845188284519,0.269958556800909,0.0997190068923686,0.408006485898904,"full_te_surface",2000
42.5732217573222,0.270694286856056,0.1001969737436,0.408885269660302,"full_te_surface",2000
42.8619246861925,0.271403639883226,0.10064149540515,0.40974299652111,"full_te_surface",2000
43.1506276150628,0.272086859551539,0.101053159041334,0.410579674018895,"full_te_surface",2000
43.4393305439331,0.272744186075905,0.101432511943243,0.411395330994892,"full_te_surface",2000
43.7280334728033,0.273375856289755,0.10178006281651,0.412190016758902,"full_te_surface",2000
44.0167364016736,0.273982103716573,0.102096283032786,0.412963800278979,"full_te_surface",2000
44.3054393305439,0.274563158640247,0.102381607844919,0.41371676939626,"full_te_surface",2000
44.5941422594142,0.275119248174268,0.10263643756608,0.414449030065078,"full_te_surface",2000
44.8828451882845,0.275650596329812,0.102861138713205,0.415160705618315,"full_te_surface",2000
45.1715481171548,0.276157424082717,0.103056045115341,0.415851936057762,"full_te_surface",2000
45.4602510460251,0.276639949439392,0.103221458987565,0.41652287736913,"full_te_surface",2000
45.7489539748954,0.277098387501672,0.103357651971315,0.4171737008612,"full_te_surface",2000
46.0376569037657,0.277532950530652,0.103464866142034,0.41780459252851,"full_te_surface",2000
46.326359832636,0.277943848009518,0.103543314985138,0.418415752436875,"full_te_surface",2000
46.6150627615063,0.278331286705399,0.103593184341375,0.419007394130947,"full_te_surface",2000
46.9037656903766,0.278695470730262,0.103614633322704,0.419579744062978,"full_te_surface",2000
47.1924686192469,0.279036601600872,0.103607795199871,0.420133041041874,"full_te_surface",2000
47.4811715481172,0.279354878297835,0.103572778262899,0.420667535701594,"full_te_surface",2000
47.7698744769874,0.279650497323756,0.103509666655698,0.421183489987923,"full_te_surface",2000
48.0585774058577,0.279923652760513,0.103418521186076,0.421681176662614,"full_te_surface",2000
48.347280334728,0.280174536325685,0.103299380112379,0.422160878823883,"full_te_surface",2000
48.6359832635983,0.280403337428142,0.103152259908032,0.42262288944224,"full_te_surface",2000
48.9246861924686,0.280610243222818,0.10297715600522,0.423067510910631,"full_te_surface",2000
49.2133891213389,0.280795438664694,0.102774043518941,0.423495054607875,"full_te_surface",2000
49.5020920502092,0.28095910656199,0.102542877952667,0.423905840474389,"full_te_surface",2000
49.7907949790795,0.281101427628604,0.10228359588678,0.424300196599225,"full_te_surface",2000
50.0794979079498,0.281222580535802,0.101996115650976,0.424678458817434,"full_te_surface",2000
50.3682008368201,0.281322741963179,0.101680337981757,0.425040970316828,"full_te_surface",2000
50.6569037656904,0.281402086648906,0.10133614666612,0.425388081253231,"full_te_surface",2000
50.9456066945607,0.281460787439288,0.100963409172506,0.425720148373322,"full_te_surface",2000
51.234309623431,0.28149901533763,0.100561977270031,0.426037534644248,"full_te_surface",2000
51.5230125523013,0.281516939552439,0.100131687636978,0.426340608889178,"full_te_surface",2000
51.8117154811715,0.281514727544984,0.0996723624594884,0.426629745428058,"full_te_surface",2000
52.1004184100418,0.281492545076207,0.0991838100213264,0.426905323722825,"full_te_surface",2000
52.3891213389121,0.281450556253013,0.0986658252855679,0.427167728026415,"full_te_surface",2000
52.6778242677824,0.281388923573953,0.0981181904689826,0.427417347034937,"full_te_surface",2000
52.9665271966527,0.281307807974309,0.0975406756098447,0.427654573542432,"full_te_surface",2000
53.255230125523,0.281207368870594,0.0969330391298462,0.427879804097692,"full_te_surface",2000
53.5439330543933,0.28108776420448,0.0962950283907273,0.428093438662664,"full_te_surface",2000
53.8326359832636,0.28094915048617,0.0956263802461884,0.428295880272019,"full_te_surface",2000
54.1213389121339,0.280791682837219,0.0949268215895792,0.428487534693511,"full_te_surface",2000
54.4100418410042,0.280615515032823,0.0941960698978134,0.428668810088837,"full_te_surface",2000
54.6987447698745,0.28042079954358,0.0934338337718851,0.428840116674716,"full_te_surface",2000
54.9874476987448,0.28020768757674,0.092639813474316,0.429001866384009,"full_te_surface",2000
55.2761506276151,0.279976329116952,0.0918137014637913,0.42915447252673,"full_te_surface",2000
55.5648535564854,0.279726872966519,0.0909551829271887,0.429298349450867,"full_te_surface",2000
55.8535564853556,0.279459466785171,0.0900639363091448,0.429433912202981,"full_te_surface",2000
56.1422594142259,0.279174257129362,0.0891396338392406,0.429561576188612,"full_te_surface",2000
56.4309623430962,0.278871389491114,0.0881819420568382,0.429681756832576,"full_te_surface",2000
56.7196652719665,0.278551008336397,0.0871905223335314,0.429794869239285,"full_te_surface",2000
57.0083682008368,0.278213257143074,0.0861650313931321,0.429901327853284,"full_te_surface",2000
57.2970711297071,0.277858278438399,0.0851051218290492,0.43000154612024,"full_te_surface",2000
57.5857740585774,0.277486213836104,0.084010442618871,0.430095936148668,"full_te_surface",2000
57.8744769874477,0.277097204073055,0.0828806396359154,0.43018490837274,"full_te_surface",2000
58.163179916318,0.2766913890455,0.0817153561574547,0.430268871216543,"full_te_surface",2000
58.4518828451883,0.276268907844921,0.0805142333692948,0.430348230760213,"full_te_surface",2000
58.7405857740586,0.275829898793483,0.0792769108663306,0.430423390408404,"full_te_surface",2000
59.0292887029289,0.2753744994791,0.0780030271486759,0.430494750561576,"full_te_surface",2000
59.3179916317992,0.274902846790117,0.0766922201129256,0.430562708290641,"full_te_surface",2000
59.6066945606695,0.274415076949626,0.0753441275380774,0.430627657015504,"full_te_surface",2000
59.8953974895397,0.273911325549403,0.0739583875656217,0.430689986188084,"full_te_surface",2000
60.18410041841,0.273391727583499,0.0725346391732778,0.430750080980404,"full_te_surface",2000
60.4728033472803,0.272856417481464,0.0710725226418457,0.430808321978367,"full_te_surface",2000
60.7615062761506,0.27230552914123,0.0695716800146229,0.430865084881824,"full_te_surface",2000
61.0502092050209,0.271739195961652,0.0680317555488344,0.430920740211581,"full_te_surface",2000
61.3389121338912,0.271157550874707,0.0664523961585163,0.430975653023951,"full_te_surface",2000
61.6276150627615,0.27056072637737,0.0648332518482951,0.431030182633488,"full_te_surface",2000
61.9163179916318,0.269948854563155,0.0631739761375159,0.431084682344516,"full_te_surface",2000
62.2050209205021,0.269322067153343,0.0614742264741723,0.431139499192058,"full_te_surface",2000
62.4937238493724,0.268680495527891,0.0597336646381229,0.431194973692752,"full_te_surface",2000
62.7824267782427,0.268024270756023,0.0579519571330761,0.431251439606314,"full_te_surface",2000
63.071129707113,0.267353523626529,0.0561287755668749,0.431309223708096,"full_te_surface",2000
63.3598326359833,0.266668384677746,0.0542637970196173,0.431368645573251,"full_te_surface",2000
63.6485355648536,0.265968984227252,0.052356704399192,0.431430017372971,"full_te_surface",2000
63.9372384937238,0.265255452401254,0.0504071867838456,0.431493643683253,"full_te_surface",2000
64.2259414225941,0.264527919163698,0.0484149397514263,0.431559821306589,"full_te_surface",2000
64.5146443514644,0.263786514345081,0.0463796656949966,0.431628839106937,"full_te_surface",2000
64.8033472803347,0.263031367670984,0.0443010741245516,0.431700977858289,"full_te_surface",2000
65.092050209205,0.262262608790323,0.04217888195462,0.431776510107105,"full_te_surface",2000
65.3807531380753,0.261480367303324,0.040012813777576,0.431855700048829,"full_te_surface",2000
65.6694560669456,0.26068477278922,0.0378026021225397,0.431938803418655,"full_te_surface",2000
65.9581589958159,0.259875954833679,0.035547987699789,0.432026067396657,"full_te_surface",2000
66.2468619246862,0.259054043055959,0.0332487196306598,0.43211773052736,"full_te_surface",2000
66.5355648535565,0.258219167135798,0.0309045556629604,0.432214022653745,"full_te_surface",2000
66.8242677824268,0.257371456840042,0.0285152623719765,0.432315164865671,"full_te_surface",2000
67.1129707112971,0.256511042049002,0.0260806153471895,0.432421369462609,"full_te_surface",2000
67.4016736401674,0.255638052782557,0.0236003993648859,0.43253283993056,"full_te_surface",2000
67.6903765690377,0.254752619225997,0.0210744085468733,0.432649770932968,"full_te_surface",2000
67.979079497908,0.253854871755604,0.0185024465055731,0.432772348315377,"full_te_surface",2000
68.2677824267782,0.25294494096398,0.0158843264757972,0.432900749123588,"full_te_surface",2000
68.5564853556485,0.252022957685122,0.013219871433558,0.433035141634956,"full_te_surface",2000
68.8451882845188,0.251089053019239,0.0105089142023013,0.433175685402497,"full_te_surface",2000
69.1338912133891,0.250143358357318,0.00775129754698756,0.433322531311379,"full_te_surface",2000
69.4225941422594,0.249186005405438,0.00494687425647511,0.433475821647394,"full_te_surface",2000
69.7112970711297,0.248217126208836,0.00209550721469665,0.433635690176917,"full_te_surface",2000
70,0.247236853175715,0,0.433802262237883,"full_te_surface",2000
1,0,0,0,"full_te_surface",2014
1.28870292887029,0.00531541326350793,0.00177007964390419,0.008848155204363,"full_te_surface",2014
1.57740585774059,0.010601710051396,0.00354308652000113,0.0176103322576117,"full_te_surface",2014
1.86610878661088,0.0158576902159854,0.00532857767422945,0.0262753466442665,"full_te_surface",2014
2.15481171548117,0.021082168458655,0.00713604733814188,0.0348323973889172,"full_te_surface",2014
2.44351464435146,0.0262739873719433,0.0089747735038459,0.043271228300853,"full_te_surface",2014
2.73221757322176,0.0314320170027556,0.0108537550740976,0.0515821674502481,"full_te_surface",2014
3.02092050209205,0.0365551544026153,0.012781644393357,0.0597561671776492,"full_te_surface",2014
3.30962343096234,0.0416423231655839,0.0147666738432894,0.0677848461234744,"full_te_surface",2014
3.59832635983264,0.0466924729544557,0.0168165750810974,0.0756605348624009,"full_te_surface",2014
3.88702928870293,0.0517045790158139,0.0189384893601289,0.08337632685941,"full_te_surface",2014
4.17573221757322,0.0566776416845223,0.0211388672001661,0.0909261366291878,"full_te_surface",2014
4.46443514644351,0.0616106858782003,0.023423355472369,0.0983047671758375,"full_te_surface",2014
4.75313807531381,0.0665027605822198,0.0257966697372373,0.105507989009258,"full_te_surface",2014
5.0418410041841,0.0713529383611362,0.0282624488894768,0.112532633832106,"full_te_surface",2014
5.33054393305439,0.0761604816444781,0.0308205904791692,0.11937929418318,"full_te_surface",2014
5.61924686192469,0.0809252214675521,0.0334619598174044,0.126057730355972,"full_te_surface",2014
5.90794979079498,0.0856471091350314,0.0361759679875613,0.13257899651299,"full_te_surface",2014
6.19665271966527,0.0903261006977328,0.0389525205258058,0.138953464063467,"full_te_surface",2014
6.48535564853556,0.0949621567970792,0.0417821120822097,0.145190767196711,"full_te_surface",2014
6.77405857740586,0.099555242510623,0.044655897933958,0.151299767762576,"full_te_surface",2014
7.06276150627615,0.104105327198636,0.0475657476305703,0.157288534345423,"full_te_surface",2014
7.35146443514644,0.108612384351778,0.0505042837610383,0.163164332664507,"full_te_surface",2014
7.64016736401674,0.113076391439845,0.0534649075812244,0.168933625681849,"full_te_surface",2014
7.92887029288703,0.117497329761608,0.0564418125714314,0.174602082463672,"full_te_surface",2014
8.21757322175732,0.121875184295738,0.0594299866620066,0.180174595170143,"full_te_surface",2014
8.50627615062761,0.126209943552825,0.0624252037282547,0.185655303681325,"full_te_surface",2014
8.79497907949791,0.130501599428487,0.0654240049298188,0.191047627389952,"full_te_surface",2014
9.0836820083682,0.134750147057574,0.0684236705000629,0.196354303657798,"full_te_surface",2014
9.37238493723849,0.138955584669459,0.0714221826424263,0.201577432377519,"full_te_surface",2014
9.66108786610879,0.14311791344441,0.0744181802395787,0.206718526029482,"full_te_surface",2014
9.94979079497908,0.147237137371051,0.0774109061121672,0.211778564588655,"full_te_surface",2014
10.2384937238494,0.151313263104888,0.0804001475678892,0.21675805462915,"full_te_surface",2014
10.5271966527197,0.15534629982791,0.0833861709542507,0.221657091997906,"full_te_surface",2014
10.81589958159,0.159336259109244,0.0863696508690797,0.226475427484764,"full_te_surface",2014
11.1046025104602,0.163283154766853,0.0893515945938409,0.231212535001739,"full_te_surface",2014
11.3933054393305,0.167187002730286,0.092333262200253,0.235867681895395,"full_te_surface",2014
11.6820083682008,0.171047820904433,0.0953160826459509,0.240440001147532,"full_te_surface",2014
11.9707112970711,0.174865629034314,0.0983015660261475,0.244928565364813,"full_te_surface",2014
12.2594142259414,0.17864044857084,0.101291211991683,0.249332462611162,"full_te_surface",2014
12.5481171548117,0.182372299650623,0.104286333326561,0.253650936396464,"full_te_surface",2014
12.836820083682,0.186061152391898,0.107286563538418,0.257884534289616,"full_te_surface",2014
13.1255230125523,0.189706934882988,0.110289914123076,0.262035058611724,"full_te_surface",2014
13.4142259414226,0.193309576672018,0.113294016011529,0.266104604186883,"full_te_surface",2014
13.7029288702929,0.196869010062467,0.116296243419885,0.270095456542777,"full_te_surface",2014
13.9916317991632,0.200385169931434,0.119293785916331,0.27401003167574,"full_te_surface",2014
14.2803347280335,0.203857993548738,0.122283710847949,0.277850824611461,"full_te_surface",2014
14.5690376569038,0.207287420396821,0.125263017597843,0.281620365317737,"full_te_surface",2014
14.8577405857741,0.21067339199145,0.128228684863701,0.285321180804311,"full_te_surface",2014
15.1464435146443,0.214015851703184,0.131177711917499,0.288955762475547,"full_te_surface",2014
15.4351464435146,0.217314744579583,0.134107154615496,0.292526537991548,"full_te_surface",2014
15.7238493723849,0.220570017168144,0.137014156771679,0.296035847048608,"full_te_surface",2014
16.0125523012552,0.223781617339925,0.139895977381103,0.299485920615917,"full_te_surface",2014
16.3012552301255,0.226949494113828,0.142750014077516,0.302878863266726,"full_te_surface",2014
16.5899581589958,0.23007359748152,0.145573823128577,0.306216638322572,"full_te_surface",2014
16.8786610878661,0.23315387823294,0.148365136208634,0.309501055591776,"full_te_surface",2014
17.1673640167364,0.236190287782378,0.151121874140621,0.312733761531027,"full_te_surface",2014
17.4560669456067,0.239182777995065,0.153842157763067,0.315916231693774,"full_te_surface",2014
17.744769874477,0.24213130101426,0.156524316053095,0.319049765353409,"full_te_surface",2014
18.0334728033473,0.245035809088765,0.159166891620085,0.322135482204721,"full_te_surface",2014
18.3221757322176,0.247896254400847,0.16176864367544,0.325174321055517,"full_te_surface",2014
18.6108786610879,0.250712588894511,0.164328548580214,0.328167040423234,"full_te_surface",2014
18.8995815899582,0.253484764104075,0.166845798072696,0.331114220950213,"full_te_surface",2014
19.1882845188284,0.256212730983005,0.169319795281065,0.334016269547504,"full_te_surface",2014
19.4769874476987,0.258896439732949,0.171750148630728,0.336873425171768,"full_te_surface",2014
19.765690376569,0.261535839632929,0.174136663760774,0.339685766134217,"full_te_surface",2014
20.0543933054393,0.264130878868619,0.176479333568237,0.342453218835474,"full_te_surface",2014
20.3430962343096,0.266681504361674,0.178778326501686,0.345175567816572,"full_te_surface",2014
20.6317991631799,0.269187661599023,0.181033973226513,0.347852467014699,"full_te_surface",2014
20.9205020920502,0.271649294462095,0.183246751782614,0.350483452113105,"full_te_surface",2014
21.2092050209205,0.274066345055881,0.185417271350801,0.353067953878172,"full_te_surface",2014
21.4979079497908,0.276438753537806,0.187546254737,0.355605312383109,"full_te_surface",2014
21.7866108786611,0.278766457946303,0.189634519673188,0.358094792027001,"full_te_surface",2014
22.0753138075314,0.281049394029051,0.191682959021287,0.360535597269924,"full_te_surface",2014
22.3640167364017,0.283287495070784,0.193692519951,0.362926889019193,"full_te_surface",2014
22.652719665272,0.285480691720615,0.195664182145358,0.365267801618261,"full_te_surface",2014
22.9414225941423,0.287628924637754,0.19759894204802,0.367557477668315,"full_te_surface",2014
23.2301255230125,0.289732599609168,0.199498020525167,0.369795711949503,"full_te_surface",2014
23.5188284518828,0.291792704213666,0.201362829178982,0.37198318319021,"full_te_surface",2014
23.8075313807531,0.293810248487952,0.203194633338399,0.37412072507734,"full_te_surface",2014
24.0962343096234,0.295786227193125,0.204994545645338,0.376209263603796,"full_te_surface",2014
24.3849372384937,0.29772162030011,0.206763540649533,0.378249805867787,"full_te_surface",2014
24.673640167364,0.299617393460661,0.208502468325013,0.380243429812404,"full_te_surface",2014
24.9623430962343,0.301474498464304,0.210212066592127,0.382191274827052,"full_te_surface",2014
25.2510460251046,0.303293873681616,0.211892972925534,0.384094533135403,"full_te_surface",2014
25.5397489539749,0.305076444494184,0.213545735124374,0.385954441898516,"full_te_surface",2014
25.8284518828452,0.306823123711596,0.215170821315997,0.387772275966294,"full_te_surface",2014
26.1171548117155,0.30853481197579,0.216768629259519,0.389549341215318,"full_te_surface",2014
26.4058577405858,0.310212398153084,0.218339495010251,0.391286968416091,"full_te_surface",2014
26.6945606694561,0.311856759714184,0.219883701000732,0.392986507577755,"full_te_surface",2014
26.9832635983264,0.313468763102479,0.221401483589008,0.394649322723285,"full_te_surface",2014
27.2719665271966,0.315049264090884,0.222893040119719,0.396276787052947,"full_te_surface",2014
27.5606694560669,0.316599108127519,0.224358535538817,0.397870278458436,"full_te_surface",2014
27.8493723849372,0.318119130670473,0.225798108598129,0.39943117535444,"full_te_surface",2014
28.1380753138075,0.319610157511911,0.227211877681708,0.40096085279854,"full_te_surface",2014
28.4267782426778,0.321073005091746,0.228599946281847,0.402460678874199,"full_te_surface",2014
28.7154811715481,0.322508480801133,0.229962408148901,0.403932011315178,"full_te_surface",2014
29.0041841004184,0.323917383275976,0.231299352135552,0.405376194353089,"full_te_surface",2014
29.2928870292887,0.325300502680675,0.232610866752961,0.406794555772782,"full_te_surface",2014
29.581589958159,0.326658620982322,0.233897044453318,0.408188404163126,"full_te_surface",2014
29.8702928870293,0.327992512215519,0.235157985650658,0.409559026353194,"full_te_surface",2014
30.1589958158996,0.329302942738018,0.236393802489395,0.410907685026174,"full_te_surface",2014
30.4476987447699,0.330590671477372,0.237604622367954,0.41223561650529,"full_te_surface",2014
30.7364016736402,0.331856450168741,0.238790591222988,0.413544028707758,"full_te_surface",2014
31.0251046025105,0.33310102358404,0.239951876578084,0.414834099264311,"full_te_surface",2014
31.3138075313807,0.334325129752581,0.241088670359537,0.416106973803054,"full_te_surface",2014
31.602510460251,0.335529500173353,0.242201191480618,0.417363764397392,"full_te_surface",2014
31.8912133891213,0.33671486001909,0.243289688194966,0.41860554817859,"full_te_surface",2014
32.1799163179916,0.337881928332272,0.244354440219055,0.419833366114029,"full_te_surface",2014
32.4686192468619,0.339031418213178,0.245395760623265,0.421048221952579,"full_te_surface",2014
32.7573221757322,0.340164037000133,0.246413997490904,0.422251081338648,"full_te_surface",2014
33.0460251046025,0.341280486442058,0.247409535344471,0.423442871096409,"full_te_surface",2014
33.3347280334728,0.342381462863453,0.248382796338604,0.424624478685513,"full_te_surface",2014
33.6234309623431,0.343467657321917,0.249334241219446,0.425796751829227,"full_te_surface",2014
33.9121338912134,0.344539755758319,0.250264370050614,0.42696049831543,"full_te_surface",2014
34.2008368200837,0.345598439139721,0.251173722706467,0.428116485970346,"full_te_surface",2014
34.489539748954,0.346644383595144,0.252062879134028,0.429265442804164,"full_te_surface",2014
34.7782426778243,0.347678260544302,0.252932459385589,0.430408057326993,"full_te_surface",2014
35.0669456066946,0.348700736819354,0.253783123424795,0.431544979032778,"full_te_surface",2014
35.3556485355649,0.3497124747798,0.254615570709742,0.432676819048038,"full_te_surface",2014
35.6443514644351,0.35071413242059,0.255430539557405,0.43380415094147,"full_te_surface",2014
35.9330543933054,0.351706363473525,0.256228806294449,0.434927511689695,"full_te_surface",2014
36.2217573221757,0.352689817502038,0.257011184200163,0.436047402793708,"full_te_surface",2014
36.510460251046,0.353665139989433,0.257778522247931,0.437164291539913,"full_te_surface",2014
36.7991631799163,0.354632972420652,0.258531703652194,0.438278612399048,"full_te_surface",2014
37.0878661087866,0.355593952357632,0.259271644228361,0.43939076855581,"full_te_surface",2014
37.3765690376569,0.356548713508355,0.259999290573535,0.440501133561554,"full_te_surface",2014
37.6652719665272,0.357497885789615,0.260715618076175,0.441610053102203,"full_te_surface",2014
37.9539748953975,0.358442095383605,0.261421628763045,0.442717846873249,"full_te_surface",2014
38.2426778242678,0.359381964788373,0.262118348991868,0.443824810553687,"full_te_surface",2014
38.5313807531381,0.360318112862205,0.262806826998076,0.444931217870757,"full_te_surface",2014
38.8200836820084,0.361251154862014,0.263488130303942,0.446037322747449,"full_te_surface",2014
39.1087866108787,0.362181702475777,0.264163342998157,0.44714336152503,"full_te_surface",2014
39.397489539749,0.363110363849095,0.264833562893629,0.448249555253103,"full_te_surface",2014
39.6861924686192,0.364037742577164,0.265499897215266,0.449356111274931,"full_te_surface",2014
39.9748953974895,0.364964261758662,0.266163224836024,0.450463096846557,"full_te_surface",2014
40.2635983263598,0.365889966046773,0.266823912935092,0.451570308614601,"full_te_surface",2014
40.5523012552301,0.366814851758052,0.26748223790721,0.452677528516515,"full_te_surface",2014
40.8410041841004,0.367738915230985,0.268138449281047,0.453784559496822,"full_te_surface",2014
41.1297071129707,0.368662152825943,0.268792770689629,0.454891224680184,"full_te_surface",2014
41.418410041841,0.36958456092514,0.269445400825048,0.455997366558534,"full_te_surface",2014
41.7071129707113,0.370506135932582,0.27009651437598,0.457102846193767,"full_te_surface",2014
41.9958158995816,0.371426874274023,0.270746262946826,0.45820754243716,"full_te_surface",2014
42.2845188284519,0.372346772396922,0.271394775957603,0.459311351166434,"full_te_surface",2014
42.5732217573222,0.373265826770391,0.272042161523917,0.460414184541118,"full_te_surface",2014
42.8619246861925,0.37418403388515,0.272688507316587,0.461515970276658,"full_te_surface",2014
43.1506276150628,0.375101390253483,0.273333881400669,0.462616650937536,"full_te_surface",2014
43.4393305439331,0.376017892409187,0.273978333053798,0.463716183249495,"full_te_surface",2014
43.7280334728033,0.376933536907528,0.274621893563892,0.464814537430821,"full_te_surface",2014
44.0167364016736,0.37784832032519,0.275264577006394,0.465911696542529,"full_te_surface",2014
44.3054393305439,0.378762239260229,0.275906381001315,0.467007655857183,"full_te_surface",2014
44.5941422594142,0.379675290332027,0.276547287450457,0.468102422246011,"full_te_surface",2014
44.8828451882845,0.380587470181241,0.277187263255198,0.469196013583896,"full_te_surface",2014
45.1715481171548,0.381498775469755,0.277826261015363,0.470288458171766,"full_te_surface",2014
45.4602510460251,0.382409202880633,0.278464219709666,0.471379794175891,"full_te_surface",2014
45.7489539748954,0.38331874911807,0.27910106535829,0.472470069083525,"full_te_surface",2014
46.0376569037657,0.384227410907341,0.279736711668179,0.473559339174327,"full_te_surface",2014
46.326359832636,0.385135184994757,0.280371060661631,0.474647669007001,"full_te_surface",2014
46.6150627615063,0.38604206814761,0.281004003288777,0.475735130920541,"full_te_surface",2014
46.9037656903766,0.386948057154126,0.281635420024546,0.47682180454952,"full_te_surface",2014
47.1924686192469,0.387853148823418,0.282265181450702,0.477907776352825,"full_te_surface",2014
47.4811715481172,0.388757339985431,0.282893148823529,0.478993139155293,"full_te_surface",2014
47.7698744769874,0.389660627490898,0.283519174627721,0.480077991701664,"full_te_surface",2014
48.0585774058577,0.390563008211284,0.28414310311702,0.481162438222351,"full_te_surface",2014
48.347280334728,0.391464479038743,0.284764770842112,0.482246588010499,"full_te_surface",2014
48.6359832635983,0.392365036886058,0.28538400716629,0.483330555009845,"full_te_surface",2014
48.9246861924686,0.393264678686601,0.286000634769328,0.484414457412939,"full_te_surface",2014
49.2133891213389,0.394163401394276,0.286614470140019,0.48549841726928,"full_te_surface",2014
49.5020920502092,0.395061201983466,0.287225324057765,0.486582560102982,"full_te_surface",2014
49.7907949790795,0.39595807744899,0.287833002063615,0.487667014539598,"full_te_surface",2014
50.0794979079498,0.396854024806045,0.288437304921063,0.488751911941772,"full_te_surface",2014
50.3682008368201,0.397749041090158,0.289038029066934,0.489837386053422,"full_te_surface",2014
50.6569037656904,0.398643123357133,0.289634967052627,0.490923572652181,"full_te_surface",2014
50.9456066945607,0.399536268683,0.290227907975947,0.49201060920987,"full_te_surface",2014
51.234309623431,0.400428474163963,0.290816637903748,0.493098634560799,"full_te_surface",2014
51.5230125523013,0.40131973691635,0.29140094028555,0.494187788577728,"full_te_surface",2014
51.8117154811715,0.402210054076557,0.291980596358276,0.495278211855359,"full_te_surface",2014
52.1004184100418,0.403099422801,0.292555385542231,0.496370045401246,"full_te_surface",2014
52.3891213389121,0.403987840266061,0.29312508582839,0.497463430334049,"full_te_surface",2014
52.6778242677824,0.404875303668035,0.293689474157063,0.498558507589095,"full_te_surface",2014
52.9665271966527,0.405761810223079,0.294248326787955,0.499655417631215,"full_te_surface",2014
53.255230125523,0.406647357167157,0.294801419661627,0.500754300174869,"full_te_surface",2014
53.5439330543933,0.407531941755989,0.295348528752334,0.501855293911598,"full_te_surface",2014
53.8326359832636,0.408415561264998,0.295889430412192,0.502958536244835,"full_te_surface",2014
54.1213389121339,0.409298212989257,0.296423901706619,0.504064163032174,"full_te_surface",2014
54.4100418410042,0.410179894243435,0.29695172074095,0.505172308335171,"full_te_surface",2014
54.6987447698745,0.411060602361744,0.297472666978145,0.506283104176786,"full_te_surface",2014
54.9874476987448,0.411940334697886,0.297986521547456,0.507396680306601,"full_te_surface",2014
55.2761506276151,0.412819088625001,0.298493067543953,0.508513163973933,"full_te_surface",2014
55.5648535564854,0.413696861535607,0.298992090318743,0.509632679708995,"full_te_surface",2014
55.8535564853556,0.414573650841556,0.299483377759774,0.510755349112251,"full_te_surface",2014
56.1422594142259,0.415449453973972,0.299966720563043,0.511881290652125,"full_te_surface",2014
56.4309623430962,0.416324268383201,0.300441912494088,0.513010619471215,"full_te_surface",2014
56.7196652719665,0.417198091538756,0.300908750639593,0.514143447201179,"full_te_surface",2014
57.0083682008368,0.418070920929263,0.301367035648969,0.515279881786448,"full_te_surface",2014
57.2970711297071,0.418942754062406,0.301816571965767,0.516420027316909,"full_te_surface",2014
57.5857740585774,0.419813588464874,0.302257168048778,0.517563983869721,"full_te_surface",2014
57.8744769874477,0.420683421682304,0.302688636582705,0.518711847360383,"full_te_surface",2014
58.163179916318,0.421552251279231,0.303110794678275,0.519863709403198,"full_te_surface",2014
58.4518828451883,0.422420074839027,0.303523464061699,0.521019657181233,"full_te_surface",2014
58.7405857740586,0.423286889963853,0.303926471253372,0.522179773325885,"full_te_surface",2014
59.0292887029289,0.424152694274598,0.304319647735757,0.523344135806136,"full_te_surface",2014
59.3179916317992,0.425017485410829,0.304702830110383,0.524512817827559,"full_te_surface",2014
59.6066945606695,0.425881261030732,0.30507586024392,0.525685887741132,"full_te_surface",2014
59.8953974895397,0.426744018811061,0.30543858540331,0.526863408961878,"full_te_surface",2014
60.18410041841,0.427605756447079,0.305790858379964,0.528045439897352,"full_te_surface",2014
60.4728033472803,0.428466471652504,0.306132537603034,0.529232033885947,"full_te_surface",2014
60.7615062761506,0.429326162159455,0.306463487241826,0.530423239144998,"full_te_surface",2014
61.0502092050209,0.430184825718394,0.306783577297396,0.531619098728606,"full_te_surface",2014
61.3389121338912,0.431042460098074,0.307092683683447,0.532819650495125,"full_te_surface",2014
61.6276150627615,0.431899063085479,0.307390688296625,0.534024927084179,"full_te_surface",2014
61.9163179916318,0.432754632485772,0.307677479076357,0.535234955903104,"full_te_surface",2014
62.2050209205021,0.433609166122238,0.307952950054393,0.536449759122649,"full_te_surface",2014
62.4937238493724,0.434462661836227,0.308217001394233,0.537669353681773,"full_te_surface",2014
62.7824267782427,0.4353151174871,0.308469539420644,0.538893751301335,"full_te_surface",2014
63.071129707113,0.436166530952173,0.308710476639495,0.540122958506462,"full_te_surface",2014
63.3598326359833,0.437016900126657,0.308939731748155,0.541356976657364,"full_te_surface",2014
63.6485355648536,0.437866222923608,0.309157229636716,0.542595801988341,"full_te_surface",2014
63.9372384937238,0.438714497273868,0.309362901380327,0.543839425654693,"full_te_surface",2014
64.2259414225941,0.439561721126007,0.30955668422294,0.545087833787268,"full_te_surface",2014
64.5146443514644,0.44040789244627,0.309738521552781,0.546341007554327,"full_te_surface",2014
64.8033472803347,0.441253009218518,0.309908362869872,0.547598923230406,"full_te_surface",2014
65.092050209205,0.442097069444172,0.310066163745947,0.548861552271851,"full_te_surface",2014
65.3807531380753,0.442940071142161,0.31021188577712,0.550128861398686,"full_te_surface",2014
65.6694560669456,0.443782012348858,0.310345496529655,0.551400812682449,"full_te_surface",2014
65.9581589958159,0.444622891118028,0.310466969479213,0.552677363639654,"full_te_surface",2014
66.2468619246862,0.445462705520772,0.310576283943953,0.553958467330499,"full_te_surface",2014
66.5355648535565,0.446301453645468,0.310673425011856,0.555244072462469,"full_te_surface",2014
66.8242677824268,0.447139133597715,0.310758383462665,0.556534123498434,"full_te_surface",2014
67.1129707112971,0.447975743500277,0.310831155684821,0.557828560768907,"full_te_surface",2014
67.4016736401674,0.448811281493027,0.310891743587767,0.559127320588049,"full_te_surface",2014
67.6903765690377,0.449645745732887,0.310940154510015,0.560430335373079,"full_te_surface",2014
67.979079497908,0.450479134393774,0.310976401123353,0.56173753376671,"full_te_surface",2014
68.2677824267782,0.451311445666541,0.311000501333546,0.563048840762243,"full_te_surface",2014
68.5564853556485,0.452142677758925,0.311012478177923,0.564364177830973,"full_te_surface",2014
68.8451882845188,0.452972828895482,0.311012359720196,0.565683463051546,"full_te_surface",2014
69.1338912133891,0.453801897317536,0.311000178942867,0.567006611240927,"full_te_surface",2014
69.4225941422594,0.454629881283121,0.31097597363756,0.568333534086648,"full_te_surface",2014
69.7112970711297,0.455456779066922,0.310939786293626,0.569664140280012,"full_te_surface",2014
70,0.456282588960219,0.310891663985326,0.57099833564993,"full_te_surface",2014
1,0,0,0,"full_te_surface",2024
1.28870292887029,0.00518662212389054,0.000352524052611325,0.00999734345014214,"full_te_surface",2024
1.57740585774059,0.0103459875657907,0.000712127261531581,0.0198869704651559,"full_te_surface",2024
1.86610878661088,0.0154776790954019,0.0010902097660932,0.02965792323208,"full_te_surface",2024
2.15481171548117,0.0205812849279895,0.0014981625023579,0.0392996953943279,"full_te_surface",2024
2.44351464435146,0.0256564041175522,0.0019471847063729,0.0488023997429021,"full_te_surface",2024
2.73221757322176,0.0307026464001566,0.0024482087637554,0.058156811556309,"full_te_surface",2024
3.02092050209205,0.0357196320359181,0.0030118199352599,0.067354411382725,"full_te_surface",2024
3.30962343096234,0.040706991649725,0.00364816981115945,0.0763874286302005,"full_te_surface",2024
3.59832635983264,0.0456643660708013,0.00436688230128235,0.0852488873691283,"full_te_surface",2024
3.88702928870293,0.0505914061711968,0.0051769509056,0.0939326558059547,"full_te_surface",2024
4.17573221757322,0.0554877727032963,0.00608662593545672,0.102433500955136,"full_te_surface",2024
4.46443514644351,0.0603531361364312,0.00710329027288581,0.110747150112619,"full_te_surface",2024
4.75313807531381,0.0651871764926809,0.00823332217267214,0.11887036081094,"full_te_surface",2024
5.0418410041841,0.0699895832481007,0.00948194302452887,0.126801001580873,"full_te_surface",2024
5.33054393305439,0.0747603669331994,0.0108506948553736,0.134540787578656,"full_te_surface",2024
5.61924686192469,0.0795005678836286,0.012332525914785,0.142100730500055,"full_te_surface",2024
5.90794979079498,0.0842114192223237,0.0139190542830497,0.149493022529687,"full_te_surface",2024
6.19665271966527,0.0888941316193232,0.0156024297378842,0.156729020392978,"full_te_surface",2024
6.48535564853556,0.0935498936211697,0.0173754265954696,0.16381920665042,"full_te_surface",2024
6.77405857740586,0.0981798719648879,0.0192315080622347,0.170773174286606,"full_te_surface",2024
7.06276150627615,0.102785211876999,0.0211648691739077,0.177599627684774,"full_te_surface",2024
7.35146443514644,0.107367037358005,0.0231704626727863,0.184306395796344,"full_te_surface",2024
7.64016736401674,0.111926451452776,0.025244010633258,0.190900454849601,"full_te_surface",2024
7.92887029288703,0.116464536507262,0.0273820037625716,0.197387958819173,"full_te_surface",2024
8.21757322175732,0.120982354411942,0.0295816897939619,0.203774276382811,"full_te_surface",2024
8.50627615062761,0.125480946832427,0.031841052092798,0.210064033383894,"full_te_surface",2024
8.79497907949791,0.129961335427593,0.0341587794209478,0.216261159989515,"full_te_surface",2024
9.0836820083682,0.134424522055662,0.036534227695216,0.222368941839731,"full_te_surface",2024
9.37238493723849,0.138871488968596,0.0389673744994937,0.228390074556555,"full_te_surface",2024
9.66108786610879,0.143303198995195,0.0414587670473465,0.234326721041412,"full_te_surface",2024
9.94979079497908,0.147720595713272,0.0440094642306575,0.240180571048458,"full_te_surface",2024
10.2384937238494,0.152124603611254,0.0466209733242642,0.245952902584795,"full_te_surface",2024
10.5271966527197,0.156516128239611,0.0492951818435642,0.25164464475994,"full_te_surface",2024
10.81589958159,0.160896056352423,0.0520342849710849,0.257256441786568,"full_te_surface",2024
11.1046025104602,0.165265256039477,0.0548407088798843,0.26278871792174,"full_te_surface",2024
11.3933054393305,0.169624576849227,0.0577170301879957,0.268241743230918,"full_te_surface",2024
11.6820083682008,0.173974849902957,0.0606658916810905,0.273615700153847,"full_te_surface",2024
11.9707112970711,0.178316888000506,0.0636899143425329,0.278910750949477,"full_te_surface",2024
12.2594142259414,0.18265148571787,0.0667916056336378,0.284127106193885,"full_te_surface",2024
12.5481171548117,0.186979343501126,0.0699730588913681,0.289265118378274,"full_te_surface",2024
12.836820083682,0.191299790489119,0.0732323864474675,0.294325762683902,"full_te_surface",2024
13.1255230125523,0.195611003830005,0.0765641819419456,0.299310634798558,"full_te_surface",2024
13.4142259414226,0.19991115996671,0.0799626651647826,0.304221548726098,"full_te_surface",2024
13.7029288702929,0.204198473357869,0.0834218756332297,0.309060457619508,"full_te_surface",2024
13.9916317991632,0.208471196218968,0.0869357498524238,0.313829396875664,"full_te_surface",2024
14.2803347280335,0.21272761822444,0.0904981882675645,0.318530435991148,"full_te_surface",2024
14.5690376569038,0.216966066172196,0.094103113368964,0.32316563775147,"full_te_surface",2024
14.8577405857741,0.221184903611988,0.0977445201279981,0.327737023611188,"full_te_surface",2024
15.1464435146443,0.225382530439019,0.101416519713789,0.332246544352297,"full_te_surface",2024
15.4351464435146,0.229557382454174,0.105113377257098,0.336696055293031,"full_te_surface",2024
15.7238493723849,0.233707930892231,0.108829544281088,0.341087295467211,"full_te_surface",2024
16.0125523012552,0.23783268191937,0.112559686301601,0.345421870312236,"full_te_surface",2024
16.3012552301255,0.241930176101287,0.116298706007026,0.349701237497118,"full_te_surface",2024
16.5899581589958,0.245998987843167,0.120041762355225,0.353926695595035,"full_te_surface",2024
16.8786610878661,0.25003772480276,0.123784285868817,0.358099375361335,"full_te_surface",2024
17.1673640167364,0.254045027277756,0.127521990367421,0.362220233420694,"full_te_surface",2024
17.4560669456067,0.258019567568619,0.131250881343711,0.366290048198745,"full_te_surface",2024
17.744769874477,0.261960049318016,0.134967261167237,0.370309417956061,"full_te_surface",2024
18.0334728033473,0.265865206827933,0.138667731284169,0.374278760797705,"full_te_surface",2024
18.3221757322176,0.269733804355515,0.142349191570686,0.378198316541292,"full_te_surface",2024
18.6108786610879,0.273564635388663,0.146008836991435,0.382068150332004,"full_te_surface",2024
18.8995815899582,0.27735652190235,0.149644151710948,0.385888157895566,"full_te_surface",2024
19.1882845188284,0.281108313596584,0.153252900804121,0.389658072320842,"full_te_surface",2024
19.4769874476987,0.284818887116913,0.156833119710848,0.393377472263516,"full_te_surface",2024
19.765690376569,0.288487145258324,0.160383101578838,0.397045791462015,"full_te_surface",2024
20.0543933054393,0.292112016153319,0.16390138263691,0.400662329457118,"full_te_surface",2024
20.3430962343096,0.295692452444957,0.167386725737994,0.404226263408212,"full_te_surface",2024
20.6317991631799,0.299227430445546,0.170838102206374,0.407736660902163,"full_te_surface",2024
20.9205020920502,0.302715949281677,0.174254672117047,0.41119249365578,"full_te_surface",2024
21.2092050209205,0.306157030026225,0.177635763126246,0.414592652019796,"full_te_surface",2024
21.4979079497908,0.309549714817875,0.180980847961181,0.417935960201473,"full_te_surface",2024
21.7866108786611,0.31289306596873,0.184289520663915,0.421221192134112,"full_te_surface",2024
22.0753138075314,0.316186165060486,0.187561471669125,0.424447087934942,"full_te_surface",2024
22.3640167364017,0.319428112029587,0.190796461778538,0.427612370907786,"full_te_surface",2024
22.652719665272,0.322618024241798,0.193994295076319,0.43071576506331,"full_te_surface",2024
22.9414225941423,0.325755059461761,0.19715480878909,0.433756040618811,"full_te_surface",2024
23.2301255230125,0.328839262375986,0.200278463688578,0.436733018588364,"full_te_surface",2024
23.5188284518828,0.331871773752828,0.203366395273278,0.439647883218128,"full_te_surface",2024
23.8075313807531,0.33485378308919,0.206419593497252,0.442501999488025,"full_te_surface",2024
24.0962343096234,0.337786457844997,0.209438868106354,0.445296818017015,"full_te_surface",2024
24.3849372384937,0.340670944073795,0.212424867590273,0.448033862295203,"full_te_surface",2024
24.673640167364,0.343508367034055,0.215378096685679,0.450714717071006,"full_te_surface",2024
24.9623430962343,0.346299831781771,0.218298932554687,0.453341017781793,"full_te_surface",2024
25.2510460251046,0.349046423744882,0.221187639754133,0.455914440924442,"full_te_surface",2024
25.5397489539749,0.35174920928008,0.22404438410227,0.458436695270485,"full_te_surface",2024
25.8284518828452,0.354409236212493,0.226869245540668,0.460909513838696,"full_te_surface",2024
26.1171548117155,0.357027534358749,0.229662230080434,0.463334646546079,"full_te_surface",2024
26.4058577405858,0.359605116033905,0.232423280913525,0.465713853465967,"full_te_surface",2024
26.6945606694561,0.362142976542675,0.235152288761918,0.468048898629455,"full_te_surface",2024
26.9832635983264,0.364642094655435,0.237849101529829,0.470341544313443,"full_te_surface",2024
27.2719665271966,0.367103433069396,0.240513533316988,0.472593545765278,"full_te_surface",2024
27.5606694560669,0.369527938855378,0.243145372844287,0.474806646320247,"full_te_surface",2024
27.8493723849372,0.371916543890577,0.245744391336819,0.476982572874019,"full_te_surface",2024
28.1380753138075,0.3742701652777,0.248310349903505,0.479123031677588,"full_te_surface",2024
28.4267782426778,0.376589705750835,0.250843006447086,0.48122970442726,"full_te_surface",2024
28.7154811715481,0.378876054068424,0.253342122133303,0.483304244626896,"full_te_surface",2024
29.0041841004184,0.381130085393658,0.255807467443501,0.485348274203781,"full_te_surface",2024
29.2928870292887,0.383352661662645,0.25823882783076,0.487363380363369,"full_te_surface",2024
29.581589958159,0.385544631940653,0.260636008995892,0.489351112671581,"full_te_surface",2024
29.8702928870293,0.387706832766739,0.262998841796294,0.491312980356382,"full_te_surface",2024
30.1589958158996,0.389840088487058,0.265327186797662,0.493250449823103,"full_te_surface",2024
30.4476987447699,0.391945211577139,0.267620938476014,0.495164942380236,"full_te_surface",2024
30.7364016736402,0.394023002953397,0.269880029075224,0.497057832174471,"full_te_surface",2024
31.0251046025105,0.396074252274146,0.272104432123442,0.498930444335272,"full_te_surface",2024
31.3138075313807,0.398099738230375,0.2742941656103,0.500784053330624,"full_te_surface",2024
31.602510460251,0.400100228826523,0.276449294825666,0.502619881536456,"full_te_surface",2024
31.8912133891213,0.402076481651493,0.278569934859888,0.504439098022864,"full_te_surface",2024
32.1799163179916,0.404029244140145,0.28065625276505,0.506242817560547,"full_te_surface",2024
32.4686192468619,0.405959253825465,0.282708469376534,0.508032099850848,"full_te_surface",2024
32.7573221757322,0.407867238581656,0.284726860794342,0.509807948982547,"full_te_surface",2024
33.0460251046025,0.409753916858319,0.286711759523965,0.51157131311798,"full_te_surface",2024
33.3347280334728,0.411619997905963,0.288663555277201,0.51332308441038,"full_te_surface",2024
33.6234309623431,0.413466181993004,0.290582695434129,0.515064099153335,"full_te_surface",2024
33.9121338912134,0.415293160614454,0.292469685168376,0.516795138162251,"full_te_surface",2024
34.2008368200837,0.417101616692482,0.294325087238934,0.518516927386421,"full_te_surface",2024
34.489539748954,0.41889222476901,0.296149521452947,0.520230138749083,"full_te_surface",2024
34.7782426778243,0.420665651190521,0.297943663805136,0.521935391211475,"full_te_surface",2024
35.0669456066946,0.422422554285245,0.299708245300783,0.523633252055546,"full_te_surface",2024
35.3556485355649,0.424163584532861,0.301444050470442,0.525324238378685,"full_te_surface",2024
35.6443514644351,0.4258893847269,0.303151915585737,0.52700881879254,"full_te_surface",2024
35.9330543933054,0.427600590129961,0.30483272658672,0.528687415316823,"full_te_surface",2024
36.2217573221757,0.429297828621915,0.306487416732283,0.530360405457949,"full_te_surface",2024
36.510460251046,0.430981720841219,0.30811696398598,0.532028124461402,"full_te_surface",2024
36.7991631799163,0.432652880319475,0.309722388150368,0.533690867725976,"full_te_surface",2024
37.0878661087866,0.434311913609376,0.311304747763533,0.535348893367409,"full_te_surface",2024
37.3765690376569,0.435959420406161,0.312865136771877,0.537002424918537,"full_te_surface",2024
37.6652719665272,0.437595993662697,0.314404680993467,0.538651654152798,"full_te_surface",2024
37.9539748953975,0.439222219698328,0.315924534386301,0.540296744017927,"full_te_surface",2024
38.2426778242678,0.440838678301586,0.317425875135727,0.541937831666723,"full_te_surface",2024
38.5313807531381,0.442445942826893,0.318909901574993,0.543575031572096,"full_te_surface",2024
38.8200836820084,0.444044580285377,0.320377827952456,0.545208438714033,"full_te_surface",2024
39.1087866108787,0.44563515142988,0.32183088005846,0.54683813182667,"full_te_surface",2024
39.397489539749,0.447218210834303,0.323270290724197,0.54846417669437,"full_te_surface",2024
39.6861924686192,0.448794306119493,0.324697293779989,0.550086629051202,"full_te_surface",2024
39.9748953974895,0.450363833208489,0.326112872214151,0.551705466109945,"full_te_surface",2024
40.2635983263598,0.451926874703496,0.327517455556276,0.553320523849798,"full_te_surface",2024
40.5523012552301,0.453483472995537,0.328911359740124,0.554931649307374,"full_te_surface",2024
40.8410041841004,0.455033670178032,0.330294855084968,0.556538720219469,"full_te_surface",2024
41.1297071129707,0.45657750804913,0.331668168287083,0.558141643498818,"full_te_surface",2024
41.418410041841,0.458115028114022,0.333031484368453,0.559740353743951,"full_te_surface",2024
41.7071129707113,0.459646271587239,0.334384948581483,0.561334811784503,"full_te_surface",2024
41.9958158995816,0.461171279394918,0.335728668268957,0.562925003262877,"full_te_surface",2024
42.2845188284519,0.462690092177054,0.337062714678924,0.564510937252718,"full_te_surface",2024
42.5732217573222,0.464202750289731,0.338387124734525,0.566092644914299,"full_te_surface",2024
42.8619246861925,0.465709293807333,0.339701902759092,0.567670178186646,"full_te_surface",2024
43.1506276150628,0.46720976252473,0.341007022157067,0.569243608515943,"full_te_surface",2024
43.4393305439331,0.468704195959447,0.342302427051512,0.570813025619594,"full_te_surface",2024
43.7280334728033,0.470192633353815,0.343588033879122,0.572378536285131,"full_te_surface",2024
44.0167364016736,0.471675113677102,0.34486373294377,0.573940263203066,"full_te_surface",2024
44.3054393305439,0.473151675627618,0.34612938992971,0.57549834383266,"full_te_surface",2024
44.5941422594142,0.474622357634809,0.347384847375609,0.57705292929956,"full_te_surface",2024
44.8828451882845,0.476087197861328,0.348629926110591,0.578604183324213,"full_te_surface",2024
45.1715481171548,0.477546234205088,0.349864426653533,0.580152281179941,"full_te_surface",2024
45.4602510460251,0.478999504301293,0.351088130576758,0.581697408679613,"full_te_surface",2024
45.7489539748954,0.480447045524457,0.352300801835319,0.583239761189833,"full_te_surface",2024
46.0376569037657,0.481888894990397,0.353502188062958,0.584779542671657,"full_te_surface",2024
46.326359832636,0.483325089558215,0.354692021835786,0.58631696474688,"full_te_surface",2024
46.6150627615063,0.484755665832256,0.355870021904677,0.58785224578901,"full_te_surface",2024
46.9037656903766,0.486180660164052,0.357035894397239,0.589385610038141,"full_te_surface",2024
47.1924686192469,0.487600108654244,0.358189333990195,0.590917286738996,"full_te_surface",2024
47.4811715481172,0.489014047154493,0.359330025052861,0.592447509301533,"full_te_surface",2024
47.7698744769874,0.49042251126937,0.360457642762358,0.59397651448358,"full_te_surface",2024
48.0585774058577,0.491825536358226,0.361571854191056,0.59550454159506,"full_te_surface",2024
48.347280334728,0.493223157537048,0.362672319366678,0.5970318317235,"full_te_surface",2024
48.6359832635983,0.494615409680301,0.363758692305381,0.598558626980563,"full_te_surface",2024
48.9246861924686,0.496002327422749,0.364830622018023,0.600085169769482,"full_te_surface",2024
49.2133891213389,0.497383945161256,0.365887753489758,0.601611702073345,"full_te_surface",2024
49.5020920502092,0.498760297056584,0.366929728632987,0.603138464764285,"full_te_surface",2024
49.7907949790795,0.500131417035159,0.367956187213612,0.604665696933693,"full_te_surface",2024
50.0794979079498,0.501497338790831,0.368966767750476,0.606193635243667,"full_te_surface",2024
50.3682008368201,0.502858095786613,0.369961108387769,0.60772251329998,"full_te_surface",2024
50.6569037656904,0.504213721256412,0.370938847740159,0.609252561046907,"full_te_surface",2024
50.9456066945607,0.50556424820673,0.371899625710297,0.610784004184308,"full_te_surface",2024
51.234309623431,0.506909709418367,0.372843084278349,0.612317063607427,"full_te_surface",2024
51.5230125523013,0.508250137448093,0.37376886826313,0.613851954869873,"full_te_surface",2024
51.8117154811715,0.509585564630318,0.374676626054405,0.615388887670319,"full_te_surface",2024
52.1004184100418,0.510916023078734,0.375566010315898,0.616928065363429,"full_te_surface",2024
52.3891213389121,0.512241544687956,0.376436678658547,0.618469684495576,"full_te_surface",2024
52.6778242677824,0.513562161135138,0.377288294283529,0.620013934365873,"full_te_surface",2024
52.9665271966527,0.514877903881575,0.378120526594608,0.621560996613055,"full_te_surface",2024
53.255230125523,0.516188804174299,0.378933051779366,0.623111044828712,"full_te_surface",2024
53.5439330543933,0.517494893047649,0.37972555335892,0.624664244197351,"full_te_surface",2024
53.8326359832636,0.518796201324838,0.380497722705759,0.626220751163722,"full_te_surface",2024
54.1213389121339,0.520092759619498,0.381249259529383,0.627780713127784,"full_te_surface",2024
54.4100418410042,0.521384598337213,0.381979872329503,0.62934426816765,"full_te_surface",2024
54.6987447698745,0.522671747677041,0.382689278816585,0.630911544790757,"full_te_surface",2024
54.9874476987448,0.523954237633019,0.383377206299649,0.632482661713465,"full_te_surface",2024
55.2761506276151,0.525232097995657,0.384043392041254,0.634057727669183,"full_te_surface",2024
55.5648535564854,0.526505358353416,0.384687583579729,0.635636841245057,"full_te_surface",2024
55.8535564853556,0.527774048094179,0.385309539018765,0.63722009074716,"full_te_surface",2024
56.1422594142259,0.529038196406695,0.385909027284596,0.638807554094021,"full_te_surface",2024
56.4309623430962,0.530297832282029,0.386485828351071,0.640399298738275,"full_te_surface",2024
56.7196652719665,0.531552984514983,0.387039733433026,0.641995381616073,"full_te_surface",2024
57.0083682008368,0.532803681705512,0.387570545148447,0.643595849123829,"full_te_surface",2024
57.2970711297071,0.534049952260128,0.38807807765002,0.645200737121792,"full_te_surface",2024
57.5857740585774,0.535291824393286,0.388562156726744,0.646810070963814,"full_te_surface",2024
57.8744769874477,0.536529326128765,0.389022619876366,0.648423865552617,"full_te_surface",2024
58.163179916318,0.537762485301027,0.389459316349508,0.650042125419776,"full_te_surface",2024
58.4518828451883,0.538991329556577,0.389872107166396,0.65166484482955,"full_te_surface",2024
58.7405857740586,0.540215886355296,0.39026086510721,0.653292007905615,"full_te_surface",2024
59.0292887029289,0.541436182971774,0.390625474677119,0.654923588779696,"full_te_surface",2024
59.3179916317992,0.542652246496628,0.390965832047137,0.656559551761028,"full_te_surface",2024
59.6066945606695,0.543864103837803,0.391281844972001,0.658199851525505,"full_te_surface",2024
59.8953974895397,0.545071781721867,0.391573432686285,0.659844433323364,"full_te_surface",2024
60.18410041841,0.546275306695294,0.39184052578005,0.661493233204166,"full_te_surface",2024
60.4728033472803,0.547474705125734,0.392083066055321,0.66314617825784,"full_te_surface",2024
60.7615062761506,0.548670003203273,0.392301006364743,0.664803186870514,"full_te_surface",2024
61.0502092050209,0.549861226941678,0.392494310433745,0.66646416899384,"full_te_surface",2024
61.3389121338912,0.551048402179641,0.392662952667589,0.668129026426515,"full_te_surface",2024
61.6276150627615,0.552231554581996,0.392806917944655,0.669797653106691,"full_te_surface",2024
61.9163179916318,0.553410709640942,0.392926201397322,0.671469935413998,"full_te_surface",2024
62.2050209205021,0.554585892677243,0.393020808181776,0.67314575247986,"full_te_surface",2024
62.4937238493724,0.555757128841425,0.393090753238082,0.674824976504877,"full_te_surface",2024
62.7824267782427,0.556924443114958,0.393136061041809,0.67650747308201,"full_te_surface",2024
63.071129707113,0.558087860311428,0.393156765348467,0.678193101524364,"full_te_surface",2024
63.3598326359833,0.5592474050777,0.393152908932,0.679881715196402,"full_te_surface",2024
63.6485355648536,0.560403101895072,0.393124543318504,0.681573161847449,"full_te_surface",2024
63.9372384937238,0.561554975080417,0.393071728516329,0.683267283946409,"full_te_surface",2024
64.2259414225941,0.562703048787311,0.392994532743653,0.684963919016639,"full_te_surface",2024
64.5146443514644,0.56384734700716,0.392893032154558,0.686662899970008,"full_te_surface",2024
64.8033472803347,0.564987893570313,0.392767310564617,0.688364055439196,"full_te_surface",2024
65.092050209205,0.566124712147159,0.392617459176903,0.690067210107356,"full_te_surface",2024
65.3807531380753,0.567257826249224,0.392443576309306,0.691772185034318,"full_te_surface",2024
65.6694560669456,0.568387259230253,0.392245767123969,0.69347879797857,"full_te_surface",2024
65.9581589958159,0.569513034287285,0.392024143359593,0.695186863714312,"full_te_surface",2024
66.2468619246862,0.570635174461715,0.391778823067318,0.696896194342923,"full_te_surface",2024
66.5355648535565,0.571753702640352,0.39150993035081,0.698606599598281,"full_te_surface",2024
66.8242677824268,0.572868641556462,0.391217595111136,0.700317887145362,"full_te_surface",2024
67.1129707112971,0.573980013790805,0.390901952796949,0.702029862871684,"full_te_surface",2024
67.4016736401674,0.575087841772667,0.390563144160454,0.703742331171146,"full_te_surface",2024
67.6903765690377,0.57619214778087,0.390201315019559,0.705455095219903,"full_te_surface",2024
67.979079497908,0.57729295394479,0.389816616026583,0.707167957243971,"full_te_surface",2024
68.2677824267782,0.578390282245353,0.389409202443828,0.708880718778274,"full_te_surface",2024
68.5564853556485,0.579484154516029,0.388979233926266,0.710593180916932,"full_te_surface",2024
68.8451882845188,0.580574592443817,0.388526874311584,0.712305144554609,"full_te_surface",2024
69.1338912133891,0.581661617570215,0.388052291417736,0.71401641061878,"full_te_surface",2024
69.4225941422594,0.582745251292191,0.387555656848144,0.715726780292837,"full_te_surface",2024
69.7112970711297,0.583825514863141,0.387037145804656,0.717436055229975,"full_te_surface",2024
70,0.584902429393834,0.386496936908296,0.719144037757827,"full_te_surface",2024
1,0,0,0,"full_te_surface",2025
1.28870292887029,0.00506966780513196,0,0.0106559757641319,"full_te_surface",2025
1.57740585774059,0.0101133904558477,0,0.0211885605049756,"full_te_surface",2025
1.86610878661088,0.0151309167198306,0,0.0315838489124292,"full_te_surface",2025
2.15481171548117,0.0201219987529777,0,0.0418285470204922,"full_te_surface",2025
2.44351464435146,0.0250863957999025,0,0.0519101820755556,"full_te_surface",2025
2.73221757322176,0.0300238740940431,0,0.0618171544760419,"full_te_surface",2025
3.02092050209205,0.0349342067573915,0,0.0715387890603136,"full_te_surface",2025
3.30962343096234,0.0398171736998858,0,0.0810653877621315,"full_te_surface",2025
3.59832635983264,0.0446725615185074,0,0.0903882857321432,"full_te_surface",2025
3.88702928870293,0.0495001633961204,0,0.0994999131341581,"full_te_surface",2025
4.17573221757322,0.0542997790000954,0,0.108393864962818,"full_te_surface",2025
4.46443514644351,0.0590712143807516,0,0.117064981388215,"full_te_surface",2025
4.75313807531381,0.0638142818696582,0,0.12550944130199,"full_te_surface",2025
5.0418410041841,0.0685288000493208,0,0.133724872656858,"full_te_surface",2025
5.33054393305439,0.0732149305952696,0,0.141713931527759,"full_te_surface",2025
5.61924686192469,0.0778739445793976,0.000225896059884101,0.149491411375372,"full_te_surface",2025
5.90794979079498,0.0825073182685587,0.0013447764383645,0.157073631449545,"full_te_surface",2025
6.19665271966527,0.0871165005580276,0.00259467548835068,0.164475802290858,"full_te_surface",2025
6.48535564853556,0.0917029133309458,0.0039653235617132,0.17171197231645,"full_te_surface",2025
6.77405857740586,0.0962679517954762,0.00544733883495441,0.178795003177406,"full_te_surface",2025
7.06276150627615,0.100812984800346,0.00703230169438496,0.185736565566695,"full_te_surface",2025
7.35146443514644,0.105339355129446,0.00871280586423973,0.192547150598441,"full_te_surface",2025
7.64016736401674,0.109848379776154,0.0104824894874208,0.199236093784047,"full_te_surface",2025
7.92887029288703,0.114341350198018,0.0123360483088525,0.205811609681633,"full_te_surface",2025
8.21757322175732,0.118819532552441,0.0142692325368942,0.212280835862048,"full_te_surface",2025
8.50627615062761,0.123284167913996,0.0162788286600056,0.21864988512624,"full_te_surface",2025
8.79497907949791,0.127736472473989,0.0183626273513801,0.2249239050473,"full_te_surface",2025
9.0836820083682,0.132177637722871,0.0205193785292885,0.231107143970407,"full_te_surface",2025
9.37238493723849,0.136608830616119,0.0227487346097118,0.237203022630669,"full_te_surface",2025
9.66108786610879,0.141031193724154,0.0250511829622949,0.243214210570792,"full_te_surface",2025
9.94979079497908,0.145445845366922,0.0274279685441086,0.249142706574146,"full_te_surface",2025
10.2384937238494,0.149853879733681,0.029881007629203,0.25498992238302,"full_te_surface",2025
10.5271966527197,0.154256366988607,0.0324127934719143,0.26075676905041,"full_te_surface",2025
10.81589958159,0.158654353362765,0.0350262946384013,0.266443745376281,"full_te_surface",2025
11.1046025104602,0.163048861233038,0.0377248466164826,0.272051028003491,"full_te_surface",2025
11.3933054393305,0.167440889188561,0.0405120371724895,0.277578562890482,"full_te_surface",2025
11.6820083682008,0.171831412085233,0.0433915857704777,0.283026158032332,"full_te_surface",2025
11.9707112970711,0.176221381088867,0.0463672172089994,0.288393577463812,"full_te_surface",2025
12.2594142259414,0.180611723707529,0.0494425294692031,0.293680636741896,"full_te_surface",2025
12.5481171548117,0.185003251132217,0.052620601147627,0.298887329121077,"full_te_surface",2025
12.836820083682,0.189395100709544,0.0558995313945888,0.304014430027448,"full_te_surface",2025
13.1255230125523,0.193785003996616,0.0592729583289866,0.309063531727362,"full_te_surface",2025
13.4142259414226,0.198170691215762,0.0627339572020124,0.314036558386249,"full_te_surface",2025
13.7029288702929,0.202549938681975,0.0662752958161901,0.318935659036676,"full_te_surface",2025
13.9916317991632,0.206920568676134,0.0698895441996207,0.323763128920273,"full_te_surface",2025
14.2803347280335,0.211280449257952,0.073569170038153,0.328521342766241,"full_te_surface",2025
14.5690376569038,0.215627494020753,0.077306621875696,0.333212698039674,"full_te_surface",2025
14.8577405857741,0.219959661790163,0.0810944017048134,0.337839566585102,"full_te_surface",2025
15.1464435146443,0.224274956268783,0.0849251282547016,0.342404253409234,"full_te_surface",2025
15.4351464435146,0.228571425628885,0.0887915920288872,0.346908961604844,"full_te_surface",2025
15.7238493723849,0.23284716205515,0.0926868029399466,0.3513557626255,"full_te_surface",2025
16.0125523012552,0.23710030123943,0.0966040312245499,0.355746571287131,"full_te_surface",2025
16.3012552301255,0.241329021829486,0.10053684219209,0.360083125004297,"full_te_surface",2025
16.5899581589958,0.245531544833609,0.104479125258307,0.364366966872381,"full_te_surface",2025
16.8786610878661,0.249706132983003,0.108425117636829,0.368599432286369,"full_te_surface",2025
17.1673640167364,0.253851090053757,0.112369423002507,0.372781638846654,"full_te_surface",2025
17.4560669456067,0.257964760150185,0.116307025397354,0.376914479345547,"full_te_surface",2025
17.744769874477,0.262045526951262,0.120233298619989,0.380998617658054,"full_te_surface",2025
18.0334728033473,0.266091812921852,0.124144011320069,0.385034487379448,"full_te_surface",2025
18.3221757322176,0.270102078490345,0.128035328007983,0.389022293062588,"full_te_surface",2025
18.6108786610879,0.274074821194281,0.131903806185081,0.392962013911943,"full_te_surface",2025
18.8995815899582,0.278008574795477,0.135746389798864,0.396853409790739,"full_te_surface",2025
19.1882845188284,0.281901908366114,0.139560399229348,0.400696029394306,"full_te_surface",2025
19.4769874476987,0.285753425347182,0.143343518015547,0.404489220438139,"full_te_surface",2025
19.765690376569,0.289561762580623,0.147093776533494,0.408232141704648,"full_te_surface",2025
20.0543933054393,0.29332558931643,0.150809532838199,0.411923776789384,"full_te_surface",2025
20.3430962343096,0.297043606195935,0.154489450880607,0.415562949386409,"full_te_surface",2025
20.6317991631799,0.300714544212401,0.158132476306153,0.419148339954376,"full_te_surface",2025
20.9205020920502,0.30433716365002,0.161737810033558,0.422678503610103,"full_te_surface",2025
21.2092050209205,0.307910253002305,0.165304879800648,0.426151889105407,"full_te_surface",2025
21.4979079497908,0.311432627870833,0.168833309848262,0.429566858755721,"full_te_surface",2025
21.7866108786611,0.314903129845202,0.172322888893687,0.432921709205497,"full_te_surface",2025
22.0753138075314,0.318320625365008,0.175773536521941,0.436214692935392,"full_te_surface",2025
22.3640167364017,0.321684004564575,0.179185268096751,0.43944404043934,"full_te_surface",2025
22.652719665272,0.324992180101094,0.182558158263955,0.442607983025415,"full_te_surface",2025
22.9414225941423,0.328244113387856,0.185892322098719,0.445704808531744,"full_te_surface",2025
23.2301255230125,0.331439785295934,0.189188524878192,0.448734046816496,"full_te_surface",2025
23.5188284518828,0.334580434969132,0.192448200681158,0.451696847311403,"full_te_surface",2025
23.8075313807531,0.337667357906726,0.195672573050678,0.454594591600447,"full_te_surface",2025
24.0962343096234,0.340701824781062,0.198862623333409,0.457428779998216,"full_te_surface",2025
24.3849372384937,0.343685082166298,0.202019115773879,0.460201014979453,"full_te_surface",2025
24.673640167364,0.346618353244293,0.205142620678755,0.462912986123687,"full_te_surface",2025
24.9623430962343,0.34950283848832,0.208233535815844,0.465566456428831,"full_te_surface",2025
25.2510460251046,0.352339716325298,0.211292106202302,0.468163249856876,"full_te_surface",2025
25.5397489539749,0.355130143777182,0.214318442425625,0.47070523998462,"full_te_surface",2025
25.8284518828452,0.35787525708214,0.217312537629922,0.473194339642598,"full_te_surface",2025
26.1171548117155,0.36057617229612,0.220274283288831,0.475632491435531,"full_te_surface",2025
26.4058577405858,0.363233985875387,0.223203483875582,0.478021659047704,"full_te_surface",2025
26.6945606694561,0.365849775240583,0.226099870530159,0.480363819246407,"full_te_surface",2025
26.9832635983264,0.368424599322855,0.228963113813401,0.482660954505928,"full_te_surface",2025
27.2719665271966,0.370959499092563,0.231792835628259,0.484915046183556,"full_te_surface",2025
27.5606694560669,0.373455498071061,0.234588620379298,0.487128068187445,"full_te_surface",2025
27.8493723849372,0.375913602826039,0.237350025432965,0.489301981084193,"full_te_surface",2025
28.1380753138075,0.378334803450881,0.240076590933075,0.491438726601434,"full_te_surface",2025
28.4267782426778,0.380720074028485,0.242767849018442,0.493540222487693,"full_te_surface",2025
28.7154811715481,0.383070373079968,0.245423332482597,0.495608357698244,"full_te_surface",2025
29.0041841004184,0.385386643998677,0.248042582909054,0.497644987881645,"full_te_surface",2025
29.2928870292887,0.387669815469887,0.250625158309629,0.499651931147157,"full_te_surface",2025
29.581589958159,0.389920801876588,0.253170640287865,0.501630964098187,"full_te_surface",2025
29.8702928870293,0.392140503691706,0.255678640744707,0.50358381812144,"full_te_surface",2025
30.1589958158996,0.394329807857129,0.258148808139132,0.505512175925463,"full_te_surface",2025
30.4476987447699,0.396489588149871,0.260580833312555,0.507417668325778,"full_te_surface",2025
30.7364016736402,0.398620705535708,0.26297445488243,0.509301871276825,"full_te_surface",2025
31.0251046025105,0.40072400851059,0.265329464207621,0.511166303153462,"full_te_surface",2025
31.3138075313807,0.402800333430153,0.267645709925735,0.513012422286801,"full_te_surface",2025
31.602510460251,0.404850504827612,0.269923102060793,0.51484162476068,"full_te_surface",2025
31.8912133891213,0.406875335720315,0.272161615698284,0.516655242476115,"full_te_surface",2025
32.1799163179916,0.408875627905249,0.274361294223774,0.518454541491656,"full_te_surface",2025
32.4686192468619,0.410852172243743,0.27652225212092,0.520240720647666,"full_te_surface",2025
32.7573221757322,0.412805748935631,0.278644677324788,0.522014910482211,"full_te_surface",2025
33.0460251046025,0.414737127783124,0.280728833126899,0.523778172445526,"full_te_surface",2025
33.3347280334728,0.416647068444616,0.282775059629317,0.525531498418916,"full_te_surface",2025
33.6234309623431,0.418536320678666,0.284783774746301,0.527275810542507,"full_te_surface",2025
33.9121338912134,0.420405624578369,0.286755474753603,0.529011961354571,"full_te_surface",2025
34.2008368200837,0.42225571079633,0.288690734387212,0.530740734243216,"full_te_surface",2025
34.489539748954,0.424087300760451,0.29059020649531,0.532462844209113,"full_te_surface",2025
34.7782426778243,0.425901106880727,0.292454621249252,0.534178938935757,"full_te_surface",2025
35.0669456066946,0.427697832747243,0.294284784921512,0.535889600161482,"full_te_surface",2025
35.3556485355649,0.429478173319567,0.296081578240627,0.537595345345223,"full_te_surface",2025
35.6443514644351,0.431242815107706,0.297845954335272,0.539296629615849,"full_te_surface",2025
35.9330543933054,0.432992436344813,0.299578936281489,0.540993847992847,"full_te_surface",2025
36.2217573221757,0.43472770715181,0.301281614268931,0.542687337864277,"full_te_surface",2025
36.510460251046,0.436449289694086,0.302955142403511,0.54437738170626,"full_te_surface",2025
36.7991631799163,0.438157838330446,0.304600735165207,0.546064210026867,"full_te_surface",2025
37.0878661087866,0.439853999754443,0.306219663540843,0.547748004516172,"full_te_surface",2025
37.3765690376569,0.441538413128272,0.307813250852435,0.549428901383375,"full_te_surface",2025
37.6652719665272,0.443211710209344,0.309382868302192,0.551106994861437,"full_te_surface",2025
37.9539748953975,0.444874515469709,0.310929930255435,0.552782340859436,"full_te_surface",2025
38.2426778242678,0.446527446208452,0.312455889282608,0.554454960742943,"full_te_surface",2025
38.5313807531381,0.448171112657196,0.313962230981172,0.556124845223151,"full_te_surface",2025
38.8200836820084,0.449806118078869,0.31545046859751,0.557791958336089,"full_te_surface",2025
39.1087866108787,0.451433058859827,0.316922137468147,0.559456241494207,"full_te_surface",2025
39.397489539749,0.453052524595497,0.318378789298469,0.561117617593693,"full_te_surface",2025
39.6861924686192,0.454665097258392,0.319821984626952,0.562775994773819,"full_te_surface",2025
39.9748953974895,0.456271195649207,0.321252996526813,0.564431207551663,"full_te_surface",2025
40.2635983263598,0.457870901803368,0.322672450585983,0.566082969213697,"full_te_surface",2025
40.5523012552301,0.459464254592456,0.324080836769113,0.567731012882254,"full_te_surface",2025
40.8410041841004,0.461051292624883,0.325478588901748,0.569375108925934,"full_te_surface",2025
41.1297071129707,0.46263205424786,0.326866087018858,0.571015063194469,"full_te_surface",2025
41.418410041841,0.464206577549341,0.328243659667327,0.572650715288787,"full_te_surface",2025
41.7071129707113,0.465774900359952,0.32961158615955,0.5742819368693,"full_te_surface",2025
41.9958158995816,0.467337060254904,0.330970098776008,0.575908630004722,"full_te_surface",2025
42.2845188284519,0.468893094555886,0.332319384915398,0.577530725563029,"full_te_surface",2025
42.5732217573222,0.47044304033295,0.333659589191402,0.57914818164561,"full_te_surface",2025
42.8619246861925,0.471986934406367,0.334990815475729,0.580760982065188,"full_te_surface",2025
43.1506276150628,0.473524813348482,0.336313128887434,0.582369134867608,"full_te_surface",2025
43.4393305439331,0.475056713485537,0.337626557728911,0.583972670897295,"full_te_surface",2025
43.7280334728033,0.476582670899493,0.338931095369212,0.58557164240584,"full_te_surface",2025
44.0167364016736,0.478102721429827,0.340226702075606,0.587166121702965,"full_te_surface",2025
44.3054393305439,0.479616900675314,0.341513306794486,0.588756199848902,"full_te_surface",2025
44.5941422594142,0.481125243995802,0.342790808882843,0.590341985387082,"full_te_surface",2025
44.8828451882845,0.482627786513958,0.344059079791679,0.591923603115909,"full_te_surface",2025
45.1715481171548,0.484124563117013,0.345317964702767,0.59350119289834,"full_te_surface",2025
45.4602510460251,0.485615608458483,0.346567284120229,0.595074908507917,"full_te_surface",2025
45.7489539748954,0.487100956959877,0.347806835418414,0.596644916509907,"full_te_surface",2025
46.0376569037657,0.488580642812393,0.349036394347542,0.598211395176179,"full_te_surface",2025
46.326359832636,0.490054699978598,0.350255716498574,0.599774533432509,"full_te_surface",2025
46.6150627615063,0.491523162194089,0.351464538728691,0.60133452983701,"full_te_surface",2025
46.9037656903766,0.492986062969153,0.352662580548741,0.602891591588465,"full_te_surface",2025
47.1924686192469,0.494443435590393,0.353849545473921,0.604445933563405,"full_te_surface",2025
47.4811715481172,0.495895313122361,0.355025122338876,0.605997777380843,"full_te_surface",2025
47.7698744769874,0.49734172840916,0.356188986578324,0.607547350493673,"full_te_surface",2025
48.0585774058577,0.498782714076044,0.357340801474209,0.609094885305847,"full_te_surface",2025
48.347280334728,0.500218302530995,0.358480219370272,0.610640618314513,"full_te_surface",2025
48.6359832635983,0.501648525966297,0.359606882854869,0.612184789276428,"full_te_surface",2025
48.9246861924686,0.503073416360089,0.360720425912692,0.613727640398051,"full_te_surface",2025
49.2133891213389,0.504493005477903,0.361820475046012,0.615269415548824,"full_te_surface",2025
49.5020920502092,0.505907324874198,0.362906650365906,0.616810359497265,"full_te_surface",2025
49.7907949790795,0.507316405893872,0.363978566653864,0.618350717169575,"full_te_surface",2025
50.0794979079498,0.508720279673768,0.365035834394046,0.619890732930587,"full_te_surface",2025
50.3682008368201,0.510118977144162,0.366078060776375,0.621430649886965,"full_te_surface",2025
50.6569037656904,0.511512529030238,0.36710485067057,0.622970709212642,"full_te_surface",2025
50.9456066945607,0.51290096585356,0.368115807571118,0.624511149496592,"full_te_surface",2025
51.234309623431,0.514284317933516,0.369110534513127,0.626052206113087,"full_te_surface",2025
51.5230125523013,0.515662615388765,0.370088634958918,0.62759411061467,"full_te_surface",2025
51.8117154811715,0.517035888138662,0.371049713655161,0.629137090148135,"full_te_surface",2025
52.1004184100418,0.518404165904674,0.371993377460304,0.630681366893846,"full_te_surface",2025
52.3891213389121,0.519767478211785,0.372919236141988,0.632227157528806,"full_te_surface",2025
52.6778242677824,0.521125854389886,0.373826903144133,0.633774672713859,"full_te_surface",2025
52.9665271966527,0.52247932357516,0.374715996323326,0.635324116605506,"full_te_surface",2025
53.255230125523,0.523827914711444,0.375586138654151,0.63687568639277,"full_te_surface",2025
53.5439330543933,0.525171656551595,0.376436958903065,0.638429571859587,"full_te_surface",2025
53.8326359832636,0.526510577658827,0.377268092270476,0.639985954973175,"full_te_surface",2025
54.1213389121339,0.527844706408053,0.378079181000634,0.64154500949883,"full_te_surface",2025
54.4100418410042,0.529174070987202,0.378869874959029,0.643106900641565,"full_te_surface",2025
54.6987447698745,0.530498699398536,0.379639832176978,0.644671784714986,"full_te_surface",2025
54.9874476987448,0.53181861945995,0.380388719363141,0.646239808837741,"full_te_surface",2025
55.2761506276151,0.533133858806261,0.381116212381773,0.647811110657841,"full_te_surface",2025
55.5648535564854,0.534444444890489,0.38182199669754,0.649385818105084,"full_te_surface",2025
55.8535564853556,0.535750404985126,0.38250576778683,0.650964049171765,"full_te_surface",2025
56.1422594142259,0.537051766183391,0.383167231515525,0.652545911721757,"full_te_surface",2025
56.4309623430962,0.538348555400483,0.383806104483315,0.654131503327998,"full_te_surface",2025
56.7196652719665,0.539640799374815,0.384422114334671,0.65572091113832,"full_te_surface",2025
57.0083682008368,0.540928524669241,0.385015000036719,0.657314211769485,"full_te_surface",2025
57.2970711297071,0.542211757672272,0.385584512124313,0.658911471229201,"full_te_surface",2025
57.5857740585774,0.543490524599287,0.386130412912715,0.660512744865788,"full_te_surface",2025
57.8744769874477,0.544764851493723,0.386652476678358,0.662118077345109,"full_te_surface",2025
58.163179916318,0.546034764228268,0.38715048980828,0.663727502654259,"full_te_surface",2025
58.4518828451883,0.547300288506033,0.387624250918874,0.665341044131434,"full_te_surface",2025
58.7405857740586,0.54856144986172,0.388073570944716,0.666958714521317,"full_te_surface",2025
59.0292887029289,0.549818273662783,0.388498273198298,0.668580516055228,"full_te_surface",2025
59.3179916317992,0.551070785110569,0.388898193401551,0.670206440555215,"full_te_surface",2025
59.6066945606695,0.552319009241462,0.389273179690177,0.67183646956118,"full_te_surface",2025
59.8953974895397,0.553562970928009,0.389623092591789,0.673470574480085,"full_te_surface",2025
60.18410041841,0.55480269488004,0.389947804979018,0.675108716756183,"full_te_surface",2025
60.4728033472803,0.556038205645779,0.390247201998712,0.676750848061211,"full_te_surface",2025
60.7615062761506,0.557269527612941,0.390521180978467,0.678396910503393,"full_te_surface",2025
61.0502092050209,0.55849668500983,0.390769651311739,0.680046836854067,"full_te_surface",2025
61.3389121338912,0.559719701906418,0.390992534322828,0.681700550790737,"full_te_surface",2025
61.6276150627615,0.56093860221542,0.391189763113054,0.683357967155294,"full_te_surface",2025
61.9163179916318,0.562153409693356,0.391361282389472,0.68501899222614,"full_te_surface",2025
62.2050209205021,0.563364147941615,0.391507048277469,0.686683524002941,"full_te_surface",2025
62.4937238493724,0.564570840407493,0.391627028118603,0.688351452502727,"full_te_surface",2025
62.7824267782427,0.56577351038524,0.391721200255052,0.690022660066047,"full_te_surface",2025
63.071129707113,0.566972181017087,0.391789553802,0.691697021671912,"full_te_surface",2025
63.3598326359833,0.568166875294266,0.391832088409315,0.693374405260262,"full_te_surface",2025
63.6485355648536,0.569357616058027,0.391848814013812,0.695054672060712,"full_te_surface",2025
63.9372384937238,0.570544426000645,0.391839750583397,0.696737676926374,"full_te_surface",2025
64.2259414225941,0.571727327666412,0.391804927854341,0.698423268671559,"full_te_surface",2025
64.5146443514644,0.572906343452627,0.391744385062897,0.700111290412227,"full_te_surface",2025
64.8033472803347,0.574081495610583,0.391658170672435,0.701801579908064,"full_te_surface",2025
65.092050209205,0.57525280624653,0.39154634209722,0.703493969905142,"full_te_surface",2025
65.3807531380753,0.576420297322649,0.391408965423922,0.70518828847814,"full_te_surface",2025
65.6694560669456,0.577583990658003,0.391246115131869,0.706884359371159,"full_te_surface",2025
65.9581589958159,0.578743907929491,0.391057873813032,0.708582002336243,"full_te_surface",2025
66.2468619246862,0.579900070672785,0.390844331892654,0.710281033468721,"full_te_surface",2025
66.5355648535565,0.581052500283266,0.390605587351383,0.7119812655386,"full_te_surface",2025
66.8242677824268,0.582201218016952,0.390341745449717,0.713682508317254,"full_te_surface",2025
67.1129707112971,0.583346244991415,0.390052918455502,0.715384568898721,"full_te_surface",2025
67.4016736401674,0.58448760218669,0.389739225375175,0.717087252014997,"full_te_surface",2025
67.6903765690377,0.585625310446185,0.389400791689374,0.718790360344736,"full_te_surface",2025
67.979079497908,0.586759390477572,0.389037749093506,0.720493694814865,"full_te_surface",2025
68.2677824267782,0.587889862853679,0.388650235243757,0.72219705489463,"full_te_surface",2025
68.5564853556485,0.589016748013372,0.388238393509045,0.723900238881693,"full_te_surface",2025
68.8451882845188,0.59014006626243,0.387802372729294,0.725603044179907,"full_te_surface",2025
69.1338912133891,0.591259837774412,0.387342326980403,0.727305267568475,"full_te_surface",2025
69.4225941422594,0.592376082591521,0.386858415346211,0.729006705462237,"full_te_surface",2025
69.7112970711297,0.593488820625453,0.386350801697727,0.730707154162881,"full_te_surface",2025
70,0.59459807165825,0.385819654479833,0.732406410100902,"full_te_surface",2025
