"iso3","year","floor_pct","attributable_deaths","allcause_deaths","country","pfpr_pct","under5_person_years","ihme_malaria_deaths","who_cacode_deaths"
"AGO",2000,0,28075.2950769675,101578.121439593,"Angola",18.7513119732665,2957314.21324596,13107.4043980653,13176
"AGO",2000,1,26739.0686503597,101578.121439593,"Angola",18.7513119732665,2957314.21324596,13107.4043980653,13176
"AGO",2000,2,25364.1973723588,101578.121439593,"Angola",18.7513119732665,2957314.21324596,13107.4043980653,13176
"AGO",2000,5,21028.0060112092,101578.121439593,"Angola",18.7513119732665,2957314.21324596,13107.4043980653,13176
"AGO",2001,0,28819.1513061914,101320.071509346,"Angola",19.9350884571803,3078032.47742277,13734.3986815387,12732
"AGO",2001,1,27518.5971047343,101320.071509346,"Angola",19.9350884571803,3078032.47742277,13734.3986815387,12732
"AGO",2001,2,26180.5803796112,101320.071509346,"Angola",19.9350884571803,3078032.47742277,13734.3986815387,12732
"AGO",2001,5,21961.4410653203,101320.071509346,"Angola",19.9350884571803,3078032.47742277,13734.3986815387,12732
"AGO",2002,0,27924.6945241072,100550.442905953,"Angola",19.2672192888403,3204363.5429776,14220.5654143045,11945
"AGO",2002,1,26626.7955961139,100550.442905953,"Angola",19.2672192888403,3204363.5429776,14220.5654143045,11945
"AGO",2002,2,25291.5267272848,100550.442905953,"Angola",19.2672192888403,3204363.5429776,14220.5654143045,11945
"AGO",2002,5,21081.1186009633,100550.442905953,"Angola",19.2672192888403,3204363.5429776,14220.5654143045,11945
"AGO",2003,0,28287.1528117984,99534.2913332167,"Angola",20.3441997893012,3338210.20982934,15120.6811885716,10878
"AGO",2003,1,27031.929472145,99534.2913332167,"Angola",20.3441997893012,3338210.20982934,15120.6811885716,10878
"AGO",2003,2,25740.7173483985,99534.2913332167,"Angola",20.3441997893012,3338210.20982934,15120.6811885716,10878
"AGO",2003,5,21670.0502368591,99534.2913332167,"Angola",20.3441997893012,3338210.20982934,15120.6811885716,10878
"AGO",2004,0,27747.7831624454,98321.2956577714,"Angola",20.3357243060436,3481103.45964881,16840.2384014899,9582
"AGO",2004,1,26515.8869569489,98321.2956577714,"Angola",20.3357243060436,3481103.45964881,16840.2384014899,9582
"AGO",2004,2,25248.7494626974,98321.2956577714,"Angola",20.3357243060436,3481103.45964881,16840.2384014899,9582
"AGO",2004,5,21254.3894785815,98321.2956577714,"Angola",20.3357243060436,3481103.45964881,16840.2384014899,9582
"AGO",2005,0,26863.9964684062,96551.420798192,"Angola",20.1035553415068,3634674.43471266,17036.3618753842,8765
"AGO",2005,1,25659.5414567401,96551.420798192,"Angola",20.1035553415068,3634674.43471266,17036.3618753842,8765
"AGO",2005,2,24420.7118263527,96551.420798192,"Angola",20.1035553415068,3634674.43471266,17036.3618753842,8765
"AGO",2005,5,20516.0091034185,96551.420798192,"Angola",20.1035553415068,3634674.43471266,17036.3618753842,8765
"AGO",2006,0,25034.9290658313,97468.8600073158,"Angola",17.7577417027276,3797040.66718965,16033.85231336,7502
"AGO",2006,1,23780.4785760504,97468.8600073158,"Angola",17.7577417027276,3797040.66718965,16033.85231336,7502
"AGO",2006,2,22490.3003632317,97468.8600073158,"Angola",17.7577417027276,3797040.66718965,16033.85231336,7502
"AGO",2006,5,18424.1686489158,97468.8600073158,"Angola",17.7577417027276,3797040.66718965,16033.85231336,7502
"AGO",2007,0,21851.224432708,93947.0181854545,"Angola",15.3360225930226,3966863.80927856,14264.5952262389,6286
"AGO",2007,1,20589.5823446252,93947.0181854545,"Angola",15.3360225930226,3966863.80927856,14264.5952262389,6286
"AGO",2007,2,19291.7435318517,93947.0181854545,"Angola",15.3360225930226,3966863.80927856,14264.5952262389,6286
"AGO",2007,5,15199.969995506,93947.0181854545,"Angola",15.3360225930226,3966863.80927856,14264.5952262389,6286
"AGO",2008,0,18649.2802314167,91206.6914667533,"Angola",12.8976230688025,4142253.32846828,11786.116586455,5172
"AGO",2008,1,17363.7658624869,91206.6914667533,"Angola",12.8976230688025,4142253.32846828,11786.116586455,5172
"AGO",2008,2,16041.106956657,91206.6914667533,"Angola",12.8976230688025,4142253.32846828,11786.116586455,5172
"AGO",2008,5,11869.5988225002,91206.6914667533,"Angola",12.8976230688025,4142253.32846828,11786.116586455,5172
"AGO",2009,0,16316.4040465617,89622.9113467394,"Angola",11.1637191997621,4317218.22437348,9249.86913522215,4304
"AGO",2009,1,15006.7850519157,89622.9113467394,"Angola",11.1637191997621,4317218.22437348,9249.86913522215,4304
"AGO",2009,2,13659.1605631769,89622.9113467394,"Angola",11.1637191997621,4317218.22437348,9249.86913522215,4304
"AGO",2009,5,9407.98778239871,89622.9113467394,"Angola",11.1637191997621,4317218.22437348,9249.86913522215,4304
"AGO",2010,0,15013.8057713042,87440.2800672374,"Angola",10.4617271702512,4485778.51002067,7840.07661934476,3681
"AGO",2010,1,13722.2988478984,87440.2800672374,"Angola",10.4617271702512,4485778.51002067,7840.07661934476,3681
"AGO",2010,2,12393.2840433403,87440.2800672374,"Angola",10.4617271702512,4485778.51002067,7840.07661934476,3681
"AGO",2010,5,8200.64017688483,87440.2800672374,"Angola",10.4617271702512,4485778.51002067,7840.07661934476,3681
"AGO",2011,0,14078.149952863,85467.7893601926,"Angola",10.0235342172417,4646426.70636879,6651.2719279627,3226
"AGO",2011,1,12810.2570433357,85467.7893601926,"Angola",10.0235342172417,4646426.70636879,6651.2719279627,3226
"AGO",2011,2,11505.5661753292,85467.7893601926,"Angola",10.0235342172417,4646426.70636879,6651.2719279627,3226
"AGO",2011,5,7389.77361540273,85467.7893601926,"Angola",10.0235342172417,4646426.70636879,6651.2719279627,3226
"AGO",2012,0,13359.7328823124,83064.9776311497,"Angola",9.8199125673824,4797181.039052,6168.97734901078,2907
"AGO",2012,1,12129.5899405389,83064.9776311497,"Angola",9.8199125673824,4797181.039052,6168.97734901078,2907
"AGO",2012,2,10863.7984424805,83064.9776311497,"Angola",9.8199125673824,4797181.039052,6168.97734901078,2907
"AGO",2012,5,6870.99923787822,83064.9776311497,"Angola",9.8199125673824,4797181.039052,6168.97734901078,2907
"AGO",2013,0,13536.0949898261,80929.341959305,"Angola",10.4030425380616,4937211.21716389,5955.0538103079,2727
"AGO",2013,1,12363.8566946116,80929.341959305,"Angola",10.4030425380616,4937211.21716389,5955.0538103079,2727
"AGO",2013,2,11157.8137830043,80929.341959305,"Angola",10.4030425380616,4937211.21716389,5955.0538103079,2727
"AGO",2013,5,7354.38529110575,80929.341959305,"Angola",10.4030425380616,4937211.21716389,5955.0538103079,2727
"AGO",2014,0,13691.2355419157,78823.3304553814,"Angola",11.000124970552,5067510.51641627,6010.99073820952,2651
"AGO",2014,1,12573.6871066491,78823.3304553814,"Angola",11.000124970552,5067510.51641627,6010.99073820952,2651
"AGO",2014,2,11424.0530645197,78823.3304553814,"Angola",11.000124970552,5067510.51641627,6010.99073820952,2651
"AGO",2014,5,7799.28568500789,78823.3304553814,"Angola",11.000124970552,5067510.51641627,6010.99073820952,2651
"AGO",2015,0,14284.5297817734,77321.0488630936,"Angola",12.001303326479,5189560.9659698,6832.55631081913,2694
"AGO",2015,1,13220.9229669784,77321.0488630936,"Angola",12.001303326479,5189560.9659698,6832.55631081913,2694
"AGO",2015,2,12126.9638771841,77321.0488630936,"Angola",12.001303326479,5189560.9659698,6832.55631081913,2694
"AGO",2015,5,8678.7445749071,77321.0488630936,"Angola",12.001303326479,5189560.9659698,6832.55631081913,2694
"AGO",2016,0,15385.4579739704,76008.09134163,"Angola",13.6840755866274,5302442.67412798,7102.59601152999,2890
"AGO",2016,1,14386.0419798156,76008.09134163,"Angola",13.6840755866274,5302442.67412798,7102.59601152999,2890
"AGO",2016,2,13358.3577226275,76008.09134163,"Angola",13.6840755866274,5302442.67412798,7102.59601152999,2890
"AGO",2016,5,10120.4186123575,76008.09134163,"Angola",13.6840755866274,5302442.67412798,7102.59601152999,2890
"AGO",2017,0,17300.3928764093,74588.0683824975,"Angola",16.8580638526648,5406449.37516545,7532.27757226622,3191
"AGO",2017,1,16387.7569225465,74588.0683824975,"Angola",16.8580638526648,5406449.37516545,7532.27757226622,3191
"AGO",2017,2,15449.6646966257,74588.0683824975,"Angola",16.8580638526648,5406449.37516545,7532.27757226622,3191
"AGO",2017,5,12495.9627814826,74588.0683824975,"Angola",16.8580638526648,5406449.37516545,7532.27757226622,3191
"AGO",2018,0,18312.310389096,73233.2148318905,"Angola",19.2935144960402,5502881.87227479,8120.27574603041,3581
"AGO",2018,1,17459.0712543968,73233.2148318905,"Angola",19.2935144960402,5502881.87227479,8120.27574603041,3581
"AGO",2018,2,16582.2745278902,73233.2148318905,"Angola",19.2935144960402,5502881.87227479,8120.27574603041,3581
"AGO",2018,5,13822.8927108351,73233.2148318905,"Angola",19.2935144960402,5502881.87227479,8120.27574603041,3581
"AGO",2019,0,18998.0223256649,71994.2247235228,"Angola",21.5657352716929,5593092.62697075,8504.47336601432,4006
"AGO",2019,1,18191.6418102611,71994.2247235228,"Angola",21.5657352716929,5593092.62697075,8504.47336601432,4006
"AGO",2019,2,17363.1892144137,71994.2247235228,"Angola",21.5657352716929,5593092.62697075,8504.47336601432,4006
"AGO",2019,5,14756.9999928492,71994.2247235228,"Angola",21.5657352716929,5593092.62697075,8504.47336601432,4006
"AGO",2020,0,19465.1581657465,71732.6464146939,"Angola",22.895438497784,5677767.03214072,9999.7407128122,4316
"AGO",2020,1,18676.3085658586,71732.6464146939,"Angola",22.895438497784,5677767.03214072,9999.7407128122,4316
"AGO",2020,2,17865.9697736661,71732.6464146939,"Angola",22.895438497784,5677767.03214072,9999.7407128122,4316
"AGO",2020,5,15317.3379991587,71732.6464146939,"Angola",22.895438497784,5677767.03214072,9999.7407128122,4316
"AGO",2021,0,19536.0395337574,71112.2345811746,"Angola",23.6590510806423,5757729.08228188,11880.305593974,4501
"AGO",2021,1,18763.2020219783,71112.2345811746,"Angola",23.6590510806423,5757729.08228188,11880.305593974,4501
"AGO",2021,2,17969.3892981141,71112.2345811746,"Angola",23.6590510806423,5757729.08228188,11880.305593974,4501
"AGO",2021,5,15473.1638982351,71112.2345811746,"Angola",23.6590510806423,5757729.08228188,11880.305593974,4501
"AGO",2022,0,18699.2803715009,70503.9586758739,"Angola",22.2871468437416,5833373.80139979,10898.2269129496,4624
"AGO",2022,1,17925.3891200391,70503.9586758739,"Angola",22.2871468437416,5833373.80139979,10898.2269129496,4624
"AGO",2022,2,17130.526465602,70503.9586758739,"Angola",22.2871468437416,5833373.80139979,10898.2269129496,4624
"AGO",2022,5,14631.1686861283,70503.9586758739,"Angola",22.2871468437416,5833373.80139979,10898.2269129496,4624
"AGO",2023,0,17878.7526837847,71031.5692766797,"Angola",20.3197552163391,5906389.31439643,8575.76414075322,4703
"AGO",2023,1,17080.9761126465,71031.5692766797,"Angola",20.3197552163391,5906389.31439643,8575.76414075322,4703
"AGO",2023,2,16261.5628889613,71031.5692766797,"Angola",20.3197552163391,5906389.31439643,8575.76414075322,4703
"AGO",2023,5,13684.9106678108,71031.5692766797,"Angola",20.3197552163391,5906389.31439643,8575.76414075322,4703
"AGO",2024,0,20839.262354844,78496.5769564462,"Angola",20.3401829769949,5989099.51969406,14651.9398492798,4734
"AGO",2024,1,19911.7505518924,78496.5769564462,"Angola",20.3401829769949,5989099.51969406,14651.9398492798,4734
"AGO",2024,2,18958.4685903474,78496.5769564462,"Angola",20.3401829769949,5989099.51969406,14651.9398492798,4734
"AGO",2024,5,15957.5992117395,78496.5769564462,"Angola",20.3401829769949,5989099.51969406,14651.9398492798,4734
"BDI",2000,0,16191.8714887605,43012.1582006809,"Burundi",57.6713683257487,1142272.12568226,11851.0069900365,10754
"BDI",2000,1,15720.8885911213,43012.1582006809,"Burundi",57.6713683257487,1142272.12568226,11851.0069900365,10754
"BDI",2000,2,15236.4615195282,43012.1582006809,"Burundi",57.6713683257487,1142272.12568226,11851.0069900365,10754
"BDI",2000,5,13709.6504210346,43012.1582006809,"Burundi",57.6713683257487,1142272.12568226,11851.0069900365,10754
"BDI",2001,0,15593.4269737774,41765.0615093507,"Burundi",55.5148441683582,1158507.89674409,11749.9101379523,10107
"BDI",2001,1,15138.8959867748,41765.0615093507,"Burundi",55.5148441683582,1158507.89674409,11749.9101379523,10107
"BDI",2001,2,14671.4309330949,41765.0615093507,"Burundi",55.5148441683582,1158507.89674409,11749.9101379523,10107
"BDI",2001,5,13198.2894224782,41765.0615093507,"Burundi",55.5148441683582,1158507.89674409,11749.9101379523,10107
"BDI",2002,0,15091.6297309738,41025.2193903122,"Burundi",51.0863179923999,1193233.66069854,12204.6743041074,10236
"BDI",2002,1,14648.597404428,41025.2193903122,"Burundi",51.0863179923999,1193233.66069854,12204.6743041074,10236
"BDI",2002,2,14193.0141844488,41025.2193903122,"Burundi",51.0863179923999,1193233.66069854,12204.6743041074,10236
"BDI",2002,5,12757.6088080709,41025.2193903122,"Burundi",51.0863179923999,1193233.66069854,12204.6743041074,10236
"BDI",2003,0,14521.4076740273,40290.332021792,"Burundi",45.1556763823264,1236961.94478561,11873.0101819366,9624
"BDI",2003,1,14087.8180630788,40290.332021792,"Burundi",45.1556763823264,1236961.94478561,11873.0101819366,9624
"BDI",2003,2,13641.9925986807,40290.332021792,"Burundi",45.1556763823264,1236961.94478561,11873.0101819366,9624
"BDI",2003,5,12237.5735645037,40290.332021792,"Burundi",45.1556763823264,1236961.94478561,11873.0101819366,9624
"BDI",2004,0,13780.6218630397,39917.2178432978,"Burundi",36.9847803772394,1286594.6465811,10413.3682689786,8728
"BDI",2004,1,13348.4848202301,39917.2178432978,"Burundi",36.9847803772394,1286594.6465811,10413.3682689786,8728
"BDI",2004,2,12904.2254064189,39917.2178432978,"Burundi",36.9847803772394,1286594.6465811,10413.3682689786,8728
"BDI",2004,5,11505.1164238207,39917.2178432978,"Burundi",36.9847803772394,1286594.6465811,10413.3682689786,8728
"BDI",2005,0,13240.1923013543,39965.5290915808,"Burundi",32.7108667147613,1348569.62391126,9544.83585622456,7759
"BDI",2005,1,12806.0760206482,39965.5290915808,"Burundi",32.7108667147613,1348569.62391126,9544.83585622456,7759
"BDI",2005,2,12359.8528368767,39965.5290915808,"Burundi",32.7108667147613,1348569.62391126,9544.83585622456,7759
"BDI",2005,5,10954.9292389121,39965.5290915808,"Burundi",32.7108667147613,1348569.62391126,9544.83585622456,7759
"BDI",2006,0,12089.7395134028,39027.7648044048,"Burundi",27.7465099828883,1414394.53689797,9205.6083017342,6803
"BDI",2006,1,11659.4181681096,39027.7648044048,"Burundi",27.7465099828883,1414394.53689797,9205.6083017342,6803
"BDI",2006,2,11217.1417807564,39027.7648044048,"Burundi",27.7465099828883,1414394.53689797,9205.6083017342,6803
"BDI",2006,5,9824.86952362884,39027.7648044048,"Burundi",27.7465099828883,1414394.53689797,9205.6083017342,6803
"BDI",2007,0,10509.2233926413,38502.1655843279,"Burundi",21.2299520043309,1480143.28491459,8336.95992020717,5951
"BDI",2007,1,10058.3745491007,38502.1655843279,"Burundi",21.2299520043309,1480143.28491459,8336.95992020717,5951
"BDI",2007,2,9594.92635250671,38502.1655843279,"Burundi",21.2299520043309,1480143.28491459,8336.95992020717,5951
"BDI",2007,5,8135.57413068595,38502.1655843279,"Burundi",21.2299520043309,1480143.28491459,8336.95992020717,5951
"BDI",2008,0,9129.47545292441,38589.1052420703,"Burundi",16.7551116481286,1548570.79985916,7492.81082953826,5292
"BDI",2008,1,8645.74798087872,38589.1052420703,"Burundi",16.7551116481286,1548570.79985916,7492.81082953826,5292
"BDI",2008,2,8148.37421298537,38589.1052420703,"Burundi",16.7551116481286,1548570.79985916,7492.81082953826,5292
"BDI",2008,5,6581.47509968152,38589.1052420703,"Burundi",16.7551116481286,1548570.79985916,7492.81082953826,5292
"BDI",2009,0,7867.6393613118,38767.797746218,"Burundi",13.511949702976,1626789.30237373,7055.31797907276,4768
"BDI",2009,1,7350.3555235874,38767.797746218,"Burundi",13.511949702976,1626789.30237373,7055.31797907276,4768
"BDI",2009,2,6818.330777413,38767.797746218,"Burundi",13.511949702976,1626789.30237373,7055.31797907276,4768
"BDI",2009,5,5141.44031221465,38767.797746218,"Burundi",13.511949702976,1626789.30237373,7055.31797907276,4768
"BDI",2010,0,7734.94605019531,39448.0413100294,"Burundi",13.0584554674949,1726723.24393437,7321.71824105396,4433
"BDI",2010,1,7207.96023004273,39448.0413100294,"Burundi",13.0584554674949,1726723.24393437,7321.71824105396,4433
"BDI",2010,2,6665.96370714331,39448.0413100294,"Burundi",13.0584554674949,1726723.24393437,7321.71824105396,4433
"BDI",2010,5,4957.66380568847,39448.0413100294,"Burundi",13.0584554674949,1726723.24393437,7321.71824105396,4433
"BDI",2011,0,7681.54880801377,40246.9582240383,"Burundi",12.6210486475634,1819528.59458416,7098.30337800836,4190
"BDI",2011,1,7139.242514412,40246.9582240383,"Burundi",12.6210486475634,1819528.59458416,7098.30337800836,4190
"BDI",2011,2,6581.47127009334,40246.9582240383,"Burundi",12.6210486475634,1819528.59458416,7098.30337800836,4190
"BDI",2011,5,4823.34998179555,40246.9582240383,"Burundi",12.6210486475634,1819528.59458416,7098.30337800836,4190
"BDI",2012,0,7675.25140996086,39540.145002069,"Burundi",12.8545004825736,1864536.31652681,6848.41947835859,3907
"BDI",2012,1,7143.76282821656,39540.145002069,"Burundi",12.8545004825736,1864536.31652681,6848.41947835859,3907
"BDI",2012,2,6597.10508021736,39540.145002069,"Burundi",12.8545004825736,1864536.31652681,6848.41947835859,3907
"BDI",2012,5,4873.9467741748,39540.145002069,"Burundi",12.8545004825736,1864536.31652681,6848.41947835859,3907
"BDI",2013,0,7914.3334370129,38885.9712264922,"Burundi",13.8404893933399,1905428.03584368,7184.09579710481,3747
"BDI",2013,1,7406.60070317094,38885.9712264922,"Burundi",13.8404893933399,1905428.03584368,7184.09579710481,3747
"BDI",2013,2,6884.45105457051,38885.9712264922,"Burundi",13.8404893933399,1905428.03584368,7184.09579710481,3747
"BDI",2013,5,5238.94847820409,38885.9712264922,"Burundi",13.8404893933399,1905428.03584368,7184.09579710481,3747
"BDI",2014,0,8312.65080658279,39238.6503185007,"Burundi",14.7980848700762,1964366.01245004,7167.86265565524,3702
"BDI",2014,1,7814.39234429569,39238.6503185007,"Burundi",14.7980848700762,1964366.01245004,7167.86265565524,3702
"BDI",2014,2,7302.07211622175,39238.6503185007,"Burundi",14.7980848700762,1964366.01245004,7167.86265565524,3702
"BDI",2014,5,5688.01152236467,39238.6503185007,"Burundi",14.7980848700762,1964366.01245004,7167.86265565524,3702
"BDI",2015,0,9048.80413693204,39468.6283250787,"Burundi",16.717817650048,2015992.8016155,7621.7837339771,3785
"BDI",2015,1,8568.03976986142,39468.6283250787,"Burundi",16.717817650048,2015992.8016155,7621.7837339771,3785
"BDI",2015,2,8073.80729854312,39468.6283250787,"Burundi",16.717817650048,2015992.8016155,7621.7837339771,3785
"BDI",2015,5,6517.2771540996,39468.6283250787,"Burundi",16.717817650048,2015992.8016155,7621.7837339771,3785
"BDI",2016,0,9973.05041045718,38712.8485840452,"Burundi",20.4324568271379,2036404.71241719,8525.94107761011,3947
"BDI",2016,1,9531.28505874903,38712.8485840452,"Burundi",20.4324568271379,2036404.71241719,8525.94107761011,3947
"BDI",2016,2,9077.28096132312,38712.8485840452,"Burundi",20.4324568271379,2036404.71241719,8525.94107761011,3947
"BDI",2016,5,7648.19600785228,38712.8485840452,"Burundi",20.4324568271379,2036404.71241719,8525.94107761011,3947
"BDI",2017,0,10215.6110999576,37918.99159186,"Burundi",22.4128481961198,2042955.44364497,8945.8946246008,4027
"BDI",2017,1,9795.50658116773,37918.99159186,"Burundi",22.4128481961198,2042955.44364497,8945.8946246008,4027
"BDI",2017,2,9363.82766604276,37918.99159186,"Burundi",22.4128481961198,2042955.44364497,8945.8946246008,4027
"BDI",2017,5,8005.37022868833,37918.99159186,"Burundi",22.4128481961198,2042955.44364497,8945.8946246008,4027
"BDI",2018,0,10984.3695497317,37614.766316433,"Burundi",27.4139813946476,2065708.65509319,10547.7363768518,4127
"BDI",2018,1,10591.011228995,37614.766316433,"Burundi",27.4139813946476,2065708.65509319,10547.7363768518,4127
"BDI",2018,2,10186.9163450603,37614.766316433,"Burundi",27.4139813946476,2065708.65509319,10547.7363768518,4127
"BDI",2018,5,8915.81210505658,37614.766316433,"Burundi",27.4139813946476,2065708.65509319,10547.7363768518,4127
"BDI",2019,0,11354.1420354671,38379.520737586,"Burundi",29.0526616543585,2125011.10404278,10910.2149621501,4106
"BDI",2019,1,10960.9732785171,38379.520737586,"Burundi",29.0526616543585,2125011.10404278,10910.2149621501,4106
"BDI",2019,2,10557.1396319212,38379.520737586,"Burundi",29.0526616543585,2125011.10404278,10910.2149621501,4106
"BDI",2019,5,9287.21657671783,38379.520737586,"Burundi",29.0526616543585,2125011.10404278,10910.2149621501,4106
"BDI",2020,0,11926.0718577258,39235.1029558138,"Burundi",31.5467237136024,2193999.80595519,12405.5845104953,4059
"BDI",2020,1,11530.2524223824,39235.1029558138,"Burundi",31.5467237136024,2193999.80595519,12405.5845104953,4059
"BDI",2020,2,11123.723052616,39235.1029558138,"Burundi",31.5467237136024,2193999.80595519,12405.5845104953,4059
"BDI",2020,5,9845.47300250554,39235.1029558138,"Burundi",31.5467237136024,2193999.80595519,12405.5845104953,4059
"BDI",2021,0,11839.4204453227,39631.5781634981,"Burundi",29.5666094192282,2238056.88859734,12454.020918451,3920
"BDI",2021,1,11433.3478639089,39631.5781634981,"Burundi",29.5666094192282,2238056.88859734,12454.020918451,3920
"BDI",2021,2,11016.2711199388,39631.5781634981,"Burundi",29.5666094192282,2238056.88859734,12454.020918451,3920
"BDI",2021,5,9704.7704958122,39631.5781634981,"Burundi",29.5666094192282,2238056.88859734,12454.020918451,3920
"BDI",2022,0,11193.0797878266,39669.563375428,"Burundi",25.7909174015938,2284880.17741204,11986.4535838054,3797
"BDI",2022,1,10776.5531570027,39669.563375428,"Burundi",25.7909174015938,2284880.17741204,11986.4535838054,3797
"BDI",2022,2,10348.7298952973,39669.563375428,"Burundi",25.7909174015938,2284880.17741204,11986.4535838054,3797
"BDI",2022,5,9003.38020512325,39669.563375428,"Burundi",25.7909174015938,2284880.17741204,11986.4535838054,3797
"BDI",2023,0,10745.3796766493,39925.0553009663,"Burundi",23.396135934609,2327164.91269312,10501.404362192,3693
"BDI",2023,1,10317.2787176089,39925.0553009663,"Burundi",23.396135934609,2327164.91269312,10501.404362192,3693
"BDI",2023,2,9877.55810998439,39925.0553009663,"Burundi",23.396135934609,2327164.91269312,10501.404362192,3693
"BDI",2023,5,8494.74337024313,39925.0553009663,"Burundi",23.396135934609,2327164.91269312,10501.404362192,3693
"BDI",2024,0,12240.3008584001,43783.7562317264,"Burundi",23.4246685162394,2382299.07874954,14430.2985954673,3615
"BDI",2024,1,11753.4539071582,43783.7562317264,"Burundi",23.4246685162394,2382299.07874954,14430.2985954673,3615
"BDI",2024,2,11253.1054039876,43783.7562317264,"Burundi",23.4246685162394,2382299.07874954,14430.2985954673,3615
"BDI",2024,5,9678.08709303285,43783.7562317264,"Burundi",23.4246685162394,2382299.07874954,14430.2985954673,3615
"BEN",2000,0,13286.7186672307,37968.0829957684,"Benin",37.5210287325839,1313344.3230241,4759.10597885623,7225
"BEN",2000,1,12871.1536635161,37968.0829957684,"Benin",37.5210287325839,1313344.3230241,4759.10597885623,7225
"BEN",2000,2,12443.627658189,37968.0829957684,"Benin",37.5210287325839,1313344.3230241,4759.10597885623,7225
"BEN",2000,5,11095.4823030502,37968.0829957684,"Benin",37.5210287325839,1313344.3230241,4759.10597885623,7225
"BEN",2001,0,13224.3710232891,37415.4557129101,"Benin",40.7727026592471,1354243.94347737,5352.70979704726,7600
"BEN",2001,1,12820.0900698251,37415.4557129101,"Benin",40.7727026592471,1354243.94347737,5352.70979704726,7600
"BEN",2001,2,12404.1760117917,37415.4557129101,"Benin",40.7727026592471,1354243.94347737,5352.70979704726,7600
"BEN",2001,5,11092.6577732595,37415.4557129101,"Benin",40.7727026592471,1354243.94347737,5352.70979704726,7600
"BEN",2002,0,13124.5906910451,36893.3674968855,"Benin",44.1276305551911,1398104.36378522,5921.42485367255,8208
"BEN",2002,1,12730.2683158449,36893.3674968855,"Benin",44.1276305551911,1398104.36378522,5921.42485367255,8208
"BEN",2002,2,12324.6027066151,36893.3674968855,"Benin",44.1276305551911,1398104.36378522,5921.42485367255,8208
"BEN",2002,5,11045.41207444,36893.3674968855,"Benin",44.1276305551911,1398104.36378522,5921.42485367255,8208
"BEN",2003,0,13009.2604224135,36466.935830212,"Benin",46.7925846388698,1444587.49670889,6447.80420254287,9453
"BEN",2003,1,12622.3463221423,36466.935830212,"Benin",46.7925846388698,1444587.49670889,6447.80420254287,9453
"BEN",2003,2,12224.3055034514,36466.935830212,"Benin",46.7925846388698,1444587.49670889,6447.80420254287,9453
"BEN",2003,5,10969.1709746449,36466.935830212,"Benin",46.7925846388698,1444587.49670889,6447.80420254287,9453
"BEN",2004,0,12874.3095711993,35946.1441226404,"Benin",51.8262775530269,1493657.30157613,7364.3116397314,10670
"BEN",2004,1,12496.0444199778,35946.1441226404,"Benin",51.8262775530269,1493657.30157613,7364.3116397314,10670
"BEN",2004,2,12106.8966222324,35946.1441226404,"Benin",51.8262775530269,1493657.30157613,7364.3116397314,10670
"BEN",2004,5,10879.7717577316,35946.1441226404,"Benin",51.8262775530269,1493657.30157613,7364.3116397314,10670
"BEN",2005,0,12814.2107767248,35764.568969811,"Benin",56.789331963267,1544457.41506072,7882.71211201263,11686
"BEN",2005,1,12440.2776721592,35764.568969811,"Benin",56.789331963267,1544457.41506072,7882.71211201263,11686
"BEN",2005,2,12055.5860100903,35764.568969811,"Benin",56.789331963267,1544457.41506072,7882.71211201263,11686
"BEN",2005,5,10842.5031577339,35764.568969811,"Benin",56.789331963267,1544457.41506072,7882.71211201263,11686
"BEN",2006,0,12830.1249003539,35884.736046735,"Benin",57.4316688628387,1595823.22199404,8058.41945631353,12212
"BEN",2006,1,12455.969830949,35884.736046735,"Benin",57.4316688628387,1595823.22199404,8058.41945631353,12212
"BEN",2006,2,12071.0530429189,35884.736046735,"Benin",57.4316688628387,1595823.22199404,8058.41945631353,12212
"BEN",2006,5,10857.2738999154,35884.736046735,"Benin",57.4316688628387,1595823.22199404,8058.41945631353,12212
"BEN",2007,0,12771.5217907056,35811.8317183153,"Benin",55.5814878403528,1646998.17666959,8095.2632376421,12166
"BEN",2007,1,12398.1343956307,35811.8317183153,"Benin",55.5814878403528,1646998.17666959,8095.2632376421,12166
"BEN",2007,2,12014.0001134702,35811.8317183153,"Benin",55.5814878403528,1646998.17666959,8095.2632376421,12166
"BEN",2007,5,10802.6450202824,35811.8317183153,"Benin",55.5814878403528,1646998.17666959,8095.2632376421,12166
"BEN",2008,0,12793.8336018844,36132.284087249,"Benin",48.8507373039385,1697701.9730141,8061.19934555678,11468
"BEN",2008,1,12415.4144009612,36132.284087249,"Benin",48.8507373039385,1697701.9730141,8061.19934555678,11468
"BEN",2008,2,12026.1070208575,36132.284087249,"Benin",48.8507373039385,1697701.9730141,8061.19934555678,11468
"BEN",2008,5,10798.457933389,36132.284087249,"Benin",48.8507373039385,1697701.9730141,8061.19934555678,11468
"BEN",2009,0,12838.9032262852,36665.8975239231,"Benin",43.311327257976,1747902.62689483,7908.33323774279,10446
"BEN",2009,1,12451.692910134,36665.8975239231,"Benin",43.311327257976,1747902.62689483,7908.33323774279,10446
"BEN",2009,2,12053.3395978197,36665.8975239231,"Benin",43.311327257976,1747902.62689483,7908.33323774279,10446
"BEN",2009,5,10797.1547263937,36665.8975239231,"Benin",43.311327257976,1747902.62689483,7908.33323774279,10446
"BEN",2010,0,12882.3233038013,37252.3584382951,"Benin",39.0328575679227,1797752.61222833,7592.83538697841,9429
"BEN",2010,1,12483.9660317148,37252.3584382951,"Benin",39.0328575679227,1797752.61222833,7592.83538697841,9429
"BEN",2010,2,12074.1257101164,37252.3584382951,"Benin",39.0328575679227,1797752.61222833,7592.83538697841,9429
"BEN",2010,5,10781.6109806561,37252.3584382951,"Benin",39.0328575679227,1797752.61222833,7592.83538697841,9429
"BEN",2011,0,12858.9752115653,37921.8973327963,"Benin",34.5342963224436,1847330.7305064,7019.52187517024,8567
"BEN",2011,1,12445.5417360731,37921.8973327963,"Benin",34.5342963224436,1847330.7305064,7019.52187517024,8567
"BEN",2011,2,12020.162516132,37921.8973327963,"Benin",34.5342963224436,1847330.7305064,7019.52187517024,8567
"BEN",2011,5,10678.48974064,37921.8973327963,"Benin",34.5342963224436,1847330.7305064,7019.52187517024,8567
"BEN",2012,0,12880.656319333,38426.9602507844,"Benin",32.1543135838017,1896455.06045158,6993.49933045391,8036
"BEN",2012,1,12454.5944010261,38426.9602507844,"Benin",32.1543135838017,1896455.06045158,6993.49933045391,8036
"BEN",2012,2,12016.1776630724,38426.9602507844,"Benin",32.1543135838017,1896455.06045158,6993.49933045391,8036
"BEN",2012,5,10633.1454908121,38426.9602507844,"Benin",32.1543135838017,1896455.06045158,6993.49933045391,8036
"BEN",2013,0,13065.789789706,38741.1235157518,"Benin",32.1249323129296,1944917.30886725,6874.8587313849,7876
"BEN",2013,1,12633.2244142994,38741.1235157518,"Benin",32.1249323129296,1944917.30886725,6874.8587313849,7876
"BEN",2013,2,12188.0662878444,38741.1235157518,"Benin",32.1249323129296,1944917.30886725,6874.8587313849,7876
"BEN",2013,5,10783.5024280788,38741.1235157518,"Benin",32.1249323129296,1944917.30886725,6874.8587313849,7876
"BEN",2014,0,13305.8286651073,38808.6681744622,"Benin",33.5075929646105,1992587.47761045,6655.07985485853,7989
"BEN",2014,1,12872.4277038675,38808.6681744622,"Benin",33.5075929646105,1992587.47761045,6655.07985485853,7989
"BEN",2014,2,12426.3645557292,38808.6681744622,"Benin",33.5075929646105,1992587.47761045,6655.07985485853,7989
"BEN",2014,5,11018.7047500457,38808.6681744622,"Benin",33.5075929646105,1992587.47761045,6655.07985485853,7989
"BEN",2015,0,13602.771951995,38817.0754924682,"Benin",36.3793100261877,2039331.78516971,7298.77480376705,8300
"BEN",2015,1,13171.8008981717,38817.0754924682,"Benin",36.3793100261877,2039331.78516971,7298.77480376705,8300
"BEN",2015,2,12728.205654395,38817.0754924682,"Benin",36.3793100261877,2039331.78516971,7298.77480376705,8300
"BEN",2015,5,11328.1604944161,38817.0754924682,"Benin",36.3793100261877,2039331.78516971,7298.77480376705,8300
"BEN",2016,0,13494.8328942918,38030.8976088209,"Benin",39.9620065312248,2084883.9917208,7412.18212567678,8619
"BEN",2016,1,13078.4357596377,38030.8976088209,"Benin",39.9620065312248,2084883.9917208,7412.18212567678,8619
"BEN",2016,2,12649.8523819864,38030.8976088209,"Benin",39.9620065312248,2084883.9917208,7412.18212567678,8619
"BEN",2016,5,11297.2442951182,38030.8976088209,"Benin",39.9620065312248,2084883.9917208,7412.18212567678,8619
"BEN",2017,0,13178.4429248885,37344.9225644096,"Benin",39.6133640612612,2128789.29592923,7074.05908570541,8676
"BEN",2017,1,12771.1191344722,37344.9225644096,"Benin",39.6133640612612,2128789.29592923,7074.05908570541,8676
"BEN",2017,2,12351.8979166559,37344.9225644096,"Benin",39.6133640612612,2128789.29592923,7074.05908570541,8676
"BEN",2017,5,11028.9591163434,37344.9225644096,"Benin",39.6133640612612,2128789.29592923,7074.05908570541,8676
"BEN",2018,0,12754.8150868539,36457.0363878484,"Benin",38.4979698499149,2170500.89543548,7272.97791694035,8470
"BEN",2018,1,12357.7433422894,36457.0363878484,"Benin",38.4979698499149,2170500.89543548,7272.97791694035,8470
"BEN",2018,2,11949.0933164485,36457.0363878484,"Benin",38.4979698499149,2170500.89543548,7272.97791694035,8470
"BEN",2018,5,10659.6168676812,36457.0363878484,"Benin",38.4979698499149,2170500.89543548,7272.97791694035,8470
"BEN",2019,0,12466.1891262808,35878.9506709739,"Benin",37.9949435679264,2209713.314393,6754.79388696028,8089
"BEN",2019,1,12076.8860880436,35878.9506709739,"Benin",37.9949435679264,2209713.314393,6754.79388696028,8089
"BEN",2019,2,11676.2623820369,35878.9506709739,"Benin",37.9949435679264,2209713.314393,6754.79388696028,8089
"BEN",2019,5,10412.2795856243,35878.9506709739,"Benin",37.9949435679264,2209713.314393,6754.79388696028,8089
"BEN",2020,0,11927.9928263837,34976.9367149908,"Benin",35.4111807027627,2246765.44047737,7496.17762209921,7647
"BEN",2020,1,11547.4526367549,34976.9367149908,"Benin",35.4111807027627,2246765.44047737,7496.17762209921,7647
"BEN",2020,2,11155.8760838861,34976.9367149908,"Benin",35.4111807027627,2246765.44047737,7496.17762209921,7647
"BEN",2020,5,9920.59335045007,34976.9367149908,"Benin",35.4111807027627,2246765.44047737,7496.17762209921,7647
"BEN",2021,0,11665.666955172,34189.4647674094,"Benin",36.288656478646,2282217.1735926,7747.63721447986,7392
"BEN",2021,1,11296.6261489744,34189.4647674094,"Benin",36.288656478646,2282217.1735926,7747.63721447986,7392
"BEN",2021,2,10916.9063765223,34189.4647674094,"Benin",36.288656478646,2282217.1735926,7747.63721447986,7392
"BEN",2021,5,9719.1547778602,34189.4647674094,"Benin",36.288656478646,2282217.1735926,7747.63721447986,7392
"BEN",2022,0,11569.0793965783,33879.6521299023,"Benin",37.2167224488212,2316199.94047923,7478.37870121983,7174
"BEN",2022,1,11206.1559139362,33879.6521299023,"Benin",37.2167224488212,2316199.94047923,7478.37870121983,7174
"BEN",2022,2,10832.7586626811,33879.6521299023,"Benin",37.2167224488212,2316199.94047923,7478.37870121983,7174
"BEN",2022,5,9655.1024129425,33879.6521299023,"Benin",37.2167224488212,2316199.94047923,7478.37870121983,7174
"BEN",2023,0,11315.9400448102,33530.0946197973,"Benin",35.9592010985173,2350071.20965014,7119.81888390118,6946
"BEN",2023,1,10957.2750354546,33530.0946197973,"Benin",35.9592010985173,2350071.20965014,7119.81888390118,6946
"BEN",2023,2,10588.2906560609,33530.0946197973,"Benin",35.9592010985173,2350071.20965014,7119.81888390118,6946
"BEN",2023,5,9424.72101818299,33530.0946197973,"Benin",35.9592010985173,2350071.20965014,7119.81888390118,6946
"BEN",2024,0,11699.8651621804,33993.4310312077,"Benin",36.4070797441475,2374831.91583738,7361.29305522589,6857
"BEN",2024,1,11329.8548322633,33993.4310312077,"Benin",36.4070797441475,2374831.91583738,7361.29305522589,6857
"BEN",2024,2,10949.1019836515,33993.4310312077,"Benin",36.4070797441475,2374831.91583738,7361.29305522589,6857
"BEN",2024,5,9747.9071870414,33993.4310312077,"Benin",36.4070797441475,2374831.91583738,7361.29305522589,6857
"BFA",2000,0,39145.4665904669,99148.4489565622,"Burkina Faso",70.1568168696541,2443722.95078327,23542.5760621073,38139
"BFA",2000,1,38010.3167839737,99148.4489565622,"Burkina Faso",70.1568168696541,2443722.95078327,23542.5760621073,38139
"BFA",2000,2,36840.9688921314,99148.4489565622,"Burkina Faso",70.1568168696541,2443722.95078327,23542.5760621073,38139
"BFA",2000,5,33145.2109007401,99148.4489565622,"Burkina Faso",70.1568168696541,2443722.95078327,23542.5760621073,38139
"BFA",2001,0,38691.9628513248,98234.5369961774,"Burkina Faso",72.8862739265363,2519904.95542978,25104.6047760301,38311
"BFA",2001,1,37574.6091382977,98234.5369961774,"Burkina Faso",72.8862739265363,2519904.95542978,25104.6047760301,38311
"BFA",2001,2,36423.6576624466,98234.5369961774,"Burkina Faso",72.8862739265363,2519904.95542978,25104.6047760301,38311
"BFA",2001,5,32786.3785715643,98234.5369961774,"Burkina Faso",72.8862739265363,2519904.95542978,25104.6047760301,38311
"BFA",2002,0,37837.4823760335,96341.888461916,"Burkina Faso",71.3160658617491,2599621.85720534,27573.9996201934,37551
"BFA",2002,1,36743.5637152967,96341.888461916,"Burkina Faso",71.3160658617491,2599621.85720534,27573.9996201934,37551
"BFA",2002,2,35616.7942466405,96341.888461916,"Burkina Faso",71.3160658617491,2599621.85720534,27573.9996201934,37551
"BFA",2002,5,32056.1564105199,96341.888461916,"Burkina Faso",71.3160658617491,2599621.85720534,27573.9996201934,37551
"BFA",2003,0,36517.1236187282,93489.4281596029,"Burkina Faso",64.6892706023661,2681325.45150052,27700.1536408615,36004
"BFA",2003,1,35453.5084213554,93489.4281596029,"Burkina Faso",64.6892706023661,2681325.45150052,27700.1536408615,36004
"BFA",2003,2,34358.0042069369,93489.4281596029,"Burkina Faso",64.6892706023661,2681325.45150052,27700.1536408615,36004
"BFA",2003,5,30896.4441261431,93489.4281596029,"Burkina Faso",64.6892706023661,2681325.45150052,27700.1536408615,36004
"BFA",2004,0,35134.0269578298,90729.2065801098,"Burkina Faso",56.6198288829396,2764575.06402795,26086.3357949982,36486
"BFA",2004,1,34101.1492380786,90729.2065801098,"Burkina Faso",56.6198288829396,2764575.06402795,26086.3357949982,36486
"BFA",2004,2,33037.3885690065,90729.2065801098,"Burkina Faso",56.6198288829396,2764575.06402795,26086.3357949982,36486
"BFA",2004,5,29676.5850054795,90729.2065801098,"Burkina Faso",56.6198288829396,2764575.06402795,26086.3357949982,36486
"BFA",2005,0,33862.8294232545,88292.8538201055,"Burkina Faso",53.1839944402602,2847953.58935525,24966.6794975544,35780
"BFA",2005,1,32863.9543867278,88292.8538201055,"Burkina Faso",53.1839944402602,2847953.58935525,24966.6794975544,35780
"BFA",2005,2,31835.3406977516,88292.8538201055,"Burkina Faso",53.1839944402602,2847953.58935525,24966.6794975544,35780
"BFA",2005,5,28586.2648801867,88292.8538201055,"Burkina Faso",53.1839944402602,2847953.58935525,24966.6794975544,35780
"BFA",2006,0,32477.301244892,85396.2419906915,"Burkina Faso",53.3784068877201,2930615.04249344,24340.9480732737,35657
"BFA",2006,1,31520.9224260254,85396.2419906915,"Burkina Faso",53.3784068877201,2930615.04249344,24340.9480732737,35657
"BFA",2006,2,30536.1921407449,85396.2419906915,"Burkina Faso",53.3784068877201,2930615.04249344,24340.9480732737,35657
"BFA",2006,5,27426.3803524137,85396.2419906915,"Burkina Faso",53.3784068877201,2930615.04249344,24340.9480732737,35657
"BFA",2007,0,30952.0847281798,82076.4159912593,"Burkina Faso",55.6300716099546,3012201.64560715,22589.0460762842,35893
"BFA",2007,1,30044.786864078,82076.4159912593,"Burkina Faso",55.6300716099546,3012201.64560715,22589.0460762842,35893
"BFA",2007,2,29110.7159641724,82076.4159912593,"Burkina Faso",55.6300716099546,3012201.64560715,22589.0460762842,35893
"BFA",2007,5,26161.5427244964,82076.4159912593,"Burkina Faso",55.6300716099546,3012201.64560715,22589.0460762842,35893
"BFA",2008,0,28691.6237115782,76826.6140543826,"Burkina Faso",59.1452304450956,3092783.29900176,22780.5257229772,35869
"BFA",2008,1,27854.9952337793,76826.6140543826,"Burkina Faso",59.1452304450956,3092783.29900176,22780.5257229772,35869
"BFA",2008,2,26993.7648561255,76826.6140543826,"Burkina Faso",59.1452304450956,3092783.29900176,22780.5257229772,35869
"BFA",2008,5,24275.0061645251,76826.6140543826,"Burkina Faso",59.1452304450956,3092783.29900176,22780.5257229772,35869
"BFA",2009,0,26935.4711166208,72974.3253775793,"Burkina Faso",62.8713408283633,3172283.10290809,21861.9794559742,35464
"BFA",2009,1,26154.2528385915,72974.3253775793,"Burkina Faso",62.8713408283633,3172283.10290809,21861.9794559742,35464
"BFA",2009,2,25350.1849096707,72974.3253775793,"Burkina Faso",62.8713408283633,3172283.10290809,21861.9794559742,35464
"BFA",2009,5,22812.5186337975,72974.3253775793,"Burkina Faso",62.8713408283633,3172283.10290809,21861.9794559742,35464
"BFA",2010,0,25042.9308446336,68975.0890600467,"Burkina Faso",64.368496437083,3250609.27414795,20736.2964420882,34120
"BFA",2010,1,24318.6607516357,68975.0890600467,"Burkina Faso",64.368496437083,3250609.27414795,20736.2964420882,34120
"BFA",2010,2,23573.3674527405,68975.0890600467,"Burkina Faso",64.368496437083,3250609.27414795,20736.2964420882,34120
"BFA",2010,5,21222.0455372755,68975.0890600467,"Burkina Faso",64.368496437083,3250609.27414795,20736.2964420882,34120
"BFA",2011,0,23244.8162893463,65065.9867024557,"Burkina Faso",61.4529338421909,3328145.11975025,19280.0845249411,31890
"BFA",2011,1,22571.9456351484,65065.9867024557,"Burkina Faso",61.4529338421909,3328145.11975025,19280.0845249411,31890
"BFA",2011,2,21879.6880928889,65065.9867024557,"Burkina Faso",61.4529338421909,3328145.11975025,19280.0845249411,31890
"BFA",2011,5,19696.4530240662,65065.9867024557,"Burkina Faso",61.4529338421909,3328145.11975025,19280.0845249411,31890
"BFA",2012,0,21700.5607935642,61810.3289239211,"Burkina Faso",56.51016888782,3405076.74517873,17818.817425896,28756
"BFA",2012,1,21070.7919030626,61810.3289239211,"Burkina Faso",56.51016888782,3405076.74517873,17818.817425896,28756
"BFA",2012,2,20423.0324229597,61810.3289239211,"Burkina Faso",56.51016888782,3405076.74517873,17818.817425896,28756
"BFA",2012,5,18380.9587131323,61810.3289239211,"Burkina Faso",56.51016888782,3405076.74517873,17818.817425896,28756
"BFA",2013,0,20180.0420250556,58841.6570538147,"Burkina Faso",48.1698515972824,3481991.76649904,15863.7299444318,25052
"BFA",2013,1,19587.5208820319,58841.6570538147,"Burkina Faso",48.1698515972824,3481991.76649904,15863.7299444318,25052
"BFA",2013,2,18978.226724481,58841.6570538147,"Burkina Faso",48.1698515972824,3481991.76649904,15863.7299444318,25052
"BFA",2013,5,17058.2332288162,58841.6570538147,"Burkina Faso",48.1698515972824,3481991.76649904,15863.7299444318,25052
"BFA",2014,0,18786.7097414048,56430.3633136803,"Burkina Faso",42.2956447533033,3560380.2456398,14101.2033111406,21233
"BFA",2014,1,18223.4621345233,56430.3633136803,"Burkina Faso",42.2956447533033,3560380.2456398,14101.2033111406,21233
"BFA",2014,2,17644.4117200594,56430.3633136803,"Burkina Faso",42.2956447533033,3560380.2456398,14101.2033111406,21233
"BFA",2014,5,15820.4735413989,56430.3633136803,"Burkina Faso",42.2956447533033,3560380.2456398,14101.2033111406,21233
"BFA",2015,0,17907.2267003906,55253.1036656593,"Burkina Faso",39.2003452509794,3641496.48997786,13545.8717646912,17822
"BFA",2015,1,17360.8450733381,55253.1036656593,"Burkina Faso",39.2003452509794,3641496.48997786,13545.8717646912,17822
"BFA",2015,2,16799.2694025007,55253.1036656593,"Burkina Faso",39.2003452509794,3641496.48997786,13545.8717646912,17822
"BFA",2015,5,15031.0965498627,55253.1036656593,"Burkina Faso",39.2003452509794,3641496.48997786,13545.8717646912,17822
"BFA",2016,0,17332.2795587563,55344.6614361714,"Burkina Faso",34.3104280633948,3725527.1658859,12513.274518678,15128
"BFA",2016,1,16779.2925373183,55344.6614361714,"Burkina Faso",34.3104280633948,3725527.1658859,12513.274518678,15128
"BFA",2016,2,16210.988898757,55344.6614361714,"Burkina Faso",34.3104280633948,3725527.1658859,12513.274518678,15128
"BFA",2016,5,14421.9614012462,55344.6614361714,"Burkina Faso",34.3104280633948,3725527.1658859,12513.274518678,15128
"BFA",2017,0,16712.8579954932,55130.1277489052,"Burkina Faso",31.1415113230648,3813272.36483706,11892.3279258753,13083
"BFA",2017,1,16156.6520234584,55130.1277489052,"Burkina Faso",31.1415113230648,3813272.36483706,11892.3279258753,13083
"BFA",2017,2,15585.0819750914,55130.1277489052,"Burkina Faso",31.1415113230648,3813272.36483706,11892.3279258753,13083
"BFA",2017,5,13785.9930609409,55130.1277489052,"Burkina Faso",31.1415113230648,3813272.36483706,11892.3279258753,13083
"BFA",2018,0,15744.224671497,54642.1040946206,"Burkina Faso",27.2838045504635,3905440.91829301,11989.0285940589,11675
"BFA",2018,1,15181.0727689322,54642.1040946206,"Burkina Faso",27.2838045504635,3905440.91829301,11989.0285940589,11675
"BFA",2018,2,14602.3740560187,54642.1040946206,"Burkina Faso",27.2838045504635,3905440.91829301,11989.0285940589,11675
"BFA",2018,5,12780.8892735213,54642.1040946206,"Burkina Faso",27.2838045504635,3905440.91829301,11989.0285940589,11675
"BFA",2019,0,14799.3692930312,54293.097645813,"Burkina Faso",24.1457090813068,4002190.58124961,11647.0100092249,10634
"BFA",2019,1,14225.4144832328,54293.097645813,"Burkina Faso",24.1457090813068,4002190.58124961,11647.0100092249,10634
"BFA",2019,2,13635.5936040223,54293.097645813,"Burkina Faso",24.1457090813068,4002190.58124961,11647.0100092249,10634
"BFA",2019,5,11778.980555401,54293.097645813,"Burkina Faso",24.1457090813068,4002190.58124961,11647.0100092249,10634
"BFA",2020,0,14574.1552111098,53955.6204508623,"Burkina Faso",23.9142737493223,4103273.81980874,12701.0882593436,9860
"BFA",2020,1,14004.9588151759,53955.6204508623,"Burkina Faso",23.9142737493223,4103273.81980874,12701.0882593436,9860
"BFA",2020,2,13420.0636205127,53955.6204508623,"Burkina Faso",23.9142737493223,4103273.81980874,12701.0882593436,9860
"BFA",2020,5,11579.1465378339,53955.6204508623,"Burkina Faso",23.9142737493223,4103273.81980874,12701.0882593436,9860
"BFA",2021,0,14350.1072376958,53467.1587732487,"Burkina Faso",23.8589536880568,4209220.10057624,11420.2812314227,9357
"BFA",2021,1,13788.7044259056,53467.1587732487,"Burkina Faso",23.8589536880568,4209220.10057624,11420.2812314227,9357
"BFA",2021,2,13211.850993676,53467.1587732487,"Burkina Faso",23.8589536880568,4209220.10057624,11420.2812314227,9357
"BFA",2021,5,11396.4176294973,53467.1587732487,"Burkina Faso",23.8589536880568,4209220.10057624,11420.2812314227,9357
"BFA",2022,0,13787.6186311604,54127.5141206908,"Burkina Faso",21.6160046279595,4318546.79377412,11145.2695233403,9033
"BFA",2022,1,13205.8447243095,54127.5141206908,"Burkina Faso",21.6160046279595,4318546.79377412,11145.2695233403,9033
"BFA",2022,2,12608.0258919169,54127.5141206908,"Burkina Faso",21.6160046279595,4318546.79377412,11145.2695233403,9033
"BFA",2022,5,10726.420634347,54127.5141206908,"Burkina Faso",21.6160046279595,4318546.79377412,11145.2695233403,9033
"BFA",2023,0,13799.5434484452,54443.4607207797,"Burkina Faso",21.6094909561051,4429995.54792314,11130.0864322007,8791
"BFA",2023,1,13217.0868155547,54443.4607207797,"Burkina Faso",21.6094909561051,4429995.54792314,11130.0864322007,8791
"BFA",2023,2,12618.5914996064,54443.4607207797,"Burkina Faso",21.6094909561051,4429995.54792314,11130.0864322007,8791
"BFA",2023,5,10734.9851603894,54443.4607207797,"Burkina Faso",21.6094909561051,4429995.54792314,11130.0864322007,8791
"BFA",2024,0,13628.2783454175,54484.0205521836,"Burkina Faso",20.8912355688325,4563597.66158448,10708.7756030255,8639
"BFA",2024,1,13037.2448797572,54484.0205521836,"Burkina Faso",20.8912355688325,4563597.66158448,10708.7756030255,8639
"BFA",2024,2,12429.8287212109,54484.0205521836,"Burkina Faso",20.8912355688325,4563597.66158448,10708.7756030255,8639
"BFA",2024,5,10517.5448803372,54484.0205521836,"Burkina Faso",20.8912355688325,4563597.66158448,10708.7756030255,8639
"BWA",2000,0,16.5754802798106,2334.20464298486,"Botswana",0.424035053441698,221773.843592144,5.53349919050213,9
"BWA",2000,1,0,2334.20464298486,"Botswana",0.424035053441698,221773.843592144,5.53349919050213,9
"BWA",2000,2,0,2334.20464298486,"Botswana",0.424035053441698,221773.843592144,5.53349919050213,9
"BWA",2000,5,0,2334.20464298486,"Botswana",0.424035053441698,221773.843592144,5.53349919050213,9
"BWA",2001,0,12.2512940378612,2527.46078495146,"Botswana",0.297873286747476,221630.858683553,3.53643567493347,7
"BWA",2001,1,0,2527.46078495146,"Botswana",0.297873286747476,221630.858683553,3.53643567493347,7
"BWA",2001,2,0,2527.46078495146,"Botswana",0.297873286747476,221630.858683553,3.53643567493347,7
"BWA",2001,5,0,2527.46078495146,"Botswana",0.297873286747476,221630.858683553,3.53643567493347,7
"BWA",2002,0,7.6449965274114,2509.82121167765,"Botswana",0.182050333158404,221263.441402466,2.2221744458006,5
"BWA",2002,1,0,2509.82121167765,"Botswana",0.182050333158404,221263.441402466,2.2221744458006,5
"BWA",2002,2,0,2509.82121167765,"Botswana",0.182050333158404,221263.441402466,2.2221744458006,5
"BWA",2002,5,0,2509.82121167765,"Botswana",0.182050333158404,221263.441402466,2.2221744458006,5
"BWA",2003,0,6.04274093334153,2464.36763057301,"Botswana",0.147612416417433,221062.496910769,1.85038740826308,4
"BWA",2003,1,0,2464.36763057301,"Botswana",0.147612416417433,221062.496910769,1.85038740826308,4
"BWA",2003,2,0,2464.36763057301,"Botswana",0.147612416417433,221062.496910769,1.85038740826308,4
"BWA",2003,5,0,2464.36763057301,"Botswana",0.147612416417433,221062.496910769,1.85038740826308,4
"BWA",2004,0,5.5540181128682,2415.17305235807,"Botswana",0.140934783944168,221213.536764013,1.77086578735415,4
"BWA",2004,1,0,2415.17305235807,"Botswana",0.140934783944168,221213.536764013,1.77086578735415,4
"BWA",2004,2,0,2415.17305235807,"Botswana",0.140934783944168,221213.536764013,1.77086578735415,4
"BWA",2004,5,0,2415.17305235807,"Botswana",0.140934783944168,221213.536764013,1.77086578735415,4
"BWA",2005,0,2.83608226982943,2386.55814676257,"Botswana",0.0739687942020688,222030.072143294,1.01106893548783,2
"BWA",2005,1,0,2386.55814676257,"Botswana",0.0739687942020688,222030.072143294,1.01106893548783,2
"BWA",2005,2,0,2386.55814676257,"Botswana",0.0739687942020688,222030.072143294,1.01106893548783,2
"BWA",2005,5,0,2386.55814676257,"Botswana",0.0739687942020688,222030.072143294,1.01106893548783,2
"BWA",2006,0,6.82873965794617,2877.74004565858,"Botswana",0.147705239866681,223412.895417842,2.74251922373105,10
"BWA",2006,1,0,2877.74004565858,"Botswana",0.147705239866681,223412.895417842,2.74251922373105,10
"BWA",2006,2,0,2877.74004565858,"Botswana",0.147705239866681,223412.895417842,2.74251922373105,10
"BWA",2006,5,0,2877.74004565858,"Botswana",0.147705239866681,223412.895417842,2.74251922373105,10
"BWA",2007,0,5.48628009091293,2347.07721318599,"Botswana",0.148236718962889,225294.056124729,2.44686947177795,1
"BWA",2007,1,0,2347.07721318599,"Botswana",0.148236718962889,225294.056124729,2.44686947177795,1
"BWA",2007,2,0,2347.07721318599,"Botswana",0.148236718962889,225294.056124729,2.44686947177795,1
"BWA",2007,5,0,2347.07721318599,"Botswana",0.148236718962889,225294.056124729,2.44686947177795,1
"BWA",2008,0,8.77552230046915,2327.29009160672,"Botswana",0.241073799271423,227651.520559181,3.5868719509481,2
"BWA",2008,1,0,2327.29009160672,"Botswana",0.241073799271423,227651.520559181,3.5868719509481,2
"BWA",2008,2,0,2327.29009160672,"Botswana",0.241073799271423,227651.520559181,3.5868719509481,2
"BWA",2008,5,0,2327.29009160672,"Botswana",0.241073799271423,227651.520559181,3.5868719509481,2
"BWA",2009,0,9.57278521989445,2319.88327692371,"Botswana",0.26556273087679,230084.34373081,3.68015291812525,1
"BWA",2009,1,0,2319.88327692371,"Botswana",0.26556273087679,230084.34373081,3.68015291812525,1
"BWA",2009,2,0,2319.88327692371,"Botswana",0.26556273087679,230084.34373081,3.68015291812525,1
"BWA",2009,5,0,2319.88327692371,"Botswana",0.26556273087679,230084.34373081,3.68015291812525,1
"BWA",2010,0,8.34750675399964,2300.00675691042,"Botswana",0.234289152805162,232544.567722697,3.29107573564433,1
"BWA",2010,1,0,2300.00675691042,"Botswana",0.234289152805162,232544.567722697,3.29107573564433,1
"BWA",2010,2,0,2300.00675691042,"Botswana",0.234289152805162,232544.567722697,3.29107573564433,1
"BWA",2010,5,0,2300.00675691042,"Botswana",0.234289152805162,232544.567722697,3.29107573564433,1
"BWA",2011,0,2.91757318381231,2263.58151994147,"Botswana",0.0831338764078907,235003.240770275,0.915833485778732,1
"BWA",2011,1,0,2263.58151994147,"Botswana",0.0831338764078907,235003.240770275,0.915833485778732,1
"BWA",2011,2,0,2263.58151994147,"Botswana",0.0831338764078907,235003.240770275,0.915833485778732,1
"BWA",2011,5,0,2263.58151994147,"Botswana",0.0831338764078907,235003.240770275,0.915833485778732,1
"BWA",2012,0,1.52057644862657,2199.86245656277,"Botswana",0.0445555048639268,237341.445986751,0.389817386464449,0
"BWA",2012,1,0,2199.86245656277,"Botswana",0.0445555048639268,237341.445986751,0.389817386464449,0
"BWA",2012,2,0,2199.86245656277,"Botswana",0.0445555048639268,237341.445986751,0.389817386464449,0
"BWA",2012,5,0,2199.86245656277,"Botswana",0.0445555048639268,237341.445986751,0.389817386464449,0
"BWA",2013,0,3.04757464256213,2112.15170412361,"Botswana",0.0926930386601665,239515.949072123,0.955998615298937,1
"BWA",2013,1,0,2112.15170412361,"Botswana",0.0926930386601665,239515.949072123,0.955998615298937,1
"BWA",2013,2,0,2112.15170412361,"Botswana",0.0926930386601665,239515.949072123,0.955998615298937,1
"BWA",2013,5,0,2112.15170412361,"Botswana",0.0926930386601665,239515.949072123,0.955998615298937,1
"BWA",2014,0,7.20830535074852,2034.83311920849,"Botswana",0.225606371069203,241670.78782928,2.52518987624045,5
"BWA",2014,1,0,2034.83311920849,"Botswana",0.225606371069203,241670.78782928,2.52518987624045,5
"BWA",2014,2,0,2034.83311920849,"Botswana",0.225606371069203,241670.78782928,2.52518987624045,5
"BWA",2014,5,0,2034.83311920849,"Botswana",0.225606371069203,241670.78782928,2.52518987624045,5
"BWA",2015,0,2.12173488429223,2000.78906689539,"Botswana",0.0668556239324968,243808.421513929,0.518384167820944,1
"BWA",2015,1,0,2000.78906689539,"Botswana",0.0668556239324968,243808.421513929,0.518384167820944,1
"BWA",2015,2,0,2000.78906689539,"Botswana",0.0668556239324968,243808.421513929,0.518384167820944,1
"BWA",2015,5,0,2000.78906689539,"Botswana",0.0668556239324968,243808.421513929,0.518384167820944,1
"BWA",2016,0,3.22072262614552,1924.53756901734,"Botswana",0.105803076769322,245904.556601712,1.43177141025463,0
"BWA",2016,1,0,1924.53756901734,"Botswana",0.105803076769322,245904.556601712,1.43177141025463,0
"BWA",2016,2,0,1924.53756901734,"Botswana",0.105803076769322,245904.556601712,1.43177141025463,0
"BWA",2016,5,0,1924.53756901734,"Botswana",0.105803076769322,245904.556601712,1.43177141025463,0
"BWA",2017,0,8.79888836307802,1835.13600345257,"Botswana",0.305153900347059,247863.713325264,4.31901707700243,3
"BWA",2017,1,0,1835.13600345257,"Botswana",0.305153900347059,247863.713325264,4.31901707700243,3
"BWA",2017,2,0,1835.13600345257,"Botswana",0.305153900347059,247863.713325264,4.31901707700243,3
"BWA",2017,5,0,1835.13600345257,"Botswana",0.305153900347059,247863.713325264,4.31901707700243,3
"BWA",2018,0,2.67117224523206,1765.41353058937,"Botswana",0.0965728045279377,249504.530016064,1.11302199404707,2
"BWA",2018,1,0,1765.41353058937,"Botswana",0.0965728045279377,249504.530016064,1.11302199404707,2
"BWA",2018,2,0,1765.41353058937,"Botswana",0.0965728045279377,249504.530016064,1.11302199404707,2
"BWA",2018,5,0,1765.41353058937,"Botswana",0.0965728045279377,249504.530016064,1.11302199404707,2
"BWA",2019,0,1.11753110699169,1693.39376597886,"Botswana",0.0423554467026761,250709.9953623,0.348312478170196,1
"BWA",2019,1,0,1693.39376597886,"Botswana",0.0423554467026761,250709.9953623,0.348312478170196,1
"BWA",2019,2,0,1693.39376597886,"Botswana",0.0423554467026761,250709.9953623,0.348312478170196,1
"BWA",2019,5,0,1693.39376597886,"Botswana",0.0423554467026761,250709.9953623,0.348312478170196,1
"BWA",2020,0,5.44132666355179,1610.23334918911,"Botswana",0.217936255017923,251414.943026907,1.89585994368078,2
"BWA",2020,1,0,1610.23334918911,"Botswana",0.217936255017923,251414.943026907,1.89585994368078,2
"BWA",2020,2,0,1610.23334918911,"Botswana",0.217936255017923,251414.943026907,1.89585994368078,2
"BWA",2020,5,0,1610.23334918911,"Botswana",0.217936255017923,251414.943026907,1.89585994368078,2
"BWA",2021,0,2.80865950602954,1553.71496873085,"Botswana",0.117068486605279,251566.796686848,1.5040761913317,1
"BWA",2021,1,0,1553.71496873085,"Botswana",0.117068486605279,251566.796686848,1.5040761913317,1
"BWA",2021,2,0,1553.71496873085,"Botswana",0.117068486605279,251566.796686848,1.5040761913317,1
"BWA",2021,5,0,1553.71496873085,"Botswana",0.117068486605279,251566.796686848,1.5040761913317,1
"BWA",2022,0,1.34424587946231,1397.4834990479,"Botswana",0.0618352892963065,251235.366679932,0.721782253931715,1
"BWA",2022,1,0,1397.4834990479,"Botswana",0.0618352892963065,251235.366679932,0.721782253931715,1
"BWA",2022,2,0,1397.4834990479,"Botswana",0.0618352892963065,251235.366679932,0.721782253931715,1
"BWA",2022,5,0,1397.4834990479,"Botswana",0.0618352892963065,251235.366679932,0.721782253931715,1
"BWA",2023,0,1.59457299433056,1228.95690254165,"Botswana",0.0864128736534759,250631.515952065,1.3728763780339,0
"BWA",2023,1,0,1228.95690254165,"Botswana",0.0864128736534759,250631.515952065,1.3728763780339,0
"BWA",2023,2,0,1228.95690254165,"Botswana",0.0864128736534759,250631.515952065,1.3728763780339,0
"BWA",2023,5,0,1228.95690254165,"Botswana",0.0864128736534759,250631.515952065,1.3728763780339,0
"BWA",2024,0,1.40601827437706,1172.25308563155,"Botswana",0.0785030798269115,245303.743809843,0.695282142301979,0
"BWA",2024,1,0,1172.25308563155,"Botswana",0.0785030798269115,245303.743809843,0.695282142301979,0
"BWA",2024,2,0,1172.25308563155,"Botswana",0.0785030798269115,245303.743809843,0.695282142301979,0
"BWA",2024,5,0,1172.25308563155,"Botswana",0.0785030798269115,245303.743809843,0.695282142301979,0
"CAF",2000,0,9068.41366401432,26398.2658797606,"Central African Republic",50.1231239687863,684245.541122588,2975.50562606514,5769
"CAF",2000,1,8803.86239282434,26398.2658797606,"Central African Republic",50.1231239687863,684245.541122588,2975.50562606514,5769
"CAF",2000,2,8532.27273639505,26398.2658797606,"Central African Republic",50.1231239687863,684245.541122588,2975.50562606514,5769
"CAF",2000,5,7679.15533247132,26398.2658797606,"Central African Republic",50.1231239687863,684245.541122588,2975.50562606514,5769
"CAF",2001,0,9205.49053981662,26736.8161426875,"Central African Republic",50.790293353342,707628.861920373,3039.63517153292,6055
"CAF",2001,1,8937.13058815914,26736.8161426875,"Central African Republic",50.790293353342,707628.861920373,3039.63517153292,6055
"CAF",2001,2,8661.60601147987,26736.8161426875,"Central African Republic",50.790293353342,707628.861920373,3039.63517153292,6055
"CAF",2001,5,7795.98894904513,26736.8161426875,"Central African Republic",50.790293353342,707628.861920373,3039.63517153292,6055
"CAF",2002,0,9247.1925539429,26774.7742000659,"Central African Republic",53.0620108083721,727284.870903988,3254.80210422824,6393
"CAF",2002,1,8978.71682247765,26774.7742000659,"Central African Republic",53.0620108083721,727284.870903988,3254.80210422824,6393
"CAF",2002,2,8703.04966732153,26774.7742000659,"Central African Republic",53.0620108083721,727284.870903988,3254.80210422824,6393
"CAF",2002,5,7836.85112572463,26774.7742000659,"Central African Republic",53.0620108083721,727284.870903988,3254.80210422824,6393
"CAF",2003,0,9306.79678243263,26937.1522471441,"Central African Republic",54.6697446564094,747975.232955608,3470.76651616297,6730
"CAF",2003,1,9037.08984783114,26937.1522471441,"Central African Republic",54.6697446564094,747975.232955608,3470.76651616297,6730
"CAF",2003,2,8760.13750106809,26937.1522471441,"Central African Republic",54.6697446564094,747975.232955608,3470.76651616297,6730
"CAF",2003,5,7889.78018047525,26937.1522471441,"Central African Republic",54.6697446564094,747975.232955608,3470.76651616297,6730
"CAF",2004,0,9420.95482474368,27295.3995281624,"Central African Republic",56.4977241161672,772337.897462398,3632.08424650765,7079
"CAF",2004,1,9148.55067921856,27295.3995281624,"Central African Republic",56.4977241161672,772337.897462398,3632.08424650765,7079
"CAF",2004,2,8868.82046008514,27295.3995281624,"Central African Republic",56.4977241161672,772337.897462398,3632.08424650765,7079
"CAF",2004,5,7989.6833698506,27295.3995281624,"Central African Republic",56.4977241161672,772337.897462398,3632.08424650765,7079
"CAF",2005,0,9482.88177680295,27492.8570841914,"Central African Republic",57.137610295232,795433.86677637,3752.68743335549,7284
"CAF",2005,1,9208.71694446752,27492.8570841914,"Central African Republic",57.137610295232,795433.86677637,3752.68743335549,7284
"CAF",2005,2,8927.16497234973,27492.8570841914,"Central African Republic",57.137610295232,795433.86677637,3752.68743335549,7284
"CAF",2005,5,8042.2228910122,27492.8570841914,"Central African Republic",57.137610295232,795433.86677637,3752.68743335549,7284
"CAF",2006,0,9555.6646990386,27778.1753516039,"Central African Republic",56.7566166347886,820634.466564419,4013.67591903313,7436
"CAF",2006,1,9279.18146314025,27778.1753516039,"Central African Republic",56.7566166347886,820634.466564419,4013.67591903313,7436
"CAF",2006,2,8995.24793392633,27778.1753516039,"Central African Republic",56.7566166347886,820634.466564419,4013.67591903313,7436
"CAF",2006,5,8102.81319592902,27778.1753516039,"Central African Republic",56.7566166347886,820634.466564419,4013.67591903313,7436
"CAF",2007,0,9580.36408291606,27924.7377771723,"Central African Republic",55.183785583939,844225.471579263,4083.49806965733,7776
"CAF",2007,1,9302.51258887927,27924.7377771723,"Central African Republic",55.183785583939,844225.471579263,4083.49806965733,7776
"CAF",2007,2,9017.17451240694,27924.7377771723,"Central African Republic",55.183785583939,844225.471579263,4083.49806965733,7776
"CAF",2007,5,8120.3261326693,27924.7377771723,"Central African Republic",55.183785583939,844225.471579263,4083.49806965733,7776
"CAF",2008,0,9507.20385249117,27855.7637254743,"Central African Republic",52.9036931466558,866733.158229722,3959.56023587,7788
"CAF",2008,1,9230.4475433391,27855.7637254743,"Central African Republic",52.9036931466558,866733.158229722,3959.56023587,7788
"CAF",2008,2,8946.24550263568,27855.7637254743,"Central African Republic",52.9036931466558,866733.158229722,3959.56023587,7788
"CAF",2008,5,8053.02873042196,27855.7637254743,"Central African Republic",52.9036931466558,866733.158229722,3959.56023587,7788
"CAF",2009,0,9449.8374543996,27935.5397071372,"Central African Republic",49.9797170597872,892068.779608064,3912.55608836811,46210
"CAF",2009,1,9173.15893260495,27935.5397071372,"Central African Republic",49.9797170597872,892068.779608064,3912.55608836811,46210
"CAF",2009,2,8889.06344217882,27935.5397071372,"Central African Republic",49.9797170597872,892068.779608064,3912.55608836811,46210
"CAF",2009,5,7996.3252772498,27935.5397071372,"Central African Republic",49.9797170597872,892068.779608064,3912.55608836811,46210
"CAF",2010,0,9454.035036954,28255.312876908,"Central African Republic",46.813973768148,920977.79108137,3709.04358838151,8674
"CAF",2010,1,9174.73394023148,28255.312876908,"Central African Republic",46.813973768148,920977.79108137,3709.04358838151,8674
"CAF",2010,2,8887.97557045435,28255.312876908,"Central African Republic",46.813973768148,920977.79108137,3709.04358838151,8674
"CAF",2010,5,7987.03082976945,28255.312876908,"Central African Republic",46.813973768148,920977.79108137,3709.04358838151,8674
"CAF",2011,0,9359.05240659611,28355.456314453,"Central African Republic",43.8411225047362,953046.207610879,3439.35208404527,6699
"CAF",2011,1,9079.17029064636,28355.456314453,"Central African Republic",43.8411225047362,953046.207610879,3439.35208404527,6699
"CAF",2011,2,8791.8415428333,28355.456314453,"Central African Republic",43.8411225047362,953046.207610879,3439.35208404527,6699
"CAF",2011,5,7889.24275662773,28355.456314453,"Central African Republic",43.8411225047362,953046.207610879,3439.35208404527,6699
"CAF",2012,0,9170.16043587345,28163.6813729848,"Central African Republic",41.7233264322228,988260.765652121,3313.20902985752,6442
"CAF",2012,1,8892.82130765636,28163.6813729848,"Central African Republic",41.7233264322228,988260.765652121,3313.20902985752,6442
"CAF",2012,2,8608.12004844788,28163.6813729848,"Central African Republic",41.7233264322228,988260.765652121,3313.20902985752,6442
"CAF",2012,5,7713.85882484985,28163.6813729848,"Central African Republic",41.7233264322228,988260.765652121,3313.20902985752,6442
"CAF",2013,0,9327.75378076797,28839.596248193,"Central African Republic",40.5486049719337,1025306.44211286,3197.11643417514,7321
"CAF",2013,1,9043.51332206682,28839.596248193,"Central African Republic",40.5486049719337,1025306.44211286,3197.11643417514,7321
"CAF",2013,2,8751.72844556763,28839.596248193,"Central African Republic",40.5486049719337,1025306.44211286,3197.11643417514,7321
"CAF",2013,5,7835.21776172908,28839.596248193,"Central African Republic",40.5486049719337,1025306.44211286,3197.11643417514,7321
"CAF",2014,0,9266.37061357545,28887.9369925298,"Central African Republic",39.0373523270111,1048750.07445122,3143.14773373345,11612
"CAF",2014,1,8980.88106242944,28887.9369925298,"Central African Republic",39.0373523270111,1048750.07445122,3143.14773373345,11612
"CAF",2014,2,8687.82019242979,28887.9369925298,"Central African Republic",39.0373523270111,1048750.07445122,3143.14773373345,11612
"CAF",2014,5,7767.33481389187,28887.9369925298,"Central African Republic",39.0373523270111,1048750.07445122,3143.14773373345,11612
"CAF",2015,0,8916.24228552407,28150.8022278888,"Central African Republic",36.7348327663838,1043748.93995375,2950.93257259004,5758
"CAF",2015,1,8636.03617347871,28150.8022278888,"Central African Republic",36.7348327663838,1043748.93995375,2950.93257259004,5758
"CAF",2015,2,8348.40995155079,28150.8022278888,"Central African Republic",36.7348327663838,1043748.93995375,2950.93257259004,5758
"CAF",2015,5,7445.05843557998,28150.8022278888,"Central African Republic",36.7348327663838,1043748.93995375,2950.93257259004,5758
"CAF",2016,0,8719.83835194405,27996.5299234341,"Central African Republic",34.8644575981452,1040947.00536184,2774.55506455831,6749
"CAF",2016,1,8440.60342132306,27996.5299234341,"Central African Republic",34.8644575981452,1040947.00536184,2774.55506455831,6749
"CAF",2016,2,8154.00167449891,27996.5299234341,"Central African Republic",34.8644575981452,1040947.00536184,2774.55506455831,6749
"CAF",2016,5,7254.01810330313,27996.5299234341,"Central African Republic",34.8644575981452,1040947.00536184,2774.55506455831,6749
"CAF",2017,0,8883.98710356444,28706.5360691706,"Central African Republic",35.1002027918672,1063145.91669166,2862.9391127856,9011
"CAF",2017,1,8600.49593376953,28706.5360691706,"Central African Republic",35.1002027918672,1063145.91669166,2862.9391127856,9011
"CAF",2017,2,8309.56723306547,28706.5360691706,"Central African Republic",35.1002027918672,1063145.91669166,2862.9391127856,9011
"CAF",2017,5,7396.21874746003,28706.5360691706,"Central African Republic",35.1002027918672,1063145.91669166,2862.9391127856,9011
"CAF",2018,0,8864.43473813244,28857.9422374417,"Central African Republic",34.5918319853756,1087061.31510122,3067.66974136255,6377
"CAF",2018,1,8580.08034490855,28857.9422374417,"Central African Republic",34.5918319853756,1087061.31510122,3067.66974136255,6377
"CAF",2018,2,8288.28499947747,28857.9422374417,"Central African Republic",34.5918319853756,1087061.31510122,3067.66974136255,6377
"CAF",2018,5,7372.31748704192,28857.9422374417,"Central African Republic",34.5918319853756,1087061.31510122,3067.66974136255,6377
"CAF",2019,0,8853.4468029695,28972.2661259662,"Central African Republic",34.0731461097058,1106944.8631533,3011.98428102764,18074
"CAF",2019,1,8567.74490585049,28972.2661259662,"Central African Republic",34.0731461097058,1106944.8631533,3011.98428102764,18074
"CAF",2019,2,8274.57534206483,28972.2661259662,"Central African Republic",34.0731461097058,1106944.8631533,3011.98428102764,18074
"CAF",2019,5,7354.34026055031,28972.2661259662,"Central African Republic",34.0731461097058,1106944.8631533,3011.98428102764,18074
"CAF",2020,0,8843.65881574063,29421.816891391,"Central African Republic",32.4253601406584,1137933.45802815,3311.0269460636,7070
"CAF",2020,1,8552.11703507437,29421.816891391,"Central African Republic",32.4253601406584,1137933.45802815,3311.0269460636,7070
"CAF",2020,2,8252.96687614066,29421.816891391,"Central African Republic",32.4253601406584,1137933.45802815,3311.0269460636,7070
"CAF",2020,5,7314.02233264301,29421.816891391,"Central African Republic",32.4253601406584,1137933.45802815,3311.0269460636,7070
"CAF",2021,0,8855.15234263918,29582.0771502102,"Central African Republic",32.684381685617,1172987.62821705,3504.18846870825,12287
"CAF",2021,1,8564.34038503896,29582.0771502102,"Central African Republic",32.684381685617,1172987.62821705,3504.18846870825,12287
"CAF",2021,2,8265.96728351523,29582.0771502102,"Central African Republic",32.684381685617,1172987.62821705,3504.18846870825,12287
"CAF",2021,5,7329.61391899637,29582.0771502102,"Central African Republic",32.684381685617,1172987.62821705,3504.18846870825,12287
"CAF",2022,0,8862.98179243197,29577.5395857279,"Central African Republic",32.851055562119,1191062.93363552,3463.82565235186,38893
"CAF",2022,1,8572.60757137758,29577.5395857279,"Central African Republic",32.851055562119,1191062.93363552,3463.82565235186,38893
"CAF",2022,2,8274.69249982127,29577.5395857279,"Central African Republic",32.851055562119,1191062.93363552,3463.82565235186,38893
"CAF",2022,5,7339.82668293297,29577.5395857279,"Central African Republic",32.851055562119,1191062.93363552,3463.82565235186,38893
"CAF",2023,0,8914.39640035136,29749.8416808589,"Central African Republic",33.3836364013419,1211182.48596159,3502.25370910974,4991
"CAF",2023,1,8624.48268466008,29749.8416808589,"Central African Republic",33.3836364013419,1211182.48596159,3502.25370910974,4991
"CAF",2023,2,8327.06749350605,29749.8416808589,"Central African Republic",33.3836364013419,1211182.48596159,3502.25370910974,4991
"CAF",2023,5,7393.92033709081,29749.8416808589,"Central African Republic",33.3836364013419,1211182.48596159,3502.25370910974,4991
"CAF",2024,0,9209.77703131976,30131.6302473718,"Central African Republic",33.7356038277751,1239544.57229918,3864.81190981826,5220
"CAF",2024,1,8911.19174421495,30131.6302473718,"Central African Republic",33.7356038277751,1239544.57229918,3864.81190981826,5220
"CAF",2024,2,8604.78881093113,30131.6302473718,"Central African Republic",33.7356038277751,1239544.57229918,3864.81190981826,5220
"CAF",2024,5,7642.9480824565,30131.6302473718,"Central African Republic",33.7356038277751,1239544.57229918,3864.81190981826,5220
"CIV",2000,0,28854.041111698,85679.9034484395,"Cote d'Ivoire",61.803139258952,2822967.2641798,16801.4672085851,27435
"CIV",2000,1,28036.030479974,85679.9034484395,"Cote d'Ivoire",61.803139258952,2822967.2641798,16801.4672085851,27435
"CIV",2000,2,27195.960913929,85679.9034484395,"Cote d'Ivoire",61.803139258952,2822967.2641798,16801.4672085851,27435
"CIV",2000,5,24554.8903634747,85679.9034484395,"Cote d'Ivoire",61.803139258952,2822967.2641798,16801.4672085851,27435
"CIV",2001,0,28232.7143767673,84324.1322748598,"Cote d'Ivoire",65.45108924109,2886570.82055409,17510.402579921,28611
"CIV",2001,1,27434.4750544075,84324.1322748598,"Cote d'Ivoire",65.45108924109,2886570.82055409,17510.402579921,28611
"CIV",2001,2,26614.7376860901,84324.1322748598,"Cote d'Ivoire",65.45108924109,2886570.82055409,17510.402579921,28611
"CIV",2001,5,24037.7108751161,84324.1322748598,"Cote d'Ivoire",65.45108924109,2886570.82055409,17510.402579921,28611
"CIV",2002,0,27824.7851725084,83452.5280674499,"Cote d'Ivoire",66.4293678264362,2951593.1943349,18306.2098484026,29284
"CIV",2002,1,27038.1805714932,83452.5280674499,"Cote d'Ivoire",66.4293678264362,2951593.1943349,18306.2098484026,29284
"CIV",2002,2,26230.397028685,83452.5280674499,"Cote d'Ivoire",66.4293678264362,2951593.1943349,18306.2098484026,29284
"CIV",2002,5,23690.9606095437,83452.5280674499,"Cote d'Ivoire",66.4293678264362,2951593.1943349,18306.2098484026,29284
"CIV",2003,0,27134.673171622,81846.4267836666,"Cote d'Ivoire",68.8703916155002,3017564.5945584,18702.8360491632,29324
"CIV",2003,1,26367.6493387522,81846.4267836666,"Cote d'Ivoire",68.8703916155002,3017564.5945584,18702.8360491632,29324
"CIV",2003,2,25579.9768512403,81846.4267836666,"Cote d'Ivoire",68.8703916155002,3017564.5945584,18702.8360491632,29324
"CIV",2003,5,23103.7552799277,81846.4267836666,"Cote d'Ivoire",68.8703916155002,3017564.5945584,18702.8360491632,29324
"CIV",2004,0,26768.8145023574,81019.1850715293,"Cote d'Ivoire",69.7312228745312,3084442.08584124,19019.3689556567,28517
"CIV",2004,1,26011.7407986864,81019.1850715293,"Cote d'Ivoire",69.7312228745312,3084442.08584124,19019.3689556567,28517
"CIV",2004,2,25234.2866963064,81019.1850715293,"Cote d'Ivoire",69.7312228745312,3084442.08584124,19019.3689556567,28517
"CIV",2004,5,22790.1781324705,81019.1850715293,"Cote d'Ivoire",69.7312228745312,3084442.08584124,19019.3689556567,28517
"CIV",2005,0,26733.0180706774,80769.9833548921,"Cote d'Ivoire",62.0559536355424,3152274.70553679,18927.1407480006,27003
"CIV",2005,1,25973.9917686247,80769.9833548921,"Cote d'Ivoire",62.0559536355424,3152274.70553679,18927.1407480006,27003
"CIV",2005,2,25194.5139414584,80769.9833548921,"Cote d'Ivoire",62.0559536355424,3152274.70553679,18927.1407480006,27003
"CIV",2005,5,22743.9541932003,80769.9833548921,"Cote d'Ivoire",62.0559536355424,3152274.70553679,18927.1407480006,27003
"CIV",2006,0,26662.0879884721,80688.7774125142,"Cote d'Ivoire",57.4680827884042,3223261.21965836,19492.7595465413,25696
"CIV",2006,1,25901.8492766889,80688.7774125142,"Cote d'Ivoire",57.4680827884042,3223261.21965836,19492.7595465413,25696
"CIV",2006,2,25121.1273301588,80688.7774125142,"Cote d'Ivoire",57.4680827884042,3223261.21965836,19492.7595465413,25696
"CIV",2006,5,22666.6646359117,80688.7774125142,"Cote d'Ivoire",57.4680827884042,3223261.21965836,19492.7595465413,25696
"CIV",2007,0,26174.0296409913,79567.0339591837,"Cote d'Ivoire",53.6125968958455,3300078.44840636,19059.8307413793,26640
"CIV",2007,1,25423.7755183808,79567.0339591837,"Cote d'Ivoire",53.6125968958455,3300078.44840636,19059.8307413793,26640
"CIV",2007,2,24653.2979644175,79567.0339591837,"Cote d'Ivoire",53.6125968958455,3300078.44840636,19059.8307413793,26640
"CIV",2007,5,22230.9803413228,79567.0339591837,"Cote d'Ivoire",53.6125968958455,3300078.44840636,19059.8307413793,26640
"CIV",2008,0,25883.3345652723,78751.9015924538,"Cote d'Ivoire",55.1876664167368,3383322.76002322,19156.6121318891,26800
"CIV",2008,1,25142.8585665201,78751.9015924538,"Cote d'Ivoire",55.1876664167368,3383322.76002322,19156.6121318891,26800
"CIV",2008,2,24382.4027500792,78751.9015924538,"Cote d'Ivoire",55.1876664167368,3383322.76002322,19156.6121318891,26800
"CIV",2008,5,21991.4665953974,78751.9015924538,"Cote d'Ivoire",55.1876664167368,3383322.76002322,19156.6121318891,26800
"CIV",2009,0,25730.3255897726,78205.8008398131,"Cote d'Ivoire",60.6953011414295,3471538.7625738,19729.3418487994,26502
"CIV",2009,1,24997.9846007976,78205.8008398131,"Cote d'Ivoire",60.6953011414295,3471538.7625738,19729.3418487994,26502
"CIV",2009,2,24245.8659753546,78205.8008398131,"Cote d'Ivoire",60.6953011414295,3471538.7625738,19729.3418487994,26502
"CIV",2009,5,21881.0363385351,78205.8008398131,"Cote d'Ivoire",60.6953011414295,3471538.7625738,19729.3418487994,26502
"CIV",2010,0,25478.0204376381,77575.6461176502,"Cote d'Ivoire",65.0033195081738,3561900.21445062,19760.4609712265,25039
"CIV",2010,1,24754.5186847161,77575.6461176502,"Cote d'Ivoire",65.0033195081738,3561900.21445062,19760.4609712265,25039
"CIV",2010,2,24011.4815264245,77575.6461176502,"Cote d'Ivoire",65.0033195081738,3561900.21445062,19760.4609712265,25039
"CIV",2010,5,21675.2144590913,77575.6461176502,"Cote d'Ivoire",65.0033195081738,3561900.21445062,19760.4609712265,25039
"CIV",2011,0,25527.7999850556,77614.8795913475,"Cote d'Ivoire",59.6120296901077,3652463.88506163,18849.3786054643,21745
"CIV",2011,1,24800.5734054276,77614.8795913475,"Cote d'Ivoire",59.6120296901077,3652463.88506163,18849.3786054643,21745
"CIV",2011,2,24053.7102542497,77614.8795913475,"Cote d'Ivoire",59.6120296901077,3652463.88506163,18849.3786054643,21745
"CIV",2011,5,21705.4237726288,77614.8795913475,"Cote d'Ivoire",59.6120296901077,3652463.88506163,18849.3786054643,21745
"CIV",2012,0,24539.2142185155,77989.3073447275,"Cote d'Ivoire",38.683842029167,3742034.93815356,17125.0739137386,17173
"CIV",2012,1,23790.6342117622,77989.3073447275,"Cote d'Ivoire",38.683842029167,3742034.93815356,17125.0739137386,17173
"CIV",2012,2,23021.9538507036,77989.3073447275,"Cote d'Ivoire",38.683842029167,3742034.93815356,17125.0739137386,17173
"CIV",2012,5,20605.7118826296,77989.3073447275,"Cote d'Ivoire",38.683842029167,3742034.93815356,17125.0739137386,17173
"CIV",2013,0,21993.9412078171,78295.5367608663,"Cote d'Ivoire",26.9895216809926,3830159.15768072,14171.0828586706,12943
"CIV",2013,1,21200.5687342636,78295.5367608663,"Cote d'Ivoire",26.9895216809926,3830159.15768072,14171.0828586706,12943
"CIV",2013,2,20385.9446017799,78295.5367608663,"Cote d'Ivoire",26.9895216809926,3830159.15768072,14171.0828586706,12943
"CIV",2013,5,17825.5719655209,78295.5367608663,"Cote d'Ivoire",26.9895216809926,3830159.15768072,14171.0828586706,12943
"CIV",2014,0,20560.1174086576,77819.7411559471,"Cote d'Ivoire",23.6839108403306,3918050.9107689,12270.4832654165,9897
"CIV",2014,1,19749.1649169952,77819.7411559471,"Cote d'Ivoire",23.6839108403306,3918050.9107689,12270.4832654165,9897
"CIV",2014,2,18916.4619422391,77819.7411559471,"Cote d'Ivoire",23.6839108403306,3918050.9107689,12270.4832654165,9897
"CIV",2014,5,16299.1124012592,77819.7411559471,"Cote d'Ivoire",23.6839108403306,3918050.9107689,12270.4832654165,9897
"CIV",2015,0,19441.1339776784,77900.2697353517,"Cote d'Ivoire",21.3567298975211,4007148.18419622,12113.9747572197,8080
"CIV",2015,1,18609.9277805803,77900.2697353517,"Cote d'Ivoire",21.3567298975211,4007148.18419622,12113.9747572197,8080
"CIV",2015,2,17756.4101065395,77900.2697353517,"Cote d'Ivoire",21.3567298975211,4007148.18419622,12113.9747572197,8080
"CIV",2015,5,15073.5372823867,77900.2697353517,"Cote d'Ivoire",21.3567298975211,4007148.18419622,12113.9747572197,8080
"CIV",2016,0,19351.0060026778,77619.2333049218,"Cote d'Ivoire",21.6340460920951,4101475.90718584,11857.2050966269,7232
"CIV",2016,1,18532.1124753642,77619.2333049218,"Cote d'Ivoire",21.6340460920951,4101475.90718584,11857.2050966269,7232
"CIV",2016,2,17691.3343982604,77619.2333049218,"Cote d'Ivoire",21.6340460920951,4101475.90718584,11857.2050966269,7232
"CIV",2016,5,15049.0183925201,77619.2333049218,"Cote d'Ivoire",21.6340460920951,4101475.90718584,11857.2050966269,7232
"CIV",2017,0,19644.5907833828,77099.6857193829,"Cote d'Ivoire",22.9132150002284,4204695.9979205,11674.0196747585,6872
"CIV",2017,1,18849.9071923283,77099.6857193829,"Cote d'Ivoire",22.9132150002284,4204695.9979205,11674.0196747585,6872
"CIV",2017,2,18034.1200681446,77099.6857193829,"Cote d'Ivoire",22.9132150002284,4204695.9979205,11674.0196747585,6872
"CIV",2017,5,15471.0618079164,77099.6857193829,"Cote d'Ivoire",22.9132150002284,4204695.9979205,11674.0196747585,6872
"CIV",2018,0,20110.998350764,76579.7676293048,"Cote d'Ivoire",24.8076980165524,4316494.85806021,12079.4219527534,6728
"CIV",2018,1,19343.6126680453,76579.7676293048,"Cote d'Ivoire",24.8076980165524,4316494.85806021,12079.4219527534,6728
"CIV",2018,2,18555.9851273944,76579.7676293048,"Cote d'Ivoire",24.8076980165524,4316494.85806021,12079.4219527534,6728
"CIV",2018,5,16082.1309884094,76579.7676293048,"Cote d'Ivoire",24.8076980165524,4316494.85806021,12079.4219527534,6728
"CIV",2019,0,20139.0787426503,75581.4476069762,"Cote d'Ivoire",26.0395943758438,4436201.74353775,13488.8503302613,6542
"CIV",2019,1,19395.8040851786,75581.4476069762,"Cote d'Ivoire",26.0395943758438,4436201.74353775,13488.8503302613,6542
"CIV",2019,2,18633.0109505887,75581.4476069762,"Cote d'Ivoire",26.0395943758438,4436201.74353775,13488.8503302613,6542
"CIV",2019,5,16237.6182494392,75581.4476069762,"Cote d'Ivoire",26.0395943758438,4436201.74353775,13488.8503302613,6542
"CIV",2020,0,20124.6872871196,75868.6181319717,"Cote d'Ivoire",26.1743435667182,4562546.79611191,14202.9139272608,6345
"CIV",2020,1,19384.4775334031,75868.6181319717,"Cote d'Ivoire",26.1743435667182,4562546.79611191,14202.9139272608,6345
"CIV",2020,2,18624.9175701719,75868.6181319717,"Cote d'Ivoire",26.1743435667182,4562546.79611191,14202.9139272608,6345
"CIV",2020,5,16240.150717213,75868.6181319717,"Cote d'Ivoire",26.1743435667182,4562546.79611191,14202.9139272608,6345
"CIV",2021,0,19502.7481590036,74962.6166459707,"Cote d'Ivoire",25.4493639182503,4694334.51607317,13991.4860053602,6149
"CIV",2021,1,18771.6913154299,74962.6166459707,"Cote d'Ivoire",25.4493639182503,4694334.51607317,13991.4860053602,6149
"CIV",2021,2,18021.5662990398,74962.6166459707,"Cote d'Ivoire",25.4493639182503,4694334.51607317,13991.4860053602,6149
"CIV",2021,5,15666.6397495541,74962.6166459707,"Cote d'Ivoire",25.4493639182503,4694334.51607317,13991.4860053602,6149
"CIV",2022,0,19357.3241368627,76224.5948881253,"Cote d'Ivoire",24.4692930002402,4830053.12252504,13954.7290787898,5978
"CIV",2022,1,18611.2367096337,76224.5948881253,"Cote d'Ivoire",24.4692930002402,4830053.12252504,13954.7290787898,5978
"CIV",2022,2,17845.7542810389,76224.5948881253,"Cote d'Ivoire",24.4692930002402,4830053.12252504,13954.7290787898,5978
"CIV",2022,5,15442.9704927259,76224.5948881253,"Cote d'Ivoire",24.4692930002402,4830053.12252504,13954.7290787898,5978
"CIV",2023,0,18816.9224758914,76813.264638676,"Cote d'Ivoire",23.0357979450609,4970274.94393276,13760.4444574536,5827
"CIV",2023,1,18058.1596985635,76813.264638676,"Cote d'Ivoire",23.0357979450609,4970274.94393276,13760.4444574536,5827
"CIV",2023,2,17279.7003715043,76813.264638676,"Cote d'Ivoire",23.0357979450609,4970274.94393276,13760.4444574536,5827
"CIV",2023,5,14836.3288195625,76813.264638676,"Cote d'Ivoire",23.0357979450609,4970274.94393276,13760.4444574536,5827
"CIV",2024,0,18233.4249913076,76149.5103506282,"Cote d'Ivoire",21.6015841554766,5129838.7998382,12847.9944570404,5753
"CIV",2024,1,17460.3508819211,76149.5103506282,"Cote d'Ivoire",21.6015841554766,5129838.7998382,12847.9944570404,5753
"CIV",2024,2,16666.9905170185,76149.5103506282,"Cote d'Ivoire",21.6015841554766,5129838.7998382,12847.9944570404,5753
"CIV",2024,5,14175.6434872696,76149.5103506282,"Cote d'Ivoire",21.6015841554766,5129838.7998382,12847.9944570404,5753
"CMR",2000,0,30149.8209087213,81589.9303157951,"Cameroon",42.9846105858528,2675520.95114981,14751.9053696592,13153
"CMR",2000,1,29241.1041848401,81589.9303157951,"Cameroon",42.9846105858528,2675520.95114981,14751.9053696592,13153
"CMR",2000,2,28306.0954307448,81589.9303157951,"Cameroon",42.9846105858528,2675520.95114981,14751.9053696592,13153
"CMR",2000,5,25356.9516976937,81589.9303157951,"Cameroon",42.9846105858528,2675520.95114981,14751.9053696592,13153
"CMR",2001,0,31123.5911790475,83115.9056283724,"Cameroon",49.6663697644094,2776113.81641913,16312.1251787152,13446
"CMR",2001,1,30207.5834642893,83115.9056283724,"Cameroon",49.6663697644094,2776113.81641913,16312.1251787152,13446
"CMR",2001,2,29265.0489350216,83115.9056283724,"Cameroon",49.6663697644094,2776113.81641913,16312.1251787152,13446
"CMR",2001,5,26292.0274728067,83115.9056283724,"Cameroon",49.6663697644094,2776113.81641913,16312.1251787152,13446
"CMR",2002,0,32000.9722033581,85367.7459325291,"Cameroon",52.0008290678672,2885809.57385868,18606.7821552736,13655
"CMR",2002,1,31064.3322989497,85367.7459325291,"Cameroon",52.0008290678672,2885809.57385868,18606.7821552736,13655
"CMR",2002,2,30100.5833937534,85367.7459325291,"Cameroon",52.0008290678672,2885809.57385868,18606.7821552736,13655
"CMR",2002,5,27060.7200735539,85367.7459325291,"Cameroon",52.0008290678672,2885809.57385868,18606.7821552736,13655
"CMR",2003,0,32419.9988921774,86766.5138462432,"Cameroon",51.1697791970735,3003800.55708032,19775.8302608122,13935
"CMR",2003,1,31469.5666721696,86766.5138462432,"Cameroon",51.1697791970735,3003800.55708032,19775.8302608122,13935
"CMR",2003,2,30491.6308993117,86766.5138462432,"Cameroon",51.1697791970735,3003800.55708032,19775.8302608122,13935
"CMR",2003,5,27407.0311813978,86766.5138462432,"Cameroon",51.1697791970735,3003800.55708032,19775.8302608122,13935
"CMR",2004,0,32677.3454421609,87932.5784931231,"Cameroon",49.4104663984683,3129097.42009954,20405.6137637564,14044
"CMR",2004,1,31715.6201345185,87932.5784931231,"Cameroon",49.4104663984683,3129097.42009954,20405.6137637564,14044
"CMR",2004,2,30726.0773132424,87932.5784931231,"Cameroon",49.4104663984683,3129097.42009954,20405.6137637564,14044
"CMR",2004,5,27604.9205825373,87932.5784931231,"Cameroon",49.4104663984683,3129097.42009954,20405.6137637564,14044
"CMR",2005,0,33070.7595123307,89440.1172170792,"Cameroon",48.6084683420969,3260389.3424855,20518.3763959582,13775
"CMR",2005,1,32095.6311626555,89440.1172170792,"Cameroon",48.6084683420969,3260389.3424855,20518.3763959582,13775
"CMR",2005,2,31092.3207175619,89440.1172170792,"Cameroon",48.6084683420969,3260389.3424855,20518.3763959582,13775
"CMR",2005,5,27927.8491051405,89440.1172170792,"Cameroon",48.6084683420969,3260389.3424855,20518.3763959582,13775
"CMR",2006,0,33536.2853970545,91143.7969718908,"Cameroon",48.0540274487812,3395916.55584076,19953.8751301462,13079
"CMR",2006,1,32546.084392144,91143.7969718908,"Cameroon",48.0540274487812,3395916.55584076,19953.8751301462,13079
"CMR",2006,2,31527.2915499941,91143.7969718908,"Cameroon",48.0540274487812,3395916.55584076,19953.8751301462,13079
"CMR",2006,5,28314.1144797009,91143.7969718908,"Cameroon",48.0540274487812,3395916.55584076,19953.8751301462,13079
"CMR",2007,0,33447.5134907775,91607.7224041467,"Cameroon",46.5368353602365,3533512.16585264,19312.7547669571,13336
"CMR",2007,1,32455.2537534157,91607.7224041467,"Cameroon",46.5368353602365,3533512.16585264,19312.7547669571,13336
"CMR",2007,2,31434.3660872783,91607.7224041467,"Cameroon",46.5368353602365,3533512.16585264,19312.7547669571,13336
"CMR",2007,5,28214.6922996137,91607.7224041467,"Cameroon",46.5368353602365,3533512.16585264,19312.7547669571,13336
"CMR",2008,0,33280.5031977971,92592.4347636987,"Cameroon",42.6578470788676,3671507.1305236,18369.1144968615,12407
"CMR",2008,1,32277.505386981,92592.4347636987,"Cameroon",42.6578470788676,3671507.1305236,18369.1144968615,12407
"CMR",2008,2,31245.6450510265,92592.4347636987,"Cameroon",42.6578470788676,3671507.1305236,18369.1144968615,12407
"CMR",2008,5,27991.7646832602,92592.4347636987,"Cameroon",42.6578470788676,3671507.1305236,18369.1144968615,12407
"CMR",2009,0,32103.2855517935,93328.4876967293,"Cameroon",34.8074683861649,3808310.66703377,16990.0112016055,11333
"CMR",2009,1,31078.1025533624,93328.4876967293,"Cameroon",34.8074683861649,3808310.66703377,16990.0112016055,11333
"CMR",2009,2,30023.554755015,93328.4876967293,"Cameroon",34.8074683861649,3808310.66703377,16990.0112016055,11333
"CMR",2009,5,26698.8605712705,93328.4876967293,"Cameroon",34.8074683861649,3808310.66703377,16990.0112016055,11333
"CMR",2010,0,29892.0389269985,93762.0769252243,"Cameroon",27.5159408960919,3942455.88653733,15403.2321816632,10309
"CMR",2010,1,28825.8387250915,93762.0769252243,"Cameroon",27.5159408960919,3942455.88653733,15403.2321816632,10309
"CMR",2010,2,27729.1857156627,93762.0769252243,"Cameroon",27.5159408960919,3942455.88653733,15403.2321816632,10309
"CMR",2010,5,24272.2093346228,93762.0769252243,"Cameroon",27.5159408960919,3942455.88653733,15403.2321816632,10309
"CMR",2011,0,27974.3047271198,93222.0757680972,"Cameroon",24.0074010261577,4072694.21662779,14494.089203679,9403
"CMR",2011,1,26884.7119356069,93222.0757680972,"Cameroon",24.0074010261577,4072694.21662779,14494.089203679,9403
"CMR",2011,2,25763.9711971583,93222.0757680972,"Cameroon",24.0074010261577,4072694.21662779,14494.089203679,9403
"CMR",2011,5,22230.8948286534,93222.0757680972,"Cameroon",24.0074010261577,4072694.21662779,14494.089203679,9403
"CMR",2012,0,27002.973887583,91545.0103221366,"Cameroon",23.4571314771894,4198500.70711275,13589.142228335,8649
"CMR",2012,1,25933.6878657243,91545.0103221366,"Cameroon",23.4571314771894,4198500.70711275,13589.142228335,8649
"CMR",2012,2,24833.8378450207,91545.0103221366,"Cameroon",23.4571314771894,4198500.70711275,13589.142228335,8649
"CMR",2012,5,21366.6036102297,91545.0103221366,"Cameroon",23.4571314771894,4198500.70711275,13589.142228335,8649
"CMR",2013,0,27103.3073594544,90145.5279121344,"Cameroon",24.9682826719404,4319247.34665162,13507.4592765851,8141
"CMR",2013,1,26075.8440152942,90145.5279121344,"Cameroon",24.9682826719404,4319247.34665162,13507.4592765851,8141
"CMR",2013,2,25019.1317417574,90145.5279121344,"Cameroon",24.9682826719404,4319247.34665162,13507.4592765851,8141
"CMR",2013,5,21688.5226423088,90145.5279121344,"Cameroon",24.9682826719404,4319247.34665162,13507.4592765851,8141
"CMR",2014,0,26489.5662866319,88150.0492797083,"Cameroon",25.4025189156585,4434451.94436407,13044.5047047033,7714
"CMR",2014,1,25496.8056740321,88150.0492797083,"Cameroon",25.4025189156585,4434451.94436407,13044.5047047033,7714
"CMR",2014,2,24475.8591467533,88150.0492797083,"Cameroon",25.4025189156585,4434451.94436407,13044.5047047033,7714
"CMR",2014,5,21258.3690130772,88150.0492797083,"Cameroon",25.4025189156585,4434451.94436407,13044.5047047033,7714
"CMR",2015,0,25871.119543742,86832.2296518058,"Cameroon",25.339889009207,4543300.33854446,12490.1867607554,7373
"CMR",2015,1,24899.9633826536,86832.2296518058,"Cameroon",25.339889009207,4543300.33854446,12490.1867607554,7373
"CMR",2015,2,23901.3094268316,86832.2296518058,"Cameroon",25.339889009207,4543300.33854446,12490.1867607554,7373
"CMR",2015,5,20754.4627826508,86832.2296518058,"Cameroon",25.339889009207,4543300.33854446,12490.1867607554,7373
"CMR",2016,0,24996.6682695604,84582.0225039255,"Cameroon",25.1460831498282,4645272.45950399,13012.2484443921,7156
"CMR",2016,1,24053.5694888125,84582.0225039255,"Cameroon",25.1460831498282,4645272.45950399,13012.2484443921,7156
"CMR",2016,2,23083.7884505841,84582.0225039255,"Cameroon",25.1460831498282,4645272.45950399,13012.2484443921,7156
"CMR",2016,5,20028.0200030021,84582.0225039255,"Cameroon",25.1460831498282,4645272.45950399,13012.2484443921,7156
"CMR",2017,0,23757.4799272282,82601.5484104937,"Cameroon",23.844003458807,4740243.11348424,12926.1801909081,6955
"CMR",2017,1,22827.5457641681,82601.5484104937,"Cameroon",23.844003458807,4740243.11348424,12926.1801909081,6955
"CMR",2017,2,21871.2932521682,82601.5484104937,"Cameroon",23.844003458807,4740243.11348424,12926.1801909081,6955
"CMR",2017,5,18858.0914007618,82601.5484104937,"Cameroon",23.844003458807,4740243.11348424,12926.1801909081,6955
"CMR",2018,0,22546.1416585684,81163.9587546112,"Cameroon",22.3152830677085,4827280.2724872,12049.8310338225,6789
"CMR",2018,1,21619.0024486927,81163.9587546112,"Cameroon",22.3152830677085,4827280.2724872,12049.8310338225,6789
"CMR",2018,2,20665.61532489,81163.9587546112,"Cameroon",22.3152830677085,4827280.2724872,12049.8310338225,6789
"CMR",2018,5,17661.3879687099,81163.9587546112,"Cameroon",22.3152830677085,4827280.2724872,12049.8310338225,6789
"CMR",2019,0,21693.6200507876,79275.9601431645,"Cameroon",21.8497195710972,4905829.8068272,11604.8850188897,6666
"CMR",2019,1,20786.6744913966,79275.9601431645,"Cameroon",21.8497195710972,4905829.8068272,11604.8850188897,6666
"CMR",2019,2,19854.0780041307,79275.9601431645,"Cameroon",21.8497195710972,4905829.8068272,11604.8850188897,6666
"CMR",2019,5,16915.4931729508,79275.9601431645,"Cameroon",21.8497195710972,4905829.8068272,11604.8850188897,6666
"CMR",2020,0,21988.9999912192,77410.5339123595,"Cameroon",23.8373264964988,4975873.55315453,14297.5016157524,6593
"CMR",2020,1,21127.9311409073,77410.5339123595,"Cameroon",23.8373264964988,4975873.55315453,14297.5016157524,6593
"CMR",2020,2,20242.6191485643,77410.5339123595,"Cameroon",23.8373264964988,4975873.55315453,14297.5016157524,6593
"CMR",2020,5,17453.6253198847,77410.5339123595,"Cameroon",23.8373264964988,4975873.55315453,14297.5016157524,6593
"CMR",2021,0,21756.986838394,75494.1811756884,"Cameroon",24.9065295560656,5037394.60184509,13942.4977971535,6527
"CMR",2021,1,20930.6885576679,75494.1811756884,"Cameroon",24.9065295560656,5037394.60184509,13942.4977971535,6527
"CMR",2021,2,20081.2010757975,75494.1811756884,"Cameroon",24.9065295560656,5037394.60184509,13942.4977971535,6527
"CMR",2021,5,17405.4670456942,75494.1811756884,"Cameroon",24.9065295560656,5037394.60184509,13942.4977971535,6527
"CMR",2022,0,21585.3951275725,75068.2651385205,"Cameroon",25.0791694449273,5089950.13753644,14071.6851736234,6418
"CMR",2022,1,20769.3574518536,75068.2651385205,"Cameroon",25.0791694449273,5089950.13753644,14071.6851736234,6418
"CMR",2022,2,19930.5011372603,75068.2651385205,"Cameroon",25.0791694449273,5089950.13753644,14071.6851736234,6418
"CMR",2022,5,17288.7034080427,75068.2651385205,"Cameroon",25.0791694449273,5089950.13753644,14071.6851736234,6418
"CMR",2023,0,21315.9960855151,74379.1267781475,"Cameroon",25.1404042176754,5135557.83296534,12850.7221633687,6362
"CMR",2023,1,20511.4682760667,74379.1267781475,"Cameroon",25.1404042176754,5135557.83296534,12850.7221633687,6362
"CMR",2023,2,19684.4885327227,74379.1267781475,"Cameroon",25.1404042176754,5135557.83296534,12850.7221633687,6362
"CMR",2023,5,17080.3299176652,74379.1267781475,"Cameroon",25.1404042176754,5135557.83296534,12850.7221633687,6362
"CMR",2024,0,22636.8205058914,76158.9596642578,"Cameroon",25.1740174516115,5080013.70972336,16295.439261067,6286
"CMR",2024,1,21783.2366612913,76158.9596642578,"Cameroon",25.1740174516115,5080013.70972336,16295.439261067,6286
"CMR",2024,2,20905.368841831,76158.9596642578,"Cameroon",25.1740174516115,5080013.70972336,16295.439261067,6286
"CMR",2024,5,18138.4926750595,76158.9596642578,"Cameroon",25.1740174516115,5080013.70972336,16295.439261067,6286
"COD",2000,0,115633.206504247,307476.149602388,"Democratic Republic of the Congo",62.20491192804,9273235.1479303,92002.5884769829,112846
"COD",2000,1,112314.369520255,307476.149602388,"Democratic Republic of the Congo",62.20491192804,9273235.1479303,92002.5884769829,112846
"COD",2000,2,108902.137628391,307476.149602388,"Democratic Republic of the Congo",62.20491192804,9273235.1479303,92002.5884769829,112846
"COD",2000,5,98155.1179200399,307476.149602388,"Democratic Republic of the Congo",62.20491192804,9273235.1479303,92002.5884769829,112846
"COD",2001,0,114489.565199223,306015.202669753,"Democratic Republic of the Congo",62.1548727529162,9510112.17533065,91769.6976585747,115617
"COD",2001,1,111203.667618245,306015.202669753,"Democratic Republic of the Congo",62.1548727529162,9510112.17533065,91769.6976585747,115617
"COD",2001,2,107825.40945511,306015.202669753,"Democratic Republic of the Congo",62.1548727529162,9510112.17533065,91769.6976585747,115617
"COD",2001,5,97185.9029487431,306015.202669753,"Democratic Republic of the Congo",62.1548727529162,9510112.17533065,91769.6976585747,115617
"COD",2002,0,114177.590820292,306861.427612235,"Democratic Republic of the Congo",62.4414470658241,9758400.31130764,90827.9254676232,118984
"COD",2002,1,110902.257840456,306861.427612235,"Democratic Republic of the Congo",62.4414470658241,9758400.31130764,90827.9254676232,118984
"COD",2002,2,107534.975034898,306861.427612235,"Democratic Republic of the Congo",62.4414470658241,9758400.31130764,90827.9254676232,118984
"COD",2002,5,96930.5701437626,306861.427612235,"Democratic Republic of the Congo",62.4414470658241,9758400.31130764,90827.9254676232,118984
"COD",2003,0,112814.682886068,304368.34722039,"Democratic Republic of the Congo",63.1341791373785,10017566.0780558,91838.7227725912,122578
"COD",2003,1,109581.059368986,304368.34722039,"Democratic Republic of the Congo",63.1341791373785,10017566.0780558,91838.7227725912,122578
"COD",2003,2,106256.701439886,304368.34722039,"Democratic Republic of the Congo",63.1341791373785,10017566.0780558,91838.7227725912,122578
"COD",2003,5,95787.6475832432,304368.34722039,"Democratic Republic of the Congo",63.1341791373785,10017566.0780558,91838.7227725912,122578
"COD",2004,0,109947.345304789,298152.679833246,"Democratic Republic of the Congo",64.0760888038314,10289425.0474265,90842.3996953748,125307
"COD",2004,1,106797.440284544,298152.679833246,"Democratic Republic of the Congo",64.0760888038314,10289425.0474265,90842.3996953748,125307
"COD",2004,2,103559.125770037,298152.679833246,"Democratic Republic of the Congo",64.0760888038314,10289425.0474265,90842.3996953748,125307
"COD",2004,5,93360.801883976,298152.679833246,"Democratic Republic of the Congo",64.0760888038314,10289425.0474265,90842.3996953748,125307
"COD",2005,0,106985.107875366,291364.155661708,"Democratic Republic of the Congo",64.5181086884157,10573131.5055264,90901.2946546033,91278
"COD",2005,1,103919.429045648,291364.155661708,"Democratic Republic of the Congo",64.5181086884157,10573131.5055264,90901.2946546033,91278
"COD",2005,2,100767.670131787,291364.155661708,"Democratic Republic of the Congo",64.5181086884157,10573131.5055264,90901.2946546033,91278
"COD",2005,5,90841.6616797966,291364.155661708,"Democratic Republic of the Congo",64.5181086884157,10573131.5055264,90901.2946546033,91278
"COD",2006,0,104582.527951641,285873.801032948,"Democratic Republic of the Congo",64.1169993074257,10865228.5038347,91295.4391108646,90289
"COD",2006,1,101582.766811495,285873.801032948,"Democratic Republic of the Congo",64.1169993074257,10865228.5038347,91295.4391108646,90289
"COD",2006,2,98498.7686275239,285873.801032948,"Democratic Republic of the Congo",64.1169993074257,10865228.5038347,91295.4391108646,90289
"COD",2006,5,88786.0629841472,285873.801032948,"Democratic Republic of the Congo",64.1169993074257,10865228.5038347,91295.4391108646,90289
"COD",2007,0,101957.400490131,279642.88954971,"Democratic Republic of the Congo",62.3459509788188,11163503.905279,90704.9741526415,92272
"COD",2007,1,99025.5976564969,279642.88954971,"Democratic Republic of the Congo",62.3459509788188,11163503.905279,90704.9741526415,92272
"COD",2007,2,96011.4699964695,279642.88954971,"Democratic Republic of the Congo",62.3459509788188,11163503.905279,90704.9741526415,92272
"COD",2007,5,86518.8062379674,279642.88954971,"Democratic Republic of the Congo",62.3459509788188,11163503.905279,90704.9741526415,92272
"COD",2008,0,100031.807630923,275452.800877304,"Democratic Republic of the Congo",57.5852878227824,11464642.807455,88899.5654206364,88935
"COD",2008,1,97136.8196638159,275452.800877304,"Democratic Republic of the Congo",57.5852878227824,11464642.807455,88899.5654206364,88935
"COD",2008,2,94160.5665279648,275452.800877304,"Democratic Republic of the Congo",57.5852878227824,11464642.807455,88899.5654206364,88935
"COD",2008,5,84787.3278663264,275452.800877304,"Democratic Republic of the Congo",57.5852878227824,11464642.807455,88899.5654206364,88935
"COD",2009,0,97756.2161328838,270721.677271729,"Democratic Republic of the Congo",51.4036928022038,11764074.5945759,85522.6138014672,83929
"COD",2009,1,94895.7449149095,270721.677271729,"Democratic Republic of the Congo",51.4036928022038,11764074.5945759,85522.6138014672,83929
"COD",2009,2,91954.9485798475,270721.677271729,"Democratic Republic of the Congo",51.4036928022038,11764074.5945759,85522.6138014672,83929
"COD",2009,5,82693.218916148,270721.677271729,"Democratic Republic of the Congo",51.4036928022038,11764074.5945759,85522.6138014672,83929
"COD",2010,0,95364.2524884007,266065.477137778,"Democratic Republic of the Congo",47.1104814502956,12059260.7349052,80860.2027604474,78067
"COD",2010,1,92540.1786732922,266065.477137778,"Democratic Republic of the Congo",47.1104814502956,12059260.7349052,80860.2027604474,78067
"COD",2010,2,89636.8324564269,266065.477137778,"Democratic Republic of the Congo",47.1104814502956,12059260.7349052,80860.2027604474,78067
"COD",2010,5,80493.2210068804,266065.477137778,"Democratic Republic of the Congo",47.1104814502956,12059260.7349052,80860.2027604474,78067
"COD",2011,0,93053.7917420681,262615.291634065,"Democratic Republic of the Congo",42.9200985236794,12347885.9422058,76910.956691461,71953
"COD",2011,1,90248.7233898277,262615.291634065,"Democratic Republic of the Congo",42.9200985236794,12347885.9422058,76910.956691461,71953
"COD",2011,2,87365.0227598889,262615.291634065,"Democratic Republic of the Congo",42.9200985236794,12347885.9422058,76910.956691461,71953
"COD",2011,5,78283.8881512543,262615.291634065,"Democratic Republic of the Congo",42.9200985236794,12347885.9422058,76910.956691461,71953
"COD",2012,0,89678.4598042069,258942.59380785,"Democratic Republic of the Congo",37.5644725872376,12627099.7894271,74405.5066277289,67017
"COD",2012,1,86876.7476262412,258942.59380785,"Democratic Republic of the Congo",37.5644725872376,12627099.7894271,74405.5066277289,67017
"COD",2012,2,83996.6013774666,258942.59380785,"Democratic Republic of the Congo",37.5644725872376,12627099.7894271,74405.5066277289,67017
"COD",2012,5,74927.2409960048,258942.59380785,"Democratic Republic of the Congo",37.5644725872376,12627099.7894271,74405.5066277289,67017
"COD",2013,0,85861.0725582543,255355.008494458,"Democratic Republic of the Congo",32.9863828617905,12894373.1013465,72184.8149854766,63810
"COD",2013,1,83049.5046811176,255355.008494458,"Democratic Republic of the Congo",32.9863828617905,12894373.1013465,72184.8149854766,63810
"COD",2013,2,80159.2967160148,255355.008494458,"Democratic Republic of the Congo",32.9863828617905,12894373.1013465,72184.8149854766,63810
"COD",2013,5,71058.6467771682,255355.008494458,"Democratic Republic of the Congo",32.9863828617905,12894373.1013465,72184.8149854766,63810
"COD",2014,0,83126.1131029759,252316.016760775,"Democratic Republic of the Congo",30.6917625535727,13147890.4904491,71938.8167133952,62715
"COD",2014,1,80314.5398355864,252316.016760775,"Democratic Republic of the Congo",30.6917625535727,13147890.4904491,71938.8167133952,62715
"COD",2014,2,77424.3536387877,252316.016760775,"Democratic Republic of the Congo",30.6917625535727,13147890.4904491,71938.8167133952,62715
"COD",2014,5,68323.9404262611,252316.016760775,"Democratic Republic of the Congo",30.6917625535727,13147890.4904491,71938.8167133952,62715
"COD",2015,0,82145.581785429,248211.14235586,"Democratic Republic of the Congo",31.2906693790223,13386598.7848382,72887.450903449,64612
"COD",2015,1,79392.1360215715,248211.14235586,"Democratic Republic of the Congo",31.2906693790223,13386598.7848382,72887.450903449,64612
"COD",2015,2,76561.7768621487,248211.14235586,"Democratic Republic of the Congo",31.2906693790223,13386598.7848382,72887.450903449,64612
"COD",2015,5,67650.1680104604,248211.14235586,"Democratic Republic of the Congo",31.2906693790223,13386598.7848382,72887.450903449,64612
"COD",2016,0,80398.5052405812,241200.544910145,"Democratic Republic of the Congo",32.6517234688034,13608473.1530302,71754.7462642194,68832
"COD",2016,1,77754.5714736665,241200.544910145,"Democratic Republic of the Congo",32.6517234688034,13608473.1530302,71754.7462642194,68832
"COD",2016,2,75036.9942103221,241200.544910145,"Democratic Republic of the Congo",32.6517234688034,13608473.1530302,71754.7462642194,68832
"COD",2016,5,66481.6363560972,241200.544910145,"Democratic Republic of the Congo",32.6517234688034,13608473.1530302,71754.7462642194,68832
"COD",2017,0,79287.4655201972,234336.723604391,"Democratic Republic of the Congo",35.2344512950678,13811981.0041483,71429.2455297822,74955
"COD",2017,1,76757.4118767356,234336.723604391,"Democratic Republic of the Congo",35.2344512950678,13811981.0041483,71429.2455297822,74955
"COD",2017,2,74156.9847724299,234336.723604391,"Democratic Republic of the Congo",35.2344512950678,13811981.0041483,71429.2455297822,74955
"COD",2017,5,65970.9493884214,234336.723604391,"Democratic Republic of the Congo",35.2344512950678,13811981.0041483,71429.2455297822,74955
"COD",2018,0,78655.6304082576,229703.440230755,"Democratic Republic of the Congo",37.9137141904016,13997080.3060005,68325.6490664447,82378
"COD",2018,1,76207.7259354882,229703.440230755,"Democratic Republic of the Congo",37.9137141904016,13997080.3060005,68325.6490664447,82378
"COD",2018,2,73691.9080500314,229703.440230755,"Democratic Republic of the Congo",37.9137141904016,13997080.3060005,68325.6490664447,82378
"COD",2018,5,65773.1835552856,229703.440230755,"Democratic Republic of the Congo",37.9137141904016,13997080.3060005,68325.6490664447,82378
"COD",2019,0,79034.902897298,228552.115970063,"Democratic Republic of the Congo",39.2765431004525,14160843.1525614,67435.8441536517,88772
"COD",2019,1,76601.6740219335,228552.115970063,"Democratic Republic of the Congo",39.2765431004525,14160843.1525614,67435.8441536517,88772
"COD",2019,2,74100.8858410231,228552.115970063,"Democratic Republic of the Congo",39.2765431004525,14160843.1525614,67435.8441536517,88772
"COD",2019,5,66229.1815736191,228552.115970063,"Democratic Republic of the Congo",39.2765431004525,14160843.1525614,67435.8441536517,88772
"COD",2020,0,75730.154733583,220841.143061558,"Democratic Republic of the Congo",39.399765119121,14303910.4341666,68056.9700810099,94337
"COD",2020,1,73402.2323977019,220841.143061558,"Democratic Republic of the Congo",39.399765119121,14303910.4341666,68056.9700810099,94337
"COD",2020,2,71010.0367507219,220841.143061558,"Democratic Republic of the Congo",39.399765119121,14303910.4341666,68056.9700810099,94337
"COD",2020,5,63482.1367570491,220841.143061558,"Democratic Republic of the Congo",39.399765119121,14303910.4341666,68056.9700810099,94337
"COD",2021,0,73330.9138000415,215450.881628171,"Democratic Republic of the Congo",38.612343358068,14427341.815422,67784.4519689651,98212
"COD",2021,1,71064.3445397926,215450.881628171,"Democratic Republic of the Congo",38.612343358068,14427341.815422,67784.4519689651,98212
"COD",2021,2,68735.3574382115,215450.881628171,"Democratic Republic of the Congo",38.612343358068,14427341.815422,67784.4519689651,98212
"COD",2021,5,61407.2388254722,215450.881628171,"Democratic Republic of the Congo",38.612343358068,14427341.815422,67784.4519689651,98212
"COD",2022,0,71624.1822689767,213451.103665012,"Democratic Republic of the Congo",36.6143499639045,14526007.0809287,62226.7125553996,101694
"COD",2022,1,69373.3972615481,213451.103665012,"Democratic Republic of the Congo",36.6143499639045,14526007.0809287,62226.7125553996,101694
"COD",2022,2,67060.8502053871,213451.103665012,"Democratic Republic of the Congo",36.6143499639045,14526007.0809287,62226.7125553996,101694
"COD",2022,5,59785.6773854388,213451.103665012,"Democratic Republic of the Congo",36.6143499639045,14526007.0809287,62226.7125553996,101694
"COD",2023,0,70214.1098220293,210436.01176108,"Democratic Republic of the Congo",36.4298493625753,14606227.3431795,60666.5894270438,103618
"COD",2023,1,68004.6448376249,210436.01176108,"Democratic Republic of the Congo",36.4298493625753,14606227.3431795,60666.5894270438,103618
"COD",2023,2,65734.7108462963,210436.01176108,"Democratic Republic of the Congo",36.4298493625753,14606227.3431795,60666.5894270438,103618
"COD",2023,5,58594.4531235688,210436.01176108,"Democratic Republic of the Congo",36.4298493625753,14606227.3431795,60666.5894270438,103618
"COD",2024,0,69517.8167722818,207594.492222304,"Democratic Republic of the Congo",36.0589155594133,14487542.7651131,61774.2754897226,105372
"COD",2024,1,67322.0246208572,207594.492222304,"Democratic Republic of the Congo",36.0589155594133,14487542.7651131,61774.2754897226,105372
"COD",2024,2,65066.0335062996,207594.492222304,"Democratic Republic of the Congo",36.0589155594133,14487542.7651131,61774.2754897226,105372
"COD",2024,5,57969.101953272,207594.492222304,"Democratic Republic of the Congo",36.0589155594133,14487542.7651131,61774.2754897226,105372
"COG",2000,0,3636.22653989026,10509.1038916224,"Congo",42.6457963049875,497420.097188778,1833.66736458637,1387
"COG",2000,1,3527.29046242165,10509.1038916224,"Congo",42.6457963049875,497420.097188778,1833.66736458637,1387
"COG",2000,2,3415.36575604097,10509.1038916224,"Congo",42.6457963049875,497420.097188778,1833.66736458637,1387
"COG",2000,5,3063.24862240392,10509.1038916224,"Congo",42.6457963049875,497420.097188778,1833.66736458637,1387
"COG",2001,0,3552.50315979717,10374.2425111937,"Congo",41.3713006005443,510609.11470035,1879.84201093674,1376
"COG",2001,1,3445.33128567201,10374.2425111937,"Congo",41.3713006005443,510609.11470035,1879.84201093674,1376
"COG",2001,2,3335.22393798412,10374.2425111937,"Congo",41.3713006005443,510609.11470035,1879.84201093674,1376
"COG",2001,5,2988.84712226852,10374.2425111937,"Congo",41.3713006005443,510609.11470035,1879.84201093674,1376
"COG",2002,0,3428.47719377355,10380.4660323278,"Congo",35.6319002835763,525667.651244704,1780.75458398858,1341
"COG",2002,1,3320.18775737891,10380.4660323278,"Congo",35.6319002835763,525667.651244704,1780.75458398858,1341
"COG",2002,2,3208.94271557315,10380.4660323278,"Congo",35.6319002835763,525667.651244704,1780.75458398858,1341
"COG",2002,5,2859.04119400006,10380.4660323278,"Congo",35.6319002835763,525667.651244704,1780.75458398858,1341
"COG",2003,0,3404.39693991563,10440.9137454368,"Congo",34.6021083070767,542857.268700423,1795.86304260982,1259
"COG",2003,1,3295.72063680266,10440.9137454368,"Congo",34.6021083070767,542857.268700423,1795.86304260982,1259
"COG",2003,2,3184.0842245952,10440.9137454368,"Congo",34.6021083070767,542857.268700423,1795.86304260982,1259
"COG",2003,5,2832.98186151378,10440.9137454368,"Congo",34.6021083070767,542857.268700423,1795.86304260982,1259
"COG",2004,0,3351.43575550373,10384.174157044,"Congo",34.351489063406,562009.096270777,1803.7873561289,1141
"COG",2004,1,3244.20580968987,10384.174157044,"Congo",34.351489063406,562009.096270777,1803.7873561289,1141
"COG",2004,2,3134.06420530008,10384.174157044,"Congo",34.351489063406,562009.096270777,1803.7873561289,1141
"COG",2004,5,2787.70915158682,10384.174157044,"Congo",34.351489063406,562009.096270777,1803.7873561289,1141
"COG",2005,0,3280.31069784147,10371.3261694714,"Congo",32.8294542135053,582794.195192546,1798.4947973644,1009
"COG",2005,1,3173.3899505949,10371.3261694714,"Congo",32.8294542135053,582794.195192546,1798.4947973644,1009
"COG",2005,2,3063.57457054645,10371.3261694714,"Congo",32.8294542135053,582794.195192546,1798.4947973644,1009
"COG",2005,5,2718.28935068042,10371.3261694714,"Congo",32.8294542135053,582794.195192546,1798.4947973644,1009
"COG",2006,0,3214.10819923519,10335.0469583863,"Congo",31.8441279165364,604663.608279682,1699.90159246892,871
"COG",2006,1,3107.92255937067,10335.0469583863,"Congo",31.8441279165364,604663.608279682,1699.90159246892,871
"COG",2006,2,2998.87098077984,10335.0469583863,"Congo",31.8441279165364,604663.608279682,1699.90159246892,871
"COG",2006,5,2656.03259105934,10335.0469583863,"Congo",31.8441279165364,604663.608279682,1699.90159246892,871
"COG",2007,0,3153.82512711607,10353.193733671,"Congo",30.5358777899933,627048.45053819,1527.42658192285,827
"COG",2007,1,3047.49545176286,10353.193733671,"Congo",30.5358777899933,627048.45053819,1527.42658192285,827
"COG",2007,2,2938.30392900946,10353.193733671,"Congo",30.5358777899933,627048.45053819,1527.42658192285,827
"COG",2007,5,2595.06683903978,10353.193733671,"Congo",30.5358777899933,627048.45053819,1527.42658192285,827
"COG",2008,0,3004.31182635721,10280.6678398843,"Congo",27.8094324236815,649403.997930096,1393.5791558254,756
"COG",2008,1,2897.67417744146,10280.6678398843,"Congo",27.8094324236815,649403.997930096,1393.5791558254,756
"COG",2008,2,2788.17070599937,10280.6678398843,"Congo",27.8094324236815,649403.997930096,1393.5791558254,756
"COG",2008,5,2443.97302456046,10280.6678398843,"Congo",27.8094324236815,649403.997930096,1393.5791558254,756
"COG",2009,0,2868.17644012398,10247.9344576926,"Congo",25.4616232428471,671714.474921963,1313.08369886675,709
"COG",2009,1,2760.51916944639,10247.9344576926,"Congo",25.4616232428471,671714.474921963,1313.08369886675,709
"COG",2009,2,2649.97108387153,10247.9344576926,"Congo",25.4616232428471,671714.474921963,1313.08369886675,709
"COG",2009,5,2302.50020037196,10247.9344576926,"Congo",25.4616232428471,671714.474921963,1313.08369886675,709
"COG",2010,0,2779.89234129304,10268.8039296042,"Congo",24.1291698772613,693800.755288133,1284.22443103672,668
"COG",2010,1,2671.55308006295,10268.8039296042,"Congo",24.1291698772613,693800.755288133,1284.22443103672,668
"COG",2010,2,2560.31400278601,10268.8039296042,"Congo",24.1291698772613,693800.755288133,1284.22443103672,668
"COG",2010,5,2210.72034505794,10268.8039296042,"Congo",24.1291698772613,693800.755288133,1284.22443103672,668
"COG",2011,0,2646.83462079465,10023.928194947,"Congo",22.9852386724926,715234.732101721,1315.15260316846,653
"COG",2011,1,2539.91172374379,10023.928194947,"Congo",22.9852386724926,715234.732101721,1315.15260316846,653
"COG",2011,2,2430.1247093154,10023.928194947,"Congo",22.9852386724926,715234.732101721,1315.15260316846,653
"COG",2011,5,2085.08153786467,10023.928194947,"Congo",22.9852386724926,715234.732101721,1315.15260316846,653
"COG",2012,0,2506.0162879643,9841.82606615718,"Congo",21.59845035941,735501.666376882,1331.1291005109,612
"COG",2012,1,2399.71912609886,9841.82606615718,"Congo",21.59845035941,735501.666376882,1331.1291005109,612
"COG",2012,2,2290.57240700167,9841.82606615718,"Congo",21.59845035941,735501.666376882,1331.1291005109,612
"COG",2012,5,1947.52825907144,9841.82606615718,"Congo",21.59845035941,735501.666376882,1331.1291005109,612
"COG",2013,0,2385.26826505896,9585.20019026116,"Congo",20.8223778749694,754097.205344902,1251.65958122018,579
"COG",2013,1,2281.01150830408,9585.20019026116,"Congo",20.8223778749694,754097.205344902,1251.65958122018,579
"COG",2013,2,2173.9574981999,9585.20019026116,"Congo",20.8223778749694,754097.205344902,1251.65958122018,579
"COG",2013,5,1837.47608773124,9585.20019026116,"Congo",20.8223778749694,754097.205344902,1251.65958122018,579
"COG",2014,0,2235.47321370715,9328.90415036292,"Congo",19.5332128429617,770582.570729104,1192.05698400444,544
"COG",2014,1,2132.27322656475,9328.90415036292,"Congo",19.5332128429617,770582.570729104,1192.05698400444,544
"COG",2014,2,2026.29621705775,9328.90415036292,"Congo",19.5332128429617,770582.570729104,1192.05698400444,544
"COG",2014,5,1693.15492140605,9328.90415036292,"Congo",19.5332128429617,770582.570729104,1192.05698400444,544
"COG",2015,0,2161.98564425248,9147.10580862238,"Congo",19.1216915715156,784329.923510255,1162.69867040741,528
"COG",2015,1,2060.27501225449,9147.10580862238,"Congo",19.1216915715156,784329.923510255,1162.69867040741,528
"COG",2015,2,1955.82531724171,9147.10580862238,"Congo",19.1216915715156,784329.923510255,1162.69867040741,528
"COG",2015,5,1627.47371296723,9147.10580862238,"Congo",19.1216915715156,784329.923510255,1162.69867040741,528
"COG",2016,0,2204.42676041695,8940.59382076558,"Congo",20.6313383815471,795090.393026966,1137.32121980105,530
"COG",2016,1,2107.32238934913,8940.59382076558,"Congo",20.6313383815471,795090.393026966,1137.32121980105,530
"COG",2016,2,2007.61139960541,8940.59382076558,"Congo",20.6313383815471,795090.393026966,1137.32121980105,530
"COG",2016,5,1694.20199929465,8940.59382076558,"Congo",20.6313383815471,795090.393026966,1137.32121980105,530
"COG",2017,0,2235.28917397544,8695.75443699454,"Congo",22.357860495716,802638.429304183,1170.01994579914,542
"COG",2017,1,2143.0311044337,8695.75443699454,"Congo",22.357860495716,802638.429304183,1170.01994579914,542
"COG",2017,2,2048.30350788718,8695.75443699454,"Congo",22.357860495716,802638.429304183,1170.01994579914,542
"COG",2017,5,1750.59573517412,8695.75443699454,"Congo",22.357860495716,802638.429304183,1170.01994579914,542
"COG",2018,0,2362.15563675517,8450.69219876553,"Congo",26.9593742530042,806420.648586802,1234.63673379437,551
"COG",2018,1,2276.70877482126,8450.69219876553,"Congo",26.9593742530042,806420.648586802,1234.63673379437,551
"COG",2018,2,2188.98774271995,8450.69219876553,"Congo",26.9593742530042,806420.648586802,1234.63673379437,551
"COG",2018,5,1913.37117410749,8450.69219876553,"Congo",26.9593742530042,806420.648586802,1234.63673379437,551
"COG",2019,0,2374.49509192131,8484.19970643186,"Congo",27.0863347499098,805480.999590167,1167.45217132932,743
"COG",2019,1,2288.81005384508,8484.19970643186,"Congo",27.0863347499098,805480.999590167,1167.45217132932,743
"COG",2019,2,2200.85852302187,8484.19970643186,"Congo",27.0863347499098,805480.999590167,1167.45217132932,743
"COG",2019,5,1924.59955417877,8484.19970643186,"Congo",27.0863347499098,805480.999590167,1167.45217132932,743
"COG",2020,0,2247.55310602087,8067.48910979398,"Congo",26.679579933241,800217.725322295,1275.82440601303,549
"COG",2020,1,2165.6965788012,8067.48910979398,"Congo",26.679579933241,800217.725322295,1275.82440601303,549
"COG",2020,2,2081.66170571993,8067.48910979398,"Congo",26.679579933241,800217.725322295,1275.82440601303,549
"COG",2020,5,1817.62992140638,8067.48910979398,"Congo",26.679579933241,800217.725322295,1275.82440601303,549
"COG",2021,0,2142.80615661754,7878.10437305214,"Congo",25.3580535910066,791526.78310594,1256.40900295149,542
"COG",2021,1,2062.10706613666,7878.10437305214,"Congo",25.3580535910066,791526.78310594,1256.40900295149,542
"COG",2021,2,1979.26143656806,7878.10437305214,"Congo",25.3580535910066,791526.78310594,1256.40900295149,542
"COG",2021,5,1718.97182538216,7878.10437305214,"Congo",25.3580535910066,791526.78310594,1256.40900295149,542
"COG",2022,0,2006.53132073092,7709.50645471591,"Congo",23.4051012845651,780809.119133411,1181.17754235901,530
"COG",2022,1,1926.51133180781,7709.50645471591,"Congo",23.4051012845651,780809.119133411,1181.17754235901,530
"COG",2022,2,1844.36650769072,7709.50645471591,"Congo",23.4051012845651,780809.119133411,1181.17754235901,530
"COG",2022,5,1586.29781737112,7709.50645471591,"Congo",23.4051012845651,780809.119133411,1181.17754235901,530
"COG",2023,0,1951.01869858035,7663.37719483204,"Congo",22.7034056904765,770025.196085062,1174.076245949,533
"COG",2023,1,1871.36763122888,7663.37719483204,"Congo",22.7034056904765,770025.196085062,1174.076245949,533
"COG",2023,2,1789.61162665224,7663.37719483204,"Congo",22.7034056904765,770025.196085062,1174.076245949,533
"COG",2023,5,1532.82008604743,7663.37719483204,"Congo",22.7034056904765,770025.196085062,1174.076245949,533
"COG",2024,0,2057.82474660608,7790.75347139419,"Congo",23.0367800311056,748005.88156137,1414.45241393579,533
"COG",2024,1,1974.81459282278,7790.75347139419,"Congo",23.0367800311056,748005.88156137,1414.45241393579,533
"COG",2024,2,1889.57373006536,7790.75347139419,"Congo",23.0367800311056,748005.88156137,1414.45241393579,533
"COG",2024,5,1621.63726817741,7790.75347139419,"Congo",23.0367800311056,748005.88156137,1414.45241393579,533
"COM",2000,0,58.0996695145721,1566.11607395307,"Comoros",2.47634401935824,89656.0695149046,7.28211060587685,31
"COM",2000,1,35.0945673541079,1566.11607395307,"Comoros",2.47634401935824,89656.0695149046,7.28211060587685,31
"COM",2000,2,11.4661772788581,1566.11607395307,"Comoros",2.47634401935824,89656.0695149046,7.28211060587685,31
"COM",2000,5,0,1566.11607395307,"Comoros",2.47634401935824,89656.0695149046,7.28211060587685,31
"COM",2001,0,48.8239214062019,1428.54032846888,"Comoros",2.2996700158854,90321.7288890189,11.3083982344903,31
"COM",2001,1,27.9614255283577,1428.54032846888,"Comoros",2.2996700158854,90321.7288890189,11.3083982344903,31
"COM",2001,2,6.52957395644161,1428.54032846888,"Comoros",2.2996700158854,90321.7288890189,11.3083982344903,31
"COM",2001,5,0,1428.54032846888,"Comoros",2.2996700158854,90321.7288890189,11.3083982344903,31
"COM",2002,0,74.9215113502796,1445.45838817954,"Comoros",3.56088435800705,91091.4938311307,11.6578763939804,31
"COM",2002,1,54.5658070221912,1445.45838817954,"Comoros",3.56088435800705,91091.4938311307,11.6578763939804,31
"COM",2002,2,33.661893877088,1445.45838817954,"Comoros",3.56088435800705,91091.4938311307,11.6578763939804,31
"COM",2002,5,0,1445.45838817954,"Comoros",3.56088435800705,91091.4938311307,11.6578763939804,31
"COM",2003,0,69.8425494913651,1357.82144908271,"Comoros",3.56453784029034,91913.2441447674,10.1327716644834,30
"COM",2003,1,50.8889146115095,1357.82144908271,"Comoros",3.56453784029034,91913.2441447674,10.1327716644834,30
"COM",2003,2,31.4233805136324,1357.82144908271,"Comoros",3.56453784029034,91913.2441447674,10.1327716644834,30
"COM",2003,5,0,1357.82144908271,"Comoros",3.56453784029034,91913.2441447674,10.1327716644834,30
"COM",2004,0,53.430518224775,1302.45549566615,"Comoros",2.82205455388444,92831.3400561715,9.92680146154447,30
"COM",2004,1,34.948531134494,1302.45549566615,"Comoros",2.82205455388444,92831.3400561715,9.92680146154447,30
"COM",2004,2,15.9649871084186,1302.45549566615,"Comoros",2.82205455388444,92831.3400561715,9.92680146154447,30
"COM",2004,5,0,1302.45549566615,"Comoros",2.82205455388444,92831.3400561715,9.92680146154447,30
"COM",2005,0,28.5587227812688,1294.11415854412,"Comoros",1.49344288730066,93768.4576933583,6.01667570728837,31
"COM",2005,1,9.56482272229805,1294.11415854412,"Comoros",1.49344288730066,93768.4576933583,6.01667570728837,31
"COM",2005,2,0,1294.11415854412,"Comoros",1.49344288730066,93768.4576933583,6.01667570728837,31
"COM",2005,5,0,1294.11415854412,"Comoros",1.49344288730066,93768.4576933583,6.01667570728837,31
"COM",2006,0,65.1159485831339,1241.89418903653,"Comoros",3.686863349904,94692.5849906582,15.2463556699187,30
"COM",2006,1,48.0551383237836,1241.89418903653,"Comoros",3.686863349904,94692.5849906582,15.2463556699187,30
"COM",2006,2,30.5347547231243,1241.89418903653,"Comoros",3.686863349904,94692.5849906582,15.2463556699187,30
"COM",2006,5,0,1241.89418903653,"Comoros",3.686863349904,94692.5849906582,15.2463556699187,30
"COM",2007,0,26.4901809953464,1281.33184944007,"Comoros",1.40217141076899,95588.4208809018,6.88299552341887,30
"COM",2007,1,7.70148536407913,1281.33184944007,"Comoros",1.40217141076899,95588.4208809018,6.88299552341887,30
"COM",2007,2,0,1281.33184944007,"Comoros",1.40217141076899,95588.4208809018,6.88299552341887,30
"COM",2007,5,0,1281.33184944007,"Comoros",1.40217141076899,95588.4208809018,6.88299552341887,30
"COM",2008,0,21.9622046211316,1221.39095458865,"Comoros",1.22754173088652,96479.3823499856,5.77456561800632,29
"COM",2008,1,4.12684839359026,1221.39095458865,"Comoros",1.22754173088652,96479.3823499856,5.77456561800632,29
"COM",2008,2,0,1221.39095458865,"Comoros",1.22754173088652,96479.3823499856,5.77456561800632,29
"COM",2008,5,0,1221.39095458865,"Comoros",1.22754173088652,96479.3823499856,5.77456561800632,29
"COM",2009,0,60.9875654548046,1198.31949050322,"Comoros",3.59820954540387,97366.904449727,14.3759782780939,29
"COM",2009,1,44.5960964865837,1198.31949050322,"Comoros",3.59820954540387,97366.904449727,14.3759782780939,29
"COM",2009,2,27.7639601820939,1198.31949050322,"Comoros",3.59820954540387,97366.904449727,14.3759782780939,29
"COM",2009,5,0,1198.31949050322,"Comoros",3.59820954540387,97366.904449727,14.3759782780939,29
"COM",2010,0,125.299757673693,1149.85743806908,"Comoros",8.43402398163168,98238.5477856407,138.285980016973,30
"COM",2010,1,111.595427225228,1149.85743806908,"Comoros",8.43402398163168,98238.5477856407,138.285980016973,30
"COM",2010,2,97.5348102567174,1149.85743806908,"Comoros",8.43402398163168,98238.5477856407,138.285980016973,30
"COM",2010,5,53.3984308606049,1149.85743806908,"Comoros",8.43402398163168,98238.5477856407,138.285980016973,30
"COM",2011,0,102.177346001921,1147.05683972285,"Comoros",6.69128710803536,99061.1321544805,126.389979276902,18
"COM",2011,1,87.8824468594153,1147.05683972285,"Comoros",6.69128710803536,99061.1321544805,126.389979276902,18
"COM",2011,2,73.2120473645492,1147.05683972285,"Comoros",6.69128710803536,99061.1321544805,126.389979276902,18
"COM",2011,5,27.1406766742443,1147.05683972285,"Comoros",6.69128710803536,99061.1321544805,126.389979276902,18
"COM",2012,0,115.669364925169,1118.13782374361,"Comoros",8.0017586732872,99798.4981528506,124.160734927418,45
"COM",2012,1,102.286506411681,1118.13782374361,"Comoros",8.0017586732872,99798.4981528506,124.160734927418,45
"COM",2012,2,88.5559221334072,1118.13782374361,"Comoros",8.0017586732872,99798.4981528506,124.160734927418,45
"COM",2012,5,45.4565980559166,1118.13782374361,"Comoros",8.0017586732872,99798.4981528506,124.160734927418,45
"COM",2013,0,107.65114235974,1101.59524706197,"Comoros",7.5486185886279,100418.080441346,105.86922469107,50
"COM",2013,1,94.3958392928492,1101.59524706197,"Comoros",7.5486185886279,100418.080441346,105.86922469107,50
"COM",2013,2,80.7963482091127,1101.59524706197,"Comoros",7.5486185886279,100418.080441346,105.86922469107,50
"COM",2013,5,38.1097074814464,1101.59524706197,"Comoros",7.5486185886279,100418.080441346,105.86922469107,50
"COM",2014,0,4.61407422585251,1109.8762839044,"Comoros",0.288034648893829,100914.446521973,0.776386019847956,1
"COM",2014,1,0,1109.8762839044,"Comoros",0.288034648893829,100914.446521973,0.776386019847956,1
"COM",2014,2,0,1109.8762839044,"Comoros",0.288034648893829,100914.446521973,0.776386019847956,1
"COM",2014,5,0,1109.8762839044,"Comoros",0.288034648893829,100914.446521973,0.776386019847956,1
"COM",2015,0,3.7945414156849,1091.49777195399,"Comoros",0.242446595277091,101325.209121528,0.566885759376502,0
"COM",2015,1,0,1091.49777195399,"Comoros",0.242446595277091,101325.209121528,0.566885759376502,0
"COM",2015,2,0,1091.49777195399,"Comoros",0.242446595277091,101325.209121528,0.566885759376502,0
"COM",2015,5,0,1091.49777195399,"Comoros",0.242446595277091,101325.209121528,0.566885759376502,0
"COM",2016,0,2.83756891579028,1075.08166531782,"Comoros",0.18534108487438,101709.035232726,0.385192673633571,0
"COM",2016,1,0,1075.08166531782,"Comoros",0.18534108487438,101709.035232726,0.385192673633571,0
"COM",2016,2,0,1075.08166531782,"Comoros",0.18534108487438,101709.035232726,0.385192673633571,0
"COM",2016,5,0,1075.08166531782,"Comoros",0.18534108487438,101709.035232726,0.385192673633571,0
"COM",2017,0,6.49295245727695,1055.62875189023,"Comoros",0.436512668386389,102123.185515858,1.00543546607794,2
"COM",2017,1,0,1055.62875189023,"Comoros",0.436512668386389,102123.185515858,1.00543546607794,2
"COM",2017,2,0,1055.62875189023,"Comoros",0.436512668386389,102123.185515858,1.00543546607794,2
"COM",2017,5,0,1055.62875189023,"Comoros",0.436512668386389,102123.185515858,1.00543546607794,2
"COM",2018,0,27.4363199572188,1030.49217133796,"Comoros",1.94809574196788,102625.811491305,3.76411380109562,10
"COM",2018,1,13.5271010056698,1030.49217133796,"Comoros",1.94809574196788,102625.811491305,3.76411380109562,10
"COM",2018,2,0,1030.49217133796,"Comoros",1.94809574196788,102625.811491305,3.76411380109562,10
"COM",2018,5,0,1030.49217133796,"Comoros",1.94809574196788,102625.811491305,3.76411380109562,10
"COM",2019,0,25.7551248733639,1027.59533139964,"Comoros",1.83995409352393,103234.870067614,2.46302401413806,12
"COM",2019,1,11.9112024825767,1027.59533139964,"Comoros",1.83995409352393,103234.870067614,2.46302401413806,12
"COM",2019,2,0,1027.59533139964,"Comoros",1.83995409352393,103234.870067614,2.46302401413806,12
"COM",2019,5,0,1027.59533139964,"Comoros",1.83995409352393,103234.870067614,2.46302401413806,12
"COM",2020,0,6.78595139341749,1039.13028881306,"Comoros",0.46649054048921,103953.620196775,0.653253736699842,2
"COM",2020,1,0,1039.13028881306,"Comoros",0.46649054048921,103953.620196775,0.653253736699842,2
"COM",2020,2,0,1039.13028881306,"Comoros",0.46649054048921,103953.620196775,0.653253736699842,2
"COM",2020,5,0,1039.13028881306,"Comoros",0.46649054048921,103953.620196775,0.653253736699842,2
"COM",2021,0,15.7717179840297,1052.85372612004,"Comoros",1.07303701169651,104778.877575189,1.60952793144097,6
"COM",2021,1,1.08794453750599,1052.85372612004,"Comoros",1.07303701169651,104778.877575189,1.60952793144097,6
"COM",2021,2,0,1052.85372612004,"Comoros",1.07303701169651,104778.877575189,1.60952793144097,6
"COM",2021,5,0,1052.85372612004,"Comoros",1.07303701169651,104778.877575189,1.60952793144097,6
"COM",2022,0,29.7815065067069,1027.10671647819,"Comoros",2.15687657855444,105722.03983818,3.02267463589765,14
"COM",2022,1,16.1791039371279,1027.10671647819,"Comoros",2.15687657855444,105722.03983818,3.02267463589765,14
"COM",2022,2,2.22095660053821,1027.10671647819,"Comoros",2.15687657855444,105722.03983818,3.02267463589765,14
"COM",2022,5,0,1027.10671647819,"Comoros",2.15687657855444,105722.03983818,3.02267463589765,14
"COM",2023,0,28.2952955389726,1023.4633733929,"Comoros",2.08568713520451,106813.171231523,4.15135633241291,14
"COM",2023,1,14.9171070415089,1023.4633733929,"Comoros",2.08568713520451,106813.171231523,4.15135633241291,14
"COM",2023,2,1.19173871450684,1023.4633733929,"Comoros",2.08568713520451,106813.171231523,4.15135633241291,14
"COM",2023,5,0,1023.4633733929,"Comoros",2.08568713520451,106813.171231523,4.15135633241291,14
"COM",2024,0,27.082968887797,991.364747730024,"Comoros",2.05693091322994,106869.087497981,3.33028598949748,14
"COM",2024,1,14.0957114416199,991.364747730024,"Comoros",2.05693091322994,106869.087497981,3.33028598949748,14
"COM",2024,2,0.768638786033291,991.364747730024,"Comoros",2.05693091322994,106869.087497981,3.33028598949748,14
"COM",2024,5,0,991.364747730024,"Comoros",2.05693091322994,106869.087497981,3.33028598949748,14
"DJI",2000,0,3.95304538251758,1654.81156263727,"Djibouti",0.174514412341694,88792.1610146133,2.68261787759942,0
"DJI",2000,1,0,1654.81156263727,"Djibouti",0.174514412341694,88792.1610146133,2.68261787759942,0
"DJI",2000,2,0,1654.81156263727,"Djibouti",0.174514412341694,88792.1610146133,2.68261787759942,0
"DJI",2000,5,0,1654.81156263727,"Djibouti",0.174514412341694,88792.1610146133,2.68261787759942,0
"DJI",2001,0,3.96878631747795,1689.33876887109,"Djibouti",0.17271234464436,92789.5588253699,2.56776149941966,0
"DJI",2001,1,0,1689.33876887109,"Djibouti",0.17271234464436,92789.5588253699,2.56776149941966,0
"DJI",2001,2,0,1689.33876887109,"Djibouti",0.17271234464436,92789.5588253699,2.56776149941966,0
"DJI",2001,5,0,1689.33876887109,"Djibouti",0.17271234464436,92789.5588253699,2.56776149941966,0
"DJI",2002,0,4.31055101359443,1732.59203425763,"Djibouti",0.184478381877369,96800.2087331316,2.89496983285113,0
"DJI",2002,1,0,1732.59203425763,"Djibouti",0.184478381877369,96800.2087331316,2.89496983285113,0
"DJI",2002,2,0,1732.59203425763,"Djibouti",0.184478381877369,96800.2087331316,2.89496983285113,0
"DJI",2002,5,0,1732.59203425763,"Djibouti",0.184478381877369,96800.2087331316,2.89496983285113,0
"DJI",2003,0,25.6433378395507,1742.20874296291,"Djibouti",1.11375185017745,100702.269372333,17.3371918126693,0
"DJI",2003,1,2.65245359438633,1742.20874296291,"Djibouti",1.11375185017745,100702.269372333,17.3371918126693,0
"DJI",2003,2,0,1742.20874296291,"Djibouti",1.11375185017745,100702.269372333,17.3371918126693,0
"DJI",2003,5,0,1742.20874296291,"Djibouti",1.11375185017745,100702.269372333,17.3371918126693,0
"DJI",2004,0,2.71528221387192,1825.35842014895,"Djibouti",0.111362123041197,105248.964422838,1.71552621057548,0
"DJI",2004,1,0,1825.35842014895,"Djibouti",0.111362123041197,105248.964422838,1.71552621057548,0
"DJI",2004,2,0,1825.35842014895,"Djibouti",0.111362123041197,105248.964422838,1.71552621057548,0
"DJI",2004,5,0,1825.35842014895,"Djibouti",0.111362123041197,105248.964422838,1.71552621057548,0
"DJI",2005,0,4.34102859096341,1827.74449858499,"Djibouti",0.180218583070353,109214.42826546,3.15105029062501,0
"DJI",2005,1,0,1827.74449858499,"Djibouti",0.180218583070353,109214.42826546,3.15105029062501,0
"DJI",2005,2,0,1827.74449858499,"Djibouti",0.180218583070353,109214.42826546,3.15105029062501,0
"DJI",2005,5,0,1827.74449858499,"Djibouti",0.180218583070353,109214.42826546,3.15105029062501,0
"DJI",2006,0,11.1751886657814,1839.1797221307,"Djibouti",0.462437138379133,111967.3029727,10.1827119508324,7
"DJI",2006,1,0,1839.1797221307,"Djibouti",0.462437138379133,111967.3029727,10.1827119508324,7
"DJI",2006,2,0,1839.1797221307,"Djibouti",0.462437138379133,111967.3029727,10.1827119508324,7
"DJI",2006,5,0,1839.1797221307,"Djibouti",0.462437138379133,111967.3029727,10.1827119508324,7
"DJI",2007,0,2.25190759671388,1861.33232310908,"Djibouti",0.0930993596928117,115768.982046822,1.95821672218548,1
"DJI",2007,1,0,1861.33232310908,"Djibouti",0.0930993596928117,115768.982046822,1.95821672218548,1
"DJI",2007,2,0,1861.33232310908,"Djibouti",0.0930993596928117,115768.982046822,1.95821672218548,1
"DJI",2007,5,0,1861.33232310908,"Djibouti",0.0930993596928117,115768.982046822,1.95821672218548,1
"DJI",2008,0,1.21206348441918,1894.28275567404,"Djibouti",0.0496637155146737,120386.938007718,0.958448706772102,1
"DJI",2008,1,0,1894.28275567404,"Djibouti",0.0496637155146737,120386.938007718,0.958448706772102,1
"DJI",2008,2,0,1894.28275567404,"Djibouti",0.0496637155146737,120386.938007718,0.958448706772102,1
"DJI",2008,5,0,1894.28275567404,"Djibouti",0.0496637155146737,120386.938007718,0.958448706772102,1
"DJI",2009,0,9.3979296201539,1927.71900783049,"Djibouti",0.381638067702651,125536.687692587,8.8587627911466,1
"DJI",2009,1,0,1927.71900783049,"Djibouti",0.381638067702651,125536.687692587,8.8587627911466,1
"DJI",2009,2,0,1927.71900783049,"Djibouti",0.381638067702651,125536.687692587,8.8587627911466,1
"DJI",2009,5,0,1927.71900783049,"Djibouti",0.381638067702651,125536.687692587,8.8587627911466,1
"DJI",2010,0,2.99909552636188,1992.56791832299,"Djibouti",0.117448266069124,131338.472521811,2.98512925381682,0
"DJI",2010,1,0,1992.56791832299,"Djibouti",0.117448266069124,131338.472521811,2.98512925381682,0
"DJI",2010,2,0,1992.56791832299,"Djibouti",0.117448266069124,131338.472521811,2.98512925381682,0
"DJI",2010,5,0,1992.56791832299,"Djibouti",0.117448266069124,131338.472521811,2.98512925381682,0
"DJI",2011,0,0.271718510813013,1989.38908693872,"Djibouti",0.0107005957923992,137216.793218276,0.0941190579852381,1
"DJI",2011,1,0,1989.38908693872,"Djibouti",0.0107005957923992,137216.793218276,0.0941190579852381,1
"DJI",2011,2,0,1989.38908693872,"Djibouti",0.0107005957923992,137216.793218276,0.0941190579852381,1
"DJI",2011,5,0,1989.38908693872,"Djibouti",0.0107005957923992,137216.793218276,0.0941190579852381,1
"DJI",2012,0,0.231126893815769,2001.71827586924,"Djibouti",0.00907925155323704,143101.520930691,0.0457360125901835,1
"DJI",2012,1,0,2001.71827586924,"Djibouti",0.00907925155323704,143101.520930691,0.0457360125901835,1
"DJI",2012,2,0,2001.71827586924,"Djibouti",0.00907925155323704,143101.520930691,0.0457360125901835,1
"DJI",2012,5,0,2001.71827586924,"Djibouti",0.00907925155323704,143101.520930691,0.0457360125901835,1
"DJI",2013,0,2.59764934336942,2004.88943826131,"Djibouti",0.101905187035473,148275.876507259,2.66474935293031,4
"DJI",2013,1,0,2004.88943826131,"Djibouti",0.101905187035473,148275.876507259,2.66474935293031,4
"DJI",2013,2,0,2004.88943826131,"Djibouti",0.101905187035473,148275.876507259,2.66474935293031,4
"DJI",2013,5,0,2004.88943826131,"Djibouti",0.101905187035473,148275.876507259,2.66474935293031,4
"DJI",2014,0,14.0663815075136,1976.46774512821,"Djibouti",0.563210285791942,152459.009010078,17.7696958541534,7
"DJI",2014,1,0,1976.46774512821,"Djibouti",0.563210285791942,152459.009010078,17.7696958541534,7
"DJI",2014,2,0,1976.46774512821,"Djibouti",0.563210285791942,152459.009010078,17.7696958541534,7
"DJI",2014,5,0,1976.46774512821,"Djibouti",0.563210285791942,152459.009010078,17.7696958541534,7
"DJI",2015,0,11.1326721027174,1975.83391624404,"Djibouti",0.446388006068223,156156.288586205,15.5983083618225,5
"DJI",2015,1,0,1975.83391624404,"Djibouti",0.446388006068223,156156.288586205,15.5983083618225,5
"DJI",2015,2,0,1975.83391624404,"Djibouti",0.446388006068223,156156.288586205,15.5983083618225,5
"DJI",2015,5,0,1975.83391624404,"Djibouti",0.446388006068223,156156.288586205,15.5983083618225,5
"DJI",2016,0,15.1890147355587,1938.79791254602,"Djibouti",0.62491666120735,158979.862358727,20.4860383082976,7
"DJI",2016,1,0,1938.79791254602,"Djibouti",0.62491666120735,158979.862358727,20.4860383082976,7
"DJI",2016,2,0,1938.79791254602,"Djibouti",0.62491666120735,158979.862358727,20.4860383082976,7
"DJI",2016,5,0,1938.79791254602,"Djibouti",0.62491666120735,158979.862358727,20.4860383082976,7
"DJI",2017,0,11.4463259744777,1920.7318403225,"Djibouti",0.4774441532743,161635.356466121,15.6372440476076,6
"DJI",2017,1,0,1920.7318403225,"Djibouti",0.4774441532743,161635.356466121,15.6372440476076,6
"DJI",2017,2,0,1920.7318403225,"Djibouti",0.4774441532743,161635.356466121,15.6372440476076,6
"DJI",2017,5,0,1920.7318403225,"Djibouti",0.4774441532743,161635.356466121,15.6372440476076,6
"DJI",2018,0,19.5956042979467,1866.47208292107,"Djibouti",0.850794141782984,164251.159018191,30.8972948499136,11
"DJI",2018,1,0,1866.47208292107,"Djibouti",0.850794141782984,164251.159018191,30.8972948499136,11
"DJI",2018,2,0,1866.47208292107,"Djibouti",0.850794141782984,164251.159018191,30.8972948499136,11
"DJI",2018,5,0,1866.47208292107,"Djibouti",0.850794141782984,164251.159018191,30.8972948499136,11
"DJI",2019,0,49.0208840996486,1833.65644484513,"Djibouti",2.21262971127608,166378.790336085,24.8869816759049,30
"DJI",2019,1,27.1875855587276,1833.65644484513,"Djibouti",2.21262971127608,166378.790336085,24.8869816759049,30
"DJI",2019,2,4.82187739482067,1833.65644484513,"Djibouti",2.21262971127608,166378.790336085,24.8869816759049,30
"DJI",2019,5,0,1833.65644484513,"Djibouti",2.21262971127608,166378.790336085,24.8869816759049,30
"DJI",2020,0,60.1204649463229,1804.26962896496,"Djibouti",2.76259403350423,168231.621062954,32.6140171945109,44
"DJI",2020,1,38.8091033028278,1804.26962896496,"Djibouti",2.76259403350423,168231.621062954,32.6140171945109,44
"DJI",2020,2,16.9796680985021,1804.26962896496,"Djibouti",2.76259403350423,168231.621062954,32.6140171945109,44
"DJI",2020,5,0,1804.26962896496,"Djibouti",2.76259403350423,168231.621062954,32.6140171945109,44
"DJI",2021,0,55.4280793374093,1790.80778321994,"Djibouti",2.54929706942312,169583.176695721,31.6311526872963,39
"DJI",2021,1,34.0846103974437,1790.80778321994,"Djibouti",2.54929706942312,169583.176695721,31.6311526872963,39
"DJI",2021,2,12.2214714905541,1790.80778321994,"Djibouti",2.54929706942312,169583.176695721,31.6311526872963,39
"DJI",2021,5,0,1790.80778321994,"Djibouti",2.54929706942312,169583.176695721,31.6311526872963,39
"DJI",2022,0,34.7686553498813,1734.76730878366,"Djibouti",1.65574228729384,170414.439183141,22.2337020125677,24
"DJI",2022,1,13.9371038940251,1734.76730878366,"Djibouti",1.65574228729384,170414.439183141,22.2337020125677,24
"DJI",2022,2,0,1734.76730878366,"Djibouti",1.65574228729384,170414.439183141,22.2337020125677,24
"DJI",2022,5,0,1734.76730878366,"Djibouti",1.65574228729384,170414.439183141,22.2337020125677,24
"DJI",2023,0,32.3136938913205,1680.42456922884,"Djibouti",1.60253940397819,170204.144755485,15.281427974833,23
"DJI",2023,1,12.2967171159918,1680.42456922884,"Djibouti",1.60253940397819,170204.144755485,15.281427974833,23
"DJI",2023,2,0,1680.42456922884,"Djibouti",1.60253940397819,170204.144755485,15.281427974833,23
"DJI",2023,5,0,1680.42456922884,"Djibouti",1.60253940397819,170204.144755485,15.281427974833,23
"DJI",2024,0,82.8697797998881,1619.05851447361,"Djibouti",4.3967566637446,172771.625559554,19.4005119570286,22
"DJI",2024,1,64.7330598971641,1619.05851447361,"Djibouti",4.3967566637446,172771.625559554,19.4005119570286,22
"DJI",2024,2,46.1594459940919,1619.05851447361,"Djibouti",4.3967566637446,172771.625559554,19.4005119570286,22
"DJI",2024,5,0,1619.05851447361,"Djibouti",4.3967566637446,172771.625559554,19.4005119570286,22
"ERI",2000,0,254.806874964824,13543.2047210553,"Eritrea",0.825055009546818,677951.427362745,28.745259053018,25
"ERI",2000,1,0,13543.2047210553,"Eritrea",0.825055009546818,677951.427362745,28.745259053018,25
"ERI",2000,2,0,13543.2047210553,"Eritrea",0.825055009546818,677951.427362745,28.745259053018,25
"ERI",2000,5,0,13543.2047210553,"Eritrea",0.825055009546818,677951.427362745,28.745259053018,25
"ERI",2001,0,478.897921428581,12980.4420864304,"Eritrea",1.65363890239067,681464.52931955,88.1275863561756,35
"ERI",2001,1,192.324944600162,12980.4420864304,"Eritrea",1.65363890239067,681464.52931955,88.1275863561756,35
"ERI",2001,2,0,12980.4420864304,"Eritrea",1.65363890239067,681464.52931955,88.1275863561756,35
"ERI",2001,5,0,12980.4420864304,"Eritrea",1.65363890239067,681464.52931955,88.1275863561756,35
"ERI",2002,0,116.379119976109,12713.2466088954,"Eritrea",0.404938036912566,690010.867387913,22.0831181997524,21
"ERI",2002,1,0,12713.2466088954,"Eritrea",0.404938036912566,690010.867387913,22.0831181997524,21
"ERI",2002,2,0,12713.2466088954,"Eritrea",0.404938036912566,690010.867387913,22.0831181997524,21
"ERI",2002,5,0,12713.2466088954,"Eritrea",0.404938036912566,690010.867387913,22.0831181997524,21
"ERI",2003,0,151.7476259376,12528.9085346485,"Eritrea",0.54065879846414,702779.202220718,29.9077537236637,29
"ERI",2003,1,0,12528.9085346485,"Eritrea",0.54065879846414,702779.202220718,29.9077537236637,29
"ERI",2003,2,0,12528.9085346485,"Eritrea",0.54065879846414,702779.202220718,29.9077537236637,29
"ERI",2003,5,0,12528.9085346485,"Eritrea",0.54065879846414,702779.202220718,29.9077537236637,29
"ERI",2004,0,49.3120124617053,12730.0396204319,"Eritrea",0.173807413047971,730098.459897194,11.198303694918,7
"ERI",2004,1,0,12730.0396204319,"Eritrea",0.173807413047971,730098.459897194,11.198303694918,7
"ERI",2004,2,0,12730.0396204319,"Eritrea",0.173807413047971,730098.459897194,11.198303694918,7
"ERI",2004,5,0,12730.0396204319,"Eritrea",0.173807413047971,730098.459897194,11.198303694918,7
"ERI",2005,0,75.3294976530163,12881.6351925552,"Eritrea",0.264051516629705,757870.462540342,20.5491549999896,14
"ERI",2005,1,0,12881.6351925552,"Eritrea",0.264051516629705,757870.462540342,20.5491549999896,14
"ERI",2005,2,0,12881.6351925552,"Eritrea",0.264051516629705,757870.462540342,20.5491549999896,14
"ERI",2005,5,0,12881.6351925552,"Eritrea",0.264051516629705,757870.462540342,20.5491549999896,14
"ERI",2006,0,51.8482082443422,12748.5786756787,"Eritrea",0.183144290889362,769182.496134899,13.6308652107499,11
"ERI",2006,1,0,12748.5786756787,"Eritrea",0.183144290889362,769182.496134899,13.6308652107499,11
"ERI",2006,2,0,12748.5786756787,"Eritrea",0.183144290889362,769182.496134899,13.6308652107499,11
"ERI",2006,5,0,12748.5786756787,"Eritrea",0.183144290889362,769182.496134899,13.6308652107499,11
"ERI",2007,0,71.7676644016321,12790.4457611971,"Eritrea",0.254566566054274,782297.483429519,19.3775674873511,14
"ERI",2007,1,0,12790.4457611971,"Eritrea",0.254566566054274,782297.483429519,19.3775674873511,14
"ERI",2007,2,0,12790.4457611971,"Eritrea",0.254566566054274,782297.483429519,19.3775674873511,14
"ERI",2007,5,0,12790.4457611971,"Eritrea",0.254566566054274,782297.483429519,19.3775674873511,14
"ERI",2008,0,52.0362140158459,12987.8865599502,"Eritrea",0.182228153553885,795499.161895245,12.1944176053291,8
"ERI",2008,1,0,12987.8865599502,"Eritrea",0.182228153553885,795499.161895245,12.1944176053291,8
"ERI",2008,2,0,12987.8865599502,"Eritrea",0.182228153553885,795499.161895245,12.1944176053291,8
"ERI",2008,5,0,12987.8865599502,"Eritrea",0.182228153553885,795499.161895245,12.1944176053291,8
"ERI",2009,0,55.9662946517531,13202.2542420288,"Eritrea",0.194205478288077,811158.079554412,12.4679475233587,9
"ERI",2009,1,0,13202.2542420288,"Eritrea",0.194205478288077,811158.079554412,12.4679475233587,9
"ERI",2009,2,0,13202.2542420288,"Eritrea",0.194205478288077,811158.079554412,12.4679475233587,9
"ERI",2009,5,0,13202.2542420288,"Eritrea",0.194205478288077,811158.079554412,12.4679475233587,9
"ERI",2010,0,167.653926196684,13295.2785914014,"Eritrea",0.585217459318667,828001.550930061,41.5058124785338,43
"ERI",2010,1,0,13295.2785914014,"Eritrea",0.585217459318667,828001.550930061,41.5058124785338,43
"ERI",2010,2,0,13295.2785914014,"Eritrea",0.585217459318667,828001.550930061,41.5058124785338,43
"ERI",2010,5,0,13295.2785914014,"Eritrea",0.585217459318667,828001.550930061,41.5058124785338,43
"ERI",2011,0,143.929208547981,13185.8647499307,"Eritrea",0.508926843371488,844932.856346871,53.0440765787273,36
"ERI",2011,1,0,13185.8647499307,"Eritrea",0.508926843371488,844932.856346871,53.0440765787273,36
"ERI",2011,2,0,13185.8647499307,"Eritrea",0.508926843371488,844932.856346871,53.0440765787273,36
"ERI",2011,5,0,13185.8647499307,"Eritrea",0.508926843371488,844932.856346871,53.0440765787273,36
"ERI",2012,0,84.9304749336736,13119.4068896329,"Eritrea",0.30264745415169,861625.517163371,27.674992792467,20
"ERI",2012,1,0,13119.4068896329,"Eritrea",0.30264745415169,861625.517163371,27.674992792467,20
"ERI",2012,2,0,13119.4068896329,"Eritrea",0.30264745415169,861625.517163371,27.674992792467,20
"ERI",2012,5,0,13119.4068896329,"Eritrea",0.30264745415169,861625.517163371,27.674992792467,20
"ERI",2013,0,82.4795611579803,13081.0522232162,"Eritrea",0.295743390507021,876084.773658576,17.8871548625428,21
"ERI",2013,1,0,13081.0522232162,"Eritrea",0.295743390507021,876084.773658576,17.8871548625428,21
"ERI",2013,2,0,13081.0522232162,"Eritrea",0.295743390507021,876084.773658576,17.8871548625428,21
"ERI",2013,5,0,13081.0522232162,"Eritrea",0.295743390507021,876084.773658576,17.8871548625428,21
"ERI",2014,0,190.891578351927,12764.8461773431,"Eritrea",0.711326751278881,890024.349570069,39.3894191051731,64
"ERI",2014,1,0,12764.8461773431,"Eritrea",0.711326751278881,890024.349570069,39.3894191051731,64
"ERI",2014,2,0,12764.8461773431,"Eritrea",0.711326751278881,890024.349570069,39.3894191051731,64
"ERI",2014,5,0,12764.8461773431,"Eritrea",0.711326751278881,890024.349570069,39.3894191051731,64
"ERI",2015,0,117.07999097615,12707.9072451884,"Eritrea",0.437883754324056,900124.762734881,22.6752348843585,32
"ERI",2015,1,0,12707.9072451884,"Eritrea",0.437883754324056,900124.762734881,22.6752348843585,32
"ERI",2015,2,0,12707.9072451884,"Eritrea",0.437883754324056,900124.762734881,22.6752348843585,32
"ERI",2015,5,0,12707.9072451884,"Eritrea",0.437883754324056,900124.762734881,22.6752348843585,32
"ERI",2016,0,161.903669786057,12494.2500293873,"Eritrea",0.620294551710129,907814.951711135,31.8475996930076,54
"ERI",2016,1,0,12494.2500293873,"Eritrea",0.620294551710129,907814.951711135,31.8475996930076,54
"ERI",2016,2,0,12494.2500293873,"Eritrea",0.620294551710129,907814.951711135,31.8475996930076,54
"ERI",2016,5,0,12494.2500293873,"Eritrea",0.620294551710129,907814.951711135,31.8475996930076,54
"ERI",2017,0,169.488150862463,12411.4185634777,"Eritrea",0.656953570035257,916781.661733462,34.7595743065141,61
"ERI",2017,1,0,12411.4185634777,"Eritrea",0.656953570035257,916781.661733462,34.7595743065141,61
"ERI",2017,2,0,12411.4185634777,"Eritrea",0.656953570035257,916781.661733462,34.7595743065141,61
"ERI",2017,5,0,12411.4185634777,"Eritrea",0.656953570035257,916781.661733462,34.7595743065141,61
"ERI",2018,0,153.400905983334,12238.2721188848,"Eritrea",0.605072683259672,926213.908657169,30.1515383436459,53
"ERI",2018,1,0,12238.2721188848,"Eritrea",0.605072683259672,926213.908657169,30.1515383436459,53
"ERI",2018,2,0,12238.2721188848,"Eritrea",0.605072683259672,926213.908657169,30.1515383436459,53
"ERI",2018,5,0,12238.2721188848,"Eritrea",0.605072683259672,926213.908657169,30.1515383436459,53
"ERI",2019,0,316.536147048208,12075.5845482016,"Eritrea",1.28606025404594,937336.951201217,58.8569865694506,144
"ERI",2019,1,71.5176855036277,12075.5845482016,"Eritrea",1.28606025404594,937336.951201217,58.8569865694506,144
"ERI",2019,2,0,12075.5845482016,"Eritrea",1.28606025404594,937336.951201217,58.8569865694506,144
"ERI",2019,5,0,12075.5845482016,"Eritrea",1.28606025404594,937336.951201217,58.8569865694506,144
"ERI",2020,0,268.26524036089,12009.0885126556,"Eritrea",1.09309984270175,951246.45891496,50.4659406754122,116
"ERI",2020,1,23.2105846603458,12009.0885126556,"Eritrea",1.09309984270175,951246.45891496,50.4659406754122,116
"ERI",2020,2,0,12009.0885126556,"Eritrea",1.09309984270175,951246.45891496,50.4659406754122,116
"ERI",2020,5,0,12009.0885126556,"Eritrea",1.09309984270175,951246.45891496,50.4659406754122,116
"ERI",2021,0,150.359128223811,11863.4725676729,"Eritrea",0.617805857620432,963050.362049284,29.7269371281835,57
"ERI",2021,1,0,11863.4725676729,"Eritrea",0.617805857620432,963050.362049284,29.7269371281835,57
"ERI",2021,2,0,11863.4725676729,"Eritrea",0.617805857620432,963050.362049284,29.7269371281835,57
"ERI",2021,5,0,11863.4725676729,"Eritrea",0.617805857620432,963050.362049284,29.7269371281835,57
"ERI",2022,0,221.086074163007,11988.7033673663,"Eritrea",0.90381587192407,972884.0888447,40.4404730255488,94
"ERI",2022,1,0,11988.7033673663,"Eritrea",0.90381587192407,972884.0888447,40.4404730255488,94
"ERI",2022,2,0,11988.7033673663,"Eritrea",0.90381587192407,972884.0888447,40.4404730255488,94
"ERI",2022,5,0,11988.7033673663,"Eritrea",0.90381587192407,972884.0888447,40.4404730255488,94
"ERI",2023,0,287.260917410661,11854.9026287502,"Eritrea",1.20261603206456,983453.769302797,48.6391851563762,150
"ERI",2023,1,49.1593815707878,11854.9026287502,"Eritrea",1.20261603206456,983453.769302797,48.6391851563762,150
"ERI",2023,2,0,11854.9026287502,"Eritrea",1.20261603206456,983453.769302797,48.6391851563762,150
"ERI",2023,5,0,11854.9026287502,"Eritrea",1.20261603206456,983453.769302797,48.6391851563762,150
"ERI",2024,0,232.006945821926,11415.5571326635,"Eritrea",1.01244593723427,990220.759709614,43.3765641194195,148
"ERI",2024,1,2.89719634887569,11415.5571326635,"Eritrea",1.01244593723427,990220.759709614,43.3765641194195,148
"ERI",2024,2,0,11415.5571326635,"Eritrea",1.01244593723427,990220.759709614,43.3765641194195,148
"ERI",2024,5,0,11415.5571326635,"Eritrea",1.01244593723427,990220.759709614,43.3765641194195,148
"ETH",2000,0,26022.5565700166,405740.067711121,"Ethiopia",3.6664083397463,12493665.8406461,12410.5484527996,13329
"ETH",2000,1,19189.5526277999,405740.067711121,"Ethiopia",3.6664083397463,12493665.8406461,12410.5484527996,13329
"ETH",2000,2,12152.792075829,405740.067711121,"Ethiopia",3.6664083397463,12493665.8406461,12410.5484527996,13329
"ETH",2000,5,0,405740.067711121,"Ethiopia",3.6664083397463,12493665.8406461,12410.5484527996,13329
"ETH",2001,0,41586.6153677476,387717.977955965,"Ethiopia",6.61812606891887,12717865.5222701,26173.8261996315,12126
"ETH",2001,1,35741.2279429668,387717.977955965,"Ethiopia",6.61812606891887,12717865.5222701,26173.8261996315,12126
"ETH",2001,2,29725.2992348183,387717.977955965,"Ethiopia",6.61812606891887,12717865.5222701,26173.8261996315,12126
"ETH",2001,5,10740.7986417738,387717.977955965,"Ethiopia",6.61812606891887,12717865.5222701,26173.8261996315,12126
"ETH",2002,0,41717.6133522626,371273.302245485,"Ethiopia",7.14467331002329,12936281.2851287,25904.7914881702,10932
"ETH",2002,1,36312.1432057589,371273.302245485,"Ethiopia",7.14467331002329,12936281.2851287,25904.7914881702,10932
"ETH",2002,2,30750.3851006418,371273.302245485,"Ethiopia",7.14467331002329,12936281.2851287,25904.7914881702,10932
"ETH",2002,5,13206.6636634801,371273.302245485,"Ethiopia",7.14467331002329,12936281.2851287,25904.7914881702,10932
"ETH",2003,0,49592.4771485942,356560.066597326,"Ethiopia",9.42012895433487,13162156.8151167,31518.179495177,11981
"ETH",2003,1,44809.9504107789,356560.066597326,"Ethiopia",9.42012895433487,13162156.8151167,31518.179495177,11981
"ETH",2003,2,39891.6542566527,356560.066597326,"Ethiopia",9.42012895433487,13162156.8151167,31518.179495177,11981
"ETH",2003,5,24391.1496015898,356560.066597326,"Ethiopia",9.42012895433487,13162156.8151167,31518.179495177,11981
"ETH",2004,0,62740.3597727163,340909.284926282,"Ethiopia",13.9077135369295,13387383.8518466,40270.8560015607,12771
"ETH",2004,1,58724.2145426884,340909.284926282,"Ethiopia",13.9077135369295,13387383.8518466,40270.8560015607,12771
"ETH",2004,2,54597.3482653801,340909.284926282,"Ethiopia",13.9077135369295,13387383.8518466,40270.8560015607,12771
"ETH",2004,5,41608.8851624858,340909.284926282,"Ethiopia",13.9077135369295,13387383.8518466,40270.8560015607,12771
"ETH",2005,0,46445.0620403219,324374.02190096,"Ethiopia",10.282958677834,13600168.519649,31593.2561718979,7609
"ETH",2005,1,42360.89175546,324374.02190096,"Ethiopia",10.282958677834,13600168.519649,31593.2561718979,7609
"ETH",2005,2,38162.8545113084,324374.02190096,"Ethiopia",10.282958677834,13600168.519649,31593.2561718979,7609
"ETH",2005,5,24943.2378533409,324374.02190096,"Ethiopia",10.282958677834,13600168.519649,31593.2561718979,7609
"ETH",2006,0,34292.5886095005,310036.211880669,"Ethiopia",7.72340544322465,13791490.1975792,26721.6731468363,6483
"ETH",2006,1,30196.4505294813,310036.211880669,"Ethiopia",7.72340544322465,13791490.1975792,26721.6731468363,6483
"ETH",2006,2,25985.273580771,310036.211880669,"Ethiopia",7.72340544322465,13791490.1975792,26721.6731468363,6483
"ETH",2006,5,12719.5298560215,310036.211880669,"Ethiopia",7.72340544322465,13791490.1975792,26721.6731468363,6483
"ETH",2007,0,26869.4409451492,294778.893693408,"Ethiopia",6.32980494837926,13957077.39002,22079.5374505783,4898
"ETH",2007,1,22898.9778961982,294778.893693408,"Ethiopia",6.32980494837926,13957077.39002,22079.5374505783,4898
"ETH",2007,2,18816.8448396105,294778.893693408,"Ethiopia",6.32980494837926,13957077.39002,22079.5374505783,4898
"ETH",2007,5,5956.56668911387,294778.893693408,"Ethiopia",6.32980494837926,13957077.39002,22079.5374505783,4898
"ETH",2008,0,20790.4500362609,281141.881012329,"Ethiopia",5.11901489426394,14091446.501656,16930.1107115657,3998
"ETH",2008,1,16940.5259959352,281141.881012329,"Ethiopia",5.11901489426394,14091446.501656,16930.1107115657,3998
"ETH",2008,2,12982.2250210588,281141.881012329,"Ethiopia",5.11901489426394,14091446.501656,16930.1107115657,3998
"ETH",2008,5,511.409394690019,281141.881012329,"Ethiopia",5.11901489426394,14091446.501656,16930.1107115657,3998
"ETH",2009,0,29033.6903976465,268567.913032063,"Ethiopia",8.02030369568054,14195153.1833961,21293.3278265018,6867
"ETH",2009,1,25697.4340543665,268567.913032063,"Ethiopia",8.02030369568054,14195153.1833961,21293.3278265018,6867
"ETH",2009,2,22269.5544034616,268567.913032063,"Ethiopia",8.02030369568054,14195153.1833961,21293.3278265018,6867
"ETH",2009,5,11482.2475548841,268567.913032063,"Ethiopia",8.02030369568054,14195153.1833961,21293.3278265018,6867
"ETH",2010,0,31100.7754406726,256659.852288301,"Ethiopia",9.3600062051656,14275849.9286543,22706.0037190315,8634
"ETH",2010,1,28068.5183447179,256659.852288301,"Ethiopia",9.3600062051656,14275849.9286543,22706.0037190315,8634
"ETH",2010,2,24954.1794853439,256659.852288301,"Ethiopia",9.3600062051656,14275849.9286543,22706.0037190315,8634
"ETH",2010,5,15159.9562283119,256659.852288301,"Ethiopia",9.3600062051656,14275849.9286543,22706.0037190315,8634
"ETH",2011,0,23446.6023646492,247044.30841222,"Ethiopia",7.14490837185003,14343749.97607,18147.0433950319,7100
"ETH",2011,1,20396.0426958343,247044.30841222,"Ethiopia",7.14490837185003,14343749.97607,18147.0433950319,7100
"ETH",2011,2,17262.2989059519,247044.30841222,"Ethiopia",7.14490837185003,14343749.97607,18147.0433950319,7100
"ETH",2011,5,7403.70351965739,247044.30841222,"Ethiopia",7.14490837185003,14343749.97607,18147.0433950319,7100
"ETH",2012,0,24465.0298384658,239202.919908354,"Ethiopia",7.90906112363426,14424358.2463005,19979.9720894496,9083
"ETH",2012,1,21607.5378061045,239202.919908354,"Ethiopia",7.90906112363426,14424358.2463005,19979.9720894496,9083
"ETH",2012,2,18672.9528685456,239202.919908354,"Ethiopia",7.90906112363426,14424358.2463005,19979.9720894496,9083
"ETH",2012,5,9445.33335045227,239202.919908354,"Ethiopia",7.90906112363426,14424358.2463005,19979.9720894496,9083
"ETH",2013,0,29820.3825241921,233030.927490135,"Ethiopia",10.4852019356581,14523666.3704457,20369.5335795067,13399
"ETH",2013,1,27239.4196309135,233030.927490135,"Ethiopia",10.4852019356581,14523666.3704457,20369.5335795067,13399
"ETH",2013,2,24590.3105984505,233030.927490135,"Ethiopia",10.4852019356581,14523666.3704457,20369.5335795067,13399
"ETH",2013,5,16268.3648862901,233030.927490135,"Ethiopia",10.4852019356581,14523666.3704457,20369.5335795067,13399
"ETH",2014,0,14339.6735002988,227017.825408377,"Ethiopia",4.71873349024022,14634257.0064566,11576.8744015659,10583
"ETH",2014,1,11441.2464805268,227017.825408377,"Ethiopia",4.71873349024022,14634257.0064566,11576.8744015659,10583
"ETH",2014,2,8463.74904743844,227017.825408377,"Ethiopia",4.71873349024022,14634257.0064566,11576.8744015659,10583
"ETH",2014,5,0,227017.825408377,"Ethiopia",4.71873349024022,14634257.0064566,11576.8744015659,10583
"ETH",2015,0,13151.2548106987,222280.681072972,"Ethiopia",4.44168903034584,14784234.4874015,11813.4580723826,9648
"ETH",2015,1,10317.8181959727,222280.681072972,"Ethiopia",4.44168903034584,14784234.4874015,11813.4580723826,9648
"ETH",2015,2,7407.28348634091,222280.681072972,"Ethiopia",4.44168903034584,14784234.4874015,11813.4580723826,9648
"ETH",2015,5,0,222280.681072972,"Ethiopia",4.44168903034584,14784234.4874015,11813.4580723826,9648
"ETH",2016,0,10336.1743835071,216512.31735476,"Ethiopia",3.57915226427202,14960283.0382362,9085.66396855891,6104
"ETH",2016,1,7543.93497008545,216512.31735476,"Ethiopia",3.57915226427202,14960283.0382362,9085.66396855891,6104
"ETH",2016,2,4675.67649246147,216512.31735476,"Ethiopia",3.57915226427202,14960283.0382362,9085.66396855891,6104
"ETH",2016,5,0,216512.31735476,"Ethiopia",3.57915226427202,14960283.0382362,9085.66396855891,6104
"ETH",2017,0,8503.06834745385,210803.0530221,"Ethiopia",3.04084890918836,15140421.4892026,9219.34729337295,4267
"ETH",2017,1,5781.0582468689,210803.0530221,"Ethiopia",3.04084890918836,15140421.4892026,9219.34729337295,4267
"ETH",2017,2,2985.11201940441,210803.0530221,"Ethiopia",3.04084890918836,15140421.4892026,9219.34729337295,4267
"ETH",2017,5,0,210803.0530221,"Ethiopia",3.04084890918836,15140421.4892026,9219.34729337295,4267
"ETH",2018,0,6927.65888737897,206038.258318185,"Ethiopia",2.54754173855862,15335569.1383723,8206.5222892456,1898
"ETH",2018,1,4263.73822974619,206038.258318185,"Ethiopia",2.54754173855862,15335569.1383723,8206.5222892456,1898
"ETH",2018,2,1527.60625058126,206038.258318185,"Ethiopia",2.54754173855862,15335569.1383723,8206.5222892456,1898
"ETH",2018,5,0,206038.258318185,"Ethiopia",2.54754173855862,15335569.1383723,8206.5222892456,1898
"ETH",2019,0,5239.76128057908,201197.917936479,"Ethiopia",1.98129167963717,15543311.2426359,6145.44369148884,1611
"ETH",2019,1,2629.80367676536,201197.917936479,"Ethiopia",1.98129167963717,15543311.2426359,6145.44369148884,1611
"ETH",2019,2,0,201197.917936479,"Ethiopia",1.98129167963717,15543311.2426359,6145.44369148884,1611
"ETH",2019,5,0,201197.917936479,"Ethiopia",1.98129167963717,15543311.2426359,6145.44369148884,1611
"ETH",2020,0,8982.56130204706,195617.30770128,"Ethiopia",3.60444912989929,15723563.3866094,10134.2931338583,2984
"ETH",2020,1,6572.12357173157,195617.30770128,"Ethiopia",3.60444912989929,15723563.3866094,10134.2931338583,2984
"ETH",2020,2,4097.40152040069,195617.30770128,"Ethiopia",3.60444912989929,15723563.3866094,10134.2931338583,2984
"ETH",2020,5,0,195617.30770128,"Ethiopia",3.60444912989929,15723563.3866094,10134.2931338583,2984
"ETH",2021,0,6823.00586198259,191876.428205959,"Ethiopia",2.77698042594261,15882457.3034746,7703.29558903591,4533
"ETH",2021,1,4422.36061488237,191876.428205959,"Ethiopia",2.77698042594261,15882457.3034746,7703.29558903591,4533
"ETH",2021,2,1957.56660786419,191876.428205959,"Ethiopia",2.77698042594261,15882457.3034746,7703.29558903591,4533
"ETH",2021,5,0,191876.428205959,"Ethiopia",2.77698042594261,15882457.3034746,7703.29558903591,4533
"ETH",2022,0,8374.4770302457,191573.798129023,"Ethiopia",3.52323844684445,16099360.3584701,8485.24736143763,6440
"ETH",2022,1,6072.2701494694,191573.798129023,"Ethiopia",3.52323844684445,16099360.3584701,8485.24736143763,6440
"ETH",2022,2,3709.41813841284,191573.798129023,"Ethiopia",3.52323844684445,16099360.3584701,8485.24736143763,6440
"ETH",2022,5,0,191573.798129023,"Ethiopia",3.52323844684445,16099360.3584701,8485.24736143763,6440
"ETH",2023,0,14113.8335004545,192091.513265374,"Ethiopia",6.3005872777261,16402035.0871669,10318.5989421939,8966
"ETH",2023,1,12005.6659425251,192091.513265374,"Ethiopia",6.3005872777261,16402035.0871669,10318.5989421939,8966
"ETH",2023,2,9843.59731855023,192091.513265374,"Ethiopia",6.3005872777261,16402035.0871669,10318.5989421939,8966
"ETH",2023,5,3060.9266537679,192091.513265374,"Ethiopia",6.3005872777261,16402035.0871669,10318.5989421939,8966
"ETH",2024,0,9251.51873858366,191455.600459436,"Ethiopia",3.96841512486915,16621010.0376415,8908.38144328392,7007
"ETH",2024,1,7004.58598164332,191455.600459436,"Ethiopia",3.96841512486915,16621010.0376415,8908.38144328392,7007
"ETH",2024,2,4699.00199753773,191455.600459436,"Ethiopia",3.96841512486915,16621010.0376415,8908.38144328392,7007
"ETH",2024,5,0,191455.600459436,"Ethiopia",3.96841512486915,16621010.0376415,8908.38144328392,7007
"GAB",2000,0,822.486971295853,2610.17183327178,"Gabon",40.4372801497402,188726.036987602,386.70972047186,38
"GAB",2000,1,797.928939291223,2610.17183327178,"Gabon",40.4372801497402,188726.036987602,386.70972047186,38
"GAB",2000,2,772.722329302415,2610.17183327178,"Gabon",40.4372801497402,188726.036987602,386.70972047186,38
"GAB",2000,5,693.546034275813,2610.17183327178,"Gabon",40.4372801497402,188726.036987602,386.70972047186,38
"GAB",2001,0,805.621840837893,2569.41986008379,"Gabon",40.2222768356954,190031.490876266,375.997143119501,35
"GAB",2001,1,781.537790513014,2569.41986008379,"Gabon",40.2222768356954,190031.490876266,375.997143119501,35
"GAB",2001,2,756.818600303276,2569.41986008379,"Gabon",40.2222768356954,190031.490876266,375.997143119501,35
"GAB",2001,5,679.177953168227,2569.41986008379,"Gabon",40.2222768356954,190031.490876266,375.997143119501,35
"GAB",2002,0,771.014545092208,2541.03643711022,"Gabon",35.5475786785691,191428.148688527,354.792309460422,31
"GAB",2002,1,746.963037139218,2541.03643711022,"Gabon",35.5475786785691,191428.148688527,354.792309460422,31
"GAB",2002,2,722.279173868554,2541.03643711022,"Gabon",35.5475786785691,191428.148688527,354.792309460422,31
"GAB",2002,5,644.759776074888,2541.03643711022,"Gabon",35.5475786785691,191428.148688527,354.792309460422,31
"GAB",2003,0,678.490031890103,2503.0784906447,"Gabon",26.0663549561313,193006.918536129,324.493470099733,25
"GAB",2003,1,653.513790673599,2503.0784906447,"Gabon",26.0663549561313,193006.918536129,324.493470099733,25
"GAB",2003,2,627.880345408291,2503.0784906447,"Gabon",26.0663549561313,193006.918536129,324.493470099733,25
"GAB",2003,5,547.375687087485,2503.0784906447,"Gabon",26.0663549561313,193006.918536129,324.493470099733,25
"GAB",2004,0,557.718942220915,2465.82702913574,"Gabon",18.5383655511451,194859.357080603,270.650677126091,22
"GAB",2004,1,530.753349190786,2465.82702913574,"Gabon",18.5383655511451,194859.357080603,270.650677126091,22
"GAB",2004,2,503.06868017203,2465.82702913574,"Gabon",18.5383655511451,194859.357080603,270.650677126091,22
"GAB",2004,5,416.069930357839,2465.82702913574,"Gabon",18.5383655511451,194859.357080603,270.650677126091,22
"GAB",2005,0,443.996584529831,2434.17926397405,"Gabon",13.5729851145187,197071.575136878,247.587005011858,20
"GAB",2005,1,414.80111750713,2434.17926397405,"Gabon",13.5729851145187,197071.575136878,247.587005011858,20
"GAB",2005,2,384.814630505656,2434.17926397405,"Gabon",13.5729851145187,197071.575136878,247.587005011858,20
"GAB",2005,5,290.514390203153,2434.17926397405,"Gabon",13.5729851145187,197071.575136878,247.587005011858,20
"GAB",2006,0,347.288200210652,2425.99735018852,"Gabon",9.97850008233395,199695.668442406,238.551881203401,19
"GAB",2006,1,315.70818564641,2425.99735018852,"Gabon",9.97850008233395,199695.668442406,238.551881203401,19
"GAB",2006,2,283.260211886812,2425.99735018852,"Gabon",9.97850008233395,199695.668442406,238.551881203401,19
"GAB",2006,5,181.1520357165,2425.99735018852,"Gabon",9.97850008233395,199695.668442406,238.551881203401,19
"GAB",2007,0,303.7938572041,2412.01579704607,"Gabon",8.6057625075197,202729.910434806,223.240797880841,21
"GAB",2007,1,271.433272179594,2412.01579704607,"Gabon",8.6057625075197,202729.910434806,223.240797880841,21
"GAB",2007,2,238.179667617794,2412.01579704607,"Gabon",8.6057625075197,202729.910434806,223.240797880841,21
"GAB",2007,5,133.516595130296,2412.01579704607,"Gabon",8.6057625075197,202729.910434806,223.240797880841,21
"GAB",2008,0,306.3517315579,2393.83670653088,"Gabon",8.8338006508933,206144.734857195,234.863703881847,26
"GAB",2008,1,274.610435261056,2393.83670653088,"Gabon",8.8338006508933,206144.734857195,234.863703881847,26
"GAB",2008,2,241.996602352299,2393.83670653088,"Gabon",8.8338006508933,206144.734857195,234.863703881847,26
"GAB",2008,5,139.365613718306,2393.83670653088,"Gabon",8.8338006508933,206144.734857195,234.863703881847,26
"GAB",2009,0,364.551705303646,2367.94541109065,"Gabon",11.1876951293884,209893.836244823,257.586349583524,30
"GAB",2009,1,335.169510412743,2367.94541109065,"Gabon",11.1876951293884,209893.836244823,257.586349583524,30
"GAB",2009,2,304.991406493569,2367.94541109065,"Gabon",11.1876951293884,209893.836244823,257.586349583524,30
"GAB",2009,5,210.089157033364,2367.94541109065,"Gabon",11.1876951293884,209893.836244823,257.586349583524,30
"GAB",2010,0,445.795496457662,2335.75398435084,"Gabon",15.0583143634262,213894.323582584,295.757797453355,34
"GAB",2010,1,419.392133034906,2335.75398435084,"Gabon",15.0583143634262,213894.323582584,295.757797453355,34
"GAB",2010,2,392.287804021186,2335.75398435084,"Gabon",15.0583143634262,213894.323582584,295.757797453355,34
"GAB",2010,5,307.128751995188,2335.75398435084,"Gabon",15.0583143634262,213894.323582584,295.757797453355,34
"GAB",2011,0,484.561121259764,2309.69745629882,"Gabon",17.4693792185805,218037.491306552,329.18080773814,37
"GAB",2011,1,459.751966942217,2309.69745629882,"Gabon",17.4693792185805,218037.491306552,329.18080773814,37
"GAB",2011,2,434.291669807134,2309.69745629882,"Gabon",17.4693792185805,218037.491306552,329.18080773814,37
"GAB",2011,5,354.338334865389,2309.69745629882,"Gabon",17.4693792185805,218037.491306552,329.18080773814,37
"GAB",2012,0,485.726152626002,2288.98615252794,"Gabon",17.9222076586294,222216.263053858,349.430338347172,37
"GAB",2012,1,461.445722432966,2288.98615252794,"Gabon",17.9222076586294,222216.263053858,349.430338347172,37
"GAB",2012,2,436.530705822944,2288.98615252794,"Gabon",17.9222076586294,222216.263053858,349.430338347172,37
"GAB",2012,5,358.304141476262,2288.98615252794,"Gabon",17.9222076586294,222216.263053858,349.430338347172,37
"GAB",2013,0,484.349008119401,2278.13831393766,"Gabon",18.1090643470835,226300.738729621,347.21246202201,35
"GAB",2013,1,460.363745076656,2278.13831393766,"Gabon",18.1090643470835,226300.738729621,347.21246202201,35
"GAB",2013,2,435.754011374774,2278.13831393766,"Gabon",18.1090643470835,226300.738729621,347.21246202201,35
"GAB",2013,5,358.499044844458,2278.13831393766,"Gabon",18.1090643470835,226300.738729621,347.21246202201,35
"GAB",2014,0,469.128652862897,2254.95178522638,"Gabon",17.6003646690548,230147.120589302,339.751325880797,32
"GAB",2014,1,445.261519590158,2254.95178522638,"Gabon",17.6003646690548,230147.120589302,339.751325880797,32
"GAB",2014,2,420.773212826911,2254.95178522638,"Gabon",17.6003646690548,230147.120589302,339.751325880797,32
"GAB",2014,5,343.900506910639,2254.95178522638,"Gabon",17.6003646690548,230147.120589302,339.751325880797,32
"GAB",2015,0,445.072257607562,2235.68864689905,"Gabon",16.5336880312919,233598.048990561,307.793775942293,30
"GAB",2015,1,421.020231490613,2235.68864689905,"Gabon",16.5336880312919,233598.048990561,307.793775942293,30
"GAB",2015,2,396.340854865833,2235.68864689905,"Gabon",16.5336880312919,233598.048990561,307.793775942293,30
"GAB",2015,5,318.860843108509,2235.68864689905,"Gabon",16.5336880312919,233598.048990561,307.793775942293,30
"GAB",2016,0,434.609864300857,2181.30559748117,"Gabon",16.6332893529379,236505.448123677,297.550727048822,29
"GAB",2016,1,411.260502516243,2181.30559748117,"Gabon",16.6332893529379,236505.448123677,297.550727048822,29
"GAB",2016,2,387.302499644757,2181.30559748117,"Gabon",16.6332893529379,236505.448123677,297.550727048822,29
"GAB",2016,5,312.088938479544,2181.30559748117,"Gabon",16.6332893529379,236505.448123677,297.550727048822,29
"GAB",2017,0,421.663199188804,2112.5158534589,"Gabon",16.8085003388518,238758.027181584,276.03580735781,29
"GAB",2017,1,399.23653798694,2112.5158534589,"Gabon",16.8085003388518,238758.027181584,276.03580735781,29
"GAB",2017,2,376.226511630505,2112.5158534589,"Gabon",16.8085003388518,238758.027181584,276.03580735781,29
"GAB",2017,5,303.995282641235,2112.5158534589,"Gabon",16.8085003388518,238758.027181584,276.03580735781,29
"GAB",2018,0,406.005200421701,2033.32380517213,"Gabon",16.9791405494281,240251.199958315,263.362498776407,30
"GAB",2018,1,384.620150427595,2033.32380517213,"Gabon",16.9791405494281,240251.199958315,263.362498776407,30
"GAB",2018,2,362.679842494332,2033.32380517213,"Gabon",16.9791405494281,240251.199958315,263.362498776407,30
"GAB",2018,5,293.811516480525,2033.32380517213,"Gabon",16.9791405494281,240251.199958315,263.362498776407,30
"GAB",2019,0,398.947532533606,1953.07189087615,"Gabon",17.7410791787789,240888.706591529,260.863753236123,33
"GAB",2019,1,378.796534592121,1953.07189087615,"Gabon",17.7410791787789,240888.706591529,260.863753236123,33
"GAB",2019,2,358.124382599336,1953.07189087615,"Gabon",17.7410791787789,240888.706591529,260.863753236123,33
"GAB",2019,5,293.247328918375,1953.07189087615,"Gabon",17.7410791787789,240888.706591529,260.863753236123,33
"GAB",2020,0,393.693680178229,1899.04752856718,"Gabon",18.1645301213991,240658.546732928,290.716942812795,35
"GAB",2020,1,374.242948193369,1899.04752856718,"Gabon",18.1645301213991,240658.546732928,290.716942812795,35
"GAB",2020,2,354.290034696915,1899.04752856718,"Gabon",18.1645301213991,240658.546732928,290.716942812795,35
"GAB",2020,5,291.674953014935,1899.04752856718,"Gabon",18.1645301213991,240658.546732928,290.716942812795,35
"GAB",2021,0,373.18394255951,1831.95660369001,"Gabon",17.7367659556158,239701.127309042,276.559844425259,38
"GAB",2021,1,354.327895441828,1831.95660369001,"Gabon",17.7367659556158,239701.127309042,276.559844425259,38
"GAB",2021,2,334.98464445161,1831.95660369001,"Gabon",17.7367659556158,239701.127309042,276.559844425259,38
"GAB",2021,5,274.280646491319,1831.95660369001,"Gabon",17.7367659556158,239701.127309042,276.559844425259,38
"GAB",2022,0,357.494029197524,1774.37552607444,"Gabon",17.6513310379125,238200.444129903,242.762992227724,37
"GAB",2022,1,339.342200021874,1774.37552607444,"Gabon",17.6513310379125,238200.444129903,242.762992227724,37
"GAB",2022,2,320.722969742441,1774.37552607444,"Gabon",17.6513310379125,238200.444129903,242.762992227724,37
"GAB",2022,5,262.299578341527,1774.37552607444,"Gabon",17.6513310379125,238200.444129903,242.762992227724,37
"GAB",2023,0,353.413839261563,1737.34002010295,"Gabon",18.1204400852963,236439.201572656,248.021426759861,35
"GAB",2023,1,335.901110699243,1737.34002010295,"Gabon",18.1204400852963,236439.201572656,248.021426759861,35
"GAB",2023,2,317.939886333057,1737.34002010295,"Gabon",18.1204400852963,236439.201572656,248.021426759861,35
"GAB",2023,5,261.594286418018,1737.34002010295,"Gabon",18.1204400852963,236439.201572656,248.021426759861,35
"GAB",2024,0,369.926054035274,1762.17544190006,"Gabon",18.3938632660677,234578.463577268,264.514045573738,30
"GAB",2024,1,351.866048278852,1762.17544190006,"Gabon",18.3938632660677,234578.463577268,264.514045573738,30
"GAB",2024,2,333.338669814503,1762.17544190006,"Gabon",18.3938632660677,234578.463577268,264.514045573738,30
"GAB",2024,5,275.19125587046,1762.17544190006,"Gabon",18.3938632660677,234578.463577268,264.514045573738,30
"GHA",2000,0,21959.0327043858,64168.3935256593,"Ghana",50.0856311537983,3016470.59463117,15794.713706053,10725
"GHA",2000,1,21312.7652186732,64168.3935256593,"Ghana",50.0856311537983,3016470.59463117,15794.713706053,10725
"GHA",2000,2,20647.9593755034,64168.3935256593,"Ghana",50.0856311537983,3016470.59463117,15794.713706053,10725
"GHA",2000,5,18551.6883234532,64168.3935256593,"Ghana",50.0856311537983,3016470.59463117,15794.713706053,10725
"GHA",2001,0,21163.1721609563,62728.8262047785,"Ghana",47.1184656204048,3069952.54618614,15670.7346203214,10324
"GHA",2001,1,20536.9200256797,62728.8262047785,"Ghana",47.1184656204048,3069952.54618614,15670.7346203214,10324
"GHA",2001,2,19892.7936876304,62728.8262047785,"Ghana",47.1184656204048,3069952.54618614,15670.7346203214,10324
"GHA",2001,5,17862.1975140673,62728.8262047785,"Ghana",47.1184656204048,3069952.54618614,15670.7346203214,10324
"GHA",2002,0,20345.8065311719,61456.3475994362,"Ghana",43.9742280840495,3128045.12115926,15745.0999807951,9668
"GHA",2002,1,19738.1403377116,61456.3475994362,"Ghana",43.9742280840495,3128045.12115926,15745.0999807951,9668
"GHA",2002,2,19113.2409605536,61456.3475994362,"Ghana",43.9742280840495,3128045.12115926,15745.0999807951,9668
"GHA",2002,5,17143.835383718,61456.3475994362,"Ghana",43.9742280840495,3128045.12115926,15745.0999807951,9668
"GHA",2003,0,19189.8258219747,59706.0638090945,"Ghana",39.4371153386987,3190690.00231325,15899.5018734138,8901
"GHA",2003,1,18603.1072616483,59706.0638090945,"Ghana",39.4371153386987,3190690.00231325,15899.5018734138,8901
"GHA",2003,2,17999.8570582159,59706.0638090945,"Ghana",39.4371153386987,3190690.00231325,15899.5018734138,8901
"GHA",2003,5,16099.2349125718,59706.0638090945,"Ghana",39.4371153386987,3190690.00231325,15899.5018734138,8901
"GHA",2004,0,18135.2246054107,58381.7987915447,"Ghana",35.8364008862692,3257885.42528369,15288.2128824654,8199
"GHA",2004,1,17564.8813649616,58381.7987915447,"Ghana",35.8364008862692,3257885.42528369,15288.2128824654,8199
"GHA",2004,2,16978.5850685058,58381.7987915447,"Ghana",35.8364008862692,3257885.42528369,15288.2128824654,8199
"GHA",2004,5,15131.9875316268,58381.7987915447,"Ghana",35.8364008862692,3257885.42528369,15288.2128824654,8199
"GHA",2005,0,17265.8560543068,57379.9146584327,"Ghana",33.4717058296969,3329614.59036284,14365.2438310093,7642
"GHA",2005,1,16709.2534964159,57379.9146584327,"Ghana",33.4717058296969,3329614.59036284,14365.2438310093,7642
"GHA",2005,2,16137.1959341022,57379.9146584327,"Ghana",33.4717058296969,3329614.59036284,14365.2438310093,7642
"GHA",2005,5,14336.038147828,57379.9146584327,"Ghana",33.4717058296969,3329614.59036284,14365.2438310093,7642
"GHA",2006,0,16475.5262815033,56581.2974723653,"Ghana",31.5018733212171,3405565.31397721,13628.2644299978,7370
"GHA",2006,1,15930.4476463051,56581.2974723653,"Ghana",31.5018733212171,3405565.31397721,13628.2644299978,7370
"GHA",2006,2,15370.3529350165,56581.2974723653,"Ghana",31.5018733212171,3405565.31397721,13628.2644299978,7370
"GHA",2006,5,13607.4881142356,56581.2974723653,"Ghana",31.5018733212171,3405565.31397721,13628.2644299978,7370
"GHA",2007,0,15782.3544690125,55215.4450771548,"Ghana",31.1676265531396,3484512.21824962,13577.0579902703,7244
"GHA",2007,1,15257.8971524735,55215.4450771548,"Ghana",31.1676265531396,3484512.21824962,13577.0579902703,7244
"GHA",2007,2,14719.0971894331,55215.4450771548,"Ghana",31.1676265531396,3484512.21824962,13577.0579902703,7244
"GHA",2007,5,13023.80900177,55215.4450771548,"Ghana",31.1676265531396,3484512.21824962,13577.0579902703,7244
"GHA",2008,0,15304.0560964261,53542.1019122419,"Ghana",32.7072792889577,3564745.26590122,13309.3259970969,7168
"GHA",2008,1,14807.19500732,53542.1019122419,"Ghana",32.7072792889577,3564745.26590122,13309.3259970969,7168
"GHA",2008,2,14296.8403792818,53542.1019122419,"Ghana",32.7072792889577,3564745.26590122,13309.3259970969,7168
"GHA",2008,5,12691.5445690557,53542.1019122419,"Ghana",32.7072792889577,3564745.26590122,13309.3259970969,7168
"GHA",2009,0,15138.7662991006,52085.1484224427,"Ghana",36.4144909124024,3643975.7611874,12992.0709690801,7065
"GHA",2009,1,14668.3552732458,52085.1484224427,"Ghana",36.4144909124024,3643975.7611874,12992.0709690801,7065
"GHA",2009,2,14185.2468125716,52085.1484224427,"Ghana",36.4144909124024,3643975.7611874,12992.0709690801,7065
"GHA",2009,5,12666.061076835,52085.1484224427,"Ghana",36.4144909124024,3643975.7611874,12992.0709690801,7065
"GHA",2010,0,14963.4821084946,50770.4656523291,"Ghana",40.8533276975214,3721133.09378645,12486.4818072863,6820
"GHA",2010,1,14515.3727252506,50770.4656523291,"Ghana",40.8533276975214,3721133.09378645,12486.4818072863,6820
"GHA",2010,2,14055.2329949857,50770.4656523291,"Ghana",40.8533276975214,3721133.09378645,12486.4818072863,6820
"GHA",2010,5,12608.6186842574,50770.4656523291,"Ghana",40.8533276975214,3721133.09378645,12486.4818072863,6820
"GHA",2011,0,14621.7320095858,49643.8629845575,"Ghana",43.015759506632,3795972.16325452,11865.6471580869,6413
"GHA",2011,1,14189.8999758125,49643.8629845575,"Ghana",43.015759506632,3795972.16325452,11865.6471580869,6413
"GHA",2011,2,13746.549525702,49643.8629845575,"Ghana",43.015759506632,3795972.16325452,11865.6471580869,6413
"GHA",2011,5,12353.1225342444,49643.8629845575,"Ghana",43.015759506632,3795972.16325452,11865.6471580869,6413
"GHA",2012,0,14016.4747059284,48187.6489737747,"Ghana",42.0201792271645,3867798.85001108,11209.4854268227,5748
"GHA",2012,1,13600.6110075777,48187.6489737747,"Ghana",42.0201792271645,3867798.85001108,11209.4854268227,5748
"GHA",2012,2,13173.7148407843,48187.6489737747,"Ghana",42.0201792271645,3867798.85001108,11209.4854268227,5748
"GHA",2012,5,11832.3230821325,48187.6489737747,"Ghana",42.0201792271645,3867798.85001108,11209.4854268227,5748
"GHA",2013,0,13326.914522259,46923.0419067998,"Ghana",38.5542711693942,3936602.8758783,10607.7947167091,4871
"GHA",2013,1,12921.9853238838,46923.0419067998,"Ghana",38.5542711693942,3936602.8758783,10607.7947167091,4871
"GHA",2013,2,12506.3684006823,46923.0419067998,"Ghana",38.5542711693942,3936602.8758783,10607.7947167091,4871
"GHA",2013,5,11200.7130539733,46923.0419067998,"Ghana",38.5542711693942,3936602.8758783,10607.7947167091,4871
"GHA",2014,0,12473.0506905682,45819.7238948604,"Ghana",33.4744094693563,4002683.94555765,10165.8973772432,4039
"GHA",2014,1,12073.2928995267,45819.7238948604,"Ghana",33.4744094693563,4002683.94555765,10165.8973772432,4039
"GHA",2014,2,11663.0303318552,45819.7238948604,"Ghana",33.4744094693563,4002683.94555765,10165.8973772432,4039
"GHA",2014,5,10374.449490998,45819.7238948604,"Ghana",33.4744094693563,4002683.94555765,10165.8973772432,4039
"GHA",2015,0,11478.4609384449,45615.0682451127,"Ghana",27.1359006682193,4065538.31831948,9488.9556894683,3268
"GHA",2015,1,11066.6391793088,45615.0682451127,"Ghana",27.1359006682193,4065538.31831948,9488.9556894683,3268
"GHA",2015,2,10643.9956460064,45615.0682451127,"Ghana",27.1359006682193,4065538.31831948,9488.9556894683,3268
"GHA",2015,5,9316.53432788507,45615.0682451127,"Ghana",27.1359006682193,4065538.31831948,9488.9556894683,3268
"GHA",2016,0,10328.0299333775,45105.8548754906,"Ghana",22.4132502786359,4124080.68485516,8728.21858337092,2684
"GHA",2016,1,9903.51468458928,45105.8548754906,"Ghana",22.4132502786359,4124080.68485516,8728.21858337092,2684
"GHA",2016,2,9467.79171444467,45105.8548754906,"Ghana",22.4132502786359,4124080.68485516,8728.21858337092,2684
"GHA",2016,5,8098.96320895366,45105.8548754906,"Ghana",22.4132502786359,4124080.68485516,8728.21858337092,2684
"GHA",2017,0,9631.51392072661,44446.6559756225,"Ghana",20.4166973446801,4177701.12268401,7714.15166474787,2230
"GHA",2017,1,9204.07139859025,44446.6559756225,"Ghana",20.4166973446801,4177701.12268401,7714.15166474787,2230
"GHA",2017,2,8765.31651446047,44446.6559756225,"Ghana",20.4166973446801,4177701.12268401,7714.15166474787,2230
"GHA",2017,5,7386.81419524497,44446.6559756225,"Ghana",20.4166973446801,4177701.12268401,7714.15166474787,2230
"GHA",2018,0,9231.26212124758,43631.9625563041,"Ghana",19.7224104303855,4224102.5981395,7050.49778882555,1892
"GHA",2018,1,8809.06541503483,43631.9625563041,"Ghana",19.7224104303855,4224102.5981395,7050.49778882555,1892
"GHA",2018,2,8375.69749974534,43631.9625563041,"Ghana",19.7224104303855,4224102.5981395,7050.49778882555,1892
"GHA",2018,5,7014.13147874836,43631.9625563041,"Ghana",19.7224104303855,4224102.5981395,7050.49778882555,1892
"GHA",2019,0,9175.03064162464,42657.5756598207,"Ghana",20.4228394058908,4261226.67223199,6761.41078016674,1688
"GHA",2019,1,8767.81529170232,42657.5756598207,"Ghana",20.4228394058908,4261226.67223199,6761.41078016674,1688
"GHA",2019,2,8349.87057104192,42657.5756598207,"Ghana",20.4228394058908,4261226.67223199,6761.41078016674,1688
"GHA",2019,5,7037.0059307153,42657.5756598207,"Ghana",20.4228394058908,4261226.67223199,6761.41078016674,1688
"GHA",2020,0,9096.94008423318,41624.4854783925,"Ghana",21.0921377741385,4287288.09188585,7338.35228790584,1548
"GHA",2020,1,8703.94728470909,41624.4854783925,"Ghana",21.0921377741385,4287288.09188585,7338.35228790584,1548
"GHA",2020,2,8300.63680976665,41624.4854783925,"Ghana",21.0921377741385,4287288.09188585,7338.35228790584,1548
"GHA",2020,5,7033.94395503417,41624.4854783925,"Ghana",21.0921377741385,4287288.09188585,7338.35228790584,1548
"GHA",2021,0,8454.69058312437,40458.9886691781,"Ghana",19.6009180451404,4300548.73731809,7224.43688315214,1467
"GHA",2021,1,8065.68671232432,40458.9886691781,"Ghana",19.6009180451404,4300548.73731809,7224.43688315214,1467
"GHA",2021,2,7666.44527925557,40458.9886691781,"Ghana",19.6009180451404,4300548.73731809,7224.43688315214,1467
"GHA",2021,5,6412.40122687104,40458.9886691781,"Ghana",19.6009180451404,4300548.73731809,7224.43688315214,1467
"GHA",2022,0,8034.8620784379,39863.1211427859,"Ghana",18.6275496410002,4300414.19266614,7097.73058765763,1410
"GHA",2022,1,7647.76243299271,39863.1211427859,"Ghana",18.6275496410002,4300414.19266614,7097.73058765763,1410
"GHA",2022,2,7250.47664667336,39863.1211427859,"Ghana",18.6275496410002,4300414.19266614,7097.73058765763,1410
"GHA",2022,5,6002.58267841003,39863.1211427859,"Ghana",18.6275496410002,4300414.19266614,7097.73058765763,1410
"GHA",2023,0,7292.33044192005,39085.6098821083,"Ghana",16.6589228902295,4291815.35487698,6949.21049068223,1368
"GHA",2023,1,6901.83202654268,39085.6098821083,"Ghana",16.6589228902295,4291815.35487698,6949.21049068223,1368
"GHA",2023,2,6501.0064488274,39085.6098821083,"Ghana",16.6589228902295,4291815.35487698,6949.21049068223,1368
"GHA",2023,5,5241.71208104095,39085.6098821083,"Ghana",16.6589228902295,4291815.35487698,6949.21049068223,1368
"GHA",2024,0,7388.01682461047,39450.0929558237,"Ghana",16.1544407206884,4307740.32116884,6745.25942954957,1367
"GHA",2024,1,6980.84901741812,39450.0929558237,"Ghana",16.1544407206884,4307740.32116884,6745.25942954957,1367
"GHA",2024,2,6562.75076426444,39450.0929558237,"Ghana",16.1544407206884,4307740.32116884,6745.25942954957,1367
"GHA",2024,5,5248.32048965635,39450.0929558237,"Ghana",16.1544407206884,4307740.32116884,6745.25942954957,1367
"GIN",2000,0,19615.6982177702,55437.1786165873,"Guinea",41.0772981510904,1499073.69143997,8360.06332824958,12487
"GIN",2000,1,19016.6561737276,55437.1786165873,"Guinea",41.0772981510904,1499073.69143997,8360.06332824958,12487
"GIN",2000,2,18400.2694897595,55437.1786165873,"Guinea",41.0772981510904,1499073.69143997,8360.06332824958,12487
"GIN",2000,5,16455.9603121853,55437.1786165873,"Guinea",41.0772981510904,1499073.69143997,8360.06332824958,12487
"GIN",2001,0,18976.368758872,53600.5032557668,"Guinea",40.929571977807,1525206.58446948,8769.5968802718,12004
"GIN",2001,1,18396.4983746659,53600.5032557668,"Guinea",40.929571977807,1525206.58446948,8769.5968802718,12004
"GIN",2001,2,17799.8184802927,53600.5032557668,"Guinea",40.929571977807,1525206.58446948,8769.5968802718,12004
"GIN",2001,5,15917.5522344694,53600.5032557668,"Guinea",40.929571977807,1525206.58446948,8769.5968802718,12004
"GIN",2002,0,18023.0641948044,50649.6457722323,"Guinea",41.8000783972881,1517028.40191383,8864.69705611807,11427
"GIN",2002,1,17474.8284143943,50649.6457722323,"Guinea",41.8000783972881,1517028.40191383,8864.69705611807,11427
"GIN",2002,2,16910.6757562593,50649.6457722323,"Guinea",41.8000783972881,1517028.40191383,8864.69705611807,11427
"GIN",2002,5,15130.8856120441,50649.6457722323,"Guinea",41.8000783972881,1517028.40191383,8864.69705611807,11427
"GIN",2003,0,17261.6653911968,48587.2589264249,"Guinea",42.736169017996,1523938.5516929,8965.51296598021,10837
"GIN",2003,1,16739.2406117723,48587.2589264249,"Guinea",42.736169017996,1523938.5516929,8965.51296598021,10837
"GIN",2003,2,16201.670295777,48587.2589264249,"Guinea",42.736169017996,1523938.5516929,8965.51296598021,10837
"GIN",2003,5,14505.8564080682,48587.2589264249,"Guinea",42.736169017996,1523938.5516929,8965.51296598021,10837
"GIN",2004,0,16989.9069835503,48057.8208952202,"Guinea",43.4663180949877,1566536.16881414,9781.48471744984,10351
"GIN",2004,1,16478.0061347648,48057.8208952202,"Guinea",43.4663180949877,1566536.16881414,9781.48471744984,10351
"GIN",2004,2,15951.3142334645,48057.8208952202,"Guinea",43.4663180949877,1566536.16881414,9781.48471744984,10351
"GIN",2004,5,14290.0759122904,48057.8208952202,"Guinea",43.4663180949877,1566536.16881414,9781.48471744984,10351
"GIN",2005,0,16667.7113874854,47244.174690902,"Guinea",42.9604000479577,1604499.12796096,9581.37694548418,9953
"GIN",2005,1,16164.5745028703,47244.174690902,"Guinea",42.9604000479577,1604499.12796096,9581.37694548418,9953
"GIN",2005,2,15646.9033567631,47244.174690902,"Guinea",42.9604000479577,1604499.12796096,9581.37694548418,9953
"GIN",2005,5,14014.1294650898,47244.174690902,"Guinea",42.9604000479577,1604499.12796096,9581.37694548418,9953
"GIN",2006,0,16316.4990721854,46695.1155351872,"Guinea",40.2835858771737,1634924.1594608,9316.97473769432,9715
"GIN",2006,1,15816.8800218226,46695.1155351872,"Guinea",40.2835858771737,1634924.1594608,9316.97473769432,9715
"GIN",2006,2,15302.8479462351,46695.1155351872,"Guinea",40.2835858771737,1634924.1594608,9316.97473769432,9715
"GIN",2006,5,13681.6600191845,46695.1155351872,"Guinea",40.2835858771737,1634924.1594608,9316.97473769432,9715
"GIN",2007,0,15857.6877105936,46098.0372377338,"Guinea",37.3608882068814,1670785.85477181,9347.66810003405,10377
"GIN",2007,1,15362.0356909404,46098.0372377338,"Guinea",37.3608882068814,1670785.85477181,9347.66810003405,10377
"GIN",2007,2,14852.109487671,46098.0372377338,"Guinea",37.3608882068814,1670785.85477181,9347.66810003405,10377
"GIN",2007,5,13244.0011306946,46098.0372377338,"Guinea",37.3608882068814,1670785.85477181,9347.66810003405,10377
"GIN",2008,0,15703.5227162388,46008.2394055556,"Guinea",36.5114074643604,1717590.07893661,9301.43948584976,10854
"GIN",2008,1,15209.369058055,46008.2394055556,"Guinea",36.5114074643604,1717590.07893661,9301.43948584976,10854
"GIN",2008,2,14701.013016269,46008.2394055556,"Guinea",36.5114074643604,1717590.07893661,9301.43948584976,10854
"GIN",2008,5,13098.0088515497,46008.2394055556,"Guinea",36.5114074643604,1717590.07893661,9301.43948584976,10854
"GIN",2009,0,15831.4121589499,46023.5893921829,"Guinea",38.3487374307997,1766684.80499095,9132.82782561138,11472
"GIN",2009,1,15340.7490251466,46023.5893921829,"Guinea",38.3487374307997,1766684.80499095,9132.82782561138,11472
"GIN",2009,2,14835.9967372723,46023.5893921829,"Guinea",38.3487374307997,1766684.80499095,9132.82782561138,11472
"GIN",2009,5,13244.4254772955,46023.5893921829,"Guinea",38.3487374307997,1766684.80499095,9132.82782561138,11472
"GIN",2010,0,16022.5201560423,45971.7356172956,"Guinea",41.863902757791,1817813.52919403,9525.60700548982,12048
"GIN",2010,1,15537.0354435825,45971.7356172956,"Guinea",41.863902757791,1817813.52919403,9525.60700548982,12048
"GIN",2010,2,15037.6136107129,45971.7356172956,"Guinea",41.863902757791,1817813.52919403,9525.60700548982,12048
"GIN",2010,5,13462.868610875,45971.7356172956,"Guinea",41.863902757791,1817813.52919403,9525.60700548982,12048
"GIN",2011,0,16125.728011317,46017.4978600763,"Guinea",43.9712115772126,1871245.17664891,9548.33072551272,12394
"GIN",2011,1,15642.1383478102,46017.4978600763,"Guinea",43.9712115772126,1871245.17664891,9548.33072551272,12394
"GIN",2011,2,15144.6719107501,46017.4978600763,"Guinea",43.9712115772126,1871245.17664891,9548.33072551272,12394
"GIN",2011,5,13576.1252970131,46017.4978600763,"Guinea",43.9712115772126,1871245.17664891,9548.33072551272,12394
"GIN",2012,0,16127.8350438622,46128.0416641991,"Guinea",43.8782333256297,1924591.82812388,9252.9467671878,12366
"GIN",2012,1,15644.11997076,46128.0416641991,"Guinea",43.8782333256297,1924591.82812388,9252.9467671878,12366
"GIN",2012,2,15146.5461766001,46128.0416641991,"Guinea",43.8782333256297,1924591.82812388,9252.9467671878,12366
"GIN",2012,5,13577.780602078,46128.0416641991,"Guinea",43.8782333256297,1924591.82812388,9252.9467671878,12366
"GIN",2013,0,15864.7714858617,45832.404080925,"Guinea",41.2840553287495,1973718.61327782,9325.38938949179,12058
"GIN",2013,1,15382.7880225018,45832.404080925,"Guinea",41.2840553287495,1973718.61327782,9325.38938949179,12058
"GIN",2013,2,14887.0098658038,45832.404080925,"Guinea",41.2840553287495,1973718.61327782,9325.38938949179,12058
"GIN",2013,5,13323.9813840439,45832.404080925,"Guinea",41.2840553287495,1973718.61327782,9325.38938949179,12058
"GIN",2014,0,15790.8538417049,46030.9860486311,"Guinea",38.7682706021098,2019179.90650008,8814.58697504615,11390
"GIN",2014,1,15303.195997239,46030.9860486311,"Guinea",38.7682706021098,2019179.90650008,8814.58697504615,11390
"GIN",2014,2,14801.5736379452,46030.9860486311,"Guinea",38.7682706021098,2019179.90650008,8814.58697504615,11390
"GIN",2014,5,13220.0789829029,46030.9860486311,"Guinea",38.7682706021098,2019179.90650008,8814.58697504615,11390
"GIN",2015,0,15538.970744782,45918.3793797175,"Guinea",37.0047253732389,2062274.63470092,8411.25835546664,10704
"GIN",2015,1,15052.6534137266,45918.3793797175,"Guinea",37.0047253732389,2062274.63470092,8411.25835546664,10704
"GIN",2015,2,14552.4513230412,45918.3793797175,"Guinea",37.0047253732389,2062274.63470092,8411.25835546664,10704
"GIN",2015,5,12975.6558620016,45918.3793797175,"Guinea",37.0047253732389,2062274.63470092,8411.25835546664,10704
"GIN",2016,0,15034.8209644897,45244.3731796419,"Guinea",34.9315044275664,2103065.59724771,8136.69818505313,9998
"GIN",2016,1,14555.2969684334,45244.3731796419,"Guinea",34.9315044275664,2103065.59724771,8136.69818505313,9998
"GIN",2016,2,14062.1288941277,45244.3731796419,"Guinea",34.9315044275664,2103065.59724771,8136.69818505313,9998
"GIN",2016,5,12507.7564847455,45244.3731796419,"Guinea",34.9315044275664,2103065.59724771,8136.69818505313,9998
"GIN",2017,0,14580.0243301224,44340.8341969712,"Guinea",34.1299291210086,2141086.97444431,8231.66241042227,9315
"GIN",2017,1,14111.1488838685,44340.8341969712,"Guinea",34.1299291210086,2141086.97444431,8231.66241042227,9315
"GIN",2017,2,13628.9678539012,44340.8341969712,"Guinea",34.1299291210086,2141086.97444431,8231.66241042227,9315
"GIN",2017,5,12109.4136905846,44340.8341969712,"Guinea",34.1299291210086,2141086.97444431,8231.66241042227,9315
"GIN",2018,0,14080.4252342462,43372.0394769427,"Guinea",33.1051352955906,2175971.63516817,8525.23664198933,8671
"GIN",2018,1,13622.2687597864,43372.0394769427,"Guinea",33.1051352955906,2175971.63516817,8525.23664198933,8671
"GIN",2018,2,13151.1450314056,43372.0394769427,"Guinea",33.1051352955906,2175971.63516817,8525.23664198933,8671
"GIN",2018,5,11666.6183914199,43372.0394769427,"Guinea",33.1051352955906,2175971.63516817,8525.23664198933,8671
"GIN",2019,0,13263.9859455779,42563.7033360795,"Guinea",29.3870559134345,2210556.49703311,8207.57380961039,8090
"GIN",2019,1,12807.8337122721,42563.7033360795,"Guinea",29.3870559134345,2210556.49703311,8207.57380961039,8090
"GIN",2019,2,12338.8044552,42563.7033360795,"Guinea",29.3870559134345,2210556.49703311,8207.57380961039,8090
"GIN",2019,5,10861.0542516344,42563.7033360795,"Guinea",29.3870559134345,2210556.49703311,8207.57380961039,8090
"GIN",2020,0,12488.406428587,41923.8655942894,"Guinea",26.2976073076944,2245454.46385552,8820.09307467518,7549
"GIN",2020,1,12030.5362262988,41923.8655942894,"Guinea",26.2976073076944,2245454.46385552,8820.09307467518,7549
"GIN",2020,2,11559.7597996431,41923.8655942894,"Guinea",26.2976073076944,2245454.46385552,8820.09307467518,7549
"GIN",2020,5,10076.6072980701,41923.8655942894,"Guinea",26.2976073076944,2245454.46385552,8820.09307467518,7549
"GIN",2021,0,11459.4287903409,40984.0284153494,"Guinea",22.9569113043489,2279574.24848521,7594.90041746257,7322
"GIN",2021,1,10998.0492565135,40984.0284153494,"Guinea",22.9569113043489,2279574.24848521,7594.90041746257,7322
"GIN",2021,2,10523.643467246,40984.0284153494,"Guinea",22.9569113043489,2279574.24848521,7594.90041746257,7322
"GIN",2021,5,9028.93534328694,40984.0284153494,"Guinea",22.9569113043489,2279574.24848521,7594.90041746257,7322
"GIN",2022,0,11069.3577685001,41167.2265166511,"Guinea",21.4141135851025,2311413.80732199,6676.24465927087,7088
"GIN",2022,1,10598.8147156627,41167.2265166511,"Guinea",21.4141135851025,2311413.80732199,6676.24465927087,7088
"GIN",2022,2,10115.0109433348,41167.2265166511,"Guinea",21.4141135851025,2311413.80732199,6676.24465927087,7088
"GIN",2022,5,8590.8292065179,41167.2265166511,"Guinea",21.4141135851025,2311413.80732199,6676.24465927087,7088
"GIN",2023,0,10946.0197278665,40911.0677536974,"Guinea",21.4581558090655,2342243.447554,6881.51995917957,6858
"GIN",2023,1,10481.3610656931,40911.0677536974,"Guinea",21.4581558090655,2342243.447554,6881.51995917957,6858
"GIN",2023,2,10003.6557374385,40911.0677536974,"Guinea",21.4581558090655,2342243.447554,6881.51995917957,6858
"GIN",2023,5,8498.94859023162,40911.0677536974,"Guinea",21.4581558090655,2342243.447554,6881.51995917957,6858
"GIN",2024,0,11277.5756503759,41823.6813861269,"Guinea",21.3998882059171,2381724.83663457,7062.92867541533,6861
"GIN",2024,1,10797.8970084327,41823.6813861269,"Guinea",21.3998882059171,2381724.83663457,7062.92867541533,6861
"GIN",2024,2,10304.6914869463,41823.6813861269,"Guinea",21.3998882059171,2381724.83663457,7062.92867541533,6861
"GIN",2024,5,8750.85169897609,41823.6813861269,"Guinea",21.3998882059171,2381724.83663457,7062.92867541533,6861
"GMB",2000,0,699.546951692161,5428.48084780982,"The Gambia",8.33915384189368,244787.19765864,393.511393643304,302
"GMB",2000,1,622.908871748857,5428.48084780982,"The Gambia",8.33915384189368,244787.19765864,393.511393643304,302
"GMB",2000,2,544.014046302675,5428.48084780982,"The Gambia",8.33915384189368,244787.19765864,393.511393643304,302
"GMB",2000,5,294.907017392278,5428.48084780982,"The Gambia",8.33915384189368,244787.19765864,393.511393643304,302
"GMB",2001,0,860.038402296246,5286.82051664075,"The Gambia",11.2358473824223,251492.250289429,531.187576145326,287
"GMB",2001,1,791.540608226085,5286.82051664075,"The Gambia",11.2358473824223,251492.250289429,531.187576145326,287
"GMB",2001,2,721.055646381997,5286.82051664075,"The Gambia",11.2358473824223,251492.250289429,531.187576145326,287
"GMB",2001,5,498.662748043829,5286.82051664075,"The Gambia",11.2358473824223,251492.250289429,531.187576145326,287
"GMB",2002,0,1062.46431958684,5239.07964164526,"The Gambia",15.394144133994,258513.354843506,581.733713967411,300
"GMB",2002,1,1001.4074650915,5239.07964164526,"The Gambia",15.394144133994,258513.354843506,581.733713967411,300
"GMB",2002,2,938.615338656932,5239.07964164526,"The Gambia",15.394144133994,258513.354843506,581.733713967411,300
"GMB",2002,5,740.68873418784,5239.07964164526,"The Gambia",15.394144133994,258513.354843506,581.733713967411,300
"GMB",2003,0,921.693140068884,5214.10164807139,"The Gambia",12.8132846951884,265738.591544462,492.470578916627,299
"GMB",2003,1,857.740344963184,5214.10164807139,"The Gambia",12.8132846951884,265738.591544462,492.470578916627,299
"GMB",2003,2,791.956311080486,5214.10164807139,"The Gambia",12.8132846951884,265738.591544462,492.470578916627,299
"GMB",2003,5,584.524226523408,5214.10164807139,"The Gambia",12.8132846951884,265738.591544462,492.470578916627,299
"GMB",2004,0,684.105994569163,5252.78841934085,"The Gambia",8.79310906868158,272945.3197528,356.041766967483,286
"GMB",2004,1,613.233786376259,5252.78841934085,"The Gambia",8.79310906868158,272945.3197528,356.041766967483,286
"GMB",2004,2,540.302901821837,5252.78841934085,"The Gambia",8.79310906868158,272945.3197528,356.041766967483,286
"GMB",2004,5,310.176095724705,5252.78841934085,"The Gambia",8.79310906868158,272945.3197528,356.041766967483,286
"GMB",2005,0,542.684732941367,5244.84227075379,"The Gambia",6.80021050223797,280164.678808555,309.032888877776,278
"GMB",2005,1,468.608167441441,5244.84227075379,"The Gambia",6.80021050223797,280164.678808555,309.032888877776,278
"GMB",2005,2,392.368527831554,5244.84227075379,"The Gambia",6.80021050223797,280164.678808555,309.032888877776,278
"GMB",2005,5,151.73934652449,5244.84227075379,"The Gambia",6.80021050223797,280164.678808555,309.032888877776,278
"GMB",2006,0,629.350034300973,5140.84794449401,"The Gambia",8.40044913620373,287487.875750478,339.797039522812,273
"GMB",2006,1,560.825991343838,5140.84794449401,"The Gambia",8.40044913620373,287487.875750478,339.797039522812,273
"GMB",2006,2,490.32515025983,5140.84794449401,"The Gambia",8.40044913620373,287487.875750478,339.797039522812,273
"GMB",2006,5,267.937859786234,5140.84794449401,"The Gambia",8.40044913620373,287487.875750478,339.797039522812,273
"GMB",2007,0,607.162615605185,5102.20787381731,"The Gambia",8.23689153120824,294929.543724096,321.814930468934,273
"GMB",2007,1,539.616289823934,5102.20787381731,"The Gambia",8.23689153120824,294929.543724096,321.814930468934,273
"GMB",2007,2,470.130061419152,5102.20787381731,"The Gambia",8.23689153120824,294929.543724096,321.814930468934,273
"GMB",2007,5,250.989852229078,5102.20787381731,"The Gambia",8.23689153120824,294929.543724096,321.814930468934,273
"GMB",2008,0,756.284577309946,4954.36695554827,"The Gambia",11.3834588344892,302471.269660181,421.479826394115,277
"GMB",2008,1,696.701603871588,4954.36695554827,"The Gambia",11.3834588344892,302471.269660181,421.479826394115,277
"GMB",2008,2,635.442138611915,4954.36695554827,"The Gambia",11.3834588344892,302471.269660181,421.479826394115,277
"GMB",2008,5,442.432822553122,4954.36695554827,"The Gambia",11.3834588344892,302471.269660181,421.479826394115,277
"GMB",2009,0,680.382974181688,4922.70009160325,"The Gambia",10.1880431744406,310064.862878345,368.041945872985,288
"GMB",2009,1,620.037053395167,4922.70009160325,"The Gambia",10.1880431744406,310064.862878345,368.041945872985,288
"GMB",2009,2,557.992216517412,4922.70009160325,"The Gambia",10.1880431744406,310064.862878345,368.041945872985,288
"GMB",2009,5,362.502955972535,4922.70009160325,"The Gambia",10.1880431744406,310064.862878345,368.041945872985,288
"GMB",2010,0,751.879862396043,4809.76929448208,"The Gambia",12.0834583938356,317540.095501249,423.367328568417,304
"GMB",2010,1,696.206262021524,4809.76929448208,"The Gambia",12.0834583938356,317540.095501249,423.367328568417,304
"GMB",2010,2,638.986797375411,4809.76929448208,"The Gambia",12.0834583938356,317540.095501249,423.367328568417,304
"GMB",2010,5,458.816249375025,4809.76929448208,"The Gambia",12.0834583938356,317540.095501249,423.367328568417,304
"GMB",2011,0,1135.0241482631,4574.05595907839,"The Gambia",25.9180918055752,324732.257132399,608.470368604862,320
"GMB",2011,1,1093.1607647126,4574.05595907839,"The Gambia",25.9180918055752,324732.257132399,608.470368604862,320
"GMB",2011,2,1050.18759042272,4574.05595907839,"The Gambia",25.9180918055752,324732.257132399,608.470368604862,320
"GMB",2011,5,915.156245487044,4574.05595907839,"The Gambia",25.9180918055752,324732.257132399,608.470368604862,320
"GMB",2012,0,1164.04676862722,4526.08042115735,"The Gambia",28.5757263749319,331349.434901784,616.807150493564,320
"GMB",2012,1,1123.68267410304,4526.08042115735,"The Gambia",28.5757263749319,331349.434901784,616.807150493564,320
"GMB",2012,2,1082.25467040423,4526.08042115735,"The Gambia",28.5757263749319,331349.434901784,616.807150493564,320
"GMB",2012,5,952.111471607437,4526.08042115735,"The Gambia",28.5757263749319,331349.434901784,616.807150493564,320
"GMB",2013,0,957.944991644935,4518.09769925703,"The Gambia",19.4037152808761,337029.978703594,529.087427243952,309
"GMB",2013,1,913.574799565355,4518.09769925703,"The Gambia",19.4037152808761,337029.978703594,529.087427243952,309
"GMB",2013,2,868.01918139918,4518.09769925703,"The Gambia",19.4037152808761,337029.978703594,529.087427243952,309
"GMB",2013,5,724.824387862882,4518.09769925703,"The Gambia",19.4037152808761,337029.978703594,529.087427243952,309
"GMB",2014,0,677.30649151802,4597.66544005139,"The Gambia",11.5158627291862,341559.159996841,336.495386468267,286
"GMB",2014,1,624.4890404578,4597.66544005139,"The Gambia",11.5158627291862,341559.159996841,336.495386468267,286
"GMB",2014,2,570.216096115227,4597.66544005139,"The Gambia",11.5158627291862,341559.159996841,336.495386468267,286
"GMB",2014,5,399.382387013759,4597.66544005139,"The Gambia",11.5158627291862,341559.159996841,336.495386468267,286
"GMB",2015,0,834.946059097883,4466.05170786417,"The Gambia",16.1615436677223,344992.77683023,380.221418593574,259
"GMB",2015,1,788.984260857247,4466.05170786417,"The Gambia",16.1615436677223,344992.77683023,380.221418593574,259
"GMB",2015,2,741.787285556768,4466.05170786417,"The Gambia",16.1615436677223,344992.77683023,380.221418593574,259
"GMB",2015,5,593.394480945922,4466.05170786417,"The Gambia",16.1615436677223,344992.77683023,380.221418593574,259
"GMB",2016,0,542.858183932529,4491.69867412368,"The Gambia",9.14363400231563,347506.628091973,257.32900368447,231
"GMB",2016,1,488.721514555605,4491.69867412368,"The Gambia",9.14363400231563,347506.628091973,257.32900368447,231
"GMB",2016,2,433.081406851527,4491.69867412368,"The Gambia",9.14363400231563,347506.628091973,257.32900368447,231
"GMB",2016,5,257.881188240403,4491.69867412368,"The Gambia",9.14363400231563,347506.628091973,257.32900368447,231
"GMB",2017,0,273.296321955978,4561.01690873087,"The Gambia",4.16792979025789,349365.000079588,145.956924047291,210
"GMB",2017,1,210.463074521007,4561.01690873087,"The Gambia",4.16792979025789,349365.000079588,145.956924047291,210
"GMB",2017,2,145.840478204577,4561.01690873087,"The Gambia",4.16792979025789,349365.000079588,145.956924047291,210
"GMB",2017,5,0,4561.01690873087,"The Gambia",4.16792979025789,349365.000079588,145.956924047291,210
"GMB",2018,0,288.742914647251,4462.11086357897,"The Gambia",4.57077576919845,351054.55466667,147.303589025488,195
"GMB",2018,1,228.493249767001,4462.11086357897,"The Gambia",4.57077576919845,351054.55466667,147.303589025488,195
"GMB",2018,2,166.536767918889,4462.11086357897,"The Gambia",4.57077576919845,351054.55466667,147.303589025488,195
"GMB",2018,5,0,4462.11086357897,"The Gambia",4.57077576919845,351054.55466667,147.303589025488,195
"GMB",2019,0,190.90810310138,4469.51641533762,"The Gambia",2.9626970685618,352932.947347436,83.4108734841162,180
"GMB",2019,1,128.198389273834,4469.51641533762,"The Gambia",2.9626970685618,352932.947347436,83.4108734841162,180
"GMB",2019,2,63.7031345805402,4469.51641533762,"The Gambia",2.9626970685618,352932.947347436,83.4108734841162,180
"GMB",2019,5,0,4469.51641533762,"The Gambia",2.9626970685618,352932.947347436,83.4108734841162,180
"GMB",2020,0,286.151304895199,4385.60322243396,"The Gambia",4.68150939538618,355112.780957331,111.895335066691,175
"GMB",2020,1,227.909678370059,4385.60322243396,"The Gambia",4.68150939538618,355112.780957331,111.895335066691,175
"GMB",2020,2,168.031540376038,4385.60322243396,"The Gambia",4.68150939538618,355112.780957331,111.895335066691,175
"GMB",2020,5,0,4385.60322243396,"The Gambia",4.68150939538618,355112.780957331,111.895335066691,175
"GMB",2021,0,240.90266460946,4298.11164944132,"The Gambia",4.00415843070026,357605.931588316,110.413612686068,173
"GMB",2021,1,183.107047370355,4298.11164944132,"The Gambia",4.00415843070026,357605.931588316,110.413612686068,173
"GMB",2021,2,123.684655434063,4298.11164944132,"The Gambia",4.00415843070026,357605.931588316,110.413612686068,173
"GMB",2021,5,0,4298.11164944132,"The Gambia",4.00415843070026,357605.931588316,110.413612686068,173
"GMB",2022,0,345.693787017679,4285.45368785859,"The Gambia",6.00883978705614,360277.214625903,149.49608601197,169
"GMB",2022,1,291.651920157785,4285.45368785859,"The Gambia",6.00883978705614,360277.214625903,149.49608601197,169
"GMB",2022,2,236.112955374026,4285.45368785859,"The Gambia",6.00883978705614,360277.214625903,149.49608601197,169
"GMB",2022,5,61.2508505654746,4285.45368785859,"The Gambia",6.00883978705614,360277.214625903,149.49608601197,169
"GMB",2023,0,316.508879223127,4238.34217951011,"The Gambia",5.5816448788488,363144.736830576,172.344087785242,168
"GMB",2023,1,262.989627378387,4238.34217951011,"The Gambia",5.5816448788488,363144.736830576,172.344087785242,168
"GMB",2023,2,207.989856226339,4238.34217951011,"The Gambia",5.5816448788488,363144.736830576,172.344087785242,168
"GMB",2023,5,34.8360060317663,4238.34217951011,"The Gambia",5.5816448788488,363144.736830576,172.344087785242,168
"GMB",2024,0,396.128429302738,4149.15874769844,"The Gambia",7.44118125415429,369367.866475798,125.250703961608,167
"GMB",2024,1,346.796571065708,4149.15874769844,"The Gambia",7.44118125415429,369367.866475798,125.250703961608,167
"GMB",2024,2,296.116709170398,4149.15874769844,"The Gambia",7.44118125415429,369367.866475798,125.250703961608,167
"GMB",2024,5,136.649979911142,4149.15874769844,"The Gambia",7.44118125415429,369367.866475798,125.250703961608,167
"GNB",2000,0,2644.94708645909,8011.04219284761,"Guinea-Bissau",38.3315584215474,221496.994576274,1091.28243622607,1535
"GNB",2000,1,2562.61607491683,8011.04219284761,"Guinea-Bissau",38.3315584215474,221496.994576274,1091.28243622607,1535
"GNB",2000,2,2477.92044319796,8011.04219284761,"Guinea-Bissau",38.3315584215474,221496.994576274,1091.28243622607,1535
"GNB",2000,5,2210.851321266,8011.04219284761,"Guinea-Bissau",38.3315584215474,221496.994576274,1091.28243622607,1535
"GNB",2001,0,2369.4941136373,7894.50457270567,"Guinea-Bissau",27.5853348887108,226529.557453226,905.692390968983,1309
"GNB",2001,1,2284.91361871848,7894.50457270567,"Guinea-Bissau",27.5853348887108,226529.557453226,905.692390968983,1309
"GNB",2001,2,2197.91235624873,7894.50457270567,"Guinea-Bissau",27.5853348887108,226529.557453226,905.692390968983,1309
"GNB",2001,5,1923.61678492062,7894.50457270567,"Guinea-Bissau",27.5853348887108,226529.557453226,905.692390968983,1309
"GNB",2002,0,1988.01636911357,7775.42199562892,"Guinea-Bissau",19.6193184994982,231791.615284455,730.500278361316,1078
"GNB",2002,1,1897.20598369254,7775.42199562892,"Guinea-Bissau",19.6193184994982,231791.615284455,730.500278361316,1078
"GNB",2002,2,1803.77587651954,7775.42199562892,"Guinea-Bissau",19.6193184994982,231791.615284455,730.500278361316,1078
"GNB",2002,5,1509.09742575369,7775.42199562892,"Guinea-Bissau",19.6193184994982,231791.615284455,730.500278361316,1078
"GNB",2003,0,1457.28225487058,7624.04569171288,"Guinea-Bissau",12.6794522439356,237027.566852568,571.520119069912,884
"GNB",2003,1,1355.28591267805,7624.04569171288,"Guinea-Bissau",12.6794522439356,237027.566852568,571.520119069912,884
"GNB",2003,2,1250.28819953803,7624.04569171288,"Guinea-Bissau",12.6794522439356,237027.566852568,571.520119069912,884
"GNB",2003,5,918.80199359102,7624.04569171288,"Guinea-Bissau",12.6794522439356,237027.566852568,571.520119069912,884
"GNB",2004,0,933.355961643263,7469.67067022446,"Guinea-Bissau",7.54539166270079,242512.516863016,409.826789508727,742
"GNB",2004,1,819.632776241249,7469.67067022446,"Guinea-Bissau",7.54539166270079,242512.516863016,409.826789508727,742
"GNB",2004,2,702.499677224087,7469.67067022446,"Guinea-Bissau",7.54539166270079,242512.516863016,409.826789508727,742
"GNB",2004,5,332.352135343104,7469.67067022446,"Guinea-Bissau",7.54539166270079,242512.516863016,409.826789508727,742
"GNB",2005,0,720.949727682432,7767.24982587559,"Guinea-Bissau",5.47134440577292,248113.737262065,322.64768526346,651
"GNB",2005,1,596.955401009461,7767.24982587559,"Guinea-Bissau",5.47134440577292,248113.737262065,322.64768526346,651
"GNB",2005,2,469.262265826082,7767.24982587559,"Guinea-Bissau",5.47134440577292,248113.737262065,322.64768526346,651
"GNB",2005,5,65.8571345875591,7767.24982587559,"Guinea-Bissau",5.47134440577292,248113.737262065,322.64768526346,651
"GNB",2006,0,538.808685730862,7108.86236948366,"Guinea-Bissau",4.42765050285084,254038.373642314,263.974845643768,596
"GNB",2006,1,422.880102459679,7108.86236948366,"Guinea-Bissau",4.42765050285084,254038.373642314,263.974845643768,596
"GNB",2006,2,303.45168351021,7108.86236948366,"Guinea-Bissau",4.42765050285084,254038.373642314,263.974845643768,596
"GNB",2006,5,0,7108.86236948366,"Guinea-Bissau",4.42765050285084,254038.373642314,263.974845643768,596
"GNB",2007,0,507.986799750747,6906.93829102535,"Guinea-Bissau",4.34821628256036,260620.509946474,269.760157840964,634
"GNB",2007,1,396.560462295984,6906.93829102535,"Guinea-Bissau",4.34821628256036,260620.509946474,269.760157840964,634
"GNB",2007,2,281.782100494116,6906.93829102535,"Guinea-Bissau",4.34821628256036,260620.509946474,269.760157840964,634
"GNB",2007,5,0,6906.93829102535,"Guinea-Bissau",4.34821628256036,260620.509946474,269.760157840964,634
"GNB",2008,0,585.881028015929,6963.28689254094,"Guinea-Bissau",5.10950611274894,267390.931925383,294.291615544754,639
"GNB",2008,1,477.4788014914,6963.28689254094,"Guinea-Bissau",5.10950611274894,267390.931925383,294.291615544754,639
"GNB",2008,2,365.860305076658,6963.28689254094,"Guinea-Bissau",5.10950611274894,267390.931925383,294.291615544754,639
"GNB",2008,5,13.3220432587465,6963.28689254094,"Guinea-Bissau",5.10950611274894,267390.931925383,294.291615544754,639
"GNB",2009,0,670.46086493386,6554.63564272784,"Guinea-Bissau",6.4269897014867,274337.550488649,311.590061186562,638
"GNB",2009,1,573.314534151575,6554.63564272784,"Guinea-Bissau",6.4269897014867,274337.550488649,311.590061186562,638
"GNB",2009,2,473.295940012742,6554.63564272784,"Guinea-Bissau",6.4269897014867,274337.550488649,311.590061186562,638
"GNB",2009,5,157.442677630412,6554.63564272784,"Guinea-Bissau",6.4269897014867,274337.550488649,311.590061186562,638
"GNB",2010,0,768.501686767819,6412.83031136116,"Guinea-Bissau",7.8080051627752,281382.497666978,319.439469883827,631
"GNB",2010,1,678.072409556238,6412.83031136116,"Guinea-Bissau",7.8080051627752,281382.497666978,319.439469883827,631
"GNB",2010,2,584.997210658016,6412.83031136116,"Guinea-Bissau",7.8080051627752,281382.497666978,319.439469883827,631
"GNB",2010,5,291.220485333182,6412.83031136116,"Guinea-Bissau",7.8080051627752,281382.497666978,319.439469883827,631
"GNB",2011,0,769.186403937751,6251.62776082355,"Guinea-Bissau",8.14887862280845,288146.49620912,326.708466977326,612
"GNB",2011,1,682.705494885229,6251.62776082355,"Guinea-Bissau",8.14887862280845,288146.49620912,326.708466977326,612
"GNB",2011,2,593.707096287732,6251.62776082355,"Guinea-Bissau",8.14887862280845,288146.49620912,326.708466977326,612
"GNB",2011,5,312.86702225246,6251.62776082355,"Guinea-Bissau",8.14887862280845,288146.49620912,326.708466977326,612
"GNB",2012,0,732.997323622313,6166.20613696719,"Guinea-Bissau",7.9012192029618,294522.263224394,316.940168363042,592
"GNB",2012,1,647.785490536158,6166.20613696719,"Guinea-Bissau",7.9012192029618,294522.263224394,316.940168363042,592
"GNB",2012,2,560.099679715485,6166.20613696719,"Guinea-Bissau",7.9012192029618,294522.263224394,316.940168363042,592
"GNB",2012,5,283.437198596645,6166.20613696719,"Guinea-Bissau",7.9012192029618,294522.263224394,316.940168363042,592
"GNB",2013,0,695.323285718129,6047.49432467126,"Guinea-Bissau",7.67013805856238,300530.575938894,313.192373561078,567
"GNB",2013,1,611.860928131737,6047.49432467126,"Guinea-Bissau",7.67013805856238,300530.575938894,313.192373561078,567
"GNB",2013,2,525.979229212023,6047.49432467126,"Guinea-Bissau",7.67013805856238,300530.575938894,313.192373561078,567
"GNB",2013,5,255.028830308718,6047.49432467126,"Guinea-Bissau",7.67013805856238,300530.575938894,313.192373561078,567
"GNB",2014,0,587.650287743796,5917.63456685802,"Guinea-Bissau",6.53756458390809,306076.080371507,271.238485268877,539
"GNB",2014,1,503.963255942015,5917.63456685802,"Guinea-Bissau",6.53756458390809,306076.080371507,271.238485268877,539
"GNB",2014,2,417.836828865306,5917.63456685802,"Guinea-Bissau",6.53756458390809,306076.080371507,271.238485268877,539
"GNB",2014,5,146.037504095148,5917.63456685802,"Guinea-Bissau",6.53756458390809,306076.080371507,271.238485268877,539
"GNB",2015,0,490.104158714528,5858.71311364054,"Guinea-Bissau",5.43390998716656,311097.976606402,240.020921747807,497
"GNB",2015,1,405.107308389606,5858.71311364054,"Guinea-Bissau",5.43390998716656,311097.976606402,240.020921747807,497
"GNB",2015,2,317.621244531847,5858.71311364054,"Guinea-Bissau",5.43390998716656,311097.976606402,240.020921747807,497
"GNB",2015,5,41.4659247365602,5858.71311364054,"Guinea-Bissau",5.43390998716656,311097.976606402,240.020921747807,497
"GNB",2016,0,399.7372326119,5789.99395293759,"Guinea-Bissau",4.42333326070939,315590.4832477,206.982824904441,449
"GNB",2016,1,313.537729722727,5789.99395293759,"Guinea-Bissau",4.42333326070939,315590.4832477,206.982824904441,449
"GNB",2016,2,224.803082650425,5789.99395293759,"Guinea-Bissau",4.42333326070939,315590.4832477,206.982824904441,449
"GNB",2016,5,0,5789.99395293759,"Guinea-Bissau",4.42333326070939,315590.4832477,206.982824904441,449
"GNB",2017,0,335.036136616113,5716.03405383447,"Guinea-Bissau",3.73278656578588,319546.384445308,176.793551264978,412
"GNB",2017,1,248.66523456032,5716.03405383447,"Guinea-Bissau",3.73278656578588,319546.384445308,176.793551264978,412
"GNB",2017,2,159.749692706787,5716.03405383447,"Guinea-Bissau",3.73278656578588,319546.384445308,176.793551264978,412
"GNB",2017,5,0,5716.03405383447,"Guinea-Bissau",3.73278656578588,319546.384445308,176.793551264978,412
"GNB",2018,0,331.931280064482,5624.08885292637,"Guinea-Bissau",3.78526365708652,322990.356325692,178.375200596796,381
"GNB",2018,1,247.598151301787,5624.08885292637,"Guinea-Bissau",3.78526365708652,322990.356325692,178.375200596796,381
"GNB",2018,2,160.785839589007,5624.08885292637,"Guinea-Bissau",3.78526365708652,322990.356325692,178.375200596796,381
"GNB",2018,5,0,5624.08885292637,"Guinea-Bissau",3.78526365708652,322990.356325692,178.375200596796,381
"GNB",2019,0,367.442564940965,5544.61837082017,"Guinea-Bissau",4.32016610299983,325950.26439223,189.321181844708,364
"GNB",2019,1,286.187369509091,5544.61837082017,"Guinea-Bissau",4.32016610299983,325950.26439223,189.321181844708,364
"GNB",2019,2,202.556649307958,5544.61837082017,"Guinea-Bissau",4.32016610299983,325950.26439223,189.321181844708,364
"GNB",2019,5,0,5544.61837082017,"Guinea-Bissau",4.32016610299983,325950.26439223,189.321181844708,364
"GNB",2020,0,463.241088265308,5457.34928590023,"Guinea-Bissau",5.70110404588014,328458.989717527,282.49436599813,355
"GNB",2020,1,386.851454410231,5457.34928590023,"Guinea-Bissau",5.70110404588014,328458.989717527,282.49436599813,355
"GNB",2020,2,308.251181451814,5457.34928590023,"Guinea-Bissau",5.70110404588014,328458.989717527,282.49436599813,355
"GNB",2020,5,60.2863667002772,5457.34928590023,"Guinea-Bissau",5.70110404588014,328458.989717527,282.49436599813,355
"GNB",2021,0,508.308261914908,5304.57166360619,"Guinea-Bissau",6.59126392312641,330586.570076412,328.141457087739,351
"GNB",2021,1,436.48225289309,5304.57166360619,"Guinea-Bissau",6.59126392312641,330586.570076412,328.141457087739,351
"GNB",2021,2,362.592053146615,5304.57166360619,"Guinea-Bissau",6.59126392312641,330586.570076412,328.141457087739,351
"GNB",2021,5,129.563210845862,5304.57166360619,"Guinea-Bissau",6.59126392312641,330586.570076412,328.141457087739,351
"GNB",2022,0,532.549655802846,5279.72311552056,"Guinea-Bissau",7.0347668338155,332310.016259493,309.966018909625,346
"GNB",2022,1,462.337676134133,5279.72311552056,"Guinea-Bissau",7.0347668338155,332310.016259493,309.966018909625,346
"GNB",2022,2,390.119308465473,5279.72311552056,"Guinea-Bissau",7.0347668338155,332310.016259493,309.966018909625,346
"GNB",2022,5,162.425122976874,5279.72311552056,"Guinea-Bissau",7.0347668338155,332310.016259493,309.966018909625,346
"GNB",2023,0,487.000947197519,5226.13680408727,"Guinea-Bissau",6.48565924213673,333711.165930004,252.598629604585,339
"GNB",2023,1,416.956663915645,5226.13680408727,"Guinea-Bissau",6.48565924213673,333711.165930004,252.598629604585,339
"GNB",2023,2,344.911963994633,5226.13680408727,"Guinea-Bissau",6.48565924213673,333711.165930004,252.598629604585,339
"GNB",2023,5,117.771650111124,5226.13680408727,"Guinea-Bissau",6.48565924213673,333711.165930004,252.598629604585,339
"GNB",2024,0,475.679678253233,5124.05416089457,"Guinea-Bissau",6.4586512545087,335056.659684562,243.753822660091,338
"GNB",2024,1,406.969856374365,5124.05416089457,"Guinea-Bissau",6.4586512545087,335056.659684562,243.753822660091,338
"GNB",2024,2,336.292986693048,5124.05416089457,"Guinea-Bissau",6.4586512545087,335056.659684562,243.753822660091,338
"GNB",2024,5,113.437382834815,5124.05416089457,"Guinea-Bissau",6.4586512545087,335056.659684562,243.753822660091,338
"GNQ",2000,0,971.291648618043,3180.05291994687,"Equatorial Guinea",30.0448881183805,120934.628810792,844.30947450612,43
"GNQ",2000,1,938.295446274417,3180.05291994687,"Equatorial Guinea",30.0448881183805,120934.628810792,844.30947450612,43
"GNQ",2000,2,904.415220542462,3180.05291994687,"Equatorial Guinea",30.0448881183805,120934.628810792,844.30947450612,43
"GNQ",2000,5,797.938165398936,3180.05291994687,"Equatorial Guinea",30.0448881183805,120934.628810792,844.30947450612,43
"GNQ",2001,0,918.057919271359,3042.27246746805,"Equatorial Guinea",29.8718284422891,125832.81276288,834.883715939926,42
"GNQ",2001,1,886.781592965231,3042.27246746805,"Equatorial Guinea",29.8718284422891,125832.81276288,834.883715939926,42
"GNQ",2001,2,854.672772369338,3042.27246746805,"Equatorial Guinea",29.8718284422891,125832.81276288,834.883715939926,42
"GNQ",2001,5,753.792392352097,3042.27246746805,"Equatorial Guinea",29.8718284422891,125832.81276288,834.883715939926,42
"GNQ",2002,0,873.695579447,2945.60094448948,"Equatorial Guinea",29.0914089770043,130926.834494171,825.986736687548,43
"GNQ",2002,1,843.499310286707,2945.60094448948,"Equatorial Guinea",29.0914089770043,130926.834494171,825.986736687548,43
"GNQ",2002,2,812.50320226224,2945.60094448948,"Equatorial Guinea",29.0914089770043,130926.834494171,825.986736687548,43
"GNQ",2002,5,715.139957590172,2945.60094448948,"Equatorial Guinea",29.0914089770043,130926.834494171,825.986736687548,43
"GNQ",2003,0,858.221653727865,2875.48215248761,"Equatorial Guinea",30.1527425850085,136172.254736713,828.616029539456,43
"GNQ",2003,1,829.139994980091,2875.48215248761,"Equatorial Guinea",30.1527425850085,136172.254736713,828.616029539456,43
"GNQ",2003,2,799.291522701576,2875.48215248761,"Equatorial Guinea",30.1527425850085,136172.254736713,828.616029539456,43
"GNQ",2003,5,705.552177476301,2875.48215248761,"Equatorial Guinea",30.1527425850085,136172.254736713,828.616029539456,43
"GNQ",2004,0,852.282401493802,2816.91347966433,"Equatorial Guinea",32.1115488373956,141556.233303335,808.952000418492,40
"GNQ",2004,1,824.311458514707,2816.91347966433,"Equatorial Guinea",32.1115488373956,141556.233303335,808.952000418492,40
"GNQ",2004,2,795.606979385187,2816.91347966433,"Equatorial Guinea",32.1115488373956,141556.233303335,808.952000418492,40
"GNQ",2004,5,705.482154293625,2816.91347966433,"Equatorial Guinea",32.1115488373956,141556.233303335,808.952000418492,40
"GNQ",2005,0,864.868329117004,2828.61147410932,"Equatorial Guinea",33.9046533846217,147023.759180333,795.294411262496,35
"GNQ",2005,1,837.184808495082,2828.61147410932,"Equatorial Guinea",33.9046533846217,147023.759180333,795.294411262496,35
"GNQ",2005,2,808.780505601651,2828.61147410932,"Equatorial Guinea",33.9046533846217,147023.759180333,795.294411262496,35
"GNQ",2005,5,719.627487085935,2828.61147410932,"Equatorial Guinea",33.9046533846217,147023.759180333,795.294411262496,35
"GNQ",2006,0,834.896454532384,2745.19111596685,"Equatorial Guinea",34.0175430411328,152552.926999725,780.43697682713,27
"GNQ",2006,1,808.224406058935,2745.19111596685,"Equatorial Guinea",34.0175430411328,152552.926999725,780.43697682713,27
"GNQ",2006,2,780.859986970316,2745.19111596685,"Equatorial Guinea",34.0175430411328,152552.926999725,780.43697682713,27
"GNQ",2006,5,694.981613473963,2745.19111596685,"Equatorial Guinea",34.0175430411328,152552.926999725,780.43697682713,27
"GNQ",2007,0,816.929846849629,2707.19526200688,"Equatorial Guinea",33.73565982417,158140.653929332,785.565301324321,22
"GNQ",2007,1,790.747368187846,2707.19526200688,"Equatorial Guinea",33.73565982417,158140.653929332,785.565301324321,22
"GNQ",2007,2,763.888363604565,2707.19526200688,"Equatorial Guinea",33.73565982417,158140.653929332,785.565301324321,22
"GNQ",2007,5,679.61332588729,2707.19526200688,"Equatorial Guinea",33.73565982417,158140.653929332,785.565301324321,22
"GNQ",2008,0,783.091406253714,2673.17261711495,"Equatorial Guinea",31.2977162916266,163736.87976623,781.87386878639,21
"GNQ",2008,1,757.090069304423,2673.17261711495,"Equatorial Guinea",31.2977162916266,163736.87976623,781.87386878639,21
"GNQ",2008,2,730.420482447471,2673.17261711495,"Equatorial Guinea",31.2977162916266,163736.87976623,781.87386878639,21
"GNQ",2008,5,646.759595366662,2673.17261711495,"Equatorial Guinea",31.2977162916266,163736.87976623,781.87386878639,21
"GNQ",2009,0,740.995016630084,2654.94887950815,"Equatorial Guinea",27.8788173657705,169296.100954728,708.762168351907,22
"GNQ",2009,1,714.740310376865,2654.94887950815,"Equatorial Guinea",27.8788173657705,169296.100954728,708.762168351907,22
"GNQ",2009,2,687.813441470223,2654.94887950815,"Equatorial Guinea",27.8788173657705,169296.100954728,708.762168351907,22
"GNQ",2009,5,603.359850231201,2654.94887950815,"Equatorial Guinea",27.8788173657705,169296.100954728,708.762168351907,22
"GNQ",2010,0,712.660228485187,2625.65665879645,"Equatorial Guinea",26.3447978146477,174737.388027419,701.918439031472,27
"GNQ",2010,1,686.478122771263,2625.65665879645,"Equatorial Guinea",26.3447978146477,174737.388027419,701.918439031472,27
"GNQ",2010,2,659.627250346201,2625.65665879645,"Equatorial Guinea",26.3447978146477,174737.388027419,701.918439031472,27
"GNQ",2010,5,575.420535146598,2625.65665879645,"Equatorial Guinea",26.3447978146477,174737.388027419,701.918439031472,27
"GNQ",2011,0,706.39312276138,2589.3768709723,"Equatorial Guinea",27.0359400664545,179951.431441961,696.454847157857,32
"GNQ",2011,1,680.871587609984,2589.3768709723,"Equatorial Guinea",27.0359400664545,179951.431441961,696.454847157857,32
"GNQ",2011,2,654.702105405643,2589.3768709723,"Equatorial Guinea",27.0359400664545,179951.431441961,696.454847157857,32
"GNQ",2011,5,572.654167574214,2589.3768709723,"Equatorial Guinea",27.0359400664545,179951.431441961,696.454847157857,32
"GNQ",2012,0,715.40906680971,2525.85050109762,"Equatorial Guinea",30.3215013697415,184856.164827343,753.661806874029,39
"GNQ",2012,1,691.265273044904,2525.85050109762,"Equatorial Guinea",30.3215013697415,184856.164827343,753.661806874029,39
"GNQ",2012,2,666.513468365614,2525.85050109762,"Equatorial Guinea",30.3215013697415,184856.164827343,753.661806874029,39
"GNQ",2012,5,588.937664832931,2525.85050109762,"Equatorial Guinea",30.3215013697415,184856.164827343,753.661806874029,39
"GNQ",2013,0,719.516905056421,2471.99139208357,"Equatorial Guinea",33.5144761209616,189382.598662834,743.782820346267,45
"GNQ",2013,1,696.43501431534,2471.99139208357,"Equatorial Guinea",33.5144761209616,189382.598662834,743.782820346267,45
"GNQ",2013,2,672.775773805258,2471.99139208357,"Equatorial Guinea",33.5144761209616,189382.598662834,743.782820346267,45
"GNQ",2013,5,598.645916290917,2471.99139208357,"Equatorial Guinea",33.5144761209616,189382.598662834,743.782820346267,45
"GNQ",2014,0,707.366293620757,2423.90744926748,"Equatorial Guinea",34.205236237822,193430.77067944,732.984416177198,51
"GNQ",2014,1,684.891102733599,2423.90744926748,"Equatorial Guinea",34.205236237822,193430.77067944,732.984416177198,51
"GNQ",2014,2,661.856382298056,2423.90744926748,"Equatorial Guinea",34.205236237822,193430.77067944,732.984416177198,51
"GNQ",2014,5,589.698026727785,2423.90744926748,"Equatorial Guinea",34.205236237822,193430.77067944,732.984416177198,51
"GNQ",2015,0,699.642126756326,2397.90491647383,"Equatorial Guinea",34.4631748290858,196908.498241246,720.251418626558,57
"GNQ",2015,1,677.492253849833,2397.90491647383,"Equatorial Guinea",34.4631748290858,196908.498241246,720.251418626558,57
"GNQ",2015,2,654.793368894994,2397.90491647383,"Equatorial Guinea",34.4631748290858,196908.498241246,720.251418626558,57
"GNQ",2015,5,583.700704039304,2397.90491647383,"Equatorial Guinea",34.4631748290858,196908.498241246,720.251418626558,57
"GNQ",2016,0,676.069336440748,2375.89855736756,"Equatorial Guinea",32.1115138707992,199755.488481159,688.556959109973,66
"GNQ",2016,1,653.938878735986,2375.89855736756,"Equatorial Guinea",32.1115138707992,199755.488481159,688.556959109973,66
"GNQ",2016,2,631.262469082358,2375.89855736756,"Equatorial Guinea",32.1115138707992,199755.488481159,688.556959109973,66
"GNQ",2016,5,560.254933492383,2375.89855736756,"Equatorial Guinea",32.1115138707992,199755.488481159,688.556959109973,66
"GNQ",2017,0,633.605264416888,2328.57448313225,"Equatorial Guinea",28.7680953385231,201966.85123805,686.589258582924,76
"GNQ",2017,1,611.56222635969,2328.57448313225,"Equatorial Guinea",28.7680953385231,201966.85123805,686.589258582924,76
"GNQ",2017,2,588.977405307145,2328.57448313225,"Equatorial Guinea",28.7680953385231,201966.85123805,686.589258582924,76
"GNQ",2017,5,518.268119001483,2328.57448313225,"Equatorial Guinea",28.7680953385231,201966.85123805,686.589258582924,76
"GNQ",2018,0,588.680541601457,2272.96520568293,"Equatorial Guinea",25.9156203079198,203556.404812239,637.267019101621,85
"GNQ",2018,1,566.771723691092,2272.96520568293,"Equatorial Guinea",25.9156203079198,203556.404812239,637.267019101621,85
"GNQ",2018,2,544.325180300263,2272.96520568293,"Equatorial Guinea",25.9156203079198,203556.404812239,637.267019101621,85
"GNQ",2018,5,474.053029925538,2272.96520568293,"Equatorial Guinea",25.9156203079198,203556.404812239,637.267019101621,85
"GNQ",2019,0,546.924603280925,2213.10065851135,"Equatorial Guinea",23.6631695741059,204555.503904189,617.083334860895,93
"GNQ",2019,1,525.186400943992,2213.10065851135,"Equatorial Guinea",23.6631695741059,204555.503904189,617.083334860895,93
"GNQ",2019,2,502.91386811345,2213.10065851135,"Equatorial Guinea",23.6631695741059,204555.503904189,617.083334860895,93
"GNQ",2019,5,433.181927053285,2213.10065851135,"Equatorial Guinea",23.6631695741059,204555.503904189,617.083334860895,93
"GNQ",2020,0,550.293348123808,2205.64756885366,"Equatorial Guinea",23.7593027380943,204983.30097813,696.471803207254,96
"GNQ",2020,1,528.490936458757,2205.64756885366,"Equatorial Guinea",23.7593027380943,204983.30097813,696.471803207254,96
"GNQ",2020,2,506.149194817787,2205.64756885366,"Equatorial Guinea",23.7593027380943,204983.30097813,696.471803207254,96
"GNQ",2020,5,436.18207015128,2205.64756885366,"Equatorial Guinea",23.7593027380943,204983.30097813,696.471803207254,96
"GNQ",2021,0,530.200556145317,2146.38724393421,"Equatorial Guinea",23.4131134527186,204891.441508272,738.274314810892,95
"GNQ",2021,1,508.96184831388,2146.38724393421,"Equatorial Guinea",23.4131134527186,204891.441508272,738.274314810892,95
"GNQ",2021,2,487.197370249365,2146.38724393421,"Equatorial Guinea",23.4131134527186,204891.441508272,738.274314810892,95
"GNQ",2021,5,419.035488672934,2146.38724393421,"Equatorial Guinea",23.4131134527186,204891.441508272,738.274314810892,95
"GNQ",2022,0,521.524855789593,2120.43051665665,"Equatorial Guinea",23.3459126496458,204356.105544703,667.543821786323,96
"GNQ",2022,1,500.586628221653,2120.43051665665,"Equatorial Guinea",23.3459126496458,204356.105544703,667.543821786323,96
"GNQ",2022,2,479.131351580357,2120.43051665665,"Equatorial Guinea",23.3459126496458,204356.105544703,667.543821786323,96
"GNQ",2022,5,411.944749730761,2120.43051665665,"Equatorial Guinea",23.3459126496458,204356.105544703,667.543821786323,96
"GNQ",2023,0,508.270181846202,2113.64546556658,"Equatorial Guinea",22.6097434121184,203558.86172367,619.04520709968,96
"GNQ",2023,1,487.344707081781,2113.64546556658,"Equatorial Guinea",22.6097434121184,203558.86172367,619.04520709968,96
"GNQ",2023,2,465.904334125944,2113.64546556658,"Equatorial Guinea",22.6097434121184,203558.86172367,619.04520709968,96
"GNQ",2023,5,398.774332474181,2113.64546556658,"Equatorial Guinea",22.6097434121184,203558.86172367,619.04520709968,96
"GNQ",2024,0,566.24543600294,2267.52069426983,"Equatorial Guinea",22.7935103595535,202018.020449439,718.459783286752,93
"GNQ",2024,1,543.082093816599,2267.52069426983,"Equatorial Guinea",22.7935103595535,202018.020449439,718.459783286752,93
"GNQ",2024,2,519.342958822528,2267.52069426983,"Equatorial Guinea",22.7935103595535,202018.020449439,718.459783286752,93
"GNQ",2024,5,444.986761359833,2267.52069426983,"Equatorial Guinea",22.7935103595535,202018.020449439,718.459783286752,93
"KEN",2000,0,25884.2146073138,97546.9076986389,"Kenya",21.5972328386087,5292892.06472038,7330.12120053894,7200
"KEN",2000,1,24783.83937517,97546.9076986389,"Kenya",21.5972328386087,5292892.06472038,7330.12120053894,7200
"KEN",2000,2,23654.6609731719,97546.9076986389,"Kenya",21.5972328386087,5292892.06472038,7330.12120053894,7200
"KEN",2000,5,20109.8669692465,97546.9076986389,"Kenya",21.5972328386087,5292892.06472038,7330.12120053894,7200
"KEN",2001,0,28271.3263282641,95959.7243827883,"Kenya",27.7158318947747,5435147.2752107,8095.66278417467,7318
"KEN",2001,1,27266.5834589015,95959.7243827883,"Kenya",27.7158318947747,5435147.2752107,8095.66278417467,7318
"KEN",2001,2,26235.7791124936,95959.7243827883,"Kenya",27.7158318947747,5435147.2752107,8095.66278417467,7318
"KEN",2001,5,23001.0700576297,95959.7243827883,"Kenya",27.7158318947747,5435147.2752107,8095.66278417467,7318
"KEN",2002,0,26334.8251053408,94627.1765308492,"Kenya",24.8212609248648,5579173.6859172,7589.94134521377,7377
"KEN",2002,1,25328.1237218385,94627.1765308492,"Kenya",24.8212609248648,5579173.6859172,7589.94134521377,7377
"KEN",2002,2,24295.2919047743,94627.1765308492,"Kenya",24.8212609248648,5579173.6859172,7589.94134521377,7377
"KEN",2002,5,21054.0672556718,94627.1765308492,"Kenya",24.8212609248648,5579173.6859172,7589.94134521377,7377
"KEN",2003,0,24384.5763756547,92067.7170827389,"Kenya",22.8843722568401,5721153.13885366,7807.08973195459,6829
"KEN",2003,1,23394.9247881781,92067.7170827389,"Kenya",22.8843722568401,5721153.13885366,7807.08973195459,6829
"KEN",2003,2,22379.5242333173,92067.7170827389,"Kenya",22.8843722568401,5721153.13885366,7807.08973195459,6829
"KEN",2003,5,19192.5971213548,92067.7170827389,"Kenya",22.8843722568401,5721153.13885366,7807.08973195459,6829
"KEN",2004,0,19943.7805824297,87838.3285160978,"Kenya",17.7101137962136,5857760.91888345,6688.62660818078,5954
"KEN",2004,1,18935.8631682744,87838.3285160978,"Kenya",17.7101137962136,5857760.91888345,6688.62660818078,5954
"KEN",2004,2,17901.1845113939,87838.3285160978,"Kenya",17.7101137962136,5857760.91888345,6688.62660818078,5954
"KEN",2004,5,14650.6613003608,87838.3285160978,"Kenya",17.7101137962136,5857760.91888345,6688.62660818078,5954
"KEN",2005,0,14163.5237453884,82551.3260242614,"Kenya",12.1603957572431,5985666.20423257,5380.61737522306,5070
"KEN",2005,1,13118.9908738626,82551.3260242614,"Kenya",12.1603957572431,5985666.20423257,5380.61737522306,5070
"KEN",2005,2,12045.962044906,82551.3260242614,"Kenya",12.1603957572431,5985666.20423257,5380.61737522306,5070
"KEN",2005,5,8670.63921465174,82551.3260242614,"Kenya",12.1603957572431,5985666.20423257,5380.61737522306,5070
"KEN",2006,0,9836.98613934521,79066.7153175527,"Kenya",8.42066940216706,6103108.7531059,4461.27662254845,4373
"KEN",2006,1,8764.39242956152,79066.7153175527,"Kenya",8.42066940216706,6103108.7531059,4461.27662254845,4373
"KEN",2006,2,7662.18301820177,79066.7153175527,"Kenya",8.42066940216706,6103108.7531059,4461.27662254845,4373
"KEN",2006,5,4193.0761974189,79066.7153175527,"Kenya",8.42066940216706,6103108.7531059,4461.27662254845,4373
"KEN",2007,0,7099.39372507214,76241.4585397047,"Kenya",6.20615378073769,6209090.06729292,3783.25150555504,3974
"KEN",2007,1,6026.88157353743,76241.4585397047,"Kenya",6.20615378073769,6209090.06729292,3783.25150555504,3974
"KEN",2007,2,4924.66872902747,76241.4585397047,"Kenya",6.20615378073769,6209090.06729292,3783.25150555504,3974
"KEN",2007,5,1455.03344105339,76241.4585397047,"Kenya",6.20615378073769,6209090.06729292,3783.25150555504,3974
"KEN",2008,0,5874.38480575219,74103.5614279656,"Kenya",5.30210761136492,6301532.45589159,3378.30747930039,3681
"KEN",2008,1,4825.22106185644,74103.5614279656,"Kenya",5.30210761136492,6301532.45589159,3378.30747930039,3681
"KEN",2008,2,3747.07951563759,74103.5614279656,"Kenya",5.30210761136492,6301532.45589159,3378.30747930039,3681
"KEN",2008,5,353.606074026815,74103.5614279656,"Kenya",5.30210761136492,6301532.45589159,3378.30747930039,3681
"KEN",2009,0,5578.71187258652,72399.4026018553,"Kenya",5.22150266212039,6378279.8344438,2805.96538024425,3576
"KEN",2009,1,4565.76033048017,72399.4026018553,"Kenya",5.22150266212039,6378279.8344438,2805.96538024425,3576
"KEN",2009,2,3524.98884051938,72399.4026018553,"Kenya",5.22150266212039,6378279.8344438,2805.96538024425,3576
"KEN",2009,5,249.982685475338,72399.4026018553,"Kenya",5.22150266212039,6378279.8344438,2805.96538024425,3576
"KEN",2010,0,5550.4248501369,70241.8445558073,"Kenya",5.45355364539923,6439845.19216989,1727.10251369254,3496
"KEN",2010,1,4587.64769398792,70241.8445558073,"Kenya",5.45355364539923,6439845.19216989,1727.10251369254,3496
"KEN",2010,2,3598.59554875755,70241.8445558073,"Kenya",5.45355364539923,6439845.19216989,1727.10251369254,3496
"KEN",2010,5,487.220114405404,70241.8445558073,"Kenya",5.45355364539923,6439845.19216989,1727.10251369254,3496
"KEN",2011,0,5517.35178139119,68050.4513185614,"Kenya",5.69794843234137,6485701.87332965,1028.28099212229,3397
"KEN",2011,1,4603.42031310305,68050.4513185614,"Kenya",5.69794843234137,6485701.87332965,1028.28099212229,3397
"KEN",2011,2,3664.72495518193,68050.4513185614,"Kenya",5.69794843234137,6485701.87332965,1028.28099212229,3397
"KEN",2011,5,712.714383522689,68050.4513185614,"Kenya",5.69794843234137,6485701.87332965,1028.28099212229,3397
"KEN",2012,0,5445.89244924328,65762.1238796386,"Kenya",5.9124181413832,6514363.02384996,999.901348834157,3304
"KEN",2012,1,4578.18064551133,65762.1238796386,"Kenya",5.9124181413832,6514363.02384996,999.901348834157,3304
"KEN",2012,2,3687.10517996509,65762.1238796386,"Kenya",5.9124181413832,6514363.02384996,999.901348834157,3304
"KEN",2012,5,885.638171490789,65762.1238796386,"Kenya",5.9124181413832,6514363.02384996,999.901348834157,3304
"KEN",2013,0,5312.63917251556,63336.0258967253,"Kenya",6.06771330061693,6525596.21295695,1800.42936305567,3165
"KEN",2013,1,4488.91134027934,63336.0258967253,"Kenya",6.06771330061693,6525596.21295695,1800.42936305567,3165
"KEN",2013,2,3643.11579047734,63336.0258967253,"Kenya",6.06771330061693,6525596.21295695,1800.42936305567,3165
"KEN",2013,5,984.59707066121,63336.0258967253,"Kenya",6.06771330061693,6525596.21295695,1800.42936305567,3165
"KEN",2014,0,4961.1398781767,60898.0622171161,"Kenya",5.94239919648223,6520392.47327037,2239.4829912319,2990
"KEN",2014,1,4174.4937124113,60898.0622171161,"Kenya",5.94239919648223,6520392.47327037,2239.4829912319,2990
"KEN",2014,2,3366.85563746282,60898.0622171161,"Kenya",5.94239919648223,6520392.47327037,2239.4829912319,2990
"KEN",2014,5,828.712242466232,60898.0622171161,"Kenya",5.94239919648223,6520392.47327037,2239.4829912319,2990
"KEN",2015,0,4507.11391204997,58800.8181651058,"Kenya",5.61238811543549,6500220.16776377,2218.91481903351,2778
"KEN",2015,1,3747.69327376866,58800.8181651058,"Kenya",5.61238811543549,6500220.16776377,2218.91481903351,2778
"KEN",2015,2,2968.06584766105,58800.8181651058,"Kenya",5.61238811543549,6500220.16776377,2218.91481903351,2778
"KEN",2015,5,518.266915668653,58800.8181651058,"Kenya",5.61238811543549,6500220.16776377,2218.91481903351,2778
"KEN",2016,0,3983.62171999364,56219.0788326411,"Kenya",5.18854594781391,6466408.52052703,2137.33123924863,2590
"KEN",2016,1,3254.26490875115,56219.0788326411,"Kenya",5.18854594781391,6466408.52052703,2137.33123924863,2590
"KEN",2016,2,2505.5019089134,56219.0788326411,"Kenya",5.18854594781391,6466408.52052703,2137.33123924863,2590
"KEN",2016,5,152.683613162078,56219.0788326411,"Kenya",5.18854594781391,6466408.52052703,2137.33123924863,2590
"KEN",2017,0,3757.30853548815,53773.152648081,"Kenya",5.1478787900554,6420793.46250682,2113.87037316894,2463
"KEN",2017,1,3063.55354622236,53773.152648081,"Kenya",5.1478787900554,6420793.46250682,2113.87037316894,2463
"KEN",2017,2,2351.38870307269,53773.152648081,"Kenya",5.1478787900554,6420793.46250682,2113.87037316894,2463
"KEN",2017,5,113.834803723706,53773.152648081,"Kenya",5.1478787900554,6420793.46250682,2113.87037316894,2463
"KEN",2018,0,3381.42370549802,51198.0964907541,"Kenya",4.88128876670415,6364846.23674477,2129.42153304886,2338
"KEN",2018,1,2721.01671503277,51198.0964907541,"Kenya",4.88128876670415,6364846.23674477,2129.42153304886,2338
"KEN",2018,2,2043.10028200923,51198.0964907541,"Kenya",4.88128876670415,6364846.23674477,2129.42153304886,2338
"KEN",2018,5,0,51198.0964907541,"Kenya",4.88128876670415,6364846.23674477,2129.42153304886,2338
"KEN",2019,0,3052.84417746046,48667.8214983233,"Kenya",4.65249332862637,6299134.92478175,2082.39401087041,2262
"KEN",2019,1,2425.65687883893,48667.8214983233,"Kenya",4.65249332862637,6299134.92478175,2082.39401087041,2262
"KEN",2019,2,1781.86181118011,48667.8214983233,"Kenya",4.65249332862637,6299134.92478175,2082.39401087041,2262
"KEN",2019,5,0,48667.8214983233,"Kenya",4.65249332862637,6299134.92478175,2082.39401087041,2262
"KEN",2020,0,3054.96685282516,46773.3193779373,"Kenya",4.84114812715146,6223143.60794753,2551.04347295591,2207
"KEN",2020,1,2453.02705221316,46773.3193779373,"Kenya",4.84114812715146,6223143.60794753,2551.04347295591,2207
"KEN",2020,2,1835.17067117634,46773.3193779373,"Kenya",4.84114812715146,6223143.60794753,2551.04347295591,2207
"KEN",2020,5,0,46773.3193779373,"Kenya",4.84114812715146,6223143.60794753,2551.04347295591,2207
"KEN",2021,0,2976.99372183379,44820.4249140732,"Kenya",4.94326771874537,6136861.12829316,2650.75377239761,2177
"KEN",2021,1,2403.10173448524,44820.4249140732,"Kenya",4.94326771874537,6136861.12829316,2650.75377239761,2177
"KEN",2021,2,1814.0788851027,44820.4249140732,"Kenya",4.94326771874537,6136861.12829316,2650.75377239761,2177
"KEN",2021,5,0,44820.4249140732,"Kenya",4.94326771874537,6136861.12829316,2650.75377239761,2177
"KEN",2022,0,2770.19588289941,42579.2100446582,"Kenya",4.91093229592177,6040984.43596908,2457.19872246508,2182
"KEN",2022,1,2232.35063218948,42579.2100446582,"Kenya",4.91093229592177,6040984.43596908,2457.19872246508,2182
"KEN",2022,2,1680.38906923016,42579.2100446582,"Kenya",4.91093229592177,6040984.43596908,2457.19872246508,2182
"KEN",2022,5,0,42579.2100446582,"Kenya",4.91093229592177,6040984.43596908,2457.19872246508,2182
"KEN",2023,0,2534.89962960472,41197.9665803714,"Kenya",4.67622322704804,5942969.08969376,2039.01168462119,2172
"KEN",2023,1,2016.62007477675,41197.9665803714,"Kenya",4.67622322704804,5942969.08969376,2039.01168462119,2172
"KEN",2023,2,1484.78312999536,41197.9665803714,"Kenya",4.67622322704804,5942969.08969376,2039.01168462119,2172
"KEN",2023,5,0,41197.9665803714,"Kenya",4.67622322704804,5942969.08969376,2039.01168462119,2172
"KEN",2024,0,2504.2448994406,40835.6314958744,"Kenya",4.56636270936913,5865766.81870526,2762.50881132626,2188
"KEN",2024,1,1979.53885542674,40835.6314958744,"Kenya",4.56636270936913,5865766.81870526,2762.50881132626,2188
"KEN",2024,2,1440.94723616863,40835.6314958744,"Kenya",4.56636270936913,5865766.81870526,2762.50881132626,2188
"KEN",2024,5,0,40835.6314958744,"Kenya",4.56636270936913,5865766.81870526,2762.50881132626,2188
"LBR",2000,0,8887.27530312773,25227.2067380089,"Liberia",47.5801186502212,540275.297164484,4798.98502538132,5064
"LBR",2000,1,8630.2259267993,25227.2067380089,"Liberia",47.5801186502212,540275.297164484,4798.98502538132,5064
"LBR",2000,2,8366.29295253344,25227.2067380089,"Liberia",47.5801186502212,540275.297164484,4798.98502538132,5064
"LBR",2000,5,7536.86509553098,25227.2067380089,"Liberia",47.5801186502212,540275.297164484,4798.98502538132,5064
"LBR",2001,0,8297.88498672286,23608.3804613292,"Liberia",49.3793088760197,562748.529603712,4751.59682393687,4860
"LBR",2001,1,8059.13818233574,23608.3804613292,"Liberia",49.3793088760197,562748.529603712,4751.59682393687,4860
"LBR",2001,2,7813.99164629304,23608.3804613292,"Liberia",49.3793088760197,562748.529603712,4751.59682393687,4860
"LBR",2001,5,7043.56238947128,23608.3804613292,"Liberia",49.3793088760197,562748.529603712,4751.59682393687,4860
"LBR",2002,0,7704.44789958041,22057.9084629937,"Liberia",49.5882515224846,575526.780355123,4555.31167998211,4536
"LBR",2002,1,7482.90281704626,22057.9084629937,"Liberia",49.5882515224846,575526.780355123,4555.31167998211,4536
"LBR",2002,2,7255.41987978639,22057.9084629937,"Liberia",49.5882515224846,575526.780355123,4555.31167998211,4536
"LBR",2002,5,6540.49844986872,22057.9084629937,"Liberia",49.5882515224846,575526.780355123,4555.31167998211,4536
"LBR",2003,0,7269.84396289843,21030.4533975956,"Liberia",47.8844563906809,582496.862156057,4296.03916695228,4165
"LBR",2003,1,7059.73295110322,21030.4533975956,"Liberia",47.8844563906809,582496.862156057,4296.03916695228,4165
"LBR",2003,2,6844.00023221828,21030.4533975956,"Liberia",47.8844563906809,582496.862156057,4296.03916695228,4165
"LBR",2003,5,6166.05243970203,21030.4533975956,"Liberia",47.8844563906809,582496.862156057,4296.03916695228,4165
"LBR",2004,0,6628.58440450531,19559.4268631598,"Liberia",42.772760861038,575667.951808548,4500.04404014744,3687
"LBR",2004,1,6432.61036082544,19559.4268631598,"Liberia",42.772760861038,575667.951808548,4500.04404014744,3687
"LBR",2004,2,6231.40575894563,19559.4268631598,"Liberia",42.772760861038,575667.951808548,4500.04404014744,3687
"LBR",2004,5,5599.17852149972,19559.4268631598,"Liberia",42.772760861038,575667.951808548,4500.04404014744,3687
"LBR",2005,0,6154.44041105217,18341.6145030929,"Liberia",42.3245620053839,572099.437721038,4318.96062855385,3263
"LBR",2005,1,5972.07698346367,18341.6145030929,"Liberia",42.3245620053839,572099.437721038,4318.96062855385,3263
"LBR",2005,2,5784.85620920827,18341.6145030929,"Liberia",42.3245620053839,572099.437721038,4318.96062855385,3263
"LBR",2005,5,5196.61726133149,18341.6145030929,"Liberia",42.3245620053839,572099.437721038,4318.96062855385,3263
"LBR",2006,0,6023.60140870854,18451.8004920271,"Liberia",39.6761775961446,592830.805815042,4144.8441345937,3259
"LBR",2006,1,5842.1340877306,18451.8004920271,"Liberia",39.6761775961446,592830.805815042,4144.8441345937,3259
"LBR",2006,2,5655.87155528348,18451.8004920271,"Liberia",39.6761775961446,592830.805815042,4144.8441345937,3259
"LBR",2006,5,5070.84400425677,18451.8004920271,"Liberia",39.6761775961446,592830.805815042,4144.8441345937,3259
"LBR",2007,0,5866.42117186812,18453.8366399106,"Liberia",36.7327100714802,626178.815858071,3979.87871368656,3188
"LBR",2007,1,5685.16840531131,18453.8366399106,"Liberia",36.7327100714802,626178.815858071,3979.87871368656,3188
"LBR",2007,2,5499.12812927497,18453.8366399106,"Liberia",36.7327100714802,626178.815858071,3979.87871368656,3188
"LBR",2007,5,4914.79541311,18453.8366399106,"Liberia",36.7327100714802,626178.815858071,3979.87871368656,3188
"LBR",2008,0,5710.49460496202,18353.7665864015,"Liberia",34.5479269365468,655074.383970162,3792.71962406148,3139
"LBR",2008,1,5529.79280257906,18353.7665864015,"Liberia",34.5479269365468,655074.383970162,3792.71962406148,3139
"LBR",2008,2,5344.31691633901,18353.7665864015,"Liberia",34.5479269365468,655074.383970162,3792.71962406148,3139
"LBR",2008,5,4761.74365330535,18353.7665864015,"Liberia",34.5479269365468,655074.383970162,3792.71962406148,3139
"LBR",2009,0,5551.14987027528,18232.432931136,"Liberia",32.5825569090826,676056.816681678,3420.01195079544,3051
"LBR",2009,1,5370.87734156012,18232.432931136,"Liberia",32.5825569090826,676056.816681678,3420.01195079544,3051
"LBR",2009,2,5185.85208061281,18232.432931136,"Liberia",32.5825569090826,676056.816681678,3420.01195079544,3051
"LBR",2009,5,4604.74844147148,18232.432931136,"Liberia",32.5825569090826,676056.816681678,3420.01195079544,3051
"LBR",2010,0,5309.17462860559,17900.0610741142,"Liberia",30.3409258950446,687339.987245253,3245.43466193076,2942
"LBR",2010,1,5130.51193943165,17900.0610741142,"Liberia",30.3409258950446,687339.987245253,3245.43466193076,2942
"LBR",2010,2,4947.14106092136,17900.0610741142,"Liberia",30.3409258950446,687339.987245253,3245.43466193076,2942
"LBR",2010,5,4371.24275656399,17900.0610741142,"Liberia",30.3409258950446,687339.987245253,3245.43466193076,2942
"LBR",2011,0,5014.61711068885,17592.7744379651,"Liberia",27.8244144034461,694671.63121962,3217.3238487233,2838
"LBR",2011,1,4837.32733534998,17592.7744379651,"Liberia",27.8244144034461,694671.63121962,3217.3238487233,2838
"LBR",2011,2,4655.3783778417,17592.7744379651,"Liberia",27.8244144034461,694671.63121962,3217.3238487233,2838
"LBR",2011,5,4084.01260348691,17592.7744379651,"Liberia",27.8244144034461,694671.63121962,3217.3238487233,2838
"LBR",2012,0,4707.80613519581,17839.5445050398,"Liberia",23.9726542846444,711989.348714829,2805.34637290043,2773
"LBR",2012,1,4523.73248104076,17839.5445050398,"Liberia",23.9726542846444,711989.348714829,2805.34637290043,2773
"LBR",2012,2,4334.83686457878,17839.5445050398,"Liberia",23.9726542846444,711989.348714829,2805.34637290043,2773
"LBR",2012,5,3741.73729991443,17839.5445050398,"Liberia",23.9726542846444,711989.348714829,2805.34637290043,2773
"LBR",2013,0,4630.95596133316,17651.4931074011,"Liberia",23.9878371392384,724429.146334566,2477.19672748666,2830
"LBR",2013,1,4449.98327755072,17651.4931074011,"Liberia",23.9878371392384,724429.146334566,2477.19672748666,2830
"LBR",2013,2,4264.28478486341,17651.4931074011,"Liberia",23.9878371392384,724429.146334566,2477.19672748666,2830
"LBR",2013,5,3681.30093027462,17651.4931074011,"Liberia",23.9878371392384,724429.146334566,2477.19672748666,2830
"LBR",2014,0,5036.6144672326,17470.2236862763,"Liberia",28.3108174051502,723600.655874677,2521.7726231157,2872
"LBR",2014,1,4860.46758530025,17470.2236862763,"Liberia",28.3108174051502,723600.655874677,2521.7726231157,2872
"LBR",2014,2,4679.661174225,17470.2236862763,"Liberia",28.3108174051502,723600.655874677,2521.7726231157,2872
"LBR",2014,5,4111.70946194581,17470.2236862763,"Liberia",28.3108174051502,723600.655874677,2521.7726231157,2872
"LBR",2015,0,4990.17210025328,16738.7379224384,"Liberia",33.370745219075,723610.434638034,2549.96903104348,2999
"LBR",2015,1,4830.24611923441,16738.7379224384,"Liberia",33.370745219075,723610.434638034,2549.96903104348,2999
"LBR",2015,2,4666.16471466622,16738.7379224384,"Liberia",33.370745219075,723610.434638034,2549.96903104348,2999
"LBR",2015,5,4151.15629687141,16738.7379224384,"Liberia",33.370745219075,723610.434638034,2549.96903104348,2999
"LBR",2016,0,4880.80314524058,15931.7856016057,"Liberia",39.8502424920345,725161.722766646,2621.78912646109,3165
"LBR",2016,1,4735.01506849431,15931.7856016057,"Liberia",39.8502424920345,725161.722766646,2621.78912646109,3165
"LBR",2016,2,4585.48505542705,15931.7856016057,"Liberia",39.8502424920345,725161.722766646,2621.78912646109,3165
"LBR",2016,5,4116.3957458118,15931.7856016057,"Liberia",39.8502424920345,725161.722766646,2621.78912646109,3165
"LBR",2017,0,4739.07832157066,15373.7200919221,"Liberia",42.8043780853553,726787.392489504,2650.51156996449,3339
"LBR",2017,1,4600.56734801475,15373.7200919221,"Liberia",42.8043780853553,726787.392489504,2650.51156996449,3339
"LBR",2017,2,4458.5160091722,15373.7200919221,"Liberia",42.8043780853553,726787.392489504,2650.51156996449,3339
"LBR",2017,5,4012.96472039541,15373.7200919221,"Liberia",42.8043780853553,726787.392489504,2650.51156996449,3339
"LBR",2018,0,4478.37461200255,14915.6602743918,"Liberia",38.789498338943,729257.991533949,2614.6891884815,3431
"LBR",2018,1,4343.69695226105,14915.6602743918,"Liberia",38.789498338943,729257.991533949,2614.6891884815,3431
"LBR",2018,2,4205.5963087131,14915.6602743918,"Liberia",38.789498338943,729257.991533949,2614.6891884815,3431
"LBR",2018,5,3772.54103204927,14915.6602743918,"Liberia",38.789498338943,729257.991533949,2614.6891884815,3431
"LBR",2019,0,4267.17650485705,14747.5407228511,"Liberia",34.4107076340996,735181.509607608,2551.67270978837,3461
"LBR",2019,1,4132.76707217882,14747.5407228511,"Liberia",34.4107076340996,735181.509607608,2551.67270978837,3461
"LBR",2019,2,3994.95804372772,14747.5407228511,"Liberia",34.4107076340996,735181.509607608,2551.67270978837,3461
"LBR",2019,5,3562.9073129338,14747.5407228511,"Liberia",34.4107076340996,735181.509607608,2551.67270978837,3461
"LBR",2020,0,4076.47227613623,14727.1794265738,"Liberia",30.2945484769445,742699.905883583,3134.08191721694,3416
"LBR",2020,1,3939.64921798466,14727.1794265738,"Liberia",30.2945484769445,742699.905883583,3134.08191721694,3416
"LBR",2020,2,3799.37448412304,14727.1794265738,"Liberia",30.2945484769445,742699.905883583,3134.08191721694,3416
"LBR",2020,5,3359.64469435789,14727.1794265738,"Liberia",30.2945484769445,742699.905883583,3134.08191721694,3416
"LBR",2021,0,3377.95627443108,14688.8285020272,"Liberia",20.4389752440427,751623.327632078,2865.93204073896,3413
"LBR",2021,1,3227.64916117969,14688.8285020272,"Liberia",20.4389752440427,751623.327632078,2865.93204073896,3413
"LBR",2021,2,3073.50262555083,14688.8285020272,"Liberia",20.4389752440427,751623.327632078,2865.93204073896,3413
"LBR",2021,5,2590.03123395967,14688.8285020272,"Liberia",20.4389752440427,751623.327632078,2865.93204073896,3413
"LBR",2022,0,2850.52866217427,14556.6295767564,"Liberia",15.84077143173,759811.406704737,2615.68053920537,3450
"LBR",2022,1,2689.68157581005,14556.6295767564,"Liberia",15.84077143173,759811.406704737,2615.68053920537,3450
"LBR",2022,2,2524.6564307402,14556.6295767564,"Liberia",15.84077143173,759811.406704737,2615.68053920537,3450
"LBR",2022,5,2006.68399121445,14556.6295767564,"Liberia",15.84077143173,759811.406704737,2615.68053920537,3450
"LBR",2023,0,2773.81507371672,14353.3560933786,"Liberia",15.6818537112748,764357.149530746,2347.92991666622,3455
"LBR",2023,1,2615.66710909086,14353.3560933786,"Liberia",15.6818537112748,764357.149530746,2347.92991666622,3455
"LBR",2023,2,2453.42169085371,14353.3560933786,"Liberia",15.6818537112748,764357.149530746,2347.92991666622,3455
"LBR",2023,5,1944.23093537879,14353.3560933786,"Liberia",15.6818537112748,764357.149530746,2347.92991666622,3455
"LBR",2024,0,2880.13198125239,14929.2413209443,"Liberia",15.076632247439,787389.810896593,2689.78371276534,3513
"LBR",2024,1,2709.53198406317,14929.2413209443,"Liberia",15.076632247439,787389.810896593,2689.78371276534,3513
"LBR",2024,2,2534.44623087237,14929.2413209443,"Liberia",15.076632247439,787389.810896593,2689.78371276534,3513
"LBR",2024,5,1984.60578323918,14929.2413209443,"Liberia",15.076632247439,787389.810896593,2689.78371276534,3513
"MDG",2000,0,13760.8876899059,67448.3512213452,"Madagascar",13.4691913310986,2936741.84477486,3516.34329927593,741
"MDG",2000,1,12851.6125681113,67448.3512213452,"Madagascar",13.4691913310986,2936741.84477486,3516.34329927593,741
"MDG",2000,2,11916.8007003032,67448.3512213452,"Madagascar",13.4691913310986,2936741.84477486,3516.34329927593,741
"MDG",2000,5,8972.48985660913,67448.3512213452,"Madagascar",13.4691913310986,2936741.84477486,3516.34329927593,741
"MDG",2001,0,13710.6354224001,66395.8099906095,"Madagascar",13.8574274628819,3032479.32063696,3895.34295409691,963
"MDG",2001,1,12830.5678984532,66395.8099906095,"Madagascar",13.8574274628819,3032479.32063696,3895.34295409691,963
"MDG",2001,2,11925.8847889018,66395.8099906095,"Madagascar",13.8574274628819,3032479.32063696,3895.34295409691,963
"MDG",2001,5,9077.01474448745,66395.8099906095,"Madagascar",13.8574274628819,3032479.32063696,3895.34295409691,963
"MDG",2002,0,13755.3985667051,65589.434536036,"Madagascar",14.3022248812685,3128886.76010646,4049.43132646764,720
"MDG",2002,1,12900.5603058425,65589.434536036,"Madagascar",14.3022248812685,3128886.76010646,4049.43132646764,720
"MDG",2002,2,12021.858011522,65589.434536036,"Madagascar",14.3022248812685,3128886.76010646,4049.43132646764,720
"MDG",2002,5,9255.03409591682,65589.434536036,"Madagascar",14.3022248812685,3128886.76010646,4049.43132646764,720
"MDG",2003,0,13806.3581614703,64265.5263868282,"Madagascar",14.9092349816949,3223154.37993989,4364.90524769043,1023
"MDG",2003,1,12983.7719560069,64265.5263868282,"Madagascar",14.9092349816949,3223154.37993989,4364.90524769043,1023
"MDG",2003,2,12138.2754151261,64265.5263868282,"Madagascar",14.9092349816949,3223154.37993989,4364.90524769043,1023
"MDG",2003,5,9476.28988028681,64265.5263868282,"Madagascar",14.9092349816949,3223154.37993989,4364.90524769043,1023
"MDG",2004,0,14301.5004532502,63380.4200342299,"Madagascar",16.1894824439516,3311653.04997919,4699.71615852047,643
"MDG",2004,1,13516.4169732045,63380.4200342299,"Madagascar",16.1894824439516,3311653.04997919,4699.71615852047,643
"MDG",2004,2,12709.5755919595,63380.4200342299,"Madagascar",16.1894824439516,3311653.04997919,4699.71615852047,643
"MDG",2004,5,10169.8711849026,63380.4200342299,"Madagascar",16.1894824439516,3311653.04997919,4699.71615852047,643
"MDG",2005,0,14160.9362882691,62155.6370120644,"Madagascar",16.612555436176,3393449.08850062,5743.20514220464,479
"MDG",2005,1,13402.8162482881,62155.6370120644,"Madagascar",16.612555436176,3393449.08850062,5743.20514220464,479
"MDG",2005,2,12623.7323886006,62155.6370120644,"Madagascar",16.612555436176,3393449.08850062,5743.20514220464,479
"MDG",2005,5,10171.6395827281,62155.6370120644,"Madagascar",16.612555436176,3393449.08850062,5743.20514220464,479
"MDG",2006,0,13256.601196063,61447.0855934743,"Madagascar",15.443873128021,3468839.57388958,5704.8868717079,479
"MDG",2006,1,12494.0708268097,61447.0855934743,"Madagascar",15.443873128021,3468839.57388958,5704.8868717079,479
"MDG",2006,2,11710.3879856114,61447.0855934743,"Madagascar",15.443873128021,3468839.57388958,5704.8868717079,479
"MDG",2006,5,9243.43743847432,61447.0855934743,"Madagascar",15.443873128021,3468839.57388958,5704.8868717079,479
"MDG",2007,0,11316.3409608285,61075.590007695,"Madagascar",12.5602673159325,3539191.64525268,4719.48754764599,438
"MDG",2007,1,10511.9268543207,61075.590007695,"Madagascar",12.5602673159325,3539191.64525268,4719.48754764599,438
"MDG",2007,2,9684.94637960632,61075.590007695,"Madagascar",12.5602673159325,3539191.64525268,4719.48754764599,438
"MDG",2007,5,7080.2988475986,61075.590007695,"Madagascar",12.5602673159325,3539191.64525268,4719.48754764599,438
"MDG",2008,0,9385.54617989549,61179.3259679644,"Madagascar",9.91869514808709,3606644.87538066,4284.86241331275,438
"MDG",2008,1,8528.9209073546,61179.3259679644,"Madagascar",9.91869514808709,3606644.87538066,4284.86241331275,438
"MDG",2008,2,7647.99651540361,61179.3259679644,"Madagascar",9.91869514808709,3606644.87538066,4284.86241331275,438
"MDG",2008,5,4871.9604083023,61179.3259679644,"Madagascar",9.91869514808709,3606644.87538066,4284.86241331275,438
"MDG",2009,0,7564.61026977674,61393.0068983281,"Madagascar",7.65546820747823,3673848.20860713,3703.31102574002,739
"MDG",2009,1,6653.79160798938,61393.0068983281,"Madagascar",7.65546820747823,3673848.20860713,3703.31102574002,739
"MDG",2009,2,5716.85131312389,61393.0068983281,"Madagascar",7.65546820747823,3673848.20860713,3703.31102574002,739
"MDG",2009,5,2762.71056747467,61393.0068983281,"Madagascar",7.65546820747823,3673848.20860713,3703.31102574002,739
"MDG",2010,0,5911.31436818277,61904.6774409378,"Madagascar",5.74376489201192,3741605.64603726,2972.73902973002,760
"MDG",2010,1,4944.15916524003,61904.6774409378,"Madagascar",5.74376489201192,3741605.64603726,2972.73902973002,760
"MDG",2010,2,3949.00124581062,61904.6774409378,"Madagascar",5.74376489201192,3741605.64603726,2972.73902973002,760
"MDG",2010,5,809.828450577181,61904.6774409378,"Madagascar",5.74376489201192,3741605.64603726,2972.73902973002,760
"MDG",2011,0,5369.56483520633,62367.3909130132,"Madagascar",5.13507867238871,3810686.22195398,2802.559069837,621
"MDG",2011,1,4380.1301127287,62367.3909130132,"Madagascar",5.13507867238871,3810686.22195398,2802.559069837,621
"MDG",2011,2,3361.95613317394,62367.3909130132,"Madagascar",5.13507867238871,3810686.22195398,2802.559069837,621
"MDG",2011,5,149.662351866521,62367.3909130132,"Madagascar",5.13507867238871,3810686.22195398,2802.559069837,621
"MDG",2012,0,5620.75430198609,62942.9004645571,"Madagascar",5.35108050892392,3881690.45606512,2903.0063601661,1481
"MDG",2012,1,4629.35345926977,62942.9004645571,"Madagascar",5.35108050892392,3881690.45606512,2903.0063601661,1481
"MDG",2012,2,3609.16549110605,62942.9004645571,"Madagascar",5.35108050892392,3881690.45606512,2903.0063601661,1481
"MDG",2012,5,390.554962439471,62942.9004645571,"Madagascar",5.35108050892392,3881690.45606512,2903.0063601661,1481
"MDG",2013,0,6366.48403154888,63587.2863026456,"Madagascar",6.08362542485396,3954918.03368424,3130.64276188007,1319
"MDG",2013,1,5386.78792734719,63587.2863026456,"Madagascar",6.08362542485396,3954918.03368424,3130.64276188007,1319
"MDG",2013,2,4378.7302184283,63587.2863026456,"Madagascar",6.08362542485396,3954918.03368424,3130.64276188007,1319
"MDG",2013,5,1198.84816945991,63587.2863026456,"Madagascar",6.08362542485396,3954918.03368424,3130.64276188007,1319
"MDG",2014,0,6738.74936143777,64072.2649507568,"Madagascar",6.43377251125976,4031548.05011626,3446.44848798782,980
"MDG",2014,1,5761.88150838536,64072.2649507568,"Madagascar",6.43377251125976,4031548.05011626,3446.44848798782,980
"MDG",2014,2,4756.761610777,64072.2649507568,"Madagascar",6.43377251125976,4031548.05011626,3446.44848798782,980
"MDG",2014,5,1586.28661689637,64072.2649507568,"Madagascar",6.43377251125976,4031548.05011626,3446.44848798782,980
"MDG",2015,0,6539.37146578351,64918.4040198667,"Madagascar",6.1292538325627,4111240.95965579,3397.67118195632,2861
"MDG",2015,1,5541.11909270338,64918.4040198667,"Madagascar",6.1292538325627,4111240.95965579,3397.67118195632,2861
"MDG",2015,2,4513.94711194995,64918.4040198667,"Madagascar",6.1292538325627,4111240.95965579,3397.67118195632,2861
"MDG",2015,5,1273.6355531746,64918.4040198667,"Madagascar",6.1292538325627,4111240.95965579,3397.67118195632,2861
"MDG",2016,0,6342.83697476355,64311.9609076749,"Madagascar",6.03020253173163,4192492.29996509,3260.69956994489,1419
"MDG",2016,1,5357.46801906956,64311.9609076749,"Madagascar",6.03020253173163,4192492.29996509,3260.69956994489,1419
"MDG",2016,2,4343.61365757015,64311.9609076749,"Madagascar",6.03020253173163,4192492.29996509,3260.69956994489,1419
"MDG",2016,5,1145.64071195094,64311.9609076749,"Madagascar",6.03020253173163,4192492.29996509,3260.69956994489,1419
"MDG",2017,0,6577.85814617728,63539.3763520591,"Madagascar",6.41540188100756,4273793.45142015,3413.93726170316,1905
"MDG",2017,1,5621.09565533075,63539.3763520591,"Madagascar",6.41540188100756,4273793.45142015,3413.93726170316,1905
"MDG",2017,2,4636.79181511419,63539.3763520591,"Madagascar",6.41540188100756,4273793.45142015,3413.93726170316,1905
"MDG",2017,5,1532.66397929091,63539.3763520591,"Madagascar",6.41540188100756,4273793.45142015,3413.93726170316,1905
"MDG",2018,0,7200.54797498646,63144.9328597212,"Madagascar",7.16159869311291,4353205.64530731,3514.56428014952,1772
"MDG",2018,1,6269.30161360179,63144.9328597212,"Madagascar",7.16159869311291,4353205.64530731,3514.56428014952,1772
"MDG",2018,2,5311.35856150233,63144.9328597212,"Madagascar",7.16159869311291,4353205.64530731,3514.56428014952,1772
"MDG",2018,5,2290.96555004833,63144.9328597212,"Madagascar",7.16159869311291,4353205.64530731,3514.56428014952,1772
"MDG",2019,0,8220.74582664263,61896.6058448737,"Madagascar",8.62192758899034,4427471.78302249,4030.82595750372,1814
"MDG",2019,1,7348.87991778632,61896.6058448737,"Madagascar",8.62192758899034,4427471.78302249,4030.82595750372,1814
"MDG",2019,2,6452.25611321626,61896.6058448737,"Madagascar",8.62192758899034,4427471.78302249,4030.82595750372,1814
"MDG",2019,5,3626.49336397006,61896.6058448737,"Madagascar",8.62192758899034,4427471.78302249,4030.82595750372,1814
"MDG",2020,0,8714.59301275494,60323.6725553074,"Madagascar",9.62270330563775,4494517.52035046,5351.57882397649,5009
"MDG",2020,1,7892.50963262065,60323.6725553074,"Madagascar",9.62270330563775,4494517.52035046,5351.57882397649,5009
"MDG",2020,2,7047.26667448283,60323.6725553074,"Madagascar",9.62270330563775,4494517.52035046,5351.57882397649,5009
"MDG",2020,5,4384.44735214207,60323.6725553074,"Madagascar",9.62270330563775,4494517.52035046,5351.57882397649,5009
"MDG",2021,0,8756.49358170499,58962.599922307,"Madagascar",10.0009898756304,4551950.80576876,5638.09991491986,6734
"MDG",2021,1,7963.65137870457,58962.599922307,"Madagascar",10.0009898756304,4551950.80576876,5638.09991491986,6734
"MDG",2021,2,7148.54462161957,58962.599922307,"Madagascar",10.0009898756304,4551950.80576876,5638.09991491986,6734
"MDG",2021,5,4581.0517509594,58962.599922307,"Madagascar",10.0009898756304,4551950.80576876,5638.09991491986,6734
"MDG",2022,0,9131.24267547356,59231.9999826264,"Madagascar",10.4867041856257,4596281.1291615,4733.82948583433,4104
"MDG",2022,1,8345.0424258759,59231.9999826264,"Madagascar",10.4867041856257,4596281.1291615,4733.82948583433,4104
"MDG",2022,2,7536.85351947118,59231.9999826264,"Madagascar",10.4867041856257,4596281.1291615,4733.82948583433,4104
"MDG",2022,5,4991.64999356983,59231.9999826264,"Madagascar",10.4867041856257,4596281.1291615,4733.82948583433,4104
"MDG",2023,0,8265.802755843,58528.3118665098,"Madagascar",9.46939728730477,4628293.22922947,4892.04309367982,9350
"MDG",2023,1,7472.1791117491,58528.3118665098,"Madagascar",9.46939728730477,4628293.22922947,4892.04309367982,9350
"MDG",2023,2,6656.29596225762,58528.3118665098,"Madagascar",9.46939728730477,4628293.22922947,4892.04309367982,9350
"MDG",2023,5,4086.51253907292,58528.3118665098,"Madagascar",9.46939728730477,4628293.22922947,4892.04309367982,9350
"MDG",2024,0,8076.9770334034,56616.2699064944,"Madagascar",9.56229188686996,4690196.0162158,4898.31220543322,9290
"MDG",2024,1,7309.90326382673,56616.2699064944,"Madagascar",9.56229188686996,4690196.0162158,4898.31220543322,9290
"MDG",2024,2,6521.21860942336,56616.2699064944,"Madagascar",9.56229188686996,4690196.0162158,4898.31220543322,9290
"MDG",2024,5,4036.54940614753,56616.2699064944,"Madagascar",9.56229188686996,4690196.0162158,4898.31220543322,9290
"MLI",2000,0,37183.9475582702,101143.871347624,"Mali",39.8294520104721,2247944.5591826,17865.6905049147,19778
"MLI",2000,1,36033.256570443,101143.871347624,"Mali",39.8294520104721,2247944.5591826,17865.6905049147,19778
"MLI",2000,2,34848.1791840471,101143.871347624,"Mali",39.8294520104721,2247944.5591826,17865.6905049147,19778
"MLI",2000,5,31104.1409296204,101143.871347624,"Mali",39.8294520104721,2247944.5591826,17865.6905049147,19778
"MLI",2001,0,36045.2628615925,98019.9110853541,"Mali",41.537621014182,2326501.05995151,18025.3530812892,19882
"MLI",2001,1,34940.5460427844,98019.9110853541,"Mali",41.537621014182,2326501.05995151,18025.3530812892,19882
"MLI",2001,2,33802.859349994,98019.9110853541,"Mali",41.537621014182,2326501.05995151,18025.3530812892,19882
"MLI",2001,5,30208.7648617819,98019.9110853541,"Mali",41.537621014182,2326501.05995151,18025.3530812892,19882
"MLI",2002,0,34819.1100802299,95120.383141124,"Mali",42.2239675372551,2410021.71333154,20641.1264957482,19871
"MLI",2002,1,33756.0103933878,95120.383141124,"Mali",42.2239675372551,2410021.71333154,20641.1264957482,19871
"MLI",2002,2,32661.2516414885,95120.383141124,"Mali",42.2239675372551,2410021.71333154,20641.1264957482,19871
"MLI",2002,5,29203.13369139,95120.383141124,"Mali",42.2239675372551,2410021.71333154,20641.1264957482,19871
"MLI",2003,0,33444.314946475,92284.929593089,"Mali",41.50490854794,2500294.47132624,20861.8429608735,19796
"MLI",2003,1,32420.1548022417,92284.929593089,"Mali",41.50490854794,2500294.47132624,20861.8429608735,19796
"MLI",2003,2,31365.5864465503,92284.929593089,"Mali",41.50490854794,2500294.47132624,20861.8429608735,19796
"MLI",2003,5,28034.9026663805,92284.929593089,"Mali",41.50490854794,2500294.47132624,20861.8429608735,19796
"MLI",2004,0,32187.6759465419,89987.3593075675,"Mali",40.1703750260736,2595895.51790974,20173.9338344709,19706
"MLI",2004,1,31195.3689517659,89987.3593075675,"Mali",40.1703750260736,2595895.51790974,20173.9338344709,19706
"MLI",2004,2,30173.6960890515,89987.3593075675,"Mali",40.1703750260736,2595895.51790974,20173.9338344709,19706
"MLI",2004,5,26947.4133499257,89987.3593075675,"Mali",40.1703750260736,2595895.51790974,20173.9338344709,19706
"MLI",2005,0,30931.4238858638,87830.0017542328,"Mali",38.5111391906618,2696183.12047767,19914.3514175643,19654
"MLI",2005,1,29968.1938796316,87830.0017542328,"Mali",38.5111391906618,2696183.12047767,19914.3514175643,19654
"MLI",2005,2,28976.5489473793,87830.0017542328,"Mali",38.5111391906618,2696183.12047767,19914.3514175643,19654
"MLI",2005,5,25845.5593601675,87830.0017542328,"Mali",38.5111391906618,2696183.12047767,19914.3514175643,19654
"MLI",2006,0,29796.9163825301,86426.4489480339,"Mali",36.1100020032782,2799181.9342854,19207.5670467016,19650
"MLI",2006,1,28852.073265099,86426.4489480339,"Mali",36.1100020032782,2799181.9342854,19207.5670467016,19650
"MLI",2006,2,27879.4642582191,86426.4489480339,"Mali",36.1100020032782,2799181.9342854,19207.5670467016,19650
"MLI",2006,5,24809.1362020239,86426.4489480339,"Mali",36.1100020032782,2799181.9342854,19207.5670467016,19650
"MLI",2007,0,28678.9917967592,85326.1226687698,"Mali",33.5678243056163,2903094.70167072,17316.5606697766,19614
"MLI",2007,1,27746.8778177771,85326.1226687698,"Mali",33.5678243056163,2903094.70167072,17316.5606697766,19614
"MLI",2007,2,26787.4753313631,85326.1226687698,"Mali",33.5678243056163,2903094.70167072,17316.5606697766,19614
"MLI",2007,5,23759.3773106943,85326.1226687698,"Mali",33.5678243056163,2903094.70167072,17316.5606697766,19614
"MLI",2008,0,27791.663402618,84383.3774349507,"Mali",32.118424979296,3007036.59452775,17657.8475231229,19526
"MLI",2008,1,26872.718813297,84383.3774349507,"Mali",32.118424979296,3007036.59452775,17657.8475231229,19526
"MLI",2008,2,25926.9617969771,84383.3774349507,"Mali",32.118424979296,3007036.59452775,17657.8475231229,19526
"MLI",2008,5,22942.4032015113,84383.3774349507,"Mali",32.118424979296,3007036.59452775,17657.8475231229,19526
"MLI",2009,0,27171.7903763556,83925.5490908682,"Mali",31.0622141800431,3112058.79987119,17469.7464124375,19581
"MLI",2009,1,26260.3730347966,83925.5490908682,"Mali",31.0622141800431,3112058.79987119,17469.7464124375,19581
"MLI",2009,2,25322.4303686712,83925.5490908682,"Mali",31.0622141800431,3112058.79987119,17469.7464124375,19581
"MLI",2009,5,22362.8786023028,83925.5490908682,"Mali",31.0622141800431,3112058.79987119,17469.7464124375,19581
"MLI",2010,0,27325.7634524851,84062.4789839412,"Mali",32.2332843298897,3218976.96919649,17104.7474931016,19865
"MLI",2010,1,26423.998578722,84062.4789839412,"Mali",32.2332843298897,3218976.96919649,17104.7474931016,19865
"MLI",2010,2,25496.0400602635,84062.4789839412,"Mali",32.2332843298897,3218976.96919649,17104.7474931016,19865
"MLI",2010,5,22568.2541458816,84062.4789839412,"Mali",32.2332843298897,3218976.96919649,17104.7474931016,19865
"MLI",2011,0,27848.4063249034,84337.8372212409,"Mali",34.9959129854422,3326346.79567214,17856.5640602263,20153
"MLI",2011,1,26957.8319699836,84337.8372212409,"Mali",34.9959129854422,3326346.79567214,17856.5640602263,20153
"MLI",2011,2,26041.4056584769,84337.8372212409,"Mali",34.9959129854422,3326346.79567214,17856.5640602263,20153
"MLI",2011,5,23150.084743615,84337.8372212409,"Mali",34.9959129854422,3326346.79567214,17856.5640602263,20153
"MLI",2012,0,28482.4168576381,84502.605351923,"Mali",39.648412625747,3434765.54759143,20200.6943634163,19991
"MLI",2012,1,27604.8785507368,84502.605351923,"Mali",39.648412625747,3434765.54759143,20200.6943634163,19991
"MLI",2012,2,26701.8502098015,84502.605351923,"Mali",39.648412625747,3434765.54759143,20200.6943634163,19991
"MLI",2012,5,23852.6981273637,84502.605351923,"Mali",39.648412625747,3434765.54759143,20200.6943634163,19991
"MLI",2013,0,28864.3749022567,85049.5429287246,"Mali",41.9446229534379,3522100.21351761,20818.7900015328,18967
"MLI",2013,1,27986.785305302,85049.5429287246,"Mali",41.9446229534379,3522100.21351761,20818.7900015328,18967
"MLI",2013,2,27083.7039692502,85049.5429287246,"Mali",41.9446229534379,3522100.21351761,20818.7900015328,18967
"MLI",2013,5,24234.3780277069,85049.5429287246,"Mali",41.9446229534379,3522100.21351761,20818.7900015328,18967
"MLI",2014,0,28495.0642034397,85512.8471950755,"Mali",38.3358923612865,3607356.25825419,19843.9353007642,16867
"MLI",2014,1,27609.7143374136,85512.8471950755,"Mali",38.3358923612865,3607356.25825419,19843.9353007642,16867
"MLI",2014,2,26698.7035644979,85512.8471950755,"Mali",38.3358923612865,3607356.25825419,19843.9353007642,16867
"MLI",2014,5,23824.6517147883,85512.8471950755,"Mali",38.3358923612865,3607356.25825419,19843.9353007642,16867
"MLI",2015,0,27280.692387742,87968.261234185,"Mali",29.3609132094117,3715120.82198648,17514.868481058,14315
"MLI",2015,1,26341.152057542,87968.261234185,"Mali",29.3609132094117,3715120.82198648,17514.868481058,14315
"MLI",2015,2,25374.4855258476,87968.261234185,"Mali",29.3609132094117,3715120.82198648,17514.868481058,14315
"MLI",2015,5,22325.4080194138,87968.261234185,"Mali",29.3609132094117,3715120.82198648,17514.868481058,14315
"MLI",2016,0,23302.8970781722,87986.0878496309,"Mali",20.4070037653551,3823672.4469729,16045.6910134259,11905
"MLI",2016,1,22275.3260937389,87986.0878496309,"Mali",20.4070037653551,3823672.4469729,16045.6910134259,11905
"MLI",2016,2,21217.8585715892,87986.0878496309,"Mali",20.4070037653551,3823672.4469729,16045.6910134259,11905
"MLI",2016,5,17881.1132830681,87986.0878496309,"Mali",20.4070037653551,3823672.4469729,16045.6910134259,11905
"MLI",2017,0,20516.3492909585,88603.7010190706,"Mali",16.3333465709212,3931704.82735495,14235.9257206803,10102
"MLI",2017,1,19407.9665894814,88603.7010190706,"Mali",16.3333465709212,3931704.82735495,14235.9257206803,10102
"MLI",2017,2,18267.0739465034,88603.7010190706,"Mali",16.3333465709212,3931704.82735495,14235.9257206803,10102
"MLI",2017,5,14665.6559959306,88603.7010190706,"Mali",16.3333465709212,3931704.82735495,14235.9257206803,10102
"MLI",2018,0,18888.4228348079,88734.7558629522,"Mali",14.5150774691465,4043687.82954897,13625.6859137478,8968
"MLI",2018,1,17740.1366912137,88734.7558629522,"Mali",14.5150774691465,4043687.82954897,13625.6859137478,8968
"MLI",2018,2,16558.0452337913,88734.7558629522,"Mali",14.5150774691465,4043687.82954897,13625.6859137478,8968
"MLI",2018,5,12825.8857343284,88734.7558629522,"Mali",14.5150774691465,4043687.82954897,13625.6859137478,8968
"MLI",2019,0,19154.7055193109,88384.8283933605,"Mali",15.0514482509131,4158199.18498887,14118.3873410395,8281
"MLI",2019,1,18031.9512537026,88384.8283933605,"Mali",15.0514482509131,4158199.18498887,14118.3873410395,8281
"MLI",2019,2,16876.2824427775,88384.8283933605,"Mali",15.0514482509131,4158199.18498887,14118.3873410395,8281
"MLI",2019,5,13228.2883597633,88384.8283933605,"Mali",15.0514482509131,4158199.18498887,14118.3873410395,8281
"MLI",2020,0,19297.7309487254,88226.8784685772,"Mali",15.3698194097573,4271293.9577989,15941.5148974664,7744
"MLI",2020,1,18189.7847217071,88226.8784685772,"Mali",15.3698194097573,4271293.9577989,15941.5148974664,7744
"MLI",2020,2,17049.4730792428,88226.8784685772,"Mali",15.3698194097573,4271293.9577989,15941.5148974664,7744
"MLI",2020,5,13450.5790520896,88226.8784685772,"Mali",15.3698194097573,4271293.9577989,15941.5148974664,7744
"MLI",2021,0,18319.2957574032,87829.2264043591,"Mali",14.4487489791066,4386549.23967503,13665.8047726698,7460
"MLI",2021,1,17199.6030684093,87829.2264043591,"Mali",14.4487489791066,4386549.23967503,13665.8047726698,7460
"MLI",2021,2,16047.1550512314,87829.2264043591,"Mali",14.4487489791066,4386549.23967503,13665.8047726698,7460
"MLI",2021,5,12409.6898992794,87829.2264043591,"Mali",14.4487489791066,4386549.23967503,13665.8047726698,7460
"MLI",2022,0,19506.6927107548,88455.4168749682,"Mali",15.8026551876271,4497073.96846885,14141.2923861676,7254
"MLI",2022,1,18416.84339647,88455.4168749682,"Mali",15.8026551876271,4497073.96846885,14141.2923861676,7254
"MLI",2022,2,17295.3213096552,88455.4168749682,"Mali",15.8026551876271,4497073.96846885,14141.2923861676,7254
"MLI",2022,5,13756.598553826,88455.4168749682,"Mali",15.8026551876271,4497073.96846885,14141.2923861676,7254
"MLI",2023,0,20974.5543897562,88847.5332002554,"Mali",17.7704591939953,4600201.22175712,14455.3436795002,7073
"MLI",2023,1,19927.6603561365,88847.5332002554,"Mali",17.7704591939953,4600201.22175712,14455.3436795002,7073
"MLI",2023,2,18850.6041378016,88847.5332002554,"Mali",17.7704591939953,4600201.22175712,14455.3436795002,7073
"MLI",2023,5,15453.6014959656,88847.5332002554,"Mali",17.7704591939953,4600201.22175712,14455.3436795002,7073
"MLI",2024,0,20603.6241866481,87756.7145398564,"Mali",17.8255590399717,4755157.53288383,12944.5842730324,6984
"MLI",2024,1,19578.0812997691,87756.7145398564,"Mali",17.8255590399717,4755157.53288383,12944.5842730324,6984
"MLI",2024,2,18523.0692424075,87756.7145398564,"Mali",17.8255590399717,4755157.53288383,12944.5842730324,6984
"MLI",2024,5,15195.9835601296,87756.7145398564,"Mali",17.8255590399717,4755157.53288383,12944.5842730324,6984
"MOZ",2000,0,41861.7954776171,121955.877080466,"Mozambique",51.1069128042225,3403554.87587248,20248.528864094,30432
"MOZ",2000,1,40658.1028191669,121955.877080466,"Mozambique",51.1069128042225,3403554.87587248,20248.528864094,30432
"MOZ",2000,2,39422.8629240569,121955.877080466,"Mozambique",51.1069128042225,3403554.87587248,20248.528864094,30432
"MOZ",2000,5,35545.1425061998,121955.877080466,"Mozambique",51.1069128042225,3403554.87587248,20248.528864094,30432
"MOZ",2001,0,40181.9604689255,116911.222316971,"Mozambique",53.4859949853576,3481815.91693642,19873.8297525241,28725
"MOZ",2001,1,39033.0938891475,116911.222316971,"Mozambique",53.4859949853576,3481815.91693642,19873.8297525241,28725
"MOZ",2001,2,37854.0629338686,116911.222316971,"Mozambique",53.4859949853576,3481815.91693642,19873.8297525241,28725
"MOZ",2001,5,34152.456185459,116911.222316971,"Mozambique",53.4859949853576,3481815.91693642,19873.8297525241,28725
"MOZ",2002,0,38953.033399428,113496.612778102,"Mozambique",53.1119833003614,3576511.1167986,18972.243129073,26579
"MOZ",2002,1,37838.2321660654,113496.612778102,"Mozambique",53.1119833003614,3576511.1167986,18972.243129073,26579
"MOZ",2002,2,36694.1139503598,113496.612778102,"Mozambique",53.1119833003614,3576511.1167986,18972.243129073,26579
"MOZ",2002,5,33101.8280860239,113496.612778102,"Mozambique",53.1119833003614,3576511.1167986,18972.243129073,26579
"MOZ",2003,0,37436.5696834615,109628.396162689,"Mozambique",50.1216553134761,3674503.47996027,17150.1132766216,24052
"MOZ",2003,1,36356.7723382128,109628.396162689,"Mozambique",50.1216553134761,3674503.47996027,17150.1132766216,24052
"MOZ",2003,2,35248.5200858417,109628.396162689,"Mozambique",50.1216553134761,3674503.47996027,17150.1132766216,24052
"MOZ",2003,5,31768.4932866734,109628.396162689,"Mozambique",50.1216553134761,3674503.47996027,17150.1132766216,24052
"MOZ",2004,0,35941.6604939325,106088.033279559,"Mozambique",46.8981121100949,3774186.83292484,14808.153107538,21394
"MOZ",2004,1,34893.6094429658,106088.033279559,"Mozambique",46.8981121100949,3774186.83292484,14808.153107538,21394
"MOZ",2004,2,33817.9053312946,106088.033279559,"Mozambique",46.8981121100949,3774186.83292484,14808.153107538,21394
"MOZ",2004,5,30439.8614112388,106088.033279559,"Mozambique",46.8981121100949,3774186.83292484,14808.153107538,21394
"MOZ",2005,0,33078.4416195118,99135.6037445077,"Mozambique",44.2928156950409,3874728.15625756,12272.1178087967,18861
"MOZ",2005,1,32102.3027798102,99135.6037445077,"Mozambique",44.2928156950409,3874728.15625756,12272.1178087967,18861
"MOZ",2005,2,31100.3066738721,99135.6037445077,"Mozambique",44.2928156950409,3874728.15625756,12272.1178087967,18861
"MOZ",2005,5,27953.079080721,99135.6037445077,"Mozambique",44.2928156950409,3874728.15625756,12272.1178087967,18861
"MOZ",2006,0,30225.7171149203,92628.453974088,"Mozambique",40.5461568907035,3978794.55765957,12461.2669549881,16741
"MOZ",2006,1,29313.6255411226,92628.453974088,"Mozambique",40.5461568907035,3978794.55765957,12461.2669549881,16741
"MOZ",2006,2,28377.2731448953,92628.453974088,"Mozambique",40.5461568907035,3978794.55765957,12461.2669549881,16741
"MOZ",2006,5,25435.5848990544,92628.453974088,"Mozambique",40.5461568907035,3978794.55765957,12461.2669549881,16741
"MOZ",2007,0,28572.9388048707,89282.3095185435,"Mozambique",37.2949564356556,4085418.90802654,11813.9957104021,16801
"MOZ",2007,1,27688.0211425802,89282.3095185435,"Mozambique",37.2949564356556,4085418.90802654,11813.9957104021,16801
"MOZ",2007,2,26779.5351967107,89282.3095185435,"Mozambique",37.2949564356556,4085418.90802654,11813.9957104021,16801
"MOZ",2007,5,23925.1885342802,89282.3095185435,"Mozambique",37.2949564356556,4085418.90802654,11813.9957104021,16801
"MOZ",2008,0,27404.5756298669,87115.464905125,"Mozambique",35.3329607607927,4191805.65745263,9718.15035451244,16241
"MOZ",2008,1,26539.4114872572,87115.464905125,"Mozambique",35.3329607607927,4191805.65745263,9718.15035451244,16241
"MOZ",2008,2,25651.2468569955,87115.464905125,"Mozambique",35.3329607607927,4191805.65745263,9718.15035451244,16241
"MOZ",2008,5,22860.9529643605,87115.464905125,"Mozambique",35.3329607607927,4191805.65745263,9718.15035451244,16241
"MOZ",2009,0,26434.1225787456,84465.9840089127,"Mozambique",35.4871396668739,4297224.22793653,9674.46611106666,16072
"MOZ",2009,1,25601.5128100308,84465.9840089127,"Mozambique",35.4871396668739,4297224.22793653,9674.46611106666,16072
"MOZ",2009,2,24746.8220298282,84465.9840089127,"Mozambique",35.4871396668739,4297224.22793653,9674.46611106666,16072
"MOZ",2009,5,22061.9622105709,84465.9840089127,"Mozambique",35.4871396668739,4297224.22793653,9674.46611106666,16072
"MOZ",2010,0,25579.2139922594,81759.3052078703,"Mozambique",36.4623852068371,4401842.23272084,9149.07108760428,15931
"MOZ",2010,1,24782.351244605,81759.3052078703,"Mozambique",36.4623852068371,4401842.23272084,9149.07108760428,15931
"MOZ",2010,2,23964.3838746043,81759.3052078703,"Mozambique",36.4623852068371,4401842.23272084,9149.07108760428,15931
"MOZ",2010,5,21394.9984891665,81759.3052078703,"Mozambique",36.4623852068371,4401842.23272084,9149.07108760428,15931
"MOZ",2011,0,24697.843088339,79548.4699899516,"Mozambique",36.4227739619944,4505386.41823458,8129.22971335361,15630
"MOZ",2011,1,23928.9857779527,79548.4699899516,"Mozambique",36.4227739619944,4505386.41823458,8129.22971335361,15630
"MOZ",2011,2,23139.8065933113,79548.4699899516,"Mozambique",36.4227739619944,4505386.41823458,8129.22971335361,15630
"MOZ",2011,5,20661.0305624248,79548.4699899516,"Mozambique",36.4227739619944,4505386.41823458,8129.22971335361,15630
"MOZ",2012,0,23935.2173781933,77565.6192616317,"Mozambique",36.678446250526,4607977.21714686,7950.02295950672,15232
"MOZ",2012,1,23192.8007751469,77565.6192616317,"Mozambique",36.678446250526,4607977.21714686,7950.02295950672,15232
"MOZ",2012,2,22430.8127773774,77565.6192616317,"Mozambique",36.678446250526,4607977.21714686,7950.02295950672,15232
"MOZ",2012,5,20037.6872668536,77565.6192616317,"Mozambique",36.678446250526,4607977.21714686,7950.02295950672,15232
"MOZ",2013,0,23430.9354939411,76320.6074808475,"Mozambique",37.2848289253251,4708839.10575215,7503.95098726849,14673
"MOZ",2013,1,22709.2181424591,76320.6074808475,"Mozambique",37.2848289253251,4708839.10575215,7503.95098726849,14673
"MOZ",2013,2,21968.5766096996,76320.6074808475,"Mozambique",37.2848289253251,4708839.10575215,7503.95098726849,14673
"MOZ",2013,5,19643.0280824318,76320.6074808475,"Mozambique",37.2848289253251,4708839.10575215,7503.95098726849,14673
"MOZ",2014,0,22501.7801967714,74894.4709435421,"Mozambique",35.9736935110425,4808924.16605244,6992.00641447975,13933
"MOZ",2014,1,21800.4014868631,74894.4709435421,"Mozambique",35.9736935110425,4808924.16605244,6992.00641447975,13933
"MOZ",2014,2,21080.7943884773,74894.4709435421,"Mozambique",35.9736935110425,4808924.16605244,6992.00641447975,13933
"MOZ",2014,5,18822.1640795048,74894.4709435421,"Mozambique",35.9736935110425,4808924.16605244,6992.00641447975,13933
"MOZ",2015,0,21773.864972593,74024.3876125815,"Mozambique",34.6327854633793,4908413.46692549,6527.55341006905,13060
"MOZ",2015,1,21085.6341160825,74024.3876125815,"Mozambique",34.6327854633793,4908413.46692549,6527.55341006905,13060
"MOZ",2015,2,20379.6417885452,74024.3876125815,"Mozambique",34.6327854633793,4908413.46692549,6527.55341006905,13060
"MOZ",2015,5,18164.4016214923,74024.3876125815,"Mozambique",34.6327854633793,4908413.46692549,6527.55341006905,13060
"MOZ",2016,0,21951.95992276,75156.8750811543,"Mozambique",33.3625966487089,5005108.65549509,6537.29064167157,12253
"MOZ",2016,1,21246.8872318068,75156.8750811543,"Mozambique",33.3625966487089,5005108.65549509,6537.29064167157,12253
"MOZ",2016,2,20523.675944483,75156.8750811543,"Mozambique",33.3625966487089,5005108.65549509,6537.29064167157,12253
"MOZ",2016,5,18254.7483408506,75156.8750811543,"Mozambique",33.3625966487089,5005108.65549509,6537.29064167157,12253
"MOZ",2017,0,21839.3022874237,76095.0957467603,"Mozambique",31.3495300738907,5097291.21616025,6560.82928224711,11559
"MOZ",2017,1,21116.3577494467,76095.0957467603,"Mozambique",31.3495300738907,5097291.21616025,6560.82928224711,11559
"MOZ",2017,2,20374.877206862,76095.0957467603,"Mozambique",31.3495300738907,5097291.21616025,6560.82928224711,11559
"MOZ",2017,5,18049.0090492121,76095.0957467603,"Mozambique",31.3495300738907,5097291.21616025,6560.82928224711,11559
"MOZ",2018,0,21073.8853973251,74987.771336065,"Mozambique",29.9201002029675,5187147.61249097,6836.0107536147,11008
"MOZ",2018,1,20358.8081324695,74987.771336065,"Mozambique",29.9201002029675,5187147.61249097,6836.0107536147,11008
"MOZ",2018,2,19625.42385183,74987.771336065,"Mozambique",29.9201002029675,5187147.61249097,6836.0107536147,11008
"MOZ",2018,5,17325.0895258283,74987.771336065,"Mozambique",29.9201002029675,5187147.61249097,6836.0107536147,11008
"MOZ",2019,0,20417.0209201841,74604.5598593555,"Mozambique",27.9806257998887,5275894.35352082,7272.42328325974,10613
"MOZ",2019,1,19696.6491438368,74604.5598593555,"Mozambique",27.9806257998887,5275894.35352082,7272.42328325974,10613
"MOZ",2019,2,18957.8145470723,74604.5598593555,"Mozambique",27.9806257998887,5275894.35352082,7272.42328325974,10613
"MOZ",2019,5,16640.266474413,74604.5598593555,"Mozambique",27.9806257998887,5275894.35352082,7272.42328325974,10613
"MOZ",2020,0,19879.5781046306,73128.7643602405,"Mozambique",27.8374282607935,5361798.34155153,9630.3553702951,10417
"MOZ",2020,1,19175.896947315,73128.7643602405,"Mozambique",27.8374282607935,5361798.34155153,9630.3553702951,10417
"MOZ",2020,2,18454.2303614319,73128.7643602405,"Mozambique",27.8374282607935,5361798.34155153,9630.3553702951,10417
"MOZ",2020,5,16190.8048681347,73128.7643602405,"Mozambique",27.8374282607935,5361798.34155153,9630.3553702951,10417
"MOZ",2021,0,18723.9037587364,72491.1903922511,"Mozambique",25.0105881435262,5444704.36197475,9627.94225261458,10317
"MOZ",2021,1,18012.0811455612,72491.1903922511,"Mozambique",25.0105881435262,5444704.36197475,9627.94225261458,10317
"MOZ",2021,2,17282.0950739337,72491.1903922511,"Mozambique",25.0105881435262,5444704.36197475,9627.94225261458,10317
"MOZ",2021,5,14992.7537098337,72491.1903922511,"Mozambique",25.0105881435262,5444704.36197475,9627.94225261458,10317
"MOZ",2022,0,17969.4942596783,72381.0109032625,"Mozambique",23.3760834108813,5523275.04569387,9449.16077870792,10274
"MOZ",2022,1,17251.3246947746,72381.0109032625,"Mozambique",23.3760834108813,5523275.04569387,9449.16077870792,10274
"MOZ",2022,2,16514.8990437206,72381.0109032625,"Mozambique",23.3760834108813,5523275.04569387,9449.16077870792,10274
"MOZ",2022,5,14205.7468788161,72381.0109032625,"Mozambique",23.3760834108813,5523275.04569387,9449.16077870792,10274
"MOZ",2023,0,18335.6191116212,73743.4407203409,"Mozambique",23.6331584639183,5596219.38208334,8054.41162157393,10277
"MOZ",2023,1,17608.2760064984,73743.4407203409,"Mozambique",23.6331584639183,5596219.38208334,8054.41162157393,10277
"MOZ",2023,2,16862.6252418372,73743.4407203409,"Mozambique",23.6331584639183,5596219.38208334,8054.41162157393,10277
"MOZ",2023,5,14525.585309697,73743.4407203409,"Mozambique",23.6331584639183,5596219.38208334,8054.41162157393,10277
"MOZ",2024,0,19295.8269700119,75208.0645451155,"Mozambique",24.0344454120773,5650334.27053511,10284.9934524545,10315
"MOZ",2024,1,18540.4474031939,75208.0645451155,"Mozambique",24.0344454120773,5650334.27053511,10284.9934524545,10315
"MOZ",2024,2,17765.7614627204,75208.0645451155,"Mozambique",24.0344454120773,5650334.27053511,10284.9934524545,10315
"MOZ",2024,5,15336.1313527956,75208.0645451155,"Mozambique",24.0344454120773,5650334.27053511,10284.9934524545,10315
"MRT",2000,0,814.536238340896,7814.64976383707,"Mauritania",7.53862660543931,456314.452603212,425.956847520505,336
"MRT",2000,1,714.661491251174,7814.64976383707,"Mauritania",7.53862660543931,456314.452603212,425.956847520505,336
"MRT",2000,2,611.993705588839,7814.64976383707,"Mauritania",7.53862660543931,456314.452603212,425.956847520505,336
"MRT",2000,5,288.623036584427,7814.64976383707,"Mauritania",7.53862660543931,456314.452603212,425.956847520505,336
"MRT",2001,0,607.989946540531,7824.39409692007,"Mauritania",5.48583833250417,467373.2821662,408.356796766157,328
"MRT",2001,1,503.375734173966,7824.39409692007,"Mauritania",5.48583833250417,467373.2821662,408.356796766157,328
"MRT",2001,2,395.816037621513,7824.39409692007,"Mauritania",5.48583833250417,467373.2821662,408.356796766157,328
"MRT",2001,5,56.9286239572093,7824.39409692007,"Mauritania",5.48583833250417,467373.2821662,408.356796766157,328
"MRT",2002,0,550.1732590808,7865.67339038328,"Mauritania",4.94604937487826,479473.72049368,344.662211951253,313
"MRT",2002,1,444.513963572413,7865.67339038328,"Mauritania",4.94604937487826,479473.72049368,344.662211951253,313
"MRT",2002,2,335.884133188843,7865.67339038328,"Mauritania",4.94604937487826,479473.72049368,344.662211951253,313
"MRT",2002,5,0,7865.67339038328,"Mauritania",4.94604937487826,479473.72049368,344.662211951253,313
"MRT",2003,0,675.171410240343,7801.65477985508,"Mauritania",6.34821986727738,492594.15712748,411.861413939723,288
"MRT",2003,1,575.629248628743,7801.65477985508,"Mauritania",6.34821986727738,492594.15712748,411.861413939723,288
"MRT",2003,2,473.325115959732,7801.65477985508,"Mauritania",6.34821986727738,492594.15712748,411.861413939723,288
"MRT",2003,5,151.215651081609,7801.65477985508,"Mauritania",6.34821986727738,492594.15712748,411.861413939723,288
"MRT",2004,0,474.851371602602,7841.99691375718,"Mauritania",4.34509549098018,506541.880650894,263.708563774918,260
"MRT",2004,1,370.272087594227,7841.99691375718,"Mauritania",4.34509549098018,506541.880650894,263.708563774918,260
"MRT",2004,2,262.77004142359,7841.99691375718,"Mauritania",4.34509549098018,506541.880650894,263.708563774918,260
"MRT",2004,5,0,7841.99691375718,"Mauritania",4.34509549098018,506541.880650894,263.708563774918,260
"MRT",2005,0,444.607519328559,7861.39012005786,"Mauritania",4.08661106779518,520959.741558372,254.427955607677,236
"MRT",2005,1,340.151027007597,7861.39012005786,"Mauritania",4.08661106779518,520959.741558372,254.427955607677,236
"MRT",2005,2,232.786871445069,7861.39012005786,"Mauritania",4.08661106779518,520959.741558372,254.427955607677,236
"MRT",2005,5,0,7861.39012005786,"Mauritania",4.08661106779518,520959.741558372,254.427955607677,236
"MRT",2006,0,90.3623470338813,7773.59717742639,"Mauritania",0.809262603592954,535634.349542644,56.4783952833765,216
"MRT",2006,1,0,7773.59717742639,"Mauritania",0.809262603592954,535634.349542644,56.4783952833765,216
"MRT",2006,2,0,7773.59717742639,"Mauritania",0.809262603592954,535634.349542644,56.4783952833765,216
"MRT",2006,5,0,7773.59717742639,"Mauritania",0.809262603592954,535634.349542644,56.4783952833765,216
"MRT",2007,0,350.577322345027,7596.43759069229,"Mauritania",3.38824484103689,550351.991251962,228.137431812469,223
"MRT",2007,1,250.358014507729,7596.43759069229,"Mauritania",3.38824484103689,550351.991251962,228.137431812469,223
"MRT",2007,2,147.359157335681,7596.43759069229,"Mauritania",3.38824484103689,550351.991251962,228.137431812469,223
"MRT",2007,5,0,7596.43759069229,"Mauritania",3.38824484103689,550351.991251962,228.137431812469,223
"MRT",2008,0,517.598501233403,7453.86303211318,"Mauritania",5.32026272660147,564778.707211461,321.552729302026,226
"MRT",2008,1,425.43978154603,7453.86303211318,"Mauritania",5.32026272660147,564778.707211461,321.552729302026,226
"MRT",2008,2,330.766037286613,7453.86303211318,"Mauritania",5.32026272660147,564778.707211461,321.552729302026,226
"MRT",2008,5,32.9021018048181,7453.86303211318,"Mauritania",5.32026272660147,564778.707211461,321.552729302026,226
"MRT",2009,0,239.226940287166,7466.6837790878,"Mauritania",2.35870554373028,578574.018122914,165.351887614584,230
"MRT",2009,1,139.669661684559,7466.6837790878,"Mauritania",2.35870554373028,578574.018122914,165.351887614584,230
"MRT",2009,2,37.3519788889691,7466.6837790878,"Mauritania",2.35870554373028,578574.018122914,165.351887614584,230
"MRT",2009,5,0,7466.6837790878,"Mauritania",2.35870554373028,578574.018122914,165.351887614584,230
"MRT",2010,0,306.792339170041,7361.08806625876,"Mauritania",3.13351491717227,591556.293513346,229.904216157263,234
"MRT",2010,1,211.630262528451,7361.08806625876,"Mauritania",3.13351491717227,591556.293513346,229.904216157263,234
"MRT",2010,2,113.851054942576,7361.08806625876,"Mauritania",3.13351491717227,591556.293513346,229.904216157263,234
"MRT",2010,5,0,7361.08806625876,"Mauritania",3.13351491717227,591556.293513346,229.904216157263,234
"MRT",2011,0,413.441651059807,7230.82922533993,"Mauritania",4.42776525671974,603609.522159491,295.121030473325,234
"MRT",2011,1,324.068079673256,7230.82922533993,"Mauritania",4.42776525671974,603609.522159491,295.121030473325,234
"MRT",2011,2,232.265517517493,7230.82922533993,"Mauritania",4.42776525671974,603609.522159491,295.121030473325,234
"MRT",2011,5,0,7230.82922533993,"Mauritania",4.42776525671974,603609.522159491,295.121030473325,234
"MRT",2012,0,229.0422384466,7157.2548697472,"Mauritania",2.4192498898819,614627.927640959,171.568536254689,231
"MRT",2012,1,136.166102231035,7157.2548697472,"Mauritania",2.4192498898819,614627.927640959,171.568536254689,231
"MRT",2012,2,40.7398789669867,7157.2548697472,"Mauritania",2.4192498898819,614627.927640959,171.568536254689,231
"MRT",2012,5,0,7157.2548697472,"Mauritania",2.4192498898819,614627.927640959,171.568536254689,231
"MRT",2013,0,252.268862011795,7020.14565881275,"Mauritania",2.75193392001256,624636.61533497,194.658174496203,226
"MRT",2013,1,162.718331277589,7020.14565881275,"Mauritania",2.75193392001256,624636.61533497,194.658174496203,226
"MRT",2013,2,70.721819499306,7020.14565881275,"Mauritania",2.75193392001256,624636.61533497,194.658174496203,226
"MRT",2013,5,0,7020.14565881275,"Mauritania",2.75193392001256,624636.61533497,194.658174496203,226
"MRT",2014,0,467.457319034026,6800.01864952585,"Mauritania",5.55478788575643,633769.198611581,321.101791420732,220
"MRT",2014,1,387.853972186099,6800.01864952585,"Mauritania",5.55478788575643,633769.198611581,321.101791420732,220
"MRT",2014,2,306.124066712877,6800.01864952585,"Mauritania",5.55478788575643,633769.198611581,321.101791420732,220
"MRT",2014,5,49.2272047629065,6800.01864952585,"Mauritania",5.55478788575643,633769.198611581,321.101791420732,220
"MRT",2015,0,519.039642956803,6687.89899376322,"Mauritania",6.4035707842887,641996.575491843,382.678216987015,214
"MRT",2015,1,442.997842870169,6687.89899376322,"Mauritania",6.4035707842887,641996.575491843,382.678216987015,214
"MRT",2015,2,364.943256315131,6687.89899376322,"Mauritania",6.4035707842887,641996.575491843,382.678216987015,214
"MRT",2015,5,119.698996264987,6687.89899376322,"Mauritania",6.4035707842887,641996.575491843,382.678216987015,214
"MRT",2016,0,623.428110503983,6487.90410609511,"Mauritania",8.23631687659498,649270.34715668,457.53694353734,207
"MRT",2016,1,553.529620046599,6487.90410609511,"Mauritania",8.23631687659498,649270.34715668,457.53694353734,207
"MRT",2016,2,481.80859967499,6487.90410609511,"Mauritania",8.23631687659498,649270.34715668,457.53694353734,207
"MRT",2016,5,256.612026173556,6487.90410609511,"Mauritania",8.23631687659498,649270.34715668,457.53694353734,207
"MRT",2017,0,436.836180745362,6445.30544535839,"Mauritania",5.58819887022692,655475.704693158,365.095521655593,200
"MRT",2017,1,362.881569445856,6445.30544535839,"Mauritania",5.58819887022692,655475.704693158,365.095521655593,200
"MRT",2017,2,286.969534574425,6445.30544535839,"Mauritania",5.58819887022692,655475.704693158,365.095521655593,200
"MRT",2017,5,48.4566830429537,6445.30544535839,"Mauritania",5.58819887022692,655475.704693158,365.095521655593,200
"MRT",2018,0,300.296367458062,6241.24980044038,"Mauritania",3.88820737723331,660467.64813679,371.0169338133,196
"MRT",2018,1,225.852538198352,6241.24980044038,"Mauritania",3.88820737723331,660467.64813679,371.0169338133,196
"MRT",2018,2,149.419382165279,6241.24980044038,"Mauritania",3.88820737723331,660467.64813679,371.0169338133,196
"MRT",2018,5,0,6241.24980044038,"Mauritania",3.88820737723331,660467.64813679,371.0169338133,196
"MRT",2019,0,201.740698619789,6175.12227859356,"Mauritania",2.60620646904209,664148.618529784,268.574363210735,191
"MRT",2019,1,125.953098698345,6175.12227859356,"Mauritania",2.60620646904209,664148.618529784,268.574363210735,191
"MRT",2019,2,48.1302833382524,6175.12227859356,"Mauritania",2.60620646904209,664148.618529784,268.574363210735,191
"MRT",2019,5,0,6175.12227859356,"Mauritania",2.60620646904209,664148.618529784,268.574363210735,191
"MRT",2020,0,203.820366004938,6036.48755339339,"Mauritania",2.70691740029882,666464.045586221,277.557939156139,185
"MRT",2020,1,130.188257698798,6036.48755339339,"Mauritania",2.70691740029882,666464.045586221,277.557939156139,185
"MRT",2020,2,54.5861893492306,6036.48755339339,"Mauritania",2.70691740029882,666464.045586221,277.557939156139,185
"MRT",2020,5,0,6036.48755339339,"Mauritania",2.70691740029882,666464.045586221,277.557939156139,185
"MRT",2021,0,94.3534675602362,5962.72944256645,"Mauritania",1.24950705412028,667407.75934896,137.415765936433,179
"MRT",2021,1,19.0962070114333,5962.72944256645,"Mauritania",1.24950705412028,667407.75934896,137.415765936433,179
"MRT",2021,2,0,5962.72944256645,"Mauritania",1.24950705412028,667407.75934896,137.415765936433,179
"MRT",2021,5,0,5962.72944256645,"Mauritania",1.24950705412028,667407.75934896,137.415765936433,179
"MRT",2022,0,186.725062533985,5837.5502038921,"Mauritania",2.59257036067042,666999.181282951,252.041184646631,176
"MRT",2022,1,116.182571242043,5837.5502038921,"Mauritania",2.59257036067042,666999.181282951,252.041184646631,176
"MRT",2022,2,43.764564678672,5837.5502038921,"Mauritania",2.59257036067042,666999.181282951,252.041184646631,176
"MRT",2022,5,0,5837.5502038921,"Mauritania",2.59257036067042,666999.181282951,252.041184646631,176
"MRT",2023,0,186.634135111113,5711.39953181871,"Mauritania",2.6799757710199,665793.09340398,254.54304784918,174
"MRT",2023,1,118.493875361583,5711.39953181871,"Mauritania",2.6799757710199,665793.09340398,254.54304784918,174
"MRT",2023,2,48.5501114981601,5711.39953181871,"Mauritania",2.6799757710199,665793.09340398,254.54304784918,174
"MRT",2023,5,0,5711.39953181871,"Mauritania",2.6799757710199,665793.09340398,254.54304784918,174
"MRT",2024,0,185.020501971094,5487.39520476196,"Mauritania",2.77377496776398,665993.310930152,192.831907593039,173
"MRT",2024,1,119.837827344672,5487.39520476196,"Mauritania",2.77377496776398,665993.310930152,192.831907593039,173
"MRT",2024,2,52.9209539863485,5487.39520476196,"Mauritania",2.77377496776398,665993.310930152,192.831907593039,173
"MRT",2024,5,0,5487.39520476196,"Mauritania",2.77377496776398,665993.310930152,192.831907593039,173
"MWI",2000,0,29470.4634980858,80988.7200004727,"Malawi",40.9827116646493,2165641.55135834,15235.184346363,17689
"MWI",2000,1,28576.8838088578,80988.7200004727,"Malawi",40.9827116646493,2165641.55135834,15235.184346363,17689
"MWI",2000,2,27658.0045842704,80988.7200004727,"Malawi",40.9827116646493,2165641.55135834,15235.184346363,17689
"MWI",2000,5,24762.843593483,80988.7200004727,"Malawi",40.9827116646493,2165641.55135834,15235.184346363,17689
"MWI",2001,0,28654.3084361483,78918.7534809865,"Malawi",42.1350337644136,2228810.29683575,14138.0471586068,16270
"MWI",2001,1,27792.0296801041,78918.7534809865,"Malawi",42.1350337644136,2228810.29683575,14138.0471586068,16270
"MWI",2001,2,26905.4394673685,78918.7534809865,"Malawi",42.1350337644136,2228810.29683575,14138.0471586068,16270
"MWI",2001,5,24112.5713221891,78918.7534809865,"Malawi",42.1350337644136,2228810.29683575,14138.0471586068,16270
"MWI",2002,0,27025.8344150968,75953.8687493648,"Malawi",38.9823400437451,2284298.22442264,12724.4795939082,14486
"MWI",2002,1,26196.4007814534,75953.8687493648,"Malawi",38.9823400437451,2284298.22442264,12724.4795939082,14486
"MWI",2002,2,25343.6802950759,75953.8687493648,"Malawi",38.9823400437451,2284298.22442264,12724.4795939082,14486
"MWI",2002,5,22658.0308694508,75953.8687493648,"Malawi",38.9823400437451,2284298.22442264,12724.4795939082,14486
"MWI",2003,0,24487.0414378396,70924.1585956622,"Malawi",35.0161018028923,2340801.1763893,10983.5982094598,12544
"MWI",2003,1,23708.7681378254,70924.1585956622,"Malawi",35.0161018028923,2340801.1763893,10983.5982094598,12544
"MWI",2003,2,22908.6382255521,70924.1585956622,"Malawi",35.0161018028923,2340801.1763893,10983.5982094598,12544
"MWI",2003,5,20388.539494059,70924.1585956622,"Malawi",35.0161018028923,2340801.1763893,10983.5982094598,12544
"MWI",2004,0,22381.8290922067,66790.904413894,"Malawi",32.1740194516999,2399962.20413545,9302.17481558042,10706
"MWI",2004,1,21645.7902452889,66790.904413894,"Malawi",32.1740194516999,2399962.20413545,9302.17481558042,10706
"MWI",2004,2,20889.0473439438,66790.904413894,"Malawi",32.1740194516999,2399962.20413545,9302.17481558042,10706
"MWI",2004,5,18505.3650070261,66790.904413894,"Malawi",32.1740194516999,2399962.20413545,9302.17481558042,10706
"MWI",2005,0,20440.8442776381,61511.0868799983,"Malawi",32.2108258478265,2460040.03271284,8465.6610118672,9850
"MWI",2005,1,19769.0233746395,61511.0868799983,"Malawi",32.2108258478265,2460040.03271284,8465.6610118672,9850
"MWI",2005,2,19078.1681641931,61511.0868799983,"Malawi",32.2108258478265,2460040.03271284,8465.6610118672,9850
"MWI",2005,5,16901.2036617988,61511.0868799983,"Malawi",32.2108258478265,2460040.03271284,8465.6610118672,9850
"MWI",2006,0,18479.7821160545,57070.7243450505,"Malawi",31.1016170818203,2522157.75101123,7935.11512160299,9189
"MWI",2006,1,17862.6127694796,57070.7243450505,"Malawi",31.1016170818203,2522157.75101123,7935.11512160299,9189
"MWI",2006,2,17227.9745699792,57070.7243450505,"Malawi",31.1016170818203,2522157.75101123,7935.11512160299,9189
"MWI",2006,5,15228.21066143,57070.7243450505,"Malawi",31.1016170818203,2522157.75101123,7935.11512160299,9189
"MWI",2007,0,17043.800441529,53834.3090920979,"Malawi",30.5696656473636,2584201.92776448,7440.23367371948,8809
"MWI",2007,1,16469.9741573403,53834.3090920979,"Malawi",30.5696656473636,2584201.92776448,7440.23367371948,8809
"MWI",2007,2,15880.0474102287,53834.3090920979,"Malawi",30.5696656473636,2584201.92776448,7440.23367371948,8809
"MWI",2007,5,14021.9373063634,53834.3090920979,"Malawi",30.5696656473636,2584201.92776448,7440.23367371948,8809
"MWI",2008,0,16354.0350502225,51508.0599285167,"Malawi",31.9675442228876,2639854.91745414,7146.61882947217,8572
"MWI",2008,1,15815.2527581902,51508.0599285167,"Malawi",31.9675442228876,2639854.91745414,7146.61882947217,8572
"MWI",2008,2,15261.4377094999,51508.0599285167,"Malawi",31.9675442228876,2639854.91745414,7146.61882947217,8572
"MWI",2008,5,13517.5183796149,51508.0599285167,"Malawi",31.9675442228876,2639854.91745414,7146.61882947217,8572
"MWI",2009,0,15772.8634663452,49579.4281107457,"Malawi",33.1691697989,2686642.7849728,6876.10815429016,8111
"MWI",2009,1,15261.7341526166,49579.4281107457,"Malawi",33.1691697989,2686642.7849728,6876.10815429016,8111
"MWI",2009,2,14736.3954501722,49579.4281107457,"Malawi",33.1691697989,2686642.7849728,6876.10815429016,8111
"MWI",2009,5,13082.4190689813,49579.4281107457,"Malawi",33.1691697989,2686642.7849728,6876.10815429016,8111
"MWI",2010,0,15134.7554293103,47857.2307189517,"Malawi",33.4735432460555,2726081.69571344,5801.7692006251,7365
"MWI",2010,1,14646.3556997855,47857.2307189517,"Malawi",33.4735432460555,2726081.69571344,5801.7692006251,7365
"MWI",2010,2,14144.424312629,47857.2307189517,"Malawi",33.4735432460555,2726081.69571344,5801.7692006251,7365
"MWI",2010,5,12564.3833704974,47857.2307189517,"Malawi",33.4735432460555,2726081.69571344,5801.7692006251,7365
"MWI",2011,0,14144.4646184423,45799.7283944217,"Malawi",31.8787480622624,2757778.77425997,5411.74221999032,6397
"MWI",2011,1,13678.2868368269,45799.7283944217,"Malawi",31.8787480622624,2757778.77425997,5411.74221999032,6397
"MWI",2011,2,13199.24052183,45799.7283944217,"Malawi",31.8787480622624,2757778.77425997,5411.74221999032,6397
"MWI",2011,5,11691.4872074418,45799.7283944217,"Malawi",31.8787480622624,2757778.77425997,5411.74221999032,6397
"MWI",2012,0,12675.3353058836,43951.8293265564,"Malawi",26.8284013930475,2781983.59067125,4943.35669316082,5359
"MWI",2012,1,12216.6795296264,43951.8293265564,"Malawi",26.8284013930475,2781983.59067125,4943.35669316082,5359
"MWI",2012,2,11745.3811231135,43951.8293265564,"Malawi",26.8284013930475,2781983.59067125,4943.35669316082,5359
"MWI",2012,5,10262.10347092,43951.8293265564,"Malawi",26.8284013930475,2781983.59067125,4943.35669316082,5359
"MWI",2013,0,11313.7731331806,42161.4545404524,"Malawi",23.1895107345353,2800291.23051879,5105.70959151938,4466
"MWI",2013,1,10861.3352448279,42161.4545404524,"Malawi",23.1895107345353,2800291.23051879,5105.70959151938,4466
"MWI",2013,2,10396.4135915847,42161.4545404524,"Malawi",23.1895107345353,2800291.23051879,5105.70959151938,4466
"MWI",2013,5,8933.12744061804,42161.4545404524,"Malawi",23.1895107345353,2800291.23051879,5105.70959151938,4466
"MWI",2014,0,10122.0229809382,40727.1821891374,"Malawi",20.3171465885201,2814783.29420645,5005.36008968822,3815
"MWI",2014,1,9672.083077622,40727.1821891374,"Malawi",20.3171465885201,2814783.29420645,5005.36008968822,3815
"MWI",2014,2,9209.70425679621,40727.1821891374,"Malawi",20.3171465885201,2814783.29420645,5005.36008968822,3815
"MWI",2014,5,7754.28168361253,40727.1821891374,"Malawi",20.3171465885201,2814783.29420645,5005.36008968822,3815
"MWI",2015,0,9238.88077434719,39889.0024103965,"Malawi",18.220052663991,2827325.10462051,4821.92982126994,3356
"MWI",2015,1,8786.47069544651,39889.0024103965,"Malawi",18.220052663991,2827325.10462051,4821.92982126994,3356
"MWI",2015,2,8321.52674953535,39889.0024103965,"Malawi",18.220052663991,2827325.10462051,4821.92982126994,3356
"MWI",2015,5,6857.87944358809,39889.0024103965,"Malawi",18.220052663991,2827325.10462051,4821.92982126994,3356
"MWI",2016,0,8508.72373710369,38683.8222804608,"Malawi",16.9860973965301,2838964.14684908,4388.13600302372,3059
"MWI",2016,1,8063.46064353215,38683.8222804608,"Malawi",16.9860973965301,2838964.14684908,4388.13600302372,3059
"MWI",2016,2,7605.86094500761,38683.8222804608,"Malawi",16.9860973965301,2838964.14684908,4388.13600302372,3059
"MWI",2016,5,6165.32430138966,38683.8222804608,"Malawi",16.9860973965301,2838964.14684908,4388.13600302372,3059
"MWI",2017,0,8087.06174544246,37631.3165885828,"Malawi",16.5943518931431,2851362.01093724,4246.17802540054,2878
"MWI",2017,1,7654.05191446195,37631.3165885828,"Malawi",16.5943518931431,2851362.01093724,4246.17802540054,2878
"MWI",2017,2,7209.07589109176,37631.3165885828,"Malawi",16.5943518931431,2851362.01093724,4246.17802540054,2878
"MWI",2017,5,5808.44254074136,37631.3165885828,"Malawi",16.5943518931431,2851362.01093724,4246.17802540054,2878
"MWI",2018,0,7573.41566606294,36570.7700464186,"Malawi",15.8726481705634,2865012.79721771,4514.00854226747,2798
"MWI",2018,1,7149.68494686894,36570.7700464186,"Malawi",15.8726481705634,2865012.79721771,4514.00854226747,2798
"MWI",2018,2,6714.25754736163,36570.7700464186,"Malawi",15.8726481705634,2865012.79721771,4514.00854226747,2798
"MWI",2018,5,5343.74710292832,36570.7700464186,"Malawi",15.8726481705634,2865012.79721771,4514.00854226747,2798
"MWI",2019,0,7149.55577350103,35491.251204662,"Malawi",15.3991221783356,2878797.613989,4442.15839392319,2772
"MWI",2019,1,6737.17014693956,35491.251204662,"Malawi",15.3991221783356,2878797.613989,4442.15839392319,2772
"MWI",2019,2,6313.41824031016,35491.251204662,"Malawi",15.3991221783356,2878797.613989,4442.15839392319,2772
"MWI",2019,5,4979.74621904989,35491.251204662,"Malawi",15.3991221783356,2878797.613989,4442.15839392319,2772
"MWI",2020,0,7550.80078071356,34487.2604834514,"Malawi",17.5431398781083,2892972.68910426,5311.40279708222,2800
"MWI",2020,1,7167.13113307083,34487.2604834514,"Malawi",17.5431398781083,2892972.68910426,5311.40279708222,2800
"MWI",2020,2,6772.98467260528,34487.2604834514,"Malawi",17.5431398781083,2892972.68910426,5311.40279708222,2800
"MWI",2020,5,5533.02527441806,34487.2604834514,"Malawi",17.5431398781083,2892972.68910426,5311.40279708222,2800
"MWI",2021,0,7725.4808368467,34653.6614060056,"Malawi",17.8088368796585,2906074.55977624,4964.25383209836,2863
"MWI",2021,1,7338.41877322049,34653.6614060056,"Malawi",17.8088368796585,2906074.55977624,4964.25383209836,2863
"MWI",2021,2,6940.78476594411,34653.6614060056,"Malawi",17.8088368796585,2906074.55977624,4964.25383209836,2863
"MWI",2021,5,5689.86036748621,34653.6614060056,"Malawi",17.8088368796585,2906074.55977624,4964.25383209836,2863
"MWI",2022,0,7881.24684634999,34522.2241924396,"Malawi",18.9556815527383,2916055.64862157,5069.86449341651,2928
"MWI",2022,1,7507.86306236966,34522.2241924396,"Malawi",18.9556815527383,2916055.64862157,5069.86449341651,2928
"MWI",2022,2,7124.44272565922,34522.2241924396,"Malawi",18.9556815527383,2916055.64862157,5069.86449341651,2928
"MWI",2022,5,5919.12723309221,34522.2241924396,"Malawi",18.9556815527383,2916055.64862157,5069.86449341651,2928
"MWI",2023,0,7778.35281851738,33902.8706272086,"Malawi",19.3083365186554,2924916.73764231,4541.29096190399,3013
"MWI",2023,1,7415.89794286237,33902.8706272086,"Malawi",19.3083365186554,2924916.73764231,4541.29096190399,3013
"MWI",2023,2,7043.71511236503,33902.8706272086,"Malawi",19.3083365186554,2924916.73764231,4541.29096190399,3013
"MWI",2023,5,5873.7927108631,33902.8706272086,"Malawi",19.3083365186554,2924916.73764231,4541.29096190399,3013
"MWI",2024,0,7995.62521473074,34215.8271722914,"Malawi",19.1757235989892,2936531.14146223,5556.77907078908,3052
"MWI",2024,1,7621.30930446266,34215.8271722914,"Malawi",19.1757235989892,2936531.14146223,5556.77907078908,3052
"MWI",2024,2,7236.79131679883,34215.8271722914,"Malawi",19.1757235989892,2936531.14146223,5556.77907078908,3052
"MWI",2024,5,6027.24214700626,34215.8271722914,"Malawi",19.1757235989892,2936531.14146223,5556.77907078908,3052
"NAM",2000,0,331.984275875336,3917.82833264758,"Namibia",5.20859290308313,263436.578316786,61.456227949413,21
"NAM",2000,1,271.609652517865,3917.82833264758,"Namibia",5.20859290308313,263436.578316786,61.456227949413,21
"NAM",2000,2,209.541671378568,3917.82833264758,"Namibia",5.20859290308313,263436.578316786,61.456227949413,21
"NAM",2000,5,14.0576333163091,3917.82833264758,"Namibia",5.20859290308313,263436.578316786,61.456227949413,21
"NAM",2001,0,486.844107175887,3940.14407579925,"Namibia",8.03161741260329,264619.534171181,98.1826780274491,20
"NAM",2001,1,430.97862138831,3940.14407579925,"Namibia",8.03161741260329,264619.534171181,98.1826780274491,20
"NAM",2001,2,373.574622975939,3940.14407579925,"Namibia",8.03161741260329,264619.534171181,98.1826780274491,20
"NAM",2001,5,192.936882225913,3940.14407579925,"Namibia",8.03161741260329,264619.534171181,98.1826780274491,20
"NAM",2002,0,343.274750752774,3870.7992136113,"Namibia",5.51333137332636,265782.536989694,74.8164019567666,17
"NAM",2002,1,284.478882717258,3870.7992136113,"Namibia",5.51333137332636,265782.536989694,74.8164019567666,17
"NAM",2002,2,224.044163962222,3870.7992136113,"Namibia",5.51333137332636,265782.536989694,74.8164019567666,17
"NAM",2002,5,33.7609323002661,3870.7992136113,"Namibia",5.51333137332636,265782.536989694,74.8164019567666,17
"NAM",2003,0,334.622993901362,3819.06015262801,"Namibia",5.47365295180748,267025.597568647,70.5804406831207,15
"NAM",2003,1,276.863715285255,3819.06015262801,"Namibia",5.47365295180748,267025.597568647,70.5804406831207,15
"NAM",2003,2,217.496715202826,3819.06015262801,"Namibia",5.47365295180748,267025.597568647,70.5804406831207,15
"NAM",2003,5,30.5868798451419,3819.06015262801,"Namibia",5.47365295180748,267025.597568647,70.5804406831207,15
"NAM",2004,0,464.747448543527,3706.63776002738,"Namibia",8.33396035063022,268551.578452512,100.46820914198,13
"NAM",2004,1,413.453345666689,3706.63776002738,"Namibia",8.33396035063022,268551.578452512,100.46820914198,13
"NAM",2004,2,360.758096926632,3706.63776002738,"Namibia",8.33396035063022,268551.578452512,100.46820914198,13
"NAM",2004,5,194.999562728059,3706.63776002738,"Namibia",8.33396035063022,268551.578452512,100.46820914198,13
"NAM",2005,0,260.437574802859,3618.47879220969,"Namibia",4.5353951282014,270616.195880185,68.1857539029271,15
"NAM",2005,1,205.591260647352,3618.47879220969,"Namibia",4.5353951282014,270616.195880185,68.1857539029271,15
"NAM",2005,2,149.221727118503,3618.47879220969,"Namibia",4.5353951282014,270616.195880185,68.1857539029271,15
"NAM",2005,5,0,3618.47879220969,"Namibia",4.5353951282014,270616.195880185,68.1857539029271,15
"NAM",2006,0,224.869709901519,3550.42648747361,"Namibia",4.01623071994388,273420.471622521,69.6827164112299,18
"NAM",2006,1,171.049232175631,3550.42648747361,"Namibia",4.01623071994388,273420.471622521,69.6827164112299,18
"NAM",2006,2,115.740475878284,3550.42648747361,"Namibia",4.01623071994388,273420.471622521,69.6827164112299,18
"NAM",2006,5,0,3550.42648747361,"Namibia",4.01623071994388,273420.471622521,69.6827164112299,18
"NAM",2007,0,95.7105823030777,3514.67293105977,"Namibia",1.69616569801723,277162.571411799,32.5573820472197,20
"NAM",2007,1,39.8245146719421,3514.67293105977,"Namibia",1.69616569801723,277162.571411799,32.5573820472197,20
"NAM",2007,2,0,3514.67293105977,"Namibia",1.69616569801723,277162.571411799,32.5573820472197,20
"NAM",2007,5,0,3514.67293105977,"Namibia",1.69616569801723,277162.571411799,32.5573820472197,20
"NAM",2008,0,33.3850823844733,3456.79952569261,"Namibia",0.600591201330591,281717.607026515,10.708886878535,25
"NAM",2008,1,0,3456.79952569261,"Namibia",0.600591201330591,281717.607026515,10.708886878535,25
"NAM",2008,2,0,3456.79952569261,"Namibia",0.600591201330591,281717.607026515,10.708886878535,25
"NAM",2008,5,0,3456.79952569261,"Namibia",0.600591201330591,281717.607026515,10.708886878535,25
"NAM",2009,0,17.8733602102679,3422.20229797595,"Namibia",0.324481316741054,286897.219391695,4.81722723902584,28
"NAM",2009,1,0,3422.20229797595,"Namibia",0.324481316741054,286897.219391695,4.81722723902584,28
"NAM",2009,2,0,3422.20229797595,"Namibia",0.324481316741054,286897.219391695,4.81722723902584,28
"NAM",2009,5,0,3422.20229797595,"Namibia",0.324481316741054,286897.219391695,4.81722723902584,28
"NAM",2010,0,8.57473405723365,3323.22013321565,"Namibia",0.160448561982869,292409.766399632,2.50699498584142,31
"NAM",2010,1,0,3323.22013321565,"Namibia",0.160448561982869,292409.766399632,2.50699498584142,31
"NAM",2010,2,0,3323.22013321565,"Namibia",0.160448561982869,292409.766399632,2.50699498584142,31
"NAM",2010,5,0,3323.22013321565,"Namibia",0.160448561982869,292409.766399632,2.50699498584142,31
"NAM",2011,0,10.1749726030749,3275.18878834881,"Namibia",0.191595134368714,297851.211152708,2.7606380061728,33
"NAM",2011,1,0,3275.18878834881,"Namibia",0.191595134368714,297851.211152708,2.7606380061728,33
"NAM",2011,2,0,3275.18878834881,"Namibia",0.191595134368714,297851.211152708,2.7606380061728,33
"NAM",2011,5,0,3275.18878834881,"Namibia",0.191595134368714,297851.211152708,2.7606380061728,33
"NAM",2012,0,4.51637213928228,3151.41353518637,"Namibia",0.0885264166078679,302889.297047242,0.385566669579404,32
"NAM",2012,1,0,3151.41353518637,"Namibia",0.0885264166078679,302889.297047242,0.385566669579404,32
"NAM",2012,2,0,3151.41353518637,"Namibia",0.0885264166078679,302889.297047242,0.385566669579404,32
"NAM",2012,5,0,3151.41353518637,"Namibia",0.0885264166078679,302889.297047242,0.385566669579404,32
"NAM",2013,0,21.0033647407155,3069.57205274412,"Namibia",0.420986999969206,307745.959212057,6.26629965191628,34
"NAM",2013,1,0,3069.57205274412,"Namibia",0.420986999969206,307745.959212057,6.26629965191628,34
"NAM",2013,2,0,3069.57205274412,"Namibia",0.420986999969206,307745.959212057,6.26629965191628,34
"NAM",2013,5,0,3069.57205274412,"Namibia",0.420986999969206,307745.959212057,6.26629965191628,34
"NAM",2014,0,58.3450990676978,2984.82055146267,"Namibia",1.19935107849269,312599.240968297,18.0260760751806,36
"NAM",2014,1,9.83654002867281,2984.82055146267,"Namibia",1.19935107849269,312599.240968297,18.0260760751806,36
"NAM",2014,2,0,2984.82055146267,"Namibia",1.19935107849269,312599.240968297,18.0260760751806,36
"NAM",2014,5,0,2984.82055146267,"Namibia",1.19935107849269,312599.240968297,18.0260760751806,36
"NAM",2015,0,36.0622322043577,2917.63286683462,"Namibia",0.747527078008077,317463.93653298,8.80805539286492,37
"NAM",2015,1,0,2917.63286683462,"Namibia",0.747527078008077,317463.93653298,8.80805539286492,37
"NAM",2015,2,0,2917.63286683462,"Namibia",0.747527078008077,317463.93653298,8.80805539286492,37
"NAM",2015,5,0,2917.63286683462,"Namibia",0.747527078008077,317463.93653298,8.80805539286492,37
"NAM",2016,0,71.5745164678121,2851.51297835418,"Namibia",1.53758923357506,322425.483234,19.2370336231841,39
"NAM",2016,1,25.3815286276741,2851.51297835418,"Namibia",1.53758923357506,322425.483234,19.2370336231841,39
"NAM",2016,2,0,2851.51297835418,"Namibia",1.53758923357506,322425.483234,19.2370336231841,39
"NAM",2016,5,0,2851.51297835418,"Namibia",1.53758923357506,322425.483234,19.2370336231841,39
"NAM",2017,0,199.72223495754,2795.05198243158,"Namibia",4.61712814996359,327367.848179449,55.3885230409671,41
"NAM",2017,1,158.467004818149,2795.05198243158,"Namibia",4.61712814996359,327367.848179449,55.3885230409671,41
"NAM",2017,2,116.054380017965,2795.05198243158,"Namibia",4.61712814996359,327367.848179449,55.3885230409671,41
"NAM",2017,5,0,2795.05198243158,"Namibia",4.61712814996359,327367.848179449,55.3885230409671,41
"NAM",2018,0,105.87336612611,2767.96731117876,"Namibia",2.38913615603009,331860.217744864,40.6003823553271,44
"NAM",2018,1,62.4109459630065,2767.96731117876,"Namibia",2.38913615603009,331860.217744864,40.6003823553271,44
"NAM",2018,2,17.7146511392774,2767.96731117876,"Namibia",2.38913615603009,331860.217744864,40.6003823553271,44
"NAM",2018,5,0,2767.96731117876,"Namibia",2.38913615603009,331860.217744864,40.6003823553271,44
"NAM",2019,0,72.845503680845,2733.52010205522,"Namibia",1.65097153131451,335333.725835453,19.0144468316865,45
"NAM",2019,1,29.1301146532014,2733.52010205522,"Namibia",1.65097153131451,335333.725835453,19.0144468316865,45
"NAM",2019,2,0,2733.52010205522,"Namibia",1.65097153131451,335333.725835453,19.0144468316865,45
"NAM",2019,5,0,2733.52010205522,"Namibia",1.65097153131451,335333.725835453,19.0144468316865,45
"NAM",2020,0,46.7806043011916,2680.75378163248,"Namibia",1.06984154285521,337876.192996593,13.7575566722104,46
"NAM",2020,1,3.0981927572967,2680.75378163248,"Namibia",1.06984154285521,337876.192996593,13.7575566722104,46
"NAM",2020,2,0,2680.75378163248,"Namibia",1.06984154285521,337876.192996593,13.7575566722104,46
"NAM",2020,5,0,2680.75378163248,"Namibia",1.06984154285521,337876.192996593,13.7575566722104,46
"NAM",2021,0,45.5631070417837,2650.53205010945,"Namibia",1.05736821734298,339529.389903913,13.1740928222532,45
"NAM",2021,1,2.50786337631405,2650.53205010945,"Namibia",1.05736821734298,339529.389903913,13.1740928222532,45
"NAM",2021,2,0,2650.53205010945,"Namibia",1.05736821734298,339529.389903913,13.1740928222532,45
"NAM",2021,5,0,2650.53205010945,"Namibia",1.05736821734298,339529.389903913,13.1740928222532,45
"NAM",2022,0,38.3431067879832,2629.21348567568,"Namibia",0.908864573424525,340327.218698859,10.2771634919925,43
"NAM",2022,1,0,2629.21348567568,"Namibia",0.908864573424525,340327.218698859,10.2771634919925,43
"NAM",2022,2,0,2629.21348567568,"Namibia",0.908864573424525,340327.218698859,10.2771634919925,43
"NAM",2022,5,0,2629.21348567568,"Namibia",0.908864573424525,340327.218698859,10.2771634919925,43
"NAM",2023,0,37.9230815595258,2571.99795862275,"Namibia",0.936810746890819,340640.244168061,22.4276043349263,43
"NAM",2023,1,0,2571.99795862275,"Namibia",0.936810746890819,340640.244168061,22.4276043349263,43
"NAM",2023,2,0,2571.99795862275,"Namibia",0.936810746890819,340640.244168061,22.4276043349263,43
"NAM",2023,5,0,2571.99795862275,"Namibia",0.936810746890819,340640.244168061,22.4276043349263,43
"NAM",2024,0,36.5468534804266,2453.1860336331,"Namibia",0.94567686375632,331703.636094644,11.0131110529254,43
"NAM",2024,1,0,2453.1860336331,"Namibia",0.94567686375632,331703.636094644,11.0131110529254,43
"NAM",2024,2,0,2453.1860336331,"Namibia",0.94567686375632,331703.636094644,11.0131110529254,43
"NAM",2024,5,0,2453.1860336331,"Namibia",0.94567686375632,331703.636094644,11.0131110529254,43
"NER",2000,0,44881.7996421197,136477.99069156,"Niger",19.8167683935056,2458377.7515512,15646.5058439327,18872
"NER",2000,1,42867.3682722323,136477.99069156,"Niger",19.8167683935056,2458377.7515512,15646.5058439327,18872
"NER",2000,2,40789.8654454649,136477.99069156,"Niger",19.8167683935056,2458377.7515512,15646.5058439327,18872
"NER",2000,5,34210.7701657517,136477.99069156,"Niger",19.8167683935056,2458377.7515512,15646.5058439327,18872
"NER",2001,0,44956.1706130928,134107.779300909,"Niger",20.7727445462275,2560011.92434594,15210.3441721089,19213
"NER",2001,1,43015.426067647,134107.779300909,"Niger",20.7727445462275,2560011.92434594,15210.3441721089,19213
"NER",2001,2,41014.0023677853,134107.779300909,"Niger",20.7727445462275,2560011.92434594,15210.3441721089,19213
"NER",2001,5,34676.2847930468,134107.779300909,"Niger",20.7727445462275,2560011.92434594,15210.3441721089,19213
"NER",2002,0,45518.6634998786,132620.269954048,"Niger",22.1403478102346,2663983.62895612,14438.239946163,19445
"NER",2002,1,43648.6702865897,132620.269954048,"Niger",22.1403478102346,2663983.62895612,14438.239946163,19445
"NER",2002,2,41720.3873281701,132620.269954048,"Niger",22.1403478102346,2663983.62895612,14438.239946163,19445
"NER",2002,5,35615.2375039913,132620.269954048,"Niger",22.1403478102346,2663983.62895612,14438.239946163,19445
"NER",2003,0,45834.6917620639,130566.68388737,"Niger",23.751881920834,2770963.96798659,14654.9124878065,19552
"NER",2003,1,44044.4010161202,130566.68388737,"Niger",23.751881920834,2770963.96798659,14654.9124878065,19552
"NER",2003,2,42198.4882875891,130566.68388737,"Niger",23.751881920834,2770963.96798659,14654.9124878065,19552
"NER",2003,5,36355.1223765674,130566.68388737,"Niger",23.751881920834,2770963.96798659,14654.9124878065,19552
"NER",2004,0,45738.7811579173,127666.496171747,"Niger",25.4914747169798,2881903.32352517,15817.9068479892,19611
"NER",2004,1,44032.8381178277,127666.496171747,"Niger",25.4914747169798,2881903.32352517,15817.9068479892,19611
"NER",2004,2,42274.0294271721,127666.496171747,"Niger",25.4914747169798,2881903.32352517,15817.9068479892,19611
"NER",2004,5,36707.1310515283,127666.496171747,"Niger",25.4914747169798,2881903.32352517,15817.9068479892,19611
"NER",2005,0,45303.4565067563,124960.908948674,"Niger",26.7916282649868,2997351.23324512,19061.3616023064,19606
"NER",2005,1,43662.9709700755,124960.908948674,"Niger",26.7916282649868,2997351.23324512,19061.3616023064,19606
"NER",2005,2,41971.7400492683,124960.908948674,"Niger",26.7916282649868,2997351.23324512,19061.3616023064,19606
"NER",2005,5,36619.2320013123,124960.908948674,"Niger",26.7916282649868,2997351.23324512,19061.3616023064,19606
"NER",2006,0,43520.3041026686,123540.363497401,"Niger",25.0373433860968,3115904.19989517,18956.6193737207,19619
"NER",2006,1,41878.3347956884,123540.363497401,"Niger",25.0373433860968,3115904.19989517,18956.6193737207,19619
"NER",2006,2,40185.5832446032,123540.363497401,"Niger",25.0373433860968,3115904.19989517,18956.6193737207,19619
"NER",2006,5,34828.2895084718,123540.363497401,"Niger",25.0373433860968,3115904.19989517,18956.6193737207,19619
"NER",2007,0,42407.1743038731,121807.502050371,"Niger",24.5635484869555,3236107.65303197,19052.0804959518,21526
"NER",2007,1,40787.1626828149,121807.502050371,"Niger",24.5635484869555,3236107.65303197,19052.0804959518,21526
"NER",2007,2,39117.0633281898,121807.502050371,"Niger",24.5635484869555,3236107.65303197,19052.0804959518,21526
"NER",2007,5,33831.5271248687,121807.502050371,"Niger",24.5635484869555,3236107.65303197,19052.0804959518,21526
"NER",2008,0,42371.6059104255,120529.938913006,"Niger",25.5159468434149,3356914.9269209,20354.7589560269,22659
"NER",2008,1,40791.6716975716,120529.938913006,"Niger",25.5159468434149,3356914.9269209,20354.7589560269,22659
"NER",2008,2,39162.9492164508,120529.938913006,"Niger",25.5159468434149,3356914.9269209,20354.7589560269,22659
"NER",2008,5,34008.6848526343,120529.938913006,"Niger",25.5159468434149,3356914.9269209,20354.7589560269,22659
"NER",2009,0,42362.4022883601,120276.730452395,"Niger",25.9011092709618,3477715.74736617,20997.7778473138,23930
"NER",2009,1,40797.1146910965,120276.730452395,"Niger",25.9011092709618,3477715.74736617,20997.7778473138,23930
"NER",2009,2,39183.5430541989,120276.730452395,"Niger",25.9011092709618,3477715.74736617,20997.7778473138,23930
"NER",2009,5,34077.506018189,120276.730452395,"Niger",25.9011092709618,3477715.74736617,20997.7778473138,23930
"NER",2010,0,43368.4882661654,120714.153708267,"Niger",27.7827284692624,3598196.59428211,21345.3328648658,25314
"NER",2010,1,41828.8432667186,120714.153708267,"Niger",27.7827284692624,3598196.59428211,21345.3328648658,25314
"NER",2010,2,40241.8046169698,120714.153708267,"Niger",27.7827284692624,3598196.59428211,21345.3328648658,25314
"NER",2010,5,35220.2778402616,120714.153708267,"Niger",27.7827284692624,3598196.59428211,21345.3328648658,25314
"NER",2011,0,43952.3097515141,121821.383563396,"Niger",28.4636194263989,3718686.86277368,23004.2057879694,26507
"NER",2011,1,42411.6251409043,121821.383563396,"Niger",28.4636194263989,3718686.86277368,23004.2057879694,26507
"NER",2011,2,40823.5868205285,121821.383563396,"Niger",28.4636194263989,3718686.86277368,23004.2057879694,26507
"NER",2011,5,35799.2885872683,121821.383563396,"Niger",28.4636194263989,3718686.86277368,23004.2057879694,26507
"NER",2012,0,44395.7922998661,123231.660422994,"Niger",28.6094305865692,3840060.30264462,23948.2131312418,27307
"NER",2012,1,42843.661222412,123231.660422994,"Niger",28.6094305865692,3840060.30264462,23948.2131312418,27307
"NER",2012,2,41243.8926310146,123231.660422994,"Niger",28.6094305865692,3840060.30264462,23948.2131312418,27307
"NER",2012,5,36182.8500153909,123231.660422994,"Niger",28.6094305865692,3840060.30264462,23948.2131312418,27307
"NER",2013,0,44830.4009380873,125175.626158316,"Niger",28.2748152646182,3963673.15281019,25833.3465707871,27680
"NER",2013,1,43253.6523021955,125175.626158316,"Niger",28.2748152646182,3963673.15281019,25833.3465707871,27680
"NER",2013,2,41628.5607376255,125175.626158316,"Niger",28.2748152646182,3963673.15281019,25833.3465707871,27680
"NER",2013,5,36487.6736254447,125175.626158316,"Niger",28.2748152646182,3963673.15281019,25833.3465707871,27680
"NER",2014,0,44687.5360946643,126929.81546963,"Niger",26.9818657469932,4090412.2073939,24827.1410556702,27459
"NER",2014,1,43075.3040009173,126929.81546963,"Niger",26.9818657469932,4090412.2073939,24827.1410556702,27459
"NER",2014,2,41413.6674528616,126929.81546963,"Niger",26.9818657469932,4090412.2073939,24827.1410556702,27459
"NER",2014,5,36157.3066248128,126929.81546963,"Niger",26.9818657469932,4090412.2073939,24827.1410556702,27459
"NER",2015,0,44356.7188696181,130781.033490802,"Niger",24.4675094266675,4220154.06008449,23833.605476099,26608
"NER",2015,1,42656.9861280014,130781.033490802,"Niger",24.4675094266675,4220154.06008449,23833.605476099,26608
"NER",2015,2,40905.176713525,130781.033490802,"Niger",24.4675094266675,4220154.06008449,23833.605476099,26608
"NER",2015,5,35363.6053641222,130781.033490802,"Niger",24.4675094266675,4220154.06008449,23833.605476099,26608
"NER",2016,0,42546.6051131474,131879.847822027,"Niger",21.9082578179802,4352991.35098314,22866.1064083859,25789
"NER",2016,1,40782.1767064558,131879.847822027,"Niger",21.9082578179802,4352991.35098314,22866.1064083859,25789
"NER",2016,2,38963.6309272495,131879.847822027,"Niger",21.9082578179802,4352991.35098314,22866.1064083859,25789
"NER",2016,5,33210.6058091193,131879.847822027,"Niger",21.9082578179802,4352991.35098314,22866.1064083859,25789
"NER",2017,0,42249.9576506159,133135.665276691,"Niger",21.3327742430374,4490051.38346722,22248.108074229,24967
"NER",2017,1,40461.0496727385,133135.665276691,"Niger",21.3327742430374,4490051.38346722,22248.108074229,24967
"NER",2017,2,38617.3324117023,133135.665276691,"Niger",21.3327742430374,4490051.38346722,22248.108074229,24967
"NER",2017,5,32784.9852304599,133135.665276691,"Niger",21.3327742430374,4490051.38346722,22248.108074229,24967
"NER",2018,0,42933.864903217,134830.731453673,"Niger",21.7081280045232,4631888.5629046,21350.1861711865,24403
"NER",2018,1,41140.2956014628,134830.731453673,"Niger",21.7081280045232,4631888.5629046,21350.1861711865,24403
"NER",2018,2,39291.9255369985,134830.731453673,"Niger",21.7081280045232,4631888.5629046,21350.1861711865,24403
"NER",2018,5,33445.6796435117,134830.731453673,"Niger",21.7081280045232,4631888.5629046,21350.1861711865,24403
"NER",2019,0,44028.8837911966,136063.219129431,"Niger",22.7281544163657,4779520.27879079,22465.1980340733,24071
"NER",2019,1,42251.9803571766,136063.219129431,"Niger",22.7281544163657,4779520.27879079,22465.1980340733,24071
"NER",2019,2,40420.9531362082,136063.219129431,"Niger",22.7281544163657,4779520.27879079,22465.1980340733,24071
"NER",2019,5,34630.4688676917,136063.219129431,"Niger",22.7281544163657,4779520.27879079,22465.1980340733,24071
"NER",2020,0,43938.5224712994,136535.265845687,"Niger",22.6417038500611,4934677.09794427,26692.69415144,23750
"NER",2020,1,42160.1270638551,136535.265845687,"Niger",22.6417038500611,4934677.09794427,26692.69415144,23750
"NER",2020,2,40327.6501445759,136535.265845687,"Niger",22.6417038500611,4934677.09794427,26692.69415144,23750
"NER",2020,5,34533.0508178118,136535.265845687,"Niger",22.6417038500611,4934677.09794427,26692.69415144,23750
"NER",2021,0,42520.4476360292,136851.655246324,"Niger",21.1576823982552,5098209.16061585,26643.9190154279,23586
"NER",2021,1,40707.4095087813,136851.655246324,"Niger",21.1576823982552,5098209.16061585,26643.9190154279,23586
"NER",2021,2,38839.2035259052,136851.655246324,"Niger",21.1576823982552,5098209.16061585,26643.9190154279,23586
"NER",2021,5,32931.4205708328,136851.655246324,"Niger",21.1576823982552,5098209.16061585,26643.9190154279,23586
"NER",2022,0,42426.4952109206,140488.08001718,"Niger",20.1260242955484,5267949.1806757,21468.9916400873,23696
"NER",2022,1,40541.7449722901,140488.08001718,"Niger",20.1260242955484,5267949.1806757,21468.9916400873,23696
"NER",2022,2,38599.6770046633,140488.08001718,"Niger",20.1260242955484,5267949.1806757,21468.9916400873,23696
"NER",2022,5,32458.4849697571,140488.08001718,"Niger",20.1260242955484,5267949.1806757,21468.9916400873,23696
"NER",2023,0,39800.4450037132,143179.549148897,"Niger",17.4150289900575,5442833.3225327,23296.5883479612,23556
"NER",2023,1,37788.5070346572,143179.549148897,"Niger",17.4150289900575,5442833.3225327,23296.5883479612,23556
"NER",2023,2,35715.1476985622,143179.549148897,"Niger",17.4150289900575,5442833.3225327,23296.5883479612,23556
"NER",2023,5,29157.47338266,143179.549148897,"Niger",17.4150289900575,5442833.3225327,23296.5883479612,23556
"NER",2024,0,37567.3751397023,137095.733919724,"Niger",17.3368601964551,5561688.39630124,20343.4978323923,23877
"NER",2024,1,35660.5730728197,137095.733919724,"Niger",17.3368601964551,5561688.39630124,20343.4978323923,23877
"NER",2024,2,33695.5547090323,137095.733919724,"Niger",17.3368601964551,5561688.39630124,20343.4978323923,23877
"NER",2024,5,27480.4024920532,137095.733919724,"Niger",17.3368601964551,5561688.39630124,20343.4978323923,23877
"NGA",2000,0,361603.362663405,964449.433627779,"Nigeria",42.8210697689159,22299426.946267,133273.572924742,210512
"NGA",2000,1,350617.050812825,964449.433627779,"Nigeria",42.8210697689159,22299426.946267,133273.572924742,210512
"NGA",2000,2,339302.648370726,964449.433627779,"Nigeria",42.8210697689159,22299426.946267,133273.572924742,210512
"NGA",2000,5,303557.73517319,964449.433627779,"Nigeria",42.8210697689159,22299426.946267,133273.572924742,210512
"NGA",2001,0,360154.141031633,961078.535690263,"Nigeria",43.4323687027623,23086848.5676818,135568.854669976,207650
"NGA",2001,1,349244.324767791,961078.535690263,"Nigeria",43.4323687027623,23086848.5676818,135568.854669976,207650
"NGA",2001,2,338008.954738307,961078.535690263,"Nigeria",43.4323687027623,23086848.5676818,135568.854669976,207650
"NGA",2001,5,302515.032711581,961078.535690263,"Nigeria",43.4323687027623,23086848.5676818,135568.854669976,207650
"NGA",2002,0,357713.241523011,955318.180506366,"Nigeria",44.3235505745116,23911382.171566,138262.229726113,203692
"NGA",2002,1,346920.907743412,955318.180506366,"Nigeria",44.3235505745116,23911382.171566,138262.229726113,203692
"NGA",2002,2,335806.957621527,955318.180506366,"Nigeria",44.3235505745116,23911382.171566,138262.229726113,203692
"NGA",2002,5,300698.917202147,955318.180506366,"Nigeria",44.3235505745116,23911382.171566,138262.229726113,203692
"NGA",2003,0,350695.487825987,940164.112308961,"Nigeria",44.2917078471396,24774786.6631054,141679.525240785,200346
"NGA",2003,1,340116.955484388,940164.112308961,"Nigeria",44.2917078471396,24774786.6631054,141679.525240785,200346
"NGA",2003,2,329223.562828518,940164.112308961,"Nigeria",44.2917078471396,24774786.6631054,141679.525240785,200346
"NGA",2003,5,294814.240824792,940164.112308961,"Nigeria",44.2917078471396,24774786.6631054,141679.525240785,200346
"NGA",2004,0,345337.167080256,928344.091119814,"Nigeria",44.6131319539733,25679210.1838894,141530.325945483,198188
"NGA",2004,1,334935.54976162,928344.091119814,"Nigeria",44.6131319539733,25679210.1838894,141530.325945483,198188
"NGA",2004,2,324224.736610737,928344.091119814,"Nigeria",44.6131319539733,25679210.1838894,141530.325945483,198188
"NGA",2004,5,290394.265428814,928344.091119814,"Nigeria",44.6131319539733,25679210.1838894,141530.325945483,198188
"NGA",2005,0,338527.931753869,913193.381854743,"Nigeria",44.911076588637,26619269.5239594,141101.592555906,197060
"NGA",2005,1,328344.654904617,913193.381854743,"Nigeria",44.911076588637,26619269.5239594,141101.592555906,197060
"NGA",2005,2,317859.090345822,913193.381854743,"Nigeria",44.911076588637,26619269.5239594,141101.592555906,197060
"NGA",2005,5,284742.30292918,913193.381854743,"Nigeria",44.911076588637,26619269.5239594,141101.592555906,197060
"NGA",2006,0,332048.522677251,897780.178918927,"Nigeria",46.1005882449606,27581144.8078946,149002.022796311,195983
"NGA",2006,1,322102.173632262,897780.178918927,"Nigeria",46.1005882449606,27581144.8078946,149002.022796311,195983
"NGA",2006,2,311861.024290595,897780.178918927,"Nigeria",46.1005882449606,27581144.8078946,149002.022796311,195983
"NGA",2006,5,279518.6289971,897780.178918927,"Nigeria",46.1005882449606,27581144.8078946,149002.022796311,195983
"NGA",2007,0,324284.965721698,880367.696862078,"Nigeria",47.1796279026364,28545783.3605382,151791.229398423,191879
"NGA",2007,1,314605.402525919,880367.696862078,"Nigeria",47.1796279026364,28545783.3605382,151791.229398423,191879
"NGA",2007,2,304639.594127442,880367.696862078,"Nigeria",47.1796279026364,28545783.3605382,151791.229398423,191879
"NGA",2007,5,273170.258512192,880367.696862078,"Nigeria",47.1796279026364,28545783.3605382,151791.229398423,191879
"NGA",2008,0,318038.108024623,871650.465757597,"Nigeria",45.6069691152322,29503816.7701057,157652.551972757,183357
"NGA",2008,1,308503.599351398,871650.465757597,"Nigeria",45.6069691152322,29503816.7701057,157652.551972757,183357
"NGA",2008,2,298688.085804942,871650.465757597,"Nigeria",45.6069691152322,29503816.7701057,157652.551972757,183357
"NGA",2008,5,267698.524584757,871650.465757597,"Nigeria",45.6069691152322,29503816.7701057,157652.551972757,183357
"NGA",2009,0,310390.767975683,869677.507863072,"Nigeria",40.2905101409605,30442527.6159863,158373.195462392,170983
"NGA",2009,1,300859.695035318,869677.507863072,"Nigeria",40.2905101409605,30442527.6159863,158373.195462392,170983
"NGA",2009,2,291048.920020509,869677.507863072,"Nigeria",40.2905101409605,30442527.6159863,158373.195462392,170983
"NGA",2009,5,260080.860560341,869677.507863072,"Nigeria",40.2905101409605,30442527.6159863,158373.195462392,170983
"NGA",2010,0,299890.450930175,869504.067026654,"Nigeria",34.7168187116244,31348292.0460329,150423.168500922,159966
"NGA",2010,1,290271.278375176,869504.067026654,"Nigeria",34.7168187116244,31348292.0460329,150423.168500922,159966
"NGA",2010,2,280371.043458861,869504.067026654,"Nigeria",34.7168187116244,31348292.0460329,150423.168500922,159966
"NGA",2010,5,249127.296923955,869504.067026654,"Nigeria",34.7168187116244,31348292.0460329,150423.168500922,159966
"NGA",2011,0,289374.948796732,862507.768612807,"Nigeria",31.6841849963789,32218098.623546,143326.733066328,149818
"NGA",2011,1,279752.705673495,862507.768612807,"Nigeria",31.6841849963789,32218098.623546,143326.733066328,149818
"NGA",2011,2,269849.601240591,862507.768612807,"Nigeria",31.6841849963789,32218098.623546,143326.733066328,149818
"NGA",2011,5,238598.302720244,862507.768612807,"Nigeria",31.6841849963789,32218098.623546,143326.733066328,149818
"NGA",2012,0,286729.11411134,862392.077663291,"Nigeria",31.0935117572696,33045720.9824929,138164.253571285,142888
"NGA",2012,1,277111.324415322,862392.077663291,"Nigeria",31.0935117572696,33045720.9824929,138164.253571285,142888
"NGA",2012,2,267212.835970143,862392.077663291,"Nigeria",31.0935117572696,33045720.9824929,138164.253571285,142888
"NGA",2012,5,235976.282915372,862392.077663291,"Nigeria",31.0935117572696,33045720.9824929,138164.253571285,142888
"NGA",2013,0,287536.382451217,866047.326374285,"Nigeria",31.2595480496889,33820865.0593159,135204.891178521,138265
"NGA",2013,1,277909.641661164,866047.326374285,"Nigeria",31.2595480496889,33820865.0593159,135204.891178521,138265
"NGA",2013,2,268001.928916129,866047.326374285,"Nigeria",31.2595480496889,33820865.0593159,135204.891178521,138265
"NGA",2013,5,236736.27649335,866047.326374285,"Nigeria",31.2595480496889,33820865.0593159,135204.891178521,138265
"NGA",2014,0,280373.769967424,864475.914069932,"Nigeria",29.0987084933112,34541185.9430806,134696.311979502,134760
"NGA",2014,1,270654.731569637,864475.914069932,"Nigeria",29.0987084933112,34541185.9430806,134696.311979502,134760
"NGA",2014,2,260651.760340357,864475.914069932,"Nigeria",29.0987084933112,34541185.9430806,134696.311979502,134760
"NGA",2014,5,229084.080196501,864475.914069932,"Nigeria",29.0987084933112,34541185.9430806,134696.311979502,134760
"NGA",2015,0,263948.901580473,864459.156359802,"Nigeria",24.7148386742744,35204384.0186933,131749.412498181,132307
"NGA",2015,1,253869.774983246,864459.156359802,"Nigeria",24.7148386742744,35204384.0186933,131749.412498181,132307
"NGA",2015,2,243495.304105208,864459.156359802,"Nigeria",24.7148386742744,35204384.0186933,131749.412498181,132307
"NGA",2015,5,210750.371577778,864459.156359802,"Nigeria",24.7148386742744,35204384.0186933,131749.412498181,132307
"NGA",2016,0,242059.900645515,839977.982759493,"Nigeria",21.9081834158703,35806919.7284228,123065.513138196,133052
"NGA",2016,1,231977.70483188,839977.982759493,"Nigeria",21.9081834158703,35806919.7284228,123065.513138196,133052
"NGA",2016,2,221599.425954299,839977.982759493,"Nigeria",21.9081834158703,35806919.7284228,123065.513138196,133052
"NGA",2016,5,188838.751543905,839977.982759493,"Nigeria",21.9081834158703,35806919.7284228,123065.513138196,133052
"NGA",2017,0,236431.64723678,818883.964170635,"Nigeria",22.2418167748706,36354098.0164929,120696.691317905,137380
"NGA",2017,1,226696.394988605,818883.964170635,"Nigeria",22.2418167748706,36354098.0164929,120696.691317905,137380
"NGA",2017,2,216675.899587709,818883.964170635,"Nigeria",22.2418167748706,36354098.0164929,120696.691317905,137380
"NGA",2017,5,185048.066065281,818883.964170635,"Nigeria",22.2418167748706,36354098.0164929,120696.691317905,137380
"NGA",2018,0,244202.483501056,793659.111011801,"Nigeria",26.2194634810392,36853436.8642231,128573.039669153,144568
"NGA",2018,1,235224.414452787,793659.111011801,"Nigeria",26.2194634810392,36853436.8642231,128573.039669153,144568
"NGA",2018,2,225984.915221653,793659.111011801,"Nigeria",26.2194634810392,36853436.8642231,128573.039669153,144568
"NGA",2018,5,196830.934916521,793659.111011801,"Nigeria",26.2194634810392,36853436.8642231,128573.039669153,144568
"NGA",2019,0,249565.23051368,769662.317879634,"Nigeria",31.2927039548513,37309975.3501372,132276.0504478,152565
"NGA",2019,1,241212.885656838,769662.317879634,"Nigeria",31.2927039548513,37309975.3501372,132276.0504478,152565
"NGA",2019,2,232618.297810825,769662.317879634,"Nigeria",31.2927039548513,37309975.3501372,132276.0504478,152565
"NGA",2019,5,205504.446343302,769662.317879634,"Nigeria",31.2927039548513,37309975.3501372,132276.0504478,152565
"NGA",2020,0,243207.029707173,747690.16374815,"Nigeria",32.0494208225687,37725503.2743252,142509.929171352,157254
"NGA",2020,1,235152.74757587,747690.16374815,"Nigeria",32.0494208225687,37725503.2743252,142509.929171352,157254
"NGA",2020,2,226865.233246053,747690.16374815,"Nigeria",32.0494208225687,37725503.2743252,142509.929171352,157254
"NGA",2020,5,200722.074746137,747690.16374815,"Nigeria",32.0494208225687,37725503.2743252,142509.929171352,157254
"NGA",2021,0,225781.805095935,730619.795806577,"Nigeria",27.7081302431741,38105437.2816362,140507.84518115,158116
"NGA",2021,1,217747.80692201,730619.795806577,"Nigeria",27.7081302431741,38105437.2816362,140507.84518115,158116
"NGA",2021,2,209481.789050041,730619.795806577,"Nigeria",27.7081302431741,38105437.2816362,140507.84518115,158116
"NGA",2021,5,183409.777262687,730619.795806577,"Nigeria",27.7081302431741,38105437.2816362,140507.84518115,158116
"NGA",2022,0,210934.918825863,721218.461685081,"Nigeria",24.2919110595687,38452575.5943929,134528.388881505,162628
"NGA",2022,1,202783.67832373,721218.461685081,"Nigeria",24.2919110595687,38452575.5943929,134528.388881505,162628
"NGA",2022,2,194396.717263691,721218.461685081,"Nigeria",24.2919110595687,38452575.5943929,134528.388881505,162628
"NGA",2022,5,167941.375787447,721218.461685081,"Nigeria",24.2919110595687,38452575.5943929,134528.388881505,162628
"NGA",2023,0,209606.542228156,717728.923609731,"Nigeria",24.4900285054951,38782499.6625574,132641.58994179,162941
"NGA",2023,1,201551.171427402,717728.923609731,"Nigeria",24.4900285054951,38782499.6625574,132641.58994179,162941
"NGA",2023,2,193263.428551045,717728.923609731,"Nigeria",24.4900285054951,38782499.6625574,132641.58994179,162941
"NGA",2023,5,167124.126531501,717728.923609731,"Nigeria",24.4900285054951,38782499.6625574,132641.58994179,162941
"NGA",2024,0,217541.849559473,733038.165705799,"Nigeria",24.7045606738025,38629999.5738253,138110.850542117,165329
"NGA",2024,1,209230.522034193,733038.165705799,"Nigeria",24.7045606738025,38629999.5738253,138110.850542117,165329
"NGA",2024,2,200677.853420674,733038.165705799,"Nigeria",24.7045606738025,38629999.5738253,138110.850542117,165329
"NGA",2024,5,173694.559830525,733038.165705799,"Nigeria",24.7045606738025,38629999.5738253,138110.850542117,165329
"RWA",2000,0,17681.0794224281,55826.2930948625,"Rwanda",23.4934278749064,1461287.08924289,8186.8577826364,5968
"RWA",2000,1,16981.1714742699,55826.2930948625,"Rwanda",23.4934278749064,1461287.08924289,8186.8577826364,5968
"RWA",2000,2,16261.0207450293,55826.2930948625,"Rwanda",23.4934278749064,1461287.08924289,8186.8577826364,5968
"RWA",2000,5,13989.6878888576,55826.2930948625,"Rwanda",23.4934278749064,1461287.08924289,8186.8577826364,5968
"RWA",2001,0,16207.0341108549,52601.4614889552,"Rwanda",22.5317245013152,1493316.49484885,7620.05796913956,5591
"RWA",2001,1,15545.2556161461,52601.4614889552,"Rwanda",22.5317245013152,1493316.49484885,7620.05796913956,5591
"RWA",2001,2,14864.385557563,52601.4614889552,"Rwanda",22.5317245013152,1493316.49484885,7620.05796913956,5591
"RWA",2001,5,12717.1999173246,52601.4614889552,"Rwanda",22.5317245013152,1493316.49484885,7620.05796913956,5591
"RWA",2002,0,13988.6266020071,49124.4611014763,"Rwanda",19.931898817463,1498466.32781971,6572.87310234351,4918
"RWA",2002,1,13357.8574819775,49124.4611014763,"Rwanda",19.931898817463,1498466.32781971,6572.87310234351,4918
"RWA",2002,2,12708.9860672683,49124.4611014763,"Rwanda",19.931898817463,1498466.32781971,6572.87310234351,4918
"RWA",2002,5,10663.2027701406,49124.4611014763,"Rwanda",19.931898817463,1498466.32781971,6572.87310234351,4918
"RWA",2003,0,10375.8615346339,44765.0437805205,"Rwanda",14.6304169819782,1520997.89298491,5196.46859330599,4072
"RWA",2003,1,9748.85472721535,44765.0437805205,"Rwanda",14.6304169819782,1520997.89298491,5196.46859330599,4072
"RWA",2003,2,9103.63137297118,44765.0437805205,"Rwanda",14.6304169819782,1520997.89298491,5196.46859330599,4072
"RWA",2003,5,7068.06310344445,44765.0437805205,"Rwanda",14.6304169819782,1520997.89298491,5196.46859330599,4072
"RWA",2004,0,5897.00924129467,40979.7249165597,"Rwanda",8.05426575382622,1556481.28748497,3813.86891020816,3312
"RWA",2004,1,5226.75930690433,40979.7249165597,"Rwanda",8.05426575382622,1556481.28748497,3813.86891020816,3312
"RWA",2004,2,4536.56410939706,40979.7249165597,"Rwanda",8.05426575382622,1556481.28748497,3813.86891020816,3312
"RWA",2004,5,2356.4672550873,40979.7249165597,"Rwanda",8.05426575382622,1556481.28748497,3813.86891020816,3312
"RWA",2005,0,3489.76034522545,38267.9806795348,"Rwanda",4.897431879853,1593674.42380793,2841.50458808531,2737
"RWA",2005,1,2814.71749820873,38267.9806795348,"Rwanda",4.897431879853,1593674.42380793,2841.50458808531,2737
"RWA",2005,2,2119.43099734926,38267.9806795348,"Rwanda",4.897431879853,1593674.42380793,2841.50458808531,2737
"RWA",2005,5,0,38267.9806795348,"Rwanda",4.897431879853,1593674.42380793,2841.50458808531,2737
"RWA",2006,0,2359.10534052769,35787.5896216226,"Rwanda",3.50627461184532,1619489.8319304,2173.0972813257,2309
"RWA",2006,1,1710.13289277255,35787.5896216226,"Rwanda",3.50627461184532,1619489.8319304,2173.0972813257,2309
"RWA",2006,2,1041.66984323158,35787.5896216226,"Rwanda",3.50627461184532,1619489.8319304,2173.0972813257,2309
"RWA",2006,5,0,35787.5896216226,"Rwanda",3.50627461184532,1619489.8319304,2173.0972813257,2309
"RWA",2007,0,1925.06649307073,33296.1297879874,"Rwanda",3.09899851702229,1636955.53576904,2158.93689889038,1990
"RWA",2007,1,1322.51928511826,33296.1297879874,"Rwanda",3.09899851702229,1636955.53576904,2158.93689889038,1990
"RWA",2007,2,701.906618113018,33296.1297879874,"Rwanda",3.09899851702229,1636955.53576904,2158.93689889038,1990
"RWA",2007,5,0,33296.1297879874,"Rwanda",3.09899851702229,1636955.53576904,2158.93689889038,1990
"RWA",2008,0,2114.19635656143,31137.6001702892,"Rwanda",3.73870240932434,1654011.52284881,2572.64663599332,1754
"RWA",2008,1,1570.29175400237,31137.6001702892,"Rwanda",3.73870240932434,1654011.52284881,2572.64663599332,1754
"RWA",2008,2,1010.18030534689,31137.6001702892,"Rwanda",3.73870240932434,1654011.52284881,2572.64663599332,1754
"RWA",2008,5,0,31137.6001702892,"Rwanda",3.73870240932434,1654011.52284881,2572.64663599332,1754
"RWA",2009,0,2381.25942792637,29351.8570546412,"Rwanda",4.5981224567451,1666436.5343632,2769.79707541462,1555
"RWA",2009,1,1888.49036576975,29351.8570546412,"Rwanda",4.5981224567451,1666436.5343632,2769.79707541462,1555
"RWA",2009,2,1381.13982019592,29351.8570546412,"Rwanda",4.5981224567451,1666436.5343632,2769.79707541462,1555
"RWA",2009,5,0,29351.8570546412,"Rwanda",4.5981224567451,1666436.5343632,2769.79707541462,1555
"RWA",2010,0,2501.82501121917,27645.478618,"Rwanda",5.25160692249253,1670151.01387349,3092.69488148083,1368
"RWA",2010,1,2052.02426349567,27645.478618,"Rwanda",5.25160692249253,1670151.01387349,3092.69488148083,1368
"RWA",2010,2,1588.97869316453,27645.478618,"Rwanda",5.25160692249253,1670151.01387349,3092.69488148083,1368
"RWA",2010,5,127.073376254216,27645.478618,"Rwanda",5.25160692249253,1670151.01387349,3092.69488148083,1368
"RWA",2011,0,2348.57750610399,26466.1895476933,"Rwanda",5.2200654173835,1674413.54517183,3069.65303727934,1219
"RWA",2011,1,1923.53896596723,26466.1895476933,"Rwanda",5.2200654173835,1674413.54517183,3069.65303727934,1219
"RWA",2011,2,1486.02685451083,26466.1895476933,"Rwanda",5.2200654173835,1674413.54517183,3069.65303727934,1219
"RWA",2011,5,104.954888137589,26466.1895476933,"Rwanda",5.2200654173835,1674413.54517183,3069.65303727934,1219
"RWA",2012,0,1880.88163269312,25701.2146994105,"Rwanda",4.30202582140774,1687411.90551595,2652.36091713244,1080
"RWA",2012,1,1463.1592145172,25701.2146994105,"Rwanda",4.30202582140774,1687411.90551595,2652.36091713244,1080
"RWA",2012,2,1033.17702799305,25701.2146994105,"Rwanda",4.30202582140774,1687411.90551595,2652.36091713244,1080
"RWA",2012,5,0,25701.2146994105,"Rwanda",4.30202582140774,1687411.90551595,2652.36091713244,1080
"RWA",2013,0,1501.43979319812,25238.0753898875,"Rwanda",3.49569728944145,1704844.20935449,2195.84641720402,980
"RWA",2013,1,1086.7564010617,25238.0753898875,"Rwanda",3.49569728944145,1704844.20935449,2195.84641720402,980
"RWA",2013,2,659.908728004057,25238.0753898875,"Rwanda",3.49569728944145,1704844.20935449,2195.84641720402,980
"RWA",2013,5,0,25238.0753898875,"Rwanda",3.49569728944145,1704844.20935449,2195.84641720402,980
"RWA",2014,0,1376.4972009709,24733.8041423631,"Rwanda",3.29353389281562,1727617.13252832,2215.18307896057,916
"RWA",2014,1,971.868023601303,24733.8041423631,"Rwanda",3.29353389281562,1727617.13252832,2215.18307896057,916
"RWA",2014,2,555.397590754371,24733.8041423631,"Rwanda",3.29353389281562,1727617.13252832,2215.18307896057,916
"RWA",2014,5,0,24733.8041423631,"Rwanda",3.29353389281562,1727617.13252832,2215.18307896057,916
"RWA",2015,0,1422.47231744251,24192.851240852,"Rwanda",3.51517020020461,1751747.65878152,2258.86330735559,880
"RWA",2015,1,1031.80577016912,24192.851240852,"Rwanda",3.51517020020461,1751747.65878152,2258.86330735559,880
"RWA",2015,2,629.738831431114,24192.851240852,"Rwanda",3.51517020020461,1751747.65878152,2258.86330735559,880
"RWA",2015,5,0,24192.851240852,"Rwanda",3.51517020020461,1751747.65878152,2258.86330735559,880
"RWA",2016,0,1584.25941681209,23256.058196704,"Rwanda",4.1205192523344,1760843.38115043,2403.63640240368,858
"RWA",2016,1,1215.93228405013,23256.058196704,"Rwanda",4.1205192523344,1760843.38115043,2403.63640240368,858
"RWA",2016,2,836.887834601774,23256.058196704,"Rwanda",4.1205192523344,1760843.38115043,2403.63640240368,858
"RWA",2016,5,0,23256.058196704,"Rwanda",4.1205192523344,1760843.38115043,2403.63640240368,858
"RWA",2017,0,1718.52595758009,22485.6343468295,"Rwanda",4.70418777717004,1766731.61261593,2497.69030289924,847
"RWA",2017,1,1371.00511123189,22485.6343468295,"Rwanda",4.70418777717004,1766731.61261593,2497.69030289924,847
"RWA",2017,2,1013.42458330555,22485.6343468295,"Rwanda",4.70418777717004,1766731.61261593,2497.69030289924,847
"RWA",2017,5,0,22485.6343468295,"Rwanda",4.70418777717004,1766731.61261593,2497.69030289924,847
"RWA",2018,0,1649.53388188913,22011.5209048343,"Rwanda",4.64266225104124,1782340.22830964,2545.91678836856,831
"RWA",2018,1,1311.25317571411,22011.5209048343,"Rwanda",4.64266225104124,1782340.22830964,2545.91678836856,831
"RWA",2018,2,963.202510980606,22011.5209048343,"Rwanda",4.64266225104124,1782340.22830964,2545.91678836856,831
"RWA",2018,5,0,22011.5209048343,"Rwanda",4.64266225104124,1782340.22830964,2545.91678836856,831
"RWA",2019,0,1286.10774410455,21357.9791366862,"Rwanda",3.68277984773844,1789056.86941245,2155.00231538613,808
"RWA",2019,1,949.62148824332,21357.9791366862,"Rwanda",3.68277984773844,1789056.86941245,2155.00231538613,808
"RWA",2019,2,603.383966503299,21357.9791366862,"Rwanda",3.68277984773844,1789056.86941245,2155.00231538613,808
"RWA",2019,5,0,21357.9791366862,"Rwanda",3.68277984773844,1789056.86941245,2155.00231538613,808
"RWA",2020,0,945.70926256078,20696.7003225296,"Rwanda",2.75440543475408,1787233.40793583,1782.85390760868,784
"RWA",2020,1,610.820733975756,20696.7003225296,"Rwanda",2.75440543475408,1787233.40793583,1782.85390760868,784
"RWA",2020,2,266.183546032783,20696.7003225296,"Rwanda",2.75440543475408,1787233.40793583,1782.85390760868,784
"RWA",2020,5,0,20696.7003225296,"Rwanda",2.75440543475408,1787233.40793583,1782.85390760868,784
"RWA",2021,0,982.972171901177,20166.6974660756,"Rwanda",2.96751645134803,1784720.49024945,1855.52063767278,767
"RWA",2021,1,660.784688041268,20166.6974660756,"Rwanda",2.96751645134803,1784720.49024945,1855.52063767278,767
"RWA",2021,2,329.255065531306,20166.6974660756,"Rwanda",2.96751645134803,1784720.49024945,1855.52063767278,767
"RWA",2021,5,0,20166.6974660756,"Rwanda",2.96751645134803,1784720.49024945,1855.52063767278,767
"RWA",2022,0,946.841133286873,19665.8736985004,"Rwanda",2.95840397052285,1778382.91747544,1766.79115289125,749
"RWA",2022,1,635.470810159282,19665.8736985004,"Rwanda",2.95840397052285,1778382.91747544,1766.79115289125,749
"RWA",2022,2,315.105309509659,19665.8736985004,"Rwanda",2.95840397052285,1778382.91747544,1766.79115289125,749
"RWA",2022,5,0,19665.8736985004,"Rwanda",2.95840397052285,1778382.91747544,1766.79115289125,749
"RWA",2023,0,900.839931048638,19145.461479653,"Rwanda",2.91620503448612,1770029.37625393,1736.24517987652,739
"RWA",2023,1,600.11245056899,19145.461479653,"Rwanda",2.91620503448612,1770029.37625393,1736.24517987652,739
"RWA",2023,2,290.727200720868,19145.461479653,"Rwanda",2.91620503448612,1770029.37625393,1736.24517987652,739
"RWA",2023,5,0,19145.461479653,"Rwanda",2.91620503448612,1770029.37625393,1736.24517987652,739
"RWA",2024,0,945.20744808826,19235.6005186113,"Rwanda",2.95274596542956,1761286.33879587,2147.105688144,729
"RWA",2024,1,633.83325183019,19235.6005186113,"Rwanda",2.95274596542956,1761286.33879587,2147.105688144,729
"RWA",2024,2,313.3805850962,19235.6005186113,"Rwanda",2.95274596542956,1761286.33879587,2147.105688144,729
"RWA",2024,5,0,19235.6005186113,"Rwanda",2.95274596542956,1761286.33879587,2147.105688144,729
"SEN",2000,0,11644.5360773928,45426.0498096004,"Senegal",17.0783466289764,1721096.30582155,8188.48181196788,2351
"SEN",2000,1,11044.1247123614,45426.0498096004,"Senegal",17.0783466289764,1721096.30582155,8188.48181196788,2351
"SEN",2000,2,10425.6324088699,45426.0498096004,"Senegal",17.0783466289764,1721096.30582155,8188.48181196788,2351
"SEN",2000,5,8470.69685793596,45426.0498096004,"Senegal",17.0783466289764,1721096.30582155,8188.48181196788,2351
"SEN",2001,0,4096.40093731474,47116.9423471969,"Senegal",4.52393542653229,1758468.60297698,2783.71322588447,2170
"SEN",2001,1,3236.23223575849,47116.9423471969,"Senegal",4.52393542653229,1758468.60297698,2783.71322588447,2170
"SEN",2001,2,2349.25210345324,47116.9423471969,"Senegal",4.52393542653229,1758468.60297698,2783.71322588447,2170
"SEN",2001,5,0,47116.9423471969,"Senegal",4.52393542653229,1758468.60297698,2783.71322588447,2170
"SEN",2002,0,4159.60722935525,45267.1214514722,"Senegal",4.91911712760622,1797368.37084708,3048.68860903022,1988
"SEN",2002,1,3360.12272586377,45267.1214514722,"Senegal",4.91911712760622,1797368.37084708,3048.68860903022,1988
"SEN",2002,2,2535.91848510296,45267.1214514722,"Senegal",4.91911712760622,1797368.37084708,3048.68860903022,1988
"SEN",2002,5,0,45267.1214514722,"Senegal",4.91911712760622,1797368.37084708,3048.68860903022,1988
"SEN",2003,0,5203.27958998562,42016.4522215535,"Senegal",7.08795818138228,1839648.02958019,4354.17150056003,1923
"SEN",2003,1,4526.02332454779,42016.4522215535,"Senegal",7.08795818138228,1839648.02958019,4354.17150056003,1923
"SEN",2003,2,3828.15323743456,42016.4522215535,"Senegal",7.08795818138228,1839648.02958019,4354.17150056003,1923
"SEN",2003,5,1621.09132076668,42016.4522215535,"Senegal",7.08795818138228,1839648.02958019,4354.17150056003,1923
"SEN",2004,0,3942.87361529465,40227.9241722038,"Senegal",5.59409538072747,1884103.53774384,4134.50739733203,1861
"SEN",2004,1,3281.36293731047,40227.9241722038,"Senegal",5.59409538072747,1884103.53774384,4134.50739733203,1861
"SEN",2004,2,2599.76217084492,40227.9241722038,"Senegal",5.59409538072747,1884103.53774384,4134.50739733203,1861
"SEN",2004,5,444.379978328616,40227.9241722038,"Senegal",5.59409538072747,1884103.53774384,4134.50739733203,1861
"SEN",2005,0,3589.5645291974,38522.3642175266,"Senegal",5.44994687087531,1928830.49085811,4355.85191330994,1828
"SEN",2005,1,2969.97982876582,38522.3642175266,"Senegal",5.44994687087531,1928830.49085811,4355.85191330994,1828
"SEN",2005,2,2331.7503658334,38522.3642175266,"Senegal",5.44994687087531,1928830.49085811,4355.85191330994,1828
"SEN",2005,5,314.449399537165,38522.3642175266,"Senegal",5.44994687087531,1928830.49085811,4355.85191330994,1828
"SEN",2006,0,4037.48789936912,36232.2348130714,"Senegal",6.87279913066919,1974048.85337779,4511.0424113436,1773
"SEN",2006,1,3493.25353283591,36232.2348130714,"Senegal",6.87279913066919,1974048.85337779,4511.0424113436,1773
"SEN",2006,2,2932.85969673474,36232.2348130714,"Senegal",6.87279913066919,1974048.85337779,4511.0424113436,1773
"SEN",2006,5,1162.74320324493,36232.2348130714,"Senegal",6.87279913066919,1974048.85337779,4511.0424113436,1773
"SEN",2007,0,3474.9105460747,34684.4498665153,"Senegal",6.27947780392439,2020182.64610259,3917.78070646878,1673
"SEN",2007,1,2958.70452257601,34684.4498665153,"Senegal",6.27947780392439,2020182.64610259,3917.78070646878,1673
"SEN",2007,2,2427.26368823224,34684.4498665153,"Senegal",6.27947780392439,2020182.64610259,3917.78070646878,1673
"SEN",2007,5,749.087237703408,34684.4498665153,"Senegal",6.27947780392439,2020182.64610259,3917.78070646878,1673
"SEN",2008,0,2823.2874934288,33376.2671276403,"Senegal",5.35622946456824,2067092.3433941,3194.90708713045,1561
"SEN",2008,1,2326.19805667912,33376.2671276403,"Senegal",5.35622946456824,2067092.3433941,3194.90708713045,1561
"SEN",2008,2,1814.50393342546,33376.2671276403,"Senegal",5.35622946456824,2067092.3433941,3194.90708713045,1561
"SEN",2008,5,199.025718782796,33376.2671276403,"Senegal",5.35622946456824,2067092.3433941,3194.90708713045,1561
"SEN",2009,0,1949.50920467034,32313.6247872007,"Senegal",3.81907703300035,2115763.32596151,1961.75930587749,1473
"SEN",2009,1,1458.77830129847,32313.6247872007,"Senegal",3.81907703300035,2115763.32596151,1961.75930587749,1473
"SEN",2009,2,953.641834122899,32313.6247872007,"Senegal",3.81907703300035,2115763.32596151,1961.75930587749,1473
"SEN",2009,5,0,32313.6247872007,"Senegal",3.81907703300035,2115763.32596151,1961.75930587749,1473
"SEN",2010,0,1866.33301181092,30604.449742196,"Senegal",3.9724870477235,2166250.03882734,2504.4897865082,1403
"SEN",2010,1,1415.44180076939,30604.449742196,"Senegal",3.9724870477235,2166250.03882734,2504.4897865082,1403
"SEN",2010,2,951.415615705865,30604.449742196,"Senegal",3.9724870477235,2166250.03882734,2504.4897865082,1403
"SEN",2010,5,0,30604.449742196,"Senegal",3.9724870477235,2166250.03882734,2504.4897865082,1403
"SEN",2011,0,1416.95199332732,29523.652432756,"Senegal",3.16018891118043,2217011.96413223,1874.0571412933,1342
"SEN",2011,1,981.990961705662,29523.652432756,"Senegal",3.16018891118043,2217011.96413223,1874.0571412933,1342
"SEN",2011,2,534.392913610127,29523.652432756,"Senegal",3.16018891118043,2217011.96413223,1874.0571412933,1342
"SEN",2011,5,0,29523.652432756,"Senegal",3.16018891118043,2217011.96413223,1874.0571412933,1342
"SEN",2012,0,1498.1386408056,28261.1353028824,"Senegal",3.59917832535248,2265290.02020489,1820.42727364482,1288
"SEN",2012,1,1096.55837600548,28261.1353028824,"Senegal",3.59917832535248,2265290.02020489,1820.42727364482,1288
"SEN",2012,2,683.413962719213,28261.1353028824,"Senegal",3.59917832535248,2265290.02020489,1820.42727364482,1288
"SEN",2012,5,0,28261.1353028824,"Senegal",3.59917832535248,2265290.02020489,1820.42727364482,1288
"SEN",2013,0,1510.23068030606,27240.3232495896,"Senegal",3.87174354468858,2308728.25903978,1341.76319040945,1228
"SEN",2013,1,1135.10423808888,27240.3232495896,"Senegal",3.87174354468858,2308728.25903978,1341.76319040945,1228
"SEN",2013,2,749.266089382939,27240.3232495896,"Senegal",3.87174354468858,2308728.25903978,1341.76319040945,1228
"SEN",2013,5,0,27240.3232495896,"Senegal",3.87174354468858,2308728.25903978,1341.76319040945,1228
"SEN",2014,0,913.696338959586,26578.4372821249,"Senegal",2.3987384517595,2345747.89627045,1020.69983489998,1148
"SEN",2014,1,540.217278780278,26578.4372821249,"Senegal",2.3987384517595,2345747.89627045,1020.69983489998,1148
"SEN",2014,2,156.057279334091,26578.4372821249,"Senegal",2.3987384517595,2345747.89627045,1020.69983489998,1148
"SEN",2014,5,0,26578.4372821249,"Senegal",2.3987384517595,2345747.89627045,1020.69983489998,1148
"SEN",2015,0,1340.68887578824,25792.154911383,"Senegal",3.7940130969993,2379019.95610989,1477.05079283071,1070
"SEN",2015,1,1000.34869905746,25792.154911383,"Senegal",3.7940130969993,2379019.95610989,1477.05079283071,1070
"SEN",2015,2,650.419803111342,25792.154911383,"Senegal",3.7940130969993,2379019.95610989,1477.05079283071,1070
"SEN",2015,5,0,25792.154911383,"Senegal",3.7940130969993,2379019.95610989,1477.05079283071,1070
"SEN",2016,0,944.287512966839,25749.4629389592,"Senegal",2.65281597673454,2412369.21347117,1060.72222460732,1000
"SEN",2016,1,596.381420193294,25749.4629389592,"Senegal",2.65281597673454,2412369.21347117,1060.72222460732,1000
"SEN",2016,2,238.642146082125,25749.4629389592,"Senegal",2.65281597673454,2412369.21347117,1060.72222460732,1000
"SEN",2016,5,0,25749.4629389592,"Senegal",2.65281597673454,2412369.21347117,1060.72222460732,1000
"SEN",2017,0,985.284240056445,25549.1069359541,"Senegal",2.8260981966687,2449241.48193977,1196.00830077043,943
"SEN",2017,1,645.274540725693,25549.1069359541,"Senegal",2.8260981966687,2449241.48193977,1196.00830077043,943
"SEN",2017,2,295.701493062806,25549.1069359541,"Senegal",2.8260981966687,2449241.48193977,1196.00830077043,943
"SEN",2017,5,0,25549.1069359541,"Senegal",2.8260981966687,2449241.48193977,1196.00830077043,943
"SEN",2018,0,1262.65180120426,25053.4882708254,"Senegal",3.788758316236,2491328.29952252,1557.21045398749,893
"SEN",2018,1,941.527914293364,25053.4882708254,"Senegal",3.788758316236,2491328.29952252,1557.21045398749,893
"SEN",2018,2,611.455246451081,25053.4882708254,"Senegal",3.788758316236,2491328.29952252,1557.21045398749,893
"SEN",2018,5,0,25053.4882708254,"Senegal",3.788758316236,2491328.29952252,1557.21045398749,893
"SEN",2019,0,854.325103111861,25236.4557320231,"Senegal",2.51015237695663,2537429.67965351,966.689098212669,836
"SEN",2019,1,520.971686868552,25236.4557320231,"Senegal",2.51015237695663,2537429.67965351,966.689098212669,836
"SEN",2019,2,178.287740118225,25236.4557320231,"Senegal",2.51015237695663,2537429.67965351,966.689098212669,836
"SEN",2019,5,0,25236.4557320231,"Senegal",2.51015237695663,2537429.67965351,966.689098212669,836
"SEN",2020,0,1056.51223451473,24953.2267235818,"Senegal",3.18767093383955,2584840.42960993,1253.4300357115,777
"SEN",2020,1,734.690794772023,24953.2267235818,"Senegal",3.18767093383955,2584840.42960993,1253.4300357115,777
"SEN",2020,2,403.922411906769,24953.2267235818,"Senegal",3.18767093383955,2584840.42960993,1253.4300357115,777
"SEN",2020,5,0,24953.2267235818,"Senegal",3.18767093383955,2584840.42960993,1253.4300357115,777
"SEN",2021,0,1203.48046306052,24496.8390396006,"Senegal",3.76155770724057,2630948.4586161,1464.03256909025,733
"SEN",2021,1,894.992912948508,24496.8390396006,"Senegal",3.76155770724057,2630948.4586161,1464.03256909025,733
"SEN",2021,2,577.981789096192,24496.8390396006,"Senegal",3.76155770724057,2630948.4586161,1464.03256909025,733
"SEN",2021,5,0,24496.8390396006,"Senegal",3.76155770724057,2630948.4586161,1464.03256909025,733
"SEN",2022,0,1114.55476635088,24437.517748552,"Senegal",3.49636138419371,2672558.97645297,960.856812798488,694
"SEN",2022,1,806.168203320282,24437.517748552,"Senegal",3.49636138419371,2672558.97645297,960.856812798488,694
"SEN",2022,2,489.267788249316,24437.517748552,"Senegal",3.49636138419371,2672558.97645297,960.856812798488,694
"SEN",2022,5,0,24437.517748552,"Senegal",3.49636138419371,2672558.97645297,960.856812798488,694
"SEN",2023,0,1808.96361517606,24274.2367213947,"Senegal",6.0097629610924,2708899.11769095,1239.04801815022,666
"SEN",2023,1,1525.81955085044,24274.2367213947,"Senegal",6.0097629610924,2708899.11769095,1239.04801815022,666
"SEN",2023,2,1235.01847235728,24274.2367213947,"Senegal",6.0097629610924,2708899.11769095,1239.04801815022,666
"SEN",2023,5,320.407753377349,24274.2367213947,"Senegal",6.0097629610924,2708899.11769095,1239.04801815022,666
"SEN",2024,0,1925.43084590833,23309.1314317423,"Senegal",6.76968783303698,2710858.4928661,766.297572416344,651
"SEN",2024,1,1659.92284168406,23309.1314317423,"Senegal",6.76968783303698,2710858.4928661,766.297572416344,651
"SEN",2024,2,1387.25186235928,23309.1314317423,"Senegal",6.76968783303698,2710858.4928661,766.297572416344,651
"SEN",2024,5,529.738240264866,23309.1314317423,"Senegal",6.76968783303698,2710858.4928661,766.297572416344,651
"SLE",2000,0,13286.1656061921,36218.0977107449,"Sierra Leone",51.9009568782482,719078.560440691,5010.56160807813,18220
"SLE",2000,1,12904.6619130738,36218.0977107449,"Sierra Leone",51.9009568782482,719078.560440691,5010.56160807813,18220
"SLE",2000,2,12512.8564284285,36218.0977107449,"Sierra Leone",51.9009568782482,719078.560440691,5010.56160807813,18220
"SLE",2000,5,11281.2264540241,36218.0977107449,"Sierra Leone",51.9009568782482,719078.560440691,5010.56160807813,18220
"SLE",2001,0,13062.4928186903,35777.4484850395,"Sierra Leone",52.5039823898463,730358.233927438,5459.06622352559,17677
"SLE",2001,1,12688.1127063851,35777.4484850395,"Sierra Leone",52.5039823898463,730358.233927438,5459.06622352559,17677
"SLE",2001,2,12303.6430690503,35777.4484850395,"Sierra Leone",52.5039823898463,730358.233927438,5459.06622352559,17677
"SLE",2001,5,11095.1768821033,35777.4484850395,"Sierra Leone",52.5039823898463,730358.233927438,5459.06622352559,17677
"SLE",2002,0,13528.7697242686,37513.4209659124,"Sierra Leone",50.5742852871408,783414.530760564,6039.13579588297,17218
"SLE",2002,1,13139.5187745659,37513.4209659124,"Sierra Leone",50.5742852871408,783414.530760564,6039.13579588297,17218
"SLE",2002,2,12739.8293897081,37513.4209659124,"Sierra Leone",50.5742852871408,783414.530760564,6039.13579588297,17218
"SLE",2002,5,11483.7974936502,37513.4209659124,"Sierra Leone",50.5742852871408,783414.530760564,6039.13579588297,17218
"SLE",2003,0,13755.2558565908,38554.7281871928,"Sierra Leone",45.3395360175218,838265.642358662,6415.80712526201,16771
"SLE",2003,1,13351.6562406325,38554.7281871928,"Sierra Leone",45.3395360175218,838265.642358662,6415.80712526201,16771
"SLE",2003,2,12937.2125303511,38554.7281871928,"Sierra Leone",45.3395360175218,838265.642358662,6415.80712526201,16771
"SLE",2003,5,11634.6908164905,38554.7281871928,"Sierra Leone",45.3395360175218,838265.642358662,6415.80712526201,16771
"SLE",2004,0,13519.42992081,38150.3038287116,"Sierra Leone",42.1891360846866,875622.151101326,6939.64823850753,16124
"SLE",2004,1,13115.4930345209,38150.3038287116,"Sierra Leone",42.1891360846866,875622.151101326,6939.64823850753,16124
"SLE",2004,2,12700.6507437586,38150.3038287116,"Sierra Leone",42.1891360846866,875622.151101326,6939.64823850753,16124
"SLE",2004,5,11396.5870397771,38150.3038287116,"Sierra Leone",42.1891360846866,875622.151101326,6939.64823850753,16124
"SLE",2005,0,13338.7626667436,37841.2524673903,"Sierra Leone",40.7926668056115,906899.569349859,6759.19690523862,16329
"SLE",2005,1,12936.3078962156,37841.2524673903,"Sierra Leone",40.7926668056115,906899.569349859,6759.19690523862,16329
"SLE",2005,2,12522.9625414967,37841.2524673903,"Sierra Leone",40.7926668056115,906899.569349859,6759.19690523862,16329
"SLE",2005,5,11223.4641273738,37841.2524673903,"Sierra Leone",40.7926668056115,906899.569349859,6759.19690523862,16329
"SLE",2006,0,13132.5343344208,37367.9700906554,"Sierra Leone",40.0666419708172,927875.849988937,6765.18104709446,16367
"SLE",2006,1,12734.158363423,37367.9700906554,"Sierra Leone",40.0666419708172,927875.849988937,6765.18104709446,16367
"SLE",2006,2,12324.9892025511,37367.9700906554,"Sierra Leone",40.0666419708172,927875.849988937,6765.18104709446,16367
"SLE",2006,5,11038.546486603,37367.9700906554,"Sierra Leone",40.0666419708172,927875.849988937,6765.18104709446,16367
"SLE",2007,0,12780.8102130383,36151.8937003236,"Sierra Leone",41.6407667103877,937791.985790562,7047.0879490196,16533
"SLE",2007,1,12397.1288268516,36151.8937003236,"Sierra Leone",41.6407667103877,937791.985790562,7047.0879490196,16533
"SLE",2007,2,12003.0322315474,36151.8937003236,"Sierra Leone",41.6407667103877,937791.985790562,7047.0879490196,16533
"SLE",2007,5,10763.8611228172,36151.8937003236,"Sierra Leone",41.6407667103877,937791.985790562,7047.0879490196,16533
"SLE",2008,0,12514.0528071282,34973.1725947512,"Sierra Leone",46.3267084139447,948502.200201145,7570.63788935039,16631
"SLE",2008,1,12147.2691339834,34973.1725947512,"Sierra Leone",46.3267084139447,948502.200201145,7570.63788935039,16631
"SLE",2008,2,11770.5183038278,34973.1725947512,"Sierra Leone",46.3267084139447,948502.200201145,7570.63788935039,16631
"SLE",2008,5,10585.8230637467,34973.1725947512,"Sierra Leone",46.3267084139447,948502.200201145,7570.63788935039,16631
"SLE",2009,0,12301.6269658682,34166.4095245427,"Sierra Leone",51.0992942535017,965813.890635196,7404.70391639509,16488
"SLE",2009,1,11946.6437359935,34166.4095245427,"Sierra Leone",51.0992942535017,965813.890635196,7404.70391639509,16488
"SLE",2009,2,11582.0039389386,34166.4095245427,"Sierra Leone",51.0992942535017,965813.890635196,7404.70391639509,16488
"SLE",2009,5,10435.3281903687,34166.4095245427,"Sierra Leone",51.0992942535017,965813.890635196,7404.70391639509,16488
"SLE",2010,0,12068.3139231341,33658.774104263,"Sierra Leone",50.9958073517531,985127.388343773,7144.8925126258,15912
"SLE",2010,1,11720.122766478,33658.774104263,"Sierra Leone",50.9958073517531,985127.388343773,7144.8925126258,15912
"SLE",2010,2,11362.4793141909,33658.774104263,"Sierra Leone",50.9958073517531,985127.388343773,7144.8925126258,15912
"SLE",2010,5,10237.9089547116,33658.774104263,"Sierra Leone",50.9958073517531,985127.388343773,7144.8925126258,15912
"SLE",2011,0,11779.1790727279,33095.1937343254,"Sierra Leone",49.2514580002401,1003595.65712869,6878.18252160388,14956
"SLE",2011,1,11437.8041342891,33095.1937343254,"Sierra Leone",49.2514580002401,1003595.65712869,6878.18252160388,14956
"SLE",2011,2,11087.1875512005,33095.1937343254,"Sierra Leone",49.2514580002401,1003595.65712869,6878.18252160388,14956
"SLE",2011,5,9984.85139453593,33095.1937343254,"Sierra Leone",49.2514580002401,1003595.65712869,6878.18252160388,14956
"SLE",2012,0,11530.0467741608,32859.1436192348,"Sierra Leone",45.5780412165382,1018713.12402197,6439.38391414227,13805
"SLE",2012,1,11191.7176267035,32859.1436192348,"Sierra Leone",45.5780412165382,1018713.12402197,6439.38391414227,13805
"SLE",2012,2,10844.2905538376,32859.1436192348,"Sierra Leone",45.5780412165382,1018713.12402197,6439.38391414227,13805
"SLE",2012,5,9752.32314239363,32859.1436192348,"Sierra Leone",45.5780412165382,1018713.12402197,6439.38391414227,13805
"SLE",2013,0,10900.2957915054,31569.2207232894,"Sierra Leone",42.7399099902567,1030370.77161358,6240.9633628262,12631
"SLE",2013,1,10576.1257908602,31569.2207232894,"Sierra Leone",42.7399099902567,1030370.77161358,6240.9633628262,12631
"SLE",2013,2,10243.2773865504,31569.2207232894,"Sierra Leone",42.7399099902567,1030370.77161358,6240.9633628262,12631
"SLE",2013,5,9197.33740094875,31569.2207232894,"Sierra Leone",42.7399099902567,1030370.77161358,6240.9633628262,12631
"SLE",2014,0,10692.5154733872,31167.8032907937,"Sierra Leone",40.9083457487666,1039993.55664531,5889.37588695239,11572
"SLE",2014,1,10370.8132815407,31167.8032907937,"Sierra Leone",40.9083457487666,1039993.55664531,5889.37588695239,11572
"SLE",2014,2,10040.4901768359,31167.8032907937,"Sierra Leone",40.9083457487666,1039993.55664531,5889.37588695239,11572
"SLE",2014,5,9002.43539833209,31167.8032907937,"Sierra Leone",40.9083457487666,1039993.55664531,5889.37588695239,11572
"SLE",2015,0,10339.1628609457,30658.3071959905,"Sierra Leone",39.4884460983626,1049335.91757878,5877.6609699097,10723
"SLE",2015,1,10025.4472860931,30658.3071959905,"Sierra Leone",39.4884460983626,1049335.91757878,5877.6609699097,10723
"SLE",2015,2,9703.40957414756,30658.3071959905,"Sierra Leone",39.4884460983626,1049335.91757878,5877.6609699097,10723
"SLE",2015,5,8691.85668131152,30658.3071959905,"Sierra Leone",39.4884460983626,1049335.91757878,5877.6609699097,10723
"SLE",2016,0,9925.49890939965,29706.3240887867,"Sierra Leone",39.5139790536973,1059984.71793933,6043.38310748082,9999
"SLE",2016,1,9624.8564957545,29706.3240887867,"Sierra Leone",39.5139790536973,1059984.71793933,6043.38310748082,9999
"SLE",2016,2,9316.30012044135,29706.3240887867,"Sierra Leone",39.5139790536973,1059984.71793933,6043.38310748082,9999
"SLE",2016,5,8347.42699948763,29706.3240887867,"Sierra Leone",39.5139790536973,1059984.71793933,6043.38310748082,9999
"SLE",2017,0,9803.97496537402,29617.1149638719,"Sierra Leone",38.0583686157485,1070621.72988233,6007.56011423062,9412
"SLE",2017,1,9503.38033587123,29617.1149638719,"Sierra Leone",38.0583686157485,1070621.72988233,6007.56011423062,9412
"SLE",2017,2,9194.87728345732,29617.1149638719,"Sierra Leone",38.0583686157485,1070621.72988233,6007.56011423062,9412
"SLE",2017,5,8226.19270048222,29617.1149638719,"Sierra Leone",38.0583686157485,1070621.72988233,6007.56011423062,9412
"SLE",2018,0,9332.23716863185,28418.9735097765,"Sierra Leone",37.7651851857307,1079919.25064204,5797.78219610638,8866
"SLE",2018,1,9045.6463665735,28418.9735097765,"Sierra Leone",37.7651851857307,1079919.25064204,5797.78219610638,8866
"SLE",2018,2,8751.56225916053,28418.9735097765,"Sierra Leone",37.7651851857307,1079919.25064204,5797.78219610638,8866
"SLE",2018,5,7828.40836770481,28418.9735097765,"Sierra Leone",37.7651851857307,1079919.25064204,5797.78219610638,8866
"SLE",2019,0,9006.70199630352,27769.383556745,"Sierra Leone",36.3057562195613,1087115.81262968,5374.69387627831,8350
"SLE",2019,1,8726.21387225684,27769.383556745,"Sierra Leone",36.3057562195613,1087115.81262968,5374.69387627831,8350
"SLE",2019,2,8438.41309585256,27769.383556745,"Sierra Leone",36.3057562195613,1087115.81262968,5374.69387627831,8350
"SLE",2019,5,7535.09862462662,27769.383556745,"Sierra Leone",36.3057562195613,1087115.81262968,5374.69387627831,8350
"SLE",2020,0,8730.73471560715,27119.5848590672,"Sierra Leone",35.4486862716362,1091726.33498867,6372.79678289289,7869
"SLE",2020,1,8456.33611243047,27119.5848590672,"Sierra Leone",35.4486862716362,1091726.33498867,6372.79678289289,7869
"SLE",2020,2,8174.79634941065,27119.5848590672,"Sierra Leone",35.4486862716362,1091726.33498867,6372.79678289289,7869
"SLE",2020,5,7291.2045125459,27119.5848590672,"Sierra Leone",35.4486862716362,1091726.33498867,6372.79678289289,7869
"SLE",2021,0,8340.15846548467,26252.2640674418,"Sierra Leone",34.1120872436118,1094328.21264505,6239.32011254836,7554
"SLE",2021,1,8073.86504311888,26252.2640674418,"Sierra Leone",34.1120872436118,1094328.21264505,6239.32011254836,7554
"SLE",2021,2,7800.65351222189,26252.2640674418,"Sierra Leone",34.1120872436118,1094328.21264505,6239.32011254836,7554
"SLE",2021,5,6943.26430851268,26252.2640674418,"Sierra Leone",34.1120872436118,1094328.21264505,6239.32011254836,7554
"SLE",2022,0,8141.17082304962,25832.1077842523,"Sierra Leone",33.3842654543607,1096068.92415747,5928.06788935998,7273
"SLE",2022,1,7878.77216896904,25832.1077842523,"Sierra Leone",33.3842654543607,1096068.92415747,5928.06788935998,7273
"SLE",2022,2,7609.56897449251,25832.1077842523,"Sierra Leone",33.3842654543607,1096068.92415747,5928.06788935998,7273
"SLE",2022,5,6764.82762848,25832.1077842523,"Sierra Leone",33.3842654543607,1096068.92415747,5928.06788935998,7273
"SLE",2023,0,7797.81625985998,25402.8115383823,"Sierra Leone",30.928686684052,1096701.92119497,5149.30130245231,7011
"SLE",2023,1,7537.04282302977,25402.8115383823,"Sierra Leone",30.928686684052,1096701.92119497,5149.30130245231,7011
"SLE",2023,2,7269.5186185321,25402.8115383823,"Sierra Leone",30.928686684052,1096701.92119497,5149.30130245231,7011
"SLE",2023,5,6430.10942135287,25402.8115383823,"Sierra Leone",30.928686684052,1096701.92119497,5149.30130245231,7011
"SLE",2024,0,8665.92741127356,27722.5042039334,"Sierra Leone",30.8209909320081,1133126.19095386,6200.18547588636,6856
"SLE",2024,1,8375.38235800071,27722.5042039334,"Sierra Leone",30.8209909320081,1133126.19095386,6200.18547588636,6856
"SLE",2024,2,8077.25305005084,27722.5042039334,"Sierra Leone",30.8209909320081,1133126.19095386,6200.18547588636,6856
"SLE",2024,5,7141.48743911546,27722.5042039334,"Sierra Leone",30.8209909320081,1133126.19095386,6200.18547588636,6856
"SOM",2000,0,13678.6056761907,79223.3940456921,"Somalia",9.51434089057673,1908041.3983323,3211.34988540133,1408
"SOM",2000,1,12379.4018003994,79223.3940456921,"Somalia",9.51434089057673,1908041.3983323,3211.34988540133,1408
"SOM",2000,2,11041.4485406002,79223.3940456921,"Somalia",9.51434089057673,1908041.3983323,3211.34988540133,1408
"SOM",2000,5,6814.96976547942,79223.3940456921,"Somalia",9.51434089057673,1908041.3983323,3211.34988540133,1408
"SOM",2001,0,15075.9318175065,81237.9779745721,"Somalia",10.4368764992916,2001698.41808696,3372.52429380842,1621
"SOM",2001,1,13779.2064244449,81237.9779745721,"Somalia",10.4368764992916,2001698.41808696,3372.52429380842,1621
"SOM",2001,2,12443.9096820727,81237.9779745721,"Somalia",10.4368764992916,2001698.41808696,3372.52429380842,1621
"SOM",2001,5,8226.38064562978,81237.9779745721,"Somalia",10.4368764992916,2001698.41808696,3372.52429380842,1621
"SOM",2002,0,14512.4142342634,83861.734482602,"Somalia",9.57676354985801,2096011.18247632,3266.43757906781,1555
"SOM",2002,1,13143.7630321142,83861.734482602,"Somalia",9.57676354985801,2096011.18247632,3266.43757906781,1555
"SOM",2002,2,11734.2747665782,83861.734482602,"Somalia",9.57676354985801,2096011.18247632,3266.43757906781,1555
"SOM",2002,5,7281.7034517946,83861.734482602,"Somalia",9.57676354985801,2096011.18247632,3266.43757906781,1555
"SOM",2003,0,14296.4410785281,86056.8094885294,"Somalia",9.11205176408973,2188363.70763936,3146.52767980502,1582
"SOM",2003,1,12874.3212473246,86056.8094885294,"Somalia",9.11205176408973,2188363.70763936,3146.52767980502,1582
"SOM",2003,2,11409.6704195279,86056.8094885294,"Somalia",9.11205176408973,2188363.70763936,3146.52767980502,1582
"SOM",2003,5,6782.28687700759,86056.8094885294,"Somalia",9.11205176408973,2188363.70763936,3146.52767980502,1582
"SOM",2004,0,13256.0870394992,88820.4178794974,"Somalia",8.01620500718716,2280430.24550775,2699.38306891115,1432
"SOM",2004,1,11742.8887669041,88820.4178794974,"Somalia",8.01620500718716,2280430.24550775,2699.38306891115,1432
"SOM",2004,2,10184.2315942134,88820.4178794974,"Somalia",8.01620500718716,2280430.24550775,2699.38306891115,1432
"SOM",2004,5,5258.7093580336,88820.4178794974,"Somalia",8.01620500718716,2280430.24550775,2699.38306891115,1432
"SOM",2005,0,14962.4771726793,91196.3495631419,"Somalia",9.00565355096317,2371902.98650525,2834.75713714953,1689
"SOM",2005,1,13455.2062829125,91196.3495631419,"Somalia",9.00565355096317,2371902.98650525,2834.75713714953,1689
"SOM",2005,2,11902.8444789295,91196.3495631419,"Somalia",9.00565355096317,2371902.98650525,2834.75713714953,1689
"SOM",2005,5,6998.26284580088,91196.3495631419,"Somalia",9.00565355096317,2371902.98650525,2834.75713714953,1689
"SOM",2006,0,13023.222512421,87918.5786337611,"Somalia",8.06964654781156,2459687.61742778,2427.19317450299,1502
"SOM",2006,1,11546.6921536635,87918.5786337611,"Somalia",8.06964654781156,2459687.61742778,2427.19317450299,1502
"SOM",2006,2,10025.985525548,87918.5786337611,"Somalia",8.06964654781156,2459687.61742778,2427.19317450299,1502
"SOM",2006,5,5221.36279242691,87918.5786337611,"Somalia",8.06964654781156,2459687.61742778,2427.19317450299,1502
"SOM",2007,0,10288.2230171017,86681.3997410815,"Somalia",6.3134695207475,2541968.37680986,2025.89861245746,1145
"SOM",2007,1,8770.09127031565,86681.3997410815,"Somalia",6.3134695207475,2541968.37680986,2025.89861245746,1145
"SOM",2007,2,7206.44291421481,86681.3997410815,"Somalia",6.3134695207475,2541968.37680986,2025.89861245746,1145
"SOM",2007,5,2265.61667640811,86681.3997410815,"Somalia",6.3134695207475,2541968.37680986,2025.89861245746,1145
"SOM",2008,0,5640.64912741349,83911.6365564375,"Somalia",3.40812782335021,2632354.00617988,1358.13857739273,608
"SOM",2008,1,4042.71870103248,83911.6365564375,"Somalia",3.40812782335021,2632354.00617988,1358.13857739273,608
"SOM",2008,2,2396.28353651276,83911.6365564375,"Somalia",3.40812782335021,2632354.00617988,1358.13857739273,608
"SOM",2008,5,0,83911.6365564375,"Somalia",3.40812782335021,2632354.00617988,1358.13857739273,608
"SOM",2009,0,3333.44948346858,82800.619559924,"Somalia",2.00336789964793,2719019.56556141,850.714776005599,343
"SOM",2009,1,1694.5866882986,82800.619559924,"Somalia",2.00336789964793,2719019.56556141,850.714776005599,343
"SOM",2009,2,5.7697509972114,82800.619559924,"Somalia",2.00336789964793,2719019.56556141,850.714776005599,343
"SOM",2009,5,0,82800.619559924,"Somalia",2.00336789964793,2719019.56556141,850.714776005599,343
"SOM",2010,0,5479.23333169432,107542.82839726,"Somalia",2.23758741576792,2777948.49110711,903.385979164041,499
"SOM",2010,1,3077.73572535065,107542.82839726,"Somalia",2.23758741576792,2777948.49110711,903.385979164041,499
"SOM",2010,2,599.657340810261,107542.82839726,"Somalia",2.23758741576792,2777948.49110711,903.385979164041,499
"SOM",2010,5,0,107542.82839726,"Somalia",2.23758741576792,2777948.49110711,903.385979164041,499
"SOM",2011,0,7384.51346632064,159355.74684086,"Somalia",1.79767365719091,2804300.75306197,706.869360259682,1025
"SOM",2011,1,3330.28826088594,159355.74684086,"Somalia",1.79767365719091,2804300.75306197,706.869360259682,1025
"SOM",2011,2,0,159355.74684086,"Somalia",1.79767365719091,2804300.75306197,706.869360259682,1025
"SOM",2011,5,0,159355.74684086,"Somalia",1.79767365719091,2804300.75306197,706.869360259682,1025
"SOM",2012,0,4203.43374286298,102532.775705484,"Somalia",1.79533934326331,2808473.86174358,726.477752242037,427
"SOM",2012,1,1891.52702112738,102532.775705484,"Somalia",1.79533934326331,2808473.86174358,726.477752242037,427
"SOM",2012,2,0,102532.775705484,"Somalia",1.79533934326331,2808473.86174358,726.477752242037,427
"SOM",2012,5,0,102532.775705484,"Somalia",1.79533934326331,2808473.86174358,726.477752242037,427
"SOM",2013,0,3191.09075177739,75500.286115083,"Somalia",2.16816975406491,2858999.38094783,912.240937921213,395
"SOM",2013,1,1744.71802135686,75500.286115083,"Somalia",2.16816975406491,2858999.38094783,912.240937921213,395
"SOM",2013,2,254.722446439253,75500.286115083,"Somalia",2.16816975406491,2858999.38094783,912.240937921213,395
"SOM",2013,5,0,75500.286115083,"Somalia",2.16816975406491,2858999.38094783,912.240937921213,395
"SOM",2014,0,3698.07873261038,75885.0347563367,"Somalia",2.53748728114357,2969316.64209528,1013.20648740575,498
"SOM",2014,1,2273.33858876214,75885.0347563367,"Somalia",2.53748728114357,2969316.64209528,1013.20648740575,498
"SOM",2014,2,805.801536162547,75885.0347563367,"Somalia",2.53748728114357,2969316.64209528,1013.20648740575,498
"SOM",2014,5,0,75885.0347563367,"Somalia",2.53748728114357,2969316.64209528,1013.20648740575,498
"SOM",2015,0,4340.23906241076,74992.4241087959,"Somalia",3.06207942936047,3092991.43060034,1156.96102925527,645
"SOM",2015,1,2964.55647697416,74992.4241087959,"Somalia",3.06207942936047,3092991.43060034,1156.96102925527,645
"SOM",2015,2,1547.73057161594,74992.4241087959,"Somalia",3.06207942936047,3092991.43060034,1156.96102925527,645
"SOM",2015,5,0,74992.4241087959,"Somalia",3.06207942936047,3092991.43060034,1156.96102925527,645
"SOM",2016,0,4259.51870525752,73780.0341859616,"Somalia",3.08027814621454,3211493.28463314,1102.82467563825,678
"SOM",2016,1,2917.60599705087,73780.0341859616,"Somalia",3.08027814621454,3211493.28463314,1102.82467563825,678
"SOM",2016,2,1535.68846908084,73780.0341859616,"Somalia",3.08027814621454,3211493.28463314,1102.82467563825,678
"SOM",2016,5,0,73780.0341859616,"Somalia",3.08027814621454,3211493.28463314,1102.82467563825,678
"SOM",2017,0,4111.39471789486,72590.8235304208,"Somalia",3.04829357951583,3341352.42615608,1008.60014490651,957
"SOM",2017,1,2801.89110469189,72590.8235304208,"Somalia",3.04829357951583,3341352.42615608,1008.60014490651,957
"SOM",2017,2,1453.44008596712,72590.8235304208,"Somalia",3.04829357951583,3341352.42615608,1008.60014490651,957
"SOM",2017,5,0,72590.8235304208,"Somalia",3.04829357951583,3341352.42615608,1008.60014490651,957
"SOM",2018,0,4076.33363941097,71876.2638134184,"Somalia",3.0774165736476,3476265.44467639,1066.51398187289,883
"SOM",2018,1,2790.71996942701,71876.2638134184,"Somalia",3.0774165736476,3476265.44467639,1066.51398187289,883
"SOM",2018,2,1466.94789796322,71876.2638134184,"Somalia",3.0774165736476,3476265.44467639,1066.51398187289,883
"SOM",2018,5,0,71876.2638134184,"Somalia",3.0774165736476,3476265.44467639,1066.51398187289,883
"SOM",2019,0,4066.75196104317,71731.2655645493,"Somalia",3.09747310099103,3600859.69466325,1084.90408896627,783
"SOM",2019,1,2792.72005025025,71731.2655645493,"Somalia",3.09747310099103,3600859.69466325,1084.90408896627,783
"SOM",2019,2,1480.96758504571,71731.2655645493,"Somalia",3.09747310099103,3600859.69466325,1084.90408896627,783
"SOM",2019,5,0,71731.2655645493,"Somalia",3.09747310099103,3600859.69466325,1084.90408896627,783
"SOM",2020,0,4068.68651864019,72192.6615713641,"Somalia",3.09016803816483,3729670.13819984,1241.70113960543,795
"SOM",2020,1,2790.83271247441,72192.6615713641,"Somalia",3.09016803816483,3729670.13819984,1241.70113960543,795
"SOM",2020,2,1475.220075311,72192.6615713641,"Somalia",3.09016803816483,3729670.13819984,1241.70113960543,795
"SOM",2020,5,0,72192.6615713641,"Somalia",3.09016803816483,3729670.13819984,1241.70113960543,795
"SOM",2021,0,4058.78954094544,73426.5951638474,"Somalia",3.03679766824141,3865213.44545,1189.56224933118,826
"SOM",2021,1,2760.62832297366,73426.5951638474,"Somalia",3.03679766824141,3865213.44545,1189.56224933118,826
"SOM",2021,2,1424.1780251424,73426.5951638474,"Somalia",3.03679766824141,3865213.44545,1189.56224933118,826
"SOM",2021,5,0,73426.5951638474,"Somalia",3.03679766824141,3865213.44545,1189.56224933118,826
"SOM",2022,0,4104.92370675656,74482.5237952601,"Somalia",3.0518104329193,4000000.35489686,1132.20291682194,1265
"SOM",2022,1,2798.66137131179,74482.5237952601,"Somalia",3.0518104329193,4000000.35489686,1132.20291682194,1265
"SOM",2022,2,1453.94398316014,74482.5237952601,"Somalia",3.0518104329193,4000000.35489686,1132.20291682194,1265
"SOM",2022,5,0,74482.5237952601,"Somalia",3.0518104329193,4000000.35489686,1132.20291682194,1265
"SOM",2023,0,4181.25287193537,75572.8699157523,"Somalia",3.07583890918442,4116421.28980407,1136.98861203807,871
"SOM",2023,1,2861.47147282842,75572.8699157523,"Somalia",3.07583890918442,4116421.28980407,1136.98861203807,871
"SOM",2023,2,1502.89203053248,75572.8699157523,"Somalia",3.07583890918442,4116421.28980407,1136.98861203807,871
"SOM",2023,5,0,75572.8699157523,"Somalia",3.07583890918442,4116421.28980407,1136.98861203807,871
"SOM",2024,0,4240.98071611592,77963.2725942302,"Somalia",3.00562461766305,4320414.66158727,1200.23039386064,864
"SOM",2024,1,2869.87898775634,77963.2725942302,"Somalia",3.00562461766305,4320414.66158727,1200.23039386064,864
"SOM",2024,2,1458.35614659984,77963.2725942302,"Somalia",3.00562461766305,4320414.66158727,1200.23039386064,864
"SOM",2024,5,0,77963.2725942302,"Somalia",3.00562461766305,4320414.66158727,1200.23039386064,864
"SSD",2000,0,14101.2609092589,39908.8838203134,"South Sudan",46.7027023077499,1338677.16393979,4997.33998500502,6458
"SSD",2000,1,13683.3080465111,39908.8838203134,"South Sudan",46.7027023077499,1338677.16393979,4997.33998500502,6458
"SSD",2000,2,13253.9726658401,39908.8838203134,"South Sudan",46.7027023077499,1338677.16393979,4997.33998500502,6458
"SSD",2000,5,11903.8834918267,39908.8838203134,"South Sudan",46.7027023077499,1338677.16393979,4997.33998500502,6458
"SSD",2001,0,13659.1052227493,38868.9493929455,"South Sudan",46.1782422689158,1373145.56498124,5032.45246940651,6096
"SSD",2001,1,13253.6321333465,38868.9493929455,"South Sudan",46.1782422689158,1373145.56498124,5032.45246940651,6096
"SSD",2001,2,12837.1370571629,38868.9493929455,"South Sudan",46.1782422689158,1373145.56498124,5032.45246940651,6096
"SSD",2001,5,11527.5334887898,38868.9493929455,"South Sudan",46.1782422689158,1373145.56498124,5032.45246940651,6096
"SSD",2002,0,13297.7259057758,38325.6725894244,"South Sudan",43.3884736056816,1407757.97083497,4852.24571943448,5699
"SSD",2002,1,12898.2633061743,38325.6725894244,"South Sudan",43.3884736056816,1407757.97083497,4852.24571943448,5699
"SSD",2002,2,12487.9808961856,38325.6725894244,"South Sudan",43.3884736056816,1407757.97083497,4852.24571943448,5699
"SSD",2002,5,11198.1218807512,38325.6725894244,"South Sudan",43.3884736056816,1407757.97083497,4852.24571943448,5699
"SSD",2003,0,12981.4333615923,38137.4881075899,"South Sudan",39.8008962355484,1442312.16406287,4786.34000896781,5362
"SSD",2003,1,12583.1169603299,38137.4881075899,"South Sudan",39.8008962355484,1442312.16406287,4786.34000896781,5362
"SSD",2003,2,12174.0614386667,38137.4881075899,"South Sudan",39.8008962355484,1442312.16406287,4786.34000896781,5362
"SSD",2003,5,10888.330470444,38137.4881075899,"South Sudan",39.8008962355484,1442312.16406287,4786.34000896781,5362
"SSD",2004,0,12612.1726971242,37950.8913562505,"South Sudan",36.2914219071696,1476832.37447165,4718.2261658343,5002
"SSD",2004,1,12213.8825101865,37950.8913562505,"South Sudan",36.2914219071696,1476832.37447165,4718.2261658343,5002
"SSD",2004,2,11804.9014101183,37950.8913562505,"South Sudan",36.2914219071696,1476832.37447165,4718.2261658343,5002
"SSD",2004,5,10519.6634293709,37950.8913562505,"South Sudan",36.2914219071696,1476832.37447165,4718.2261658343,5002
"SSD",2005,0,12372.144014363,37611.7230423069,"South Sudan",35.4180105817913,1511142.15793966,4727.21749013014,4686
"SSD",2005,1,11978.1293044919,37611.7230423069,"South Sudan",35.4180105817913,1511142.15793966,4727.21749013014,4686
"SSD",2005,2,11573.5729057302,37611.7230423069,"South Sudan",35.4180105817913,1511142.15793966,4727.21749013014,4686
"SSD",2005,5,10302.4273106521,37611.7230423069,"South Sudan",35.4180105817913,1511142.15793966,4727.21749013014,4686
"SSD",2006,0,12733.7024474277,38882.4111738899,"South Sudan",35.5541264380503,1544230.75432757,4468.58970594492,4414
"SSD",2006,1,12329.0510225845,38882.4111738899,"South Sudan",35.5541264380503,1544230.75432757,4468.58970594492,4414
"SSD",2006,2,11913.6703584025,38882.4111738899,"South Sudan",35.5541264380503,1544230.75432757,4468.58970594492,4414
"SSD",2006,5,10609.0623992086,38882.4111738899,"South Sudan",35.5541264380503,1544230.75432757,4468.58970594492,4414
"SSD",2007,0,12394.0848276803,38134.3503405509,"South Sudan",34.9945556652015,1576024.25083953,4149.63563331272,4193
"SSD",2007,1,11997.9194281755,38134.3503405509,"South Sudan",34.9945556652015,1576024.25083953,4149.63563331272,4193
"SSD",2007,2,11591.2586581558,38134.3503405509,"South Sudan",34.9945556652015,1576024.25083953,4149.63563331272,4193
"SSD",2007,5,10314.0794549579,38134.3503405509,"South Sudan",34.9945556652015,1576024.25083953,4149.63563331272,4193
"SSD",2008,0,12104.9451996353,37574.1913440226,"South Sudan",34.2379754944145,1607256.78832244,4016.71821477837,4023
"SSD",2008,1,11714.7382786288,37574.1913440226,"South Sudan",34.2379754944145,1607256.78832244,4016.71821477837,4023
"SSD",2008,2,11314.2010282064,37574.1913440226,"South Sudan",34.2379754944145,1607256.78832244,4016.71821477837,4023
"SSD",2008,5,10056.286523133,37574.1913440226,"South Sudan",34.2379754944145,1607256.78832244,4016.71821477837,4023
"SSD",2009,0,11845.0864932927,37239.2867734986,"South Sudan",32.8444641497097,1637428.92622053,3805.0092407204,3868
"SSD",2009,1,11456.5769417704,37239.2867734986,"South Sudan",32.8444641497097,1637428.92622053,3805.0092407204,3868
"SSD",2009,2,11057.7672472637,37239.2867734986,"South Sudan",32.8444641497097,1637428.92622053,3805.0092407204,3868
"SSD",2009,5,9805.18640833562,37239.2867734986,"South Sudan",32.8444641497097,1637428.92622053,3805.0092407204,3868
"SSD",2010,0,11557.6981314384,36832.5367233458,"South Sudan",31.7200492562424,1666478.19756918,3796.12643135546,3739
"SSD",2010,1,11172.5920236031,36832.5367233458,"South Sudan",31.7200492562424,1666478.19756918,3796.12643135546,3739
"SSD",2010,2,10777.2809988754,36832.5367233458,"South Sudan",31.7200492562424,1666478.19756918,3796.12643135546,3739
"SSD",2010,5,9535.71048078942,36832.5367233458,"South Sudan",31.7200492562424,1666478.19756918,3796.12643135546,3739
"SSD",2011,0,11406.2140837607,36713.3797790562,"South Sudan",31.079677380117,1694258.93439303,3884.87225232398,3630
"SSD",2011,1,11022.4213578942,36713.3797790562,"South Sudan",31.079677380117,1694258.93439303,3884.87225232398,3630
"SSD",2011,2,10628.4862992906,36713.3797790562,"South Sudan",31.079677380117,1694258.93439303,3884.87225232398,3630
"SSD",2011,5,9391.39186358091,36713.3797790562,"South Sudan",31.079677380117,1694258.93439303,3884.87225232398,3630
"SSD",2012,0,11399.8422881279,37439.5407966301,"South Sudan",29.3148367091842,1719642.22670019,3980.44008878658,3667
"SSD",2012,1,11004.5540881213,37439.5407966301,"South Sudan",29.3148367091842,1719642.22670019,3980.44008878658,3667
"SSD",2012,2,10598.8252401361,37439.5407966301,"South Sudan",29.3148367091842,1719642.22670019,3980.44008878658,3667
"SSD",2012,5,9324.72359385561,37439.5407966301,"South Sudan",29.3148367091842,1719642.22670019,3980.44008878658,3667
"SSD",2013,0,11505.3141843134,38014.4447924764,"South Sudan",28.825786856254,1740656.50777245,4184.46427901963,3966
"SSD",2013,1,11102.6635948489,38014.4447924764,"South Sudan",28.825786856254,1740656.50777245,4184.46427901963,3966
"SSD",2013,2,10689.3803445334,38014.4447924764,"South Sudan",28.825786856254,1740656.50777245,4184.46427901963,3966
"SSD",2013,5,9391.5697953592,38014.4447924764,"South Sudan",28.825786856254,1740656.50777245,4184.46427901963,3966
"SSD",2014,0,11469.8307059488,38559.1975764978,"South Sudan",27.529145203203,1756756.86149364,4152.33223867679,11417
"SSD",2014,1,11057.5963794045,38559.1975764978,"South Sudan",27.529145203203,1756756.86149364,4152.33223867679,11417
"SSD",2014,2,10634.4794788746,38559.1975764978,"South Sudan",27.529145203203,1756756.86149364,4152.33223867679,11417
"SSD",2014,5,9305.80714699319,38559.1975764978,"South Sudan",27.529145203203,1756756.86149364,4152.33223867679,11417
"SSD",2015,0,11174.0034508898,37596.1477230602,"South Sudan",26.9542365045867,1717979.16443681,4239.80271119919,17325
"SSD",2015,1,10767.2461374544,37596.1477230602,"South Sudan",26.9542365045867,1717979.16443681,4239.80271119919,17325
"SSD",2015,2,10349.69851754,37596.1477230602,"South Sudan",26.9542365045867,1717979.16443681,4239.80271119919,17325
"SSD",2015,5,9038.22919704166,37596.1477230602,"South Sudan",26.9542365045867,1717979.16443681,4239.80271119919,17325
"SSD",2016,0,10758.2146451331,36458.7106972385,"South Sudan",26.4580746692868,1660035.14714584,3830.78894921203,20510
"SSD",2016,1,10361.9651824833,36458.7106972385,"South Sudan",26.4580746692868,1660035.14714584,3830.78894921203,20510
"SSD",2016,2,9955.20559047982,36458.7106972385,"South Sudan",26.4580746692868,1660035.14714584,3830.78894921203,20510
"SSD",2016,5,8677.63240909776,36458.7106972385,"South Sudan",26.4580746692868,1660035.14714584,3830.78894921203,20510
"SSD",2017,0,10487.3055802614,34773.0698232617,"South Sudan",27.8806148801357,1577199.42218206,3783.60799835074,21971
"SSD",2017,1,10113.1781707126,34773.0698232617,"South Sudan",27.8806148801357,1577199.42218206,3783.60799835074,21971
"SSD",2017,2,9729.13449835292,34773.0698232617,"South Sudan",27.8806148801357,1577199.42218206,3783.60799835074,21971
"SSD",2017,5,8522.95010925169,34773.0698232617,"South Sudan",27.8806148801357,1577199.42218206,3783.60799835074,21971
"SSD",2018,0,9320.45540676592,30639.9763895826,"South Sudan",27.5065755143101,1404747.0540824,3817.55584331238,6935
"SSD",2018,1,8985.30827561182,30639.9763895826,"South Sudan",27.5065755143101,1404747.0540824,3817.55584331238,6935
"SSD",2018,2,8641.20708747233,30639.9763895826,"South Sudan",27.5065755143101,1404747.0540824,3817.55584331238,6935
"SSD",2018,5,7560.0866329315,30639.9763895826,"South Sudan",27.5065755143101,1404747.0540824,3817.55584331238,6935
"SSD",2019,0,9093.57018354003,29444.5514306589,"South Sudan",30.1735509358381,1317083.08337073,4240.36230464373,3761
"SSD",2019,1,8782.94239764375,29444.5514306589,"South Sudan",30.1735509358381,1317083.08337073,4240.36230464373,3761
"SSD",2019,2,8464.12147630637,29444.5514306589,"South Sudan",30.1735509358381,1317083.08337073,4240.36230464373,3761
"SSD",2019,5,7463.01143558973,29444.5514306589,"South Sudan",30.1735509358381,1317083.08337073,4240.36230464373,3761
"SSD",2020,0,9133.34289052383,31097.4704530029,"South Sudan",27.7073011101939,1345697.56741221,4303.72333396546,3729
"SSD",2020,1,8806.34437243973,31097.4704530029,"South Sudan",27.7073011101939,1345697.56741221,4303.72333396546,3729
"SSD",2020,2,8470.82745886516,31097.4704530029,"South Sudan",27.7073011101939,1345697.56741221,4303.72333396546,3729
"SSD",2020,5,7417.8653788951,31097.4704530029,"South Sudan",27.7073011101939,1345697.56741221,4303.72333396546,3729
"SSD",2021,0,8988.79722864109,31384.8715867362,"South Sudan",25.8410121282207,1374558.97329401,4119.25500706111,3713
"SSD",2021,1,8652.70334445927,31384.8715867362,"South Sudan",25.8410121282207,1374558.97329401,4119.25500706111,3713
"SSD",2021,2,8307.81865348214,31384.8715867362,"South Sudan",25.8410121282207,1374558.97329401,4119.25500706111,3713
"SSD",2021,5,7225.25270095094,31384.8715867362,"South Sudan",25.8410121282207,1374558.97329401,4119.25500706111,3713
"SSD",2022,0,8825.50947023756,31978.7641196571,"South Sudan",23.7186109289279,1384416.71548094,3818.42520360129,3806
"SSD",2022,1,8475.164255779,31978.7641196571,"South Sudan",23.7186109289279,1384416.71548094,3818.42520360129,3806
"SSD",2022,2,8115.65312909008,31978.7641196571,"South Sudan",23.7186109289279,1384416.71548094,3818.42520360129,3806
"SSD",2022,5,6987.17299788962,31978.7641196571,"South Sudan",23.7186109289279,1384416.71548094,3818.42520360129,3806
"SSD",2023,0,8818.68039452552,32423.9368286273,"South Sudan",23.0074141892163,1397114.28470932,3639.89236684992,3817
"SSD",2023,1,8460.52407697803,32423.9368286273,"South Sudan",23.0074141892163,1397114.28470932,3639.89236684992,3817
"SSD",2023,2,8093.00036828312,32423.9368286273,"South Sudan",23.0074141892163,1397114.28470932,3639.89236684992,3817
"SSD",2023,5,6939.39159506871,32423.9368286273,"South Sudan",23.0074141892163,1397114.28470932,3639.89236684992,3817
"SSD",2024,0,11250.9935908921,40850.8188016772,"South Sudan",23.1223019010464,1391072.97104675,4779.0227833698,3980
"SSD",2024,1,10795.7482099983,40850.8188016772,"South Sudan",23.1223019010464,1391072.97104675,4779.0227833698,3980
"SSD",2024,2,10328.5483254811,40850.8188016772,"South Sudan",23.1223019010464,1391072.97104675,4779.0227833698,3980
"SSD",2024,5,8861.8246327587,40850.8188016772,"South Sudan",23.1223019010464,1391072.97104675,4779.0227833698,3980
"SWZ",2000,0,596.47688476285,2756.01604147991,"Swaziland",18.3270304369971,159220.901326914,14.8974849465327,36
"SWZ",2000,1,567.091701271516,2756.01604147991,"Swaziland",18.3270304369971,159220.901326914,14.8974849465327,36
"SWZ",2000,2,536.96996302566,2756.01604147991,"Swaziland",18.3270304369971,159220.901326914,14.8974849465327,36
"SWZ",2000,5,442.583937605199,2756.01604147991,"Swaziland",18.3270304369971,159220.901326914,14.8974849465327,36
"SWZ",2001,0,455.156215033874,3012.73389224598,"Swaziland",10.9022507005738,159291.950129879,9.21483276424224,24
"SWZ",2001,1,417.202190649769,3012.73389224598,"Swaziland",10.9022507005738,159291.950129879,9.21483276424224,24
"SWZ",2001,2,378.278212682777,3012.73389224598,"Swaziland",10.9022507005738,159291.950129879,9.21483276424224,24
"SWZ",2001,5,256.216566735295,3012.73389224598,"Swaziland",10.9022507005738,159291.950129879,9.21483276424224,24
"SWZ",2002,0,259.96586719367,3047.64373878353,"Swaziland",5.5607692124924,159082.367840276,4.99300439711767,15
"SWZ",2002,1,215.684596363159,3047.64373878353,"Swaziland",5.5607692124924,159082.367840276,4.99300439711767,15
"SWZ",2002,2,170.243883216259,3047.64373878353,"Swaziland",5.5607692124924,159082.367840276,4.99300439711767,15
"SWZ",2002,5,27.5960304064071,3047.64373878353,"Swaziland",5.5607692124924,159082.367840276,4.99300439711767,15
"SWZ",2003,0,146.213469231369,3176.56338486706,"Swaziland",2.85078672137184,158701.606579684,2.23038069351832,9
"SWZ",2003,1,96.1320891314768,3176.56338486706,"Swaziland",2.85078672137184,158701.606579684,2.23038069351832,9
"SWZ",2003,2,44.7274567274051,3176.56338486706,"Swaziland",2.85078672137184,158701.606579684,2.23038069351832,9
"SWZ",2003,5,0,3176.56338486706,"Swaziland",2.85078672137184,158701.606579684,2.23038069351832,9
"SWZ",2004,0,226.852290568744,3250.01568486811,"Swaziland",4.40370331713418,158126.718692092,4.03406367199753,8
"SWZ",2004,1,177.436272357045,3250.01568486811,"Swaziland",4.40370331713418,158126.718692092,4.03406367199753,8
"SWZ",2004,2,126.732237006993,3250.01568486811,"Swaziland",4.40370331713418,158126.718692092,4.03406367199753,8
"SWZ",2004,5,0,3250.01568486811,"Swaziland",4.40370331713418,158126.718692092,4.03406367199753,8
"SWZ",2005,0,146.929087258525,3247.7077903365,"Swaziland",2.77619052188256,157422.600567347,2.47884157083843,4
"SWZ",2005,1,95.1927409900499,3247.7077903365,"Swaziland",2.77619052188256,157422.600567347,2.47884157083843,4
"SWZ",2005,2,42.1008807380905,3247.7077903365,"Swaziland",2.77619052188256,157422.600567347,2.47884157083843,4
"SWZ",2005,5,0,3247.7077903365,"Swaziland",2.77619052188256,157422.600567347,2.47884157083843,4
"SWZ",2006,0,105.525361458347,3282.40748230673,"Swaziland",1.9452392146941,156592.055379758,1.95636331910208,7
"SWZ",2006,1,51.9405284639667,3282.40748230673,"Swaziland",1.9452392146941,156592.055379758,1.95636331910208,7
"SWZ",2006,2,0,3282.40748230673,"Swaziland",1.9452392146941,156592.055379758,1.95636331910208,7
"SWZ",2006,5,0,3282.40748230673,"Swaziland",1.9452392146941,156592.055379758,1.95636331910208,7
"SWZ",2007,0,177.196062800101,3363.36147367277,"Swaziland",3.26829648854392,155557.843045454,3.21236698371281,4
"SWZ",2007,1,124.475844024495,3363.36147367277,"Swaziland",3.26829648854392,155557.843045454,3.21236698371281,4
"SWZ",2007,2,70.4065508197238,3363.36147367277,"Swaziland",3.26829648854392,155557.843045454,3.21236698371281,4
"SWZ",2007,5,0,3363.36147367277,"Swaziland",3.26829648854392,155557.843045454,3.21236698371281,4
"SWZ",2008,0,171.229668092989,3437.44415749404,"Swaziland",3.15270408841653,154285.405669869,2.94311287248142,2
"SWZ",2008,1,118.305273479922,3437.44415749404,"Swaziland",3.15270408841653,154285.405669869,2.94311287248142,2
"SWZ",2008,2,64.0648449673834,3437.44415749404,"Swaziland",3.15270408841653,154285.405669869,2.94311287248142,2
"SWZ",2008,5,0,3437.44415749404,"Swaziland",3.15270408841653,154285.405669869,2.94311287248142,2
"SWZ",2009,0,185.553720325531,3465.77044589681,"Swaziland",3.49700596105429,152843.018840497,3.13713590466064,3
"SWZ",2009,1,133.995441834668,3465.77044589681,"Swaziland",3.49700596105429,152843.018840497,3.13713590466064,3
"SWZ",2009,2,81.199460039474,3465.77044589681,"Swaziland",3.49700596105429,152843.018840497,3.13713590466064,3
"SWZ",2009,5,0,3465.77044589681,"Swaziland",3.49700596105429,152843.018840497,3.13713590466064,3
"SWZ",2010,0,114.861264159483,2838.39367183457,"Swaziland",2.69901761534199,151651.030194518,2.1532100383131,1
"SWZ",2010,1,73.1552351641921,2838.39367183457,"Swaziland",2.69901761534199,151651.030194518,2.1532100383131,1
"SWZ",2010,2,30.4354556781836,2838.39367183457,"Swaziland",2.69901761534199,151651.030194518,2.1532100383131,1
"SWZ",2010,5,0,2838.39367183457,"Swaziland",2.69901761534199,151651.030194518,2.1532100383131,1
"SWZ",2011,0,76.1466458407682,2311.70881536935,"Swaziland",2.23177426074944,151042.687443758,1.61592101450712,0
"SWZ",2011,1,42.5448649514958,2311.70881536935,"Swaziland",2.23177426074944,151042.687443758,1.61592101450712,0
"SWZ",2011,2,8.09955454867919,2311.70881536935,"Swaziland",2.23177426074944,151042.687443758,1.61592101450712,0
"SWZ",2011,5,0,2311.70881536935,"Swaziland",2.23177426074944,151042.687443758,1.61592101450712,0
"SWZ",2012,0,74.9404964813715,2253.35029605628,"Swaziland",2.22429095843124,150682.494712678,1.66058085928437,0
"SWZ",2012,1,41.7636216055688,2253.35029605628,"Swaziland",2.22429095843124,150682.494712678,1.66058085928437,0
"SWZ",2012,2,7.7424165351706,2253.35029605628,"Swaziland",2.22429095843124,150682.494712678,1.66058085928437,0
"SWZ",2012,5,0,2253.35029605628,"Swaziland",2.22429095843124,150682.494712678,1.66058085928437,0
"SWZ",2013,0,112.615483043037,2201.91118349472,"Swaziland",3.44069699746233,150255.906200104,3.77981245735,0
"SWZ",2013,1,80.8508840089056,2201.91118349472,"Swaziland",3.44069699746233,150255.906200104,3.77981245735,0
"SWZ",2013,2,48.2749875894349,2201.91118349472,"Swaziland",3.44069699746233,150255.906200104,3.77981245735,0
"SWZ",2013,5,0,2201.91118349472,"Swaziland",3.44069699746233,150255.906200104,3.77981245735,0
"SWZ",2014,0,66.242861868517,2205.684859181,"Swaziland",1.9397053732126,149575.756168276,1.54714957161021,0
"SWZ",2014,1,32.5047149434837,2205.684859181,"Swaziland",1.9397053732126,149575.756168276,1.54714957161021,0
"SWZ",2014,2,0,2205.684859181,"Swaziland",1.9397053732126,149575.756168276,1.54714957161021,0
"SWZ",2014,5,0,2205.684859181,"Swaziland",1.9397053732126,149575.756168276,1.54714957161021,0
"SWZ",2015,0,51.9379742720639,2182.78050307361,"Swaziland",1.50976317944939,148403.671435325,1.1775372350791,1
"SWZ",2015,1,17.7667252131681,2182.78050307361,"Swaziland",1.50976317944939,148403.671435325,1.1775372350791,1
"SWZ",2015,2,0,2182.78050307361,"Swaziland",1.50976317944939,148403.671435325,1.1775372350791,1
"SWZ",2015,5,0,2182.78050307361,"Swaziland",1.50976317944939,148403.671435325,1.1775372350791,1
"SWZ",2016,0,36.5280375603091,2043.92685694649,"Swaziland",1.13525886592082,146798.217202735,1.06210106520788,0
"SWZ",2016,1,4.41011704694022,2043.92685694649,"Swaziland",1.13525886592082,146798.217202735,1.06210106520788,0
"SWZ",2016,2,0,2043.92685694649,"Swaziland",1.13525886592082,146798.217202735,1.06210106520788,0
"SWZ",2016,5,0,2043.92685694649,"Swaziland",1.13525886592082,146798.217202735,1.06210106520788,0
"SWZ",2017,0,52.3655589020902,1915.626975066,"Swaziland",1.74083983525515,145007.33361797,2.32017707013125,5
"SWZ",2017,1,22.5802099536332,1915.626975066,"Swaziland",1.74083983525515,145007.33361797,2.32017707013125,5
"SWZ",2017,2,0,1915.626975066,"Swaziland",1.74083983525515,145007.33361797,2.32017707013125,5
"SWZ",2017,5,0,1915.626975066,"Swaziland",1.74083983525515,145007.33361797,2.32017707013125,5
"SWZ",2018,0,86.184809656346,1812.60012017919,"Swaziland",3.0576848112553,143182.873827569,2.92689763683462,0
"SWZ",2018,1,58.744280260927,1812.60012017919,"Swaziland",3.0576848112553,143182.873827569,2.92689763683462,0
"SWZ",2018,2,30.5664237106234,1812.60012017919,"Swaziland",3.0576848112553,143182.873827569,2.92689763683462,0
"SWZ",2018,5,0,1812.60012017919,"Swaziland",3.0576848112553,143182.873827569,2.92689763683462,0
"SWZ",2019,0,34.6629454402977,1767.32529726664,"Swaziland",1.22041980617474,141367.792623833,0.770966279979861,0
"SWZ",2019,1,6.34647134876671,1767.32529726664,"Swaziland",1.22041980617474,141367.792623833,0.770966279979861,0
"SWZ",2019,2,0,1767.32529726664,"Swaziland",1.22041980617474,141367.792623833,0.770966279979861,0
"SWZ",2019,5,0,1767.32529726664,"Swaziland",1.22041980617474,141367.792623833,0.770966279979861,0
"SWZ",2020,0,36.4474898030236,1678.99804656713,"Swaziland",1.34930065289745,139516.854464346,0.770545411244772,0
"SWZ",2020,1,9.56514801790274,1678.99804656713,"Swaziland",1.34930065289745,139516.854464346,0.770545411244772,0
"SWZ",2020,2,0,1678.99804656713,"Swaziland",1.34930065289745,139516.854464346,0.770545411244772,0
"SWZ",2020,5,0,1678.99804656713,"Swaziland",1.34930065289745,139516.854464346,0.770545411244772,0
"SWZ",2021,0,58.1067629194078,1511.98297385053,"Swaziland",2.47692584414882,137631.531845873,1.705012739534,1
"SWZ",2021,1,35.1081637675921,1511.98297385053,"Swaziland",2.47692584414882,137631.531845873,1.705012739534,1
"SWZ",2021,2,11.4812239472963,1511.98297385053,"Swaziland",2.47692584414882,137631.531845873,1.705012739534,1
"SWZ",2021,5,0,1511.98297385053,"Swaziland",2.47692584414882,137631.531845873,1.705012739534,1
"SWZ",2022,0,31.5065260706972,1498.63355224389,"Swaziland",1.34837346243219,135693.891017613,0.637524221427859,0
"SWZ",2022,1,8.25152932468767,1498.63355224389,"Swaziland",1.34837346243219,135693.891017613,0.637524221427859,0
"SWZ",2022,2,0,1498.63355224389,"Swaziland",1.34837346243219,135693.891017613,0.637524221427859,0
"SWZ",2022,5,0,1498.63355224389,"Swaziland",1.34837346243219,135693.891017613,0.637524221427859,0
"SWZ",2023,0,54.4944267633973,1370.99571717533,"Swaziland",2.80777209908711,133770.415744814,1.40940977786128,1
"SWZ",2023,1,35.5249292108842,1370.99571717533,"Swaziland",2.80777209908711,133770.415744814,1.40940977786128,1
"SWZ",2023,2,16.063481783788,1370.99571717533,"Swaziland",2.80777209908711,133770.415744814,1.40940977786128,1
"SWZ",2023,5,0,1370.99571717533,"Swaziland",2.80777209908711,133770.415744814,1.40940977786128,1
"SWZ",2024,0,40.0828600836674,1332.35134395888,"Swaziland",2.08854269781645,132566.90091164,0.481067001536171,1
"SWZ",2024,1,21.1614559033057,1332.35134395888,"Swaziland",2.08854269781645,132566.90091164,0.481067001536171,1
"SWZ",2024,2,1.74260542752931,1332.35134395888,"Swaziland",2.08854269781645,132566.90091164,0.481067001536171,1
"SWZ",2024,5,0,1332.35134395888,"Swaziland",2.08854269781645,132566.90091164,0.481067001536171,1
"TCD",2000,0,22226.0773792862,73344.1369026919,"Chad",21.4819124073378,1765164.34277519,4760.92090223795,9431
"TCD",2000,1,21284.3780129146,73344.1369026919,"Chad",21.4819124073378,1765164.34277519,4760.92090223795,9431
"TCD",2000,2,20315.2502284662,73344.1369026919,"Chad",21.4819124073378,1765164.34277519,4760.92090223795,9431
"TCD",2000,5,17257.6176291696,73344.1369026919,"Chad",21.4819124073378,1765164.34277519,4760.92090223795,9431
"TCD",2001,0,22916.991054044,74810.26500337,"Chad",21.9097677292475,1831281.22337499,4400.47556669692,9490
"TCD",2001,1,21960.8426681608,74810.26500337,"Chad",21.9097677292475,1831281.22337499,4400.47556669692,9490
"TCD",2001,2,20976.8654929163,74810.26500337,"Chad",21.9097677292475,1831281.22337499,4400.47556669692,9490
"TCD",2001,5,17872.5028277102,74810.26500337,"Chad",21.9097677292475,1831281.22337499,4400.47556669692,9490
"TCD",2002,0,20953.6064485005,75913.5491711918,"Chad",17.9543638578774,1900986.51153059,3793.68173622586,9411
"TCD",2002,1,19918.0736948556,75913.5491711918,"Chad",17.9543638578774,1900986.51153059,3793.68173622586,9411
"TCD",2002,2,18852.1640410946,75913.5491711918,"Chad",17.9543638578774,1900986.51153059,3793.68173622586,9411
"TCD",2002,5,15487.993174314,75913.5491711918,"Chad",17.9543638578774,1900986.51153059,3793.68173622586,9411
"TCD",2003,0,20800.4175234305,76948.9493727294,"Chad",17.3663817215023,1973563.2776053,3841.35603859775,9372
"TCD",2003,1,19739.9623889048,76948.9493727294,"Chad",17.3663817215023,1973563.2776053,3841.35603859775,9372
"TCD",2003,2,18648.3692891914,76948.9493727294,"Chad",17.3663817215023,1973563.2776053,3841.35603859775,9372
"TCD",2003,5,15202.970554715,76948.9493727294,"Chad",17.3663817215023,1973563.2776053,3841.35603859775,9372
"TCD",2004,0,20570.4457237633,77441.2158902176,"Chad",16.9740166508979,2048247.99711712,3672.64789214194,9465
"TCD",2004,1,19498.5086742909,77441.2158902176,"Chad",16.9740166508979,2048247.99711712,3672.64789214194,9465
"TCD",2004,2,18395.1165017683,77441.2158902176,"Chad",16.9740166508979,2048247.99711712,3672.64789214194,9465
"TCD",2004,5,14912.5845740276,77441.2158902176,"Chad",16.9740166508979,2048247.99711712,3672.64789214194,9465
"TCD",2005,0,20720.1587752112,77646.949864827,"Chad",17.2544300153994,2124478.52873779,3943.23764594159,9769
"TCD",2005,1,19656.8534690996,77646.949864827,"Chad",17.2544300153994,2124478.52873779,3943.23764594159,9769
"TCD",2005,2,18562.4346408089,77646.949864827,"Chad",17.2544300153994,2124478.52873779,3943.23764594159,9769
"TCD",2005,5,15108.7038926227,77646.949864827,"Chad",17.2544300153994,2124478.52873779,3943.23764594159,9769
"TCD",2006,0,20749.8956712629,77776.5736232301,"Chad",17.4033970513732,2202324.68466916,4488.35476321175,10453
"TCD",2006,1,19693.4178258547,77776.5736232301,"Chad",17.4033970513732,2202324.68466916,4488.35476321175,10453
"TCD",2006,2,18606.1013733053,77776.5736232301,"Chad",17.4033970513732,2202324.68466916,4488.35476321175,10453
"TCD",2006,5,15175.1916752325,77776.5736232301,"Chad",17.4033970513732,2202324.68466916,4488.35476321175,10453
"TCD",2007,0,20365.492042165,77641.8263717837,"Chad",17.1727980938191,2281864.68727509,4660.53978808931,11018
"TCD",2007,1,19314.9605633554,77641.8263717837,"Chad",17.1727980938191,2281864.68727509,4660.53978808931,11018
"TCD",2007,2,18233.8675772003,77641.8263717837,"Chad",17.1727980938191,2281864.68727509,4660.53978808931,11018
"TCD",2007,5,14823.1538949617,77641.8263717837,"Chad",17.1727980938191,2281864.68727509,4660.53978808931,11018
"TCD",2008,0,20512.0806576359,77636.7901582344,"Chad",17.6654547761761,2363361.53083596,4572.20164716175,11647
"TCD",2008,1,19481.2697656062,77636.7901582344,"Chad",17.6654547761761,2363361.53083596,4572.20164716175,11647
"TCD",2008,2,18420.6447772256,77636.7901582344,"Chad",17.6654547761761,2363361.53083596,4572.20164716175,11647
"TCD",2008,5,15075.4514440655,77636.7901582344,"Chad",17.6654547761761,2363361.53083596,4572.20164716175,11647
"TCD",2009,0,21020.1018822443,77720.274910034,"Chad",18.7316326969895,2447142.77922916,4487.46028289101,12168
"TCD",2009,1,20018.3787336628,77720.274910034,"Chad",18.7316326969895,2447142.77922916,4487.46028289101,12168
"TCD",2009,2,18987.9091370825,77720.274910034,"Chad",18.7316326969895,2447142.77922916,4487.46028289101,12168
"TCD",2009,5,15739.0616456795,77720.274910034,"Chad",18.7316326969895,2447142.77922916,4487.46028289101,12168
"TCD",2010,0,21060.6158536655,77969.3063456131,"Chad",19.0571645777917,2533769.45524619,4271.78737496448,12553
"TCD",2010,1,20071.6505571374,77969.3063456131,"Chad",19.0571645777917,2533769.45524619,4271.78737496448,12553
"TCD",2010,2,19054.4938248926,77969.3063456131,"Chad",19.0571645777917,2533769.45524619,4271.78737496448,12553
"TCD",2010,5,15848.6484238212,77969.3063456131,"Chad",19.0571645777917,2533769.45524619,4271.78737496448,12553
"TCD",2011,0,19958.6756289842,78458.5486411266,"Chad",17.5162046032534,2623034.66668958,3849.53218932597,12718
"TCD",2011,1,18945.7425822844,78458.5486411266,"Chad",17.5162046032534,2623034.66668958,3849.53218932597,12718
"TCD",2011,2,17904.0019610462,78458.5486411266,"Chad",17.5162046032534,2623034.66668958,3849.53218932597,12718
"TCD",2011,5,14621.0359244566,78458.5486411266,"Chad",17.5162046032534,2623034.66668958,3849.53218932597,12718
"TCD",2012,0,18629.9122055951,78151.4030047558,"Chad",16.0335090987751,2715296.28852302,3489.07166258226,12740
"TCD",2012,1,17600.0402010482,78151.4030047558,"Chad",16.0335090987751,2715296.28852302,3489.07166258226,12740
"TCD",2012,2,16540.8661462792,78151.4030047558,"Chad",16.0335090987751,2715296.28852302,3489.07166258226,12740
"TCD",2012,5,13202.8695873417,78151.4030047558,"Chad",16.0335090987751,2715296.28852302,3489.07166258226,12740
"TCD",2013,0,17903.8093157919,78759.6269142331,"Chad",15.1481436865962,2810788.66904846,3570.78046698291,12735
"TCD",2013,1,16856.047771005,78759.6269142331,"Chad",15.1481436865962,2810788.66904846,3570.78046698291,12735
"TCD",2013,2,15778.5447692983,78759.6269142331,"Chad",15.1481436865962,2810788.66904846,3570.78046698291,12735
"TCD",2013,5,12383.1561371505,78759.6269142331,"Chad",15.1481436865962,2810788.66904846,3570.78046698291,12735
"TCD",2014,0,18039.0916559042,79293.5712054069,"Chad",15.3734901320017,2909336.5633148,3674.8028071262,12700
"TCD",2014,1,16998.3285261082,79293.5712054069,"Chad",15.3734901320017,2909336.5633148,3674.8028071262,12700
"TCD",2014,2,15928.1847594835,79293.5712054069,"Chad",15.3734901320017,2909336.5633148,3674.8028071262,12700
"TCD",2014,5,12556.8705743235,79293.5712054069,"Chad",15.3734901320017,2909336.5633148,3674.8028071262,12700
"TCD",2015,0,18180.7279607388,80419.5352387475,"Chad",15.4351335502291,3011143.86900621,3813.80248648943,12755
"TCD",2015,1,17135.4204912219,80419.5352387475,"Chad",15.4351335502291,3011143.86900621,3813.80248648943,12755
"TCD",2015,2,16060.7470178731,80419.5352387475,"Chad",15.4351335502291,3011143.86900621,3813.80248648943,12755
"TCD",2015,5,12675.9406780299,80419.5352387475,"Chad",15.4351335502291,3011143.86900621,3813.80248648943,12755
"TCD",2016,0,18229.3645271746,81224.6305633247,"Chad",15.3882019922159,3116729.50756658,3980.85173174134,12819
"TCD",2016,1,17177.8963443604,81224.6305633247,"Chad",15.3882019922159,3116729.50756658,3980.85173174134,12819
"TCD",2016,2,16096.9350258413,81224.6305633247,"Chad",15.3882019922159,3116729.50756658,3980.85173174134,12819
"TCD",2016,5,12692.5628189512,81224.6305633247,"Chad",15.3882019922159,3116729.50756658,3980.85173174134,12819
"TCD",2017,0,18619.5874991555,82566.9335162728,"Chad",15.6031093713633,3226547.69700597,4123.61442714906,12938
"TCD",2017,1,17560.0887973008,82566.9335162728,"Chad",15.6031093713633,3226547.69700597,4123.61442714906,12938
"TCD",2017,2,16470.9563738939,82566.9335162728,"Chad",15.6031093713633,3226547.69700597,4123.61442714906,12938
"TCD",2017,5,13041.3085846274,82566.9335162728,"Chad",15.6031093713633,3226547.69700597,4123.61442714906,12938
"TCD",2018,0,19450.3566233341,84066.7886714768,"Chad",16.3420340674238,3340927.43667238,4173.3370571108,13118
"TCD",2018,1,18392.5871786583,84066.7886714768,"Chad",16.3420340674238,3340927.43667238,4173.3370571108,13118
"TCD",2018,2,17305.3728307999,84066.7886714768,"Chad",16.3420340674238,3340927.43667238,4173.3370571108,13118
"TCD",2018,5,13882.5288639911,84066.7886714768,"Chad",16.3420340674238,3340927.43667238,4173.3370571108,13118
"TCD",2019,0,19260.7085735538,85352.1836284024,"Chad",15.8473696867019,3460602.40053204,4317.84571636395,13340
"TCD",2019,1,18180.9618669326,85352.1836284024,"Chad",15.8473696867019,3460602.40053204,4317.84571636395,13340
"TCD",2019,2,17071.1711400662,85352.1836284024,"Chad",15.8473696867019,3460602.40053204,4317.84571636395,13340
"TCD",2019,5,13577.309301283,85352.1836284024,"Chad",15.8473696867019,3460602.40053204,4317.84571636395,13340
"TCD",2020,0,19036.994333047,87140.0556390363,"Chad",15.1866873124982,3585905.18772688,4761.4096624826,13691
"TCD",2020,1,17923.3232266837,87140.0556390363,"Chad",15.1866873124982,3585905.18772688,4761.4096624826,13691
"TCD",2020,2,16778.6652028593,87140.0556390363,"Chad",15.1866873124982,3585905.18772688,4761.4096624826,13691
"TCD",2020,5,13175.0365951706,87140.0556390363,"Chad",15.1866873124982,3585905.18772688,4761.4096624826,13691
"TCD",2021,0,18907.1827035703,87866.7324871824,"Chad",14.9560465278948,3717467.80120589,4724.91674051451,13931
"TCD",2021,1,17783.8991981412,87866.7324871824,"Chad",14.9560465278948,3717467.80120589,4724.91674051451,13931
"TCD",2021,2,16629.3635432596,87866.7324871824,"Chad",14.9560465278948,3717467.80120589,4724.91674051451,13931
"TCD",2021,5,12994.6306109723,87866.7324871824,"Chad",14.9560465278948,3717467.80120589,4724.91674051451,13931
"TCD",2022,0,19893.228269238,91403.3289379475,"Chad",15.2937838634204,3854673.48246415,4710.09558497112,14040
"TCD",2022,1,18737.1339646079,91403.3289379475,"Chad",15.2937838634204,3854673.48246415,4710.09558497112,14040
"TCD",2022,2,17549.013022395,91403.3289379475,"Chad",15.2937838634204,3854673.48246415,4710.09558497112,14040
"TCD",2022,5,13809.3101731909,91403.3289379475,"Chad",15.2937838634204,3854673.48246415,4710.09558497112,14040
"TCD",2023,0,20151.7856478989,94207.3277207419,"Chad",14.9849522364055,3996775.91572244,4838.37806439711,14331
"TCD",2023,1,18956.1904316121,94207.3277207419,"Chad",14.9849522364055,3996775.91572244,4838.37806439711,14331
"TCD",2023,2,17727.5036880391,94207.3277207419,"Chad",14.9849522364055,3996775.91572244,4838.37806439711,14331
"TCD",2023,5,13860.2755679387,94207.3277207419,"Chad",14.9849522364055,3996775.91572244,4838.37806439711,14331
"TCD",2024,0,19780.0629332261,92505.5931263154,"Chad",15.0510808013007,4110996.43645608,4884.19831764987,14345
"TCD",2024,1,18612.3331877512,92505.5931263154,"Chad",15.0510808013007,4110996.43645608,4884.19831764987,14345
"TCD",2024,2,17412.1791404706,92505.5931263154,"Chad",15.0510808013007,4110996.43645608,4884.19831764987,14345
"TCD",2024,5,13634.1181833322,92505.5931263154,"Chad",15.0510808013007,4110996.43645608,4884.19831764987,14345
"TGO",2000,0,8273.52070144059,22975.8059642968,"Togo",44.9612918705161,851439.015908657,2532.67319677833,4365
"TGO",2000,1,8024.68275140184,22975.8059642968,"Togo",44.9612918705161,851439.015908657,2532.67319677833,4365
"TGO",2000,2,7768.5695550294,22975.8059642968,"Togo",44.9612918705161,851439.015908657,2532.67319677833,4365
"TGO",2000,5,6960.31161702394,22975.8059642968,"Togo",44.9612918705161,851439.015908657,2532.67319677833,4365
"TGO",2001,0,8258.67225532838,22990.9136369003,"Togo",45.0791107285529,872229.807705945,2539.28850488215,4491
"TGO",2001,1,8010.50095649559,22990.9136369003,"Togo",45.0791107285529,872229.807705945,2539.28850488215,4491
"TGO",2001,2,7755.08194889157,22990.9136369003,"Togo",45.0791107285529,872229.807705945,2539.28850488215,4491
"TGO",2001,5,6949.05583415997,22990.9136369003,"Togo",45.0791107285529,872229.807705945,2539.28850488215,4491
"TGO",2002,0,8217.39996437442,22864.2228553368,"Togo",47.1297842874051,894335.997502965,2916.19478079191,4699
"TGO",2002,1,7972.18671484451,22864.2228553368,"Togo",47.1297842874051,894335.997502965,2916.19478079191,4699
"TGO",2002,2,7719.81376307989,22864.2228553368,"Togo",47.1297842874051,894335.997502965,2916.19478079191,4699
"TGO",2002,5,6923.40401988958,22864.2228553368,"Togo",47.1297842874051,894335.997502965,2916.19478079191,4699
"TGO",2003,0,8102.62281468588,22523.2686620789,"Togo",49.9410876941232,917480.2016687,3063.64994689095,4957
"TGO",2003,1,7862.51200292177,22523.2686620789,"Togo",49.9410876941232,917480.2016687,3063.64994689095,4957
"TGO",2003,2,7615.38839774746,22523.2686620789,"Togo",49.9410876941232,917480.2016687,3063.64994689095,4957
"TGO",2003,5,6835.52774952454,22523.2686620789,"Togo",49.9410876941232,917480.2016687,3063.64994689095,4957
"TGO",2004,0,8018.47575593317,22297.2874955449,"Togo",53.9313593098302,941313.696205811,3227.47391241442,5158
"TGO",2004,1,7782.37553774432,22297.2874955449,"Togo",53.9313593098302,941313.696205811,3227.47391241442,5158
"TGO",2004,2,7539.37874194282,22297.2874955449,"Togo",53.9313593098302,941313.696205811,3227.47391241442,5158
"TGO",2004,5,6772.53072436813,22297.2874955449,"Togo",53.9313593098302,941313.696205811,3227.47391241442,5158
"TGO",2005,0,7943.66755567492,22148.2394810415,"Togo",54.7789048030301,965709.955054711,3282.74509670263,5189
"TGO",2005,1,7709.8920201709,22148.2394810415,"Togo",54.7789048030301,965709.955054711,3282.74509670263,5189
"TGO",2005,2,7469.28084696265,22148.2394810415,"Togo",54.7789048030301,965709.955054711,3282.74509670263,5189
"TGO",2005,5,6709.91724771887,22148.2394810415,"Togo",54.7789048030301,965709.955054711,3282.74509670263,5189
"TGO",2006,0,7887.95063687401,22124.6443052905,"Togo",52.3557960353439,990379.147781151,3226.79214341089,5179
"TGO",2006,1,7655.1690577742,22124.6443052905,"Togo",52.3557960353439,990379.147781151,3226.79214341089,5179
"TGO",2006,2,7415.59086689983,22124.6443052905,"Togo",52.3557960353439,990379.147781151,3226.79214341089,5179
"TGO",2006,5,6659.53859087933,22124.6443052905,"Togo",52.3557960353439,990379.147781151,3226.79214341089,5179
"TGO",2007,0,7704.32805734969,21846.6808631317,"Togo",46.894120679606,1014670.75453568,3071.2075618746,4924
"TGO",2007,1,7474.32403434838,21846.6808631317,"Togo",46.894120679606,1014670.75453568,3071.2075618746,4924
"TGO",2007,2,7237.60738432046,21846.6808631317,"Togo",46.894120679606,1014670.75453568,3071.2075618746,4924
"TGO",2007,5,6490.5956647682,21846.6808631317,"Togo",46.894120679606,1014670.75453568,3071.2075618746,4924
"TGO",2008,0,7455.22547410881,21791.7023561754,"Togo",38.546901709832,1037959.58114002,2888.45001668131,4601
"TGO",2008,1,7223.65490877208,21791.7023561754,"Togo",38.546901709832,1037959.58114002,2888.45001668131,4601
"TGO",2008,2,6985.34573925097,21791.7023561754,"Togo",38.546901709832,1037959.58114002,2888.45001668131,4601
"TGO",2008,5,6233.41166791435,21791.7023561754,"Togo",38.546901709832,1037959.58114002,2888.45001668131,4601
"TGO",2009,0,7046.8703183676,21683.0295836872,"Togo",31.4571287687564,1059796.71562319,2688.21187103717,4299
"TGO",2009,1,6811.78908452796,21683.0295836872,"Togo",31.4571287687564,1059796.71562319,2688.21187103717,4299
"TGO",2009,2,6569.89140736712,21683.0295836872,"Togo",31.4571287687564,1059796.71562319,2688.21187103717,4299
"TGO",2009,5,5806.76424002345,21683.0295836872,"Togo",31.4571287687564,1059796.71562319,2688.21187103717,4299
"TGO",2010,0,6759.7475234882,21509.8952485626,"Togo",28.6139555249202,1080045.74250517,2551.52437732816,4137
"TGO",2010,1,6523.58345919037,21509.8952485626,"Togo",28.6139555249202,1080045.74250517,2551.52437732816,4137
"TGO",2010,2,6280.58156349527,21509.8952485626,"Togo",28.6139555249202,1080045.74250517,2551.52437732816,4137
"TGO",2010,5,5514.02298217457,21509.8952485626,"Togo",28.6139555249202,1080045.74250517,2551.52437732816,4137
"TGO",2011,0,6567.31160366698,21174.4830682797,"Togo",27.8702444811787,1098556.72529133,2572.00756017899,4136
"TGO",2011,1,6334.54363479327,21174.4830682797,"Togo",27.8702444811787,1098556.72529133,2572.00756017899,4136
"TGO",2011,2,6095.04379189321,21174.4830682797,"Togo",27.8702444811787,1098556.72529133,2572.00756017899,4136
"TGO",2011,5,5339.57178569478,21174.4830682797,"Togo",27.8702444811787,1098556.72529133,2572.00756017899,4136
"TGO",2012,0,6628.18892653499,20695.8906987103,"Togo",31.2813181995239,1115248.41214491,2681.06023715597,4152
"TGO",2012,1,6406.60325480407,20695.8906987103,"Togo",31.2813181995239,1115248.41214491,2681.06023715597,4152
"TGO",2012,2,6178.62446366023,20695.8906987103,"Togo",31.2813181995239,1115248.41214491,2681.06023715597,4152
"TGO",2012,5,5459.57610801215,20695.8906987103,"Togo",31.2813181995239,1115248.41214491,2681.06023715597,4152
"TGO",2013,0,6656.05645684443,20135.8600070493,"Togo",36.1942788492797,1130140.45932454,2791.68976608552,4151
"TGO",2013,1,6445.69977015856,20135.8600070493,"Togo",36.1942788492797,1130140.45932454,2791.68976608552,4151
"TGO",2013,2,6229.28001353452,20135.8600070493,"Togo",36.1942788492797,1130140.45932454,2791.68976608552,4151
"TGO",2013,5,5546.72053263066,20135.8600070493,"Togo",36.1942788492797,1130140.45932454,2791.68976608552,4151
"TGO",2014,0,6446.66740879534,19552.6995562318,"Togo",36.6158709372287,1143310.44686661,2781.71545977686,3999
"TGO",2014,1,6243.75383523277,19552.6995562318,"Togo",36.6158709372287,1143310.44686661,2781.71545977686,3999
"TGO",2014,2,6035.0027645914,19552.6995562318,"Togo",36.6158709372287,1143310.44686661,2781.71545977686,3999
"TGO",2014,5,5376.68669429999,19552.6995562318,"Togo",36.6158709372287,1143310.44686661,2781.71545977686,3999
"TGO",2015,0,6262.84189951475,19215.9012241169,"Togo",35.5367930048613,1154344.5651792,2690.54017770444,3677
"TGO",2015,1,6063.89803519996,19215.9012241169,"Togo",35.5367930048613,1154344.5651792,2690.54017770444,3677
"TGO",2015,2,5859.25015955192,19215.9012241169,"Togo",35.5367930048613,1154344.5651792,2690.54017770444,3677
"TGO",2015,5,5213.97697184148,19215.9012241169,"Togo",35.5367930048613,1154344.5651792,2690.54017770444,3677
"TGO",2016,0,5868.08402624264,18666.1650721174,"Togo",31.4031876741578,1162698.87326651,2418.43313670453,3298
"TGO",2016,1,5672.43041628384,18666.1650721174,"Togo",31.4031876741578,1162698.87326651,2418.43313670453,3298
"TGO",2016,2,5471.18216447578,18666.1650721174,"Togo",31.4031876741578,1162698.87326651,2418.43313670453,3298
"TGO",2016,5,4836.70763687657,18666.1650721174,"Togo",31.4031876741578,1162698.87326651,2418.43313670453,3298
"TGO",2017,0,5309.2501527945,18195.7714156549,"Togo",25.6073824788968,1168252.23729621,2101.63597459166,2889
"TGO",2017,1,5111.23719571897,18195.7714156549,"Togo",25.6073824788968,1168252.23729621,2101.63597459166,2889
"TGO",2017,2,4907.56200714301,18195.7714156549,"Togo",25.6073824788968,1168252.23729621,2101.63597459166,2889
"TGO",2017,5,4265.43397403398,18195.7714156549,"Togo",25.6073824788968,1168252.23729621,2101.63597459166,2889
"TGO",2018,0,4801.32854612072,17545.105703304,"Togo",22.3522157850918,1170982.48791947,2004.74549644344,2575
"TGO",2018,1,4604.20544920864,17545.105703304,"Togo",22.3522157850918,1170982.48791947,2004.74549644344,2575
"TGO",2018,2,4401.43457003151,17545.105703304,"Togo",22.3522157850918,1170982.48791947,2004.74549644344,2575
"TGO",2018,5,3762.09655881146,17545.105703304,"Togo",22.3522157850918,1170982.48791947,2004.74549644344,2575
"TGO",2019,0,4433.68770038184,16879.442352517,"Togo",20.8107691741173,1170690.66771801,1970.26114389298,2392
"TGO",2019,1,4241.02094987178,16879.442352517,"Togo",20.8107691741173,1170690.66771801,1970.26114389298,2392
"TGO",2019,2,4042.83214634685,16879.442352517,"Togo",20.8107691741173,1170690.66771801,1970.26114389298,2392
"TGO",2019,5,3417.92931131315,16879.442352517,"Togo",20.8107691741173,1170690.66771801,1970.26114389298,2392
"TGO",2020,0,4311.2180630361,16194.5284196558,"Togo",21.5352196510141,1167342.15318067,2090.21785914836,2283
"TGO",2020,1,4128.95826187952,16194.5284196558,"Togo",21.5352196510141,1167342.15318067,2090.21785914836,2283
"TGO",2020,2,3941.49100328785,16194.5284196558,"Togo",21.5352196510141,1167342.15318067,2090.21785914836,2283
"TGO",2020,5,3350.48165035469,16194.5284196558,"Togo",21.5352196510141,1167342.15318067,2090.21785914836,2283
"TGO",2021,0,4115.28378116732,15622.9395306943,"Togo",21.286903620066,1161136.73941961,1971.78700857974,2228
"TGO",2021,1,3939.65952469618,15622.9395306943,"Togo",21.286903620066,1161136.73941961,1971.78700857974,2228
"TGO",2021,2,3759.02649300606,15622.9395306943,"Togo",21.286903620066,1161136.73941961,1971.78700857974,2228
"TGO",2021,5,3189.61112186073,15622.9395306943,"Togo",21.286903620066,1161136.73941961,1971.78700857974,2228
"TGO",2022,0,3983.7992688407,15144.5661755566,"Togo",21.4073936411073,1152258.12049294,1961.26057914297,2191
"TGO",2022,1,3814.53110617911,15144.5661755566,"Togo",21.4073936411073,1152258.12049294,1961.26057914297,2191
"TGO",2022,2,3640.44645804398,15144.5661755566,"Togo",21.4073936411073,1152258.12049294,1961.26057914297,2191
"TGO",2022,5,3091.73273643936,15144.5661755566,"Togo",21.4073936411073,1152258.12049294,1961.26057914297,2191
"TGO",2023,0,3803.14455531396,14681.0713886129,"Togo",21.0177433117358,1141775.96268402,1922.79148217285,2132
"TGO",2023,1,3639.10821496676,14681.0713886129,"Togo",21.0177433117358,1141775.96268402,1922.79148217285,2132
"TGO",2023,2,3470.4128285087,14681.0713886129,"Togo",21.0177433117358,1141775.96268402,1922.79148217285,2132
"TGO",2023,5,2938.73100249928,14681.0713886129,"Togo",21.0177433117358,1141775.96268402,1922.79148217285,2132
"TGO",2024,0,3820.21093065934,14559.6237615014,"Togo",20.9673047922131,1132069.72987342,1863.65613692523,2100
"TGO",2024,1,3655.19889237773,14559.6237615014,"Togo",20.9673047922131,1132069.72987342,1863.65613692523,2100
"TGO",2024,2,3485.46527144395,14559.6237615014,"Togo",20.9673047922131,1132069.72987342,1863.65613692523,2100
"TGO",2024,5,2950.32460027691,14559.6237615014,"Togo",20.9673047922131,1132069.72987342,1863.65613692523,2100
"TZA",2000,0,58220.8214441115,178676.527813666,"Tanzania",32.7772979439159,6311112.63888935,30175.107167796,39927
"TZA",2000,1,56330.2922601796,178676.527813666,"Tanzania",32.7772979439159,6311112.63888935,30175.107167796,39927
"TZA",2000,2,54389.502242731,178676.527813666,"Tanzania",32.7772979439159,6311112.63888935,30175.107167796,39927
"TZA",2000,5,48292.5160893162,178676.527813666,"Tanzania",32.7772979439159,6311112.63888935,30175.107167796,39927
"TZA",2001,0,54571.3000557124,172830.414565448,"Tanzania",30.1923948822745,6472177.25257353,29548.6128571611,36914
"TZA",2001,1,52726.522517116,172830.414565448,"Tanzania",30.1923948822745,6472177.25257353,29548.6128571611,36914
"TZA",2001,2,50832.6628935559,172830.414565448,"Tanzania",30.1923948822745,6472177.25257353,29548.6128571611,36914
"TZA",2001,5,44882.8091707987,172830.414565448,"Tanzania",30.1923948822745,6472177.25257353,29548.6128571611,36914
"TZA",2002,0,50760.1038756089,168019.289623006,"Tanzania",27.2291449436143,6636344.70459223,28622.0128786997,33256
"TZA",2002,1,48939.218257801,168019.289623006,"Tanzania",27.2291449436143,6636344.70459223,28622.0128786997,33256
"TZA",2002,2,47069.8176826882,168019.289623006,"Tanzania",27.2291449436143,6636344.70459223,28622.0128786997,33256
"TZA",2002,5,41196.3362772208,168019.289623006,"Tanzania",27.2291449436143,6636344.70459223,28622.0128786997,33256
"TZA",2003,0,46505.0704546247,161988.709724913,"Tanzania",24.5729167171302,6800137.84406369,25582.1825580251,29401
"TZA",2003,1,44719.1572655815,161988.709724913,"Tanzania",24.5729167171302,6800137.84406369,25582.1825580251,29401
"TZA",2003,2,42885.5228913176,161988.709724913,"Tanzania",24.5729167171302,6800137.84406369,25582.1825580251,29401
"TZA",2003,5,37123.5460354444,161988.709724913,"Tanzania",24.5729167171302,6800137.84406369,25582.1825580251,29401
"TZA",2004,0,42463.3668764089,153487.460361384,"Tanzania",23.086846210336,6962722.99601155,21291.2417228115,25767
"TZA",2004,1,40757.939759925,153487.460361384,"Tanzania",23.086846210336,6962722.99601155,21291.2417228115,25767
"TZA",2004,2,39006.5542598898,153487.460361384,"Tanzania",23.086846210336,6962722.99601155,21291.2417228115,25767
"TZA",2004,5,33500.693991428,153487.460361384,"Tanzania",23.086846210336,6962722.99601155,21291.2417228115,25767
"TZA",2005,0,37681.6145868428,143205.034385894,"Tanzania",21.5102815877522,7126005.23117802,17905.7678371295,22542
"TZA",2005,1,36082.9642165795,143205.034385894,"Tanzania",21.5102815877522,7126005.23117802,17905.7678371295,22542
"TZA",2005,2,34440.9359811816,143205.034385894,"Tanzania",21.5102815877522,7126005.23117802,17905.7678371295,22542
"TZA",2005,5,29277.0331604974,143205.034385894,"Tanzania",21.5102815877522,7126005.23117802,17905.7678371295,22542
"TZA",2006,0,32279.2986092506,136658.678676131,"Tanzania",18.4206900443043,7290990.58478479,14479.25038044,19674
"TZA",2006,1,30711.8964846753,136658.678676131,"Tanzania",18.4206900443043,7290990.58478479,14479.25038044,19674
"TZA",2006,2,29101.9413994857,136658.678676131,"Tanzania",18.4206900443043,7290990.58478479,14479.25038044,19674
"TZA",2006,5,24038.7016855038,136658.678676131,"Tanzania",18.4206900443043,7290990.58478479,14479.25038044,19674
"TZA",2007,0,27428.5242267112,132134.738477836,"Tanzania",15.5178288849937,7458371.06448377,11227.2219294719,18960
"TZA",2007,1,25856.6995142248,132134.738477836,"Tanzania",15.5178288849937,7458371.06448377,11227.2219294719,18960
"TZA",2007,2,24242.0794082897,132134.738477836,"Tanzania",15.5178288849937,7458371.06448377,11227.2219294719,18960
"TZA",2007,5,19163.4209856407,132134.738477836,"Tanzania",15.5178288849937,7458371.06448377,11227.2219294719,18960
"TZA",2008,0,23192.7013808698,128257.601646803,"Tanzania",13.1054987665058,7630441.68927792,9513.63802655892,17376
"TZA",2008,1,21612.588949598,128257.601646803,"Tanzania",13.1054987665058,7630441.68927792,9513.63802655892,17376
"TZA",2008,2,19989.2661592694,128257.601646803,"Tanzania",13.1054987665058,7630441.68927792,9513.63802655892,17376
"TZA",2008,5,14882.1153396163,128257.601646803,"Tanzania",13.1054987665058,7630441.68927792,9513.63802655892,17376
"TZA",2009,0,19503.687663139,124094.1642536,"Tanzania",11.1751203002334,7806405.72509044,10396.6588707057,16039
"TZA",2009,1,17932.1949763217,124094.1642536,"Tanzania",11.1751203002334,7806405.72509044,10396.6588707057,16039
"TZA",2009,2,16317.5428438414,124094.1642536,"Tanzania",11.1751203002334,7806405.72509044,10396.6588707057,16039
"TZA",2009,5,11236.5639798141,124094.1642536,"Tanzania",11.1751203002334,7806405.72509044,10396.6588707057,16039
"TZA",2010,0,17382.8669662014,119930.837841335,"Tanzania",10.3534537124085,7986795.75713096,10853.9498754284,14726
"TZA",2010,1,15863.3907560156,119930.837841335,"Tanzania",10.3534537124085,7986795.75713096,10853.9498754284,14726
"TZA",2010,2,14302.2092936358,119930.837841335,"Tanzania",10.3534537124085,7986795.75713096,10853.9498754284,14726
"TZA",2010,5,9389.52942725353,119930.837841335,"Tanzania",10.3534537124085,7986795.75713096,10853.9498754284,14726
"TZA",2011,0,14717.9068607428,116388.928265958,"Tanzania",9.00416897373913,8173682.03936589,9168.21302953872,13546
"TZA",2011,1,13224.1222271652,116388.928265958,"Tanzania",9.00416897373913,8173682.03936589,9168.21302953872,13546
"TZA",2011,2,11689.2820446311,116388.928265958,"Tanzania",9.00416897373913,8173682.03936589,9168.21302953872,13546
"TZA",2011,5,6859.09523898075,116388.928265958,"Tanzania",9.00416897373913,8173682.03936589,9168.21302953872,13546
"TZA",2012,0,12547.9972026954,113422.873804622,"Tanzania",7.89944578966281,8365620.19315729,7853.83139904685,12568
"TZA",2012,1,11082.5706817109,113422.873804622,"Tanzania",7.89944578966281,8365620.19315729,7853.83139904685,12568
"TZA",2012,2,9576.8880430363,113422.873804622,"Tanzania",7.89944578966281,8365620.19315729,7853.83139904685,12568
"TZA",2012,5,4838.4847976692,113422.873804622,"Tanzania",7.89944578966281,8365620.19315729,7853.83139904685,12568
"TZA",2013,0,13685.8741007503,110243.620498207,"Tanzania",9.3266565611431,8557373.37317829,8337.83122884504,11801
"TZA",2013,1,12346.540436985,110243.620498207,"Tanzania",9.3266565611431,8557373.37317829,8337.83122884504,11801
"TZA",2013,2,10970.9692419633,110243.620498207,"Tanzania",9.3266565611431,8557373.37317829,8337.83122884504,11801
"TZA",2013,5,6644.95408596484,110243.620498207,"Tanzania",9.3266565611431,8557373.37317829,8337.83122884504,11801
"TZA",2014,0,14949.3287878793,107519.816595323,"Tanzania",11.0381813605453,8747248.73997912,8748.46182040663,11184
"TZA",2014,1,13725.5223304441,107519.816595323,"Tanzania",11.0381813605453,8747248.73997912,8748.46182040663,11184
"TZA",2014,2,12469.1631962279,107519.816595323,"Tanzania",11.0381813605453,8747248.73997912,8748.46182040663,11184
"TZA",2014,5,8521.00897799631,107519.816595323,"Tanzania",11.0381813605453,8747248.73997912,8748.46182040663,11184
"TZA",2015,0,13701.8274822444,105515.469734238,"Tanzania",10.3871042581125,8932560.13739548,9239.79602778234,10514
"TZA",2015,1,12504.7361328426,105515.469734238,"Tanzania",10.3871042581125,8932560.13739548,9239.79602778234,10514
"TZA",2015,2,11275.9075676282,105515.469734238,"Tanzania",10.3871042581125,8932560.13739548,9239.79602778234,10514
"TZA",2015,5,7414.78365911444,105515.469734238,"Tanzania",10.3871042581125,8932560.13739548,9239.79602778234,10514
"TZA",2016,0,12311.5587438003,103837.391629495,"Tanzania",9.37458055926571,9109847.47848924,8924.38080701318,9692
"TZA",2016,1,11111.6224146198,103837.391629495,"Tanzania",9.37458055926571,9109847.47848924,8924.38080701318,9692
"TZA",2016,2,9879.77653606897,103837.391629495,"Tanzania",9.37458055926571,9109847.47848924,8924.38080701318,9692
"TZA",2016,5,6008.63808587988,103837.391629495,"Tanzania",9.37458055926571,9109847.47848924,8924.38080701318,9692
"TZA",2017,0,10717.6328899504,101696.57240601,"Tanzania",8.21635597299279,9276503.47572044,8185.08759197735,9078
"TZA",2017,1,9515.1498933982,101696.57240601,"Tanzania",8.21635597299279,9276503.47572044,8185.08759197735,9078
"TZA",2017,2,8280.53090450133,101696.57240601,"Tanzania",8.21635597299279,9276503.47572044,8185.08759197735,9078
"TZA",2017,5,4399.79996946645,101696.57240601,"Tanzania",8.21635597299279,9276503.47572044,8185.08759197735,9078
"TZA",2018,0,9380.02895843986,99241.3263659815,"Tanzania",7.29948836067101,9429518.35787155,7648.16267284015,8536
"TZA",2018,1,8185.97681328948,99241.3263659815,"Tanzania",7.29948836067101,9429518.35787155,7648.16267284015,8536
"TZA",2018,2,6959.89239992174,99241.3263659815,"Tanzania",7.29948836067101,9429518.35787155,7648.16267284015,8536
"TZA",2018,5,3105.30529987533,99241.3263659815,"Tanzania",7.29948836067101,9429518.35787155,7648.16267284015,8536
"TZA",2019,0,9942.94828956072,96869.484693067,"Tanzania",8.0794936190864,9565591.85890334,7752.66114477989,8118
"TZA",2019,1,8806.88573563303,96869.484693067,"Tanzania",8.0794936190864,9565591.85890334,7752.66114477989,8118
"TZA",2019,2,7640.55840626578,96869.484693067,"Tanzania",8.0794936190864,9565591.85890334,7752.66114477989,8118
"TZA",2019,5,3974.97234510176,96869.484693067,"Tanzania",8.0794936190864,9565591.85890334,7752.66114477989,8118
"TZA",2020,0,10439.4057850032,94850.6392099602,"Tanzania",8.73108188708506,9680567.77480186,8362.22268719257,7798
"TZA",2020,1,9341.28436865656,94850.6392099602,"Tanzania",8.73108188708506,9680567.77480186,8362.22268719257,7798
"TZA",2020,2,8214.02295627908,94850.6392099602,"Tanzania",8.73108188708506,9680567.77480186,8362.22268719257,7798
"TZA",2020,5,4671.85834770858,94850.6392099602,"Tanzania",8.73108188708506,9680567.77480186,8362.22268719257,7798
"TZA",2021,0,10665.155923031,93247.3113835086,"Tanzania",9.12445852071321,9770099.11224618,9055.32749326369,7571
"TZA",2021,1,9594.6829850309,93247.3113835086,"Tanzania",9.12445852071321,9770099.11224618,9055.32749326369,7571
"TZA",2021,2,8495.89210520108,93247.3113835086,"Tanzania",9.12445852071321,9770099.11224618,9055.32749326369,7571
"TZA",2021,5,5043.68800921534,93247.3113835086,"Tanzania",9.12445852071321,9770099.11224618,9055.32749326369,7571
"TZA",2022,0,9941.24803501026,90672.8553914636,"Tanzania",8.79883091626232,9832669.22483213,9638.28521332452,7441
"TZA",2022,1,8903.66797318464,90672.8553914636,"Tanzania",8.79883091626232,9832669.22483213,9638.28521332452,7441
"TZA",2022,2,7838.70850651515,90672.8553914636,"Tanzania",8.79883091626232,9832669.22483213,9638.28521332452,7441
"TZA",2022,5,4493.14432342711,90672.8553914636,"Tanzania",8.79883091626232,9832669.22483213,9638.28521332452,7441
"TZA",2023,0,9817.43467639597,89951.2369768122,"Tanzania",8.81493085051966,9874343.11382794,9349.66635042007,7324
"TZA",2023,1,8794.32218344519,89951.2369768122,"Tanzania",8.81493085051966,9874343.11382794,9349.66635042007,7324
"TZA",2023,2,7744.35382988224,89951.2369768122,"Tanzania",8.81493085051966,9874343.11382794,9349.66635042007,7324
"TZA",2023,5,4446.67251474596,89951.2369768122,"Tanzania",8.81493085051966,9874343.11382794,9349.66635042007,7324
"TZA",2024,0,9981.43380644718,89484.4613544148,"Tanzania",8.82121978993696,9879885.18376089,9939.76533484766,7308
"TZA",2024,1,8942.95876014562,89484.4613544148,"Tanzania",8.82121978993696,9879885.18376089,9939.76533484766,7308
"TZA",2024,2,7876.92069942146,89484.4613544148,"Tanzania",8.82121978993696,9879885.18376089,9939.76533484766,7308
"TZA",2024,5,4527.13698984586,89484.4613544148,"Tanzania",8.82121978993696,9879885.18376089,9939.76533484766,7308
"UGA",2000,0,60806.4587235057,164763.833924035,"Uganda",49.1555934284379,5059144.09557273,50430.2574263441,46768
"UGA",2000,1,59042.6652967091,164763.833924035,"Uganda",49.1555934284379,5059144.09557273,50430.2574263441,46768
"UGA",2000,2,57229.9843824201,164763.833924035,"Uganda",49.1555934284379,5059144.09557273,50430.2574263441,46768
"UGA",2000,5,51524.4788224034,164763.833924035,"Uganda",49.1555934284379,5059144.09557273,50430.2574263441,46768
"UGA",2001,0,60191.0133651259,162415.250007402,"Uganda",54.8986401065428,5212625.19904715,51594.248074178,47090
"UGA",2001,1,58470.2622002806,162415.250007402,"Uganda",54.8986401065428,5212625.19904715,51594.248074178,47090
"UGA",2001,2,56701.8427933253,162415.250007402,"Uganda",54.8986401065428,5212625.19904715,51594.248074178,47090
"UGA",2001,5,51135.7577407469,162415.250007402,"Uganda",54.8986401065428,5212625.19904715,51594.248074178,47090
"UGA",2002,0,58739.2333817174,159220.48834413,"Uganda",54.5652884537769,5366063.73473657,51004.997648905,46048
"UGA",2002,1,57058.7246080784,159220.48834413,"Uganda",54.5652884537769,5366063.73473657,51004.997648905,46048
"UGA",2002,2,55331.6324968129,159220.48834413,"Uganda",54.5652884537769,5366063.73473657,51004.997648905,46048
"UGA",2002,5,49895.3956937634,159220.48834413,"Uganda",54.5652884537769,5366063.73473657,51004.997648905,46048
"UGA",2003,0,55507.6696980907,151954.794156856,"Uganda",51.3501278639141,5520667.95882993,47958.9184023393,43393
"UGA",2003,1,53906.1593768936,151954.794156856,"Uganda",51.3501278639141,5520667.95882993,47958.9184023393,43393
"UGA",2003,2,52260.0600337104,151954.794156856,"Uganda",51.3501278639141,5520667.95882993,47958.9184023393,43393
"UGA",2003,5,47077.5686854914,151954.794156856,"Uganda",51.3501278639141,5520667.95882993,47958.9184023393,43393
"UGA",2004,0,51563.953079654,144208.350487499,"Uganda",45.217850493203,5676256.72923603,47435.9066853419,39623
"UGA",2004,1,50045.3373188686,144208.350487499,"Uganda",45.217850493203,5676256.72923603,47435.9066853419,39623
"UGA",2004,2,48484.3637539259,144208.350487499,"Uganda",45.217850493203,5676256.72923603,47435.9066853419,39623
"UGA",2004,5,43569.3532150481,144208.350487499,"Uganda",45.217850493203,5676256.72923603,47435.9066853419,39623
"UGA",2005,0,48176.0985763634,137915.902947265,"Uganda",41.7907617391782,5829164.86139933,44154.0043335441,35766
"UGA",2005,1,46733.2188211198,137915.902947265,"Uganda",41.7907617391782,5829164.86139933,44154.0043335441,35766
"UGA",2005,2,45250.2431001325,137915.902947265,"Uganda",41.7907617391782,5829164.86139933,44154.0043335441,35766
"UGA",2005,5,40581.5828674414,137915.902947265,"Uganda",41.7907617391782,5829164.86139933,44154.0043335441,35766
"UGA",2006,0,46109.8932469884,133809.602165946,"Uganda",41.2999154443693,5974439.26490254,41477.6016796925,32377
"UGA",2006,1,44726.4184236122,133809.602165946,"Uganda",41.2999154443693,5974439.26490254,41477.6016796925,32377
"UGA",2006,2,43304.7272386899,133809.602165946,"Uganda",41.2999154443693,5974439.26490254,41477.6016796925,32377
"UGA",2006,5,38830.2203948445,133809.602165946,"Uganda",41.2999154443693,5974439.26490254,41477.6016796925,32377
"UGA",2007,0,44157.6299281498,129714.846008776,"Uganda",40.6761721622102,6108177.27912388,39453.8031513762,29473
"UGA",2007,1,42828.740805884,129714.846008776,"Uganda",40.6761721622102,6108177.27912388,39453.8031513762,29473
"UGA",2007,2,41463.2845350499,129714.846008776,"Uganda",40.6761721622102,6108177.27912388,39453.8031513762,29473
"UGA",2007,5,37166.4912498907,129714.846008776,"Uganda",40.6761721622102,6108177.27912388,39453.8031513762,29473
"UGA",2008,0,42432.4180070961,125523.88037324,"Uganda",41.4042551080207,6228541.10611902,37278.4247020958,27442
"UGA",2008,1,41162.4654113878,125523.88037324,"Uganda",41.4042551080207,6228541.10611902,37278.4247020958,27442
"UGA",2008,2,39857.6816378144,125523.88037324,"Uganda",41.4042551080207,6228541.10611902,37278.4247020958,27442
"UGA",2008,5,35752.3893673599,125523.88037324,"Uganda",41.4042551080207,6228541.10611902,37278.4247020958,27442
"UGA",2009,0,40896.1242395108,121519.172827145,"Uganda",42.9332312024971,6337154.80546357,33038.8453450136,25815
"UGA",2009,1,39684.0382503251,121519.172827145,"Uganda",42.9332312024971,6337154.80546357,33038.8453450136,25815
"UGA",2009,2,38438.809042092,121519.172827145,"Uganda",42.9332312024971,6337154.80546357,33038.8453450136,25815
"UGA",2009,5,34521.3977754494,121519.172827145,"Uganda",42.9332312024971,6337154.80546357,33038.8453450136,25815
"UGA",2010,0,38908.7900946484,117372.63539317,"Uganda",41.5445371166015,6439137.76832962,32202.3903215259,23954
"UGA",2010,1,37747.1559375994,117372.63539317,"Uganda",41.5445371166015,6439137.76832962,32202.3903215259,23954
"UGA",2010,2,36553.8525996398,117372.63539317,"Uganda",41.5445371166015,6439137.76832962,32202.3903215259,23954
"UGA",2010,5,32800.2617386596,117372.63539317,"Uganda",41.5445371166015,6439137.76832962,32202.3903215259,23954
"UGA",2011,0,37078.8234397325,113699.812800576,"Uganda",39.9608818097004,6538790.33845197,29497.242462707,21775
"UGA",2011,1,35960.9992983818,113699.812800576,"Uganda",39.9608818097004,6538790.33845197,29497.242462707,21775
"UGA",2011,2,34812.8111191863,113699.812800576,"Uganda",39.9608818097004,6538790.33845197,29497.242462707,21775
"UGA",2011,5,31201.6934161045,113699.812800576,"Uganda",39.9608818097004,6538790.33845197,29497.242462707,21775
"UGA",2012,0,35459.1276782945,111214.881107501,"Uganda",37.2954616277541,6637944.76726165,25137.1797074683,19357
"UGA",2012,1,34367.2991946359,111214.881107501,"Uganda",37.2954616277541,6637944.76726165,25137.1797074683,19357
"UGA",2012,2,33245.9458153068,111214.881107501,"Uganda",37.2954616277541,6637944.76726165,25137.1797074683,19357
"UGA",2012,5,29719.9293689344,111214.881107501,"Uganda",37.2954616277541,6637944.76726165,25137.1797074683,19357
"UGA",2013,0,32804.7940777325,108188.527386095,"Uganda",31.8177938747069,6737108.23713491,23055.8791298119,16969
"UGA",2013,1,31727.2471033414,108188.527386095,"Uganda",31.8177938747069,6737108.23713491,23055.8791298119,16969
"UGA",2013,2,30620.663053092,108188.527386095,"Uganda",31.8177938747069,6737108.23713491,23055.8791298119,16969
"UGA",2013,5,27141.6168382879,108188.527386095,"Uganda",31.8177938747069,6737108.23713491,23055.8791298119,16969
"UGA",2014,0,30387.3571987367,105504.022088691,"Uganda",27.9723756315672,6835813.40730241,20955.9829089261,14912
"UGA",2014,1,29317.5055573436,105504.022088691,"Uganda",27.9723756315672,6835813.40730241,20955.9829089261,14912
"UGA",2014,2,28218.8727405609,105504.022088691,"Uganda",27.9723756315672,6835813.40730241,20955.9829089261,14912
"UGA",2014,5,24765.0731570175,105504.022088691,"Uganda",27.9723756315672,6835813.40730241,20955.9829089261,14912
"UGA",2015,0,26793.260916791,102980.329081345,"Uganda",22.5283221289013,6932200.08090142,20152.3749939553,13280
"UGA",2015,1,25697.5902064489,102980.329081345,"Uganda",22.5283221289013,6932200.08090142,20152.3749939553,13280
"UGA",2015,2,24572.3412685485,102980.329081345,"Uganda",22.5283221289013,6932200.08090142,20152.3749939553,13280
"UGA",2015,5,21034.2991093684,102980.329081345,"Uganda",22.5283221289013,6932200.08090142,20152.3749939553,13280
"UGA",2016,0,26696.0920125637,100285.284073576,"Uganda",23.925791890865,7025338.32276941,21052.4031653863,12262
"UGA",2016,1,25652.8674651176,100285.284073576,"Uganda",23.925791890865,7025338.32276941,21052.4031653863,12262
"UGA",2016,2,24581.6234152901,100285.284073576,"Uganda",23.925791890865,7025338.32276941,21052.4031653863,12262
"UGA",2016,5,21214.1492764343,100285.284073576,"Uganda",23.925791890865,7025338.32276941,21052.4031653863,12262
"UGA",2017,0,25509.1412757919,97696.9627487382,"Uganda",23.2477295830402,7114050.00447804,20526.7466779205,11725
"UGA",2017,1,24490.6444031486,97696.9627487382,"Uganda",23.2477295830402,7114050.00447804,20526.7466779205,11725
"UGA",2017,2,23444.8355193635,97696.9627487382,"Uganda",23.2477295830402,7114050.00447804,20526.7466779205,11725
"UGA",2017,5,20157.5413410989,97696.9627487382,"Uganda",23.2477295830402,7114050.00447804,20526.7466779205,11725
"UGA",2018,0,24084.4936322958,95175.5891353651,"Uganda",22.0540468103483,7197392.1676027,18567.0278671216,11580
"UGA",2018,1,23082.5808522057,95175.5891353651,"Uganda",22.0540468103483,7197392.1676027,18567.0278671216,11580
"UGA",2018,2,22053.8070774207,95175.5891353651,"Uganda",22.0540468103483,7197392.1676027,18567.0278671216,11580
"UGA",2018,5,18820.0837872285,95175.5891353651,"Uganda",22.0540468103483,7197392.1676027,18567.0278671216,11580
"UGA",2019,0,24978.6271129835,92263.5672952389,"Uganda",25.7692849715581,7275088.82192087,18619.6895399043,11648
"UGA",2019,1,24052.2303579982,92263.5672952389,"Uganda",25.7692849715581,7275088.82192087,18619.6895399043,11648
"UGA",2019,2,23101.191656976,92263.5672952389,"Uganda",25.7692849715581,7275088.82192087,18619.6895399043,11648
"UGA",2019,5,20112.8501205891,92263.5672952389,"Uganda",25.7692849715581,7275088.82192087,18619.6895399043,11648
"UGA",2020,0,23508.8323971793,89894.4625193979,"Uganda",23.9730383752037,7346404.53802828,24319.0433080276,11636
"UGA",2020,1,22591.3550925083,89894.4625193979,"Uganda",23.9730383752037,7346404.53802828,24319.0433080276,11636
"UGA",2020,2,21649.4408038932,89894.4625193979,"Uganda",23.9730383752037,7346404.53802828,24319.0433080276,11636
"UGA",2020,5,18689.5912940686,89894.4625193979,"Uganda",23.9730383752037,7346404.53802828,24319.0433080276,11636
"UGA",2021,0,22122.7915877327,89290.7657022907,"Uganda",21.4843339273791,7408974.97896133,23787.9851119411,11752
"UGA",2021,1,21182.5374638294,89290.7657022907,"Uganda",21.4843339273791,7408974.97896133,23787.9851119411,11752
"UGA",2021,2,20217.1618644494,89290.7657022907,"Uganda",21.4843339273791,7408974.97896133,23787.9851119411,11752
"UGA",2021,5,17183.1848236937,89290.7657022907,"Uganda",21.4843339273791,7408974.97896133,23787.9851119411,11752
"UGA",2022,0,22284.2857159389,88743.4138270953,"Uganda",22.2385316058872,7460929.96288808,22808.4536446776,12146
"UGA",2022,1,21362.506480527,88743.4138270953,"Uganda",22.2385316058872,7460929.96288808,22808.4536446776,12146
"UGA",2022,2,20416.2832386602,88743.4138270953,"Uganda",22.2385316058872,7460929.96288808,22808.4536446776,12146
"UGA",2022,5,17443.5352195458,88743.4138270953,"Uganda",22.2385316058872,7460929.96288808,22808.4536446776,12146
"UGA",2023,0,20954.3140586594,86140.0263735056,"Uganda",21.2266858982543,7506677.1580624,20070.7116135981,12146
"UGA",2023,1,20054.5053472209,86140.0263735056,"Uganda",21.2266858982543,7506677.1580624,20070.7116135981,12146
"UGA",2023,2,19130.7878873137,86140.0263735056,"Uganda",21.2266858982543,7506677.1580624,20070.7116135981,12146
"UGA",2023,5,16228.4361321062,86140.0263735056,"Uganda",21.2266858982543,7506677.1580624,20070.7116135981,12146
"UGA",2024,0,24315.7294057593,93423.0026856156,"Uganda",21.8964090477387,7613956.25943417,26093.0901265167,12349
"UGA",2024,1,23299.0167712784,93423.0026856156,"Uganda",21.8964090477387,7613956.25943417,26093.0901265167,12349
"UGA",2024,2,22254.6524597614,93423.0026856156,"Uganda",21.8964090477387,7613956.25943417,26093.0901265167,12349
"UGA",2024,5,18969.853982081,93423.0026856156,"Uganda",21.8964090477387,7613956.25943417,26093.0901265167,12349
"ZMB",2000,0,22130.9265475628,61433.5576321821,"Zambia",36.6998180908529,1935083.29734607,6012.63023976166,9248
"ZMB",2000,1,21438.4342653775,61433.5576321821,"Zambia",36.6998180908529,1935083.29734607,6012.63023976166,9248
"ZMB",2000,2,20726.4076868137,61433.5576321821,"Zambia",36.6998180908529,1935083.29734607,6012.63023976166,9248
"ZMB",2000,5,18483.4180650752,61433.5576321821,"Zambia",36.6998180908529,1935083.29734607,6012.63023976166,9248
"ZMB",2001,0,22526.4720124268,62639.8496602154,"Zambia",38.5593180980063,1976307.3904489,6292.77777930774,8291
"ZMB",2001,1,21833.0723320041,62639.8496602154,"Zambia",38.5593180980063,1976307.3904489,6292.77777930774,8291
"ZMB",2001,2,21120.2987318148,62639.8496602154,"Zambia",38.5593180980063,1976307.3904489,6292.77777930774,8291
"ZMB",2001,5,18875.9994285432,62639.8496602154,"Zambia",38.5593180980063,1976307.3904489,6292.77777930774,8291
"ZMB",2002,0,19999.4304931806,56725.0747604495,"Zambia",35.4993143440882,2019412.12821661,5872.70909771241,7858
"ZMB",2002,1,19366.5851446415,56725.0747604495,"Zambia",35.4993143440882,2019412.12821661,5872.70909771241,7858
"ZMB",2002,2,18715.8744697293,56725.0747604495,"Zambia",35.4993143440882,2019412.12821661,5872.70909771241,7858
"ZMB",2002,5,16665.9089970613,56725.0747604495,"Zambia",35.4993143440882,2019412.12821661,5872.70909771241,7858
"ZMB",2003,0,18616.0905923922,54855.0979720354,"Zambia",31.5943266937954,2067027.30891199,5236.90735901232,6612
"ZMB",2003,1,17998.6727323236,54855.0979720354,"Zambia",31.5943266937954,2067027.30891199,5236.90735901232,6612
"ZMB",2003,2,17363.8509032366,54855.0979720354,"Zambia",31.5943266937954,2067027.30891199,5236.90735901232,6612
"ZMB",2003,5,15364.0534410227,54855.0979720354,"Zambia",31.5943266937954,2067027.30891199,5236.90735901232,6612
"ZMB",2004,0,16710.202393305,53672.9378678995,"Zambia",25.2667299722172,2118294.65294602,4480.82846669486,5521
"ZMB",2004,1,16081.6492717891,53672.9378678995,"Zambia",25.2667299722172,2118294.65294602,4480.82846669486,5521
"ZMB",2004,2,15435.3790707229,53672.9378678995,"Zambia",25.2667299722172,2118294.65294602,4480.82846669486,5521
"ZMB",2004,5,13399.4953044966,53672.9378678995,"Zambia",25.2667299722172,2118294.65294602,4480.82846669486,5521
"ZMB",2005,0,14781.2603517719,52399.241167066,"Zambia",20.8670520447216,2174721.10735474,3742.04847209806,4547
"ZMB",2005,1,14139.7197483809,52399.241167066,"Zambia",20.8670520447216,2174721.10735474,3742.04847209806,4547
"ZMB",2005,2,13480.0495124276,52399.241167066,"Zambia",20.8670520447216,2174721.10735474,3742.04847209806,4547
"ZMB",2005,5,11401.6726847382,52399.241167066,"Zambia",20.8670520447216,2174721.10735474,3742.04847209806,4547
"ZMB",2006,0,12786.9172218491,51374.7447593859,"Zambia",17.1284990392062,2237425.97906845,3081.62294325186,3848
"ZMB",2006,1,12124.4957884398,51374.7447593859,"Zambia",17.1284990392062,2237425.97906845,3081.62294325186,3848
"ZMB",2006,2,11443.299531045,51374.7447593859,"Zambia",17.1284990392062,2237425.97906845,3081.62294325186,3848
"ZMB",2006,5,9296.78312847288,51374.7447593859,"Zambia",17.1284990392062,2237425.97906845,3081.62294325186,3848
"ZMB",2007,0,10958.8520922618,50265.9161575047,"Zambia",14.3291622420756,2305489.98423009,2844.44022361989,3443
"ZMB",2007,1,10280.6427781519,50265.9161575047,"Zambia",14.3291622420756,2305489.98423009,2844.44022361989,3443
"ZMB",2007,2,9583.18224055479,50265.9161575047,"Zambia",14.3291622420756,2305489.98423009,2844.44022361989,3443
"ZMB",2007,5,7385.25423149554,50265.9161575047,"Zambia",14.3291622420756,2305489.98423009,2844.44022361989,3443
"ZMB",2008,0,9431.12084917714,48610.3041993188,"Zambia",12.4840690699572,2378821.23875378,2399.384955939,3245
"ZMB",2008,1,8757.44840198248,48610.3041993188,"Zambia",12.4840690699572,2378821.23875378,2399.384955939,3245
"ZMB",2008,2,8064.63492729871,48610.3041993188,"Zambia",12.4840690699572,2378821.23875378,2399.384955939,3245
"ZMB",2008,5,5881.23260149272,48610.3041993188,"Zambia",12.4840690699572,2378821.23875378,2399.384955939,3245
"ZMB",2009,0,8954.0730341504,46801.076686481,"Zambia",12.4470477078572,2457282.36906854,2355.40972126793,3135
"ZMB",2009,1,8312.48739872105,46801.076686481,"Zambia",12.4470477078572,2457282.36906854,2355.40972126793,3135
"ZMB",2009,2,7652.68503708885,46801.076686481,"Zambia",12.4470477078572,2457282.36906854,2355.40972126793,3135
"ZMB",2009,5,5573.34749267576,46801.076686481,"Zambia",12.4470477078572,2457282.36906854,2355.40972126793,3135
"ZMB",2010,0,9116.309483708,45768.7931373462,"Zambia",13.2102776532759,2538551.38459522,2337.76108568281,3098
"ZMB",2010,1,8502.61295370051,45768.7931373462,"Zambia",13.2102776532759,2538551.38459522,2337.76108568281,3098
"ZMB",2010,2,7871.51951570054,45768.7931373462,"Zambia",13.2102776532759,2538551.38459522,2337.76108568281,3098
"ZMB",2010,5,5882.77776945203,45768.7931373462,"Zambia",13.2102776532759,2538551.38459522,2337.76108568281,3098
"ZMB",2011,0,9480.79352986546,45021.074029561,"Zambia",14.3732622380825,2619970.80774319,2252.17938098469,3118
"ZMB",2011,1,8895.70106599512,45021.074029561,"Zambia",14.3732622380825,2619970.80774319,2252.17938098469,3118
"ZMB",2011,2,8294.10300636005,45021.074029561,"Zambia",14.3732622380825,2619970.80774319,2252.17938098469,3118
"ZMB",2011,5,6398.73526788957,45021.074029561,"Zambia",14.3732622380825,2619970.80774319,2252.17938098469,3118
"ZMB",2012,0,9927.32890038312,43958.5234000616,"Zambia",16.1218342865111,2700685.50228339,2481.93068574029,3094
"ZMB",2012,1,9381.17240458541,43958.5234000616,"Zambia",16.1218342865111,2700685.50228339,2481.93068574029,3094
"ZMB",2012,2,8819.74236291061,43958.5234000616,"Zambia",16.1218342865111,2700685.50228339,2481.93068574029,3094
"ZMB",2012,5,7051.65238030695,43958.5234000616,"Zambia",16.1218342865111,2700685.50228339,2481.93068574029,3094
"ZMB",2013,0,10577.3815982414,42856.1515110897,"Zambia",18.8736732365927,2779684.43599441,3083.91577802903,3065
"ZMB",2013,1,10075.8284257689,42856.1515110897,"Zambia",18.8736732365927,2779684.43599441,3083.91577802903,3065
"ZMB",2013,2,9560.41577000466,42856.1515110897,"Zambia",18.8736732365927,2779684.43599441,3083.91577802903,3065
"ZMB",2013,5,7938.15426909123,42856.1515110897,"Zambia",18.8736732365927,2779684.43599441,3083.91577802903,3065
"ZMB",2014,0,10464.4965506749,41724.964531907,"Zambia",19.7086624328678,2855706.54526024,3237.52836287382,2958
"ZMB",2014,1,9986.83025306469,41724.964531907,"Zambia",19.7086624328678,2855706.54526024,3237.52836287382,2958
"ZMB",2014,2,9496.03706995083,41724.964531907,"Zambia",19.7086624328678,2855706.54526024,3237.52836287382,2958
"ZMB",2014,5,7951.65418232263,41724.964531907,"Zambia",19.7086624328678,2855706.54526024,3237.52836287382,2958
"ZMB",2015,0,9877.87287720547,40792.1955819214,"Zambia",18.7741653137543,2927289.8228276,3116.41915303928,2841
"ZMB",2015,1,9407.02236623621,40792.1955819214,"Zambia",18.7741653137543,2927289.8228276,3116.41915303928,2841
"ZMB",2015,2,8923.22874395502,40792.1955819214,"Zambia",18.7741653137543,2927289.8228276,3116.41915303928,2841
"ZMB",2015,5,7400.84319567133,40792.1955819214,"Zambia",18.7741653137543,2927289.8228276,3116.41915303928,2841
"ZMB",2016,0,9246.92757911154,39684.6937151378,"Zambia",17.6656050673196,2992823.1259473,3077.12529894238,2686
"ZMB",2016,1,8780.84294712107,39684.6937151378,"Zambia",17.6656050673196,2992823.1259473,3077.12529894238,2686
"ZMB",2016,2,8301.87843192474,39684.6937151378,"Zambia",17.6656050673196,2992823.1259473,3077.12529894238,2686
"ZMB",2016,5,6794.29935490925,39684.6937151378,"Zambia",17.6656050673196,2992823.1259473,3077.12529894238,2686
"ZMB",2017,0,8526.29726112089,38863.754342753,"Zambia",15.9841492517681,3051004.43365769,3003.22721897586,2557
"ZMB",2017,1,8053.23243884712,38863.754342753,"Zambia",15.9841492517681,3051004.43365769,3003.22721897586,2557
"ZMB",2017,2,7566.96926558897,38863.754342753,"Zambia",15.9841492517681,3051004.43365769,3003.22721897586,2557
"ZMB",2017,5,6035.71518158784,38863.754342753,"Zambia",15.9841492517681,3051004.43365769,3003.22721897586,2557
"ZMB",2018,0,8088.91751435467,37780.3446772544,"Zambia",15.4211109205918,3101626.7182545,3368.56144573054,2490
"ZMB",2018,1,7623.94223356517,37780.3446772544,"Zambia",15.4211109205918,3101626.7182545,3368.56144573054,2490
"ZMB",2018,2,7145.94569401282,37780.3446772544,"Zambia",15.4211109205918,3101626.7182545,3368.56144573054,2490
"ZMB",2018,5,5640.45082100832,37780.3446772544,"Zambia",15.4211109205918,3101626.7182545,3368.56144573054,2490
"ZMB",2019,0,7578.20333519018,36699.5914791262,"Zambia",14.7129659326597,3144740.62552601,3294.7237955321,2449
"ZMB",2019,1,7121.41446696893,36699.5914791262,"Zambia",14.7129659326597,3144740.62552601,3294.7237955321,2449
"ZMB",2019,2,6651.81117445306,36699.5914791262,"Zambia",14.7129659326597,3144740.62552601,3294.7237955321,2449
"ZMB",2019,5,5172.62592122484,36699.5914791262,"Zambia",14.7129659326597,3144740.62552601,3294.7237955321,2449
"ZMB",2020,0,7410.77375957108,36206.6827800911,"Zambia",14.4124910022342,3179474.6071988,4035.72071037305,2444
"ZMB",2020,1,6954.69469120512,36206.6827800911,"Zambia",14.4124910022342,3179474.6071988,4035.72071037305,2444
"ZMB",2020,2,6485.77766110417,36206.6827800911,"Zambia",14.4124910022342,3179474.6071988,4035.72071037305,2444
"ZMB",2020,5,5008.52502971774,36206.6827800911,"Zambia",14.4124910022342,3179474.6071988,4035.72071037305,2444
"ZMB",2021,0,7395.06970202601,35535.9663811419,"Zambia",14.7297977069497,3204969.04956638,3984.44516605597,2439
"ZMB",2021,1,6949.92628588718,35535.9663811419,"Zambia",14.7297977069497,3204969.04956638,3984.44516605597,2439
"ZMB",2021,2,6492.26241399385,35535.9663811419,"Zambia",14.7297977069497,3204969.04956638,3984.44516605597,2439
"ZMB",2021,5,5050.52044736316,35535.9663811419,"Zambia",14.7297977069497,3204969.04956638,3984.44516605597,2439
"ZMB",2022,0,7207.17750399214,34625.3361520223,"Zambia",14.9600228011019,3220936.33371007,3945.06641529085,2474
"ZMB",2022,1,6779.81740581708,34625.3361520223,"Zambia",14.9600228011019,3220936.33371007,3945.06641529085,2474
"ZMB",2022,2,6340.5178759599,34625.3361520223,"Zambia",14.9600228011019,3220936.33371007,3945.06641529085,2474
"ZMB",2022,5,4957.06724235837,34625.3361520223,"Zambia",14.9600228011019,3220936.33371007,3945.06641529085,2474
"ZMB",2023,0,6817.36798719249,34080.2934100236,"Zambia",14.5201505645718,3229105.55669226,3440.16877272702,2526
"ZMB",2023,1,6400.01935054375,34080.2934100236,"Zambia",14.5201505645718,3229105.55669226,3440.16877272702,2526
"ZMB",2023,2,5971.14441302581,34080.2934100236,"Zambia",14.5201505645718,3229105.55669226,3440.16877272702,2526
"ZMB",2023,5,4621.2732804474,34080.2934100236,"Zambia",14.5201505645718,3229105.55669226,3440.16877272702,2526
"ZMB",2024,0,7102.7717583504,34784.1651348346,"Zambia",14.2728881701827,3233266.46433919,4717.79275413367,2589
"ZMB",2024,1,6661.13875433164,34784.1651348346,"Zambia",14.2728881701827,3233266.46433919,4717.79275413367,2589
"ZMB",2024,2,6207.08500446164,34784.1651348346,"Zambia",14.2728881701827,3233266.46433919,4717.79275413367,2589
"ZMB",2024,5,4776.74249424749,34784.1651348346,"Zambia",14.2728881701827,3233266.46433919,4717.79275413367,2589
"ZWE",2000,0,5935.24713587568,35242.2983747511,"Zimbabwe",11.1501989358937,1860476.58921557,782.906037090576,1043
"ZWE",2000,1,5453.48500360896,35242.2983747511,"Zimbabwe",11.1501989358937,1860476.58921557,782.906037090576,1043
"ZWE",2000,2,4959.00589486512,35242.2983747511,"Zimbabwe",11.1501989358937,1860476.58921557,782.906037090576,1043
"ZWE",2000,5,3406.1784290497,35242.2983747511,"Zimbabwe",11.1501989358937,1860476.58921557,782.906037090576,1043
"ZWE",2001,0,4247.10695184802,31650.0571943664,"Zimbabwe",8.58943898384716,1877559.39792865,783.023536358899,1049
"ZWE",2001,1,3792.92027696061,31650.0571943664,"Zimbabwe",8.58943898384716,1877559.39792865,783.023536358899,1049
"ZWE",2001,2,3326.42475243416,31650.0571943664,"Zimbabwe",8.58943898384716,1877559.39792865,783.023536358899,1049
"ZWE",2001,5,1859.62416129757,31650.0571943664,"Zimbabwe",8.58943898384716,1877559.39792865,783.023536358899,1049
"ZWE",2002,0,3273.32435934502,28326.5297404012,"Zimbabwe",7.27165204089067,1895352.96817532,615.665702329197,1060
"ZWE",2002,1,2856.06832069825,28326.5297404012,"Zimbabwe",7.27165204089067,1895352.96817532,615.665702329197,1060
"ZWE",2002,2,2427.13962359864,28326.5297404012,"Zimbabwe",7.27165204089067,1895352.96817532,615.665702329197,1060
"ZWE",2002,5,1076.34152086072,28326.5297404012,"Zimbabwe",7.27165204089067,1895352.96817532,615.665702329197,1060
"ZWE",2003,0,2509.30471279823,28063.4147742694,"Zimbabwe",5.45196201750344,1911591.99985082,561.69706209998,1072
"ZWE",2003,1,2074.90256124493,28063.4147742694,"Zimbabwe",5.45196201750344,1911591.99985082,561.69706209998,1072
"ZWE",2003,2,1628.14071067243,28063.4147742694,"Zimbabwe",5.45196201750344,1911591.99985082,561.69706209998,1072
"ZWE",2003,5,220.020863601199,28063.4147742694,"Zimbabwe",5.45196201750344,1911591.99985082,561.69706209998,1072
"ZWE",2004,0,2135.15248660509,28203.3481149407,"Zimbabwe",4.60550742476433,1926082.74387464,532.07136891555,1084
"ZWE",2004,1,1693.25545034072,28203.3481149407,"Zimbabwe",4.60550742476433,1926082.74387464,532.07136891555,1084
"ZWE",2004,2,1238.76720791767,28203.3481149407,"Zimbabwe",4.60550742476433,1926082.74387464,532.07136891555,1084
"ZWE",2004,5,0,28203.3481149407,"Zimbabwe",4.60550742476433,1926082.74387464,532.07136891555,1084
"ZWE",2005,0,1920.77962658209,28517.2506942995,"Zimbabwe",4.09485353977597,1941378.02145376,363.485138105732,1094
"ZWE",2005,1,1470.96778778827,28517.2506942995,"Zimbabwe",4.09485353977597,1941378.02145376,363.485138105732,1094
"ZWE",2005,2,1008.27386075599,28517.2506942995,"Zimbabwe",4.09485353977597,1941378.02145376,363.485138105732,1094
"ZWE",2005,5,0,28517.2506942995,"Zimbabwe",4.09485353977597,1941378.02145376,363.485138105732,1094
"ZWE",2006,0,1939.4992553575,28894.3252757732,"Zimbabwe",4.15148830072584,1960283.58635315,411.333046662486,1108
"ZWE",2006,1,1491.7889437936,28894.3252757732,"Zimbabwe",4.15148830072584,1960283.58635315,411.333046662486,1108
"ZWE",2006,2,1031.27720228138,28894.3252757732,"Zimbabwe",4.15148830072584,1960283.58635315,411.333046662486,1108
"ZWE",2006,5,0,28894.3252757732,"Zimbabwe",4.15148830072584,1960283.58635315,411.333046662486,1108
"ZWE",2007,0,4079.26335031776,29103.7686444696,"Zimbabwe",9.82711575378784,1985584.17174589,1368.28909562434,2313
"ZWE",2007,1,3702.32097346362,29103.7686444696,"Zimbabwe",9.82711575378784,1985584.17174589,1368.28909562434,2313
"ZWE",2007,2,3314.98670592296,29103.7686444696,"Zimbabwe",9.82711575378784,1985584.17174589,1368.28909562434,2313
"ZWE",2007,5,2095.92609797184,29103.7686444696,"Zimbabwe",9.82711575378784,1985584.17174589,1368.28909562434,2313
"ZWE",2008,0,2882.52610829327,32565.0151771005,"Zimbabwe",5.85601223833918,2017367.328319,627.725912741382,633
"ZWE",2008,1,2419.21813831449,32565.0151771005,"Zimbabwe",5.85601223833918,2017367.328319,627.725912741382,633
"ZWE",2008,2,1943.11513111034,32565.0151771005,"Zimbabwe",5.85601223833918,2017367.328319,627.725912741382,633
"ZWE",2008,5,444.607380298264,32565.0151771005,"Zimbabwe",5.85601223833918,2017367.328319,627.725912741382,633
"ZWE",2009,0,3772.02165655158,34396.4400112513,"Zimbabwe",7.54732581069747,2054553.69354171,714.933029791972,725
"ZWE",2009,1,3308.89107279845,34396.4400112513,"Zimbabwe",7.54732581069747,2054553.69354171,714.933029791972,725
"ZWE",2009,2,2833.20584167747,34396.4400112513,"Zimbabwe",7.54732581069747,2054553.69354171,714.933029791972,725
"ZWE",2009,5,1337.31415508327,34396.4400112513,"Zimbabwe",7.54732581069747,2054553.69354171,714.933029791972,725
"ZWE",2010,0,3548.04348419667,32436.8038805442,"Zimbabwe",7.64126067933644,2096672.81579228,798.314823704765,1201
"ZWE",2010,1,3118.38829978272,32436.8038805442,"Zimbabwe",7.64126067933644,2096672.81579228,798.314823704765,1201
"ZWE",2010,2,2677.01053131669,32436.8038805442,"Zimbabwe",7.64126067933644,2096672.81579228,798.314823704765,1201
"ZWE",2010,5,1288.52302386353,32436.8038805442,"Zimbabwe",7.64126067933644,2096672.81579228,798.314823704765,1201
"ZWE",2011,0,2412.22790612945,32752.9631217859,"Zimbabwe",4.93885168928468,2139424.86477745,617.199550080849,663
"ZWE",2011,1,1947.82104928335,32752.9631217859,"Zimbabwe",4.93885168928468,2139424.86477745,617.199550080849,663
"ZWE",2011,2,1470.58529553656,32752.9631217859,"Zimbabwe",4.93885168928468,2139424.86477745,617.199550080849,663
"ZWE",2011,5,0,32752.9631217859,"Zimbabwe",4.93885168928468,2139424.86477745,617.199550080849,663
"ZWE",2012,0,1892.77633196862,32074.5976933459,"Zimbabwe",3.91060361089602,2177056.31774499,546.847630193331,506
"ZWE",2012,1,1427.00825658592,32074.5976933459,"Zimbabwe",3.91060361089602,2177056.31774499,546.847630193331,506
"ZWE",2012,2,948.310211046707,32074.5976933459,"Zimbabwe",3.91060361089602,2177056.31774499,546.847630193331,506
"ZWE",2012,5,0,32074.5976933459,"Zimbabwe",3.91060361089602,2177056.31774499,546.847630193331,506
"ZWE",2013,0,2786.12656668091,30968.1451081363,"Zimbabwe",6.22823803832466,2207181.36551475,813.475279052999,839
"ZWE",2013,1,2366.54441242375,30968.1451081363,"Zimbabwe",6.22823803832466,2207181.36551475,813.475279052999,839
"ZWE",2013,2,1935.47026653862,30968.1451081363,"Zimbabwe",6.22823803832466,2207181.36551475,813.475279052999,839
"ZWE",2013,5,579.127734365592,30968.1451081363,"Zimbabwe",6.22823803832466,2207181.36551475,813.475279052999,839
"ZWE",2014,0,3134.03249591722,29768.8587826829,"Zimbabwe",7.49819240205334,2227306.4024206,957.002792800248,1162
"ZWE",2014,1,2746.65223066104,29768.8587826829,"Zimbabwe",7.49819240205334,2227306.4024206,957.002792800248,1162
"ZWE",2014,2,2348.74848089978,29768.8587826829,"Zimbabwe",7.49819240205334,2227306.4024206,957.002792800248,1162
"ZWE",2014,5,1097.23815651485,29768.8587826829,"Zimbabwe",7.49819240205334,2227306.4024206,957.002792800248,1162
"ZWE",2015,0,2784.79892346307,28833.3741163462,"Zimbabwe",6.83446267073993,2236344.8440194,786.280022691115,1116
"ZWE",2015,1,2404.82101921843,28833.3741163462,"Zimbabwe",6.83446267073993,2236344.8440194,786.280022691115,1116
"ZWE",2015,2,2014.49451156339,28833.3741163462,"Zimbabwe",6.83446267073993,2236344.8440194,786.280022691115,1116
"ZWE",2015,5,786.66857899371,28833.3741163462,"Zimbabwe",6.83446267073993,2236344.8440194,786.280022691115,1116
"ZWE",2016,0,1855.32344625846,28078.324685135,"Zimbabwe",4.51810564648562,2236360.33219617,617.607798169313,694
"ZWE",2016,1,1462.91327206351,28078.324685135,"Zimbabwe",4.51810564648562,2236360.33219617,617.607798169313,694
"ZWE",2016,2,1059.69123382814,28078.324685135,"Zimbabwe",4.51810564648562,2236360.33219617,617.607798169313,694
"ZWE",2016,5,0,28078.324685135,"Zimbabwe",4.51810564648562,2236360.33219617,617.607798169313,694
"ZWE",2017,0,2745.14845715856,27121.0105045464,"Zimbabwe",7.30021686608501,2231211.05739746,894.069668494525,1526
"ZWE",2017,1,2395.90366226937,27121.0105045464,"Zimbabwe",7.30021686608501,2231211.05739746,894.069668494525,1526
"ZWE",2017,2,2037.20477520707,27121.0105045464,"Zimbabwe",7.30021686608501,2231211.05739746,894.069668494525,1526
"ZWE",2017,5,909.174335891885,27121.0105045464,"Zimbabwe",7.30021686608501,2231211.05739746,894.069668494525,1526
"ZWE",2018,0,1674.7482913664,26438.1408389107,"Zimbabwe",4.38426681571958,2224174.08396735,589.342299807857,572
"ZWE",2018,1,1309.07228776303,26438.1408389107,"Zimbabwe",4.38426681571958,2224174.08396735,589.342299807857,572
"ZWE",2018,2,933.364832620175,26438.1408389107,"Zimbabwe",4.38426681571958,2224174.08396735,589.342299807857,572
"ZWE",2018,5,0,26438.1408389107,"Zimbabwe",4.38426681571958,2224174.08396735,589.342299807857,572
"ZWE",2019,0,1776.03482507182,26087.7102712795,"Zimbabwe",4.74765618254003,2217369.0599555,528.296981312042,710
"ZWE",2019,1,1419.4108612998,26087.7102712795,"Zimbabwe",4.74765618254003,2217369.0599555,528.296981312042,710
"ZWE",2019,2,1053.02183216969,26087.7102712795,"Zimbabwe",4.74765618254003,2217369.0599555,528.296981312042,710
"ZWE",2019,5,0,26087.7102712795,"Zimbabwe",4.74765618254003,2217369.0599555,528.296981312042,710
"ZWE",2020,0,2219.61780138748,25184.3348882434,"Zimbabwe",6.34529234467252,2211677.83796646,689.952795053183,1207
"ZWE",2020,1,1891.68035086206,25184.3348882434,"Zimbabwe",6.34529234467252,2211677.83796646,689.952795053183,1207
"ZWE",2020,2,1554.86485313182,25184.3348882434,"Zimbabwe",6.34529234467252,2211677.83796646,689.952795053183,1207
"ZWE",2020,5,495.63976089969,25184.3348882434,"Zimbabwe",6.34529234467252,2211677.83796646,689.952795053183,1207
"ZWE",2021,0,783.508908031457,24952.5679825023,"Zimbabwe",2.11081631060038,2207017.85881665,312.160022725227,245
"ZWE",2021,1,417.944823606311,24952.5679825023,"Zimbabwe",2.11081631060038,2207017.85881665,312.160022725227,245
"ZWE",2021,2,42.2395016822597,24952.5679825023,"Zimbabwe",2.11081631060038,2207017.85881665,312.160022725227,245
"ZWE",2021,5,0,24952.5679825023,"Zimbabwe",2.11081631060038,2207017.85881665,312.160022725227,245
"ZWE",2022,0,875.814418864964,25513.9988968459,"Zimbabwe",2.26947448344784,2202315.859789,277.879733124381,265
"ZWE",2022,1,496.592964737499,25513.9988968459,"Zimbabwe",2.26947448344784,2202315.859789,277.879733124381,265
"ZWE",2022,2,106.791615069083,25513.9988968459,"Zimbabwe",2.26947448344784,2202315.859789,277.879733124381,265
"ZWE",2022,5,0,25513.9988968459,"Zimbabwe",2.26947448344784,2202315.859789,277.879733124381,265
"ZWE",2023,0,1264.70516012347,25078.7758134341,"Zimbabwe",3.51008106912559,2198137.36051477,286.040193549089,527
"ZWE",2023,1,916.046213685351,25078.7758134341,"Zimbabwe",3.51008106912559,2198137.36051477,286.040193549089,527
"ZWE",2023,2,557.882486166769,25078.7758134341,"Zimbabwe",3.51008106912559,2198137.36051477,286.040193549089,527
"ZWE",2023,5,0,25078.7758134341,"Zimbabwe",3.51008106912559,2198137.36051477,286.040193549089,527
"ZWE",2024,0,1184.05770605429,24202.7039972532,"Zimbabwe",3.38446214555114,2195042.3371824,275.192339219123,531
"ZWE",2024,1,845.089510077405,24202.7039972532,"Zimbabwe",3.38446214555114,2195042.3371824,275.192339219123,531
"ZWE",2024,2,496.794316156722,24202.7039972532,"Zimbabwe",3.38446214555114,2195042.3371824,275.192339219123,531
"ZWE",2024,5,0,24202.7039972532,"Zimbabwe",3.38446214555114,2195042.3371824,275.192339219123,531
